index,r2,pearson,mae,rmse,normalized_mae,saved_r2_difference
0,0.9665015245362586,0.98392026653225,0.006162899295185554,0.016827221891034923,0.006163427343310038,-4.754637413784124e-07
1,0.9211062668351478,0.9627700076460195,0.009573369442089832,0.028293076966800064,0.009575310470510868,2.668351478662956e-07
2,0.8878131946564575,0.9492438864402442,0.013553757673046868,0.03802485665932705,0.013557030544931575,1.946564575083798e-07
3,0.8297349038716547,0.9129992357482486,0.013437257049707033,0.03879064049824077,0.013441450700332687,-9.612834528383019e-08
4,0.9414091882724064,0.9703583274271821,0.009927058650683603,0.024861757315821402,0.00992808284461636,1.8827240633179088e-07
5,0.915370893518425,0.9665044402562629,0.00821124140654297,0.02292034524068947,0.00821235686798175,-1.0648157500181554e-07
6,0.751227785219005,0.8907054339260547,0.011857394927343756,0.037117241163512,0.011858611864022548,-2.1478099498928316e-07
7,0.7853038950009585,0.8898582138439658,0.012221390330371099,0.038240005511986086,0.012225604318908564,-1.049990414614399e-07
8,0.9248205647114531,0.9623717678027054,0.007945991927636712,0.025703370831121886,0.007948219121961534,-4.3528854687391316e-07
9,0.8463613859687104,0.9431110054150643,0.013841221697753895,0.0371430378613215,0.013845949584159726,3.859687103258125e-07
10,0.9358194777572072,0.9678923125948781,0.011679592817480468,0.02685553583503082,0.011681157437264129,-5.222427927886741e-07
11,0.9479930242889034,0.9749028575059088,0.00711521282695312,0.020974101166574118,0.007116559973964791,2.4288903444080745e-08
12,0.81261547281587,0.9122879890384697,0.016107492845019583,0.041037541124750845,0.016109689467228166,-5.271841300169555e-07
13,0.9243469732502868,0.9620008873401945,0.008756216548046869,0.023854988517171567,0.008758324894055324,-2.6749713222251614e-08
14,0.9114191936834668,0.9588840941696711,0.008032329654091808,0.025599723302878352,0.00803294752126378,1.936834668203602e-07
15,0.6749554290595099,0.8329363512852864,0.022944278467382853,0.0655722369641931,0.022954918822883103,4.290595099210037e-07
16,0.9227932021165249,0.9609199193422733,0.010593884727343733,0.029138475517135557,0.010595173567696719,2.0211652496104904e-07
17,0.7397388265850567,0.8705938948913615,0.015791211825781245,0.05271837668782036,0.015792894697688756,-1.7341494329414786e-07
18,0.7872923758362513,0.8925812253844693,0.01580579709375001,0.04398459476207608,0.01580780915912321,3.758362513428537e-07
19,0.7528478590866937,0.8711598589261014,0.010221244173759756,0.03714861271569853,0.010221805082945297,-1.4091330624577125e-07
20,0.9223848562966256,0.9739132949261408,0.0069247893965820395,0.022417831311187356,0.006925237321832296,-1.43703374422266e-07
21,0.7851899678470872,0.9018599502758871,0.01714816917968752,0.051516471308392056,0.0171520550446509,-3.215291288771738e-08
22,0.873255753746983,0.9463273175629374,0.008508270533222676,0.027521517168370445,0.008509094251752078,-2.462530169777821e-07
23,0.9029620887893962,0.9599738722829948,0.012611397727246093,0.03539841703756088,0.012612898329166747,8.878939616874248e-08
24,0.839780642406047,0.9174311720429937,0.014406124797363272,0.041807068720550344,0.014408121068471927,-3.57593953004276e-07
25,0.922059527754759,0.9747284011434182,0.00731151131972656,0.02285717416569401,0.007312350543573745,-4.722452410232947e-07
26,0.9108319180975867,0.9546180760936334,0.009265636157226571,0.023420199375046035,0.009268508204693573,-8.190241329586456e-08
27,0.7378535801627173,0.8610060576631826,0.013346020070917982,0.04496932901516521,0.013347141418324457,-4.198372827168839e-07
28,0.9177836366987494,0.9582725492850739,0.010249875077539054,0.030402452806762913,0.010253170627034385,-3.6330125063877006e-07
29,0.9436169449089643,0.971943229696658,0.008837793257714823,0.02372346489230982,0.008838783770714818,-5.509103573331231e-08
30,0.843149630762436,0.9279982117007094,0.010930938088447268,0.03942787450582897,0.010931932535959291,-3.692375639685608e-07
31,0.884479854300928,0.9405120915520996,0.012435989037597647,0.03207173109003375,0.012439038236455202,-1.456990720294371e-07
32,0.9521891953535004,0.9761964729013958,0.006208170794570314,0.018075129561210428,0.00620864359973003,1.9535350048727196e-07
33,0.8894487656691454,0.9442259559646213,0.01085665307392578,0.03499460997393185,0.01085790524447545,-2.3433085460933256e-07
34,0.7969231914539172,0.894605426801745,0.01669502319228516,0.048596296663212996,0.016702337989558856,1.9145391716435256e-07
35,0.8759165569788175,0.9368110927167286,0.011494697308007819,0.037860417225985814,0.011495890045686083,-4.4302118240580057e-07
36,0.8371114249134477,0.9575768303400318,0.009825909733105466,0.029243530323146864,0.009827434773105681,4.2491344764972183e-07
37,0.8300414373054346,0.9160440473862912,0.012266066245996075,0.03784582527086147,0.012268341759623137,4.373054345307992e-07
38,0.7586478210973713,0.8780266529643781,0.016577090667968763,0.048151809580083894,0.016579695528802837,-1.7890262871134155e-07
39,0.8508683041991211,0.9364126041829433,0.012655001405175772,0.03391290181099235,0.01265886652803157,3.041991211150119e-07
40,0.9083520620250488,0.9536500692917241,0.011751827733398433,0.03238566112206757,0.011753171102050325,6.202504876373638e-08
41,0.8217848184660959,0.9071694336713156,0.013609889316894533,0.05000815696144452,0.013613236632087638,-1.815339041311148e-07
42,0.8862384171366923,0.9424500425775003,0.01001604045585938,0.033917192453435524,0.01001713384505112,4.1713669229892503e-07
43,0.9406514758638593,0.9738415529361848,0.008032917523632813,0.02349148557968331,0.008034637172205997,4.7586385931719377e-07
44,0.9035876173911893,0.9561687767778267,0.010130436613378903,0.029160855561886807,0.010131520283827916,-3.8260881063401087e-07
45,0.7075383971630149,0.8678651409122761,0.018492790709570325,0.05121293232870508,0.018499605466584825,3.971630149202099e-07
46,0.8792234505292195,0.9527585946028451,0.013829062738574227,0.03250443435659813,0.013833907193032433,4.505292194867394e-07
47,0.791780810269666,0.8921627568348156,0.017530258988671887,0.05156096296646362,0.017533737740100856,-1.8973033399927175e-07
48,0.8878331257447888,0.9425797134674414,0.013201246843749983,0.03735483991907775,0.013204502623823477,1.2574478880367224e-07
49,0.9415147478012746,0.9710837734210689,0.008160437196562502,0.02420558159345976,0.00816116549350316,-2.5219872534787413e-07
50,0.939796118196045,0.9695142276185614,0.010973798583886732,0.027557538031650244,0.01097586549192339,1.1819604506246861e-07
51,0.8761365825575025,0.9383849762604196,0.013086153458886715,0.03744926707390181,0.01308768851125466,-4.174424975689206e-07
52,0.873450930006336,0.9407339890433503,0.015104237886621099,0.043933791887505284,0.015106117719101074,-6.99936639758647e-08
53,0.9000750575898583,0.9496131863905884,0.012199888595800776,0.03470781403736143,0.012204632326466396,5.758985832660102e-08
54,0.5001350188604959,0.8816578898754893,0.015087860175459008,0.0421384413451178,0.015088484307443802,1.8860495942796263e-08
55,0.800677979051879,0.8977933434097966,0.017526626532128897,0.050862230803504105,0.017535523358767305,-2.0948121015607057e-08
56,0.8164284312288669,0.9175242640932736,0.013757093710117184,0.04139359683457814,0.013758149996898547,4.3122886683732986e-07
57,0.9362360590187745,0.9680669208874263,0.009590923203613282,0.02879298972038654,0.009594109865138534,5.901877453418081e-08
58,0.9437836789409064,0.9744384423189106,0.010075252093359365,0.026706018156830144,0.010078490020934729,-3.210590935331936e-07
59,0.7059654979359267,0.8939100554769372,0.011326632556152355,0.04379368404984284,0.011329587423582381,4.979359267132111e-07
60,0.7388859997830628,0.8983645323942762,0.007521027710673823,0.04105961254994119,0.007521532679826935,-2.169372459448482e-10
61,0.9543962131484716,0.9812155312370389,0.0061100273994140674,0.017317378822108077,0.00611127007546037,2.1314847153952599e-07
62,0.8853845293293449,0.9425787803229899,0.01262808702041017,0.033609312301148934,0.012630344204379347,-4.706706551171891e-07
63,0.7682076288342133,0.886459408302202,0.013042517057226562,0.03707082366549265,0.013046435220056163,-3.7116578666118727e-07
64,0.8713751620414598,0.9456408984847359,0.013547596909374987,0.03652827986613685,0.0135523958764511,1.620414598058062e-07
65,0.9412726687430504,0.9727752352916428,0.0071684660038574145,0.019943987742262092,0.007168895696783825,-3.3125694964830643e-07
66,0.8588490308818817,0.9361983874934593,0.009459707396210932,0.03406100579743889,0.009460467098775899,3.088188171851414e-08
67,0.8655922759680742,0.9418432158272817,0.01765708875058591,0.0484595220568912,0.017665663481683587,2.7596807417040736e-07
68,0.8803098265515099,0.938594308572938,0.00972353782736329,0.030675133655177465,0.009724502252345795,-1.7344849012612684e-07
69,0.931345092047793,0.9651487852810571,0.008532910826367193,0.023475772808551103,0.008535930251218071,9.204779305438393e-08
70,0.9187204856617741,0.9598643858987453,0.008970510309648454,0.028430811599238277,0.008971398793563398,4.856617741300084e-07
71,0.7926215962692356,0.9543026947244241,0.011785820108105456,0.03561359209095267,0.011787296604916592,-4.037307644866317e-07
72,0.886685294435466,0.9550262464274739,0.009685186007910157,0.028394346158691512,0.00968619399297046,2.9443546600838033e-07
73,0.7297155075219519,0.8643828930103895,0.015215801622753919,0.04549929034142518,0.015218696293360527,5.075219519090624e-07
74,0.8601288913164857,0.9407326751579208,0.01309619988964843,0.042133108564759505,0.013101609192961078,-1.0868351429937917e-07
75,0.8631588671254009,0.930100522587691,0.01667709646845704,0.04733967758598678,0.016685265724723255,-1.3287459910138466e-07
76,0.9111781693477011,0.9655563787205146,0.00926711120923829,0.025493624516110185,0.00926778801559329,1.6934770108445463e-07
77,0.8747724932544939,0.9639650631871531,0.007969337319277342,0.028150927532038735,0.007969893918258138,4.932544939162398e-07
78,0.8885134098207605,0.9451332369681199,0.008541359604687491,0.02249525689729088,0.008542363768090793,4.0982076054962846e-07
79,0.9453896565016052,0.9727141049789277,0.006372210593847661,0.020660460477898615,0.0063738018925252726,-3.434983947281367e-07
80,0.6797510822414103,0.8306349615852815,0.017206012477734355,0.054316015470594364,0.01721124953911874,8.224141034851584e-08
81,0.901208989053652,0.9552407823050127,0.010761331504785157,0.029084150654997257,0.010762535751816767,-1.094634805021144e-08
82,0.8852913650784504,0.9418534103728469,0.007832285853222655,0.027035579311548895,0.007834185995865023,3.650784503594906e-07
83,0.9403881099067206,0.9718497143384496,0.008733548277539058,0.02591534260081192,0.0087370541673062,1.0990672061339524e-07
84,0.9235503935398608,0.9651388532956816,0.008458611331640628,0.024304492378850132,0.008459741463426882,3.935398608101437e-07
85,0.8247737726749703,0.9110063348595919,0.011765706705390613,0.03337386817593607,0.011766741399675503,-2.2732502968914048e-07
86,0.9332057840254143,0.9683661119016216,0.01066033657636719,0.027851700363595605,0.010661519208583856,-2.1597458566002814e-07
87,0.6983865590295097,0.8476827079916308,0.02006118766953124,0.053786656816148165,0.020069670356543477,-4.4097049023417156e-07
88,0.5017666493772917,0.7585432099310547,0.020081070101757834,0.06435987440523669,0.020084750355090848,-3.506227083116542e-07
89,0.8153519618599117,0.9035996374240428,0.012933962047167954,0.047309364835828184,0.01293567220253722,-3.814008830982374e-08
90,0.9342814939063734,0.9785431264458192,0.008153477105781242,0.021558187736722394,0.008154157061042418,4.939063733555571e-07
91,0.9392439953713176,0.9699476616962555,0.007676736567578123,0.02093342390484919,0.007677670117752984,-4.628682326313083e-09
92,0.6875256056344976,0.8584328424477845,0.013642788499218746,0.05072476200739912,0.013643499764467862,-3.9436550236526813e-07
93,0.9644259955354776,0.9822737723848188,0.008261836181738296,0.020572834046406294,0.008266477225914002,-4.464522418423655e-09
94,0.904055028953078,0.9525487628111146,0.006723609207128918,0.02110837127234567,0.006724086331350293,2.8953077935156557e-08
95,0.9139188092665075,0.9698548862979465,0.01041980185871092,0.02651951893476949,0.010420826327854628,-1.9073349255549488e-07
96,0.8960085423632864,0.9474889236376266,0.012215513971386715,0.03163436260796724,0.012219334902423695,-4.5763671363552305e-07
97,0.8552185008706815,0.9291993727393227,0.009562847011328127,0.03578624854088797,0.00956535365529759,-4.9912931843199e-07
98,0.7227711508082202,0.8826316354641893,0.021073914498925775,0.05453050362295157,0.021087571662272157,1.508082201340244e-07
99,0.9148691639506331,0.9637730086613925,0.006401937229687501,0.021886028369220628,0.0064023334163230364,1.6395063306973157e-07
100,0.8668440493347237,0.9399661613995789,0.010019314432910164,0.033216637388578114,0.010020567332501335,4.9334723750682485e-08
101,0.9191128772683343,0.9587904744601359,0.011527133712207028,0.03341580778494041,0.011528489055564297,-1.2273166560827775e-07
102,0.9219925191427344,0.9602353546846994,0.008880631004492196,0.02866134630337358,0.008883306899933064,-4.808572655612409e-07
103,0.8361129565386962,0.9276542913493085,0.012242049847851554,0.03813573352924212,0.012245128057530964,-4.346130377808066e-08
104,0.8823529412418917,0.9558511335703721,0.009178095593984376,0.02926086363840909,0.009178888780039826,-5.8758108378853535e-08
105,0.8457654981460556,0.9599286219661313,0.012384403751406235,0.03238241722602268,0.012385423720650792,4.981460556274797e-07
106,0.829648296851375,0.9210510872294545,0.018961824654492188,0.05289661020294891,0.018964351106207342,2.96851374925744e-07
107,0.857675462484022,0.9269785284820292,0.011245944359697288,0.033983032506859204,0.011246706514020486,4.6248402207904604e-07
108,0.7687516478260801,0.8821582279466759,0.013982939435644532,0.04882339948453443,0.013986395142406656,-3.5217391991526625e-07
109,0.9070371072707477,0.9539918433934982,0.007806925012207036,0.02396453964415271,0.007807777477063647,1.0727074772898249e-07
110,0.9270628428640844,0.9696236605326641,0.008541649336054698,0.026297909668206138,0.008542386626796315,-1.5713591561272722e-07
111,0.818475405121698,0.9409381963593393,0.013020587321679688,0.03716661618603762,0.01302433630004007,4.051216980771599e-07
112,0.9479080846910477,0.9807009456433836,0.007588715311328134,0.024895042167315865,0.007590400715782749,8.46910477303453e-08
113,0.847741515374817,0.9251080027175377,0.013692795584960931,0.03970803337098157,0.013699168361367295,-4.846251829837556e-07
114,0.8822687543990527,0.9414959359722296,0.011325686489941434,0.03576390995874645,0.01133115153832182,-2.456009472462384e-07
115,0.2436059754018285,0.5858063250255666,0.012127167435107406,0.05938262638651156,0.012128277877307407,-2.4598171499690125e-08
116,0.8778683390136639,0.9501073480874159,0.010894614409833976,0.026359612802168864,0.010895450259966303,3.390136639191965e-07
117,0.7838616849347496,0.9076571188163878,0.016653652279003915,0.04726200229499935,0.016657568916547526,-3.1506525033364596e-07
118,0.8549838497681342,0.9650191313208542,0.007139713733769531,0.02848729745878166,0.007140124414161892,-1.5023186572538094e-07
119,0.7893471309551636,0.8914855544097223,0.016788970077148496,0.05282700471147176,0.016791798494403612,1.3095516360195347e-07
120,0.830457383749269,0.91332793210156,0.009723892941240235,0.03662895930673662,0.009724656073803723,3.8374926902839945e-07
121,0.9054648566647511,0.9561088367135947,0.011881243810644525,0.035485356304563766,0.01188602894998656,-1.4333524889220683e-07
122,0.9002926664904919,0.9699529893767819,0.00994907373109374,0.027909525497426604,0.009949949710736343,-3.335095081213879e-07
123,0.9131552146101347,0.9689868255970652,0.010705633908496095,0.030924164006050827,0.010709012371655585,2.146101346633955e-07
124,0.9306905987433524,0.9655673817543889,0.008343040656640618,0.02269938669578727,0.00834482028052398,-4.0125664768631e-07
125,0.6699315437899456,0.8378009676699643,0.0181545037648437,0.06056314037289555,0.018156644373298385,-4.5621005440033e-07
126,0.838483287681793,0.9537405711902117,0.007143424431250008,0.026490505120403476,0.007144255481053436,2.8768179305416197e-07
127,0.9266723428800296,0.9670910204844818,0.008768853202050779,0.024597362206914247,0.008771696511511029,3.4288002959126374e-07
128,0.9366665443428627,0.9682236745341672,0.008177368509765623,0.02127840127634205,0.008180587170786615,-4.556571373548479e-07
129,0.9433820013185933,0.9713375173445354,0.007406865840820315,0.02047520951293841,0.007407796668251443,1.3185932346004847e-09
130,0.7721163802958504,0.8984417380404985,0.01472744579794922,0.048975767387372006,0.01473264607874436,3.8029585036625235e-07
131,0.8523386690203621,0.9340919889840611,0.011736482610644515,0.04263789758074876,0.011739645813598334,-3.3097963780814865e-07
132,0.7868822174349318,0.9022372402733587,0.013059859783447265,0.0401657130498952,0.013060840906632709,2.1743493183734586e-07
133,0.7934029093246293,0.8954195574646748,0.02186909938779299,0.05654149990666241,0.021880990868287955,-9.06753706564345e-08
134,0.9085751771150892,0.9560710460691587,0.012723183228027355,0.03516429890855739,0.01272878802015642,1.7711508915052576e-07
135,0.9718750895426767,0.9859022742133615,0.006153333354931647,0.01655167650318788,0.00615384707476237,8.954267660676862e-08
136,0.8761217997176663,0.9454819846042724,0.01436209665332032,0.039906799752167654,0.014367496911224601,-2.002823336066939e-07
137,0.947198338090309,0.9808130490706131,0.007522608351855456,0.021222715350611068,0.007523308549040973,3.3809030897113956e-07
138,0.9264834448850466,0.9637797477428921,0.009242422403515615,0.025515960827493436,0.009243416420181925,4.4488504669093487e-07
139,0.8768935987498289,0.9378035501336971,0.013617171549999998,0.035785710113149724,0.013620391828774349,-4.012501710892735e-07
140,0.7132042828255825,0.8753286693287122,0.011591689192773442,0.04241354363683313,0.011594190651000586,2.8282558250936063e-07
141,0.8737533039121631,0.9370205698425098,0.012684922949121104,0.03655310995853139,0.012688560505646863,3.0391216310210467e-07
142,0.8844622002771148,0.9424055201177232,0.01451290507304686,0.03818674920167775,0.01451474334497086,2.0027711478132204e-07
143,0.9228768556826019,0.9608011401936323,0.010504012788867196,0.02573161842956454,0.01050977267608819,-1.4431739803200117e-07
144,0.5519869011469883,0.7549822249037579,0.01587689237571289,0.049333440590763104,0.015877666586930888,-9.885301166523419e-08
145,0.8573299985666094,0.946216593592774,0.009052317142968768,0.0315743518090823,0.009054814279650809,-1.4333906284136333e-09
146,0.9302928373150257,0.9647171163010394,0.0069305394884765625,0.017322743810790037,0.006931432068392018,-1.626849743807668e-07
147,0.9268719574966486,0.9764945110325546,0.006951108398535153,0.02400394937221927,0.006952403672358495,-4.2503351393996525e-08
148,0.8821610461760024,0.9411337865583692,0.00897485678769531,0.029317484145630623,0.008977142527078126,4.617600246614728e-08
149,0.8530493398328693,0.9268309443976203,0.012503643083300774,0.03733069676285179,0.01250741406864247,3.398328694004249e-07
150,0.7924923679800253,0.8995832103438619,0.013441743646484362,0.04313289516629682,0.013443606980153157,3.679800253397758e-07
151,0.7925260754848367,0.9156275221413638,0.012763781256152325,0.044920628855804265,0.01276495833721402,7.548483671460104e-08
152,0.8657380833407986,0.9369767749447733,0.010151392666904291,0.031259792990633146,0.01015228806409224,8.334079859562138e-08
153,0.8292377277939004,0.9222341450204937,0.016368500930273464,0.03946415982257595,0.01637124835644689,-2.722060996607212e-07
154,0.719027977213671,0.8618872698167931,0.02034342814853515,0.060595407900624176,0.020350881447216022,-2.278632904584299e-08
155,0.8789761667251342,0.9590920037235068,0.007541736370996079,0.021626564634634027,0.0075426235811459595,1.6672513425408653e-07
156,0.8424497985760884,0.9305606391720969,0.015299982831445303,0.04470945271370746,0.015304474111496562,-2.0142391166100282e-07
157,0.7422456466689913,0.8648556685609464,0.011649686393847669,0.04044402970486049,0.011651434074004468,-3.533310086734076e-07
158,0.7686755124610302,0.9429313752863877,0.012432538398242187,0.03914390745185316,0.012433918900199311,5.124610301665555e-07
159,-0.34457758854531617,0.5744962462561126,0.02329342132318359,0.0751637161975451,0.02329558781564591,4.1145468382408623e-07
160,0.9520703634326693,0.9760565111431004,0.007542386873828131,0.02183647529928397,0.007543422128555001,3.6343266929250717e-07
161,0.9526235679494478,0.9800596216662012,0.005705342764150385,0.01654407628323735,0.005705673972647652,-4.3205055222372835e-07
162,0.9106165110782202,0.9652605069150311,0.007561971533984376,0.019990338713847852,0.007563653522614696,-4.889217798398349e-07
163,0.67717214920438,0.8516137056553136,0.010939043454199203,0.04498003898033074,0.010941733606330429,1.4920437996224223e-07
164,0.9394955844466998,0.969405542412015,0.0078088845928125155,0.021630338602354318,0.00780955085339782,-4.155533002148104e-07
165,0.9523961045789356,0.9786302124119426,0.0061513884305664035,0.018424863061092246,0.00615180119870965,1.045789356224347e-07
166,0.8112625645996894,0.9421311681322863,0.022884235216406253,0.05876728675775357,0.02289588624833103,-4.354003105833115e-07
167,0.9160498784010501,0.9701215884359119,0.010547683325195314,0.030724429434047663,0.01055101863829502,-1.215989499092629e-07
168,0.8964171913706789,0.9476213789785802,0.012764151129882781,0.03198417678975524,0.012765682710537933,1.913706788592151e-07
169,0.7284719650742564,0.8803242391886283,0.012954585188320322,0.04177577334071318,0.012955574738875993,-3.492574363050949e-08
170,0.7691350086671243,0.8834594487261864,0.01379057681816406,0.03744654751438156,0.013795224488613738,8.667124240524515e-09
171,0.9176306335180079,0.9707524146144529,0.006429128358105474,0.021362182282119203,0.0064298529890346465,-3.664819920867757e-07
172,0.8817156976418837,0.9392647650220943,0.012933695552734374,0.0386327567331506,0.01293551997070973,-3.0235811632195464e-07
173,0.3691627457427864,0.6438327845391446,0.015858279171777335,0.05967213946191776,0.015860050787030396,-2.5425721361660436e-07
174,0.8327295001733351,0.9203681600239375,0.015963983381933614,0.045448022456505324,0.01596692767381651,5.001733350828985e-07
175,0.6217131489403216,0.9050460542520814,0.012674407419228501,0.042112942874769195,0.01267510141094399,1.4894032163148552e-07
176,0.9326974657212344,0.972717175164349,0.007925181823632804,0.022084389478776625,0.007927463558515474,4.657212343550654e-07
177,0.8985763762844026,0.9496828861578623,0.008613563292675782,0.032451279974250076,0.008615873827930378,3.7628440252568396e-07
178,0.8668041508955621,0.9462894898095031,0.008303023415429675,0.025867878085616084,0.008303810353503437,1.5089556204550547e-07
179,0.8622108940781347,0.9287924407024828,0.009022136552226558,0.03492750922019989,0.00902280106889336,-1.0592186527880187e-07
180,0.8412086905409699,0.9288547795898567,0.016790007668750027,0.04910410193541139,0.01679280232523371,-3.0945903006784903e-07
181,0.8739456436513569,0.9356409594668714,0.012937497468652342,0.032377309640531746,0.012940505726019609,-3.5634864314904036e-07
182,0.9414525105760498,0.9708020716645982,0.011098748106933603,0.029782037958373416,0.01110251405527562,-4.894239501451736e-07
183,0.7796132627022393,0.8903069016191629,0.01619758055683595,0.046666176265903664,0.01620552343485917,2.6270223929536485e-07
184,0.7983877226936383,0.9481020054106359,0.011237946436230451,0.03554231106975783,0.01123926397693297,-2.7730636165124167e-07
185,0.9082377655214277,0.9560884700881573,0.012534209330468756,0.03462936906456717,0.012538027683988087,-2.344785723362719e-07
186,0.9174598961795482,0.9581294868494394,0.008661781607421856,0.023665508748156913,0.008662901027492629,-1.0382045190215905e-07
187,0.9074224912025848,0.9547982498331166,0.01017093351425782,0.03149163565951312,0.010172512955585376,4.912025848291535e-07
188,0.8568832983069805,0.944736886900338,0.014566001802343742,0.041224524612468304,0.014569532724228599,2.9830698056176885e-07
189,0.40842067909560786,0.7408938134203324,0.018095988916699203,0.06369636717237039,0.018098982783465008,-3.2090439211485133e-07
190,0.9202257495185338,0.9597143517335777,0.011570124590332026,0.03270067755072382,0.01157176364270661,-2.504814662351862e-07
191,0.891050467113899,0.9485395339734184,0.013065632308203127,0.02975944669612459,0.013070216674938667,4.671138990053336e-07
192,0.8106405368148679,0.9537441173388389,0.010137878004785144,0.03191206100000822,0.010140080765964185,-4.63185132026922e-07
193,0.6316874233371745,0.8053103162746329,0.016851217954804695,0.052373796361821275,0.01685244552721424,-5.7666282549107e-07
194,0.915490009954593,0.9573631533033627,0.008255711116074217,0.02124118561168513,0.008256303373822996,9.954592927741146e-09
195,0.8877394942226607,0.9579939497220963,0.010016581217480482,0.027528186050354442,0.01001973389067814,-5.05777339232516e-07
196,0.9378283178290521,0.9749967232161997,0.006724415810576168,0.02299692273204874,0.006724933765781801,3.17829052076668e-07
197,0.8371675976353087,0.9517890266987803,0.01124883181664062,0.035198976377492044,0.011249743072828902,-4.023646913431378e-07
198,0.8669105186611205,0.9327092640746211,0.010965957507031254,0.03577943489199717,0.010967795079935214,-4.813388795321671e-07
199,0.8287395219767766,0.9360318558939678,0.01596857612128905,0.0356345435564851,0.01597411997317139,-4.780232234491422e-07
200,0.9622158482930999,0.9814360985290144,0.006127638563710939,0.017729225919637263,0.006128135031383876,-1.5170690004229215e-07
201,0.8195000193124816,0.917932314513491,0.012605674326660161,0.037323559597289155,0.012608414973693539,1.9312481613908972e-08
202,0.7846815004165624,0.9022158593827819,0.01477129132890624,0.04657921674375258,0.014773337759722057,-4.995834376186892e-07
203,0.8247838540228078,0.9315604349363502,0.013087619645996085,0.0382025421816145,0.013090288820028904,-1.459771921119568e-07
204,0.6323837388212397,0.881613920694524,0.017590930867871116,0.04569276887966318,0.01759275127605013,-2.611787602857518e-07
205,0.4798105769820349,0.7424790644795343,0.013310235128808598,0.0568248862187185,0.013315894289338716,-4.2301796510102463e-07
206,0.8073967722171911,0.9001290097570696,0.01359284377324219,0.03635740231087587,0.013596691902186,-2.277828089480849e-07
207,0.9310457666213313,0.9693349919706657,0.00745053792919922,0.021078119067946644,0.00745249309821603,-2.3337866872363833e-07
208,0.7840396963383973,0.8913691895243827,0.015426477748632823,0.04709437620699048,0.01542822806259265,-3.0366160264083675e-07
209,0.6972773540396385,0.842104661897781,0.013397019005273443,0.04617319056604404,0.01339888441002,3.540396384948963e-07
210,0.7726142333943481,0.9230938990921894,0.011553563417802734,0.03224370977011196,0.011554489053929178,2.333943480703482e-07
211,0.926905650080781,0.964614671554212,0.007197581581162111,0.022528293000119846,0.00719824720552861,-3.4991921904481416e-07
212,0.9724702399682048,0.9862336528539909,0.005898743188457036,0.0169921244367943,0.005899259827286012,2.3996820486260617e-07
213,0.9649313947030179,0.9830299661265076,0.004731430782519531,0.012202701794137311,0.00473201967053748,3.9470301793631535e-07
214,0.8784345875241221,0.9403008962374284,0.013386897954394532,0.03852802277249244,0.013389372345216297,-4.1247587789783324e-07
215,0.9230343633661429,0.9638701057591369,0.010572646983984357,0.028542699481656015,0.010573903536983344,3.633661428414925e-07
216,0.9044962238648708,0.9516746585644881,0.010307767940722657,0.03214703163540995,0.010309232751769428,2.2386487086301088e-07
217,0.701582455568777,0.9279404723425292,0.025376153363671872,0.06379433040939927,0.025388219058925545,4.5556877692476405e-07
218,0.8385124950461058,0.9190729471064186,0.010209028010253904,0.036030424176580034,0.01021022216414449,-5.049538941426235e-07
219,0.7990658422770581,0.8988386094462556,0.017872078374023426,0.044490588435409595,0.01788103135277867,-1.5772294192917258e-07
220,0.8672608452023371,0.9704605703918657,0.010922543725498059,0.032135573547917524,0.010923591616466008,-1.547976627991332e-07
221,0.9203482770166145,0.9651951423184765,0.009940541082519532,0.02969119678029953,0.009943200746531457,2.7701661442502967e-07
222,0.7371246191507902,0.8612173415457566,0.02095613782304687,0.05456371209506531,0.020962286740926074,-3.8084920983560977e-07
223,0.9058203932379667,0.968888908640647,0.01116084305400392,0.026693628468790916,0.011162685124768283,3.9323796674484157e-07
224,0.8365786426359185,0.9155527484644324,0.011944485902246095,0.03824740303146815,0.011948115703952608,-3.5736408143804965e-07
225,0.9336019020184965,0.9679872068585058,0.006585097399804678,0.01644195528522965,0.006586661505331038,-9.798150357731572e-08
226,0.8085823762857829,0.9006552890051532,0.01503532819111325,0.044817141763668064,0.015039654335651177,3.762857828659705e-07
227,0.8328723331849915,0.9158489474493915,0.014563562307617168,0.042515801611208937,0.014565069029052058,3.331849915966245e-07
228,0.8942142363978296,0.957121816461859,0.0115646664631836,0.03244680373734229,0.011565772918694974,2.3639782964490763e-07
229,0.8718914659565445,0.9391204338294112,0.012456988141210941,0.03165475426786746,0.012460491236367265,4.6595654457082247e-07
230,0.9615056250247009,0.9805826205186458,0.0069634989529296955,0.018506316665512078,0.006964880364515241,-3.7497529903340876e-07
231,0.8115598885444377,0.9034880567637501,0.014933975863574213,0.04448191584359922,0.014940607897823923,-1.1145556222391662e-07
232,0.8495470421019528,0.9254744118744112,0.017229370546679692,0.046060258697310376,0.01723278217226468,4.2101952701933953e-08
233,0.8839270893789429,0.9469452746787744,0.010200333519726565,0.03163505085171347,0.010203371051044414,8.937894291349835e-08
234,0.7821093820498837,0.9084186340702674,0.011678492003515626,0.04082838456684276,0.011679693480736325,3.8204988361822956e-07
235,0.8858810888756434,0.9544383070847038,0.014153015757519535,0.03765152381282887,0.014157259662259778,8.887564340032128e-08
236,0.955803347829807,0.9823325254279756,0.009245405336035158,0.024608399309559027,0.00924704639918787,3.4782980706804523e-07
237,0.8237546558995692,0.9270621929204556,0.01130207373037111,0.03209306082628307,0.011305035528715753,-3.441004308157858e-07
238,0.9339724992212368,0.9666869022674955,0.0070500144205468745,0.022697207579154915,0.007050550607094432,4.992212367938009e-07
239,0.7550864896953289,0.8704285685563733,0.01265671204433594,0.046538486820027467,0.012660968582209177,4.896953288424655e-07
240,0.9039873567983961,0.9727150392555827,0.008176192107128903,0.020968651439396274,0.00817795093740142,3.5679839616165054e-07
241,0.9126240519034445,0.9672930036711707,0.007383810039931644,0.024224232743088072,0.0073843090945054524,5.190344454231166e-08
242,0.7899196781703942,0.8952734991033113,0.01666005544169919,0.05749114807344259,0.016662691017861674,-3.2182960574278496e-07
243,-0.3590312382993164,0.13177271473367305,0.014220599105664061,0.06251473206488001,0.01422092268996104,-2.382993163907443e-07
244,0.8643032891882435,0.9706104731142802,0.008858928913281246,0.027670221097670242,0.008859892768611693,2.891882434630233e-07
245,0.912438302608464,0.9580173717718126,0.012202172030371099,0.030572491258016237,0.012204253158200049,3.0260846406449105e-07
246,0.8421369407142403,0.9212677634435114,0.011844257563769535,0.03488006651413289,0.011848146608890954,-5.928575974589734e-08
247,0.8661528341351197,0.9316960687671473,0.013556205327832032,0.04011565964977936,0.01356159146441579,-1.6586488027492408e-07
248,0.8945129880202798,0.9471239018457458,0.0068054681252441365,0.02161314444492519,0.006805923009589604,-1.1979720215826717e-08
249,0.7427081268566749,0.865748520513312,0.016390315313574235,0.04844690542224106,0.0163956629279135,1.2685667483136598e-07
250,0.8869454419334211,0.9517333907463144,0.010367639928417965,0.03089139239204734,0.010369088980606464,4.419334210803427e-07
251,0.8287274430003195,0.9315802575769832,0.014484916481250006,0.04893055950879063,0.014490363040661768,4.4300031953881103e-07
252,0.9341140317368226,0.9756343879601399,0.00833836211699219,0.024360466781217092,0.008340819344891406,3.173682261436994e-08
253,0.9071518634371235,0.9651922105976238,0.010406879141015632,0.029519889737242334,0.010408949297833463,-1.3656287645158471e-07
254,0.8366098476655621,0.9217093883433506,0.012889975207421876,0.043536682788064184,0.012893712390647228,-1.5233443784179457e-07
255,0.927082248501397,0.9639581777224516,0.008335907311767582,0.02506176534299189,0.008336610282924381,2.485013970154881e-07
256,0.9324050090647931,0.9679795879544678,0.009885878057812497,0.026035814395962618,0.009887560955293551,9.064793027313556e-09
257,0.8169043160943091,0.9048611932818984,0.012336772705371087,0.03970559524657139,0.012341949170629012,3.1609430917178827e-07
258,0.9064089316908223,0.962542980103271,0.008881483945703133,0.029879660774298395,0.00888322904005824,-6.830917775868528e-08
259,0.8262071703672821,0.9111735565054603,0.012487328901904293,0.041202683954086085,0.012488544072959828,1.70367282059658e-07
260,0.8886764362508106,0.9460955639286549,0.00800641796904298,0.02140501025853831,0.008007013257810084,4.3625081058706883e-07
261,0.8754668710272624,0.9365670927104159,0.011566894595214835,0.03708726789786416,0.011568180066422448,-1.2897273760081873e-07
262,0.9034259569227958,0.9507013201358694,0.011922330700097647,0.03436563521739487,0.011923856570982936,-4.307720413709859e-08
263,0.7843146193249152,0.9305297174220161,0.010258227911621107,0.036434938698514656,0.010260365649569865,-3.806750847878959e-07
264,0.7015680513920304,0.8662419483560755,0.010407051315097638,0.048868187848813416,0.010407949688203322,5.1392030409047607e-08
265,0.44274952955830826,0.6808317790946935,0.016907043096777367,0.06827483136549378,0.016910365009464703,-4.704416917133969e-07
266,0.845403785667334,0.9350242268948159,0.01650714681513672,0.04412791965068667,0.016509134273869932,-2.1433266605974666e-07
267,0.8873485256969724,0.9457556157680204,0.01297520380205078,0.03421982129029489,0.012981318422324278,-4.7430302763107335e-07
268,0.8117009435842888,0.9019184044575388,0.017026427404492197,0.0535861201863669,0.017028531417479932,-5.64157112137309e-08
269,0.8732954411121666,0.9686513867443077,0.00939434933674804,0.03432659341072862,0.009395163020719275,4.411121665715001e-07
270,0.9492914167015416,0.9809693105212214,0.007812309637988272,0.02009142363175483,0.007814526256493221,4.167015416056685e-07
271,0.9423783020662617,0.9742435564832058,0.008219507501074218,0.021477561562826552,0.008220338471251294,3.020662616703973e-07
272,0.8514753479422327,0.9274145361850251,0.0101857885899414,0.03689399785554512,0.010187720973423882,3.4794223269241087e-07
273,0.9309024406854943,0.966282662871145,0.010515595691601544,0.029458777411841535,0.010516898207341143,4.4068549431841575e-07
274,0.942448787785534,0.9779178628333199,0.006927467533974611,0.02209497207671903,0.006927981997327035,-2.122144659999492e-07
275,0.7065245531566202,0.9288332345769378,0.012350600424414061,0.0350327223028122,0.012351809275113257,5.531566201755211e-07
276,0.7776790414426248,0.923374753819495,0.02069799357685548,0.05392031990274063,0.020707850004044296,4.1442624776344417e-08
277,0.8147457302083196,0.9029044005321787,0.01545968021396486,0.04111338834311541,0.015464935307236805,-2.6979168032958967e-07
278,0.9452161708231727,0.9724544560043156,0.0073366199903613346,0.022632069081575956,0.007337238212625984,1.7082317271821523e-07
279,0.6387566041033246,0.8081365910111615,0.024368165158300783,0.07454120537541864,0.02437913493281622,-3.958966754424864e-07
280,0.916289975199004,0.9575634828414373,0.012294328262207032,0.031420704825153745,0.012296958676354487,-2.4800996034635148e-08
281,0.8572227683359084,0.9408500833095037,0.015584483213964849,0.04340790760488254,0.015586504554483948,-2.3166409157671097e-07
282,0.8474809428621751,0.9319103790565376,0.01675311572402344,0.04226900592634628,0.01675949761334242,-5.713782491589825e-08
283,0.7221940563412925,0.8779732916965927,0.015967068875488277,0.04587708332254727,0.015971242744167686,5.634129252030107e-08
284,0.8938458613739185,0.9708549413312351,0.009420957117675793,0.030523453652329124,0.009421752255528165,-1.3862608150283506e-07
285,0.9092288217493862,0.9752933907038642,0.010191339149999996,0.03332048173227505,0.010192425844020149,-1.7825061371379292e-07
286,0.8700892796091426,0.934619714511704,0.012918140418164059,0.04032931998735926,0.012921240562311458,2.796091426171543e-07
287,0.8684255248949266,0.933176418263144,0.012890392407617173,0.04051361430736135,0.012893664729469859,-4.751050733942108e-07
288,0.8632686007319555,0.9338388901281726,0.011309199651230476,0.03607522528450988,0.011310193006028663,-3.992680444042662e-07
289,0.9139402083684939,0.9579894879826063,0.010757934691601563,0.030382922712654928,0.010759095876707243,2.0836849390359902e-07
290,0.7193878654292374,0.8550096026292364,0.018508428026269532,0.04908269480255996,0.01851449341689624,-1.345707626443371e-07
291,0.758275487866848,0.9216288209506487,0.013543700893652337,0.03822234535443054,0.013546267607927645,-5.121331519974959e-07
292,0.9106641201743023,0.9562663568151372,0.008070111877031242,0.02577310019354371,0.008070826058618174,1.201743022871682e-07
293,0.9211986880945388,0.972288084983367,0.007939116680468759,0.02415752432990872,0.007941030232111996,-3.119054612366057e-07
294,0.9397163497563149,0.9712038961669577,0.009418965130664064,0.02373308031169799,0.009420490616144861,3.497563149101879e-07
295,0.890278414352193,0.958969405729675,0.008682408652343739,0.029853669923086284,0.008684474345753857,4.143521930011218e-07
296,0.8882549991318058,0.9428603016584712,0.012710096833300776,0.03167849726381749,0.01271394727638993,-8.681941832122675e-10
297,0.8604874767863757,0.9435780450907869,0.012148078807910169,0.03035352869389177,0.012150842860987752,4.767863757138002e-07
298,0.8852490087112395,0.944778614051039,0.014976908514941394,0.03901300436688132,0.014982072922373758,8.711239507519508e-09
299,0.6165073575341673,0.7910996736042528,0.01226052703945313,0.04316543054524039,0.012263248683549713,3.575341672723553e-07
300,0.9219893121488901,0.9605220562769987,0.009340994873994148,0.026179225055457927,0.009341852406346395,3.121488901802749e-07
301,0.9469463575940048,0.9736201022753979,0.010894384153906228,0.02674513050298336,0.01089580807476364,3.5759400485169124e-07
302,0.952500216632175,0.9765882622387838,0.008168589633496096,0.019882810719958895,0.00817102696422664,2.1663217497636111e-07
303,0.8665357393419758,0.9320335651782619,0.008826743299316413,0.033094296553359465,0.00882807158774084,-2.606580241648615e-07
304,0.7102335246914748,0.8931868101911697,0.014270557904492194,0.039073953677558004,0.014272272456845297,-4.7530852520516476e-07
305,0.09860329728666717,0.5490855117434673,0.014461748619970712,0.06098403915166405,0.014462186207689806,2.972866671724361e-07
306,0.9209141064767633,0.9604505284314153,0.011351914386523441,0.029826608953593063,0.011353131825991044,1.0647676329522682e-07
307,0.8179965821010516,0.9101888009307939,0.013398291487304682,0.04301459803791771,0.013403033751387204,-4.1789894833499375e-07
308,0.8863463665715027,0.9420320419731691,0.009344632146484391,0.030261786305664805,0.009347724528930788,3.6657150270791306e-07
309,0.8546471305495429,0.9262648461173096,0.008655980556542951,0.025490821061827474,0.008657409247235457,1.3054954284275055e-07
310,0.08186542508472472,0.654187720795252,0.017431614847822276,0.059364062257454386,0.017432256498328885,-5.749152752754227e-07
311,0.545281053949708,0.7470167848688584,0.016959337532978524,0.06873632788767638,0.016960977640689694,5.394970803429544e-08
312,0.7778187288914413,0.9006498837690805,0.016188121138964832,0.051062122523539255,0.016191894883515585,-2.711085587137063e-07
313,0.8868889480859453,0.9464085924464585,0.012520553612695317,0.03288370897026161,0.01252280662589924,-5.19140547217134e-08
314,0.8906563611956763,0.9590998899067827,0.012774078196875017,0.03365064773799803,0.012778530998675403,3.6119567625725324e-07
315,0.9425321058242003,0.9725107052639769,0.006786408498251954,0.01913757730743115,0.006786909632189317,1.0582420029159323e-07
316,0.8753335203553161,0.9445705752787931,0.00934737037930663,0.02660620160508892,0.009348228967583121,5.203553160582075e-07
317,0.8724704101855008,0.9346703229337906,0.006493200563408202,0.025133660142868913,0.0064935058753271884,4.1018550078764093e-07
318,0.9215996319008914,0.9630097624069316,0.010893570588085946,0.026670217862107364,0.010894768058190665,-3.680991085275309e-07
319,0.8007869511051015,0.9432894395526983,0.012370147739453115,0.03402137694752616,0.012375758833015876,-4.88948985744031e-08
320,0.806384661209891,0.9007829466875629,0.014449493541992202,0.0474698839245244,0.014451206405914357,-3.387901089668688e-07
321,0.9070371486452282,0.9525371999240017,0.008507695265527353,0.02326717205413215,0.008510514089919518,1.4864522823732074e-07
322,0.8438304046428173,0.919286337784154,0.015924270924218747,0.044362584738735875,0.015929858878172342,4.0464281736429797e-07
323,0.8844815056336741,0.9426332043724766,0.007251852436025395,0.027416543853573234,0.007252361975591592,5.056336741526835e-07
324,0.9077574772593958,0.953621280711298,0.010324093190820307,0.02970127400613316,0.01032513060418771,-5.227406041363736e-07
325,0.9034279599142594,0.9514399521593434,0.012270355447656258,0.036057972288564166,0.012273225813978468,-4.0085740615758425e-08
326,0.9247900624586699,0.9633020106911598,0.010896876649707036,0.0317347651282134,0.010899169899358964,6.245866990273186e-08
327,0.8935037182140738,0.9551288080656323,0.014253388065234381,0.03522827438055232,0.014257018629285348,-2.8178592614835907e-07
328,0.7484596988082428,0.868005580915586,0.019635016419433594,0.05286955161340864,0.019640206485406847,-3.0119175720155766e-07
329,0.8403222983415799,0.9331063642026322,0.011503132095605469,0.03832454592134036,0.011506823917374742,2.983415798851752e-07
330,0.89965071583717,0.9485235656458775,0.00853687427531251,0.028771417821543556,0.008537477930666565,-2.8416282993326547e-07
331,0.9649105021174385,0.9827549183843884,0.007859810042187495,0.01983308092523826,0.007863728383125356,-4.978825615120641e-07
332,0.9161067097207406,0.9703362262751356,0.006736802865039065,0.024659551173709025,0.006737867813346008,-2.9027925940727783e-07
333,0.7739475412109104,0.887047173990062,0.015791331360351574,0.0418822831433727,0.015796695916705218,-4.587890896079472e-07
334,0.8358001368020485,0.9316855560672039,0.009122236023730468,0.031023487844072925,0.009123972166000513,1.3680204846711064e-07
335,0.852407789000843,0.9260141979254563,0.01334558757929688,0.04355679177559646,0.0133506208274318,-2.109991570353742e-07
336,0.9200106828449388,0.9639777259877161,0.01090315129179688,0.027786423990314026,0.010906468998221557,-3.1715506121354764e-07
337,0.9193234913446077,0.9590792173942203,0.011533569056445299,0.029701313839454728,0.01153550112599339,4.91344607667088e-07
338,0.8866301958588023,0.942289250251834,0.01245747868710939,0.038443606297953604,0.012461779273306344,1.9585880228767394e-07
339,0.8802727070488185,0.9419850836431856,0.00881656653579101,0.03363826849242356,0.008817288865376747,-2.9295118142425025e-07
340,0.9402271590393355,0.9752155281763066,0.009188486943554666,0.026363474602242386,0.009191746700008482,1.5903933547889437e-07
341,0.9226864754884265,0.9609678166658812,0.011712401484179687,0.029430743675242857,0.011717022670890873,4.7548842652123113e-07
342,0.9095407996334157,0.9549768905162975,0.006885847937011715,0.02424982974696044,0.00688672234690279,-2.003665843242075e-07
343,0.8864975936169781,0.9463572313204083,0.012335672471289048,0.03539106314451579,0.012339884294682751,-4.0638302190032505e-07
344,0.9086769448613382,0.9542985118214018,0.010945068512695312,0.0305471463919625,0.010946557899173762,-5.513866174755577e-08
345,0.9540788610084904,0.9771071660828747,0.008064534615234358,0.020328029709113907,0.00806535232904559,-1.389915096350336e-07
346,0.928257294615444,0.9648422442229547,0.01106986733906249,0.029492698671922127,0.011074157077704063,2.946154440408577e-07
347,0.8060433033910697,0.9228627511234004,0.010212074492089851,0.0369962421778791,0.010213685976822215,3.0339106971144503e-07
348,0.8231624355859564,0.9097735231651773,0.013524888983984388,0.040974445870418263,0.013528294840436826,4.355859564153519e-07
349,0.9346366938963686,0.9675425079126387,0.007929562964746105,0.02452075862223691,0.007930656787894525,-3.0610363144223385e-07
350,0.9090010160902879,0.9581675675617228,0.015213570558789065,0.039373416955685754,0.015218280356326754,1.6090287990877528e-08
351,0.8643241934525913,0.9423888151503307,0.01654593732246091,0.043513607863421726,0.016549000524254048,1.934525912794527e-07
352,0.8743132652959846,0.9422411567200611,0.009303840671093737,0.03266768128029219,0.009306026409156945,2.652959846249914e-07
353,0.8823008296456659,0.9402517546617147,0.009616038601464842,0.027695693878108392,0.009618390219002588,-1.7035433408363332e-07
354,0.27249454584053334,0.6535431181847691,0.015388878601435558,0.04988124973195277,0.01539024398940815,5.45840533328068e-07
355,0.9255700926313736,0.9737618088694941,0.007753198176562507,0.021979885634540036,0.007754290974831866,9.263137357162776e-08
356,0.36042148571770916,0.690193511589234,0.023520044315429648,0.06135813983977156,0.02352385212843083,4.857177091643905e-07
357,0.8842364038063275,0.9565732900842056,0.013560348949121075,0.039598196363885806,0.013562897254760476,4.03806327486933e-07
358,0.7783543920058886,0.8849220991720353,0.019707163768554692,0.05625461179562422,0.019714743600514922,3.920058886386357e-07
359,0.8898501829341641,0.945432596202948,0.0065607224302148435,0.023410449910561234,0.006560985931875741,1.829341640391391e-07
360,0.6207265812548113,0.7976812069971078,0.015022464786621087,0.05497796550589463,0.015026461293388398,-4.1874518874607247e-07
361,0.7984464005729617,0.907179777531403,0.01984583797080078,0.049130574343439745,0.019850934098632395,4.0057296168960477e-07
362,0.903811683874647,0.9774213562782967,0.007004883128164066,0.019579655502518754,0.007005236352986535,-3.1612535289493593e-07
363,0.8231869633494341,0.9077492912643417,0.013769985937011717,0.04725569415539914,0.01377303443015181,-3.665056591550808e-08
364,0.2537767437524344,0.6704545490960722,0.011651035328417964,0.05256578466977985,0.011653713288801678,-2.5624756555542305e-07
365,0.953538442397038,0.9805833626716564,0.006944376625390626,0.01790963028558691,0.0069455128765696685,4.423970380029729e-07
366,0.8520262118994633,0.9310005973790768,0.016288522857714823,0.04129482622573751,0.016290851240661073,2.1189946330935072e-07
367,0.8667366620750339,0.9447870373865859,0.011984813174511716,0.03646545498359009,0.011986544730386342,-3.379249661206174e-07
368,0.8383867156892337,0.9220564286079284,0.012543990439257802,0.039391339315766605,0.012548626509243838,-2.8431076626311835e-07
369,0.9089416117962045,0.9705459486565129,0.014523034664550752,0.03939695588888212,0.014531439445685983,-3.882037955538209e-07
370,0.9316703744850422,0.9658865218231109,0.008312904525996104,0.026197366288515614,0.008313487099257754,3.744850421982804e-07
371,0.9211458513925119,0.9626310520498983,0.009373154532031264,0.02769812173961895,0.009374894973783231,-1.4860748809297775e-07
372,0.815393674554731,0.9110095000534847,0.012025200428583998,0.04308414622823947,0.012026338129671871,-3.254452689560594e-07
373,0.7871927879292427,0.8947028319871716,0.016760836338085963,0.047367162854226694,0.01676600822744412,-2.1207075728835179e-07
374,0.8162995265059171,0.9118285883665107,0.011739498172109387,0.0400841335429534,0.011740571949791981,-4.7349408294206086e-07
375,0.6083108711114793,0.7860028391380927,0.017024162954638655,0.06103601530831498,0.017025576886916194,-1.2888852074510737e-07
376,0.9220416609064291,0.9608274585722861,0.010177214855273429,0.025538870728432285,0.010178641998596595,-3.390935708891263e-07
377,0.9257043762181423,0.9754870798085068,0.006925702253085939,0.02171981702352768,0.006926200311717586,3.762181423061506e-07
378,0.9256834902342859,0.9741105035929319,0.01062724552001954,0.029765413510216835,0.010630413629906847,4.902342858326136e-07
379,0.9202549703452225,0.9598183676854717,0.012252003517187486,0.02955693186755751,0.012256292085710467,-2.9654777522480913e-08
380,0.8800546503133161,0.9413294671543248,0.011499041119628926,0.03667826863707393,0.011500266351105813,-3.4968668394252944e-07
381,0.8851136791181281,0.9485236453586712,0.009776107569589841,0.03268893012288133,0.009777006764030571,-3.208818718514195e-07
382,0.9258223603193798,0.9660431879504581,0.009233862928222652,0.028343578884911784,0.009236596819561311,3.6031937977742956e-07
383,0.8689092433869955,0.9425042114545538,0.011098575754003892,0.03445852921157975,0.011102107100017947,2.433869954465706e-07
384,0.8216463383114452,0.9295696242187027,0.012771781591503899,0.03706351892295426,0.012775898898328121,3.3831144519158585e-07
385,0.9367125413068995,0.9682518996383642,0.008905538744628905,0.023993220348744806,0.00890652879080668,-4.586931005023942e-07
386,-0.3844006076281268,0.6158696867430087,0.023365921171318367,0.07935218508189923,0.023367132535853603,-6.076281267586303e-07
387,0.7796445082611281,0.8846269495718706,0.012544549162011708,0.04767508019190906,0.012546190642864467,5.082611280737837e-07
388,0.7715635825178444,0.8823829625611759,0.01706416940156247,0.045786079904269666,0.017065703587153484,-4.1748215562353863e-07
389,0.8721461983495564,0.9347740192603788,0.010232667194560539,0.03691662758958076,0.01023364994905534,1.9834955644615349e-07
390,0.6944687811060091,0.9398230297432287,0.01608284272539062,0.044159871916006274,0.01608685937609131,-2.1889399093311113e-07
391,0.8353395262809751,0.9465497571031484,0.014952083137988275,0.04022383345942259,0.014953772280215993,-4.7371902489601325e-07
392,0.8934753840419575,0.9506863523519865,0.011976430655468733,0.03657696028804383,0.0119791126973437,3.840419574574483e-07
393,0.8766787324632797,0.9365271941622204,0.012751150309863245,0.036751231541596804,0.012752689059527318,-2.675367203330836e-07
394,0.8146755309748608,0.9262271491638358,0.015536585776562492,0.04951255970632737,0.01553837689303614,-4.6902513917146393e-07
395,0.9223994285552677,0.9716227065125516,0.009870696760156257,0.030872734365009258,0.009872114134134894,4.2855526771745645e-07
396,0.9011791825375972,0.9496584333443623,0.01102241073535157,0.02984764117207103,0.01102327720065496,1.825375972597243e-07
397,0.8950408306296647,0.9566304880507221,0.013024279265820298,0.0323014331804494,0.01302776825849314,-1.6937033531227996e-07
398,0.6315816660344375,0.9221713023773664,0.013633047304199198,0.05132258914086796,0.013636881427962473,-3.3396556242681896e-07
399,0.9062327459629571,0.9542979539959358,0.007073577982607424,0.021838080268912496,0.007073886045180755,-2.540370428461003e-07
400,0.6285924901467381,0.85259963638774,0.015606706461035168,0.04462732652585465,0.01561057778285656,4.901467380857838e-07
401,0.8993546951807803,0.9522012174764868,0.012481675595605472,0.037603414356982126,0.012483115674044172,-3.048192197541155e-07
402,0.8988448752778979,0.9484690661725846,0.01082039683447265,0.025258742385940763,0.010822053186507825,-1.2472210209057977e-07
403,0.9516739876066798,0.9756163972456553,0.00843418138349608,0.021681390663359893,0.00843549077495968,-1.2393320258929919e-08
404,0.9001928426227721,0.9505574272449093,0.011093465582714863,0.0359743602672207,0.011094725574085716,-1.573772279162e-07
405,0.8641809259057492,0.9315305504338461,0.008670731189062498,0.030127776999091364,0.008673436431283384,-7.409425073490183e-08
406,0.7476178638962232,0.8724400952847309,0.018571174219238255,0.055465672651321095,0.018577787002957525,-1.3610377680439711e-07
407,0.9315678934731945,0.9668419273791317,0.010574771765136711,0.029388702070087428,0.010577260418930761,-1.0652680548783877e-07
408,0.8811941788701076,0.9450409638530081,0.009659019726298821,0.03077813936975704,0.009659805788261535,1.7887010761441502e-07
409,0.770860851909948,0.8838910536676724,0.010338437003388663,0.03772266341184934,0.010339051577809504,-1.4809005199900582e-07
410,0.9211763514716002,0.9720364134610886,0.010445579147753892,0.027812849950331033,0.010447280050613827,3.5147160015736034e-07
411,0.9063156379732903,0.9645201643106185,0.012291375969042981,0.03387594228051412,0.012292884232180964,-3.6202670972151907e-07
412,0.7618351935829744,0.9029219181790507,0.019410969147851554,0.051777939187890434,0.019415425723899822,1.9358297431715243e-07
413,0.6563790992520467,0.9423956782067324,0.016364509017187504,0.04808595127962245,0.016368848184409278,9.925204669247734e-08
414,0.9434962659843878,0.9718649509156106,0.007479060484765617,0.018873954812410863,0.007480754215792971,2.659843878483059e-07
415,0.8900767080206655,0.9742486191302698,0.009870914273535158,0.029124861709836903,0.00987169027042416,-2.9197933448799063e-07
416,0.8847521060730108,0.9457436054156715,0.010247982205566395,0.031388019977732155,0.010249768504472049,1.0607301081932974e-07
417,0.8985154593670552,0.9496979146254273,0.010402844511269547,0.028367474743025704,0.01040380592645502,4.5936705528326627e-07
418,0.9089228061408956,0.9536142491131878,0.00991140074404296,0.03167228798362057,0.009912598487283217,-1.938591044359228e-07
419,0.8338948683372606,0.9150027026559576,0.012714751810449246,0.04033407330010265,0.012716033762133734,-1.3166273948872487e-07
420,0.7761141591481188,0.9517405098135618,0.01075089642568358,0.03331185811994656,0.010751705950116585,1.5914811879458313e-07
421,0.8158223458542475,0.9067740252812773,0.011203108482910153,0.03847930512218173,0.01120518407742377,3.458542474632509e-07
422,0.8771924275514792,0.9401264723078513,0.01246367404809569,0.03419041897864189,0.012464901311864496,4.2755147922068915e-07
423,0.9316824833496982,0.9701113137861992,0.007363551728046865,0.02231348828670677,0.007364186871564131,4.83349698154889e-07
424,0.8404593543748944,0.919685274721326,0.016462403686425788,0.041223924084076546,0.01646904691457543,3.543748944290215e-07
425,0.9318924500121343,0.9707132500911319,0.007819271549707019,0.019349965361250224,0.007820721448897871,4.5001213422324327e-07
426,0.8467236811032153,0.9407157478481917,0.01129494418828127,0.03524930193196466,0.01129724503039314,-3.18896784756717e-07
427,0.9213977897025298,0.9658626332314917,0.009218224229218763,0.025038989122785734,0.009219118997450825,-2.1029747021561462e-07
428,0.8186587043886363,0.9315621811852839,0.014837995059765623,0.04949526134122412,0.01483964891340962,-2.956113637209157e-07
429,0.9292066323902175,0.9709826597343718,0.00913870056591798,0.02542015571827272,0.009141966267335768,-3.676097825033864e-07
430,0.9059714470372605,0.9519450620993514,0.009396421649511714,0.03147802429205124,0.009398417558554162,4.4703726054251547e-07
431,0.9332037396891805,0.9669381800241605,0.0067392425411132795,0.017666560946927423,0.0067400450836734285,-2.603108195664561e-07
432,0.9486221948750373,0.9739887759486421,0.006400295409374998,0.01893472435605434,0.006401658991547663,1.9487503732928957e-07
433,0.8719244308004603,0.9614301145908827,0.009502066348710921,0.033602359939734164,0.009502903788591217,4.3080046030485875e-07
434,0.9001875609156673,0.9561587263486336,0.014668949169140636,0.0333870349224874,0.014671090385440209,-4.390843326707028e-07
435,0.953088984445912,0.9769866521749409,0.006921990248183585,0.020378995504395113,0.006922546100183765,-1.5554088017566414e-08
436,0.7597696936522713,0.9351860331270585,0.013945831154394534,0.0376810525532745,0.013948565908831763,-3.063477286291416e-07
437,0.8763661655315185,0.9603054169833316,0.00808375055146484,0.026875484518367156,0.008084446261398264,1.655315184923012e-07
438,0.8277138684692857,0.9510574528338664,0.008963609777832024,0.03121127097757775,0.008964647351495273,-1.315307142091271e-07
439,0.9344317583834412,0.9667392384630313,0.00882051816054687,0.027132957637486566,0.008822799309424801,-2.4161655887144917e-07
440,0.9212537530728109,0.9711367913462005,0.009658618314560531,0.024392202781441337,0.009659505264823206,-2.469271891403224e-07
441,0.9225161243170477,0.9654037615883244,0.009877780807910162,0.026316361567126155,0.009878850441429592,1.243170476561417e-07
442,0.9245992165821448,0.969069686654513,0.007817306990751961,0.02461602724678129,0.007817831471709813,2.1658214488518013e-07
443,0.9618731052588618,0.9821621430411154,0.005676043373310536,0.013589096183886106,0.005676403638528486,1.0525886184886701e-07
444,0.8430888080558354,0.9247550116901552,0.01010420902530271,0.036830308541707296,0.010105067913634084,-1.9194416456258523e-07
445,0.9066889926451761,0.9555352820648378,0.01042403863056641,0.02946725118443889,0.010425655300444056,-7.354823861049908e-09
446,0.8676082654455725,0.9370118650406692,0.016962185932910157,0.04555022662132184,0.01696530674519573,2.654455724115934e-07
447,0.888578836397377,0.9508812252337646,0.00799279477388671,0.020409961691579572,0.007993503779047046,-1.6360262300452177e-07
448,0.8694466798107728,0.9600673123169055,0.008270435688652348,0.0286671009450383,0.008270936814540688,-3.2018922713206166e-07
449,0.6382364337042435,0.8672201869293791,0.015815552827343746,0.045303389117435464,0.01581737347029967,4.3370424351873993e-07
450,0.957567397272468,0.9817865535278796,0.005545245477148445,0.014176806251889598,0.005546175986269924,3.972724680334494e-07
451,0.8212272433587045,0.9327019785532669,0.012889115379199208,0.04252381875149472,0.012891659711967443,2.433587044103902e-07
452,0.9140533865212429,0.960118202977424,0.00852185814443359,0.025405813695511856,0.008523803301918497,3.8652124290106116e-07
453,0.8323000110114893,0.9294140849025345,0.01574231648486328,0.041216350631024946,0.01574461349801573,1.1011489275958297e-08
454,0.6527448386693617,0.8262867092931161,0.01762380306640623,0.050241714861390924,0.017627096557194716,-1.6133063829304461e-07
455,-0.07769810064090987,0.49660547403936245,0.029207049204687516,0.08095554551126641,0.029209021262565395,-1.006409098697203e-07
456,0.876068566980628,0.9401831523538834,0.015062342095507844,0.04433656591770553,0.015070865001225066,-4.3301937202588903e-07
457,0.9386959282153247,0.9699219039784114,0.0077156269250390624,0.02251196739478191,0.007716317702377377,-7.17846753151008e-08
458,0.7100842961170013,0.9225002935450547,0.013593244368183604,0.04819023692529031,0.013594375577110712,2.961170012527603e-07
459,0.9603937306127678,0.980188748919364,0.004428238779990233,0.01212244942699184,0.004428421935004474,-2.6938723218794536e-07
460,0.5765643551219057,0.7783529114878546,0.02606250046484375,0.06915110802047336,0.02607268404849922,3.5512190577069447e-07
461,0.8179118731450205,0.9354178532099039,0.00916364884642579,0.025520530607505285,0.009164404654581123,-1.2685497952080738e-07
462,0.8995051328843293,0.9484693019243504,0.010758996876074206,0.03492740048884809,0.010760573267776215,1.3288432931801708e-07
463,0.8132968648829495,0.9020430555304769,0.01624714103447269,0.050145122355971426,0.016249107793981858,-1.3511705054813916e-07
464,0.9066959533495773,0.961234176604206,0.009444802360449213,0.02734298651412957,0.00944617772298106,-4.6650422635963196e-08
465,0.8391376051655611,0.9479481975177638,0.013644916291113283,0.04790081956142945,0.01364984544549644,-3.948344389215208e-07
466,0.9082283725520319,0.9532871870268931,0.010298487162285179,0.02966671549413826,0.010299479225118282,3.725520318909048e-07
467,0.9161888583228297,0.9600445771511575,0.010957569810742203,0.026483769701262663,0.01096041820970675,-1.4167717032886884e-07
468,0.9146848234571574,0.9567330275871629,0.007488491950781256,0.023317422226625622,0.007489636400177603,-1.7654284256707342e-07
469,0.969472936479871,0.9861458165881688,0.007319592303710946,0.01945859258881345,0.007320451514621804,-6.352012904553561e-08
470,0.8852867188249006,0.9409156449483,0.011323362111621096,0.028174107436262728,0.01132614223555515,-2.811750994258233e-07
471,0.8912291729228465,0.9581951688660298,0.00863895667871093,0.03471515092392679,0.00864077170737115,1.7292284648640077e-07
472,0.8251779270141246,0.9130071370894075,0.014291981087890648,0.038092206510938594,0.014296952564346458,-7.298587534343426e-08
473,0.8628203687154087,0.9314981765414048,0.014220314490332057,0.04144341654838287,0.014222061659229243,3.687154086495781e-07
474,0.6776265254352556,0.9246276239039148,0.009253260043749992,0.03858485847453239,0.009254499421119668,-4.745647443904488e-07
475,0.8623540521936175,0.9293852782580794,0.01046519450478516,0.028909738683194585,0.01046683476455448,5.2193617539053605e-08
476,0.7482589974678124,0.877618046025308,0.01912652292890625,0.05494448924304949,0.019136111644074416,-2.532187570736255e-09
477,0.8611518282622808,0.9281306863873355,0.011885225254101567,0.036879818533225396,0.011888289063538839,-1.717377192678171e-07
478,0.8263340166741742,0.9312857171755732,0.01592049112314453,0.049801721581342294,0.015922284816295942,1.6674174152520038e-08
479,0.8379747675202958,0.9240201916275936,0.015138320775097669,0.04050970651998383,0.01514168601178545,-2.3247970426520936e-07
480,0.9231383355420064,0.9672432406000774,0.01013143383115236,0.02720237367385839,0.010134802014024535,3.3554200640217857e-07
481,0.9394035711384441,0.9698940885821676,0.01114138290097657,0.02645838787900213,0.011143272055546615,-4.2886155593446773e-07
482,0.9110217586606691,0.9574277345828768,0.013306659356249993,0.03481782750900003,0.013311771854049425,-2.4133933085312975e-07
483,0.8843820369239919,0.9410959611343027,0.012586154542675783,0.03614788518477986,0.012588518888080897,3.692399186405737e-08
484,0.7534603313419413,0.9178203940541508,0.013826994532236321,0.0373934434175581,0.013827974418456348,3.313419413286667e-07
485,0.8643715757696464,0.9508045070160676,0.013179871773339838,0.03631704968618698,0.013182342600452215,-4.2423035362393335e-07
486,0.9169091318719352,0.9591271005626104,0.008328267200781251,0.02462255585116148,0.008329390387423311,1.318719352605413e-07
487,0.8045501859552203,0.9479986697812841,0.014260497907128897,0.03676810213685894,0.01426232297102556,1.8595522033315603e-07
488,0.9052549661447337,0.95331318236909,0.010984209110742191,0.032830528287358995,0.010987960486158257,-3.3855266368121306e-08
489,0.9582273523815782,0.9791043588783991,0.006392092674218745,0.018019964400618305,0.0063927856688064865,3.523815781392159e-07
490,0.9049393536365925,0.9649565653720577,0.009218443083203114,0.033102237157903336,0.009219379323158574,3.5363659245390977e-07
491,0.9290354233972902,0.9697617779655443,0.007134585802050788,0.02060568936122929,0.00713548956246585,4.23397290116867e-07
492,0.7452967247472451,0.8782121574999817,0.00834487885302734,0.03554286548137522,0.008346522505326137,-2.752527549221284e-07
493,0.7824841356121134,0.8913469510396724,0.01504132970527343,0.043521717558533526,0.015043078679790288,1.3561211342771884e-07
494,0.25070577334860056,0.7560565774053087,0.015737333454785174,0.05167454208741559,0.015739148639780393,-2.266513994264585e-07
495,0.9227124262334013,0.9616318547836179,0.008758705024511721,0.023635223504731094,0.00876048305565689,4.262334013516167e-07
496,0.8769228925774668,0.9472657705656558,0.009247427275341799,0.029541355884516812,0.009248152015282776,-1.0742253320206174e-07
497,0.8842477582788648,0.9453339698759549,0.0069239680890624935,0.025891582904463334,0.006925143251246513,-2.417211352190307e-07
498,0.8937386030940209,0.9568724102560653,0.011345917006542965,0.030601917108635933,0.01134745134309836,-3.9690597908315084e-07
499,0.9190207974723666,0.9620436487807182,0.009579718756347647,0.027638089451606777,0.00958324634741148,-2.0252763333061807e-07
500,0.9210409269914878,0.967898454353041,0.013930100780078135,0.034913127040051395,0.013933282974710162,-7.300851223579485e-08
501,0.8544536074622895,0.9254628721344487,0.015993564777832033,0.03984427806546076,0.01600112989923336,-3.9253771055847153e-07
502,0.8700416770569719,0.9436168451161921,0.013460527365917971,0.03926013627993634,0.013462100478323155,-3.229430280971002e-07
503,0.9241033010763571,0.966945332964802,0.008984866521386723,0.02186672277512512,0.008987225861400697,3.0107635706766445e-07
504,0.8370047691467744,0.9190452953467019,0.008903252900878894,0.02904701343662177,0.00890438156686002,-2.3085322564675437e-07
505,0.8521966143147766,0.9404403517683715,0.014806092945839839,0.039460066153212014,0.014807342802550381,-3.8568522342519174e-07
506,0.7722754158383447,0.8821034093144379,0.011849413634570295,0.03712547006441154,0.011852144200293594,4.158383446473124e-07
507,0.9220052062785178,0.9622633106060142,0.011112328251269543,0.03146097430517668,0.011113993669884182,2.0627851782251128e-07
508,0.9263833388182202,0.9644465824476659,0.007449473744140613,0.02065384596917573,0.00745069361565846,3.388182202579415e-07
509,0.9202323233629773,0.9608594157515331,0.010355861861523433,0.030178883742438517,0.010359277416808673,3.233629772836366e-07
510,0.8517605316437536,0.9247895260222835,0.01390045890302734,0.04281692230406631,0.013902584043682706,-4.6835624634145034e-07
511,0.7980993148499282,0.8937617026485802,0.011918741009472643,0.033904191520300435,0.011921770214450787,3.1484992824015734e-07
512,0.9303776882901916,0.9647723491903877,0.009683765224414076,0.02857044621533125,0.009684936571004643,-3.117098084093328e-07
513,-0.08049259407333365,0.6751181920767401,0.022479322946582034,0.065911760599481,0.02248227594406628,4.0592666634975405e-07
514,0.9582807068872338,0.979143349813134,0.009278266616308584,0.024296224654402013,0.009280007413923331,-2.9311276628085636e-07
515,0.9321250354088296,0.9679585110670699,0.01014497072363281,0.027741762474973782,0.010146026515093559,3.540882964614411e-08
516,0.8716270980171033,0.9349023401460198,0.011052157478906251,0.031136045619191435,0.011054586967593292,9.801710321166723e-08
517,0.45286438102449345,0.7621997477129746,0.015618213352734374,0.06094071954452237,0.0156192127585276,3.81024493456561e-07
518,0.9006997873484359,0.9730099669822538,0.007170656345019529,0.025174362630213967,0.007171793955774996,-2.126515640243909e-07
519,0.9400751528387157,0.9752889513502856,0.006015024991796876,0.019564212858916394,0.006015915971812782,1.5283871568350094e-07
520,0.8448631038287497,0.9197831895936748,0.011764697240361326,0.03711302707146942,0.011765832470472306,1.038287497090451e-07
521,0.8909723363121141,0.9605878635912962,0.010870391578613284,0.033837026526405585,0.010871859050188833,3.3631211415752205e-07
522,0.023493704021776418,0.3370919426754892,0.02191576535592775,0.07857915937209933,0.021916356925740503,-2.95978223582849e-07
523,0.8019814148479093,0.9034282080815854,0.01062423470888673,0.03599189285585895,0.010625555200821866,4.148479092469515e-07
524,0.6653523630154496,0.8317928383752586,0.025056846416406212,0.06266806544800316,0.02507009228991992,3.630154495892768e-07
525,0.9547420000203244,0.9773816566132518,0.006430566052382808,0.018645370002842877,0.0064310614106759196,2.032440882260289e-11
526,0.8815440465692658,0.9548498030898712,0.0124026401493164,0.03877922159113604,0.012404117691843911,4.6569265776952307e-08
527,0.8412740713830674,0.9234019059996094,0.009413951817578129,0.030333217567057043,0.00941550937256678,7.138306745702039e-08
528,0.8790709716367204,0.9389049068861914,0.011589556026074208,0.03158054479454314,0.011590818962867483,-2.8363279613863313e-08
529,0.9048695935289447,0.9531026761370683,0.009715085755273436,0.027919790923740886,0.00971604320594241,-4.0647105525870586e-07
530,0.6511568383458621,0.9174693015919249,0.012184307799628907,0.03842453283684843,0.012185326552880533,-1.6165413785351745e-07
531,0.9295496087984294,0.9644519516529936,0.010155167883691418,0.02493592141929547,0.010158437736485603,-3.9120157058203375e-07
532,0.9479682312851336,0.9791413036678291,0.007462658877431646,0.020220045515233705,0.0074633422382126635,2.3128513360060055e-07
533,0.781390298068995,0.8845707471419203,0.013832083343847628,0.039047586926399244,0.013836065382835298,2.9806899493056704e-07
534,0.8885978398611557,0.9428029842948399,0.008220349045605469,0.027253212524194395,0.0082240351387502,-1.6013884429622038e-07
535,0.7797318778515193,0.8845200417948859,0.01210798405800782,0.04327348322663777,0.01210986985780353,-1.221484806634976e-07
536,0.8708894740894733,0.9339185269485327,0.014854630564355474,0.04046879658744798,0.014856500925025079,4.7408947323468453e-07
537,0.9310093246356619,0.967630820244123,0.008964499548037115,0.024840981700085633,0.008965386186628082,3.246356619079904e-07
538,0.9173833542384148,0.9697142336253339,0.006150433835839846,0.01915191230132494,0.0061515010019245605,3.542384148236266e-07
539,0.9437265434404769,0.9733315561041102,0.010294494172363278,0.028449112693238063,0.0102986805386283,-4.5655952307654957e-07
540,0.8742566070408213,0.938371011706673,0.009361732162207042,0.022608221242675818,0.009363936916136245,-3.9295917864112795e-07
541,0.8303979603262951,0.9307150325117785,0.009629284358593736,0.03588993562350291,0.00963000879622845,-3.967370487689692e-08
542,0.9092451308973151,0.963753433011367,0.0076156624867968715,0.02508321504956505,0.0076161860287558185,1.3089731509818847e-07
543,0.9128448092757141,0.956464168206216,0.008459722090917979,0.02465976164197972,0.008461032917288792,-1.9072428592004087e-07
544,0.9491414858493561,0.976577217695866,0.006757149926757813,0.016430180420193043,0.00675892494210826,-5.141506439487742e-07
545,0.914818181538136,0.9571201567245906,0.007845888924902327,0.02070277914289446,0.00784745076379059,1.8153813596821777e-07
546,0.8991602563654368,0.9551777266608374,0.010554776696093749,0.028997903338530567,0.010557488419722568,2.5636543687923563e-07
547,0.876479082825655,0.9368802164722209,0.014920516038867175,0.03822264536778771,0.014926296947403384,8.2825655001173e-08
548,0.8902854370453562,0.9527749227903025,0.01134362119892577,0.038881483203536946,0.011344916218843166,4.3704535623856344e-07
549,0.7918128604086163,0.907476743986663,0.01266136683046875,0.04326492061322598,0.01266328580453831,-1.3959138367436452e-07
550,0.6871699637844648,0.9011532455214799,0.011200577402656241,0.0378840359658672,0.011201425184089498,-3.621553512633824e-08
551,0.7207286019195672,0.947570238145083,0.010057765179931625,0.03373774516442786,0.010058326644475663,-3.9808043272859805e-07
552,0.8206901870655514,0.9068131269239058,0.01350247170273437,0.03901357252900234,0.013506057309737437,1.870655513824815e-07
553,0.8832499413400667,0.9464336961237206,0.010562740056054693,0.039237842704453484,0.010563847181043577,-5.8659933244165074e-08
554,0.9451031525804888,0.9759687380432518,0.00833746110771483,0.02403520447274391,0.008338579076020994,1.5258048879918107e-07
555,0.8451976140270258,0.9233650487620395,0.009859570141093742,0.037433794288364235,0.009860426409479463,-3.8597297424836086e-07
556,0.8518652068641387,0.9316199307434021,0.015116477867382825,0.04305333305974543,0.015122176494763152,2.0686413870762976e-07
557,0.8741918066862352,0.9356384834845616,0.00988547195722656,0.03216849813883001,0.009887157244930705,-1.9331376477360607e-07
558,0.9233045581494738,0.96874348411851,0.0064997216143847635,0.01844281878918457,0.0065000797156714455,-4.418505262782091e-07
559,0.6898989826284876,0.8713714351651085,0.011311127623339846,0.0398831465600744,0.011312589459906293,-1.737151245073676e-08
560,0.9069947302181075,0.9628595787160434,0.011387582942578115,0.028723514465519552,0.011389592005104018,-2.6978189249238227e-07
561,0.923601890807982,0.962656354495395,0.011650962298437503,0.02723156877985134,0.01165288358393244,-1.0919201798298417e-07
562,0.9287697365583839,0.9639537595251662,0.008722870096093759,0.023235340610823784,0.008725431017077614,-2.634416160773867e-07
563,0.8506978172178625,0.9283196412301055,0.008141774841894541,0.03361565081504051,0.008142628918984802,-1.8278213742561888e-07
564,0.8452229839327012,0.92243036720379,0.014335419571191383,0.036529275055370486,0.014340597537914697,-1.6067298713728917e-08
565,0.9035399123536141,0.9508363578672271,0.008014337466210927,0.025140265804542514,0.008016416480536505,-8.76463859267318e-08
566,0.8610387526659219,0.9390296983091564,0.011954299610839833,0.033647566431539905,0.011955350930925717,-2.4733407810728636e-07
567,0.8283715102844922,0.9229929774223017,0.01644814314999997,0.04727673421965277,0.016450405151445035,-4.897155078120718e-07
568,0.9227135641735403,0.961546676585335,0.011574618580761725,0.03159486182781168,0.011576366407187524,-4.3582645969930667e-07
569,0.880261120934433,0.9600076727320984,0.009169979941992184,0.027336272166382684,0.009172176907665992,1.2093443302330087e-07
570,0.9285241766487777,0.9640388210971256,0.010650133830468757,0.027905844698674385,0.01065152238422981,1.766487777166148e-07
571,0.7879029255577294,0.9391171813717512,0.012365605262753886,0.040673292950385326,0.012366677734808078,-7.444227057007424e-08
572,0.910796462844473,0.9613552823474929,0.010628861721093742,0.03205279904862086,0.010629928792676687,4.628444729704029e-07
573,0.9277693243096072,0.9637785956620057,0.00851008391569335,0.024026125654667628,0.008510895781957243,3.243096072802487e-07
574,0.8861602081013671,0.9451026544539756,0.00787681405297852,0.028432666262159078,0.007877365273582881,2.0810136713844685e-07
575,0.9248173090570077,0.9676317786054802,0.0095558989965625,0.027756538317006633,0.009556731145199842,3.090570076524912e-07
576,0.9325597534261624,0.9671364485475046,0.010086757558203126,0.028084657387958723,0.010089329824770487,-2.4657383757009654e-07
577,0.8912482490131286,0.953588552474896,0.008240482499804679,0.028400854567781433,0.008241408787176328,2.490131285615149e-07
578,0.8225248453873583,0.9590236011759801,0.012871120314804682,0.03937478985903366,0.012872233299455962,-1.5461264168958877e-07
579,0.8506263787028993,0.9664037931123078,0.008824381048300784,0.025255607974807404,0.0088251901145489,3.787028992618957e-07
580,0.8705571762885022,0.9448756389872529,0.014082630203027325,0.040330265510836995,0.014088827014385857,1.7628850212947356e-07
581,0.9031078181921464,0.9552833671142703,0.012636033936230475,0.03274256273887553,0.01263738181283613,-1.818078536608425e-07
582,0.8934894904901741,0.959722257152453,0.012440270259765632,0.034159404922462284,0.012441770349086497,4.904901741431544e-07
583,0.8444010799234944,0.9249305485116041,0.014595021678613289,0.04778464405978961,0.014596778038850167,7.992349448926461e-08
584,0.8792695874327762,0.937960401774822,0.013513952391406235,0.03856925236521616,0.013518568720364004,-4.1256722382865263e-07
585,0.9119991504377533,0.9569772208432133,0.007446038131933593,0.018512620537198723,0.00744718614323216,1.504377532546286e-07
586,0.9143835720420722,0.9625630388533795,0.01207970988935547,0.03754853187854984,0.012081302993999165,-4.279579277621792e-07
587,0.8097074394280348,0.9193075312341753,0.011320819663378912,0.03367015199089773,0.011321962667591232,4.3942803484853243e-07
588,0.9532803180260683,0.9769201365479863,0.0074233750282910165,0.020388573420386823,0.007423980669507013,3.180260682578151e-07
589,0.8855768729485461,0.9504340401399365,0.013908293352929688,0.03738295377088271,0.013910882380977287,-1.2705145380209615e-07
590,0.8807181151984743,0.9393946715321888,0.008495361689160156,0.028417894598093855,0.008496397330324264,1.1519847431529229e-07
591,0.9195742994479439,0.9616410221976938,0.010764942976171867,0.030641448832783136,0.01076606062030377,2.9944794388558904e-07
592,0.5863407691902196,0.8144236115427754,0.015897591976367205,0.05039189372744448,0.01590058816871748,-2.3080978039935474e-07
593,0.9556994508796962,0.9776987304946728,0.007441312293652353,0.018444911469065784,0.0074423512101580045,4.508796962454653e-07
594,0.8218042262107323,0.9104853066234517,0.014114633974609386,0.0441519271609982,0.014116239706757397,2.2621073236805955e-07
595,0.9154045711283754,0.9596229153474799,0.013600640740820324,0.03518264100033857,0.013603036850466956,-4.2887162465810036e-07
596,0.6986198973993605,0.8969003860883296,0.012936065552734376,0.04113018776332357,0.012938018172668814,-1.0260063953992926e-07
597,0.9513379619641977,0.9784453248065496,0.006685036441806643,0.019443159448409988,0.0066855399521501425,-3.8035802285563136e-08
598,0.9258716434632576,0.9662891130730875,0.006608060257714848,0.019729069427872666,0.006609131003689669,-3.5653674246294287e-07
599,0.8619863676032585,0.9304564069011246,0.017426905387988266,0.042670011985684306,0.017431489334536525,3.676032584998268e-07
600,0.8940073895247946,0.9503309026995977,0.009878923835546878,0.025661522058840976,0.009880783150928225,3.8952479464171574e-07
601,0.9317474367061881,0.9660599043960031,0.009651647849609389,0.02632782596531565,0.009654042669084649,4.3670618810054407e-07
602,0.7974615795381121,0.9299802543349293,0.011830856729785169,0.039779989385793024,0.011833336610188558,-4.204618878622668e-07
603,0.8731913170721928,0.9345155184256572,0.012845858829687504,0.04008652693189393,0.012847287413360194,3.170721927236997e-07
604,0.7521726301147234,0.9481217353581571,0.014222054535673805,0.041801655408744115,0.014223096877746417,-3.698852766298444e-07
605,0.89489850280413,0.9504280523962367,0.01070313331171876,0.029885221055415738,0.010705627731544713,5.028041299981467e-07
606,0.9450624066375565,0.9725383392225687,0.007201715602148443,0.01800615953430263,0.007202542172370432,4.066375565159319e-07
607,0.8394492524535239,0.9543026426750711,0.011908518781054683,0.04112844264778611,0.011912722498492876,2.5245352386349396e-07
608,0.8066859109747841,0.9127862918078633,0.013555488634179696,0.042094803153886626,0.013556853723941518,-8.902521586584555e-08
609,0.8956220873345729,0.9538971367385811,0.011533469245996074,0.03069658290696379,0.011537800394349167,8.733457290688307e-08
610,0.25908823409370296,0.683858927598469,0.024226122806445306,0.06462083435411187,0.024233064549533504,2.3409370297766685e-07
611,0.8914654537211618,0.9452228790656836,0.01403499061718751,0.03333165934340057,0.014041689431201864,4.5372116186381817e-07
612,0.9160286282715944,0.9571041572381573,0.009586139241210944,0.024264420558662632,0.009586764953541299,-3.7172840561261467e-07
613,0.8545052452743865,0.9286497520303683,0.009204356120410153,0.027378607802445283,0.00920542532595905,2.4527438657884204e-07
614,0.8228550935400742,0.9231614416579622,0.01611564818701175,0.05135933713387967,0.016117732238802144,9.354007424189348e-08
615,0.884429611341268,0.9558305905946035,0.009229734305273445,0.02280092028786174,0.009231083248084028,-3.8865873208671076e-07
616,0.8561374485034126,0.9327339730124211,0.016504577798730463,0.04050580496625072,0.016508447101389115,4.4850341252011816e-07
617,0.9550720196031613,0.9773874145916357,0.006061565325781249,0.017451856728013616,0.006062661373717955,1.9603161316439355e-08
618,0.8898324908053165,0.9601999256467719,0.01497182080605469,0.04076917091446171,0.014979391009794509,4.908053164998094e-07
619,0.8360598022119488,0.9254823374507946,0.01439767802382814,0.043495324391778924,0.014402732089426187,-1.977880512704644e-07
620,0.7559325358176875,0.883291728968762,0.01081390860634766,0.033078991452678404,0.010815009339612729,-4.6418231247624675e-07
621,0.9373877823489921,0.9693537776392537,0.0069065582847460715,0.021950941863124525,0.006907081703742935,-2.176510078832905e-07
622,0.9583671338999915,0.9801137646022412,0.007462875007617176,0.01969683741528957,0.007463716449096727,1.3389999153901044e-07
623,0.9346994371857377,0.9716667288104758,0.006846811064433588,0.01964410237709146,0.006847297948196073,4.3718573772277836e-07
624,0.804831638870771,0.9073985784033084,0.01767024026816408,0.04575924205870667,0.017680034949181814,-3.611292289651402e-07
625,0.9202806420450913,0.9611695182952836,0.009623970859863258,0.029385446313863462,0.009625283930509244,-3.579549087140421e-07
626,0.8043472066847508,0.9385944437082485,0.008190096068349608,0.034245931630026705,0.008190557778527858,2.0668475075868997e-07
627,0.9490270055549136,0.9746573994775704,0.006521283172753901,0.016174451541730674,0.006522260033162526,5.554913640182235e-09
628,0.6903562600574262,0.8376592210574304,0.02044152489853519,0.06198541438095014,0.020449581569468057,2.600574262601185e-07
629,0.8844015863000358,0.9520278677505856,0.01191352837812502,0.03300883250460623,0.011920500000298744,-4.1369996417461863e-07
630,0.9132943823912202,0.957257963121242,0.005668465601894535,0.02095470814072261,0.005668898014494108,3.8239122013283833e-07
631,0.847897917909643,0.9219170635733606,0.014022362633105464,0.03923820498117408,0.014023958612886652,-8.209035706752132e-08
632,0.8965905168527966,0.9551997550913478,0.01184734406992188,0.03130519943995747,0.011849799846141594,-4.831472034672046e-07
633,0.9130821194866091,0.9561197857349479,0.010427508538867192,0.026473977969122334,0.010428597897689268,1.194866091625002e-07
634,0.8443486350332321,0.9231894075298667,0.010263665799794918,0.0339564268864734,0.010264580786271184,-3.6496676791841764e-07
635,0.877108031244847,0.9375407765051328,0.011255557340888669,0.0335662002060705,0.011256422238784987,3.124484704297714e-08
636,0.8384383035729532,0.922360351024774,0.012008177896191394,0.03607124056595804,0.012009775830493013,3.0357295321969957e-07
637,0.8964663579798988,0.9671418591660745,0.009937818223242197,0.025119779988949622,0.009939591421502813,3.579798988351257e-07
638,0.8894089626188001,0.962597732362846,0.009592475259667983,0.028623053263246313,0.009595434159560769,-3.7381199913255614e-08
639,0.9422195918139257,0.9720539503098969,0.006025063209960941,0.01940343584558764,0.006026127066651576,-4.08186074274397e-07
640,0.9329255298603774,0.968042220896513,0.007811408075800768,0.023134528263287577,0.007812071218230942,-4.701396226769461e-07
641,0.8997457311019741,0.9678443939606023,0.009162725462011715,0.024976436090388413,0.009164621684557677,-2.688980259568652e-07
642,0.9002094339752855,0.9552295235901009,0.01247977831796874,0.033602487936027166,0.01248343771165119,4.3397528548538844e-07
643,0.7838560854832899,0.9331757604331734,0.01422539940410155,0.04132639675699096,0.014229926656690367,8.548328989110843e-08
644,-0.6528162921519756,0.7093700964072331,0.024483165846396454,0.07525695869521769,0.024483914516269047,-2.9215197561160977e-07
645,0.9427106317680303,0.97132019663217,0.006558285725292977,0.020555019820797858,0.006559364259912332,-3.682319696940439e-07
646,0.9193840543801082,0.963050544496051,0.00679052243047851,0.01962649257677685,0.006790878755220945,5.4380108194251875e-08
647,0.8007423026683155,0.8983682640232191,0.014696492127343757,0.04921986888511964,0.014698191048622312,3.0266831552161477e-07
648,0.8249897471200264,0.937246829458448,0.018061357085937552,0.05272836642962175,0.01806889569302656,-2.5287997362788417e-07
649,0.9034015687771,0.9521322947966518,0.01084945938076173,0.031333566276221775,0.010852269821293252,-4.312229000547063e-07
650,0.8817136305456127,0.9408273080009185,0.008247481195722644,0.02324234240188439,0.008247839974452137,-3.694543873056233e-07
651,0.8769909328424108,0.9501941456922024,0.010348357438183594,0.03446374160364318,0.01035448518420401,-6.715758915643022e-08
652,0.9032138356975516,0.9560485371648347,0.010104276926953143,0.02636113487318717,0.010105972117875154,-1.6430244831333596e-07
653,0.9140775726048566,0.9583806142989545,0.006848111377675777,0.017512286279677353,0.006848698285573206,-4.2739514338752116e-07
654,0.7882331636211215,0.893002135472876,0.018721350402734364,0.05360620763056091,0.01872371981832724,1.6362112154055808e-07
655,0.9602320798053565,0.981607422133924,0.005080347138769532,0.014875001928434084,0.005081455744216735,7.980535654539267e-08
656,0.8138023872082768,0.9335660515441133,0.016096049337792975,0.04254440604467102,0.016097986474507196,3.872082767752971e-07
657,0.8813322710603764,0.9406106022662474,0.011815944381347651,0.032931332660049197,0.011819862831354324,2.710603763667052e-07
658,0.8229122323073861,0.910186589174717,0.017864253673046872,0.0467373848407725,0.017875268213116788,2.3230738610546808e-07
659,0.8973008269296054,0.9484926200898344,0.011600287939355467,0.03047317595884383,0.011603718015806517,-1.7307039457126194e-07
660,0.892153431781255,0.9607673338926408,0.00798720397490234,0.02524196916010077,0.007988985976544004,4.3178125497256303e-07
661,0.8426964649416516,0.9204264700530623,0.013619060979199222,0.03972293642768963,0.013621731721304813,4.6494165162336287e-07
662,0.8768833573198926,0.9410195033657742,0.01188612989785156,0.039093757950225905,0.011887575828872413,3.5731989267429043e-07
663,0.924513593914408,0.9619696492489695,0.009155789779082022,0.027270301600819963,0.009156632716530855,-4.0608559193078264e-07
664,0.7948061406916324,0.920588666176077,0.018964842916406266,0.059790082519280516,0.018973123495197076,1.4069163234431414e-07
665,0.8553565443492963,0.929465079803834,0.013700546402246083,0.040071609323136366,0.013706243228174583,-4.556507037234425e-07
666,0.976875106365192,0.9884193349591489,0.005406556886914057,0.01364980813023982,0.005407200853714689,1.0636519198747862e-07
667,0.906790811955277,0.9533782314024215,0.011370132731542956,0.03482434807146008,0.011371778625922377,-1.8804472301514608e-07
668,0.8773809741070577,0.9370177003547813,0.009515585334960943,0.03607898027740831,0.00951657548515398,-2.5892942234762018e-08
669,0.7974830188253511,0.9154279846315712,0.014125273726464833,0.04171487312339406,0.014131209812465788,1.8825351055795636e-08
670,0.8683486640247314,0.936262734108385,0.012705099079101558,0.03688518919416183,0.012709484084965377,-3.359752686060702e-07
671,0.9426561893206521,0.9721658526720846,0.0059421089701171825,0.01473163292126839,0.005942958068468327,1.8932065204424475e-07
672,0.9646729425043167,0.9861463815344195,0.006716939988535147,0.018472702410661273,0.006717463530983442,-5.749568332547028e-08
673,0.9424080709087255,0.9796816172871516,0.007890035509999992,0.021594046355300024,0.00789069439726432,7.090872544690541e-08
674,0.7537329257916655,0.9231539133787029,0.013518877234667959,0.04558993582546236,0.013523022237067443,-7.420833447735475e-08
675,0.9400674832878,0.9697607962509731,0.010241485259960933,0.027939618572075508,0.010244217621246571,4.832878000016194e-07
676,0.8874396260153836,0.9490362049951067,0.013421122433593731,0.0348519670821619,0.013429437211896897,-3.7398461638638025e-07
677,0.8812861957318471,0.9405985191415835,0.010504579532128898,0.029413200086852206,0.010507964948345688,1.9573184706356272e-07
678,0.8488131460940832,0.9331303865787193,0.011174439622363305,0.03527615208912416,0.011176884231600128,1.460940831643498e-07
679,0.9140694260649619,0.9561592162372127,0.011548824605703127,0.02927364571555135,0.011549970966424478,4.2606496186703424e-07
680,0.7248999580650284,0.8780800018308001,0.021480339287207002,0.05664274009091772,0.021490314902269863,-4.193497160631665e-08
681,0.878950828299884,0.9577727883709553,0.010275044234667957,0.026941634200974028,0.010277586906585371,-1.7170011601397306e-07
682,0.7313829027203533,0.8927345031954473,0.014623190590625,0.04733986426554765,0.014625516790770985,-9.727964667138878e-08
683,0.9071559934013822,0.9577873801234055,0.011575341721093752,0.027251251196587205,0.011577956040934728,-6.598617763309278e-09
684,0.8589475113413262,0.927319328585491,0.013716009821191396,0.038243749456948486,0.013719562769502031,-4.886586738583887e-07
685,0.8929357069513757,0.9452954897033953,0.011060062259472661,0.035047687699041534,0.01106254359795797,-2.9304862425583167e-07
686,0.9569994451450646,0.980675330972837,0.0048815300966210855,0.016449447833117366,0.004881835053579844,4.4514506458703806e-07
687,0.7825498491850258,0.9191690639066822,0.012622381857421877,0.03773377711452965,0.012625699152555767,-1.508149741757947e-07
688,0.8820635903562666,0.9578153455927888,0.012188638037001945,0.028702566412019417,0.012189628132720832,-4.0964373337892823e-07
689,0.8785157856518022,0.9388472008901074,0.008906863471884751,0.028877166869018252,0.008907455529254036,-2.1434819774679426e-07
690,0.8419518328160362,0.9262553829653173,0.013568751642187496,0.04076155241877466,0.013573841801643276,-1.6718396378401224e-07
691,0.9426901048397989,0.9759922382263039,0.008144065971582024,0.02064466866727674,0.008145656300193711,1.0483979884234884e-07
692,0.9762381341580071,0.9898713308588816,0.004705134178710937,0.014396792336369816,0.00470612367274416,1.3415800703686642e-07
693,0.9423539407206354,0.9769204862385827,0.007394025516132824,0.019574399277019035,0.007394546863926955,-5.927936463923089e-08
694,0.9151275519383529,0.9567547622827087,0.010725485972167954,0.03210790159252923,0.010727731077091632,-4.4806164711808094e-07
695,0.8691439727786575,0.9643989490165278,0.009139374638232438,0.024436012605390887,0.00914009619526609,-2.7221342513428226e-08
696,0.9095508661526801,0.9567360991393046,0.010915186816308582,0.03538224387170324,0.01091649869671461,-1.3384731989418697e-07
697,0.9171948415146489,0.9635126714107343,0.0070519883315820165,0.017411811591830733,0.007052497255087863,-1.584853510649964e-07
698,0.40065371198281685,0.7967547050483601,0.019698308928789075,0.05684390384174903,0.019699723062771284,-2.880171831587397e-07
699,0.9139201222336799,0.9562979175067268,0.012797093160644523,0.03511311309824453,0.012801839478476318,1.2223367995556345e-07
700,0.9234539436526363,0.9622082301977855,0.012215593960839858,0.034895494235043185,0.012217252192597531,-5.634736366388893e-08
701,0.8055311781638438,0.9013544649919336,0.019789139363378942,0.05238340056565601,0.019794829288083654,1.7816384378921413e-07
702,0.8780797281215829,0.9412482283046039,0.012698546537499992,0.03565760363705573,0.012702583403262448,-2.7187841711295846e-07
703,0.9118594726078868,0.9588763305975456,0.007897289170214844,0.029589744236811252,0.007899742345143065,4.726078868255712e-07
704,0.7338535022391801,0.8841113314532848,0.012377915790576172,0.04390999651074041,0.012378631039018375,-4.977608198952765e-07
705,0.5032043984677723,0.7560388084565838,0.033090347046777366,0.09340133458513168,0.03310657339281889,3.984677723334329e-07
706,0.8503578750284094,0.9231295471267948,0.013221949010351577,0.0410866142188749,0.013225523780818522,-1.249715905204951e-07
707,0.6330806352323781,0.9202209350795875,0.0180629748116211,0.051649198130749675,0.018068959236465048,-3.647676218854201e-07
708,0.9013311501292662,0.9538131141492038,0.00801762650048828,0.032526555420282155,0.008018347715504375,1.5012926624091705e-07
709,0.8250639580084308,0.951858252516415,0.010580226152783196,0.030879971807362745,0.01058104519668023,-4.199156922179981e-08
710,0.6250209352632614,0.8509805945243475,0.01424079191669923,0.037872494924054825,0.014243607112943757,-6.473673863638396e-08
711,0.9134713538897812,0.9575237565575053,0.009424112839062491,0.028519453336766674,0.00942621190186316,3.538897811461439e-07
712,0.828307038941906,0.9499683880017795,0.013237661862695309,0.034042859104841346,0.013240283168660926,3.894190603315195e-08
713,0.9154248906180891,0.9593369543962998,0.010929779420996096,0.032191159168317086,0.010935938594104801,-1.0938191097320527e-07
714,0.7717353404335576,0.9204049685265718,0.023258387228320302,0.06608027276397095,0.023274354196370393,3.404335576773221e-07
715,0.9373241442866969,0.9704543678102214,0.0087564826456836,0.02334679204645882,0.008757206207832364,1.442866968126566e-07
716,0.8216191401905413,0.9197802034120085,0.01600467081054688,0.048686102763544375,0.01600791991083772,1.4019054128677766e-07
717,0.8385123130683529,0.9244156776952854,0.011544559203759753,0.038807453106911666,0.011545614837681888,3.1306835290845214e-07
718,0.9008508024827798,0.9500197578494306,0.011994736460937499,0.032652147960347204,0.012000079911720956,-1.9751722013516826e-07
719,0.8599063687567452,0.9289886027250793,0.016626433305664066,0.04321724261737644,0.016634463394917847,3.6875674525038704e-07
720,0.9551246874581972,0.9833333083328517,0.00753399167529296,0.02235770672128263,0.007535682042563906,-3.1254180277162646e-07
721,0.7170405034970821,0.8661377796790449,0.020542103457421846,0.0573945646631987,0.020550239336220508,-4.965029178904956e-07
722,0.8228746917067095,0.9192732828153896,0.01966881408876952,0.0493594418244681,0.019679240764518872,-3.082932905629221e-07
723,0.8559821525864534,0.9276044927663847,0.014840096251562511,0.038347759098553355,0.014845301637819398,1.5258645336135856e-07
724,0.9224989347861393,0.9634210246958929,0.01210292419013671,0.033447469484402116,0.012105868418445393,-6.52138606449526e-08
725,0.9181814955853601,0.9599992327267355,0.009770001851367173,0.03099726932552773,0.009771147034685212,4.95585360082984e-07
726,0.9561708398963128,0.9794783332333874,0.007855901796972655,0.023007642051278157,0.00785807024481543,-1.6010368719676649e-07
727,0.9337830397026176,0.966881358874652,0.008873888718593745,0.0250992077500279,0.008874774421613508,3.9702617526948814e-08
728,0.8820609052431284,0.9395962275230366,0.012994538314453125,0.035721181950525406,0.01300008565770463,-9.475687157145529e-08
729,0.9284647579792965,0.9642345664979277,0.013132431836718743,0.030645245855440213,0.01313556757911458,-2.4202070347811855e-07
730,0.9167975722740901,0.9638316958658595,0.008501447397753917,0.027091165811633386,0.008502800828524957,-4.277259099128017e-07
731,0.943938584070025,0.9761747806965765,0.00679779322626952,0.021847169203694974,0.0067992239468492345,-4.159299750172707e-07
732,0.8334483657666665,0.9168588429779793,0.011301599029492201,0.03659932562235707,0.011305780327632388,3.657666665102255e-07
733,0.8186658714777801,0.907616181247621,0.01691977507910156,0.05344621632372004,0.01692201939069068,-1.2852221986658918e-07
734,0.9428917620151667,0.9793658801532134,0.009155673733984378,0.028938914611960218,0.009156870029606646,-2.3798483328452136e-07
735,0.8894729672679806,0.9614418127947402,0.013552661359765631,0.04205892509798824,0.013555818458372476,-3.273201931719427e-08
736,0.9130461723344254,0.9605203626743003,0.012400513933300775,0.0301341010426666,0.01240398723702735,1.7233442539676957e-07
737,0.8245586805632981,0.9351879777755654,0.014382899505664041,0.04186722537904662,0.014389009300603819,-3.194367019787592e-07
738,0.8246928837204905,0.9087779788110946,0.013652730150585945,0.04708101244013817,0.013655068190478613,-1.1627950946557775e-07
739,0.9330856212643156,0.9761579056105686,0.007483262284775388,0.023367950743036783,0.007483819620613395,-3.787356843698575e-07
740,0.9064647531241816,0.955467498651378,0.009066322676660155,0.025286686669666613,0.009068673487221268,-2.468758183438169e-07
741,0.9311138842097384,0.9655096354168979,0.0067766215389160125,0.017342417664896886,0.006776931815588721,-1.1579026160113415e-07
742,0.8784198235068842,0.9444297946324354,0.013128492398437514,0.04289157700661747,0.013134777390732457,-1.7649311578882276e-07
743,0.7729151370684819,0.9110053390785959,0.011708872460546884,0.039218577152192347,0.011710679725248299,1.3706848189798393e-07
744,0.8285728834281747,0.9426936995872331,0.017509744502441405,0.043301940263084024,0.017516573217645947,-1.1657182530377952e-07
745,0.9368527025746685,0.9695375415007538,0.010350885960644535,0.02465252509332499,0.010354485792891702,-2.9742533158572115e-07
746,0.8996439154581353,0.9489556061205179,0.01213320353017581,0.03281289093967233,0.012134927266256663,-8.454186473105807e-08
747,0.8999903210689297,0.9650529401348147,0.007026687475097656,0.02317170278585929,0.007027533294247132,3.210689297761249e-07
748,0.8717572307777128,0.9393073013037422,0.015765354486914036,0.03857507531461813,0.015771033691344905,2.3077771282853377e-07
749,0.7575578325789821,0.8776241200297054,0.017066032114160145,0.05511379612202111,0.017069188343638388,-1.6742101782707408e-07
750,0.8249716943187555,0.9345496608469334,0.009260280082128895,0.031934338289675214,0.009261922223717736,-3.0568124453900225e-07
751,0.9363605298597584,0.9692405146301459,0.007345271417675787,0.01854827145869248,0.007346198446946344,-4.701402416262823e-07
752,0.8612429924510696,0.9287405690297996,0.015241323851562492,0.04327365991840667,0.015247630420931366,-7.548930369694062e-09
753,0.9288866727399717,0.9730120174080876,0.0067725626952539015,0.022592342816782483,0.00677306323302542,-3.2726002829885914e-07
754,0.9140529726491584,0.9572804606959184,0.009501834359667961,0.029682497200568116,0.009503938489832279,-2.7350841591555763e-08
755,0.8235113673847008,0.9228400156575766,0.009900517654433593,0.03146483131222215,0.009901217508527528,3.673847007723552e-07
756,0.9647508447997512,0.9827357470586698,0.005638310333222651,0.014852203263519687,0.005638711924766966,-1.5520024887472061e-07
757,0.5728226676430435,0.7672980459066663,0.027514521364648416,0.07003418176769609,0.02752610455038378,-3.323569565116813e-07
758,0.9441407741902039,0.9718712022522311,0.004248969216132813,0.012308313277857903,0.004249121680015076,-2.2580979608388674e-07
759,0.8267618522902769,0.9132481840704845,0.01229765873544922,0.038518699442847845,0.01230006762374289,-1.477097231195046e-07
760,0.8640602161473301,0.9410394382156174,0.009747847870214852,0.03269917148528131,0.009749229891796623,2.1614733003438857e-07
761,0.9379320631057785,0.971962008478872,0.007077878239990222,0.020106235254973768,0.007078385845549897,6.310577849166776e-08
762,0.9673427219858819,0.9836309596545999,0.007708896647460939,0.018527590854842783,0.007710644865007763,-2.7801411806027687e-07
763,0.7828761407074155,0.9227858925064536,0.012348359626923846,0.042993033449253544,0.01234936262931326,1.4070741549687682e-07
764,0.946647193049586,0.9760341012503482,0.007665327525292967,0.0226443599925645,0.007666839925237502,1.9304958598365118e-07
765,0.8937977978070396,0.9599698312034359,0.008037436677158212,0.028608601737192572,0.00803805681380406,-2.021929603746031e-07
766,0.573667597270904,0.8540171205084106,0.01772729618281248,0.05594239906151047,0.017729357773809646,-4.027290959607299e-07
767,0.7909731403109028,0.9234815063428946,0.011499920221582015,0.03767501855999515,0.011502892260664659,1.4031090278532332e-07
768,0.8595096350022956,0.9286416116930488,0.00906212549337893,0.030514179748514704,0.009062829421465754,-3.6499770439402113e-07
769,0.8906888719126508,0.952665017853843,0.008197117681835935,0.02445227280819674,0.008198089023395973,-1.280873491715795e-07
770,0.8423759849829495,0.9178296376633239,0.015936233847460932,0.046806060468886634,0.015942067481982618,-1.5017050492005524e-08
771,0.9010707541191328,0.9496154981794833,0.01001772996513671,0.03116301515321308,0.010018771941463674,-2.458808671113033e-07
772,0.5441580792972995,0.7677021936215673,0.02702663663486331,0.07508573216006043,0.027031083061512456,7.929729950451048e-08
773,0.8646314352748516,0.9319396625718346,0.009116343172656244,0.02801323324268488,0.009117445593090474,4.352748516067706e-07
774,0.6615007049757977,0.8305936354979254,0.019604643008496056,0.06526213656502977,0.01961292555480302,-2.950242022903282e-07
775,0.8875888810744648,0.9598637847649057,0.013068703577636722,0.03768202500807064,0.013074706321745747,-1.1892553519743387e-07
776,0.6747946965198655,0.8417003105038184,0.011459456094433593,0.045804267910082845,0.011460231729563983,-3.03480134578038e-07
777,0.9521018266812931,0.9760663032899106,0.007004702034326173,0.019808271509519953,0.007005235045497959,-1.733187069419273e-07
778,0.5856493568644756,0.781066508621193,0.014580533548935551,0.06398920536762794,0.014581862149641238,3.568644756368755e-07
779,0.8172899033699697,0.936808054026096,0.010129017959082031,0.032720061497389145,0.0101305948570857,-9.663003031068484e-08
780,0.8006939804897856,0.9498792542435279,0.009332818673623034,0.029817982361181536,0.0093333269572758,-1.951021444401846e-08
781,0.9192931203879623,0.9605743381112054,0.010744013782031239,0.034762752340905805,0.010745455907103072,1.2038796226576665e-07
782,0.9108229248360036,0.9606283881586131,0.012314754550390607,0.031469413472211265,0.012319460555988234,-7.516399647133909e-08
783,0.8611954721973908,0.9311018393361762,0.012347959781250016,0.03404585438156738,0.012350548773682083,4.7219739074400024e-07
784,0.8701816765555281,0.9391720026366802,0.013493583816113272,0.040858010662849484,0.013496918568618305,-3.234444718724916e-07
785,0.4955195646900332,0.7210624338626377,0.01485272917711914,0.06267301130560447,0.014853993721816687,-4.353099667953053e-07
786,0.8753596682295658,0.9364096006950771,0.012772343789355451,0.04051595384410949,0.01277525666285189,-3.317704342364891e-07
787,0.9378301613669633,0.9728840812567051,0.010569790870703125,0.0250235293343979,0.010573790317013318,1.6136696323609812e-07
788,0.887407540125132,0.9637086635782893,0.01073547702490235,0.03187211815341823,0.010738592119732668,-4.5987486796406074e-07
789,0.9124623309708473,0.9570711237937984,0.00966106369404296,0.030443401786985312,0.009662104761675767,3.309708472842843e-07
790,0.7376596080541455,0.8919924988156007,0.01201450527041015,0.043923764950853365,0.01201644771957086,-3.9194585443880214e-07
791,0.7276158439194507,0.9007418724862508,0.012857844859472665,0.03089489885772646,0.01285948369779408,-1.560805493738826e-07
792,0.9556376585288233,0.9776298168286114,0.0053978481125292995,0.018652154496307524,0.005398234491864825,-3.4147117666805116e-07
793,0.8659500526994971,0.930789129168092,0.011783162402148441,0.035811904351742106,0.011785144945193187,5.26994970995176e-08
794,0.832760965879089,0.9325649671977286,0.007914507758007824,0.02394418825863618,0.007916818433470547,-3.41209109855356e-08
795,0.9419407659346537,0.9715471275600462,0.006455632925605466,0.015396481537951702,0.006456208141986373,-2.340653463273057e-07
796,0.774707085233926,0.92803060813548,0.012301268687753915,0.03936770784139934,0.012302391536256223,8.523392591719414e-08
797,0.8803401892554492,0.9461193917031361,0.009283127411621076,0.033995191967951144,0.009284061250778798,1.8925544920112003e-07
798,0.8900927334888347,0.970624577569979,0.00946403709394532,0.026260692880015635,0.00946642396565716,-2.6651116535880703e-07
799,0.8064774283929316,0.9546483321029048,0.012137767699902323,0.03806728147376262,0.012140228578866286,4.2839293157292957e-07
800,0.8786271207081118,0.9413756786354465,0.00911254131445312,0.023707665483336932,0.009114356072979375,1.2070811172826268e-07
801,0.9192650172368848,0.9613132377605728,0.00943892571738282,0.030433193571218205,0.009441237479909676,1.7236884808369268e-08
802,0.8800321871842517,0.9429280590680095,0.012028016476757804,0.029544607260528474,0.012031591681070063,1.871842516543154e-07
803,0.9097540301256716,0.9556949789080712,0.01026517509160157,0.028254202334760434,0.010269755312096918,3.012567162397062e-08
804,0.7474104657672473,0.9142566329874803,0.013581084052246107,0.0381981647985361,0.013584253236791445,4.657672473262764e-07
805,0.87334161785,0.9412817367566962,0.009850344089160155,0.025780412988958105,0.009852940321199499,-3.821499999778766e-07
806,0.8256466370899443,0.9204612920871237,0.01622112483265627,0.04282372219329148,0.016222704629969595,-3.629100556734599e-07
807,0.8939823502920959,0.9467939986133329,0.00828141399789063,0.02940495690223708,0.008282055760146349,3.502920958853295e-07
808,0.9188904927833682,0.9592527567868843,0.009679525788867197,0.025750532781003595,0.009682294038063949,4.927833682222271e-07
809,0.9059507824699458,0.9591370056217384,0.011052156991894534,0.030153362292662977,0.011055430117812364,-2.175300541917835e-07
810,0.8479198072511416,0.9236174055442115,0.015780972010546877,0.04958550175537616,0.01578808402770982,-1.9274885842968104e-07
811,0.9346128392556714,0.9678184668609977,0.005814236652929693,0.01741559246034569,0.005815575133716806,-1.6074432862556165e-07
812,0.8535664194818908,0.9319912377703365,0.013328463509375006,0.03917957529985793,0.013330335136417364,4.194818907787834e-07
813,0.8711392554172817,0.9398140459973613,0.008434755141699215,0.028416171287369278,0.008435765205638301,2.554172816582323e-07
814,0.6393990494762887,0.8114454974178039,0.01963108514472653,0.055166479745763296,0.01963849538335807,4.9476288621619346e-08
815,0.6595714780556031,0.9154217546563161,0.012921163121982411,0.0330859084187646,0.012922347226380164,-5.219443969251003e-07
816,0.9652966796236657,0.9831719846121817,0.006500679350781251,0.016062466378900783,0.006501903769143154,-3.2037633423964706e-07
817,0.9348754595407056,0.9670023814678468,0.00922249920741214,0.022930437792772585,0.009223391490110833,4.595407055996148e-07
818,0.8727876078707432,0.9396949556774068,0.013707224054980472,0.04213520061927076,0.013711037507213458,-3.921292568431767e-07
819,0.6476139384550399,0.8101931610991893,0.017401109511718763,0.050594050490495396,0.017407927831483868,-6.154496012822364e-08
820,0.9444654956373429,0.9735097790318704,0.006342272020117188,0.019568657872927747,0.006343872001096325,-5.043626570833126e-07
821,0.7670172444142822,0.8901476582109222,0.01390918437011719,0.04843087964965932,0.013913750253528137,2.444142822577433e-07
822,0.7418842792453275,0.8750621495935041,0.01259441210585939,0.03745935993601206,0.012600139597594564,2.7924532752798825e-07
823,0.5582455298336771,0.7576015954294454,0.016831326027148406,0.05574391232325498,0.016839098552585825,-4.701663228745545e-07
824,0.8260662599870485,0.9473218224274272,0.009896785153417973,0.03230275636433126,0.009899366877611615,2.599870485564537e-07
825,0.8839251379805224,0.9407708623415586,0.010324293397753894,0.031105577455608692,0.010326319203696322,1.3798052245217463e-07
826,0.8000748542991962,0.8990574315379707,0.014665780029394532,0.04926354852083599,0.014669509394221984,-1.4570080375531091e-07
827,0.800244085563248,0.9327917909752382,0.01451276742404297,0.038309469074809005,0.01451414421225003,8.556324804231963e-08
828,0.8296269667635372,0.9290920673326968,0.01580022167373045,0.046899475092761635,0.01580426862222288,-3.3236462804175915e-08
829,0.5824598602245098,0.8105601953418893,0.026657732929003922,0.08025776686883913,0.026663779159571344,-1.3977549018218127e-07
830,0.9008021707711636,0.9533477151637683,0.011567046167333972,0.03239521067588479,0.011568181439740014,1.7077116365449285e-07
831,0.7617001950628508,0.896242220128079,0.016922883829296863,0.04338421578617628,0.016927558757210494,1.9506285076076324e-07
832,0.923866542607894,0.9631032210877196,0.0069211738041992064,0.02015828723743012,0.006922661933529481,-4.5739210596806856e-07
833,0.8807733343032368,0.9428934583751237,0.009771737048076181,0.02953455888234708,0.009772523108204055,3.343032367597587e-07
834,0.7725134431600681,0.9142453173734582,0.01407102080869142,0.044696954338415626,0.014076560891200591,4.431600680865344e-07
835,0.8988712958538924,0.9564598375538117,0.010491959955761711,0.02733858757371783,0.01049354894036065,2.9585389238473425e-07
836,0.9432779599462786,0.9734632811857865,0.006219513527539062,0.02102859361376004,0.006219968359864192,-4.0053721339639026e-08
837,0.9078077243160204,0.9562915557627492,0.008661783488193355,0.022932827591076975,0.00866237894627241,-2.7568397953370294e-07
838,0.9160933428998127,0.9576723879537017,0.007137977505371094,0.018556647764578185,0.007139081557194832,3.4289981265533953e-07
839,0.8646481324618064,0.9392441424305336,0.014473797092773428,0.03911776398692819,0.01447915280977288,1.3246180641246497e-07
840,0.9366073094681727,0.9719437145894593,0.010509326761132828,0.02888360813262727,0.010513132360504284,3.094681727544568e-07
841,0.8629450352640193,0.9421126621112962,0.011695279453222653,0.036395450979331306,0.011700258281679643,3.526401937126167e-08
842,0.8454132259377232,0.9532072978932437,0.01158161746240235,0.0344193006453265,0.011582994824116071,2.259377231972337e-07
843,0.7844610764486596,0.8877915786478756,0.014825582259960939,0.0396736701090318,0.014828854384589243,7.644865962497249e-08
844,0.9583664226791431,0.9791731662460493,0.00890718101728516,0.022672208439506184,0.008908295227655735,4.2267914301952203e-07
845,0.9200836120902488,0.9596562050340849,0.007878919809765638,0.030666042684346532,0.007881291829557513,-3.879097512093921e-07
846,0.8880101880240947,0.9450200815960701,0.013992455821484383,0.04182853446059295,0.013994420009704286,1.8802409473828163e-07
847,0.8500480276617258,0.9401106021018427,0.011329049861914069,0.03500687569061928,0.011330188185526729,2.766172579882209e-08
848,0.9009992498446485,0.9494051876934105,0.01253615157480467,0.03255613642407518,0.01253974996138999,2.4984464852551014e-07
849,0.930282573727717,0.9645788133604785,0.012470178728515649,0.03265368305829695,0.012472075618968612,-4.262722829162513e-07
850,0.6005407525117028,0.9112854637772602,0.01524637294983399,0.042380643203668085,0.015247153704277448,-2.474882971892356e-07
851,0.9121893263660279,0.9577784528872131,0.010065184966406264,0.029727857762798616,0.010067496992259279,3.263660278696179e-07
852,0.943396744991492,0.9723184816298518,0.0068433146556640565,0.019456871606426878,0.006844155821578164,-2.5500850808768405e-07
853,0.9353826254729747,0.9678678685010886,0.006696478149189453,0.024793490402175364,0.006697005656587059,-3.745270252819566e-07
854,0.8545183654595134,0.9637858316855805,0.008725251490917971,0.026793407481162008,0.0087263555895684,3.65459513429478e-07
855,0.6872569735935938,0.8455431143549708,0.022967412411523457,0.06339727960428543,0.02297557059321259,-2.6406406172796437e-08
856,0.8380984345802733,0.9258914816836658,0.015198915747949229,0.04532082000980134,0.015204355165306601,4.345802733229931e-07
857,0.9043836745826905,0.9522570526486547,0.01679634756845704,0.041456431222172976,0.016799244060519466,-3.2541730943247416e-07
858,0.9140485991889195,0.9567496524643685,0.008175325980957035,0.02134197180151474,0.0081766041967847,-4.0081108054756953e-07
859,0.904443300340883,0.9696429619146472,0.011737168511914055,0.04077462397490789,0.011738638754114595,3.0034088305264106e-07
860,0.8454074566944538,0.9555725350901126,0.010235918210156264,0.02874715747541769,0.010238323512808949,4.566944538098028e-07
861,0.9273633576961091,0.9679072311502357,0.007439114346230471,0.023255246825329385,0.007439710035480536,3.5769610906566385e-07
862,0.5393725076425917,0.7557886604526196,0.011790099701406253,0.04724579994270052,0.011790891960324752,5.076425917405203e-07
863,0.8019428195843306,0.9216834761111609,0.011473584843857404,0.04258896297419678,0.011474461571895281,-1.8041566940407705e-07
864,0.8617988818230322,0.933556778796053,0.012111032402636734,0.032640166607463446,0.012114864861389012,-1.1817696776716957e-07
865,0.6885341105578995,0.8638969539057435,0.011292711508886744,0.03985558162645691,0.01129635001352216,1.1055789950198402e-07
866,0.10031482373167078,0.6078529184590749,0.019692997985937478,0.07419177435959781,0.01969847312138584,-1.7626832922446045e-07
867,0.9534384922226904,0.9792811096270218,0.007348043087499997,0.018265575474703092,0.007349252914165474,4.92222690384736e-07
868,0.960917366873044,0.980747894511628,0.006600135278115231,0.01789195361052011,0.006600671396461253,3.6687304394433795e-07
869,0.9423753886981565,0.9711511008642885,0.008575835108789068,0.024035430319874363,0.008577883358079807,3.886981565504044e-07
870,0.9295693158779501,0.964265727345275,0.011015920524804688,0.029356678199830406,0.011020252592711034,3.1587795012999464e-07
871,0.8336992531342329,0.9291896123199387,0.013069742968457053,0.04120406052061237,0.013071156814055192,2.5313423290818093e-07
872,0.784572105747575,0.8865033436882976,0.015794228827441407,0.0502146273076752,0.01580016141991082,1.0574757491887965e-07
873,0.9588463144910386,0.9792271298566599,0.005865388995703131,0.015012610368856203,0.005866366470216681,3.1449103865544004e-07
874,0.8589230405446431,0.9636321330334201,0.010676284474902351,0.029398880607651338,0.010678859159592474,4.054464308733685e-08
875,0.942228262017885,0.9707198030099069,0.00768023876289063,0.020484450561878382,0.007682785550216192,2.620178850554211e-07
876,0.6738527282963638,0.8927085705390738,0.013883071762890628,0.03394324807157475,0.013885002897424602,-2.7170363625650396e-07
877,0.878609446604529,0.9420823658409984,0.010584799616601553,0.030210183110200187,0.010587514194892293,4.466045290252296e-07
878,0.12402028412722843,0.6799261798064544,0.02298144883818361,0.07476980360407998,0.02298451420469574,2.841272284254126e-07
879,0.9075008786096567,0.953483886778779,0.01014671705097657,0.027701308941785702,0.01014942593783409,-1.2139034333280563e-07
880,0.9507569329281644,0.9752479696510882,0.008495578279687499,0.02425765748378041,0.008497589847850978,-6.707183553000817e-08
881,0.954664264235028,0.9783278191822252,0.008611599292578124,0.022793185621682,0.008612888438713232,2.6423502808015087e-07
882,0.7123873366124742,0.8647021879625977,0.01570153523886719,0.055328776214212026,0.015702872488579052,3.3661247422767104e-07
883,0.8105093514337542,0.9263188871985506,0.01776487252392578,0.051784806482232514,0.01777156116019358,3.514337542087631e-07
884,0.8730988451765944,0.9366542874573947,0.013574610084277352,0.03624363049488067,0.013576111708125942,-1.548234055404052e-07
885,0.7765374238996403,0.8849521983661808,0.018132482019531288,0.055959095362525094,0.018140567613373296,4.238996402783357e-07
886,0.9092556362597305,0.9590277759202287,0.01132003036777344,0.032471996812479365,0.011324356412344975,-3.6374026946006666e-07
887,0.8867017868549225,0.9466434547556674,0.007202396340820316,0.024183403769087432,0.007203556493763594,-2.131450774767174e-07
888,0.7757014764229487,0.9053098645625207,0.012134957442187497,0.04234337367440214,0.012136735322203007,4.764229487586036e-07
889,0.8856306483852656,0.9417934717941472,0.011083197506582047,0.031883137668999154,0.011084143571488302,-3.516147343285425e-07
890,0.7288013995732907,0.8943424054795023,0.009166341222734362,0.0333084797222418,0.009166626145766531,3.995732906769689e-07
891,0.8721370963005911,0.9363470035840004,0.010296596772998054,0.03120356556501366,0.01029745024101723,9.630059105703026e-08
892,0.7689499503571475,0.9244803089632095,0.01140475122597657,0.03977318767613386,0.0114081078449559,-4.9642852495423995e-08
893,0.5043402612447654,0.8427252640119913,0.013970235083691414,0.049273693556030056,0.013972364982106009,2.6124476537603414e-07
894,0.920918638984051,0.9641319686517178,0.011499562059570314,0.03211507420301053,0.011501326313571111,-3.610159490241571e-07
895,0.8483166429075549,0.92375823476483,0.012555153467119157,0.03756863373046707,0.012556317149802591,-3.5709244505799376e-07
896,0.8368009003128393,0.9167196428611663,0.015562136889062507,0.046797698539987165,0.015565290502527416,-9.968716074837403e-08
897,0.9008969275506132,0.9517655086887017,0.010458280947070313,0.026511849793401526,0.010459733521643663,-7.244938671213674e-08
898,0.9241569474366926,0.9689192197833941,0.011290351162402339,0.02855329220129296,0.011293505842891767,-5.256330737335446e-08
899,0.8152891889705058,0.9629103388515051,0.010406517140830076,0.03270001205977867,0.010407437388507733,1.8897050579891328e-07
900,0.9027271759980169,0.951712666941057,0.008786375081249995,0.03049889510349269,0.00878907431495664,1.759980169380171e-07
901,0.9099397333221312,0.9621512497837701,0.009495194734179688,0.027424276717926424,0.009496992059870701,-2.666778687876459e-07
902,0.9173619985622596,0.9626200643731034,0.0112042223958008,0.03161852003821356,0.011205606943786363,-1.4377403712018122e-09
903,0.7961362706382643,0.8973251096460012,0.019497550637499982,0.05569790603825883,0.01950338396897243,2.706382643546945e-07
904,0.9136552528433597,0.9659604814802226,0.010134713402441417,0.033794428892616704,0.010135865136742559,2.5284335969377736e-07
905,0.8476850343526102,0.9211162215667784,0.013327632689355464,0.038257116734669055,0.01332982530032227,3.4352610200905076e-08
906,0.8005279986811594,0.9479210656996768,0.009353436116503907,0.03339780268046764,0.009354414832445607,-1.3188405922903712e-09
907,0.9086063501974937,0.9541539086044494,0.011277151892871097,0.03191766264958932,0.011279795608502594,3.501974936703789e-07
908,0.7818198294581278,0.8870473579901389,0.017264205829003895,0.051982642055539416,0.01726894809974083,-1.7054187217979688e-07
909,0.4787584843702247,0.7256992979290585,0.01534255765839844,0.054507499780071605,0.015346370998326683,-5.15629775266202e-07
910,0.8253487274295149,0.9201058824860706,0.012671694884863277,0.039712019218208154,0.012675623736269891,-2.72570485071455e-07
911,0.8694227178979634,0.9356231190777607,0.013463521197851573,0.03591267128339382,0.013466002834047856,-2.821020365084692e-07
912,0.8631392606789198,0.9493033989918396,0.012283088146191407,0.03892135354833679,0.012285124498944052,2.606789197834303e-07
913,0.9271359602846785,0.9669478305476872,0.006753363349589843,0.023086266711954337,0.00675388985852921,-3.971532147595269e-08
914,0.9237443008230147,0.9626036008672686,0.00956127757402346,0.0261869869519068,0.009562060038543862,3.008230147205637e-07
915,0.9086987490764978,0.9568202171973593,0.007822673256552715,0.027813828255291002,0.007823271209433524,-2.509235021985745e-07
916,0.7808473494727678,0.8864613851103236,0.012787560850000013,0.0385873071024994,0.012789999520487583,3.494727678354792e-07
917,0.19436091948711143,0.6532317636343956,0.025408576072753868,0.06900835427117097,0.025414221547265622,-8.051288857835459e-08
918,0.9045392182302765,0.9530883759886745,0.011058414558300794,0.033404255482895585,0.011059537461894095,2.182302765163513e-07
919,0.9421285178668372,0.970830364116511,0.007851900870800786,0.021380556722120442,0.007854078022013896,-4.82133162837961e-07
920,0.8015315182947635,0.9125388534698787,0.011489266759570332,0.04444803114488193,0.011490504232870841,5.182947635518076e-07
921,0.9346010269595385,0.9668182699361103,0.009953129539355465,0.026827104852546118,0.00995652261971208,2.6959538490523016e-08
922,0.8916397013919414,0.9527212949861964,0.008855557267041018,0.024232767306232993,0.008856148750352457,-2.986080586131479e-07
923,-0.3656533104194206,0.6168103756239153,0.0218157518681055,0.07153682975750762,0.021816524134226436,-3.1041942061271754e-07
924,0.9692415005219506,0.9845768079340815,0.007002023347656262,0.01744433887557569,0.0070029608270192134,5.005219505527236e-07
925,0.8354701708381271,0.9161885347739414,0.0093368249913086,0.03276849942198279,0.009339617919991012,1.7083812708929003e-07
926,0.8621037543579618,0.9368041812840715,0.018826305939648413,0.047055818653805974,0.018832271229167464,-2.45642038154692e-07
927,0.8907036278676798,0.9519436112679955,0.007876121433593748,0.025875567020898233,0.00787761259003196,-3.7213232029209564e-07
928,0.7396651508882652,0.9087251254341546,0.01953999873466794,0.06309430282155942,0.01954217096031477,1.5088826521569842e-07
929,0.7832661592952659,0.9125458384901699,0.009972248830566402,0.02662481723523358,0.009973491189467257,1.592952658668878e-07
930,0.9367249165266429,0.9699816910735045,0.008477284564160142,0.025617168875740136,0.008478770029407508,-8.347335711533788e-08
931,0.8934708936133007,0.9465010141175505,0.0080093934928711,0.026748251668112056,0.008010634701465982,-1.0638669933893397e-07
932,0.8208459644515305,0.9157776670364224,0.016381634706933577,0.039377878070796776,0.0163879169214743,-3.554846950137858e-08
933,0.7749928873666835,0.8902047168804026,0.017373377053417967,0.05114301748707823,0.01737562198899163,-1.1263331656241604e-07
934,0.9569264235091055,0.978239846828639,0.005589217324902337,0.014317589554596076,0.005589728380073293,4.23509105451636e-07
935,0.9016828537631938,0.9595269111052585,0.011045239233496078,0.03066323782035307,0.011049840872323328,-1.4623680621994595e-07
936,0.8921310784000732,0.9457135274276588,0.013441878400195324,0.030238331562834043,0.01344514402265675,7.840007321124887e-08
937,0.2978562486716202,0.6161111868286736,0.020818543629785146,0.07002759481506468,0.020820739174649036,2.4867162018438194e-07
938,0.8526789562257167,0.9276109819032117,0.012265363379199224,0.04253055058552784,0.01226734917842871,-4.3774283309261364e-08
939,0.7139480061793257,0.8811118679234649,0.020916591684179715,0.05358934694770285,0.02091936203529405,6.179325717781126e-09
940,0.7162974605695818,0.9411247997054136,0.010283610050000004,0.03477634261093313,0.010285866376162838,4.6056958180606955e-07
941,0.9220475327915603,0.970026663418173,0.009912096256542971,0.02573077228371502,0.009915017339631434,5.32791560314827e-07
942,0.9094892230448101,0.9622792386749226,0.010997493622363274,0.03361292164042075,0.011001626574814405,2.2304481006596433e-07
943,0.8939114188454558,0.9648891673917898,0.010562470049609368,0.030864533638181185,0.010565551614241504,4.1884545576298393e-07
944,0.8116766919016312,0.9037791974142512,0.018484863700683626,0.04590400855926275,0.01849314477372157,-3.0809836881751096e-07
945,0.889068107944526,0.9554306611101044,0.013469865994335941,0.03265138234252852,0.013475238183712927,1.0794452598439364e-07
946,0.9540196926681597,0.9769095582711524,0.009072395750097639,0.022404565164483366,0.009075410836630708,-3.073318403101766e-07
947,0.5972210668139204,0.833323271793562,0.019757689683203128,0.049781834475213366,0.019762656169131962,6.681392039631362e-08
948,0.9390246080799802,0.9798805881362443,0.007891207741757816,0.02251670859411811,0.007891915655509979,-3.919200197710637e-07
949,0.937979439189902,0.9730466174061175,0.007408281698925783,0.019653798985456335,0.007409957262173768,4.3918990200175756e-07
950,0.7793517773043757,0.9278609474197695,0.013629927668261712,0.037971225620034195,0.013631623263621441,-2.2269562438559376e-07
951,0.8930865464682295,0.9559088126558276,0.013190624646777347,0.040509760012447854,0.01319230592569451,-4.535317704723596e-07
952,0.8223838132249057,0.9129417884830581,0.019151882504199226,0.050237373596560254,0.019157124506492186,-1.8677509427966754e-07
953,0.9208705373770513,0.9688348325299261,0.011500432205664067,0.03281848041407166,0.011502171415647529,-4.626229487270095e-07
954,0.9352582687967751,0.9697813128842118,0.009781891015332037,0.027620701518495324,0.009785800139127814,2.687967750603093e-07
955,0.9384808267597357,0.9713421507886308,0.009413526441796879,0.028795379281545883,0.009416152187623233,-1.7324026435616702e-07
956,0.9570623852503118,0.978546991335775,0.008300132885839844,0.021224438825965336,0.008301579722510992,3.8525031187397474e-07
957,0.8822257634653351,0.9600326101267114,0.013426024930566402,0.040783265390960034,0.013430466800938895,-2.3653466485473729e-07
958,0.8371640762789787,0.9160730945292826,0.013014388529980476,0.03976598216916757,0.013017949877866258,7.627897868900391e-08
959,0.8505711034899819,0.9431190381398629,0.01515867595996093,0.0409060615357513,0.015164250265570152,1.034899819174484e-07
960,0.8966979159543849,0.9555231499875602,0.008437215457519518,0.025918820014711557,0.008438246435718437,-8.404561513408737e-08
961,0.958217457553096,0.980643383178545,0.007659337728164062,0.020449265222268545,0.007659984450846466,4.575530959671781e-07
962,0.9313961483395711,0.9650898203086701,0.006863969683203125,0.023110956943981877,0.00686493459644221,1.4833957107107665e-07
963,0.7802253921555763,0.8881511524465622,0.0064933786580078055,0.03232149396324935,0.006494566843558031,3.9215557634530995e-07
964,0.9232344478376578,0.9611708245444198,0.006136517872822269,0.021596102821957966,0.006136925937034201,4.47837657846506e-07
965,0.8436151730283874,0.9192228933176588,0.012312961854785146,0.035585195255509114,0.012317480379579622,1.730283873957461e-07
966,0.9491080072233321,0.9766179793953053,0.006646074456054682,0.017252067793881627,0.0066478482960972505,7.223332154637774e-09
967,0.8101947484515905,0.9015195012151539,0.016035898656640638,0.0482910202040237,0.016037627370136254,-2.515484095466647e-07
968,0.812458531591236,0.9029736299629109,0.014166484537109364,0.04419249231589286,0.014167994092959187,-4.684087639983403e-07
969,-0.05213451147474646,0.48950020150319895,0.010773346329199223,0.05591937987498106,0.010774524582722229,4.885252535419271e-07
970,0.7604126266822034,0.8780465702345429,0.013890472346923827,0.04328218601006179,0.013891433659554392,-3.7331779656479824e-07
971,0.7319577660977894,0.8632030378038237,0.0168009882645508,0.05131121815432114,0.01680486723122458,-2.3390221060015648e-07
972,0.9304867223638938,0.9646883065708074,0.008270568654345705,0.023998757417566758,0.008271248142508786,-2.7763610610520573e-07
973,0.9349812887907443,0.9717343558107961,0.008454404705898437,0.025199922007072682,0.008455219098143545,2.887907443183124e-07
974,0.8692518027140502,0.9572900701027384,0.010486214736152348,0.031248719761659147,0.010487096581841463,-1.972859497989532e-07
975,0.8329033291770288,0.9261590939812762,0.017815688619921853,0.049637266385672875,0.017823778048531847,3.291770288571527e-07
976,0.8535851188497564,0.9249105966778195,0.010529880672626944,0.03206706094384393,0.01053066621736164,1.1884975636977657e-07
977,0.4897138419186581,0.7393447758694632,0.013724286101367198,0.05581513430453421,0.013726066352956682,-1.5808134190553602e-07
978,0.8607035307471811,0.92956353776909,0.016700718653320314,0.04366710910063985,0.01670747078383094,-4.6925281893539506e-07
979,0.8931303836482332,0.9510428019504074,0.007075731270888666,0.022632961627544378,0.007076096356843885,3.8364823318204344e-07
980,0.8908439765625905,0.9515486937791225,0.010044320613085942,0.02875433385420161,0.010048504796415262,-2.3437409457649494e-08
981,0.9736856501913236,0.9868486379059715,0.004748632507031244,0.012620663807992106,0.004749746318743192,-3.498086764697206e-07
982,0.881947688086271,0.9439166654775283,0.008761961431542972,0.024545509524860877,0.008763991136834298,-3.1191372895644776e-07
983,0.8254664597261147,0.9181553392068903,0.010328962095019534,0.03211518573615954,0.010329884630054844,-5.402738852966493e-07
984,0.8619691699024793,0.9286477578080817,0.011149782065039068,0.037735528810717144,0.011152079935496865,1.699024793078152e-07
985,0.8183520251708791,0.9441150647576273,0.022784756800878946,0.058533151314675895,0.022789984289989438,2.5170879158764592e-08
986,0.8502187302781788,0.9509140812794373,0.010482066178417966,0.03781603553249118,0.010484619012248158,-2.6972182110007736e-07
987,0.8916293683353426,0.9506244837752629,0.009213572974218773,0.02760865079211427,0.009215852469247778,3.683353425598668e-07
988,0.9140344504893867,0.9609512292483495,0.0075387592920605415,0.022106624049537425,0.007539307883767257,4.504893866830173e-07
989,0.7272072818986499,0.8554158010909955,0.014498031312011703,0.045079265309250584,0.01450242252518222,2.818986498676068e-07
990,0.6627318709239673,0.8886487000810058,0.01517490611458984,0.04511095943208737,0.015175742068824126,-1.2907603264000755e-07
991,0.9130870833962943,0.963819562541547,0.007453445381523441,0.022002198003779064,0.007454027405400503,8.33962943147526e-08
992,0.8871217242829011,0.9436492913779855,0.010255669875781236,0.035060416284000966,0.010256782028913412,-2.7571709881879514e-07
993,0.7424832817407985,0.8845863885921045,0.01772169862041017,0.047399424732599976,0.01772902372646194,2.817407984689879e-07
994,0.9273184035624985,0.964948543738967,0.008013021062499981,0.02400598668762064,0.008013898254987684,4.03562498529908e-07
995,0.9124077582534007,0.9567932967014015,0.01532193552773435,0.03719474826801138,0.015329531551291659,-2.417465992943235e-07
996,0.9271230068158632,0.9646971027629639,0.006443789620703121,0.019270872602534836,0.0064452270133178585,6.815863207165762e-09
997,0.9545501177859188,0.9785814357644145,0.00787306915458983,0.01813405486067978,0.007874911308967603,1.1778591879618716e-07
998,0.8598232797002281,0.9280222288263272,0.01676971863691403,0.045606007590491916,0.016779749208548318,2.797002280896521e-07
999,0.8696883172813721,0.9436964397768819,0.013596602472558592,0.043644687315509426,0.013599468084476011,3.1728137206421536e-07
1000,0.8536526451747575,0.9550418881781344,0.013135953597558618,0.03997292243666647,0.013137487939226276,-3.5482524252117287e-07
1001,0.852566477545448,0.9293194943777172,0.009631109264355472,0.026468476479931814,0.00963334695020514,4.775454479633012e-07
1002,0.8347885497302965,0.9274183823043257,0.016923700682128916,0.04804089289051701,0.01692868526917742,-4.5026970352246565e-07
1003,0.788496527229235,0.9055736173423921,0.015092673029980463,0.04982255555483768,0.015097440271698112,5.27229235047777e-07
1004,0.881786544359084,0.9444311252849539,0.01266890180498047,0.04033208702198788,0.012670559807282883,-4.556409159972574e-07
1005,0.8711752510546538,0.9356095806469961,0.01281695443798828,0.03449650354813197,0.012820211629414309,2.510546537326519e-07
1006,0.907389333635526,0.9741559568988643,0.008933909589453113,0.024603894297055805,0.008935144238748879,3.3363552598419943e-07
1007,0.9145990131587275,0.959683671140891,0.008988379326757813,0.024946015780993452,0.008990617177683262,1.3158727441009432e-08
1008,0.9094495870219578,0.9546613525002646,0.008700046645117197,0.025583371003099344,0.008700972248454307,-4.1297804220796763e-07
1009,0.8876364664663068,0.9440454971945368,0.010812111957910157,0.03058207419462537,0.010813566311209477,4.664663068032482e-07
1010,0.9290286577692681,0.9650689212996456,0.00941599046862304,0.026883486336382798,0.009416869263292958,-3.4223073186456787e-07
1011,0.9585350258990663,0.9820062580520837,0.005669183377910155,0.01521216802500038,0.005669606345567991,2.589906622496585e-08
1012,0.584802190929077,0.7790346776171247,0.014131811957519532,0.05926587758043726,0.014134020908524643,1.909290769930294e-07
1013,0.8311196916298297,0.9209658707757729,0.010247196940234373,0.03858965742516151,0.010248654328600998,-3.083701702877306e-07
1014,0.9458412715545068,0.9729133641576108,0.009364002809179676,0.023834834084860163,0.009366998047310273,2.715545067699665e-07
1015,0.943632098313605,0.9725203906468795,0.010423862244042976,0.025850924060861546,0.010426973510088849,9.831360492373875e-08
1016,0.9298897521318567,0.9650330371347602,0.00855120213857422,0.024178534431137013,0.008553504811352825,-2.478681433437657e-07
1017,0.6552575207671458,0.818583224431595,0.019108778964062465,0.055749669170653715,0.01911539185550177,5.207671458506979e-07
1018,0.9357424432002472,0.9684003294683373,0.01021272733593749,0.02843687977811893,0.01021400709076332,4.432002472798402e-07
1019,0.8976242360291363,0.9540727792936226,0.012904139210546858,0.03508580328256372,0.012909917755574834,2.3602913634679368e-07
1020,0.9166732161415854,0.9575484328283281,0.009490628357617171,0.02732778121225241,0.009491473119985749,2.1614158540739226e-07
1021,0.8280425211189871,0.9212449906875647,0.016387655079199218,0.052479172083497026,0.01638983020962396,-4.788810128442123e-07
1022,0.8493616580130471,0.9385017790942144,0.010191093697851573,0.031794265111576715,0.010193293022121283,-3.4198695286757896e-07
1023,0.8667042647991081,0.9470410936070308,0.012086629386816403,0.031975339887134295,0.012090472864715833,2.6479910808507867e-07
1024,0.8899397748157261,0.9447413799079101,0.006803345466503916,0.022577130540019107,0.006804503716878496,-2.2518427389428552e-07
1025,0.8864734270884927,0.9427180160758989,0.012384444889453117,0.03580844805027383,0.012387815351388543,4.2708849279371464e-07
1026,0.9328752599895052,0.9664276047796638,0.009604668738183596,0.02613860230802735,0.009607171508197499,2.599895051469403e-07
1027,0.846971854813497,0.9575039404703772,0.012478785890820321,0.03169376841563587,0.012481452635553494,-1.4518650293116053e-07
1028,0.8977984686324804,0.9514861771283235,0.008475587744228503,0.029007778591499056,0.008476274409591781,4.686324803770958e-07
1029,0.9143325000445899,0.9563031674530321,0.011599627354101565,0.032655815811712785,0.01160184667019092,-4.999554100715287e-07
1030,0.940061432067187,0.9739301182718549,0.006297069586328112,0.021462982199884965,0.006298203940724186,4.320671869173509e-07
1031,0.8651813789594883,0.9618111011475982,0.011950644438378913,0.03234028201645388,0.011954009731198438,3.7895948834520965e-07
1032,0.7898162705693225,0.9317636554743051,0.013413838458691412,0.036410728075928,0.013419835228815975,2.7056932250246746e-07
1033,0.874183260966416,0.9412085714171978,0.009199206081445317,0.029954254850899056,0.009201915188770105,2.6096641592143754e-07
1034,0.8243790440712551,0.9398467180994746,0.01762057958339842,0.05111643882045095,0.017635601156391206,4.407125508976151e-08
1035,0.8943370455774695,0.9496995126486567,0.011246960069921881,0.03184321185101914,0.01124875366794598,4.55774694652078e-08
1036,0.9443134800356267,0.9718120145095769,0.008846332804687499,0.023478385337135303,0.008847929524169254,4.800356266931871e-07
1037,0.7274564219048427,0.8781510925679817,0.02071947876083981,0.06023382553279883,0.020727309563265583,4.2190484272897066e-07
1038,0.897993775334059,0.9504075973934958,0.012960983411328127,0.03127113024955297,0.012966120633704621,-2.246659409621543e-07
1039,0.9166913572009028,0.9582977691719442,0.00893031283720703,0.025200321035577476,0.008932508636305765,3.572009027452694e-07
1040,0.8809621796527476,0.9465890935064524,0.013103594955859376,0.03548512350266497,0.013105316367996007,1.7965274756726046e-07
1041,0.8362530489678904,0.9273224896296354,0.014685394938085941,0.04522360820543413,0.014689058289337704,4.8967890409201686e-08
1042,0.7267332122576642,0.8609248385354887,0.019645823420507812,0.05437333880292987,0.01965305257774965,2.1225766422272585e-07
1043,0.797185314945414,0.9057654023359502,0.019500816024609367,0.052960091452083836,0.019504650724762318,3.1494541397059095e-07
1044,0.9463371963495412,0.975484479203663,0.007676889977275384,0.021542244035999976,0.007677553578480733,1.963495411816396e-07
1045,0.9150268415694152,0.9614678102748891,0.00840470664150392,0.02510014144797256,0.008405577250008147,-1.5843058487341466e-07
1046,0.7343372206775913,0.8820676632065257,0.018448353999316377,0.053317588209781414,0.01845088185869525,2.2067759131161324e-07
1047,0.8671390434367972,0.9321247230563762,0.010408021551816398,0.036906837914562694,0.010409013237972433,4.3436797159124296e-08
1048,0.9025826107418068,0.9530022426519358,0.009472102286328143,0.0313778071712376,0.009473059197929963,-3.892581932340988e-07
1049,0.9149389096241225,0.9589815812760971,0.008570887289453136,0.029104073124548022,0.008572912613482041,-9.037587744842313e-08
1050,0.9174508978492724,0.95984395212234,0.012609329057128917,0.03207046296618116,0.012616772921610736,-1.0215072765440425e-07
1051,0.7082557800680136,0.9178911299713833,0.020211767283300767,0.052570626760160104,0.020214007856487998,-2.1993198640046785e-07
1052,0.7991904739322259,0.913541157932945,0.013511989186357442,0.040956442933043465,0.013513225127413623,-5.260677741203423e-07
1053,0.8844763504802717,0.9436793886998679,0.01184118900341797,0.03588087798429927,0.011847282143555375,3.504802716935984e-07
1054,0.872475227289714,0.9357811079967332,0.0145665091078125,0.039972758550890025,0.014568511307854476,2.2728971404983866e-07
1055,0.7848203505516311,0.8970928774996039,0.016872032954003927,0.039593897512199064,0.016879581178619044,3.505516311674839e-07
1056,0.808538939057708,0.9011053715670382,0.014513956297949224,0.04674736589151589,0.01451858442049769,-6.094229199060663e-08
1057,0.9458910825691642,0.9739305731097373,0.011116359716406262,0.02955630991366769,0.011119350729461875,8.256916417259674e-08
1058,0.751514174956082,0.8774428265734782,0.013392260036816397,0.04443025757299162,0.013394194333942162,1.7495608195527979e-07
1059,0.8729820443220948,0.9387281681109504,0.01258325034355471,0.032411289684367496,0.012587583047542556,4.4322094772120124e-08
1060,0.807568394680501,0.9017069163284877,0.016447713816601553,0.04289384531532316,0.016454052816137613,3.946805010590637e-07
1061,0.9046331816731834,0.9534442011787845,0.006239161837529305,0.01724107379587961,0.00623971204834925,1.8167318338591087e-07
1062,0.8430498533651883,0.9457788893723642,0.016534199833398416,0.045388426328986604,0.01653937229880334,-1.4663481162635605e-07
1063,0.9182995347490955,0.9627712986685093,0.007716594753271481,0.023504001303549092,0.007717157700632847,-4.652509044689168e-07
1064,0.9581699869154139,0.980695751607048,0.0083252786495117,0.02239116493191216,0.008327257567312672,-1.308458608129115e-08
1065,0.9216908718733483,0.961734977662201,0.008694413936816402,0.027388076164645773,0.008696191806270516,-1.2812665173278504e-07
1066,0.8504576217728577,0.9273580135676693,0.016058322946191403,0.04928724160016884,0.016062242408003302,-3.7822714238355815e-07
1067,0.7622492553499254,0.8949092686982215,0.011347069307714844,0.04741119241830572,0.011349429434050026,2.55349925426529e-07
1068,0.8302807910496398,0.9199912982995879,0.010934854735937498,0.03888644897263404,0.010937146905999758,-2.0895036023649283e-07
1069,0.9023065251356185,0.9567753685024144,0.007414966261816404,0.025719818794694684,0.007417011545768816,5.251356184343692e-07
1070,0.9219300931042237,0.9613356648643182,0.006073506731728514,0.021796488107317675,0.006073891141313873,9.310422366404225e-08
1071,0.9294933500306296,0.9642775719569101,0.006815444711933591,0.02464482674700745,0.006816007932778212,3.500306295922684e-07
1072,0.6804395943105253,0.9212146855441297,0.017101325338183544,0.04843936868814675,0.017106568790618882,-4.056894747916928e-07
1073,0.8714764007610312,0.9448240062336847,0.009485874049931646,0.0251747214416782,0.009486584812661503,4.007610311385079e-07
1074,0.7502061904334174,0.8750337448866831,0.010691750347363286,0.04092363990328799,0.010693569117084217,1.90433417368574e-07
1075,0.911537836776743,0.9549280815488538,0.007567200466865229,0.025444781812547855,0.007567772492614372,-1.632232569104275e-07
1076,0.8570187621842478,0.9593268284046749,0.010453053954980456,0.03255833409402381,0.010454174530630472,-2.3781575220205298e-07
1077,0.4725547697515956,0.7396843453794251,0.03645184366601566,0.0914834567759503,0.03646991126487229,-2.3024840439811456e-07
1078,0.8865336711510271,0.9463673203420777,0.011043355757714826,0.03409368931808374,0.01104515658986716,-3.288489729413868e-07
1079,0.8413922152607869,0.9188820096434482,0.017687469339648453,0.042416117482051006,0.017695300876363472,2.1526078686218142e-07
1080,0.6503471089836728,0.8294047054160502,0.010735716398535157,0.0382206591137721,0.010737547966517094,1.089836727530269e-07
1081,0.9178326166433805,0.9664446785751768,0.010875456011132803,0.027679248844019594,0.010878769224066515,-3.8335661955990474e-07
1082,0.9180431663925495,0.9633576840446526,0.010406464187158201,0.027684124299434693,0.010407319318079485,1.6639254940553627e-07
1083,0.9027939771324873,0.9703246940052411,0.008300725425634752,0.0267631771677017,0.008301314324940606,-2.2867512661228773e-08
1084,0.8784717203833016,0.9472763748279897,0.007143526293027338,0.027320559027078098,0.0071439076566069655,-2.79616698461993e-07
1085,0.8638914967754187,0.9299489390346217,0.012093894331123053,0.03914790978753677,0.012095038735022918,4.967754186901985e-07
1086,0.8751122951821473,0.9454448993251992,0.013254323327636725,0.036299056281797075,0.013257210307902403,2.951821472807481e-07
1087,0.6962068494583618,0.9385879836295506,0.01295904664501954,0.038594014736774096,0.01296222958789844,-1.505416382663327e-07
1088,0.18026594793077932,0.5384284266361831,0.02649710307656253,0.07721645258068253,0.026499798174936397,-5.206922068512476e-08
1089,0.9426021736471651,0.972027741007448,0.010658203922753899,0.025347455358068482,0.010659491797223093,1.7364716509149503e-07
1090,0.93509099019073,0.967666965234351,0.006969141481005866,0.017662164884257755,0.006969677908608508,-9.809269951865929e-09
1091,0.7736583056253055,0.9010168335146426,0.02504312804453123,0.06386529030995983,0.02505555186247223,3.056253055078173e-07
1092,0.7728118501324661,0.8893176557330846,0.019891702827246102,0.053356710861615524,0.019899196016760264,-1.4986753393841923e-07
1093,0.8757193142202523,0.9456497533278017,0.011421013179101564,0.03432631212145039,0.011422162438250748,3.142202522621318e-07
1094,0.813042134281566,0.9292059050460963,0.01573089245878907,0.046833005136061666,0.0157345794169072,1.34281565977723e-07
1095,0.8846424140886383,0.9506478034783041,0.011188498615712889,0.02871911861128176,0.011189392861024735,4.1408863826752906e-07
1096,0.7359586067897432,0.8608122808013565,0.01093726756732423,0.04258048704499967,0.010937888258575449,-3.9321025679939225e-07
1097,0.7980616297229197,0.8988016120510639,0.019241482179296884,0.05055553952052027,0.019248943526007523,-3.7027708033043893e-07
1098,0.8581336568949118,0.927941394835832,0.01128872323085935,0.03628311488743539,0.011289992611017576,-3.431050881186337e-07
1099,0.8666872695586243,0.9380823208658653,0.013117487691796843,0.03443532263114441,0.013122352893364057,2.695586243106618e-07
1100,0.8997951423911301,0.9499807396312476,0.009521819587919929,0.029502703398101824,0.009522728877875926,1.4239113010905413e-07
1101,0.874039967656489,0.9360245973375424,0.01278614172031251,0.03605103963168585,0.01279096842934313,-3.2343511091603716e-08
1102,0.9191910163112562,0.9679273689463365,0.008935356596953107,0.024005030182526917,0.008936182032802371,1.6311256234580185e-08
1103,0.326802707324201,0.7177439256844704,0.015665771744824225,0.06165318221177093,0.015667367248402068,-2.926757989851758e-07
1104,0.882798416135689,0.9513332034447566,0.012939604636874978,0.03815387915979665,0.01294066051492912,4.161356890186596e-07
1105,0.873954025650281,0.9632100693833892,0.011193399703124976,0.030398784980409297,0.011194593846122973,2.5650281010314302e-08
1106,0.960647313167529,0.9820854993583317,0.005088480951621094,0.013728042639097765,0.005088767774469945,3.131675290202196e-07
1107,0.8973535672545614,0.9500093728541243,0.014022309835253911,0.03836842463289862,0.014026252748150817,-4.327454385943952e-07
1108,0.9305036404748933,0.9648911383988987,0.008389208000097655,0.0248629811277263,0.008391202093754416,-3.595251066856875e-07
1109,0.7434133810501329,0.8653074006928524,0.01906208834775388,0.054039839062426265,0.019071033972867187,3.810501328915805e-07
1110,0.9222678503324907,0.9702969889208658,0.007480853645898443,0.01941770164524985,0.007482796762847946,-1.4966750927492e-07
1111,0.8330673364908018,0.924358746753307,0.014433863599121091,0.04018854258281516,0.014437497577898938,3.364908017777779e-07
1112,0.8458362501270639,0.9482561524015701,0.010076634587988293,0.032632541313974736,0.01007898844200433,2.501270638388675e-07
1113,0.8730787681875654,0.9409794947294517,0.01082556729902345,0.03168959205770655,0.010827997334427237,-2.3181243469228008e-07
1114,0.8179813503118195,0.9085747513529066,0.01586518607099611,0.04501629950316949,0.015870765489390357,3.503118195524735e-07
1115,0.8719421075488496,0.9339926418488665,0.01151041239022462,0.03872090744466172,0.011511483848866069,1.0754884960384459e-07
1116,0.72327927828933,0.8709420041640983,0.018231583236914067,0.051672123998401105,0.01823829149208904,2.782893300246059e-07
1117,0.8448342902054224,0.9573168127229996,0.013171354955664065,0.03757225706913644,0.013173567153275412,2.902054224707129e-07
1118,0.952237720286553,0.9772012291510113,0.007192662078027349,0.01892430854221184,0.007193536084748756,-2.797134470711171e-07
1119,0.9134143018784638,0.9571035350355008,0.0064596457107421925,0.021006742189352726,0.00646089637875871,3.0187846389306827e-07
1120,0.8361128341044127,0.932126358538484,0.016958200937011697,0.04693908829201763,0.01696570430306699,-1.6589558726742837e-07
1121,0.9108929640551962,0.9557349037657736,0.012270826617285154,0.033180585135857185,0.01227586508406749,-3.594480380009202e-08
1122,0.9068440875213284,0.9531821252554785,0.008148590433203125,0.022415470326129,0.008149817389841128,8.752132840683657e-08
1123,0.8386926607958327,0.9383567288148654,0.012639075263769539,0.03468592759128572,0.012643577607617952,-3.3920416731003655e-07
1124,0.90548555322099,0.951990445051072,0.00972166150100587,0.03124744937983229,0.009722542572689296,-4.467790100104452e-07
1125,0.8848134643682641,0.9413489709524843,0.008761839702539076,0.024517328964275355,0.00876399621439117,4.6436826417473043e-07
1126,0.9437205180060346,0.9717309863629899,0.007842809801757817,0.02251397441539238,0.00784438091437369,-4.819939654066019e-07
1127,0.9608515322016694,0.9803979404764652,0.00716538039521485,0.02228659960076522,0.007166580761659524,-4.6779833062782217e-07
1128,0.8474753725277425,0.9222106150137421,0.011572218653525406,0.037431670938804,0.011573297571529653,3.7252774254259435e-07
1129,0.6914819464104438,0.8650268947037318,0.015640493009863286,0.05008281503493676,0.015646583409597646,-5.358955623702144e-08
1130,0.9231480545733435,0.9611946634585415,0.014382726033300767,0.03434775001460204,0.014385450882250529,5.4573343510888606e-08
1131,0.8684582747970662,0.9709005648097151,0.015019022190039063,0.045820281650591516,0.015020981450252428,2.747970662131394e-07
1132,0.24018279345482718,0.7601223387006067,0.02530246986406251,0.06478028600668315,0.025309691387191125,-2.065451728261447e-07
1133,0.8206258578871582,0.9112963561331081,0.014775655949121095,0.04340532746379034,0.01478220827824165,-1.421128417167239e-07
1134,0.9039719098961768,0.9510873410393449,0.009981033404589825,0.031574838459279234,0.009984200916292601,-9.010382318042076e-08
1135,0.9044791398538459,0.9516813709754801,0.010837519820605462,0.03473873368137083,0.010838860846740978,1.3985384583747873e-07
1136,0.8942224031135875,0.947473366235333,0.012577148574511716,0.03512179951034508,0.012578565938642391,4.031135875104397e-07
1137,0.6044171924030641,0.8303884012892067,0.012472866935527351,0.04150406344702597,0.012473690300747775,1.924030641475838e-07
1138,0.9274194601245014,0.963589146081089,0.009426088209765633,0.026104142035005412,0.009428464050707915,4.601245013891031e-07
1139,0.7837865225620492,0.8913726099163707,0.012331318629882808,0.03701988492066828,0.01233493823856531,-4.774379508409865e-07
1140,0.8333533485249753,0.929071076456843,0.011283642728486332,0.03827763605685949,0.011284560135239617,3.48524975324338e-07
1141,0.9070754128496283,0.9543299076579339,0.008253697515205083,0.024513140649729547,0.008254276422938925,4.1284962837284667e-07
1142,0.7831621728617645,0.9106395472220916,0.018077955336914076,0.048546236017401226,0.018084401753399416,1.7286176445807655e-07
1143,0.8484753496561822,0.9244842956240326,0.009465554953710934,0.034008329463477815,0.009466965732304721,3.496561822302624e-07
1144,0.7085907717458992,0.8465625579633436,0.019043427222753918,0.05427031898839198,0.019047845799163562,-2.2825410073146202e-07
1145,0.8681908853013746,0.9395406946305989,0.016804353406250007,0.042766730967557925,0.016809146578100533,-1.1469862548629806e-07
1146,0.9104776735616547,0.9543862690761504,0.010413731376660157,0.0329839981058457,0.01041658042598905,-3.264383453549513e-07
1147,0.8493836309827263,0.9276471655778293,0.012406704658886727,0.033162110653066075,0.012412691129764744,-3.6901727373805926e-07
1148,0.8057622795930849,0.8981111408446988,0.016832347823535158,0.04395533712809253,0.016839050730603544,2.7959308490643764e-07
1149,0.8657877236779745,0.9336070763340465,0.01117645394708009,0.03815814126434304,0.011177478612811601,-2.7632202548311113e-07
1150,0.7996948085333846,0.9043236713003993,0.015034880033886748,0.04409173302826322,0.015037698068429374,-1.9146661545121901e-07
1151,0.9042332903735821,0.9527370492187744,0.009638895494433593,0.03006475028531749,0.009642773202606751,2.9037358217909315e-07
1152,0.9032313639154166,0.9537741598000553,0.01218444952910156,0.03378264478278613,0.012186616627608641,3.63915416579097e-07
1153,0.8851829991627256,0.9553916468338792,0.011858574772656259,0.031819996489850615,0.011860256858329293,-8.372744719764569e-10
1154,0.4792974551204706,0.7219451251642017,0.025745279891406302,0.07785019728476372,0.025754577190753854,4.5512047064377725e-07
1155,0.7356657148613109,0.867509985091421,0.023175370026855487,0.06550335658283152,0.023182581005769462,-2.851386891045138e-07
1156,0.9360295093674553,0.9709243515193289,0.011498126275781258,0.02948478035026289,0.011499641416785947,5.093674553258154e-07
1157,0.9388206489997782,0.9836735704794288,0.006988863186621095,0.02049122607774998,0.0069896480122585035,-3.510002217765873e-07
1158,0.9072415472928437,0.9530956248721633,0.01139215530302735,0.031610412212644275,0.011395592326489384,-4.5270715631762215e-07
1159,0.7811646581065268,0.9200962197986415,0.010254613512080067,0.03168935166107059,0.010255193355890094,-3.4189347319912855e-07
1160,0.9005130534384508,0.9646450667123639,0.0077777407946777325,0.026395761695632115,0.007778364571835018,5.3438450775544766e-08
1161,0.9336200966416327,0.9731600369745776,0.009898274229589853,0.023514021541812896,0.009901606863910234,9.664163269640369e-08
1162,0.8136663927635966,0.9067819898119485,0.012418392535742204,0.04714015425927156,0.01242189018599471,3.9276359664608407e-07
1163,0.8748385542634072,0.9434118544899025,0.013511963431054697,0.035609511733084506,0.013518938377250222,-4.457365928578483e-07
1164,0.8959207032434504,0.959593420466587,0.007105898172724611,0.02423939084807934,0.0071064090318613245,-2.967565495559654e-07
1165,0.9524373653336344,0.9765039905194082,0.006497869526855475,0.02174668119094093,0.006498430969586488,3.653336344555669e-07
1166,0.9349907022821289,0.969227078466911,0.0090718222288086,0.024940699309808714,0.009073325058155302,-2.977178711338624e-07
1167,0.9559412118397478,0.9778420307054352,0.005432781583496096,0.012669704332595155,0.005434239873177967,2.118397477435252e-07
1168,0.8941820917480303,0.94702079354485,0.009100781454931636,0.024357962053617357,0.009101413471281287,9.174803028422218e-08
1169,0.8502968335981809,0.9253156151689794,0.013733585862109375,0.043669106176972027,0.013737538984570096,-1.6640181910165808e-07
1170,0.9289365544802545,0.963948756642686,0.00831066142031249,0.023474194502254887,0.008312235909907744,-4.455197455399684e-07
1171,0.6908323892862043,0.8588887425182988,0.014079544940039039,0.05011150410869436,0.014083526758659282,3.892862042720324e-07
1172,0.8514946820209446,0.9262717249758833,0.013951138613378896,0.03650151626897705,0.013956325374240528,-3.1797905541974814e-07
1173,0.8585860452115291,0.9296660843948451,0.01356885270019531,0.03684964937831967,0.013571065611725023,4.521152918712801e-08
1174,0.9214403901294264,0.9650696102496991,0.007666203387988281,0.02278889666992444,0.007666787317880841,3.901294263197741e-07
1175,0.8636670612844402,0.9386450853641849,0.011616319901416023,0.03356280244138801,0.01161742099198075,6.128444018926871e-08
1176,0.9016887915580982,0.9539314772037782,0.012353770447460949,0.03487782910607556,0.012356449032763409,-2.0844190173896493e-07
1177,0.8641727864216752,0.9376079217974911,0.01398235045791014,0.0371468839730533,0.013987083923491567,-2.135783248036205e-07
1178,0.8299037128834382,0.9214363066777892,0.014292885818457024,0.04312144742034666,0.014298580242337114,-2.8711656174795763e-07
1179,0.7120288323806641,0.86263760676121,0.019877900641210974,0.0584275030381081,0.01988694553825551,-1.6761933596676215e-07
1180,0.9662412553555676,0.9832066471848877,0.006678767415019535,0.015720490332555192,0.006679362672874404,2.5535556757994016e-07
1181,0.8536732207984671,0.9254859126796823,0.016558723045117196,0.045399766512761695,0.0165663397412002,2.207984670654639e-07
1182,0.6080564944084157,0.832415882031216,0.030466977048437496,0.07801910414338055,0.030481665443647485,4.944084156521811e-07
1183,0.8476823470031147,0.924892691534659,0.013339718429287115,0.03642511082923886,0.01334091556847451,3.47003114686828e-07
1184,0.9387153889961171,0.9721407003247678,0.00666598499204102,0.022295402280648798,0.006666500340649984,3.889961170955303e-07
1185,0.8455055502053497,0.919762046901181,0.012841176584375025,0.03716571584761835,0.012843740563606874,-4.497946503034811e-07
1186,0.889004964261631,0.9527660674869078,0.00911944462568359,0.02716615435438879,0.009121412990121206,-3.573836904191552e-08
1187,0.9253922582996639,0.9700264892974632,0.009033687983105474,0.029748182965080902,0.009034640985043963,2.582996638800239e-07
1188,0.8920100086928909,0.9449282495866669,0.009532175153222647,0.03124058060527809,0.009535088837994317,8.69289096261383e-09
1189,0.7777219468394283,0.8825423895688569,0.014434314416503892,0.04535869587401323,0.014437260488210294,-5.3160571722443706e-08
1190,0.8406653523297918,0.9316771211406064,0.014528220630078102,0.0363585280701979,0.0145334593128616,3.5232979178623225e-07
1191,0.9271193399991328,0.9633675695238636,0.010970368808789077,0.03092510313845119,0.010973041415923987,3.399991327368568e-07
1192,0.9288698566321827,0.9658769800567242,0.008212123512753897,0.025674783275138828,0.0082127799109755,-1.4336781728463421e-07
1193,0.9133515792585644,0.955741164861744,0.011617609437011733,0.03209367980796736,0.011620023985035631,-4.2074143569159617e-07
1194,0.8339146260937667,0.9199588520065443,0.015370012555371076,0.04043578834009246,0.015372660676032652,-3.739062333085741e-07
1195,0.8975053777723911,0.9494020955690945,0.009251210207128902,0.030136735013389968,0.00925246000351929,3.777723911468911e-07
1196,0.907541902137054,0.965081202920161,0.013931133962597672,0.03506827079400455,0.013937420788861234,-9.786294596914047e-08
1197,0.8785050991194611,0.9434190246232742,0.01571396968251954,0.04115938932054785,0.01571790293998198,9.911946108331904e-08
1198,0.8559463803971484,0.9374071815513778,0.014852038397070323,0.04355941132765064,0.01485535634982427,3.803971484472868e-07
1199,0.9183325807596914,0.9584448957069559,0.01027405409453126,0.0305073518140161,0.010277461053343267,-4.192403085800933e-07
1200,0.9180283026480219,0.958721111728479,0.008061434066210928,0.022974571092861204,0.008063217937875667,3.0264802197699225e-07
1201,0.8852750536322402,0.9556599349706132,0.009744383184472658,0.030666335263031044,0.009748098751271304,5.363224020449309e-08
1202,0.8607098583714496,0.9422254879593063,0.01201857499169923,0.03735006647157989,0.012020827968935485,-1.4162855033195143e-07
1203,0.2846054693732615,0.7036502231069309,0.020442750966894543,0.06694225075466516,0.02044686045869697,4.693732614802215e-07
1204,0.9024846004945373,0.9654747637538108,0.013966882398632818,0.03841476208026238,0.013969238236624461,-3.9950546271150245e-07
1205,0.8549213700140317,0.9255285545567651,0.014333303480957007,0.04031188396760537,0.014337841686004757,3.700140316365008e-07
1206,0.8568046781270701,0.9264249490315368,0.012096846919628907,0.031675708530369946,0.012100012547901712,-3.218729299758749e-07
1207,0.6877738248495355,0.8637600011656809,0.029909919092285145,0.07289862405162142,0.029927359021335954,-1.7515046446536786e-07
1208,0.7422127598291334,0.9147834516013927,0.013191803723242185,0.039152027272222174,0.013193714748383715,-2.401708666388558e-07
1209,0.8689955076079356,0.9529778834618372,0.007969421607519527,0.02459169944240638,0.007970442444252813,5.076079356847174e-07
1210,0.8505730943107936,0.9268900801092322,0.01470759837646485,0.04112281405397351,0.014713981673978756,9.431079361910122e-08
1211,0.8966531331141285,0.9499840181547371,0.01149742545830078,0.031205555497360083,0.011500569163032688,1.331141284977022e-07
1212,0.7659507079977359,0.947626951451061,0.008636185874941398,0.03619374499311355,0.00863666397181242,-2.920022641461628e-07
1213,0.929391171560621,0.9644212688184919,0.01297533827900391,0.030821750951494708,0.012981854597512072,1.715606210428433e-07
1214,0.8625685655068281,0.9584958174150108,0.010454994936132807,0.03329582331465085,0.010457165145078294,-4.3449317188581915e-07
1215,0.8116862337648634,0.9066436358620145,0.011360063181162105,0.03657317308765666,0.011360952834202206,2.3376486335546787e-07
1216,0.8798410495733153,0.9539053854782142,0.011629448088476557,0.026956167517932495,0.011631480881680064,4.9573315341611135e-08
1217,0.9118198445371689,0.9588858178296323,0.01279949162246094,0.03029920894687763,0.012801944325210902,-1.5546283105294378e-07
1218,0.9090681353300303,0.9540854959887639,0.009426840383105465,0.030503992552439376,0.009427823809777669,1.3533003029309043e-07
1219,0.8842633872408533,0.9424945760783301,0.009534750928125012,0.026957651146381774,0.009537545713237852,3.872408532723526e-07
1220,0.9199042562040155,0.9686666198144662,0.009116054370605458,0.02741141181400921,0.009117004276751255,2.5620401544745874e-07
1221,0.8553727366124554,0.9254022761121452,0.008246890336083987,0.02764083015249417,0.008247389664559308,-2.633875446633738e-07
1222,0.90687465326195,0.9699654333734716,0.011083283022529294,0.033687541163770846,0.011084371064836392,-3.4673804993889945e-07
1223,0.9106382012489479,0.9562398076305346,0.007848389241601566,0.020227028212748892,0.00785014628489349,2.0124894795081616e-07
1224,0.8948403283926963,0.9550275520454794,0.01280376793779297,0.03454342367705538,0.012805899327345804,3.2839269636930624e-07
1225,0.8558744799880197,0.939122495325849,0.010117384544091819,0.03357310124291486,0.010118222118579292,4.799880196637574e-07
1226,0.8725100052612041,0.9342060352751785,0.011458313037207015,0.032175142504619815,0.01146076270073934,5.26120413901765e-09
1227,0.9326500226024852,0.9670781131087701,0.010059197115332041,0.02899843299804787,0.01006043864187143,2.2602485216793866e-08
1228,0.7581152736263619,0.8993566712149684,0.020992242811230463,0.05604038491933222,0.020999516304495366,2.736263619018686e-07
1229,0.7756097575679298,0.8956882832569726,0.013009963736718774,0.041762241830094166,0.013011061288566978,-2.424320701965854e-07
1230,0.7995801924891686,0.8978769041539735,0.018743626531640613,0.051928094042993804,0.018747444684968508,1.9248916860448162e-07
1231,0.9569565950181101,0.9794740862177308,0.0054290376831640725,0.01685040130078461,0.0054294234551023465,-4.049818898010926e-07
1232,0.8597903104281459,0.9356613914528128,0.01515967712861328,0.044933553972385555,0.015165276673479701,3.104281458554681e-07
1233,0.953283717595651,0.9769570556284286,0.007705694948437498,0.019861836475002618,0.007707166641156226,-2.824043490168293e-07
1234,0.9168137534822614,0.9739176079260033,0.007620658958496093,0.025750264320726825,0.0076222267674598875,-2.4651773866679605e-07
1235,0.9702425525129541,0.9859056994364597,0.004004619282812491,0.013261497658638191,0.004005075571059613,-4.4748704586261567e-07
1236,0.8966717157426988,0.9485176878894721,0.013015892866015623,0.03496240338422639,0.013019225351561572,-2.842573012529215e-07
1237,0.8228903305212992,0.945284640341746,0.010015780950400377,0.029651748473073107,0.010016393176591,3.3052129921884443e-07
1238,0.868116160383687,0.9394950460336615,0.009475993780224606,0.03008759853764659,0.009476759473675498,1.6038368699788919e-07
1239,0.9057791996673017,0.96793366916953,0.009976285546777333,0.03149657242094094,0.009979434753010566,1.9966730169240776e-07
1240,0.8614298489533482,0.9296459539515566,0.015008502625781253,0.03931354167177476,0.015010899214912847,-1.510466518528375e-07
1241,0.7594981467792523,0.8741144365763266,0.020661520377832046,0.0523836305885059,0.020670296344880896,1.467792523079936e-07
1242,0.8930711323293967,0.9613095582022704,0.00991381792373047,0.02396271387099675,0.009915562133577808,1.3232939677365607e-07
1243,0.8861857380150815,0.9465088719754491,0.008108425835302736,0.030281477753519307,0.008109030409984544,-2.619849185370171e-07
1244,0.8545366453889236,0.936044527542082,0.01125587430189453,0.03840435635792967,0.011256978161961079,-3.546110763918975e-07
1245,0.8957004398310819,0.9579667516386158,0.010701347276171896,0.02739363966674493,0.01070431542976886,4.3983108188871967e-07
1246,0.8591878758009203,0.9275457009640903,0.010862560361523435,0.03107824758404909,0.010864227778215111,-1.2419907968741484e-07
1247,0.7159561839598656,0.8803886251201606,0.023800467677929704,0.05586307506584013,0.02380888763628183,1.8395986556285493e-07
1248,0.8282383514695131,0.9172180229893159,0.014881069409667972,0.03623354949649792,0.014885746905818072,3.5146951304909635e-07
1249,0.8990729676422511,0.9482732750222375,0.008214471450585943,0.02598484594968202,0.008217346960777418,-3.2357748924738416e-08
1250,0.8652505950832343,0.9304083614958913,0.014785863120703126,0.038084651321155655,0.014788650984018131,-4.0491676567278034e-07
1251,0.9356688398316548,0.96794001339963,0.009817453408789055,0.026944574464918197,0.009819879159528496,-1.6016834514243072e-07
1252,0.8792547628026286,0.9440418338000176,0.007779545227167958,0.0244056703526485,0.007779905113130642,-2.3719737141103536e-07
1253,0.9190096228588055,0.9599096015687711,0.010424312706347649,0.030561334306913046,0.010426653704893464,-3.771411944963887e-07
1254,0.8497877200469133,0.9488663426179326,0.008273279370800787,0.027745057057592906,0.008274437819401148,-2.79953086712581e-07
1255,0.7521760157702092,0.8969921285327808,0.018428014627441393,0.05323761006768172,0.0184349986049919,1.5770209249588163e-08
1256,0.8801963994867421,0.9542983794158044,0.010503013076562503,0.033089350060067,0.010506321478322637,3.994867421308612e-07
1257,0.7915348643731804,0.9339866688671729,0.010331678447070303,0.02525659823043335,0.010333066601570625,-1.3562681955292533e-07
1258,0.9088572094902406,0.9567719042989785,0.01156860026806639,0.03316721865365063,0.011572280913016741,2.0949024059913057e-07
1259,0.7802477328544893,0.8959444728311693,0.021827839698632803,0.05791472473195765,0.02183040226476873,-2.6714551071282955e-07
1260,0.8531918002591581,0.9591009239196808,0.012881277206347642,0.0333557615018608,0.012883256292241161,-1.997408418663582e-07
1261,0.7588418793496127,0.874414545197018,0.015393191163085941,0.04480812235963372,0.015395820307319822,-1.2065038734743183e-07
1262,0.8928617439546251,0.9561196068020195,0.010337971734130853,0.029877250957379777,0.01033898807568243,-2.5604537490231394e-07
1263,0.777937446365235,0.9501258309933042,0.015734027776123063,0.04152565920362709,0.015735539860481488,4.463652349961933e-07
1264,0.7103084210675454,0.8641287081241535,0.011442547353964853,0.04288455951361284,0.011443125144702478,4.210675453863999e-07
1265,0.8247768494021135,0.9243192415219088,0.008568028324707017,0.027605408657458263,0.008569074101365606,-1.5059788649463002e-07
1266,0.9341337595650707,0.9670880996174408,0.008449210982021496,0.024379916602451604,0.008449887298410529,-2.404349292994823e-07
1267,0.9157649439553596,0.958337139508582,0.005833925975761718,0.01680764733396832,0.0058341695676850346,-5.6044640484032016e-08
1268,0.8894362561603534,0.9600068138223135,0.0105748709484375,0.03257022231319343,0.010575935404702454,2.561603533735024e-07
1269,0.7229492078359838,0.9201265560161528,0.01587499267050781,0.042645834579694224,0.01588001575928071,2.0783598386753255e-07
1270,0.8431491407200112,0.933800970649382,0.011922588132910144,0.035422522484201135,0.011923445392148097,1.407200111991358e-07
1271,0.9415559124835631,0.9731994483164511,0.0074484569549316424,0.020331340247605637,0.007449019745953135,-8.751643687521238e-08
1272,0.9031079416164921,0.958681216858054,0.009939930418945317,0.02933803343398239,0.009942826078126875,-5.838350791709246e-08
1273,0.9456203641808689,0.9743381052282909,0.009370877750488284,0.021704550976276545,0.009371719324885758,3.641808689058834e-07
1274,0.8962721390889868,0.971131725809733,0.008952585546376948,0.030211012624458067,0.008953380554371967,1.3908898688352878e-07
1275,0.872689093410884,0.9492500088584299,0.009979167781542972,0.031803286679774556,0.009981245340830058,9.341088391678909e-08
1276,0.8015180989119376,0.9032346434082509,0.012571733773437505,0.04064894405423445,0.012573173423168852,9.891193764044459e-08
1277,0.5614382813654869,0.8436815699554396,0.018302854477050746,0.05636478214533984,0.0183053510065844,2.8136548690937957e-07
1278,0.8978055949512085,0.957114171842838,0.006614741882558611,0.01903512930918372,0.006615334142575247,-4.050487915074896e-07
1279,0.7978490494137837,0.9287360991186606,0.012124632863281241,0.03524207142288953,0.012127556336862827,4.941378362044446e-08
1280,0.8972072212232548,0.9485511689153153,0.008714151659179692,0.029030091765628506,0.008716070503844327,2.2122325482598626e-07
1281,0.9183616487209842,0.958381697674488,0.009283126478984369,0.027073382656367485,0.009283905107665316,-3.5127901576448295e-07
1282,0.9253832552201767,0.9751880556125252,0.012078612647265629,0.034689715618761864,0.012082972040998952,2.5522017677026554e-07
1283,0.5893911548543924,0.7819878477578474,0.010965988121992207,0.046978772821820204,0.010966465066388709,1.54854392420134e-07
1284,0.7630465511822618,0.8795933842085115,0.013653691174511704,0.04651241574623111,0.013659043253431773,-4.488177381967162e-07
1285,0.950432418169303,0.9752958429818286,0.007393829084589842,0.022602201880904,0.007394536920573043,4.181693029625677e-07
1286,0.7830921532633334,0.8883352838818045,0.014012636421093757,0.04869082016698173,0.014014051652522369,1.532633333578559e-07
1287,0.8763644315120739,0.9512520545717524,0.012337634691894514,0.03765996656460495,0.012340552247725031,4.315120738507261e-07
1288,0.9128452729793703,0.9608127105822045,0.015217532125292966,0.039246160649265255,0.015225055345836236,2.729793703304395e-07
1289,0.9045881819136957,0.9526368626635673,0.009772913037890617,0.02930734030296777,0.009777043585580096,1.8191369577369443e-07
1290,0.9555781983768625,0.9783636310030694,0.00568887677941406,0.016406863008602748,0.00568925191429148,1.9837686249246644e-07
1291,0.8198605421019064,0.9234670692632967,0.014491000322167998,0.04164394301782493,0.014496542557688358,-4.5789809355323285e-07
1292,0.7690363588028291,0.8919061231926926,0.017884600405273444,0.046375147350528986,0.017891046241508266,3.588028290035794e-07
1293,0.683021369419344,0.8816963839183348,0.01720364967597652,0.05528390414031384,0.01720514406196995,3.694193440040294e-07
1294,0.7923078685939496,0.8953897073521402,0.013023677213476564,0.03899100168162407,0.013025801462481645,-1.314060503743164e-07
1295,0.8606486683630872,0.9470746547483905,0.013002108785253909,0.035570589285678245,0.013006584518771758,-3.3163691282034335e-07
1296,0.849252514640486,0.9240970058481377,0.01695050574091794,0.04192584623107401,0.016953502031662307,-4.853595140241751e-07
1297,0.8657257475496288,0.9340606608843309,0.009816272803447263,0.025685851447615028,0.00981700916346263,-2.5245037116317093e-07
1298,0.9237863880975659,0.9614406824836144,0.005977383018720714,0.01914006606996516,0.005977663499120598,3.880975658621111e-07
1299,0.9318769187795907,0.9671057913694671,0.01047318247236329,0.02811175750050577,0.01047719673276019,-8.122040928704166e-08
1300,0.8381562701500392,0.9262923046623702,0.012997181848046867,0.04189476583156005,0.013001243889081103,2.701500392277012e-07
1301,0.5375724089478934,0.8963254792470131,0.016541526676240266,0.05094353174674082,0.016542426676227344,4.0894789332668324e-07
1302,0.9219620408963306,0.9702377310942607,0.008073744462792982,0.02264548763522944,0.008074696665745002,4.089633065529341e-08
1303,0.8272505144149823,0.9210625069478682,0.011218423320117193,0.03513533041390322,0.011220950389232256,5.144149822777777e-07
1304,0.9715575456107967,0.9867369125727621,0.005212515906591799,0.016115154491764615,0.005212912194418371,-4.543892033748165e-07
1305,0.8617312077420646,0.9292993760624118,0.01298572135175781,0.03697182414811871,0.012988221629880338,2.0774206455076438e-07
1306,0.8366860121821558,0.9263082897707545,0.010558076436914069,0.03250466835869837,0.010559497604850364,1.2182155728623911e-08
1307,0.923725028620883,0.964803370764384,0.009027419970058584,0.025153613250005726,0.009028284128615149,2.862088299693255e-08
1308,0.9161731602602415,0.9622080401469744,0.015038958328222645,0.03866645593178558,0.01504647299575415,1.6026024152182572e-07
1309,0.9221202919686768,0.9615858081094878,0.00824781784902345,0.020340834473497393,0.008248908968507914,2.9196867679104344e-07
1310,0.9534632093212675,0.9776056480910086,0.006732345716660159,0.017669290686944766,0.006732977732257696,2.093212675413625e-07
1311,0.8055566055232439,0.9056629766458223,0.008526190117480476,0.03080665535919143,0.008527278909444382,-3.94476756038209e-07
1312,0.8865319915914978,0.9417962488978984,0.010073869438183605,0.026123580534301583,0.010076645465334823,-8.408502227830184e-09
1313,0.6591865817555381,0.9173159203828771,0.014779010265039064,0.047803527748010576,0.014781757530062988,-4.1824446184168806e-07
1314,0.9419170399263934,0.9705853977528973,0.006547879106953115,0.019684494587982795,0.006548343630472303,3.9926393413658445e-08
1315,0.6989238671905087,0.8550236723744318,0.01568091885761721,0.05736930311900152,0.01568511882424049,-1.3280949129335085e-07
1316,0.7544863933579629,0.8729421145105851,0.013106856139843744,0.04364157554841179,0.013108200942948983,3.9335796286898983e-07
1317,0.755355070566583,0.9427052448790101,0.00866289716884765,0.03359410768735788,0.008663910672251699,7.056658302140306e-08
1318,0.8974557283522792,0.9624443801648985,0.008105343195576176,0.023020473975268588,0.008105873968041485,-2.7164772087306943e-07
1319,0.9075724360779306,0.9544060586840653,0.009115994467773442,0.03211922084024806,0.009118061323471868,4.360779305434548e-07
1320,0.9439704456647616,0.9766377541145189,0.006669711133886721,0.018236180851231423,0.006671356010749155,4.4566476165019964e-07
1321,0.8962331726042747,0.9484627600057898,0.010579045295800792,0.027666012997795652,0.010581881654894064,1.7260427476184503e-07
1322,0.7678098184615212,0.9211432022548035,0.013904365765136725,0.04531817257627659,0.013908063341994731,-1.8153847880508778e-07
1323,0.893347244555716,0.9512937306752247,0.011561757231054712,0.02836743641590429,0.011565713447572585,2.4455571601134096e-07
1324,0.6544832318055941,0.8404480040076957,0.017987160617324242,0.06178358481651092,0.01798879520481834,2.3180559405311385e-07
1325,0.8447059805676373,0.9274325421036613,0.015139639548339832,0.043213106082267444,0.015141438531420482,-1.9432362607929576e-08
1326,0.647721283340326,0.817692458624343,0.013917189560546888,0.05923289017516536,0.013918213852566596,2.8334032597943093e-07
1327,0.9010205136670929,0.9589759832857638,0.010522282441113279,0.027139006458326728,0.010524241103415339,-4.863329070570188e-07
1328,0.9409698224202294,0.9797687270125203,0.0070271355043652305,0.024028899976258233,0.007027703015980731,-1.7757977055499197e-07
1329,0.8856911127859012,0.950927665559627,0.013203165548242168,0.033366394158016316,0.01320713437929023,1.1278590117402842e-07
1330,0.8387037119170597,0.9357625924693251,0.017750255762890608,0.04864167759369094,0.01775290940210227,-2.8808294028070947e-07
1331,0.8729234804340504,0.9375651723627204,0.013797743437500004,0.0388382806344292,0.013802264909039517,4.804340504316329e-07
1332,0.9642171826148291,0.9834054024788513,0.007478908336328133,0.021335752110495064,0.007479700035649986,1.8261482914727623e-07
1333,0.9200101198807235,0.9620380844444655,0.006102454308789064,0.0183420076791388,0.006104217269609965,1.198807234592536e-07
1334,0.9513693023280133,0.9761145149452345,0.005016177025654296,0.016520357343819028,0.005016455636389808,3.0232801329077574e-07
1335,0.8143142516623305,0.9112461793140284,0.015162802788085943,0.05117388694090211,0.015168395697149471,2.516623305304222e-07
1336,0.36457967716147566,0.8958999009682044,0.018525692698632797,0.05847148095182995,0.01852715360749247,-3.2283852435810445e-07
1337,0.8640361294036809,0.9394221575755618,0.014864155169726567,0.0423692133885959,0.014868139362729387,1.294036808818788e-07
1338,0.7725071370230239,0.8895732277461431,0.016530165052734382,0.04888142806151686,0.016531827769416398,1.3702302381624065e-07
1339,0.8973565164680397,0.9482066150256356,0.01198936245507812,0.036570599879000985,0.011992831766636517,-4.83531960249195e-07
1340,0.7459659063907282,0.8791795639158707,0.01831271121455081,0.04830388704361258,0.018319554912966135,-9.36092717784831e-08
1341,0.8596393846976663,0.9285848904508384,0.011720356962988258,0.033883599687386065,0.01172433910193608,3.8469766627802215e-07
1342,0.9361637857243067,0.975573573506272,0.008957073827539064,0.024647507657373245,0.008958108076053066,-2.1427569329990348e-07
1343,0.5870553361099504,0.7821779392226798,0.024009832224511723,0.0721492985912242,0.024019763474349448,3.361099504273213e-07
1344,0.8764474255721664,0.9409253329940424,0.011064494959960937,0.03302186280496518,0.011068925953961318,4.2557216639593776e-07
1345,0.8903307049431712,0.9442319058366256,0.014371837079687491,0.03660658482964177,0.014374173348579851,-2.950568287474198e-07
1346,0.8743074018625245,0.9423800588970216,0.010537897195527337,0.032678728360749296,0.010538811239483485,4.0186252459051275e-07
1347,0.9204788650076351,0.9601805425518685,0.007791257194433588,0.023964439897554816,0.007792029718389233,-1.349923649529572e-07
1348,0.9440634434655825,0.9738760426281798,0.00804082418359377,0.023815427650680208,0.00804317705739564,4.4346558247809753e-07
1349,0.8936280525467517,0.9457377588434766,0.009203156702832045,0.02880365650767687,0.00920437149302038,5.254675172761125e-08
1350,0.9176663659621318,0.9593420938428837,0.01109174523164064,0.030799507846511563,0.0110940545079003,3.659621318208295e-07
1351,0.9543582388132178,0.9790711580974056,0.00673023887714844,0.02037504636958737,0.006731432855627201,2.3881321775665043e-07
1352,0.4520397241434604,0.7817324083071022,0.016984776890888682,0.05966864973268603,0.016985904548062356,-2.758565396110413e-07
1353,0.8728962803044128,0.93684911608013,0.011928174954687506,0.03549392115819094,0.01193216835671194,2.8030441279192075e-07
1354,0.7203854901162516,0.8788281979658801,0.018468919222187505,0.04823535379678215,0.01847058242739276,4.901162515835722e-07
1355,0.9151084735659277,0.957236042434687,0.008971341145996107,0.02621886884967301,0.008972771969338099,4.735659276944304e-07
1356,0.7533670365427912,0.937589838760739,0.013787314413769545,0.046144318116998186,0.013789184625712226,3.65427912374372e-08
1357,0.891574377938044,0.9528485314833617,0.009804584130468757,0.026257477738603475,0.009805800998013467,3.7793804397168174e-07
1358,0.9184918409909234,0.9604117699627344,0.009670010839843734,0.03008842104241379,0.009671354333129514,-1.5900907657240282e-07
1359,0.7240856121345154,0.8988012864702754,0.012778368104492196,0.04463030662987474,0.01278149530693556,-3.8786548461899883e-07
1360,0.8900051357004966,0.9460310505504995,0.006931419609375007,0.02133656908257768,0.00693258255217791,1.357004965063524e-07
1361,0.8967336811957402,0.9477136657781754,0.011524240000390611,0.030492584096297817,0.011527633146526894,-3.188042598800678e-07
1362,0.9095000832102038,0.9546610813899901,0.012062520652832033,0.02999348464323695,0.012066903742032129,8.321020383839084e-08
1363,0.8991115649009247,0.9487243741814697,0.013633629403808578,0.03546032943725563,0.01363884733356318,-4.350990753243522e-07
1364,0.8915233757295524,0.9503541171566317,0.008152794002441408,0.023294965939791024,0.008154028917889978,3.757295524708937e-07
1365,0.8589794806328135,0.9398716245049742,0.012012224653125006,0.033145177180127494,0.01201874764933234,4.806328134376869e-07
1366,0.8738904360511596,0.948298831019737,0.009813216222753909,0.02824181631301534,0.009814483906641915,4.360511596246397e-07
1367,0.8608952259784511,0.928173852896857,0.010606409500224612,0.03201590669504086,0.010607156312233008,2.2597845117378057e-07
1368,0.9131277860467661,0.9558643248322424,0.00947451700058595,0.0299248229405698,0.009477909569979185,-2.139532339073824e-07
1369,0.7164021013798869,0.8566650753555262,0.024929879676757777,0.06123213187579935,0.024941146612775664,1.0137988692981992e-07
1370,0.9104339261926817,0.9610024581823876,0.007602232549414065,0.028052424977265858,0.007603545301510371,-7.380731825712417e-08
1371,0.8955015041881993,0.9482765160883609,0.012660554618554684,0.03299376455910727,0.01266488223034309,5.041881993017583e-07
1372,0.9414864474245639,0.97572310242187,0.009006894750488286,0.02661534658837408,0.009007793497229405,4.474245638430574e-07
1373,0.65161071580043,0.8640926190599352,0.012894334589169918,0.04931011044580703,0.012895613977475712,-2.841995700997302e-07
1374,0.8509646969351776,0.9339452515464564,0.013948594752832041,0.04086508094093346,0.013952664343184214,-3.0306482234898624e-07
1375,0.9579040625249086,0.9787645807904488,0.008646151669628893,0.02147229400097487,0.008648041212151089,6.252490858393855e-08
1376,0.8732898263048169,0.9506467087722472,0.010418341230957027,0.032556792057260094,0.010420196427098613,-1.7369518312548848e-07
1377,0.6589340369558044,0.8394087232448846,0.012523138340234361,0.05040867966826513,0.012527310482068357,3.6955804416649585e-08
1378,0.35781877649289606,0.7787678748155848,0.02337503912763669,0.07173701647676266,0.0233792170311269,-2.2350710393581608e-07
1379,0.8866207115747027,0.9444592211358699,0.012129841626367177,0.03300001207599057,0.012133638878988454,-2.8842529731232247e-07
1380,0.9281033579666449,0.9658298672333113,0.009794266391992178,0.03297143439320856,0.009796896151272891,3.5796664488163543e-07
1381,0.8237707983038806,0.9483349773561124,0.013503896009570322,0.03539553271036543,0.013508997291987618,-2.016961194728495e-07
1382,0.7406424537787363,0.9512507794668147,0.015258943344824236,0.039808132552599365,0.015264261842575946,4.537787362535184e-07
1383,0.8888065450288201,0.9437923390862933,0.010395784832607426,0.034365964675944105,0.010396821246699273,-4.5497117995285663e-07
1384,0.9188750963614496,0.9588833040278932,0.011289743088476556,0.02975144522016922,0.011293874983132597,9.636144959745963e-08
1385,0.8294947079548181,0.9128658091579992,0.016535068166796858,0.04724491013397473,0.016542763367340996,-2.9204518192660345e-07
1386,0.8206642573055475,0.9148835841797291,0.01644325610439452,0.04865715489826925,0.01644969710502375,2.5730554753522483e-07
1387,0.8714387471608929,0.9355079053350519,0.008441688639355469,0.025090442936955858,0.008442937878395593,-2.5283910709550383e-07
1388,0.7862442741070121,0.9126496572469556,0.01426058238167967,0.04425424881502081,0.014261776326536567,2.741070120881872e-07
1389,0.7430755719533417,0.8709185556121587,0.015816630221210947,0.05531265302536715,0.015818178072011645,-4.280466582295972e-07
1390,0.9108623155012934,0.954691772627592,0.00814018426620118,0.026507724283077173,0.008140755298016224,3.1550129342416966e-07
1391,0.8915927615654221,0.9459415618412897,0.007228478397656247,0.022428106632529074,0.007229225577880462,-2.3843457785943656e-07
1392,0.8502899073197343,0.9289430959612546,0.01033138454218751,0.032611732025394795,0.010333566716605182,-9.268026568420851e-08
1393,0.9084224444285285,0.9558993956497506,0.009011566337285153,0.03201444437213264,0.009012384450903499,4.4442852853432413e-07
1394,0.7707130039435345,0.8815975401096615,0.014946340828613281,0.04049173208374414,0.01495115241147257,3.943534498951351e-09
1395,0.8372734076632666,0.9163719595112569,0.014338031642773441,0.04413721342165392,0.014345522589193619,4.0766326658836505e-07
1396,0.7213021369405679,0.8551678331510117,0.009035990025449227,0.035528937686626245,0.009036482748707582,1.3694056788526865e-07
1397,0.8343063541732652,0.9303909828938915,0.01366042089960937,0.037562933279233025,0.013665366673215348,3.5417326516018477e-07
1398,0.931100846650659,0.9687374153465155,0.008309990568164064,0.026018447299079928,0.00831135042228319,-1.53349341003306e-07
1399,0.7956877336052662,0.9042252286711217,0.014628843475683564,0.040560536506883176,0.014632489647741203,-2.6639473371670164e-07
1400,0.9389098687930356,0.9738770885557647,0.007521249831113268,0.025104952164130674,0.007521971803506517,-1.312069644043845e-07
1401,0.8916497963807444,0.954598427237243,0.009956488688769534,0.027532293704301197,0.009957671482895149,-2.0361925567868866e-07
1402,0.9112682771676076,0.9559998226836973,0.007363918169140625,0.018639094163002228,0.007365770361336224,2.7716760764295856e-07
1403,0.6543387809940926,0.8163861715053728,0.01575169436669922,0.05701680716817832,0.01575618113307789,-2.1900590740919768e-07
1404,0.9403690096577005,0.9726599902380009,0.010101805713867186,0.02608586559568179,0.010104430951124812,9.657700528187263e-09
1405,0.8631314451367917,0.9532675785288779,0.010932305541015644,0.02978295088772013,0.01093472593385332,4.4513679176017007e-07
1406,0.9410666717473734,0.9703809169163129,0.008969793325488282,0.023203508230454938,0.008971020665179118,-3.2825262663571664e-07
1407,0.9231806101358839,0.9614232716956178,0.010302653759863292,0.028586556130640005,0.010305355813852328,-3.898641161015348e-07
1408,0.7816091004366809,0.91546706101718,0.012692238637597662,0.035229649754850385,0.01269549658767073,1.0043668086101576e-07
1409,0.8732850914779924,0.9446509007716019,0.010937042893896477,0.03546655242397968,0.01093792812634263,9.147799240327714e-08
1410,0.9157115076431331,0.9788614808512657,0.009224652058007812,0.02382151956638895,0.0092264547356511,-4.923568668324663e-07
1411,0.511504199295695,0.9015464498837064,0.02034808592060544,0.05057214440165745,0.02035087284850172,1.992956950580549e-07
1412,0.8915067435702158,0.9607857927962384,0.010495615804101549,0.03472396811744709,0.010498238867819464,-2.564297842955199e-07
1413,0.8040960113587037,0.9182479611115011,0.018686576459960937,0.055658302669113244,0.018691191634794945,1.135870364432634e-08
1414,0.8386887119936214,0.9162951618605925,0.012646477776171857,0.0441379280336379,0.012650399449337709,-2.880063786347975e-07
1415,0.9007317383268236,0.9534457267995906,0.0127810517993164,0.031558003843245974,0.012785042941969714,-2.6167317634939735e-07
1416,0.9369323149450439,0.978953431536592,0.00905726435771485,0.025131237669375067,0.00905948914991638,3.1494504393325684e-07
1417,0.9020875454971696,0.9542731451060907,0.010676672013378912,0.029769992654230516,0.010677784365158483,-4.5450283037151706e-07
1418,0.327664666343235,0.6758256573042195,0.026267600228027366,0.07350222931221627,0.02627618499662855,-3.336567649947497e-07
1419,0.8514709082036611,0.9265702329979079,0.01179147999542969,0.040564922426086926,0.011792636397864554,-9.179633886358118e-08
1420,0.9040538899027841,0.9514052134995317,0.010479240580625016,0.031928472541787954,0.010480285191942421,-1.1009721589960719e-07
1421,0.8561225158494629,0.9448775055538725,0.010410677855761689,0.02964031148984431,0.010411860400506838,5.158494628121346e-07
1422,0.8726170487963749,0.9401568808886983,0.008829743233203118,0.030690323651010386,0.008832004955112036,4.879637494070721e-08
1423,0.893411830945605,0.9468052540035127,0.010506133979179686,0.03261774764967368,0.010507128731085173,-1.690543950383372e-07
1424,0.8901854595400542,0.9471050618958379,0.00836205083710938,0.03184850441758694,0.008363252925923385,4.5954005423176625e-07
1425,0.9234723959097405,0.9611168653361417,0.009977003876757803,0.02393441048868808,0.009978406070318342,3.959097405470402e-07
1426,0.9637943511159667,0.9842031251723331,0.0076971451458984425,0.02058377635873296,0.007697997749956035,3.5111596663472966e-07
1427,0.7277920439956477,0.8565279618027882,0.01569793165781251,0.053582806459186026,0.015699597339561406,4.399564768053921e-08
1428,0.9092301059981721,0.9596224633928941,0.013319854692773449,0.03391417924382897,0.013323586034989912,1.0599817212852969e-07
1429,0.8217846626438892,0.9085907938613769,0.01346793121308594,0.04250478301188974,0.013472042783544769,-3.373561108244161e-07
1430,0.30934078287401257,0.642386460730163,0.022869281389355452,0.06867404588382434,0.022875344636703477,-2.1712598741174816e-07
1431,0.8655019839500098,0.9369706897580865,0.010711753605761732,0.032001670076973944,0.010714158512209877,-1.6049990225752708e-08
1432,0.8800361441545986,0.9419449141160632,0.007898807201171884,0.02430061573186468,0.007900024218862857,1.4415459859140611e-07
1433,0.8639061240323402,0.9397911038513521,0.010008208724804693,0.031341615458406594,0.01000989266802746,1.2403234028735e-07
1434,0.7164658282503782,0.847593515097631,0.019163973783691415,0.05489637895650481,0.019167834457734453,-1.7174962185784182e-07
1435,0.8747219921925707,0.9382853843389247,0.015659831691699214,0.042315510449121164,0.01566693775562389,-7.807429258654963e-09
1436,0.7638518725162784,0.8759082074373996,0.015184944660400395,0.047985887221488215,0.015186335658130217,-1.274837215792246e-07
1437,0.7335136103010078,0.9141308041833287,0.011399338079101555,0.03641883570595626,0.011400564510789593,-3.896989921869931e-07
1438,0.9502752416473719,0.9766762410960309,0.009449183050097648,0.02420690013198074,0.009451066300757255,2.416473718902523e-07
1439,0.7936991035468677,0.9050472771407485,0.015353914637499999,0.047817824556035414,0.015355716478807194,1.0354686763580645e-07
1440,0.788646745780249,0.9426665457838985,0.016922044786132833,0.043103133396373824,0.016927721433190112,-2.5421975102801753e-07
1441,0.8681224954019214,0.9581456086513006,0.013075340138378902,0.032604256132519153,0.013076770295054344,4.954019214853389e-07
1442,0.9573205351907251,0.9788442716274439,0.006614513206054692,0.01811696360294907,0.006616386762339436,-4.648092748471555e-07
1443,0.8638739614304938,0.9512838879897392,0.008443270148017585,0.026394052108152086,0.008443737550180864,-3.856950625547029e-08
1444,0.9157293923910158,0.9713758077713619,0.009490915109960928,0.024626014047653976,0.009491901463749104,3.923910157910271e-07
1445,0.8288992654321315,0.9111926671007025,0.012597255140527371,0.03937130166518064,0.012601830642181143,2.6543213149654576e-07
1446,0.9419380936366903,0.9774973318338165,0.005943881208808604,0.01975043439337713,0.0059442880101412505,9.363669029038846e-08
1447,0.8186981620639973,0.9401873931761099,0.011019034482128914,0.033589940798103395,0.011021671163456332,1.6206399722218379e-07
1448,0.9644072525116818,0.9828558028777065,0.006313216838085934,0.01664154844521386,0.006314281841484153,2.525116817864159e-07
1449,0.8345763077698352,0.9139220936145321,0.012145923886718755,0.04031697330321457,0.012147775066724733,3.0776983517277756e-07
1450,0.805068159546487,0.900649965221214,0.014984633254785136,0.043515126492813846,0.014986199068312729,1.5954648702187768e-07
1451,0.8752655810229806,0.9451211325928349,0.009616821168212891,0.0317284020588974,0.009617555215996632,-4.1897701941184806e-07
1452,0.8673918506390311,0.941799732523612,0.012381526393652337,0.031742499581089934,0.012384525792046292,-1.4936096892625983e-07
1453,0.920968108871513,0.9631367431281216,0.010477842616015634,0.028400297994145375,0.01048115320040232,1.0887151302707565e-07
1454,0.9274126985941449,0.9639647512712729,0.00844420908632812,0.02641171791575341,0.008445596213853391,-3.0140585516313934e-07
1455,0.17702632190219314,0.682352232230174,0.022708242734296852,0.0678762327450238,0.022710475697307254,3.2190219315109125e-07
1456,0.8457382121146825,0.9652031065513167,0.01230301690414061,0.03593619760781879,0.012304204894440769,2.1211468248516496e-07
1457,0.8938700849630316,0.9519102536103091,0.01349850952978516,0.03674667088007143,0.013504116668595944,8.49630314991856e-08
1458,0.8597443238679758,0.9389553489561838,0.010713766790820308,0.034668270225122075,0.010716914552245679,3.2386797588213057e-07
1459,0.9068051305016014,0.9536319933020043,0.011979931490820321,0.03700153733968605,0.011981578876441095,1.305016014141458e-07
1460,0.8960678113553953,0.9473188359482841,0.010443577665136735,0.031160722889267956,0.010445549634491812,-1.8864460471501587e-07
1461,0.7527950236097213,0.9037797174384918,0.02000400468691405,0.05657790569758943,0.02000960161860487,2.3609721289119534e-08
1462,0.819497067841048,0.9060302588853114,0.012843383453955089,0.04366146385423295,0.012844516393991118,6.784104800150459e-08
1463,0.8613835462911202,0.9397177687545587,0.010880146241113293,0.03724246648224126,0.010882496521916385,-4.5370887979956365e-07
1464,0.934086938882603,0.9693009510159786,0.011359588367480477,0.02615255729495477,0.011361682403943132,-6.111739703218433e-08
1465,0.935888323697259,0.9702167729906392,0.006797787677050781,0.02087021296180414,0.00679926894742564,3.236972589970577e-07
1466,0.8634661864923979,0.9357392453283444,0.016112899122363303,0.042908172030380914,0.016115187951227385,1.8649239796886263e-07
1467,0.955997619972299,0.9794943369130608,0.006415119612304691,0.016970744606800394,0.006415607032403243,-3.800277009746722e-07
1468,0.9120127984171725,0.9607038786971975,0.011033922459765621,0.02875049950677197,0.011035272384772959,-2.0158282743043543e-07
1469,0.9472391832443078,0.9749953397767304,0.005950144970410163,0.017658931524673547,0.005952408844708903,1.83244307727648e-07
1470,0.9116247251997505,0.9553030199852537,0.010745105748242171,0.031200724637636835,0.010748419389204088,-2.748002495556179e-07
1471,0.9288072034613494,0.9647970938860907,0.009734529715722645,0.024820745234589478,0.009736140859127312,2.0346134932403004e-07
1472,0.9265480480254017,0.9627129239340421,0.00790521231010743,0.02301974209034532,0.007905822081421076,4.802540165549374e-08
1473,0.7113085729427944,0.8553949633594983,0.013582132391894536,0.04559977290316788,0.013587653699647487,-4.270572055986577e-07
1474,0.6828764582699605,0.8287307413064308,0.014398616949804675,0.0527652622153405,0.01440161356842825,4.582699604238627e-07
1475,0.6800699789866234,0.8943879906468039,0.01581676221445312,0.046188223716142444,0.015818485975433894,-2.101337659432545e-08
1476,0.9170049962851164,0.9598934094007874,0.011729069822949223,0.02891755017513261,0.01173098549288021,-3.7148835119182877e-09
1477,0.8323825040045437,0.9253167127001324,0.0104941913694336,0.036632115125750056,0.010495417116604148,-4.959954562622215e-07
1478,0.9189923430708827,0.9773027468543615,0.008610087078222653,0.029188148977366685,0.008612835234989643,3.4307088270235653e-07
1479,0.8991109934460572,0.9495579557708629,0.008536979846582037,0.023780028752187626,0.00854009990119811,-6.5539428328875715e-09
1480,0.8517368881723956,0.9256753728599901,0.010717363552246104,0.0377886114340136,0.010723013909315642,-1.1182760439876205e-07
1481,0.8207969948801078,0.9334440129742394,0.013899892585644537,0.036620406422843865,0.013902652308006427,-5.1198921768857986e-09
1482,0.818528819320486,0.9082270585132528,0.013823175465332028,0.041300278088686214,0.013827659357666406,-1.8067951390587922e-07
1483,0.8620187877173511,0.9382102672809592,0.010825526698632817,0.037632789907178665,0.01082650641962121,-2.1228264890371662e-07
1484,0.8637274109752444,0.9336988493776467,0.013726672475292948,0.04413092212081128,0.013733817177801904,4.1097524439148714e-07
1485,0.8896496421372998,0.9450913981731575,0.010948840206249992,0.03479983587255643,0.010953561037707388,-3.578627002509549e-07
1486,0.9127906886093876,0.9555384481525666,0.011372106657324216,0.03207151941334431,0.011374854699371153,-3.1139061240637034e-07
1487,0.8835966236331747,0.9446880357648805,0.012670753481835939,0.037534565748753225,0.012673330665726134,-3.763668252609875e-07
1488,0.9168387512109017,0.9595357566699063,0.01160860879121094,0.028548621747037324,0.01161055455644578,-2.4878909821168804e-07
1489,0.8746538823150184,0.9397244317390829,0.013996152179980462,0.03828394496086875,0.014001131535399145,-1.1768498164865804e-07
1490,0.6627918359176563,0.8414795620549519,0.013658982613574235,0.04054493107250103,0.013660903918619698,-1.6408234371212416e-07
1491,0.8912816819760879,0.9465062982184446,0.009574700065917964,0.027499689814738958,0.009576037482125623,-3.1802391209367897e-07
1492,0.8396318602943299,0.9185179516844303,0.011836804997626944,0.0369138525172362,0.011837811254791612,-1.3970567014354174e-07
1493,0.952983770842769,0.9782389532162054,0.005577831931054688,0.0161827792898025,0.005579101080031947,-2.2915723107974628e-07
1494,0.828558618044719,0.9312082433006874,0.017939219429687483,0.05646261805823298,0.017942053222692347,-3.8195528107021204e-07
1495,0.7317233336526043,0.8986489903059447,0.017456140376757825,0.0415071738375035,0.017461835219047282,3.3365260432294264e-07
1496,0.8425807974314181,0.9541039259889067,0.009799672492724586,0.03297829301187476,0.00980043549798594,-2.0256858190847993e-07
1497,0.9335339745131898,0.9666083291150256,0.00882850149826171,0.026279193560285654,0.008829313002980316,-2.548681021785626e-08
1498,0.874927862686329,0.9357533532627067,0.011154302778124996,0.030937973441259172,0.011156115604517491,-1.3731367098923641e-07
1499,0.9314755077086887,0.9657324342567629,0.0062659828836718855,0.01523566040171252,0.00626648675946457,-4.922913112714866e-07
1500,0.6977469507082923,0.8430336062910175,0.022509128162207008,0.0628074021457549,0.02251283932497479,-4.9291707715504174e-08
1501,0.8352129103025108,0.9177614055506708,0.015289364523242196,0.03922900434542484,0.01529534004857008,-8.969748921394682e-08
1502,0.7201031383682789,0.853206232111473,0.020499349024218762,0.05300210412819847,0.020502325354991476,1.383682788347329e-07
1503,0.8964832938767198,0.9610090048383993,0.014092157562500006,0.038755082283848004,0.014099923967000131,2.9387671973690743e-07
1504,0.8250570882070105,0.962140004765465,0.012097996907617183,0.0342122383136629,0.012100156410431596,8.820701047351776e-08
1505,0.8861147626260534,0.9424692990321295,0.010171450847656246,0.03326542682729446,0.010172544521314584,-2.3737394660994227e-07
1506,0.8658857757809937,0.9405762150898771,0.008217041044599601,0.030427188767638405,0.008217549833047058,-2.2421900636171443e-07
1507,0.9042982114417932,0.9629752157877771,0.013303501307324222,0.033414200582984645,0.013306227555087468,2.1144179318532963e-07
1508,0.8995094293888718,0.9529440059807752,0.011068823144433587,0.032322370548431685,0.011070205821996918,4.293888717921135e-07
1509,0.9245127787908165,0.9632577876701812,0.010853547771386717,0.02804168492226177,0.010857241605839993,-2.2120918352630525e-07
1510,0.9583563633901125,0.9795118408552776,0.008248790468847644,0.022912601388364203,0.008249709771956198,3.6339011255659415e-07
1511,0.8475663287638363,0.9240132179814257,0.007495381209755861,0.02423282440958412,0.007496069978874681,3.2876383626589956e-07
1512,0.956200496039258,0.9783315998228558,0.006268453180664065,0.01726891623727353,0.006270369608149253,4.960392580022344e-07
1513,0.7677395043468197,0.8917870190137501,0.012892310008593751,0.04548961160769263,0.012893879118898022,5.043468197518663e-07
1514,0.8219403547299551,0.9222349539320653,0.009456266910556637,0.03140937309768856,0.00945696451082564,3.5472995507657146e-07
1515,0.9325680907577076,0.9664966374153752,0.009135043782167963,0.02611903977347422,0.009135953288152726,9.075770768252056e-08
1516,0.8573397312783777,0.9275428804803437,0.013834889549511727,0.040233107718392336,0.013840926554751668,-2.687216222874156e-07
1517,0.6992329326308477,0.8773221220690588,0.011035336723828124,0.036510363338028616,0.011036503986428444,-6.736915225680207e-08
1518,0.9048743332925127,0.9566212174611965,0.01191575320634766,0.029544713660350205,0.011923076671231431,3.3329251269975657e-07
1519,0.8623176892505587,0.9340211389839785,0.009330582912402335,0.026792278210760585,0.009332835766561307,-3.107494412901701e-07
1520,0.6881040241848864,0.8321936316439904,0.015398366501953132,0.05867790378022159,0.01540007906620568,2.4184886315836707e-08
1521,0.8394938587636297,0.9208501804109155,0.01229852858867186,0.03450229721730541,0.012302179998717279,-1.4123637026575153e-07
1522,0.9268431354128871,0.9639290855184316,0.009731410941503895,0.024482015766991754,0.009732659163801045,1.3541288712559663e-07
1523,0.8760866418469138,0.950407526700987,0.014223025956152333,0.043744318654908916,0.01422487347702958,-3.5815308618847297e-07
1524,0.7015822783853086,0.8842072899595417,0.01717611301582031,0.049984406727690556,0.017179108536975903,2.783853085830401e-07
1525,0.9353262150451768,0.9672897180000593,0.009711563426367182,0.029155585615997376,0.009715288349528813,2.150451767768402e-07
1526,0.8449266249974977,0.9347411544448002,0.014335470028124986,0.03790421965309256,0.014339833081512182,-3.7500250227306964e-07
1527,0.8857677764138729,0.9574597428748999,0.010376959767207025,0.03134425164186339,0.010377958515885919,-2.2358612705719594e-07
1528,0.9420115252967587,0.9817886472314453,0.010475240348828109,0.028583652784739066,0.010478676601336499,-4.7470324127107943e-07
1529,0.8427817514932351,0.9198348569889239,0.016101449385253902,0.04369579782961681,0.01610693057050566,-2.485067649438122e-07
1530,0.8792748884999173,0.9591788717420608,0.008302948710986321,0.027093263024939192,0.00830348451300378,-1.115000827223156e-07
1531,0.908338080219971,0.9568800642674159,0.009858812490332039,0.02770836354686809,0.009861525141471109,8.021997099927347e-08
1532,0.8399389997733145,0.9178868911721504,0.01572983598242188,0.045801369006514527,0.015740140022689576,-2.2668544819026692e-10
1533,0.8116027381334454,0.9113186844889654,0.01622422822744141,0.04160078033562096,0.016225992958322562,-2.6186655455173735e-07
1534,0.8644431336332739,0.9331542237227461,0.01570796748593749,0.040094325479306525,0.015711161626369662,1.3363327389104285e-07
1535,0.9254592358921229,0.9626424554490963,0.012035469559472671,0.029810147889492454,0.012039062599646941,2.3589212283514627e-07
1536,0.728534443256317,0.8806801388015055,0.018177107077246093,0.05360364323240679,0.018184028231156155,4.4325631698427514e-07
1537,0.8106509216765589,0.9034097277998212,0.009745478889550787,0.04056285337056343,0.009747019041371763,-7.832344106617484e-08
1538,0.14249780871689666,0.7989716916952186,0.019146055552099608,0.051826095399393965,0.019147350213970415,-1.9128310335680965e-07
1539,0.9460746701960039,0.9815234942059626,0.008468464667480463,0.025400523593989043,0.008470782548038961,-3.298039961130428e-07
1540,0.9009479943649409,0.9497656345528855,0.0112848953998047,0.03404271309487248,0.011288675864464949,-5.635059086017691e-09
1541,0.8269648501960514,0.941898466222956,0.009576464387167957,0.03248411088737172,0.009577353366589023,-1.4980394857921908e-07
1542,0.3140146401908521,0.7570835962494739,0.020775870038671866,0.06875832751884094,0.020778557319100666,-3.598091478651533e-07
1543,0.9157466284688585,0.9740290665346056,0.009447851093261716,0.024543245655318954,0.009450188238215286,-3.715311415186662e-07
1544,0.9286475511844066,0.9640334231159801,0.007269512808691416,0.02434082738567862,0.007270725844231033,-4.4881559346787725e-07
1545,0.927214617165022,0.9656102369297503,0.008199980421582037,0.02593896163616079,0.008201750355207815,-3.8283497805213784e-07
1546,0.9166376606219178,0.9577042979257572,0.009096195691015631,0.027295848156878095,0.009098124084815841,-3.3937808219253185e-07
1547,0.9324341023382494,0.9659972752855953,0.007817714213867188,0.020187148550536063,0.007819419326610793,1.0233824943028935e-07
1548,0.8636047643350826,0.9422817949124966,0.009836659043847654,0.02972823438644683,0.009839967040031185,-2.3566491735849127e-07
1549,0.8574648496885009,0.9294967685855126,0.015909450289746087,0.0396355968851304,0.015916823130938663,-1.5031149913635744e-07
1550,0.9144079132648326,0.9627034683949349,0.01281609023222656,0.036944453942152344,0.012817714073814743,-8.673516738166853e-08
1551,0.9054427103209667,0.952687343291981,0.012151184216210947,0.035724436100486576,0.012154411020297141,-2.896790333162258e-07
1552,0.8517146766651497,0.9526597956163013,0.017230545615136726,0.051893697576231246,0.017233108081803086,-3.2333485033841924e-07
1553,0.8975211535660856,0.9517069926336736,0.009473675232714845,0.02876428448481598,0.009477612884218955,1.5356608562555607e-07
1554,0.8764975990010957,0.9486940902194468,0.009152351982519537,0.030321075173954447,0.009153544604253506,-4.0099890430411733e-07
1555,0.9165554160393686,0.9584201997081389,0.007969284171523438,0.024212005238246945,0.007969977559889947,4.160393686225561e-07
1556,0.9043818252354692,0.9517724711782235,0.007518163053300784,0.02550095008716034,0.007518655073863258,-1.747645308469714e-07
1557,0.9119675062320332,0.959789906279645,0.008145713771796882,0.02444072874286253,0.008146407528660143,-4.937679668470807e-07
1558,0.8966390451286255,0.9496402402850724,0.01312024151894531,0.03507313393786789,0.013125044748508933,4.5128625503210174e-08
1559,0.9364381745900995,0.9692634396438039,0.006122293897070309,0.018707851867523887,0.006123439037118233,1.7459009948872506e-07
1560,0.8661340425458937,0.941093469370945,0.010607078906835916,0.032365168262848784,0.010608435511447432,4.254589369701023e-08
1561,0.9306648497081786,0.9668841229211318,0.007267259590917973,0.020162095056975922,0.00726848632024764,-1.5029182132142438e-07
1562,0.9170371640562289,0.9580317464996301,0.006472901564062503,0.02156384076708417,0.006474165218821406,1.6405622893511662e-07
1563,0.8568620300789374,0.9568524416298553,0.01303265771083986,0.03682434115330286,0.013037282766428675,3.0078937340860534e-08
1564,0.878529882282675,0.9459034522056227,0.01286695930996092,0.03459820205215836,0.012872142768675368,-1.1771732499887833e-07
1565,0.8947172409727331,0.9525855089459255,0.009719499474804674,0.034062236995677946,0.00972160577054901,2.409727331009748e-07
1566,0.9091867896400571,0.9585123562380945,0.009718768912890616,0.03213787779039431,0.00971975951967763,-2.103599429092995e-07
1567,0.9140904624848782,0.9618061609512132,0.012110669767675792,0.029867507518154673,0.012114705501964074,4.6248487828304263e-07
1568,0.8267767287055662,0.9329114638840195,0.015315155307128911,0.05479889024223569,0.015317382096058936,-2.712944338068013e-07
1569,0.8914360807641336,0.9575938729779665,0.005928858936474606,0.021217287198891446,0.005929087072270229,8.07641336031395e-08
1570,0.9087618953378922,0.9600143149535955,0.01173791838251953,0.03178379120360603,0.01174132042776521,-1.0466210775827989e-07
1571,0.8130009996009443,0.9065387911391729,0.015253922022851571,0.04384101471962157,0.015256274929480708,-3.9905567739140224e-10
1572,0.9074912574822176,0.9603871178306751,0.014633270662890618,0.037319377031873976,0.014637482390596262,2.5748221754717804e-07
1573,0.9253582020508936,0.9629110005441573,0.008570179351953122,0.028053981296083608,0.008571450052280471,2.020508935718368e-07
1574,0.9704397769576374,0.9859697440570765,0.006217009307021481,0.016683218400346138,0.006217541354035,-2.2304236257930654e-07
1575,0.788693825177043,0.8956817701404867,0.015644581265820315,0.04486019236761436,0.015650928167939147,-1.7482295699977612e-07
1576,0.6903520887501922,0.8710297614877323,0.020084933863574243,0.06726697011668757,0.020090051709824076,8.875019219534153e-08
1577,0.8758194130909663,0.9360776764599164,0.011215668958808609,0.0319146781035636,0.011216574098762856,4.1309096632247133e-07
1578,0.9374686022427563,0.9791544120209237,0.007655313409765628,0.019651478895061497,0.007656514569896565,-3.977572436975052e-07
1579,0.8863019623155832,0.951665294986068,0.010511602957695316,0.029048518834214984,0.01051252778534295,-3.7684416809291577e-08
1580,0.7327549538926816,0.8724708514061413,0.011662800834707042,0.045194742337308025,0.01166369209182767,-4.6107318407706543e-08
1581,0.930309240869525,0.9847199352135393,0.007951337786523443,0.023652106043671368,0.007951944316384527,2.408695249922488e-07
1582,0.9029196666745581,0.9546966914363151,0.009518698298046874,0.02960153557257558,0.00952100960786617,-3.3332544180364465e-07
1583,0.8737924088041399,0.9625284233943315,0.007532076975195311,0.022741659834445083,0.0075338590116043385,4.0880413987309794e-07
1584,0.9577087971582995,0.9789145192517995,0.0055579736995410205,0.015931752388503213,0.005558344450231536,-2.02841700547296e-07
1585,0.8912739536448577,0.9445439817680545,0.008535087672499993,0.025113342996362996,0.00853562261712601,-4.635514228024107e-08
1586,0.918554228005874,0.9588572102327225,0.011042679886328127,0.02728386440392036,0.011045949267496915,2.2800587407001416e-07
1587,0.9220239797891654,0.9648138713134767,0.01051709184189454,0.028678782504400025,0.010520765482785818,-2.0210834561495972e-08
1588,0.9322542456545222,0.9700742412673977,0.010115504332519515,0.027684288654493974,0.010116565218271006,2.456545221685147e-07
1589,0.9306306538980439,0.967244169081882,0.013016536048925791,0.03123430866815202,0.013020781724806174,-3.4610195609463545e-07
1590,0.6869893662738782,0.8674063745641182,0.028452212865332047,0.07417600707336097,0.028468311350934434,3.6627387822729673e-07
1591,0.6474182872745213,0.8102405930295634,0.011354317768554691,0.05511822686505649,0.011355647939629655,2.8727452128229913e-07
1592,0.7773623065193407,0.9009785593804671,0.016840889803417997,0.04759774589237024,0.016842784082711046,3.0651934068703923e-07
1593,0.9404868135940758,0.9815597145686424,0.00629056654883789,0.019335832206744213,0.006290944905955192,-1.864059241407645e-07
1594,0.9506766056602048,0.9789911262770601,0.005627609982382811,0.017231365293746404,0.005627880842438966,-3.9433979515113293e-07
1595,0.8925471385430229,0.9576589614341959,0.00853310144169921,0.02170599221624342,0.008536613742642836,1.385430229428053e-07
1596,0.6102918646010611,0.8079379413288883,0.01631212241015628,0.05080512612307788,0.016315597041701546,-1.3539893883862675e-07
1597,0.9267464554725268,0.9641514014691166,0.010074104804492176,0.0332447157420656,0.010075571658607209,4.55472526805778e-07
1598,0.8569481329871937,0.9274618444925911,0.014106588531835915,0.04557431785835397,0.014109865977149033,1.3298719370169465e-07
1599,0.918475306606426,0.9667038381198744,0.007110203460234369,0.018111800048176325,0.007110804201381309,3.06606425914957e-07
1600,0.7221285207076349,0.8946984359896976,0.011564876387402345,0.04705466254706959,0.011567835948822835,-4.792923651297798e-07
1601,0.8078977801136862,0.9149557131827696,0.013691874464355472,0.04617908193136638,0.013694463102696295,-2.1988631382363621e-07
1602,0.8960285636421327,0.9596509623055586,0.012281427527539072,0.03584315772351599,0.0122827385244072,-4.363578672839097e-07
1603,0.8169436513262915,0.9121274951207318,0.013530384216406236,0.04273338585668347,0.013535052002417627,-3.4867370846125567e-07
1604,0.8961936135334354,0.9611684385358664,0.009535303033300798,0.028866734072230223,0.00953726154429306,-3.8646656463914297e-07
1605,0.9535865922057658,0.9781104485682108,0.006152416170820318,0.016967795694300236,0.00615275231579883,-4.0779423415848726e-07
1606,0.9488344396806077,0.9804133846034169,0.005436557141171869,0.019868048431946835,0.005436955866474097,4.396806077000548e-07
1607,0.9123403954087739,0.9612147475186639,0.007963388690527349,0.02381731948809342,0.007964270727935478,3.954087738344825e-07
1608,0.9512119394879791,0.9758190857953204,0.00865501557021485,0.021700363691566145,0.008658321733918135,-6.051202083856566e-08
1609,0.896074885242938,0.951291469522743,0.010345573856611334,0.025785521780283097,0.010346589556476278,-1.147570619641769e-07
1610,0.8862144789597024,0.9418394119348875,0.009184679175000002,0.028134262512549836,0.009187128657348465,4.789597024545955e-07
1611,0.9426059370452432,0.9731198012334473,0.007796481033164074,0.02368272984384484,0.007797235870157418,-6.295475685202945e-08
1612,0.9541761984311206,0.977174012059383,0.007232295625488284,0.021618965735746634,0.007234138879734357,1.984311205349698e-07
1613,0.8410455968320327,0.9368289691569867,0.016684699498046896,0.04233749069843192,0.016695124354410923,-4.0316796723338655e-07
1614,0.6869729335831778,0.8924352908255947,0.015875286954892574,0.04668168014451111,0.015876546937661995,-6.641682215313693e-08
1615,0.8379042388945829,0.917650597565215,0.009727743905937489,0.03466507103510676,0.00972836175292773,2.3889458289350074e-07
1616,0.8871505812542445,0.9469631633251915,0.0066551214446386765,0.02478175257129206,0.006655471278305228,-4.1874575551492654e-07
1617,0.9107846987660444,0.956341536119029,0.009346822727832025,0.03051273424357022,0.009349654382857725,-3.0123395555747834e-07
1618,0.9560629412613261,0.9785884478723638,0.006185314355468743,0.016830311570189018,0.006186207872775263,-5.873867392480747e-08
1619,0.89211231123671,0.9450265180629086,0.010882525145410151,0.03391731408092956,0.010883657286296752,3.112367099600277e-07
1620,0.8797456379705502,0.9400535525534035,0.012631776250097659,0.03565828571049108,0.012636065614378328,-3.6202944986296615e-07
1621,0.9363665638698171,0.9776993929865166,0.008374202439462875,0.02361184229847986,0.00837494264394481,-4.3613018285704186e-07
1622,0.9236271484431486,0.9651186362718458,0.008212657668164059,0.0235381145477846,0.008214343323700303,1.4844314866202524e-07
1623,0.669304910472331,0.8252718055213847,0.017451641558105486,0.05879468902028065,0.017459720429151917,-8.952766905601095e-08
1624,0.8468391693206376,0.9250855905633121,0.012690213546679673,0.03637224939603605,0.012692975124275724,1.6932063762187255e-07
1625,0.7791912718533258,0.938716317525166,0.009139780619238282,0.03237179116256876,0.009140903078259956,2.718533258505573e-07
1626,0.8404133528683917,0.9466374483771219,0.011992434682617188,0.03318047589324724,0.011995406953733351,3.528683917286557e-07
1627,0.9303073221004139,0.9682555828793445,0.008499756491113302,0.02643694731302,0.008501544469634107,3.221004138964645e-07
1628,0.8891649827503451,0.9518157268478606,0.010121662556445303,0.025760557848491288,0.010123679048543163,-1.7249654926665414e-08
1629,0.801794107861609,0.9171906054158595,0.019139907472363275,0.051392739978949054,0.019145095580755098,1.078616089777995e-07
1630,0.8751949768269328,0.9644702682294026,0.009367527365937508,0.028933982344419018,0.009368168320088082,-2.3173067131843084e-08
1631,0.9432633667544915,0.9735787324697951,0.008386043356835945,0.022562170221116135,0.008386882663215519,3.667544915542109e-07
1632,0.790773806900626,0.8932202172192915,0.01623281028623044,0.04620582584801887,0.01623790269873813,-1.930993739351905e-07
1633,0.909080586291724,0.9549825390846028,0.009627528721542987,0.026914267661836473,0.009628274682137391,-4.137082760813371e-07
1634,0.8888228444240526,0.9463903394744502,0.009418562847949234,0.022114151907637096,0.009421804275556634,-1.5557594745807535e-07
1635,0.8660552526741075,0.9344754324344692,0.01426939011171877,0.04673857161121002,0.01427752900427788,2.526741075259409e-07
1636,0.8430884806926277,0.9203030262714554,0.011927684682421872,0.031227596385120897,0.011931188145770925,-5.193073723264163e-07
1637,0.4136580663377928,0.705766486530958,0.012719510818398434,0.0630350394305559,0.012720441047461253,6.633779275899698e-08
1638,0.914572560252463,0.9631009355977723,0.007601586822460939,0.025516167474192067,0.007602791821628753,-4.397475369399828e-07
1639,0.890584971525855,0.945932485905289,0.009035343626464848,0.032886525345457364,0.009037421047596153,-2.8474144930790146e-08
1640,0.9501991702083494,0.974904681768537,0.006721608070703119,0.01955870770891357,0.0067233235811737764,1.7020834941483542e-07
1641,0.7020408308983633,0.9130673867756884,0.01138795480595703,0.03684581017780178,0.01139004755520558,-1.6910163669336953e-07
1642,0.914039453299634,0.9565978798107502,0.008522661663867188,0.02360728967786134,0.008525226516628234,4.532996339401407e-07
1643,0.8516571425004114,0.923207492609862,0.009774531430917962,0.03717213837183273,0.009775298855417554,1.4250041135976943e-07
1644,0.8976204079318155,0.9495138390223204,0.013238526415175762,0.03629451098906746,0.013239725542943665,4.0793181554921176e-07
1645,0.880961559630237,0.9452980843829913,0.012065895331796892,0.03236091939587643,0.012067048011338044,-4.403697629884462e-07
1646,0.7844473144007397,0.89023724789935,0.01589242346181641,0.051828286737727824,0.015898672427064532,3.1440073966493287e-07
1647,0.9234141580469916,0.9668852183171046,0.010302200162705086,0.02527104933114867,0.0103030431983966,1.5804699160515412e-07
1648,0.7516681615649453,0.8811026957791763,0.014897769719238282,0.04290672110040402,0.014902880021117683,1.6156494531127663e-07
1649,0.9034605170018231,0.9531480180417977,0.012533944445800771,0.03386303782640436,0.012536676153685634,-4.829981768983416e-07
1650,0.8692227619387544,0.951229679461471,0.013628113249414063,0.03684512743851464,0.013634619448482113,-2.380612456054365e-07
1651,0.87244348775603,0.9366685354073734,0.014136040420507813,0.03991122301827496,0.014138721591527124,4.877560300098338e-07
1652,0.9141713330675687,0.9564575121581474,0.009930984062109363,0.02735241081084176,0.009932371002504358,3.3306756874740273e-07
1653,0.779062074878444,0.8977488730529177,0.016427028349121086,0.04388847921770212,0.01643497834587346,7.487844400078103e-08
1654,0.9160132954279872,0.9697147749534987,0.009487079287695306,0.025147400086386627,0.009488678233404227,2.954279871847376e-07
1655,0.9137237402430337,0.9687809450530245,0.007649676425361319,0.02822117726711124,0.007650311755293437,-2.597569662698973e-07
1656,0.8495416416184183,0.9248090995548409,0.01661938740712893,0.04394913075406561,0.01662745798116223,-3.583815817442826e-07
1657,0.91396931923062,0.9570234945630017,0.011101189830468766,0.028083702543570656,0.011104836308910267,3.192306199384376e-07
1658,0.9048883741126251,0.9617139483597388,0.010918476760644523,0.03647566495696099,0.010920462177111557,3.7411262510111953e-07
1659,0.6886887959664799,0.853158107563278,0.015594723574707044,0.054823685643804694,0.015597698086927616,-2.040335200792498e-07
1660,0.8991145419017965,0.9488851487609421,0.009261486220078134,0.021868868297560285,0.009262046906979213,-4.5809820348186037e-07
1661,0.8402481829244671,0.9459677056243524,0.009936616523046877,0.03190500901441743,0.009937613721839647,1.829244671291974e-07
1662,0.9170472446084955,0.9584443756694814,0.012669018719726567,0.03074615913707891,0.01267274570453817,2.4460849556984243e-07
1663,0.927336760791058,0.9641513756838334,0.006203542521777356,0.01802620108054483,0.006204495720936762,-2.3920894198781184e-07
1664,0.6997115696558525,0.8756359307235569,0.010661281298437483,0.036052748745718316,0.010663873360803357,-4.3034414753950756e-07
1665,0.8769471468669646,0.9416270342410268,0.012447463068164072,0.032201288289617415,0.012450187039606393,1.468669645898757e-07
1666,0.9372364016332263,0.968365783182341,0.009102875995312499,0.027922412130428554,0.009103834277653933,4.0163322634345633e-07
1667,0.864380941721117,0.9430880718369357,0.012826497463281258,0.039681038749232844,0.012828040317346306,-5.827888294174244e-08
1668,0.8393959878563274,0.9298976850534392,0.010966904495800789,0.03538535683475997,0.010970065297423915,-1.2143672623032842e-08
1669,0.9662422992069885,0.9836339872739815,0.006774126149609375,0.01610919040771979,0.006774764010848897,2.9920698840779636e-07
1670,0.852651485738823,0.9376170334828284,0.013077851201464865,0.03435699596002205,0.013082363360917499,4.857388229417836e-07
1671,0.9119284781476074,0.9565978318576488,0.006501942329218748,0.017202925065252523,0.006502266494708096,4.781476073967283e-07
1672,0.9639696162377916,0.9823710020957634,0.005268497611777352,0.013437768055893957,0.005268731889365488,-3.8376220834468455e-07
1673,0.8648259766131051,0.9336871154476533,0.016125543871679675,0.04492184121329871,0.01613267361321353,-2.3386894865140562e-08
1674,0.8018952955949261,0.9095639289629184,0.017279683398046874,0.047852931383807196,0.017288526977505443,2.9559492609188e-07
1675,0.8888951123842865,0.9451378727341955,0.01085575072539063,0.029130249155860235,0.01085965378161066,1.1238428654358756e-07
1676,0.7435779555266334,0.9164114835187378,0.01147408330742187,0.036444561594731695,0.011476955674958727,-4.447336654500589e-08
1677,0.9311951659760768,0.965878245597127,0.01105052774462891,0.02870589117377305,0.011051932902850883,1.6597607677137916e-07
1678,0.9045940751249768,0.954824793871067,0.007848068553125004,0.02883712237763449,0.00784871645234566,7.512497679496022e-08
1679,0.904882200658934,0.9643256919869223,0.009174882019501968,0.030637410762537322,0.009175773316409496,2.0065893402421153e-07
1680,0.8986516643187237,0.9501884801796562,0.009987544984472647,0.029944500569182363,0.009990412051905085,-3.3568127633110123e-07
1681,0.8438344454346124,0.9450000793933854,0.01681948641533203,0.04671578888703485,0.01682807346148603,4.4543461241719484e-07
1682,0.7794077930449178,0.8894132262077834,0.012354846019726556,0.03655492559918774,0.012356684447238616,-2.0695508218260272e-07
1683,0.9003912783465822,0.9530768803103555,0.014950322510449195,0.03699835299951922,0.014954960703277047,2.7834658211656205e-07
1684,0.5239023875310362,0.8401320165399251,0.011302421047460952,0.039013358363426336,0.011303958345101636,3.8753103626110175e-07
1685,0.8358653724644443,0.9273444584520305,0.009958180545546874,0.028743236009234202,0.009958906219772143,3.724644442870684e-07
1686,0.9751615564846996,0.9875573821680637,0.004918669037695313,0.013233770203279406,0.00491947178431045,-4.43515300374564e-07
1687,0.9083293383036327,0.9557390433223654,0.010096690034130863,0.026892815105906815,0.010097652068241243,3.3830363266318386e-07
1688,0.8650669580832026,0.9308590753546369,0.011906930888183603,0.03424951626531083,0.011911084089054785,-4.191679747744814e-08
1689,0.9572357617939916,0.978470071553887,0.005560808562529301,0.016851176220546528,0.005561212045981055,-2.382060083627735e-07
1690,0.8342572349512563,0.9147156796075939,0.011059146297949221,0.036624121996386774,0.011061061427822531,2.349512562282996e-07
1691,0.8026280017511567,0.9294075539196136,0.010400028692871087,0.03649676463875872,0.010403320244097394,1.7511566641204013e-09
1692,0.8822735187550241,0.9505411362644537,0.00872147708194336,0.03284629806680873,0.008722264217793227,5.18755024159212e-07
1693,0.64448601935368,0.8311213203811475,0.022362825220605464,0.06284681877195337,0.022367335381295414,1.9353679991951367e-08
1694,0.8957081259506288,0.946540528140719,0.009864553643652347,0.027907565831792488,0.00986586127970515,1.2595062881537444e-07
1695,0.8652164717054196,0.9377425559062778,0.012511653662402327,0.03882198884149282,0.012513410679155174,4.7170541961349954e-07
1696,0.8714103111696454,0.9373943072710906,0.012949794495117198,0.0437627345709526,0.01295550500965985,3.11169645383913e-07
1697,0.734212455322961,0.8871819088373276,0.015119871081347672,0.04430989905967778,0.015124877722908972,4.5532296100159186e-07
1698,0.6679564216437381,0.8937862170250497,0.011109244851640629,0.03871472711851219,0.011109701172950867,4.2164373814657097e-07
1699,0.9226970056255065,0.9613174735855532,0.010824131005078135,0.02947672379517305,0.010828311236731985,5.625506505069211e-09
1700,0.8430156189283043,0.9441942567114556,0.012881150867871088,0.03353678895422399,0.012884760713971757,-3.810716956431648e-07
1701,0.41166081234643104,0.6746594306898344,0.017290112011425753,0.06465967799636826,0.017291905446586715,-1.8765356896155438e-07
1702,0.36867144676180363,0.642308757355643,0.015160098563916032,0.06805650424033494,0.015161182436241951,4.467618036074761e-07
1703,0.8934144063860534,0.9468804126452224,0.009329964184472662,0.03367934915902392,0.009330897745457544,4.063860533642938e-07
1704,0.8284176668172996,0.9105209793596204,0.014317979046777373,0.044954821817641794,0.014325635126041616,-3.331827004293686e-07
1705,0.827812789368031,0.9182263546440474,0.013439716848730467,0.046895529616979945,0.013441255798592497,-2.1063196897763703e-07
1706,0.9230559653810794,0.9674237397842387,0.009873477511396497,0.026553702821098618,0.009874457395967831,-3.461892061906724e-08
1707,0.9462797706294794,0.9729009224774556,0.009009079504003906,0.023837954987828754,0.009010243663526207,-2.2937052057692142e-07
1708,0.8725440570599245,0.9469294741327973,0.012590687740429703,0.03548365461218919,0.012594582215731662,5.705992456306319e-08
1709,0.925430907323246,0.9623585467751603,0.00967380728056639,0.026748594176148905,0.00967487224406363,-9.267675404878162e-08
1710,0.8801173533751926,0.9623204130064882,0.009399741629589856,0.028147148737740667,0.009401358486503994,3.533751925521855e-07
1711,0.46189102481964117,0.8241739990454979,0.020654039832031238,0.054782767581929535,0.02065771897591239,2.4819641175621854e-08
1712,0.896784093728268,0.9495541118764153,0.008219877076074217,0.02542552182428849,0.008222281572141417,9.372826792475308e-08
1713,0.8207159180250156,0.9276805405768197,0.014754659216210933,0.039789382086793834,0.014757485282021181,-8.197498435613682e-08
1714,0.8355357080149429,0.9224510604482196,0.016080254724707026,0.042015429834966554,0.016085185575613004,-2.9198505702154876e-07
1715,0.7536801901723709,0.9327205659628409,0.01572004878779297,0.043478588669873836,0.015721952626640924,1.901723708508385e-07
1716,0.9502384232170203,0.9756934738281253,0.010244874833007827,0.027720363139845265,0.010249221965685252,4.2321702031777875e-07
1717,0.866334145579995,0.9327042069119791,0.015184404156249975,0.038343982940863476,0.01518622502411455,1.4557999494790863e-07
1718,0.7347764391286828,0.8895502775072167,0.02419885273857422,0.06001649919352815,0.024208359293485363,4.391286828608898e-07
1719,0.914684041838128,0.9576459193937188,0.011445146290625008,0.030075842622575132,0.01144881854611383,4.1838127962101623e-08
1720,0.9267594521661625,0.963175861336701,0.008549975326171888,0.028532585657643526,0.008550841097977973,4.52166162512313e-07
1721,0.8931179151778339,0.9460822730407606,0.011955024772460934,0.03340087462822145,0.011957435757407162,-8.482216606875426e-08
1722,0.9217519071837327,0.960394177986894,0.006040341521621095,0.02198019334080977,0.006040715399196446,-9.281626733859127e-08
1723,0.32576790677526823,0.6783205695480766,0.02640200201690431,0.07754883555837006,0.026404406153927265,-9.322473176753832e-08
1724,0.9061171047059584,0.9522070523607167,0.00845568897101564,0.024279378708547496,0.00845633334852147,1.0470595845912811e-07
1725,0.8961563431935404,0.9567021467459151,0.011351154772753913,0.031485895412064084,0.01135243157165083,3.43193540475184e-07
1726,0.9022318557112786,0.9513052865275021,0.01248115831054688,0.037135226942677596,0.012483094487185912,-1.442887214153643e-07
1727,0.9173345371589461,0.9588933748572508,0.010916579823144541,0.027776422733454913,0.010920269405427339,-4.6284105392757624e-07
1728,0.9404066480509383,0.971379696244931,0.00534005092041016,0.014940648031121124,0.0053413208931627374,-3.519490616721299e-07
1729,0.9573904975915702,0.9786114138687052,0.009993538545019533,0.025944041294596893,0.009994872696608618,4.97591570280953e-07
1730,0.7348137302990275,0.9222993903455133,0.011949374462499999,0.03799391641518604,0.011950289100940398,-2.6970097244394253e-07
1731,0.8779859692359048,0.9390837611016306,0.012061560038476577,0.032063103767170475,0.012066610503823018,-3.076409527125179e-08
1732,0.8965532940953151,0.9638176473122048,0.007377967048925783,0.026648678237631583,0.007379805881799176,2.9409531510093956e-07
1733,0.9520380099396301,0.980089219197393,0.005726610888544925,0.016265486632765377,0.005726987380466237,9.939630007949063e-09
1734,0.9038108419024834,0.9511477940499848,0.010089321609667981,0.029187767907939775,0.01009247808265072,-1.5809751663375948e-07
1735,0.9236392170234866,0.9720582826430371,0.010043410836035162,0.03066877344616197,0.010045686831044625,2.1702348662611115e-07
1736,0.8685614624644609,0.9406534878584829,0.011681047978027334,0.0412770990326164,0.011684103022781521,4.6246446083753057e-07
1737,0.9205362956079598,0.9794529727289306,0.008358733366015612,0.02528211644283757,0.008359587664881478,2.956079597771222e-07
1738,0.8580670218870209,0.9482272044819269,0.011637879236425785,0.03339374259177659,0.011639704352543998,2.1887020862365603e-08
1739,0.8356306368752602,0.9207937482474847,0.013338964467675766,0.04170814502061846,0.013342439040272682,-3.631247398327986e-07
1740,0.9243555836264097,0.966201608771358,0.014812895017480449,0.03550254710793999,0.014821837208248046,-4.1637359027291154e-07
1741,0.9329672847867141,0.968373600719876,0.006558112643945302,0.018727268222505495,0.006559263068503403,2.8478671409981615e-07
1742,0.8648216124040635,0.9392049258661074,0.01008678827461915,0.03125622846328577,0.010087635750718627,-3.8759593645742996e-07
1743,0.8917194299684026,0.9723743273511288,0.010717624772363302,0.028606211462183038,0.010719171758943883,4.299684025488304e-07
1744,0.7854287297613948,0.8896084445444199,0.016456555049121104,0.04687376769932176,0.01645840589232245,-2.7023860527108923e-07
1745,0.8776932008563445,0.9424561551009727,0.007935325414941402,0.022857285553633876,0.007937552451651496,2.0085634455657697e-07
1746,0.8912805241032057,0.9541625760863286,0.009148599407226565,0.02856607388723157,0.00914966423417054,-4.758967943052639e-07
1747,0.8922655583092874,0.9684437155993193,0.01193091259638673,0.032322599395535175,0.011933446886988639,-4.4169071256039416e-07
1748,0.8788696515926329,0.9385365922348409,0.007404440864873043,0.023269773569707504,0.00740509956225259,-3.484073671788934e-07
1749,0.7955135517189111,0.8951579305518369,0.010152372130058596,0.03163005693809868,0.010152868411708727,-4.4828108891614704e-07
1750,0.888411520641088,0.9500255107172286,0.014039458837207018,0.03789890438629677,0.014041538304780726,-4.793589120088981e-07
1751,0.8436093375744966,0.9410718961810814,0.012744131361914067,0.03428815646842412,0.012749163283273354,3.3757449657834115e-07
1752,0.9210498929557583,0.9697971728613406,0.00870437293896483,0.02558392060710862,0.008706641712179532,-1.07044241692833e-07
1753,0.9366532277022219,0.9678890372955259,0.009591639890039073,0.02985773737154239,0.009592811805486101,2.2770222196655254e-07
1754,0.8753456974830919,0.9396055225790888,0.006998589687548824,0.02188779460904776,0.006998870768567861,-3.025169080794754e-07
1755,0.8885573499431784,0.9437415089202836,0.0112660014095703,0.035564591267482154,0.011267367557605398,3.499431783238194e-07
1756,0.8714370912087563,0.9340569010355645,0.008920671579404292,0.027789197571898138,0.008921420239207861,9.120875632540049e-08
1757,0.7999808643656802,0.8972570666171901,0.01297135634130858,0.047759493014410695,0.012973352989632425,-1.3563431988661279e-07
1758,0.9360440662585479,0.9697760370777637,0.006746871262324225,0.021108441088074463,0.006747289527814147,6.625854787056795e-08
1759,0.9575931366293612,0.9863708130591871,0.007146643838652348,0.01829644732374881,0.007147274350754367,1.3662936115821367e-07
1760,0.9147849257440919,0.9566203605996634,0.012928094858007798,0.03189021729933989,0.01293071502043003,-7.425590808907145e-08
1761,0.8288528078683407,0.9117369606941552,0.012707069123339855,0.039914535782980265,0.012709231883831683,-1.9213165924902853e-07
1762,0.9466346333023921,0.9733882137595504,0.007345895781152337,0.022603437708416992,0.007347949298581707,-3.666976079452766e-07
1763,0.9193749937503717,0.9625170336392606,0.00548420170330078,0.016962505875270716,0.005484368669859315,-6.249628370369464e-09
1764,0.9067776614703659,0.9560924009737328,0.009648470646435548,0.03205638560009499,0.009649406761052859,-3.3852963410296866e-07
1765,0.8671982953150253,0.9315152495967586,0.009007841235273435,0.029390524141033568,0.009008418228424669,2.953150253226511e-07
1766,0.9091275784329524,0.9540361682451297,0.008575011644726554,0.026364902575940364,0.008577204695300985,-4.2156704760376584e-07
1767,0.9348650163313194,0.9734212760561197,0.006476054004296885,0.01932753754756906,0.006477375158234609,1.6331319407925093e-08
1768,0.5901129387309576,0.7797853763409159,0.016471306793457048,0.060275666191831584,0.01647683355347624,-6.126904239511788e-08
1769,0.9344262331546592,0.9674273063894152,0.008485170316601563,0.025132262926427656,0.008487770360866998,2.3315465924600431e-07
1770,0.59727210148306,0.7754765682600159,0.013947225258496086,0.05731868493648377,0.013948624871884906,1.0148305995549833e-07
1771,0.8706187306315698,0.9346092650911539,0.01353162197626954,0.03614553568286288,0.013536018927320165,-2.693684302279564e-07
1772,0.45151985317317134,0.7499535721489011,0.022417543128710953,0.06852985235671123,0.022426098636003172,-1.468268286397567e-07
1773,0.6146868256726756,0.8126480839911698,0.025316861851367174,0.06633331719337757,0.02532292281697465,-1.743273243537402e-07
1774,0.9305167456639611,0.9671359482075865,0.006594611860322265,0.020342495404403374,0.006594965620279555,-2.5433603889624123e-07
1775,0.856447336334619,0.9395816361427914,0.010441468340917978,0.029183620318193708,0.010444300585618014,3.36334619044365e-07
1776,0.7920545861236958,0.9468168053466443,0.008602948839355484,0.026744447101777487,0.00860419413900035,-4.138763041172666e-07
1777,0.8651131109211397,0.9301359543548553,0.011632344994042962,0.03250023278547939,0.011633939950203828,1.1092113971766793e-07
1778,0.8824184627939476,0.9481644153115802,0.013570870343164053,0.03565004117133253,0.013573760637951094,4.627939476087306e-07
1779,0.6149771208073036,0.8117444694315669,0.015757399000830053,0.05258940676776752,0.01575891519899748,1.208073036051971e-07
1780,0.8727989630636503,0.9352753533816565,0.016308709888085953,0.04544018138590343,0.0163128998972068,-3.693634964552217e-08
1781,0.9152342982450057,0.9636489679869029,0.010432313157031251,0.028406612281728152,0.010434981798232832,2.9824500569208823e-07
1782,0.8708378064483456,0.9334779625635766,0.01752395542929687,0.04346266367677305,0.017528962905342386,-1.9355165437051625e-07
1783,0.9366858913152603,0.9742040613605509,0.006367516727148443,0.016694591291046865,0.006368741218273768,-1.0868473976355375e-07
1784,0.916910856810981,0.9599693504204508,0.00644315290389648,0.021619017757513386,0.0064434684639369496,-1.431890190861651e-07
1785,0.8756422323034694,0.9414134621908792,0.010681993262119138,0.03413615774212033,0.010683024020422054,2.323034693496595e-07
1786,0.8821960665125231,0.9416842184737031,0.008297564820117178,0.029464373001006457,0.00829878941354953,6.651252315581502e-08
1787,0.9280718452699869,0.963480310272546,0.007145515845214841,0.020381505236668956,0.007148025943145825,-1.547300131354845e-07
1788,0.8716657822671213,0.9433195342625671,0.013658425259374989,0.0354529950052923,0.013662969774898151,-2.1773287872672853e-07
1789,0.9252012115042749,0.9618874443445563,0.009875437353808589,0.025696346476059305,0.009876435971113708,2.11504274871821e-07
1790,0.8669119673997194,0.938516598378023,0.013945268408300796,0.039073740210380396,0.013947053751125602,-3.260028058615916e-08
1791,0.8167181828193415,0.9278453012576265,0.01501570116845704,0.04183901352156647,0.015020446182981893,1.8281934144326328e-07
1792,0.9184731497080386,0.9637724471943421,0.009744111185253913,0.0269558054647381,0.00974591322020179,1.4970803863256776e-07
1793,0.8600687992319187,0.9313277968972216,0.010050931022753914,0.0336826941838101,0.010053786801900373,-2.0076808127100776e-07
1794,0.8605568669243283,0.9458559997557772,0.01906517252353518,0.0455737789411085,0.019073494844374476,-1.3307567170439683e-07
1795,0.5691399899423238,0.77291649357039,0.027461057543847638,0.07656736389003779,0.027469785244015364,-1.005767613637687e-08
1796,0.856502153564362,0.926182996173633,0.01220740185039063,0.03607174437459243,0.012209840526722969,1.5356436200431034e-07
1797,0.835600380166374,0.9153460743098805,0.01580671619697265,0.04480580870009321,0.0158145662250296,3.801663739366745e-07
1798,0.9461594860431333,0.9786626625851333,0.007517214570771488,0.0228463198871048,0.007517907451043447,4.860431332964765e-07
1799,0.8566174714453767,0.9387676603754116,0.007131828687617182,0.021601251492898925,0.00713199447903064,4.714453767373783e-07
1800,0.8443912714701773,0.9218433180877894,0.012727572891210936,0.039165976315342924,0.012729256533963954,2.7147017733764045e-07
1801,0.8624228403222296,0.9316712999655828,0.015343038111914061,0.03958561946250525,0.01534665534006303,-1.596777704504504e-07
1802,0.9425123748582622,0.9732156620558158,0.008122156218359374,0.02314992646378015,0.008123551190508033,3.7485826220873264e-07
1803,0.8692580287303752,0.9340548943776408,0.012283649108398428,0.03157708031594892,0.012287305987597544,2.8730375190022528e-08
1804,0.8022388976395989,0.9176713473463716,0.013259726268652355,0.037590636805710294,0.01326563019573974,-1.0236040115518819e-07
1805,0.4966729347340453,0.8787223651675866,0.012478713466357424,0.04336849010392663,0.012479251932351127,-6.526595469624752e-08
1806,0.6490434997354166,0.810049865664424,0.012168973446289049,0.04521623461203355,0.012171062055307519,-5.002645833140917e-07
1807,0.8935058704015322,0.9460325010374091,0.011213249122363279,0.03176799420502786,0.011217239691278618,-1.2959846784621476e-07
1808,0.9355104097008832,0.9709594465319311,0.010287685703613289,0.02769252216971831,0.010289205580818103,4.0970088321934384e-07
1809,0.8821662488642094,0.9395367681669442,0.012221781504785164,0.03665018425551524,0.012226355105469223,2.4886420935121834e-07
1810,0.5714839830035751,0.7720345078162366,0.024525267960839828,0.07317454465635365,0.024528238607704315,-1.699642493413478e-08
1811,0.9038794609032118,0.9542957363091861,0.008933216393291012,0.027750280912004134,0.008933977538516488,4.609032118185752e-07
1812,0.875726140287856,0.9398281095130896,0.007871296408593758,0.02276288428999011,0.007872334711286899,1.4028785599862204e-07
1813,0.9270021689251255,0.9642855390283336,0.007297118299902344,0.02188896833817571,0.007299936056970494,1.6892512555433115e-07
1814,0.9298404758119219,0.9664820911208247,0.011545365619042968,0.031778124459226384,0.011550174835795415,-5.241880781658992e-07
1815,0.8968861848056915,0.9534273244797187,0.009916177333105469,0.029817154269349385,0.00991826665763362,1.8480569152767856e-07
1816,0.2466095708805962,0.6437334800307314,0.016448687756220697,0.06353718553789983,0.016449699321762146,-4.29119403788647e-07
1817,0.04955984931562174,0.7687584783490466,0.02109518220850587,0.06493076964803192,0.02109693779503678,-1.5068437825976888e-07
1818,0.9516175681433497,0.982515003131274,0.006770894321484381,0.019189130682425323,0.006772217860717539,-4.3185665021816533e-07
1819,0.8763672917984516,0.9393004827738287,0.011950831777343743,0.03403570385733627,0.011953727034581646,2.917984516237482e-07
1820,0.9517136804181334,0.97596226165825,0.00713929945475586,0.02164204443196956,0.007139899215286217,-3.195818665258088e-07
1821,0.9708969496722369,0.9853672052255569,0.00686722179111327,0.016819970012764484,0.006868448480214405,-5.0327763068125364e-08
1822,0.9571608860992302,0.9783514956011456,0.006751881242089847,0.016616896169641696,0.006753842405963084,-1.1390076981587782e-07
1823,0.8087239117163184,0.9275587179391606,0.009474523272832035,0.03392192801807622,0.00947508526477431,-8.828368158741995e-08
1824,0.8319953558484953,0.9176434289149025,0.013660736105859371,0.03686060083728482,0.013664057018277094,3.558484952259633e-07
1825,0.8558248214790971,0.9266522095833746,0.011883423232128905,0.03244621592686004,0.011884800926571674,-1.7852090283820843e-07
1826,0.9368019995624253,0.9685698438257077,0.009651177373046882,0.02803529182387297,0.009654186667988136,-4.375747542084696e-10
1827,0.8806828112697772,0.9393735605136075,0.008302213613603518,0.029800604345783268,0.008302913041200672,-1.8873022278320661e-07
1828,0.9490569637237805,0.9751059869157339,0.007789781356953121,0.021229665329432993,0.007790449704463345,-3.627621958379734e-08
1829,0.7757511391155094,0.9181795155886119,0.017767157556933567,0.05089276096002099,0.01777748540129944,1.3911550944545326e-07
1830,0.8391313488880494,0.9181059411887819,0.009445788998701172,0.034001219562558235,0.009446384539590928,3.4888804945065743e-07
1831,0.9672457006488785,0.9860393959217395,0.006530529074023439,0.016520816967882757,0.006531184404576054,-2.993511215576561e-07
1832,0.7471678082974182,0.935333473170817,0.013450260611816405,0.04352524642017153,0.01345303730257201,-1.9170258180878363e-07
1833,0.9249875620632815,0.9659203640364713,0.00906404962138673,0.02503377858683219,0.009064967715878013,-4.379367185558536e-07
1834,0.8932717017922867,0.9620493653797249,0.009325564425292969,0.031484912779470645,0.009328494347716031,-2.9820771330069107e-07
1835,0.9485180663236489,0.9741964302490161,0.008764517442285175,0.0239848539049877,0.008767215191551108,6.632364890624132e-08
1836,0.9248896759743035,0.9640990302010564,0.010948779326464826,0.031106929241467646,0.010950133179030814,-3.2402569649647717e-07
1837,0.918437949101597,0.9673473486169142,0.010649802639453131,0.02818399901141109,0.01065334917774646,-5.089840293681647e-08
1838,0.789571397993406,0.8966311556091914,0.014660680745019526,0.048777316468514784,0.01466305942610989,3.9799340600943367e-07
1839,0.8656328798902011,0.9399122470386275,0.01348530975498047,0.03682457092149042,0.01348680968782254,-1.2010979888454898e-07
1840,0.956862611494935,0.9796531754979954,0.009117226498046862,0.022528287529014247,0.009118417273070393,-3.8850506500764936e-07
1841,0.914103910123131,0.9646237211987796,0.007663098280966784,0.026832103409785247,0.007663723574749186,-8.987686905825854e-08
1842,0.9516297889010924,0.9786301926898988,0.007793997020117183,0.021079501273435677,0.007795790043251761,-2.110989075765346e-07
1843,0.7550559419937337,0.8807611883622753,0.009461384409951177,0.03769534197557984,0.009461755057647488,-5.80062662347558e-08
1844,0.6444945110138687,0.8752844287324242,0.025538933187597618,0.06878387558921512,0.025548999340043597,5.110138686648114e-07
1845,0.8211613729706075,0.9201767951390507,0.01228912639091797,0.03961925350558391,0.012290850274850395,3.7297060750951516e-07
1846,0.8714764040803185,0.95874053968438,0.01274473161009765,0.03160134295248732,0.012745946643080753,4.0408031842797953e-07
1847,0.8860540336432278,0.9420137547738784,0.012943152058886732,0.03296483323823393,0.012948763145125533,3.364322775922801e-08
1848,0.8581530291322014,0.9366810660446138,0.013655768390722649,0.04361413185002815,0.013660965211776625,2.913220131794958e-08
1849,0.9104777490027366,0.9542390095649133,0.012480291393652344,0.033404960028583425,0.012485016156996213,-2.5099726341792916e-07
1850,0.891447629182473,0.9462896739056995,0.010735248753417947,0.027569822895728475,0.010736846805296438,-3.7081752701784154e-07
1851,0.8837950342894951,0.9536148762790988,0.009036697073828119,0.027417062802095382,0.009038835178653705,3.428949513217816e-08
1852,0.8722421751150282,0.9556437862643052,0.01027506811445313,0.030036811241003537,0.010277645606139639,1.7511502825584557e-07
1853,0.9263679054952718,0.9714273944441889,0.006570284505371094,0.01929175621158753,0.006571437150561607,-9.450472815419886e-08
1854,0.9471859533237914,0.9769147422183313,0.007223688930917954,0.022432484204854365,0.007224279908440081,-4.667620856491084e-08
1855,0.911353569916471,0.9553723347152611,0.010322816595117183,0.030081503739193594,0.010325503852927125,-4.3008352901274804e-07
1856,0.8413013805309664,0.9432593441043291,0.013129257934179678,0.038518964859078755,0.013134049471839895,3.805309664040024e-07
1857,0.7297803337176338,0.8637118771275032,0.019615705036914063,0.05446367524558354,0.019625193162326596,3.337176338602532e-07
1858,0.7730892192215829,0.8944671256749083,0.016688548484375,0.0483978078337087,0.016695492166279743,2.1922158288667504e-07
1859,0.8484985136155685,0.9238232399296848,0.012659434445214853,0.041611847041070675,0.012662325584632522,-4.863844315083909e-07
1860,0.9330475765979527,0.9661949248578118,0.007021004021386722,0.02143854938681389,0.007022206084028627,-4.234020473115052e-07
1861,0.8890573608022604,0.9440626391792978,0.009914376946289064,0.029336792886771323,0.009915381888091108,3.6080226040180463e-07
1862,0.9355049612268688,0.9756149953832837,0.005948607451630862,0.019186422374108437,0.0059489724789759495,-3.8773131261216065e-08
1863,0.8913571634547988,0.9480226087935786,0.014664597958007836,0.038248346727358704,0.014666503744037442,1.6345479880719438e-07
1864,0.9131940162740324,0.9612621986738181,0.009269776063574209,0.030131447161003227,0.00927126746005462,1.6274032454965948e-08
1865,0.9307671121156269,0.9665935173426522,0.00763666104423828,0.02208012890581872,0.007637982839941435,1.121156268935053e-07
1866,0.9052355040240789,0.9583201008099527,0.014210791218359373,0.038948547411111915,0.014217762579762476,5.040240789178085e-07
1867,0.8633180709898083,0.9404652402665739,0.015283986250097631,0.038259329198068216,0.015290816212737108,7.098980825404055e-08
1868,0.9151881659623003,0.9653885208962858,0.010991533209082041,0.028663862140271567,0.010995248199979964,1.659623003469335e-07
1869,0.9463451146157555,0.974359572002469,0.008444547928906245,0.0263927191897896,0.008447047185476972,1.1461575555316017e-07
1870,0.5979505498322213,0.8281370951350107,0.014259806042626956,0.04927736078224979,0.014260774750673335,-4.501677787205338e-07
1871,0.9247499033876856,0.962689755770359,0.009865799138310549,0.02475024187649243,0.009866747315164725,-9.66123143708586e-08
1872,0.8150804661235316,0.9384505984433782,0.010173695065839851,0.031204785952554936,0.01017421337679469,4.661235315506218e-07
1873,0.8375833811961549,0.9208079912506648,0.011099563971289063,0.033899286602275897,0.011102763661204716,3.8119615497489434e-07
1874,0.8299760186843067,0.9280643644769444,0.01590447292656252,0.0512713795772739,0.01590927831930608,1.868430665741272e-08
1875,0.7625218421146385,0.8744656016921883,0.020059672035742198,0.052097482147493664,0.020065587647885904,-1.578853615624709e-07
1876,0.9530241323804007,0.9769197167864392,0.006952429785449222,0.019786948297917047,0.006953303107803616,1.3238040075247426e-07
1877,0.8329333574274425,0.9244599795917415,0.01648744043281249,0.04837365295898413,0.016492172172244517,3.574274424211765e-07
1878,0.7288273850918399,0.8710547107504409,0.021437573692089873,0.06590020246923947,0.021446616855395825,3.8509183986068507e-07
1879,0.9390080586531088,0.9691759662236057,0.0076120088762695205,0.02005495590684987,0.00761327493496076,5.8653108814255006e-08
1880,0.850932187235182,0.9251207545613345,0.012139368666308593,0.03614272127027267,0.01214268764047832,1.8723518202534706e-07
1881,0.9089347350431615,0.954928520779097,0.008546162827958986,0.021253284668205943,0.008546689289318902,-2.649568385804102e-07
1882,0.6650937556144556,0.8237542901866884,0.018659652025488294,0.046902784780385724,0.018665641559212843,-2.443855443567955e-07
1883,0.9414446229787546,0.9704186498501306,0.009522926681250004,0.025362014088154847,0.009525998597652378,-3.770212453346744e-07
1884,0.5677128029887383,0.8276780961413178,0.012967214833300777,0.04642134882955855,0.01296893684614142,-1.9701126174886952e-07
1885,0.8645366128429319,0.9414866367369635,0.008035235939062508,0.026372144015284156,0.00803649312706119,-3.871570680713532e-07
1886,0.6864144317499457,0.9412170451850991,0.013914995922167979,0.04095950636519279,0.013917727852452955,4.317499456840679e-07
1887,0.7364265270778723,0.9159470362913129,0.0162937454209961,0.0396333015741771,0.01629820653675257,5.270778722366032e-07
1888,0.9231978188374209,0.9631172311547259,0.00935262193701173,0.023318782847644607,0.009353809174853534,-1.8116257904932098e-07
1889,0.8693198695956447,0.9326979413988346,0.010373941037695315,0.03672970331344323,0.010375665325938038,-1.3040435531408434e-07
1890,0.8834954218991897,0.9403371512866765,0.008602240372822277,0.0215899859560797,0.008602862070693822,4.218991896953739e-07
1891,0.9316319209729387,0.967949432727676,0.0089377698765625,0.023351441448138423,0.008940603064267534,-7.90270613393318e-08
1892,0.6622473602925742,0.9252971330918102,0.013347344868359378,0.04600170294428383,0.013351921203301621,3.602925742196561e-07
1893,0.80953258701087,0.9029098328447799,0.013375400904687513,0.04024684046192362,0.01337679576337734,-4.1298912989429226e-07
1894,0.8314472404538756,0.9297208408557909,0.013514838624218754,0.03938605646956709,0.013517286406082785,2.4045387558846443e-07
1895,0.9094342323167296,0.9577118894727054,0.011260600783007793,0.03458323182594949,0.011263351899509985,2.3231672963142103e-07
1896,0.7190404409300004,0.8605393155273972,0.01943155181249998,0.0571013012066007,0.019435621909657252,4.409300004004635e-07
1897,0.8957957864496496,0.9519704695996823,0.008379682728417968,0.028263212774225183,0.008383108404351254,-2.135503504030467e-07
1898,0.9352606103539645,0.9699439541881563,0.007209788012333981,0.021979952637626764,0.0072102704898189904,-3.896460355479192e-07
1899,0.8663953534399624,0.9315856714877404,0.011902113690624997,0.02976314393500727,0.01190668420947634,3.5343996240833064e-07
1900,0.7860474359092386,0.8914760029971666,0.01687965394267577,0.048098264719404385,0.016883726753429317,4.3590923859415653e-07
1901,0.902254984311367,0.9498970685489834,0.008750103468789055,0.030768630009209777,0.008750850173321308,-1.5688633059340873e-08
1902,0.8986475461213779,0.9487762971984349,0.013679226099218738,0.03106623799892659,0.013682877484538506,-4.538786221308655e-07
1903,0.7650879077188393,0.902971015602565,0.014478360851953127,0.039184534068586976,0.014480506233074848,-9.228116071291481e-08
1904,-0.38160416875773207,0.7930885447627194,0.02377286478427731,0.0669001486004835,0.02377367753689316,-1.6875773206637135e-07
1905,0.7900271958638537,0.8985327352361203,0.01877098400058594,0.047961388419608134,0.018779178186068196,1.9586385369141368e-07
1906,0.9352517590301002,0.9671620333461443,0.008149274926396496,0.024773776627238384,0.008149907073612664,-2.4096989981181594e-07
1907,0.9300201403038879,0.9664603941596698,0.011800615160644538,0.029589593867904475,0.011805417077790181,1.4030388795216453e-07
1908,0.9045309269684119,0.9655270777482823,0.009301538646386711,0.027987871134810112,0.009303066962600087,-7.303158811033938e-08
1909,0.8528401215726003,0.9312290308681141,0.008410679239521483,0.03356031456382636,0.008411151786019415,1.2157260020906335e-07
1910,0.8165401856068091,0.9319818843180164,0.010661226671386708,0.03375525322845942,0.01066368221668537,1.8560680903334514e-07
1911,0.8155991190994403,0.9292880920646226,0.016006394826464865,0.045383303576673625,0.01601363215709236,1.1909944030996655e-07
1912,0.9290738638619518,0.9729005778468326,0.007315139941074219,0.02524571206169214,0.007315719377799162,-1.3613804816792197e-07
1913,0.8779243701204192,0.939080292474146,0.014522225284667968,0.03899931458329677,0.01452855488641968,3.7012041920192473e-07
1914,0.8522192405106555,0.9242731618417459,0.013377015289843728,0.04066801345695957,0.013379138631391879,2.4051065550256823e-07
1915,0.874686776412877,0.9359610914775559,0.011097262408300777,0.035938057725760385,0.011098317009671076,-2.2358712303827133e-07
1916,0.8964413318083979,0.9471487779512137,0.009343118537011714,0.026022037984165112,0.009345502160607139,3.3180839786872696e-07
1917,0.9470973088689137,0.974792035727291,0.006591499224804691,0.01673415572404,0.006592240271718115,3.0886891377868153e-07
1918,0.6630755765624383,0.8228385595429442,0.024359914086035155,0.06737900681737344,0.024368562476673843,-4.2343756168072844e-07
1919,0.8389083955980449,0.9172089568751666,0.00850424886484374,0.033942235542771,0.008504788481511046,3.955980448777652e-07
1920,0.7904087314136244,0.9038842451270469,0.021965748512988298,0.05946338710519017,0.021976323669377,-2.6858637558468956e-07
1921,0.6834741825827924,0.9303630696836387,0.011501108133115227,0.03709785163679332,0.011501607527278274,1.8258279232963304e-07
1922,0.9188725943914618,0.9597023238471759,0.008951408020898432,0.026387062727267582,0.008953058039054631,-4.0560853820093e-07
1923,0.8537156057280569,0.9264747012279089,0.01124114480371093,0.03160000811126186,0.011244553121091723,-3.9427194309382685e-07
1924,0.8196126475478079,0.9076518468644061,0.015296423296093745,0.04358949524809267,0.015299527198383785,-3.5245219209834033e-07
1925,0.9625957654774285,0.9824437297669362,0.00783863882607422,0.018038257559462312,0.007839531718162743,-2.345225714739385e-07
1926,0.9155845249418437,0.965905552485874,0.008257449244433591,0.02190615713008397,0.00825993635504776,-4.750581562573686e-07
1927,0.8599738748737681,0.9332237167353078,0.011949200434765607,0.03216707590266941,0.011952320204285457,-1.2512623193128292e-07
1928,0.9331070938246758,0.9663056272024346,0.008178061569238292,0.023643997959835916,0.008179026865350065,9.382467580643095e-08
1929,0.8593521061846435,0.92742979949377,0.010606315112499997,0.031454434900691795,0.01060759834337287,1.0618464352241119e-07
1930,0.7141139572521011,0.8514993246616479,0.016907323748046894,0.04623416743767072,0.016912101276287003,-4.274789888736308e-08
1931,0.9412966026244419,0.9733649064187595,0.008371976940625005,0.023540218949508605,0.008372890341744252,-3.973755581254679e-07
1932,0.8236757783131102,0.9246622523370741,0.019004211787499992,0.051269818659430706,0.01901286261527322,-2.2168688973422945e-07
1933,0.754100509899081,0.9379893672354281,0.011794018333398448,0.03546336988992261,0.01179552583226818,-4.901009190705352e-07
1934,0.9387295579157815,0.9767424007004986,0.007012438266503903,0.01865356263767543,0.0070139098254659625,-4.4208421845493007e-07
1935,0.9531988163366412,0.9795346946396168,0.00878500600068359,0.02591947987937125,0.008787876966694676,-1.836633588547798e-07
1936,0.944679957251824,0.9724698857751526,0.007567754954296874,0.019510330530195043,0.007570004264485999,-4.2748175999030025e-08
1937,0.9010373930424653,0.9537189721455668,0.010342524626953124,0.028607536003489184,0.010345678041348517,3.930424653519893e-07
1938,0.7714679616840198,0.8957849620525459,0.013466731063183617,0.03735170033202895,0.013469592833081323,-3.831598027748129e-08
1939,0.8435670252632654,0.9347750907251142,0.012099451486425793,0.03386571088085391,0.01210222630181539,2.5263265479580355e-08
1940,0.9098901861537809,0.9540906684701406,0.00828849059064453,0.027407919822055225,0.008289149040607726,1.8615378094555268e-07
1941,0.9205382431534356,0.9605733045936083,0.010094547199003913,0.028598029930459568,0.010095535595046605,2.4315343560843417e-07
1942,0.8966555605519538,0.9495866031705545,0.015061025559667958,0.03880818811957318,0.015066103544669378,-4.394480461744621e-07
1943,0.9351808392797438,0.9670548275101283,0.009914418251074234,0.027677108563514897,0.009915452934537224,-1.6072025621483021e-07
1944,0.926079965084568,0.9650169817463706,0.011296226321093745,0.03033148479984085,0.011299984537751218,-3.491543199007907e-08
1945,0.8600533030396018,0.9292769324301573,0.01354285676425779,0.042664804084311586,0.013544505165752176,3.0303960185662504e-07
1946,0.863868449809678,0.9434512443885217,0.009922063227734377,0.02830026300196041,0.009923342198685988,4.498096780602978e-07
1947,0.9438783511974645,0.9738528801111758,0.00666481604853516,0.017668071657306723,0.006666355816736286,3.511974645542537e-07
1948,0.900523108716761,0.9653697935212382,0.00970205634833983,0.02702157557240036,0.009703621887999303,1.087167610380746e-07
1949,0.9029904052715806,0.9665086321594302,0.010138931211425785,0.03472931458824668,0.010140000182413015,4.0527158062797497e-07
1950,0.8592988195973954,0.9339704487627866,0.011348464240039087,0.038958308551426214,0.011351072848252059,-1.8040260463259017e-07
1951,0.7727307106927115,0.9254952280395213,0.0196426242855469,0.057780934291295334,0.019651962957300095,-2.8930728845910636e-07
1952,0.9236414876080061,0.9762485275260725,0.008804812378369144,0.029958997933496077,0.008805524216330405,-5.123919938343491e-07
1953,0.8587222052083218,0.930829244447434,0.010273324397460943,0.038409348092622274,0.010276555326930274,2.0520832177961523e-07
1954,0.8506396273837679,0.9224843183464585,0.017292624200488296,0.04536920304724365,0.01730057345760025,-3.72616232091616e-07
1955,0.9044238004653973,0.9528652065562189,0.01127966372421876,0.028868336598355013,0.011283981342209683,-1.9953460272947865e-07
1956,0.9722783704021969,0.9872777462848845,0.005385826929980467,0.013722488561656889,0.005386960802808957,3.7040219691419907e-07
1957,0.8638254971550037,0.9449063468701621,0.011631446730458978,0.032614286988726184,0.011632500251690898,-5.028449963084825e-07
1958,0.8103941889621349,0.9069206773918269,0.014585730564160172,0.0453412042524134,0.014588991504294605,1.889621349393522e-07
1959,0.9210030626504602,0.9651025033757941,0.0071878295136718765,0.02055975186278754,0.0071889670706597525,6.265046015307973e-08
1960,0.5417816579858759,0.7469372522817008,0.019368068080273453,0.06364205390045256,0.019372441556185317,-3.4201412413281673e-07
1961,0.9185801421497517,0.9798357891718829,0.007921838962421879,0.021243159604840137,0.00792246140937874,1.4214975174731137e-07
1962,0.9396633929733919,0.9848406919353052,0.008019300530859367,0.02390395077828657,0.008020315708736453,3.929733918273115e-07
1963,0.9374917383461758,0.9700002209016291,0.00868502911728516,0.023816368880710537,0.008687391017355306,-2.616538241628774e-07
1964,0.8504399531961383,0.940095053245735,0.016070274395507837,0.04887897887777111,0.01607328650850426,-4.680386167521533e-08
1965,0.8237992598921388,0.9116936504808303,0.013282726301562504,0.03739503567017058,0.013285361767932246,2.598921388097253e-07
1966,0.8300867717024398,0.9414691069429971,0.012793400892187501,0.03345287416251211,0.012797040681525415,-2.2829756018971636e-07
1967,0.912921595943493,0.9560047512490304,0.008575342202734362,0.025228431263935296,0.008577047655170773,-4.040565070306812e-07
1968,0.8869900385120657,0.948135366767857,0.013531528381054668,0.0398195494023156,0.013533274024537818,3.8512065758666836e-08
1969,0.8754900733878962,0.9357123958739363,0.011287599000585936,0.03512118645436585,0.011291651386827254,7.338789620447983e-08
1970,0.9269718112003466,0.9644618758420554,0.005336394987773445,0.017134765246384104,0.005336567736473501,-1.887996534666314e-07
1971,-0.08764371333840115,0.5443545623323915,0.017231109707226553,0.06892970945164871,0.01723341944728813,2.8666159884727094e-07
1972,0.9129592920523601,0.9627645984466597,0.01079314559833984,0.02864296696989386,0.010795755215224146,2.9205236018459146e-07
1973,0.9372672494096979,0.9715915724083848,0.009274185271972664,0.025909194231812465,0.009275949210592018,2.4940969789444267e-07
1974,0.7836633744412502,0.9000695228302611,0.013199721934374997,0.04278926316021418,0.013201798706689185,3.7444125022823016e-07
1975,0.9363233828668507,0.9680674155114765,0.009145569441601576,0.023292598124738845,0.00914945532141026,3.828668506677957e-07
1976,0.8480298945568956,0.9218783567777233,0.012303473912841811,0.038678635094459325,0.012304482724404372,-1.0544310435900428e-07
1977,0.9115867012681644,0.9757990755205259,0.0069441967254785285,0.021704704344294085,0.006944595863764636,-2.987318356018065e-07
1978,0.7716146762041313,0.8909096359615063,0.01675387069463864,0.047638972392657054,0.016755419091233518,-3.237958687840603e-07
1979,0.9182164124669985,0.9620313950283178,0.007639041763242179,0.021777706662708823,0.007639491722963882,4.124669984451046e-07
1980,0.8910731627680754,0.9524230853830783,0.01145510301708983,0.029250667516625667,0.011458105982713612,1.627680753513161e-07
1981,0.8762922215548198,0.9368870007808424,0.012024648293554676,0.035090878461849453,0.012026775577592064,2.215548198236661e-07
1982,0.6218450802322435,0.8797108667129698,0.012119513721386718,0.04008097084027871,0.012121210684821988,8.023224351560998e-08
1983,0.7694959525611539,0.8927140142624242,0.013104417730175774,0.04864004097350111,0.013107055708635917,-4.743884607361082e-08
1984,0.7450762780617866,0.8819011694140393,0.021120088429980477,0.06158919936422963,0.02113083385202774,2.780617865960622e-07
1985,0.8666357217695899,0.9476250463321846,0.013690116902441403,0.034255836435586495,0.013692591694617992,-2.782304100445998e-07
1986,0.6581853061415337,0.8178806025759252,0.02431712096806639,0.06580197447964461,0.024328239954153504,3.0614153367913843e-07
1987,0.8458311196004271,0.952462753249237,0.013242634237890651,0.03356317588399566,0.013246178021012057,1.1960042711756103e-07
1988,0.863823819102841,0.9483759418876001,0.007857337890527347,0.02596617875146965,0.007858582193284369,-1.8089715903002457e-07
1989,0.819607353212265,0.9267377179659055,0.014061935602441402,0.036818694846043415,0.014063831117161073,3.5321226499185343e-07
1990,0.819030953853895,0.9231783577174342,0.01932459602822266,0.0509088912595549,0.019332070032682513,-4.614610493725024e-08
1991,0.9319379360172371,0.9733178965573743,0.010108019367968757,0.026125785329235433,0.01010909615047614,-6.39827629766998e-08
1992,0.9277930300923588,0.9728449216818753,0.007401451749609376,0.025508422797259137,0.007402681902859143,3.009235882700523e-08
1993,0.808342840559271,0.901633167282378,0.009269609997548844,0.03341907483295423,0.00927010932512776,-1.5944072906393103e-07
1994,0.9430061788837321,0.9718570885108897,0.007477530145751949,0.01908799462168485,0.007478196731493989,1.7888373204932861e-07
1995,0.9621802258242083,0.9813965098215647,0.00687066652539063,0.01900752482339657,0.006872322909151769,2.258242082220363e-07
1996,0.7977041070538324,0.9533442650403607,0.015983492672558608,0.039265207097528544,0.0159864928768606,1.0705383246545352e-07
1997,0.5507051117487248,0.7853756925160643,0.028740696193261705,0.07566159578600172,0.02875468621937442,1.1174872482921927e-07
1998,0.8608531583173843,0.9373690914815455,0.010901421998691393,0.03435946779690457,0.01090249050490507,1.5831738431337783e-07
1999,0.7702487366401134,0.8855687287133357,0.015153264893066428,0.04546096581553401,0.015156526316837558,-2.633598865653397e-07
2000,0.9067094025424525,0.9537636490184868,0.010532735487695326,0.029979643191207325,0.01053402086366874,4.025424524822796e-07
2001,0.9494769499011573,0.9755876581737252,0.010523183195605463,0.025882817842480654,0.0105244420651662,-5.0098842740986527e-08
2002,0.891512888617045,0.947700604797301,0.01126745216673828,0.032988076355878936,0.011268558744165123,-1.1138295497037376e-07
2003,0.7181473504438521,0.8566464628693149,0.019606983870410113,0.05890192278553839,0.01961564578454538,3.504438521595432e-07
2004,0.8625165751100502,0.9444399743028052,0.013441620046093745,0.042535473405470724,0.01344417050338068,-4.2488994977940564e-07
2005,0.8115501187608747,0.9046473863456379,0.02013794283847661,0.054320895666300745,0.020149283780240255,1.1876087468998264e-07
2006,0.8029548512097892,0.9424198227275425,0.011735031342187516,0.03277969742656358,0.011738116586403462,-1.487902108188166e-07
2007,0.8722349983254332,0.9595616264692104,0.02074802924296877,0.05081034571588558,0.02075135037416319,-1.6745668185436102e-09
2008,0.8866442073912834,0.9434592090726956,0.012577320793164056,0.0341248761350795,0.012579177464662826,2.0739128336888513e-07
2009,0.8329247520598814,0.9440662452282977,0.010822880790664067,0.03188167590891162,0.010823564272230125,-2.4794011865836296e-07
2010,0.9247638809015734,0.9681710582673704,0.010876546301269524,0.027127848100030154,0.010880884341202653,-1.1909842667634507e-07
2011,0.7875455395288099,0.9019821149133543,0.021086443759570337,0.05497017067804508,0.02109646120109742,-4.60471190066869e-07
2012,0.9155119382051387,0.9580442031771407,0.010474299176269521,0.032422750794497156,0.01047555062954504,-6.179486133905954e-08
2013,0.7168706801466757,0.8567359315028842,0.018467344179394534,0.05367640484854324,0.018474457948629893,-3.198533243820023e-07
2014,0.7420238142708961,0.8692862939471386,0.009062961254492187,0.04068778948898475,0.009063871695025112,-1.857291038742659e-07
2015,0.7762410893888166,0.9257454886352741,0.009157561249882823,0.033736575135039915,0.00915820634560384,8.938881668196785e-08
2016,0.9426473537545209,0.9746881637650624,0.009948436819531252,0.025438547754028124,0.00994971082428392,3.5375452089869697e-07
2017,0.9122673797209732,0.9560360741589953,0.009704821885156228,0.02850941029096504,0.009706839824556411,3.7972097310934316e-07
2018,0.917292499911708,0.9595861393970361,0.007725268862207033,0.01988181508603645,0.007725763882106696,4.999117080295434e-07
2019,0.9769256916219956,0.9884144420287694,0.007928171845214846,0.017592880112455533,0.007929420448233958,-3.083780043544593e-07
2020,0.8338546044356284,0.9297905974106739,0.014979503418261741,0.04705966615463496,0.014985204193038766,-3.955643715913837e-07
2021,0.9063368428943213,0.9541327294676752,0.011077788070800766,0.03675305989835614,0.011080952829712266,-1.5710567868865155e-07
2022,0.9146848519641462,0.956616987445351,0.010046191473144521,0.027570926891627472,0.010047418825638586,-1.4803585379752349e-07
2023,0.9318629538230736,0.9668469761557066,0.009190392793066422,0.026385346074273744,0.009191345123960002,-4.6176926393748374e-08
2024,0.8803331591918269,0.9395037281958396,0.012347393196289067,0.03334202557254151,0.012348798662460036,1.591918268317727e-07
2025,0.9292764004043621,0.9641017480912772,0.012664736074316407,0.03373069201461645,0.012668129875177656,4.0040436211086217e-07
2026,0.9439442672892363,0.9716450289125159,0.008022020873144546,0.019692825201503335,0.008023621807147033,2.6728923629981693e-07
2027,0.9615873675407645,0.9807271565095445,0.004433247279199219,0.011388923234271136,0.004433735621038112,3.6754076448985984e-07
2028,0.8702394883206032,0.9408287060016277,0.013711242633007815,0.03675170798246551,0.0137159930643357,4.883206031758291e-07
2029,0.9020993007779913,0.9589511696669809,0.010117693174169912,0.028674956007007143,0.010118611818348671,3.007779912911346e-07
2030,0.8604937342135539,0.934654476158374,0.010007468686455094,0.02876670033568976,0.010008253797435376,-2.657864460742232e-07
2031,0.9553629212163747,0.9802358195829205,0.008308093793750013,0.023564383670008092,0.008308985954498905,-7.878362529023519e-08
2032,0.7946122213013245,0.8954123562232663,0.014933022821191373,0.040864305300954584,0.014935855863293034,2.2130132448783257e-07
2033,0.933583323195767,0.9683188155515127,0.012358205616113284,0.03525521178513876,0.012359983999039028,3.231957669269647e-07
2034,0.9377280010041705,0.9770974642070827,0.006769279667880856,0.021386108039927007,0.006769762604872914,1.004170524510073e-09
2035,0.33946974559494714,0.9217475522292522,0.014791831280722643,0.0549164593908824,0.014792733705377318,-2.5440505285745374e-07
2036,0.7909030944059925,0.9341474173660109,0.010796191397353503,0.03893350789845137,0.010796979925630525,9.440599246790526e-08
2037,0.9213320145160855,0.970900851001515,0.006567011420957028,0.022473149333502918,0.006567363490023954,1.4516085444782334e-08
2038,0.9231108022936992,0.9623292728733445,0.007045550101445312,0.02620655104871314,0.007046106179088049,-1.9770630077520224e-07
2039,0.8691671107021653,0.9533358270072296,0.01542221931816408,0.0463503619100652,0.015424401912680607,1.107021653234952e-07
2040,0.9540037012306334,0.9787394489299531,0.007722412886621088,0.01861069452855377,0.007723713997992933,-2.9876936658013165e-07
2041,0.8996503509113577,0.9493016015170663,0.010710404476855475,0.029051351416239206,0.010714496478063103,3.5091135774933946e-07
2042,0.8659082354394336,0.9629439912816566,0.014487628170507815,0.0445881629932087,0.014491705717686475,2.3543943361570285e-07
2043,0.8425038389982928,0.9225007188908774,0.01320616802949216,0.036126112988206296,0.013207523367049553,-1.610017071884684e-07
2044,0.922219817093406,0.9632798180278821,0.007928474511123036,0.024391621694426303,0.007929118150945644,-1.8290659409281318e-07
2045,0.9547524663369568,0.9778978705503938,0.005491541590996084,0.015614477824650653,0.005491833691525162,4.6633695671705055e-07
2046,0.8282138840783032,0.9215223164003673,0.01736926278603513,0.04637870104164405,0.01737210232391117,-1.1592169679719433e-07
2047,0.9037534072946815,0.9520937118369103,0.008440199312705064,0.02306917756128273,0.008440754861750546,4.072946814259737e-07
2048,0.8623913827449259,0.9305924533629178,0.014733693190234395,0.03919006985342331,0.01474030749491622,3.8274492586420905e-07
2049,0.8936794108662083,0.9488679409112734,0.007798024502343763,0.026752948357833123,0.007799700296811423,4.108662082780157e-07
2050,0.9035728922001924,0.9514413697113229,0.009406259166699226,0.02607020544733998,0.009407341548136463,-1.0779980752495533e-07
2051,0.779929499264427,0.8959686348729171,0.01478987701396482,0.03950938449671423,0.014794544728333517,-5.007355730057839e-07
2052,0.8895235503774486,0.9486119083348568,0.010115069507812494,0.03176755596979813,0.010116907048721589,-4.496225514127872e-07
2053,0.864945500267745,0.9309478417853325,0.008189991046279295,0.03208248052673196,0.008190703943199424,-4.997322550215344e-07
2054,0.9610162100221048,0.9811100011733979,0.00492030176869141,0.016229638101001222,0.004920601753669383,2.1002210481846362e-07
2055,0.8866947885060673,0.9437742224637605,0.012243853092968722,0.0388505819716107,0.01224553149735413,-2.114939327002574e-07
2056,0.6933898636368645,0.8357684611263264,0.017800710565722633,0.05647031208508653,0.01780734345391602,-1.3636313545006828e-07
2057,0.8743455646074989,0.9457150377085655,0.017098025495898433,0.04455333148573723,0.017104736498212137,-4.353925010525117e-07
2058,0.7197947620020717,0.936440737048417,0.012619968395312499,0.039083323616342765,0.012621231013166069,-2.379979282540745e-07
2059,0.7863115769148024,0.9407061333542327,0.016082897948535152,0.04152554466441315,0.01608459002006146,-4.2308519765388297e-07
2060,0.6863410936627014,0.935497314059242,0.012816569398828116,0.03821408843280165,0.012817532211728985,9.366270137256549e-08
2061,0.8876392801539251,0.9508063368650841,0.0088445865103125,0.026278217407564048,0.008845148697261069,2.801539251695573e-07
2062,0.873089872532643,0.9347868718248948,0.009675707645302739,0.03481056719074135,0.009676662753689018,-1.2746735700286393e-07
2063,0.7399879799668762,0.8657792835069552,0.018504698919531257,0.060697910460237176,0.018508528946802657,-2.0033123826479482e-08
2064,0.9305203679032208,0.9647252945572429,0.010371120207128897,0.025652063019047103,0.010374929652011169,3.6790322077706605e-07
2065,0.9461064669302551,0.9769766747703551,0.007231190243730462,0.020213974201302942,0.007231851055133083,4.6693025512745123e-07
2066,0.8783665803494751,0.952226627226324,0.011025358886621107,0.03374188067007532,0.01102652499787491,-4.1965052488546206e-07
2067,0.8621758001510621,0.9311472785278587,0.011595040151562512,0.032903971158253144,0.011597562564592254,-1.9984893795399472e-07
2068,0.9464346179475095,0.9773518311580687,0.007890661454345705,0.019155892605014598,0.00789144140235253,-3.820524905329137e-07
2069,0.7764911617034005,0.8899126597812455,0.013979939523535156,0.045606590273129334,0.013982579553406765,1.6170340044752152e-07
2070,0.9571691110140544,0.978669731147539,0.005993368985273436,0.016539097922201994,0.005993862117991777,1.1101405439362111e-07
2071,0.9716320539763712,0.9861128979260997,0.0047239670734277395,0.013426722606919881,0.004724299800476985,5.397637115045484e-08
2072,0.872915466965738,0.9344336690077238,0.0069658727132617185,0.027696719425409827,0.006966186412339059,4.6696573796634055e-07
2073,0.891420034750961,0.9472023309445179,0.008236517020585938,0.02130794999433386,0.00823714663842125,3.4750960997698144e-08
2074,0.798242026034454,0.9038790713676056,0.011683973767382812,0.036721258105169276,0.011689016378657121,2.60344540370383e-08
2075,0.759160303053758,0.8804737481807814,0.021607736494335908,0.06017328093036262,0.021618789591260963,3.0305375808836743e-07
2076,0.8767944155255646,0.9526499128895574,0.008514788201455077,0.026231555725054524,0.008515351148339121,4.155255646232092e-07
2077,0.9241976222678381,0.9617041290683124,0.007884417864716812,0.023690671996433835,0.007885048420684543,-3.777321618825269e-07
2078,0.9245255416563083,0.9618454056590481,0.006193793524609378,0.020067181805219998,0.006195046083011268,-4.583436916671957e-07
2079,0.8346901560206392,0.9148957828990141,0.01418546556816406,0.042748054492004126,0.014188728684892647,1.5602063918596087e-07
2080,0.819228820693595,0.906788902540589,0.014128200627539072,0.040738118530529124,0.014133422648779368,-1.7930640494601136e-07
2081,0.8812648906820023,0.9394585352152152,0.011722997057910155,0.035044517801356395,0.011726385786399143,-1.0931799765412364e-07
2082,0.9511357604212285,0.9760770772648052,0.007704119897070315,0.022332231101383687,0.007706013484204769,-2.395787714881692e-07
2083,0.959789459743295,0.9799410818990747,0.005208080118642567,0.01297695465800716,0.005208500418115041,4.597432949893232e-07
2084,0.9066351570991328,0.9523051648841012,0.008103220096386709,0.021462183904949833,0.00810417781408323,1.5709913281369836e-07
2085,0.8628212417993103,0.9418780890556204,0.014678139839257812,0.041858954130247844,0.01468485711288816,2.4179931035206437e-07
2086,0.7051601589097436,0.8978427596576751,0.011259527970312488,0.039155895785363534,0.011262085792713558,1.5890974358612198e-07
2087,0.9244792032371554,0.9617885549181181,0.012071828123632816,0.0315762165069977,0.012073357993154238,2.0323715532732933e-07
2088,0.905284651673089,0.956090606169899,0.009381260058984387,0.030793551156302175,0.009382303037072121,-3.483269109816334e-07
2089,0.8449887203880254,0.9235442998535233,0.007851761754296882,0.03251429657098204,0.007852314527636402,-2.796119745740455e-07
2090,0.8018535710055268,0.907324075523696,0.011959881183593741,0.03069642082596625,0.011963294647725315,-4.289944731672435e-07
2091,0.9523598021911608,0.9767062571413883,0.006269557045312486,0.01749883306448646,0.0062713398210331,-1.9780883919739978e-07
2092,0.818790672765138,0.9078025611522215,0.013620627068847656,0.04092188460858483,0.013623470094965548,-3.2723486209640384e-07
2093,0.8895061658949664,0.9530420659241733,0.011533212344921889,0.03235123085772757,0.011537081134331486,1.65894966430713e-07
2094,0.9354074787503233,0.9703333225676707,0.0073397777053320285,0.023276902115172166,0.007340373469201163,4.787503232739354e-07
2095,-0.36974498701259884,0.4801047116672165,0.02445236389980469,0.07615399277150794,0.024456839273943216,1.2987401154518352e-08
2096,0.9052228132921896,0.9517003664386159,0.010774988794238289,0.027997785760142155,0.010779295078427011,-1.8670781043450546e-07
2097,0.8887771422432955,0.9559092275684906,0.013440997000976541,0.03879909748550439,0.013444621798737387,1.422432954756303e-07
2098,0.9128729000482555,0.9580517756334883,0.009797422432812496,0.03364713901599875,0.00979855345632143,-9.995174454768829e-08
2099,0.9376645687048797,0.9716765949143508,0.006188386629492196,0.02111552446934766,0.006189349351837127,-4.312951202845028e-07
2100,0.733599797525026,0.8586297613843814,0.01864367338632811,0.05090558989315052,0.018646794697533366,-2.0247497400927017e-07
2101,0.7868260335569187,0.8907621512598112,0.019937276423046844,0.05537277302234874,0.019941357449766838,3.3556918688226745e-08
2102,0.9247783676111538,0.9634930643329541,0.009259778929882818,0.022158379133977113,0.009261620381743,3.676111538508664e-07
2103,0.20323323867487553,0.5701976655288025,0.0329617563756836,0.08504689778345187,0.03297560251791264,2.3867487553008715e-07
2104,0.9220593962700687,0.9609898834541944,0.010075868973437496,0.028305340075202665,0.010076999766989447,3.962700687587528e-07
2105,0.8277874942859968,0.912269766058212,0.012282423245507813,0.03871479022515731,0.012291206528172517,4.942859967993485e-07
2106,0.9480872358129819,0.9741192986456522,0.006281901536943368,0.015989143260244636,0.00628251716343887,2.358129819191035e-07
2107,0.8928850245080183,0.9696581353896017,0.015977544086132823,0.039993725169542645,0.015982639137322435,2.4508018281466093e-08
2108,0.6101974744418088,0.7876324025022725,0.018986829809375008,0.06023001761448338,0.01899341085149567,4.7444180883982057e-07
2109,0.8902459682552233,0.9476236634253368,0.010022352283105477,0.029221129450277186,0.010025948485554785,-3.1744776696207566e-08
2110,0.9502441807060994,0.9749731923729412,0.01030810253847657,0.026233918473660685,0.01031027185988595,1.807060994174492e-07
2111,0.9174484804738786,0.960796188846076,0.011297103264843759,0.032372286712886104,0.011299694516440115,4.804738785724183e-07
2112,0.847212312791359,0.9323785245137071,0.00713632602243164,0.020886465349456092,0.0071364257596194065,3.127913590361686e-07
2113,0.8248000091325761,0.9272724578091036,0.011830080531542966,0.030541965423231242,0.011833161085584647,9.13257613976981e-09
2114,0.8857358825389694,0.9602885843630024,0.007522365484277353,0.025163584626441783,0.007522826527998263,-1.1746103056875512e-07
2115,0.877842636220314,0.9382404235750301,0.011146160563281245,0.03445923702444085,0.011149812318592354,-3.6377968604117683e-07
2116,0.9481327281312132,0.9755673645203149,0.006322943909150401,0.01419143179538797,0.006323283144881156,-2.7186878681639826e-07
2117,0.8063100350125568,0.9573004902703636,0.009672704315878895,0.031064504952346656,0.00967324854503033,3.5012556853786236e-08
2118,0.8319148816850448,0.9668253657830808,0.00853737192646485,0.03130160371748451,0.008538446317457286,-1.1831495516645418e-07
2119,0.6653286584735826,0.8238794945777183,0.01538517767373046,0.04952592936897241,0.015388307849439713,-3.415264173689536e-07
2120,0.8799788498031819,0.9401999346481489,0.009909732205273449,0.028400961069440407,0.00991174639702933,-1.5019681809391727e-07
2121,0.7475743430568697,0.8682261604469713,0.013511457444150388,0.040167237523529534,0.013512163688868928,3.430568696893843e-07
2122,0.8385583540664493,0.9418303277042583,0.013648139185839852,0.04709894612946284,0.013649667839440527,3.5406644927071795e-07
2123,0.941105639436239,0.9704477417421833,0.0061617642464843695,0.01634200060349001,0.0061629879237604,-3.60563760959387e-07
2124,0.8513969345124115,0.9387824566919206,0.01138276925029296,0.03764219909455865,0.011386199390681438,-6.548758846314229e-08
2125,0.9345037716257484,0.966806101752065,0.008203714820341807,0.027849755818531594,0.008204472108705937,-2.283742516206999e-07
2126,0.9247448419193233,0.9701347611534372,0.012482748386132822,0.03218002993367713,0.012487956002402134,-1.5808067677092197e-07
2127,0.9088335903192744,0.9538800532673921,0.007353699779394534,0.021641806732267434,0.007354862280100692,-4.0968072567704183e-07
2128,0.8454505846641109,0.9256983004154606,0.013596581950683613,0.04391579803763582,0.013601177633552565,-4.1533588901465635e-07
2129,0.9217605667114257,0.9617538348997305,0.007354994619892573,0.02266819098642459,0.0073555041824482975,-4.3328857435298573e-07
2130,0.8735126704400812,0.9451590365046562,0.009263373858007804,0.027590327588717368,0.009264536943725431,-3.2955991879912716e-07
2131,0.8872482383737007,0.949127594415026,0.009605254983886726,0.02440675427905359,0.009606775843137906,2.3837370066726038e-07
2132,0.8823831848941092,0.951727692028009,0.007729545041210947,0.027189103720029934,0.007730593472801381,1.848941091342482e-07
2133,0.9256310030958358,0.9674756045995024,0.009479046743359356,0.027063739455031537,0.009481244565062623,3.095835809929781e-09
2134,0.8074505389042,0.9433802804851829,0.01861242071708983,0.05765519618254538,0.018621045650256206,-4.6109579998621086e-07
2135,0.952500905312989,0.9774177248993099,0.006280651314462878,0.019780861927878746,0.006281143586152287,-9.468701100967536e-08
2136,0.9170062755805357,0.9693082194086048,0.008416149891699231,0.024047886850767277,0.00841754687788014,2.755805357246288e-07
2137,0.9251850493013828,0.962609494214747,0.005903175650195313,0.019704850917646205,0.0059040006876498055,4.930138275405227e-08
2138,0.9118762982368833,0.9661155212334329,0.011355243171484383,0.03346974125426714,0.011359373052171532,2.9823688330044007e-07
2139,0.9577221650290041,0.9789843101796635,0.008337198811621087,0.022231619915429716,0.008338042616531054,1.6502900412884713e-07
2140,0.8797246067970999,0.9440910759191182,0.009677076441796877,0.02831791548785717,0.009678503335800871,-3.932029001285642e-07
2141,0.5823825363362873,0.9123332144537046,0.013817172352324235,0.03941428361434797,0.013817791991723016,-4.636637126465004e-07
2142,0.898943308763763,0.9496111584631384,0.008035101124365228,0.030113907198646404,0.008035757156106197,3.0876376300170705e-07
2143,0.9453453767219167,0.9782031987704949,0.00451994050875977,0.012450565812532604,0.004520097437186187,3.767219166617153e-07
2144,0.8385140966622863,0.9231696156507055,0.009896917939843758,0.031227325974081836,0.009898085172527537,9.66622862863531e-08
2145,0.9305063200522448,0.9661339147749192,0.009636322178027333,0.027521051812744075,0.009639694924127081,3.2005224470665894e-07
2146,0.9135433003006262,0.956732251481567,0.010204447321386728,0.02758698715402172,0.010207704271131568,3.0030062625474585e-07
2147,0.8857490850510836,0.9453934771881878,0.009718408516406278,0.028709004556234836,0.009720790095398465,8.505108362033553e-08
2148,0.7513483781861356,0.8801901381554823,0.011150533720996085,0.03665893595691473,0.011153234154318086,3.781861356300098e-07
2149,0.9565487338918338,0.9813350607404037,0.008634369913085936,0.023758573175945003,0.008635386724691536,-2.6610816616923216e-07
2150,0.871513767353226,0.9707989441527654,0.01725346041406253,0.048103035634177886,0.01726108731870417,-2.3264677395662403e-07
2151,0.6809270120987626,0.8782004389304104,0.010280362179658213,0.036183201711737,0.010280785557623039,1.2098762658396822e-08
2152,0.9153580531264034,0.9576423001500295,0.012832054373632813,0.032476616704499424,0.012837991423443704,5.312640338761554e-08
2153,0.8996761091984244,0.9507443237329579,0.010074137698730482,0.03224758242190826,0.01007726405703882,1.0919842441392547e-07
2154,0.8747638926676315,0.9354291182464841,0.012647926999121076,0.033863261175855704,0.012651525755986028,-1.0733236843751826e-07
2155,0.898879933729888,0.9517248268626329,0.0076390194007031195,0.021280101435181897,0.007639394040941342,-6.627011206461475e-08
2156,0.8875838932829992,0.9516914841339391,0.014256357068652342,0.034957917007989156,0.014262072869612846,-1.0671700079178947e-07
2157,0.9010575432944345,0.9713404636017403,0.014004772620312486,0.038905104837392464,0.014010287023050811,-4.5670556547694474e-07
2158,0.8913440364811416,0.9443484834227347,0.010466514601757822,0.02757330210339705,0.010467598752942621,3.648114155208049e-08
2159,0.8969088836191786,0.9527066933675251,0.008301492542041022,0.02612181251458055,0.008301999119400728,-1.1638082131337768e-07
2160,0.6745172513058364,0.8470090760871748,0.021452183081347657,0.05606019887675692,0.02146076450496897,2.513058363629028e-07
2161,0.8429347268988259,0.9236284379960876,0.010414653888291013,0.03425265827067435,0.010415436347321679,-2.7310117411971646e-07
2162,0.8842739038364724,0.9415819248296976,0.013298209009765631,0.041134736528165426,0.013299944133777266,-9.616352758534674e-08
2163,0.9085987692199959,0.9540192953902193,0.01145585208623048,0.03228878321242562,0.011459962122572002,-2.3078000410681199e-07
2164,0.6346794705054586,0.8709279220638424,0.011405403336523432,0.03742656870597521,0.011407952104605028,4.7050545859406157e-07
2165,0.4312686959565848,0.8439906602508892,0.02206714437158202,0.06315145704649223,0.022073153494047832,-3.040434152223881e-07
2166,0.7603566459185203,0.8727282859236477,0.012234630177832054,0.04519125543133045,0.012236671328029598,-3.5408147969206993e-07
2167,0.7940713203658822,0.9015840671562442,0.01251370351640625,0.03955085310013528,0.012517028733933077,3.2036588226702634e-07
2168,0.8820711298712618,0.94808579873411,0.008910504828710933,0.0317720300468553,0.008912341517917843,1.2987126174479613e-07
2169,0.9407001116438383,0.97036838513739,0.008838177154394517,0.025441588336274402,0.008839848629216709,1.1164383828532465e-07
2170,0.9759549982085158,0.9881667243607108,0.006573822078808587,0.015773670114592818,0.006574880088787835,-1.7914841832222805e-09
2171,0.82488979270372,0.9101919013095827,0.01668958687705077,0.04541994352400517,0.01669526837705109,-2.0729628003035572e-07
2172,0.888404194317761,0.9444230587009272,0.00919048498203125,0.027057180939103167,0.009193141995881985,1.9431776099310127e-07
2173,0.9321212943621393,0.9671033052612452,0.008950595546875008,0.025022695082809302,0.008951906706689806,2.943621393303175e-07
2174,0.8668577633650255,0.9480651587011029,0.013824820606542956,0.03597457017027185,0.01382946183478434,-2.366349745042129e-07
2175,0.8300835785507625,0.9296095528181936,0.013547982810644538,0.03843551352839291,0.013552520043922269,-4.2144923750875307e-07
2176,0.8098145058279306,0.9050571236175402,0.00764133274863281,0.026161405759474992,0.007642724915303937,5.058279305414359e-07
2177,0.8819798714552546,0.94038640990358,0.011227368167773442,0.03771040717251061,0.011230130670986237,-1.285447454035804e-07
2178,0.9092829520585897,0.966606239676076,0.015045504155078144,0.039212423930712295,0.01504961833997695,-4.794141028607868e-08
2179,0.9073934354362371,0.9569089545019572,0.013608641084765633,0.038845637223879736,0.013613655350709068,4.354362370673215e-07
2180,0.9508718523664502,0.9815234953055896,0.010843618458789055,0.027901495533923532,0.01084641546190667,-1.4763354982960664e-07
2181,0.8593892106296375,0.9330936824153198,0.0145808469446289,0.039848380173964706,0.014582294117016087,2.1062963750928532e-07
2182,0.8767934082769179,0.9626734354110511,0.008805728432910172,0.02593388748901908,0.008806912732812313,4.0827691782929776e-07
2183,0.4717436411815794,0.863424993729748,0.014915514393613286,0.042162749274372024,0.014915960307887445,-3.588184205871592e-07
2184,0.8662371647998875,0.9414646042048596,0.01403184718964843,0.04070000264987708,0.014036327126279242,1.6479988751427754e-07
2185,0.8651916885192997,0.9423952083735212,0.01449229280771484,0.03916145865542639,0.014495789777839161,-3.114807002324582e-07
2186,0.8505832603682835,0.9297830602638799,0.01242693270830078,0.041202606649537496,0.012428335245933283,2.6036828348896535e-07
2187,0.7865145073474613,0.8881152289172262,0.01589474687187502,0.042247591651555165,0.015900438164998778,5.073474612649065e-07
2188,0.8507981885771407,0.9311175470965989,0.013147542506054672,0.03524785336248294,0.013148734483015304,1.885771406806569e-07
2189,0.9674980822458564,0.9854783073243426,0.004128319441845702,0.010493155379011597,0.004128621646546102,8.224585645866256e-08
2190,0.9155676839688309,0.9574964922917364,0.012951756414550769,0.03372588725966274,0.0129573787002088,-3.160311691230433e-07
2191,0.8253383672549596,0.9109095444423823,0.013114826801464842,0.03982761127914094,0.013116349422068947,3.67254959554586e-07
2192,0.9155644581897818,0.9575296599488959,0.01109459720029296,0.029010352592294286,0.011095857022789741,4.581897817823588e-07
2193,0.8367894067456967,0.9189862777766507,0.011579959326826162,0.03523625454417526,0.011581068438917727,4.067456966794225e-07
2194,0.829477706289727,0.9124921057667572,0.010847045868378908,0.035941223136927776,0.010847690407877888,-2.937102731026542e-07
2195,0.8393530749752603,0.9226226711005431,0.016157345223632838,0.043881678939524486,0.016162430129414415,7.497526033350965e-08
2196,0.8558991289997553,0.9591166291761277,0.008683667611132807,0.02450750691982877,0.008685336244880442,1.289997553222122e-07
2197,0.8032411704207524,0.941970842008099,0.009060842431249999,0.03271973547643533,0.009061860066355032,1.704207523989254e-07
2198,0.9303062759610692,0.964760671119956,0.007272279212304697,0.0208599336995357,0.007274034973040069,2.759610692182335e-07
2199,0.8917687111302176,0.9463998976020173,0.005942282933583981,0.021001001048274244,0.0059426790954517986,-2.888697824277031e-07
2200,0.8638601219664237,0.9302336341825801,0.013109683430371102,0.039174181378722576,0.013114647542168963,1.219664237384066e-07
2201,0.9372513786065988,0.9681208334845401,0.00719956296641602,0.021981514762561043,0.00720013293484325,3.7860659884980663e-07
2202,0.8582235691848654,0.9502727972600925,0.009326449795507804,0.026803575524785645,0.009328208278438072,-4.308151345666644e-07
2203,0.958523203859708,0.9803064868567609,0.005846389905859367,0.01713492903797257,0.005847203623180782,2.0385970800340658e-07
2204,0.8870559236964158,0.9509109913914606,0.012214279230664064,0.03491823480390826,0.01221688032176662,-7.630358411780946e-08
2205,0.8474330548518816,0.9235750466360673,0.014286413479980454,0.04732581449501089,0.014295331758503648,5.485188159237708e-08
2206,0.73186386775772,0.9020479375533953,0.017256032112109347,0.05097286536150378,0.017264204154221315,-1.322422799043821e-07
2207,0.885913546093102,0.9424818388444157,0.009692052068554677,0.03069337432262861,0.009692934111891822,-4.5390689795699046e-07
2208,0.9013410327744998,0.9564503495903377,0.009383541138281234,0.0322616098938977,0.009385666398546388,3.277449989180781e-08
2209,0.7738058757198869,0.8981510174919041,0.02030586070263671,0.0548948556702183,0.020315853392370915,-1.242801130896254e-07
2210,0.42071331614283636,0.6751042423820006,0.017598830827958992,0.07026724759510618,0.017600512482652545,3.161428363540608e-07
2211,0.911903643002476,0.9564822574506008,0.013696544046777335,0.03610089076390294,0.013698399294965209,-3.569975240980128e-07
2212,0.8683148637904812,0.9496453507397652,0.00974353786328124,0.033896550797271975,0.009744825735552519,-1.362095187751322e-07
2213,0.9101174697744512,0.9576101008387029,0.013936898518750001,0.03183431565017383,0.013939754399447054,-5.302255488004448e-07
2214,0.8887855112313112,0.9432196003091591,0.007826186329882807,0.024860452703246102,0.007827134769632389,5.112313111732547e-07
2215,0.9278579066809195,0.970246849666719,0.009088080309765626,0.022138516740278166,0.009090245199838268,-9.331908046306125e-08
2216,0.8102339799111761,0.9344439465884656,0.011814636669140623,0.0340231780204244,0.011816914745782229,-2.008882393766953e-08
2217,0.952460412321045,0.9759661744018847,0.006544854622421872,0.019044423441563024,0.006545376880137658,4.123210449735737e-07
2218,0.894035081331104,0.9598369100921292,0.008742339456249975,0.025524116870726213,0.00874418775893752,8.133110396268961e-08
2219,0.8508518806510255,0.9239216614232487,0.014801147708984377,0.040891876155186316,0.014806651267227149,-1.1934897459209282e-07
2220,0.8154876213530495,0.9327417089085386,0.016727121941113275,0.04413982109103431,0.016729935549887175,-3.7864695046074814e-07
2221,0.9394738900638433,0.9716894256114571,0.007195038921435545,0.022037071975383665,0.007195517840136307,-1.0993615673360324e-07
2222,0.8615146839780098,0.9298025269132116,0.015455163723925767,0.04062710016073137,0.015459025020451081,-3.160219902431649e-07
2223,0.6799107437299686,0.8403166036587715,0.02416508792480468,0.0668679173899466,0.024176342512694626,-2.562700314179267e-07
2224,0.4352873934654711,0.6888051276207294,0.013436936536230472,0.059177936852919416,0.01344067594464095,3.934654710935348e-07
2225,0.5972953277343066,0.7873782096466321,0.021707064928906266,0.06941044610885606,0.021715790294358116,3.277343065821725e-07
2226,0.8312384324480998,0.9125570003404835,0.016573299495410147,0.04286566108136041,0.016575254190273923,4.324480997741631e-07
2227,0.881396656294638,0.9569069575692252,0.011082219882568358,0.034033255473451166,0.0110832515179371,-3.437053619492758e-07
2228,0.889829310524573,0.9564429323388687,0.010225451016406246,0.028532429058463198,0.010228455493260315,3.1052457305502656e-07
2229,0.8847890848869504,0.954843501752981,0.008823584537988273,0.03043953166190751,0.008825486719852366,8.48869503577987e-08
2230,0.9507455148444157,0.9754691280109269,0.0063143611629492185,0.01860505135907607,0.006314882875712534,-4.851555842622091e-07
2231,0.8854036344679681,0.9415603005992698,0.012335670587988307,0.03372660237247088,0.012336916610397498,-3.655320318651789e-07
2232,0.8542873714156736,0.9256632668762823,0.009164110343457032,0.030093884838129647,0.00916592593006526,3.7141567355014615e-07
2233,0.8465416827949285,0.9217725756290613,0.006737028090703121,0.029694789762988626,0.006737534141906744,-3.172050715427588e-07
2234,0.9299710219724281,0.965056607405354,0.007725424272949226,0.023307147884408314,0.007726508123556623,2.1972428099203967e-08
2235,0.8347848882786157,0.9171829722490703,0.017299378440136716,0.046592690062306964,0.017307629915006163,-1.1172138425497025e-07
2236,0.9259890507070455,0.9671060317006318,0.008860490904296888,0.022919241715962903,0.008861311727779458,5.070704556242589e-08
2237,0.8199258075998406,0.9227089134356004,0.014757052056933598,0.042619359810744536,0.014762150731078949,-1.9240015947108446e-07
2238,0.9453920833371153,0.9732089142869172,0.00598419716497071,0.01818547143845647,0.00598463561236233,8.333711531971488e-08
2239,0.8481705755720848,0.9501690598072234,0.010245492350781255,0.030439696102003047,0.010246568100053777,-4.2442791525765244e-07
2240,0.8704496478928193,0.9342045400648351,0.00971872090983398,0.027987088394237483,0.009719447492962986,-3.5210718063449775e-07
2241,0.9401714437600386,0.9714170340442176,0.009977800247460955,0.026293888557482534,0.009982805775020356,4.437600386042462e-07
2242,0.9549586858457185,0.9772372597997953,0.005324057927968751,0.014115818654762639,0.005324280065611665,-3.1415428147774094e-07
2243,0.8380580306148009,0.9310020944270923,0.00930632325444335,0.026766770370974597,0.00930671464265055,3.0614800916595186e-08
2244,0.7670684553909812,0.9361449037207566,0.011219568586787096,0.04007879325841139,0.011220439639053647,-5.446090187710695e-07
2245,0.9088824697271706,0.9547910100353288,0.014277891300976559,0.036866281582293214,0.014284510886166316,4.6972717060445035e-07
2246,0.6059713808960935,0.7857126331466613,0.023685336298828144,0.06826998669053534,0.023695428328664978,3.8089609344371667e-07
2247,0.8641333387342425,0.9433356367882,0.012766912195117188,0.041384610465909674,0.01277143379098226,3.3873424243324735e-07
2248,0.7145462559928691,0.8803913095130892,0.0189495083904297,0.0504272117171735,0.018955051545047365,2.5599286912481034e-07
2249,0.9061349145923444,0.9567039293687741,0.009215969452080074,0.029255657785276848,0.009216751346148107,-8.540765561448893e-08
2250,0.8927676473777985,0.9490507717070067,0.008122013529687496,0.024368684233298018,0.008123674212600775,-3.526222015493019e-07
2251,0.9017353891597548,0.9516641636264429,0.007346315488896482,0.02469944787578958,0.0073467124740150495,3.8915975486553123e-07
2252,0.6973748029074445,0.8577284766732282,0.014032125764355455,0.052216938666626744,0.01403724698018986,-1.9709255549837934e-07
2253,0.9114873834198005,0.9558734479531497,0.010395176527734385,0.03377568728328188,0.010399354052250714,3.83419800464857e-07
2254,0.920071584018766,0.9654538093437539,0.012172398664550789,0.03251662289583975,0.01217764542743849,-4.1598123401431764e-07
2255,0.9157005015234275,0.9615596156213398,0.011512096065820309,0.02760339530414753,0.011516530788155292,5.015234275651537e-07
2256,0.9148801718475025,0.9640829668315885,0.011075888631445322,0.034330549776271695,0.011079778905799876,1.7184750245036184e-07
2257,0.8784509729933095,0.9481564343680924,0.01279072145976563,0.03067544618634266,0.012793039190027333,-2.7006690439534964e-08
2258,0.7535463367977657,0.882869956403117,0.018056218031249995,0.05169848866307964,0.018063796651975838,3.36797765676522e-07
2259,0.7657737702183282,0.8890619529771757,0.014524570410644543,0.038083379645873466,0.014526647012266922,-2.297816718010992e-07
2260,0.7070846583342426,0.8448915563495921,0.018292862344921848,0.05022305489508372,0.01829942923966999,-3.4166575735294913e-07
2261,0.7215407693154932,0.9240164525300549,0.014577325611904297,0.04574190216289442,0.01457836055887709,-2.3068450683005892e-07
2262,0.8987058820420304,0.9499725900410534,0.010348073937109369,0.027900050511150434,0.010351737290645332,-1.1795796961422411e-07
2263,0.8904938203029089,0.9528717906939626,0.012219097254296858,0.031783476780383374,0.012223028517623713,-1.7969709109610932e-07
2264,0.9021747034086703,0.9585086152007294,0.009998085237792966,0.03376008561267666,0.009999743942319474,-2.965913296071321e-07
2265,0.8477563488566504,0.939000084416698,0.01065399219210938,0.03237912940819033,0.010655009412006432,3.488566504561419e-07
2266,0.940978924691292,0.9739979550940491,0.007867926537890625,0.021551612375335708,0.007869944590006105,-7.530870804739465e-08
2267,0.8728439986621637,0.9425642697056531,0.013888673101269563,0.04316960783204994,0.01389032698638898,-1.3378362861971027e-09
2268,0.8565757255395461,0.9267059213821982,0.011555084466992193,0.03222123046976162,0.01155777953313929,-2.74460453919545e-07
2269,0.9022103193523678,0.9501037423453141,0.008843802993554676,0.02845060163482558,0.008846177456199701,3.193523678834964e-07
2270,0.9503512773047996,0.9756266252285971,0.0050393933353515665,0.013072604029751928,0.005040033484116477,2.7730479967846833e-07
2271,0.9250306248067598,0.9632472506279607,0.0076456974669922,0.019382412716226524,0.007646865489755492,-3.751932402540348e-07
2272,0.6736595721324907,0.864219625722339,0.015483942976269526,0.04959908188505122,0.015490063349689007,-4.278675093116746e-07
2273,0.9014204525830906,0.9630605832721723,0.010440957358408196,0.02724155272455542,0.010441866325691152,4.525830905599548e-07
2274,0.9227640966144699,0.9734505328033242,0.007894789780761729,0.023343946514855603,0.007896074324397718,9.661446986886091e-08
2275,0.7247640216779594,0.8952979669016836,0.015333093425781262,0.037996790123825515,0.015337057970912922,2.1677959427535143e-08
2276,0.8128945840765166,0.919006281852771,0.013548870554101568,0.03809948978311692,0.013553327621458527,-4.159234834322234e-07
2277,0.9290856853433619,0.9654234716941508,0.006495822101855468,0.01812305990959128,0.006496943741369616,-3.146566380785032e-07
2278,0.6998302405394061,0.8516315491731175,0.009672149459580068,0.04428870775019759,0.009673101525988702,2.4053940617108083e-07
2279,0.9575806777279393,0.9808935413542275,0.008731202863574218,0.022445489937141277,0.008732186003805232,-3.222720607043428e-07
2280,0.9184352253242309,0.9628478817532716,0.0106845849708203,0.029562156856940684,0.010685586140785382,2.2532423094023812e-07
2281,0.8898288954363621,0.9561930902809289,0.010349760043652342,0.030261287224997192,0.010351475970558667,-1.0456363785937839e-07
2282,0.8859348742956429,0.9415146788336914,0.012137663599511713,0.035042423368373106,0.012141319456429524,-1.2570435714565065e-07
2283,0.9606176004388148,0.9805936758571581,0.0067662074518945285,0.019219259615919443,0.006766755926830118,-3.995611851381753e-07
2284,0.6985834093648494,0.853129249463508,0.016073068904648435,0.05130353282363308,0.016074431204012782,4.093648494629676e-07
2285,0.9643595414113868,0.9828169694118951,0.005331635130566411,0.015860152949501945,0.005332485113762587,-4.5858861319469924e-07
2286,0.9139165435024226,0.9561228856755469,0.00954162180205078,0.024094063571130662,0.0095432588221307,-4.564975774057345e-07
2287,0.8637573149941498,0.9345709946602795,0.01477537714736323,0.0399068170565938,0.014777346041050904,3.149941497637698e-07
2288,0.8700381590259056,0.9360034469016385,0.010580383431054696,0.0323303175411952,0.010583584167263047,1.59025905666077e-07
2289,0.827295614759519,0.9106088720932182,0.012273322090527344,0.039848812571870854,0.01227510895235981,-3.852404810711363e-07
2290,0.881949457763507,0.9397022683812774,0.014416569430175781,0.041348136920206106,0.014419491235823456,4.577635069891173e-07
2291,0.8310138780393646,0.9159761002936281,0.01801705024189453,0.04969896547132969,0.018026765531026848,-1.2196063547964542e-07
2292,0.7619355230304836,0.9083069013764407,0.012757128432617204,0.042565392397390885,0.01275962856316961,5.230304835901478e-07
2293,0.9539899111425605,0.9804943085215782,0.007375380729785156,0.01971166501271521,0.007376682728302398,-8.885743951747571e-08
2294,0.9578013988154463,0.9815404100581591,0.00733390888808594,0.018520818789900854,0.007335321825111214,3.9881544633413313e-07
2295,0.849798323973926,0.9306982060137459,0.017247104228125,0.04474679565819039,0.017255277644194975,3.239739259086605e-07
2296,0.8133867665014829,0.9072633116228853,0.010462972708203113,0.03548864807351929,0.010464739970466897,-2.33498517077102e-07
2297,0.9234130840492063,0.9632827512776935,0.008405040093486317,0.024036358760502374,0.008405664998276927,8.404920626148282e-08
2298,0.7396311039979286,0.8637248147557531,0.01840065465898437,0.05170845872281527,0.018405912757067697,1.0399792860216195e-07
2299,0.9079821324615139,0.9581981854548641,0.008308289228984377,0.02951710465277437,0.008308988320589818,1.3246151397972028e-07
2300,0.9394582192544598,0.9725276514375283,0.010922822644824215,0.02791601299116586,0.010926988865284794,2.1925445981008096e-07
2301,0.9042016135154987,0.9531279662983269,0.013713315420703108,0.04018437799553973,0.013715065371153528,-3.864845012913065e-07
2302,0.8779095923715897,0.953214663113037,0.014392934721386719,0.039185233297689186,0.014398469589566695,-4.076284102483285e-07
2303,0.8785962338107869,0.9399858300310224,0.008608470543720702,0.029301875617619377,0.00860899189161444,2.3381078684270307e-07
2304,0.6973509460637843,0.8368946084575862,0.01974141374667967,0.05519606441798225,0.019749082376588654,-5.3936215715921776e-08
2305,0.9025422771679161,0.9508809907466674,0.01106078262958985,0.02869876085262505,0.011063681182401834,2.771679161739371e-07
2306,0.8854332788794701,0.9432716605750716,0.012452040307714856,0.03506684199258779,0.012454264763944345,2.788794700725461e-07
2307,0.8249376858456411,0.9095619790673186,0.014817770487011729,0.04472147671935557,0.014822272228975069,-3.1415435886028575e-07
2308,0.9376124673034751,0.969308614306625,0.008174867298808595,0.0247225224305789,0.008175597246462224,4.673034751379035e-07
2309,0.9045281891428755,0.9530917148787005,0.013589683466210966,0.03413894262018085,0.013592187379552683,1.891428754730029e-07
2310,0.9118712574083969,0.9554028251443837,0.01203232025517579,0.03543564481457398,0.012037169132646514,2.5740839693089157e-07
2311,0.9543851298653446,0.9779769663941551,0.005628697409960938,0.015199257206365058,0.0056306766119343325,1.2986534458914178e-07
2312,0.8621222750996231,0.9680443148706677,0.008762478099609373,0.026400371767061524,0.008763683042929259,2.750996230815872e-07
2313,0.7787030715057701,0.891343042139101,0.010214045223652327,0.04049437382789658,0.010214692232779484,7.150577008285808e-08
2314,0.9351052526325947,0.9671503154144658,0.008022113843925783,0.022260887241326695,0.008022682911036152,2.526325947327379e-07
2315,0.9190399086325459,0.9619007947084892,0.00933743501992188,0.02266583837883303,0.009338958749489111,-9.136745404703106e-08
2316,0.9062268190863529,0.9542242720545913,0.011333584370605467,0.03474950194726852,0.011334806073408919,-1.8091364706318558e-07
2317,0.9406048828005733,0.9711857991877849,0.006615753074707026,0.019730917127795018,0.006617141536281301,-1.1719942671906125e-07
2318,0.8901808664088154,0.9546446561227153,0.011453583413574204,0.03205268603393861,0.011455039556438043,-1.335911845590232e-07
2319,0.8912038694916893,0.9526704482123388,0.007343866003632804,0.02067280225209286,0.007344467218487744,-1.305083107139282e-07
2320,0.958971106992807,0.9798873595241,0.006363951458886714,0.017519828454184354,0.006364896458246318,1.0699280694748126e-07
2321,0.9076557681555453,0.9586517728875237,0.009635101124609382,0.027549986136464436,0.009635924169749038,-2.318444547455556e-07
2322,0.8322833749207359,0.9335770573236956,0.021085319533398476,0.05953824454702652,0.021088420560335767,3.7492073590161823e-07
2323,0.9205451077424156,0.9621197539258082,0.010362837447656254,0.02748043486286211,0.010364355928406888,1.0774241565592035e-07
2324,0.868559258256414,0.9469731366189762,0.01074295682705077,0.03486997154965228,0.0107462593277062,2.582564140318766e-07
2325,0.7944396222381497,0.9081519900771226,0.0132468093163086,0.03477045049481274,0.013249601251084868,-3.777618503564284e-07
2326,0.8873826671533254,0.9471346035304511,0.014835053684472643,0.04105153558970287,0.014841728811372471,-3.328466746665981e-07
2327,0.842555965278285,0.9271244003643565,0.010922923258789075,0.031591540034875805,0.010925196066657527,-3.4721714947671956e-08
2328,0.9045983812682629,0.9557149052727577,0.011403631725195339,0.03100640431798133,0.011406180290182071,3.812682628501207e-07
2329,0.9307176666030147,0.9712149594494478,0.009787749079785165,0.026907221794641088,0.009791090511680029,-3.333969853525076e-07
2330,0.9322057907295475,0.9674036802582054,0.009896939927832025,0.028533815613114917,0.009899082840699139,-2.092704525225031e-07
2331,0.8457826058584564,0.9367501770591855,0.012109395528906244,0.040173463128354854,0.01211061221671835,-3.9414154351380404e-07
2332,0.8636638636673033,0.9670081487790544,0.009466281344238273,0.027249953368518327,0.009468243144334467,-1.3633269668744674e-07
2333,0.9258195099113569,0.9667357605541833,0.00814786167294922,0.024095244822378615,0.008149288542474197,-4.900886431125073e-07
2334,0.44240812814052544,0.7302547998641448,0.012310132900488277,0.0580830966977264,0.01231226275819235,1.2814052541276766e-07
2335,0.7934065754409612,0.8940435616564693,0.013209801690234354,0.039912323440991174,0.013213494678329371,-4.245590388141096e-07
2336,0.9329287292825007,0.9667341267102197,0.010647496780761729,0.026489490644798774,0.010648969657858356,-2.707174993066275e-07
2337,0.8934587857976248,0.9549777931474528,0.008288438983886726,0.02939178155677025,0.008289118196304011,-2.1420237517055796e-07
2338,0.8182104991480201,0.9261119438598587,0.016500382322265656,0.04185705970708698,0.016504332900065047,4.991480201388399e-07
2339,0.909792376543209,0.9608380963122447,0.007020636418769523,0.022448756387374477,0.007021035844515772,3.765432089464227e-07
2340,0.9207669890641716,0.9652899543736977,0.00711442104921874,0.019944066082071093,0.007115893574520815,-1.093582835398621e-08
2341,0.9135021335744554,0.9744666370493296,0.01011956809853515,0.028019762842581467,0.010121051466152761,1.3357445538542123e-07
2342,0.9333698702275305,0.966187213539113,0.008675131622656235,0.023757749040948517,0.008678191571228452,-1.2977246954815058e-07
2343,-0.25181543477492685,0.5502180122857869,0.02062757287291996,0.07384506008451183,0.02062962694032515,-4.347749268385215e-07
2344,0.9027554688869285,0.951375989075031,0.010433116750097659,0.03298097436582628,0.010434200898003823,4.6888692850632907e-07
2345,0.9122472436401141,0.9571130356187528,0.009038522877470702,0.028113149265869268,0.009039200191701251,2.4364011408373187e-07
2346,0.8934809707838142,0.9458309854476112,0.014769469518554689,0.03981168249325826,0.014771568305817127,-2.9216185803981887e-08
2347,0.8685393942151816,0.9377955501979951,0.007275102929667971,0.03149182224206314,0.0072756703193982645,3.9421518160942526e-07
2348,0.8081342447724156,0.9142383981535802,0.021386626427539083,0.05632037697525321,0.021395674752532897,2.4477241555853624e-07
2349,0.6394745718954163,0.8618177578525084,0.014704842711914055,0.04410780223616629,0.01470671831411551,-4.281045836718178e-07
2350,0.6574819341088176,0.8354691186828476,0.018107150041015617,0.04942016574330681,0.018109531567561565,-6.589118239919145e-08
2351,0.8649964754398016,0.9319448604532458,0.01224876543242188,0.03605203392691387,0.012251828714273908,4.754398016393324e-07
2352,0.867005264635917,0.9352119517964406,0.012511154136425775,0.035249042452837095,0.012513168035721048,2.6463591695780053e-07
2353,0.848612662173645,0.9228063940039832,0.0102369649461914,0.03684722777031482,0.010238258267547578,-3.3782635500134717e-07
2354,0.6960426119852049,0.8344297141095688,0.01308575483115235,0.046510957965973244,0.013086874089592318,-3.880147950718893e-07
2355,0.6691645139270204,0.9549891692131351,0.01738399753310548,0.04494116003219856,0.017389064596977935,5.139270203846635e-07
2356,0.8872632196626296,0.942417349602422,0.012276543153027343,0.037503444014490316,0.012279265929212175,2.1966262953032611e-07
2357,0.8580771106843892,0.9315475271297158,0.01306477802167968,0.039867042253593415,0.013067578841589324,1.1068438920958101e-07
2358,0.5357901870749786,0.8026764296038713,0.02739453393876951,0.07672848030071018,0.02740666756663061,1.870749786192505e-07
2359,0.8425915283086101,0.9394142972336591,0.013172369504296873,0.0343906355146127,0.013175718410902239,-4.7169138994718196e-07
2360,0.826618134140292,0.9366058614773471,0.010814634953984362,0.033128752695359594,0.010815490750780223,1.341402919852186e-07
2361,-0.07153790387178938,0.5542877972309662,0.023580484962402348,0.07112615030493821,0.023583030840197063,9.612821062765509e-08
2362,0.7103600596977628,0.8472515890122645,0.01185149011445314,0.04185292087664138,0.011852417971512106,5.969776284420192e-08
2363,0.9409978783905664,0.9771585613097618,0.009592818381250007,0.025105340036401233,0.009594816150543086,-1.2160943363426213e-07
2364,0.9687287220146352,0.9845535011120871,0.0053968189678711,0.015745688927435577,0.005398040831147157,-2.77985364727229e-07
2365,0.8700015976181946,0.9462891427616611,0.008423143976953132,0.027725433593624702,0.008423625388576106,-4.023818054310624e-07
2366,0.8198322661599007,0.9167107875675258,0.01493244241787109,0.04276738290046713,0.0149356444766647,2.6615990067480055e-07
2367,0.90142569240256,0.9497466827330208,0.011829847527148442,0.034104579613272144,0.011833313958022671,-3.0759743996355837e-07
2368,0.7769213528886525,0.9182474022621103,0.012773924683691415,0.043197055336686586,0.012778578472015828,3.52888652521699e-07
2369,0.856582160007251,0.926749928250311,0.017656574863476552,0.044473529717298864,0.017661152215561516,1.600072510044015e-07
2370,0.872183990123473,0.9432974393704046,0.01075336148085938,0.029620965925115473,0.010754782143485927,-9.876526929630813e-09
2371,0.9296914172190064,0.9645919180582646,0.0065373169040624955,0.02357566244473465,0.006537811112699117,4.172190063433945e-07
2372,0.8878712308048952,0.9540365321646395,0.011254004766406247,0.02804384629584013,0.011257017536043102,2.3080489519600178e-07
2373,0.9085338730779499,0.9538513377685167,0.011381772585058604,0.03319751477986738,0.011384038945715207,-1.2692205009212643e-07
2374,0.8615699806598963,0.9418249187684554,0.009214160029003896,0.03533401441249693,0.009215337562994627,-1.9340103629694738e-08
2375,0.9341362855398155,0.9667015776952448,0.00661338019678711,0.024511096244907573,0.006613889448747857,2.855398155698907e-07
2376,0.8950529994511786,0.9543018652417592,0.00941015075976562,0.03016809111646181,0.009412285564019308,-5.48821432744262e-10
2377,0.8214526942616642,0.9262066148938419,0.015093228015429718,0.03927047965969624,0.015097860526700204,-3.0573833575964215e-07
2378,0.8450679852939362,0.9414510538052864,0.012027109596679682,0.03554439676965639,0.012030650664710511,-1.4706063811154024e-08
2379,0.6343117548806853,0.899517454570181,0.01140703095761719,0.0407120857294102,0.011407637315406532,-2.451193147345876e-07
2380,0.7182633584512479,0.8651523688507102,0.02292831791367187,0.06151920521722007,0.02293064629149631,3.584512479060109e-07
2381,0.7969262932279764,0.9108919370162977,0.012507264548339846,0.037758209810973956,0.01251060256100898,2.9322797634456776e-07
2382,0.8283980080654431,0.9135436229634641,0.012663633235351572,0.0405413798284722,0.012666537743388741,8.065443091176405e-09
2383,0.9147613090904789,0.9580281923239649,0.010204578601171865,0.03121522547447575,0.010206246095617717,3.0909047887828223e-07
2384,0.7625953542008467,0.8808615238410573,0.01512904670595702,0.03485504950507376,0.01513321194245896,3.5420084665283014e-07
2385,0.9124992303181173,0.9561789483427071,0.008916851905859375,0.024868014379062442,0.008918648130511509,2.3031811735574337e-07
2386,0.3925423765478707,0.6501316351340063,0.016295947736621075,0.06773634325978227,0.01629863266579546,3.7654787071739193e-07
2387,0.9020974556298377,0.9515925607512545,0.006224241239648434,0.020444211533010927,0.006225123993356311,4.556298376368062e-07
2388,0.8903100346124351,0.9508227241044159,0.008047706402246101,0.026839997339181326,0.008048882574188232,3.4612435029224287e-08
2389,0.9127764855622869,0.9663023433790701,0.009330070728417962,0.02514756242711515,0.009332753093248781,4.855622868227272e-07
2390,0.9237621569939622,0.9702215173749563,0.008846439495703117,0.026622793460998422,0.008849761230571632,1.5699396227475404e-07
2391,0.7398119444371317,0.8642449781877954,0.016635541582109375,0.05291858216895858,0.01663713300024529,-5.556286830632473e-08
2392,0.9226163828677059,0.9612795133904696,0.010116554466669925,0.026944797085506084,0.010117456550731062,3.8286770587259156e-07
2393,0.8846468313217437,0.9456314833118588,0.01220028365859374,0.03549673475164847,0.012201737239349326,-1.686782562515532e-07
2394,0.9218184184060905,0.9684867558553663,0.010032920328789068,0.027090133037201175,0.010033908517266,4.1840609044108135e-07
2395,0.8871709786296078,0.9554457987427518,0.010707182610351562,0.025314826802253686,0.010709911232269727,-2.137039223359949e-08
2396,0.81272703245309,0.9676270239408926,0.010782534746787116,0.03471478604204658,0.010783375204560231,3.2453089993111917e-08
2397,0.6920033179769626,0.8953569862442913,0.012592899110576166,0.04467957068126227,0.012593704604804247,3.179769625383244e-07
2398,0.8775619898631091,0.9400512286581627,0.01399878330898438,0.03597234679023548,0.014000324366688395,-1.0136890882250782e-08
2399,0.8135871811301139,0.9067119591496619,0.010991332323242174,0.03445638111887243,0.010993288341447506,1.811301139076349e-07
2400,0.8787114084850072,0.9403511160427827,0.011874458013085934,0.03319490967599162,0.01187690445824772,4.0848500715284786e-07
2401,0.9238823111181306,0.9614152809787447,0.005654405527734372,0.01898926523159685,0.005655422572914941,3.111181305914812e-07
2402,0.7572917402646917,0.9145637881575966,0.011410323900781245,0.032565510606864204,0.011411705095966465,-2.597353082611775e-07
2403,0.6730115208919762,0.8264778598029154,0.016367379490195347,0.049725362404360575,0.016368966299916427,-4.791080238097933e-07
2404,0.876530988285634,0.9485064068339296,0.013493190118945331,0.038847164369053916,0.01349827074792024,-1.171436592173336e-08
2405,0.8675812255877708,0.9356602920864008,0.01208175772333985,0.03312974773774851,0.01208652273460983,2.2558777079684234e-07
2406,0.6691811769530431,0.9236677119870225,0.012330341210126938,0.04061273998775973,0.012331035343589465,1.7695304310727522e-07
2407,0.8652894836470695,0.94109059528019,0.010847852189775384,0.03420420040833438,0.010848662189081712,-5.163529305240999e-07
2408,0.8403650582100444,0.9240105973110212,0.010535042246152355,0.03563321207952937,0.010535794100226639,5.821004434025667e-08
2409,0.9077893722804454,0.9635232854197916,0.007992443795839832,0.01995443114983648,0.007993206425666604,3.72280445470885e-07
2410,0.8392096926543571,0.9271295808480566,0.01627611604072264,0.04403217285108284,0.016282065499315056,-3.073456429358856e-07
2411,0.8205751151304423,0.9167271925256923,0.018708262699414068,0.04999802901223135,0.018713707899985187,1.1513044229083391e-07
2412,0.9339430014303248,0.9688523386143202,0.011105111742578121,0.029003586787656698,0.01110854575398756,1.4303248585534334e-09
2413,0.928828914324511,0.9648969731178594,0.006920662650390619,0.02190862441064647,0.006922604565578146,-8.567548903659628e-08
2414,0.9494238370253566,0.9749305582496305,0.006723781589941397,0.018746325836123578,0.006724637693479197,-1.6297464344727786e-07
2415,0.9400011866415624,0.9698920134157611,0.006954065126005859,0.022866304616902276,0.006954644197569871,1.8664156242742536e-07
2416,0.8135688675643074,0.9495216487795208,0.012339449594609354,0.037768302083914,0.01234058295794401,-1.3243569263465815e-07
2417,0.8557159237947363,0.9299293023216185,0.011145414771972648,0.0299720794385739,0.011148192250427028,-7.620526376594938e-08
2418,0.8189528217796631,0.9162322721610964,0.012943964431640633,0.0340200981420644,0.012944941775909758,-1.7822033693271067e-07
2419,0.8600446968489813,0.9296665505956245,0.011916638875468765,0.036138903714023854,0.011917648192058386,-3.031510186213282e-07
2420,0.8385523007245891,0.9310153205801189,0.010628118793457007,0.03157604250766237,0.01062921891229982,3.007245891195609e-07
2421,0.9437977217423751,0.9717824131171836,0.005501726789941403,0.0186255042547486,0.005502679191454788,-2.7825762494160244e-07
2422,0.9612661321532154,0.9835509912864696,0.008823300295019529,0.02162613384832874,0.008826849497939798,1.321532154818783e-07
2423,0.8261698786254682,0.925650462154845,0.012739570881738278,0.034978785517560396,0.012743473426473886,-1.2137453175853352e-07
2424,0.8557834428914566,0.925372746326966,0.00961377541464843,0.025172680377809013,0.009614826639219753,4.428914566201314e-07
2425,0.9492099801403762,0.975842068740175,0.010059162382031254,0.023045283739393855,0.010060627846283416,-1.9859623834328488e-08
2426,0.7659620506304066,0.8900753838496465,0.019380008048730482,0.05431313764084815,0.01938950651037756,5.063040653396911e-08
2427,0.8863890480601573,0.9602842063093981,0.009147062352373047,0.028222206288344147,0.009147867210820471,4.806015729830193e-08
2428,0.8700881660607551,0.9370415752041599,0.01022872181181641,0.030211913109271037,0.010230269503253345,1.6606075514680185e-07
2429,0.9384568588359952,0.9751856913806902,0.007021277649404288,0.018735357607998014,0.0070216768884003265,-1.4116400481878344e-07
2430,0.844842370956052,0.9325419589034072,0.007963974269472636,0.03637987601161099,0.007964497730510825,3.709560519871147e-07
2431,0.9600917881363098,0.9846917048365482,0.006373187322753904,0.0185493848382275,0.006374632868288672,-2.1186369014714046e-07
2432,0.6055417103865814,0.8706698666974275,0.013089935700517582,0.03846055452319109,0.013090395424732582,-2.8961341858035894e-07
2433,0.8474021852110527,0.9558228271156174,0.012584534007812474,0.030375245128898904,0.012587944176299415,1.8521105271673832e-07
2434,0.9515489399854727,0.9768825154590698,0.006084635862597658,0.016907077227227316,0.0060865358313622,-6.001452723669587e-08
2435,0.9031142450812796,0.9512655671655706,0.010941461878613275,0.03139126619087654,0.010944040019746522,2.4508127960398696e-07
2436,0.8034648334766454,0.9264548313834314,0.01599475212421876,0.0421758554175387,0.01599670244538024,-1.6652335455002998e-07
2437,0.7450145058249437,0.8961632618462149,0.017056644770214825,0.05201116659920376,0.01705997263178015,-4.941750563203229e-07
2438,0.8494068094710661,0.926444083964763,0.009482522209501942,0.031805622713824505,0.009483292427149941,-1.905289339632077e-07
2439,0.7876378373003445,0.8943592217938082,0.017082845391015664,0.05186454023466331,0.017086640552591393,-1.6269965541493292e-07
2440,0.8820952999075158,0.9398344261715224,0.009678655928222656,0.03603657048504151,0.00968154092769924,2.999075158216513e-07
2441,0.9280869521351532,0.968719080145087,0.00726245661631837,0.019276521313825214,0.007262867005707958,-4.786484675278757e-08
2442,0.9344323319095705,0.9690494889866739,0.00801368609853516,0.025239774150399182,0.008015648731730253,3.319095704945596e-07
2443,0.16701303595241812,0.5669736057716867,0.010888539848144528,0.058771007561845785,0.010890842720104946,3.595241812592853e-08
2444,0.891156314418933,0.9479127688843404,0.010787080359667968,0.026965070646960455,0.01078871347851448,3.144189330006597e-07
2445,0.9421021486553324,0.9709664159275614,0.006880989484726561,0.023493282425176405,0.006881552440583923,1.4865533237706785e-07
2446,0.925502403749601,0.9651837709351561,0.01175605312421875,0.03107525910010201,0.011759002758350155,4.037496009745567e-07
2447,0.8488985297659687,0.9329120483772113,0.014535221869531241,0.03526035737336214,0.014538988838667102,-4.702340312690012e-07
2448,0.9111798291912777,0.9557667531443668,0.009277768860058594,0.024549510850816546,0.009279694446766648,-1.7080872227737132e-07
2449,0.9018766163995942,0.9501983790334996,0.012762243313769538,0.03485578149489711,0.01276664225824257,-3.836004058843656e-07
2450,0.8963486404840576,0.9474679421136103,0.007585672988652345,0.028408605945358368,0.007586252871276933,-3.595159423497307e-07
2451,0.9297278694718232,0.9750248442615123,0.006602300958105465,0.02079282910661111,0.006603977034268808,-1.3052817682268625e-07
2452,0.9044165050206919,0.9602250935467851,0.010712461246875004,0.02752894415380669,0.010715988792860578,-4.949793080966103e-07
2453,0.9092407259697816,0.954696792204815,0.007013783688378891,0.018759963155975817,0.007015630620489789,-2.740302184056631e-07
2454,0.8805379453493798,0.9611915866281439,0.011530769806445306,0.03837733666589931,0.011531980986191126,-5.465062025145073e-08
2455,0.9478014143952216,0.9736995120146994,0.010105861117480483,0.025596474564113923,0.010107276565758943,4.143952215818203e-07
2456,0.9483546656661956,0.9780795382510121,0.008963166161328124,0.023306308393949825,0.008964112941972942,-3.343338043082511e-07
2457,0.8848900594198842,0.9526945591511554,0.016548358483203133,0.04550867626462168,0.016556947795583143,5.941988423519007e-08
2458,0.9392520233053083,0.9691616938242703,0.009086363782128895,0.025124894375105237,0.0090873986669027,2.3305308349819143e-08
2459,0.6588922340564157,0.8152470087917785,0.01606311855673828,0.06251064444098987,0.016065149776441474,2.340564156932956e-07
2460,0.9051179112494909,0.9524088079094527,0.011107782088964851,0.03237511267773332,0.01110987150472295,-8.875050905299275e-08
2461,0.8897105191730925,0.9603418522459805,0.008673859730371106,0.02663816469607535,0.008675363461483657,-4.808269075118332e-07
2462,0.9209446981084272,0.9596817743657382,0.011773232750976548,0.03173767048854235,0.011775986495940303,-3.0189157285143153e-07
2463,0.9282738879974325,0.9686174264047966,0.009694742845410154,0.025642604602809912,0.009697774481237395,-1.120025675538372e-07
2464,0.8977452253718214,0.9627778991564043,0.012355086863183592,0.03412347693762252,0.012358150983920443,2.253718214273448e-07
2465,0.9373214223928364,0.9704221602592714,0.010006490572070327,0.03010345211385693,0.010007552902832865,4.2239283648548565e-07
2466,0.8450339142041208,0.9685850119911921,0.01016960453271484,0.032574417936256005,0.010172176787334536,-8.579587917889597e-08
2467,0.8911653751850689,0.9517121062807081,0.013304848294238267,0.03458822071296145,0.013309312486530393,3.7518506890155123e-07
2468,0.8363272864621498,0.9465629002091275,0.015620295803613293,0.03875778651105208,0.015625866445314673,2.8646214977889883e-07
2469,0.9383101259543138,0.9695954611871344,0.006640661404218748,0.019683503244396865,0.0066412475746098895,1.2595431386763778e-07
2470,0.8974641715321919,0.9517420234310432,0.013354735963769526,0.03977705879426082,0.013356423668107803,1.7153219189491864e-07
2471,0.9237217188418798,0.9614707728427406,0.00948098216669921,0.02441265528707195,0.009483689421461326,-2.811581202299962e-07
2472,0.8455870191961631,0.9301351779888576,0.014168325404882822,0.041683372818526555,0.01417211597964476,1.9196163103529784e-08
2473,0.8825544736123967,0.9568375743816465,0.01097284039501955,0.03220150290919975,0.010975994058243541,4.736123967452599e-07
2474,0.7602183082184936,0.8738582698747782,0.012593904560029307,0.0451813871451353,0.012594829348472841,3.0821849361650777e-07
2475,0.8877611247282448,0.9429091394983173,0.011123320441503916,0.03203682790128857,0.01112453894451567,1.2472824473253041e-07
2476,0.8241579251283564,0.9232222478565827,0.016501428421679676,0.04918295670083223,0.01650429294307232,-7.48716435516883e-08
2477,0.7655552175894635,0.9547456333560471,0.011740008004785162,0.0382696270008568,0.011741823237819523,2.1758946355809883e-07
2478,0.872291127900439,0.9419491803295115,0.009488332500712899,0.02430936349816707,0.009489252966506299,1.2790043890653635e-07
2479,0.8652068995007156,0.9445165224967996,0.01059063498947267,0.031206671853694364,0.010591407640285842,-1.0049928433897293e-07
2480,0.822057458507967,0.9102674535997407,0.010854093428212882,0.03898857277658736,0.010855104807337519,4.5850796692725737e-07
2481,0.9073572592449953,0.9619879749918333,0.008886555386914068,0.023733761776619896,0.008887594752903762,2.592449953597864e-07
2482,0.8767428878213104,0.9475728232613656,0.011694203784863287,0.029214253439059083,0.011696989429914215,-1.1217868967072775e-07
2483,0.8876049244680289,0.9442132797529049,0.009930461024121089,0.030684059807001726,0.00993189388057383,-7.55319711220892e-08
2484,0.8241357557435928,0.9237650472823344,0.018089561953710923,0.048133111580091224,0.01809153828239866,-2.44256407211374e-07
2485,0.7857590286188546,0.9413440558817013,0.01129709823458984,0.04041909441839415,0.011297926873014813,2.861885461946656e-08
2486,0.9231128522388952,0.9697520015433312,0.00864718068652343,0.024026672504832643,0.008649111191493971,-1.4776110479619575e-07
2487,0.9238910480243513,0.9639953682540683,0.006611570539179684,0.022599430361136253,0.0066120167087442465,4.802435127349014e-08
2488,0.9015831436697525,0.9651652840864384,0.01191680467783203,0.03429649432070023,0.011921091400970541,1.4366975242818825e-07
2489,0.8294059904198642,0.9350692816571341,0.01120643322748047,0.03994219974545914,0.01120728156915907,-9.580135795772549e-09
2490,0.9132460006470511,0.9625576646695131,0.008930819337402359,0.025646945472141552,0.008933465079567096,6.470510793832318e-10
2491,0.8642830913161429,0.9352671405124381,0.01404815561845701,0.036094442832933116,0.014054575880832386,9.131614286950196e-08
2492,0.8813189367075654,0.9429858402324295,0.012679933727636726,0.034069629563444545,0.012684813794950922,-6.329243451563826e-08
2493,0.9385621250363176,0.9694968259988869,0.010356525100585932,0.025484576822942247,0.010360079265639078,1.2503631763305378e-07
2494,0.8529873549663722,0.9274849343042736,0.01214886321542969,0.042133736401592466,0.012150181778671693,3.549663721846841e-07
2495,0.8572709386843693,0.9309260249362699,0.01633429844130861,0.04466222781049677,0.016342176996667613,-6.131563068390022e-08
2496,0.5900047013771093,0.7712869007985589,0.025721699899999978,0.07037313784338768,0.025733192771062535,-2.9862289074866766e-07
2497,0.8966996335454053,0.9478321845570481,0.012488243320898441,0.032768677160081125,0.012491240224249538,-3.664545947801301e-07
2498,0.5702785611615399,0.9121927386343759,0.016701908983300793,0.051439834567770196,0.016706047211525885,-4.3883846012615635e-07
2499,0.7255045043909898,0.8547757388862471,0.014102794496289064,0.040057648141997665,0.014105861783490402,-4.956090101648769e-07
2500,0.9098534283940485,0.9575369463796288,0.009105044208300769,0.025153271961836823,0.009107613203686268,4.2839404845729234e-07
2501,0.931513322943418,0.965736679618789,0.009618788864648438,0.025238229340253285,0.009620015949630899,3.2294341800742643e-07
2502,0.9078697240735158,0.9554354827089516,0.008286167816308598,0.026541207055774972,0.008288301440595244,-2.759264841056819e-07
2503,0.6877692800167905,0.9050260484792071,0.01647406330449217,0.042657108693765274,0.01648006086337807,2.800167905325779e-07
2504,0.6939711816885217,0.9134321789098976,0.013726765593945282,0.035729497116894327,0.01372842453127427,1.8168852167210758e-07
2505,0.9256569639225941,0.9630411412527178,0.009607429147167968,0.029666179738501806,0.009610249838143611,-3.607740584055108e-08
2506,0.7743475275619038,0.9168579586481431,0.015609785197851552,0.046755921879932806,0.015613246845158735,-4.724380961995678e-07
2507,0.7737668430866125,0.8913785359472902,0.015135398077929699,0.04762178882344131,0.01514348020631799,-1.5691338750567496e-07
2508,0.8908497125659033,0.9456017788831086,0.012141815065527342,0.030696225135555852,0.01214578103226612,-2.87434096746253e-07
2509,0.8476190170871262,0.9610286542665359,0.00926120245039062,0.03147799954005106,0.00926264416520844,1.7087126158443766e-08
2510,0.8292360009577748,0.9115134238851103,0.011129551793779304,0.0387218096553765,0.01113052086612281,9.577748594225e-10
2511,0.7862811933245257,0.8883669467155109,0.014237075949902344,0.048614980240391494,0.014240997402214607,1.9332452572129455e-07
2512,0.8084174981125872,0.9006835876108584,0.014001542688574196,0.04379393744305162,0.014004850607678514,4.981125871772463e-07
2513,0.9116997744740186,0.9558674741022365,0.009839698525390602,0.029679789555797146,0.009843079998391397,-2.2552598133440682e-07
2514,0.8811679008552156,0.9414576690507737,0.009022023328320312,0.02819817422301073,0.009022984895188412,-9.914478438233232e-08
2515,0.9146038530259969,0.9604132971162457,0.010691660188574238,0.03470868782006795,0.010693506641712815,-1.4697400307905895e-07
2516,0.9676643710994752,0.9838834816506496,0.005068623714414058,0.014114702838462308,0.005068962366264579,3.7109947526037246e-07
2517,0.9552204673706068,0.9777776602424498,0.007378966739257807,0.019207938086776507,0.007381613969091149,4.673706068825112e-07
2518,0.8394986798867639,0.9550266751181528,0.011948412861425773,0.035427582775516206,0.011951676046659473,-3.2011323614078435e-07
2519,0.9443102265682157,0.9729843731559251,0.008426265347343762,0.02087982836580932,0.00842703437313528,2.2656821574429387e-07
2520,0.8919494057324248,0.9565085956059423,0.006648300548369141,0.022974088995916214,0.006648667190717053,4.0573242476860116e-07
2521,0.7492505007278611,0.8689276184792493,0.00978099717558593,0.0332146596610624,0.009783843703705622,-4.992721388541455e-07
2522,0.9101718402419514,0.9643952973126365,0.006387963870478516,0.021761948362887962,0.006388331186936752,-1.597580485679373e-07
2523,0.8434036937827659,0.931533159757711,0.009405931898730464,0.027010210574218374,0.009407618169130712,-3.062172341250502e-07
2524,0.9042029500211051,0.9529655897273732,0.010911448210156239,0.03457595072562941,0.010913790571543866,-4.997889491153984e-08
2525,0.9009573740732003,0.9602525401987525,0.011744777702832027,0.037785090501345195,0.011746169721437225,3.74073200304359e-07
2526,0.9091122182143481,0.9559927772951496,0.007528827878027339,0.021388779927238418,0.007530825540205014,2.182143480355947e-07
2527,0.9097756207083129,0.9552513480106212,0.012204194818945314,0.03408140250686907,0.01220590103791016,-3.7929168716921424e-07
2528,0.8917732601533178,0.9456019793622472,0.011246097399804698,0.032794268788816416,0.011249428932807407,2.6015331777706763e-07
2529,0.9295189441526999,0.9729968564645,0.008445140967285155,0.026169392968000065,0.008447515657703958,-5.5847300117761733e-08
2530,0.924781132577949,0.9633905693570239,0.006902624090976565,0.01711389416807573,0.006903218782219836,1.3257794906351705e-07
2531,0.8708444801625981,0.9374149212114274,0.012234260650878917,0.03554423130862368,0.012239442159968018,4.801625981265545e-07
2532,0.8103342821095183,0.9169207852532809,0.010793977804091805,0.037266158391135486,0.010794852386839908,2.8210951830143216e-07
2533,0.9038738406966857,0.9522802722364887,0.008304693712207024,0.025057553396501047,0.008305594131633547,-1.5930331420666022e-07
2534,0.855450394304052,0.9260212427682322,0.01364184853818358,0.04049987269564893,0.013643418770164574,3.9430405196494434e-07
2535,0.8868964046363498,0.9547205486171089,0.010199329504394518,0.032017933144075125,0.010202707735195967,4.04636349760068e-07
2536,0.9237196325154403,0.9622950309775071,0.00991987723095704,0.025521410913556565,0.00992164879691096,-3.674845596712828e-07
2537,0.9473816994131372,0.973939171749021,0.0052930805370703165,0.01507513053170211,0.00529344055169066,-3.005868627337094e-07
2538,0.9241771926303672,0.9651057218045944,0.005903915657568351,0.019666626081870326,0.005904230469070481,1.9263036721284266e-07
2539,0.9070761350976445,0.959696729542792,0.014413540644921882,0.03614934912200942,0.014417874490746455,1.3509764451580253e-07
2540,0.7911281788734744,0.9023188290492523,0.009861050730156237,0.0331185024877909,0.009861478587070635,1.788734743657372e-07
2541,0.9379860363774988,0.9709291454435733,0.005474914106347653,0.018070905276621974,0.005475669658959606,3.637749879104035e-08
2542,0.9263079805092702,0.963237324783013,0.011118768593164057,0.026080822374574285,0.011121036906577744,-1.9490729807891682e-08
2543,0.7021492257575898,0.8545919869585968,0.01725980780527343,0.0525933926857151,0.017261577035790187,2.2575758973353288e-07
2544,0.8900145234066749,0.9539328875029648,0.012352622821582032,0.03529689054873254,0.012353977034895052,-4.765933251382748e-07
2545,0.845501883390521,0.9326979860481748,0.008832749025195322,0.03497095003191941,0.008834446884854668,-1.1660947896174889e-07
2546,0.8472104433554843,0.9214752138664929,0.013031294148144518,0.03959153847692718,0.01303299953046938,4.433554843252807e-07
2547,0.8366203652370792,0.9299539028062085,0.011200505890742186,0.042548139971451966,0.011201390924960697,3.6523707913627135e-07
2548,0.9220122375389526,0.9644006021715558,0.006710347075488284,0.021375829986872184,0.006711162076997566,2.3753895250777646e-07
2549,0.8448345858022717,0.9283264013291181,0.01327834781562501,0.037587816153285436,0.013281942060560737,-4.141977283378395e-07
2550,0.8538890660770253,0.9334964124074253,0.016340810253613263,0.0413560048619204,0.016350629576788775,6.607702529581871e-08
2551,0.8436070317440537,0.9244623265552986,0.016008767708300772,0.043659966223052994,0.016015428565079558,3.174405371897393e-08
2552,0.8882667354932932,0.9485328483804164,0.012609273673046872,0.03818740367910436,0.012611533161633878,-2.645067068707263e-07
2553,0.8383364001839231,0.9450964554335185,0.009786886332587898,0.030202413275323386,0.009787659500039085,4.0018392311047535e-07
2554,-0.457949251493428,0.591747315802701,0.026113321924306647,0.07973903768493328,0.026114654448836525,-2.514934280273273e-07
2555,0.9317797089254767,0.9675187151551952,0.009282911334960946,0.028637026905010035,0.009283928029988616,-2.910745233730694e-07
2556,0.9306056226627676,0.9659535921828132,0.0074790648872070315,0.020725774872611614,0.0074807076401318135,-3.773372324600288e-07
2557,-0.14835544030658454,0.46145951420605136,0.023182731767285168,0.07875748530687493,0.023189129949696977,5.596934154472599e-07
2558,0.13105596107247186,0.8242295402110302,0.020182555267773426,0.05801540226866054,0.02018508022753312,-3.8927528145382695e-08
2559,0.9364602029686416,0.9687324187473041,0.007218281295244137,0.02009206672689042,0.007218719947330771,2.029686416715748e-07
2560,0.875599771696412,0.944177954139737,0.013227925182324237,0.033007524933600284,0.01323218106724595,-2.2830358803460626e-07
2561,0.8851482640200877,0.9578113135616267,0.010609543096972643,0.028339464859393947,0.010611763241263868,2.640200876813381e-07
2562,0.741333380407392,0.9496119943279643,0.012955058656669923,0.03993934537843269,0.01295606773780315,3.804073920310458e-07
2563,0.9207898366370738,0.9613387029012794,0.009679121392529284,0.024455524066969936,0.009680026503466636,-1.633629261865721e-07
2564,0.805850136762799,0.9056092442066426,0.01714195334355466,0.048635000045549055,0.017150907755314623,1.3676279908558797e-07
2565,0.9408079689485082,0.976395676670396,0.009168653969531251,0.025604310000005952,0.009170387307537069,-3.105149182225375e-08
2566,0.9423433791928919,0.9755135972961589,0.005720740444648434,0.018189221472786052,0.0057211921469569925,3.791928918639442e-07
2567,0.8888946917270915,0.9644329064277026,0.011720624521093749,0.02807598338428436,0.011721880525280785,-3.082729085335245e-07
2568,0.9046470431001807,0.9663360456746773,0.012419030718554677,0.0332882335390926,0.012420605510980625,4.310018075770472e-08
2569,0.8983273742774228,0.9479636761351214,0.011941954427246097,0.03500169510791155,0.011947508953191533,3.742774228321366e-07
2570,0.8631871692265993,0.9293703712998664,0.011425407876191397,0.03678618260075257,0.011426498186706593,1.6922659928919614e-07
2571,0.9295183815241896,0.9651146499173289,0.008477176998339844,0.022971119846406176,0.008479545246291909,3.8152418968540047e-07
2572,0.6982361191623441,0.8489657160346995,0.026226168882519534,0.06646501934769394,0.026232018504601974,1.1916234410325188e-07
2573,0.5933502032169746,0.8856256083247157,0.012731566181249997,0.042442682680709554,0.012733331470478405,2.0321697458136612e-07
2574,0.9182890137563278,0.960689244255773,0.007340584284619144,0.02663785314956403,0.007341159638021797,1.3756327743585928e-08
2575,0.9519934245322437,0.9775266332268008,0.006815997658564452,0.02047484343960731,0.006816519326584019,4.245322436924326e-07
2576,0.8569167433062836,0.9610694708074237,0.012073338767968738,0.03256833987579344,0.012077577416710528,-2.566937163939187e-07
2577,0.9242699517960573,0.9701442377217804,0.009415630257988285,0.028302769114623486,0.009416560466887408,-4.8203942726310345e-08
2578,0.9393561005784334,0.970001031403007,0.005715395004355469,0.01804750936553813,0.005715689599056526,1.0057843347066608e-07
2579,0.8704712525856901,0.9396461600801478,0.012264429662011729,0.032266838347942695,0.012268298185219918,2.5258569014141585e-07
2580,0.8242707326589674,0.9101145136271673,0.015599901554882828,0.04342812270217088,0.015604424790771619,-2.673410325337855e-07
2581,0.8727699035120562,0.9689297835152322,0.017284416487011713,0.04757726926391789,0.017292417707706727,-9.648794385697101e-08
2582,0.8390213853707209,0.9555510300044974,0.01322112784814451,0.03549711061702101,0.013225259401988855,3.8537072089006585e-07
2583,0.8379529012477633,0.916925943227768,0.010453283680371099,0.03836867554021803,0.010456389185087874,-9.875223661026666e-08
2584,0.8107564700643886,0.93531608092002,0.01965364831367189,0.056031311276807175,0.01966176447573424,4.7006438852470467e-07
2585,0.8300894673383026,0.9279736686345521,0.013098137439648421,0.03810585312721732,0.0131018554973033,4.673383026121414e-07
2586,0.8871574160273797,0.9462758403972685,0.014744006748730455,0.037522620872367116,0.014746004496130777,4.1602737976820237e-07
2587,0.897657960123383,0.9565379120794397,0.013338484278222653,0.03577885810735064,0.013343242685384522,-3.9876617008438586e-08
2588,0.8321717798197399,0.9185673229731407,0.009827454772929681,0.03238310874981566,0.009828302231557805,-2.2018026013537195e-07
2589,0.880010778951301,0.9419552995623223,0.011928117013671885,0.03463878530870101,0.01193016774627758,-2.2104869901173885e-07
2590,-1.590691860931774,0.503253647677553,0.03624263253574221,0.09391925551602967,0.03624993711557062,1.390682260460352e-07
2591,0.9359310933969999,0.9681055331852103,0.007005622685156243,0.02246224255585719,0.007007077917901064,9.339699991173234e-08
2592,0.8840688012340712,0.9420711068370878,0.01318254367167968,0.03447493140945156,0.013186293477735382,-1.9876592882717148e-07
2593,0.7349190588656329,0.8635751206667754,0.010566321283906258,0.03817625109176956,0.010566817707507411,5.886563292367697e-08
2594,0.8963111981108531,0.9474047386749755,0.012020142407421865,0.03282567294071657,0.012022115783628226,1.9811085316678856e-07
2595,0.8494349027427545,0.9458585645312413,0.009411342997392583,0.03615382146867164,0.009412093652804002,-9.725724559039861e-08
2596,0.8781281696902711,0.9371837856441222,0.014275363733300777,0.03570865049703602,0.014278122587842506,1.6969027105684376e-07
2597,0.5994861742025293,0.8616128577431812,0.011337425921738293,0.03708562667532145,0.01133796192581579,1.74202529290568e-07
2598,0.8607488301503917,0.9298911254448872,0.01666020312607425,0.046649215690975375,0.016662460017960023,-1.6984960826693651e-07
2599,0.8972440192743092,0.9649339968416732,0.007247829592929694,0.024061448242166623,0.007248277075679997,1.9274309148720192e-08
2600,0.625458485495033,0.8970106982723303,0.014170573938183578,0.04251185776178687,0.014175189269243167,4.854950330646091e-07
2601,0.8841332186075246,0.9484336396259836,0.015355986813769524,0.042391586702633724,0.01536554154695791,2.186075246379815e-07
2602,0.9055644087830157,0.9562463663574085,0.006774575433085935,0.026393198481896397,0.006774957221979266,4.087830156596084e-07
2603,0.9099401202765607,0.9558202744114708,0.010634106699121092,0.028933197609647535,0.010635678022700707,1.2027656071111892e-07
2604,0.8914933361281159,0.9539601914141705,0.013676041839257832,0.042386724637640504,0.013677677701820878,3.361281158964502e-07
2605,0.8966907749205967,0.9470235410438823,0.006738110988789063,0.019338317791166314,0.006738687372709778,-2.2507940333760246e-07
2606,0.881599814804252,0.9392335393620239,0.010043469994824217,0.029604452262746488,0.010044852884788145,-1.8519574807029926e-07
2607,0.9058281217788107,0.9534310513389229,0.010362220121582043,0.03027438693279901,0.010365364644633165,1.2177881070218888e-07
2608,0.9148339396198544,0.960210485462678,0.008160164144726565,0.026216837983388287,0.00816157267383556,-6.038014566112082e-08
2609,0.830542763299371,0.9386452894924691,0.010507077500292963,0.02858339196833255,0.010508602485566742,-2.3670062898606403e-07
2610,0.9112671149753112,0.962034504413374,0.008512732174101563,0.02501051614203437,0.008513322033495368,1.1497531116066995e-07
2611,0.908490136063378,0.9538109567177303,0.010622887433398445,0.030282732320045642,0.010624427158317951,1.3606337800897705e-07
2612,0.8434566435250985,0.9291521158152573,0.010284143827246083,0.027809996609020164,0.010285410278041945,-3.56474901486159e-07
2613,0.8757065393873441,0.9378362685016745,0.012629068946484388,0.038529575789318704,0.012633897569072917,-4.6061265590591205e-07
2614,0.9460723645181154,0.9808652395931523,0.007004170416093748,0.02556024172741309,0.007004830658228695,3.6451811535886947e-07
2615,0.8060076674789238,0.9284560221615599,0.013135211205244132,0.03848307813862636,0.01313611713033716,-3.325210761184749e-07
2616,0.9204447067860185,0.9611792228282406,0.012819709408691392,0.033174341888919996,0.01282366744518965,-2.9321398142823085e-07
2617,0.8099412370744196,0.916742460988867,0.011412545791894513,0.03559129691903944,0.011413196223784181,2.3707441954012864e-07
2618,0.8842954705927006,0.9410824126748791,0.011435084016992184,0.041310119461123826,0.011436482434611192,4.705927005854704e-07
2619,0.90935424911278,0.9682655571825833,0.007077786181904281,0.022244388800803417,0.007078227664978636,2.491127799597592e-07
2620,0.8643319406639085,0.9726489801723573,0.009968063213525401,0.03140252879612934,0.009968858113523691,-5.9336091484674114e-08
2621,0.934129605676118,0.9779796884614913,0.007699257063740239,0.027072753336418197,0.007699997307447389,-3.9432388199145407e-07
2622,0.8887319751125116,0.9429360321236282,0.01631343144511716,0.04007581288672981,0.01632259768385973,-2.488748840345778e-08
2623,0.8615434430943654,0.9312657962689457,0.010382013760644527,0.03464635719145234,0.010383152551590297,4.43094365421004e-07
2624,0.8876653285483311,0.9584381216494006,0.010009630649511738,0.03195013077763081,0.010011529281977806,3.2854833109663417e-07
2625,0.8398293944376745,0.9211959847897475,0.0145499870946289,0.043079350043611866,0.014552277812336173,3.9443767441138533e-07
2626,0.8920580864558657,0.9457140794715722,0.008919861017597664,0.029293073697175712,0.008920457013580178,8.645586568878372e-08
2627,0.7658818702784068,0.9122291518143687,0.02417714244628906,0.06302238886685062,0.024190126353887762,-1.2972159313395792e-07
2628,0.877614096012789,0.9534931022967745,0.008386924162216793,0.027055375417409037,0.008387385875144267,9.60127889415574e-08
2629,0.8692798670972088,0.9352647660787207,0.012592643060253907,0.03757067864456961,0.012595293897295764,-1.3290279121669357e-07
2630,0.925135490107629,0.973874561092119,0.008403620721054697,0.02749654952289576,0.008404345095088268,4.901076289254291e-07
2631,0.9088027504546601,0.95361498358616,0.009815108525214852,0.028223426060651705,0.009815748059187852,-2.4954533994758776e-07
2632,0.8064367464715535,0.9640899330588227,0.01067659502539062,0.03302329199410674,0.010677745622954614,-2.5352844645887274e-07
2633,0.8316401973178952,0.9254350939415299,0.01474749637011718,0.03923091838226858,0.014752106757529469,1.9731789513421916e-07
2634,0.7102716390991635,0.9341792070136898,0.012344412312304674,0.036985515488604515,0.012346267179681574,-3.609008365490496e-07
2635,0.9495387122824315,0.9749624439757038,0.005981442746484374,0.016151302670998985,0.0059823898180182255,-2.877175685478406e-07
2636,0.8932536304664705,0.9558893841152998,0.011894343079882807,0.02995627808908109,0.011896190647511795,-3.695335294429114e-07
2637,0.941595429627617,0.974095081171343,0.00842703023017578,0.024186651725171652,0.008427680037343165,4.2962761703790875e-07
2638,0.8910030821003904,0.9449231711588154,0.008461244326591805,0.03176048073698679,0.00846207063975081,8.210039037503947e-08
2639,0.8473962272768726,0.9214107294494498,0.010280703793857407,0.030880540197090467,0.01028140851388057,2.2727687254420204e-07
2640,0.8955814813459291,0.9466342284768334,0.007550161977343748,0.026209611329973077,0.0075506945701156675,4.813459291153066e-07
2641,0.9293070715351802,0.9663816152783887,0.012667234591992193,0.02781555722442396,0.012669440877566324,7.15351802238473e-08
2642,0.8232265473956472,0.9191411103976637,0.01706230762099609,0.04353405169887663,0.01706807938661678,-4.5260435288518863e-07
2643,0.8306215116636583,0.9256268154427097,0.013256808220019524,0.030552174866209,0.013260046493101734,-4.883363416974262e-07
2644,0.8168451962776255,0.9074825372347399,0.02033761066005861,0.05259541943910043,0.02034621722388313,1.962776254860188e-07
2645,0.9109705478356663,0.9726794735284281,0.009351280397558592,0.024309091019092212,0.009353462626799008,-4.5216433364192454e-07
2646,0.8961695044298024,0.9468574011401221,0.012709881429980467,0.035514688544986635,0.012714448204215011,-4.955701976561144e-07
2647,0.8507924180103578,0.9265331433906117,0.016734350275878877,0.044321118821571276,0.01674085421660209,4.1801035777222495e-07
2648,0.8599344511987161,0.9468285806071564,0.009111964684082043,0.028776404637333945,0.009112988106364442,4.511987161670561e-07
2649,0.7632641086188299,0.9216879583352047,0.014230187984277354,0.038647770906235106,0.014234132421793716,1.0861882981938464e-07
2650,0.8739509613362162,0.9392255435585612,0.009998947173730455,0.029061192865256748,0.01000128366061758,-3.86637838412085e-08
2651,0.9573944511998229,0.9789543512140099,0.00746720291621094,0.02075879700421803,0.007467955134206583,4.5119982294838934e-07
2652,0.8891830918471301,0.9487031828226155,0.010072617498730466,0.0364481175060849,0.010073722864163415,9.184713012366785e-08
2653,0.8776625707421157,0.9462464164107881,0.011126913803222652,0.03309263503045392,0.011129704490925027,-4.2925788423797684e-07
2654,0.8225428419179905,0.9155507880975146,0.014682932427539057,0.04437247281317665,0.014686449544350519,-1.5808200948264073e-07
2655,0.9022610745868407,0.9519000998133241,0.011432743880078136,0.03309211034681617,0.011434016742263525,7.458684070371646e-08
2656,0.8583298989985106,0.9305845293985012,0.014846518333203117,0.040540005575546226,0.014849194863454266,-1.0100148939429232e-07
2657,0.8997412878422536,0.9546697564372103,0.008559876666601548,0.02447199839704804,0.008561574872956905,2.8784225358791105e-07
2658,0.942469884769563,0.9750057272656771,0.00593602679263672,0.0192058059898878,0.0059364228350903755,-1.1523043708105973e-07
2659,0.8564446858907202,0.9261175523855681,0.013107010804589847,0.03766760116260601,0.013111914201584241,-3.141092798086831e-07
2660,0.8427727465140145,0.9190504141604838,0.014681462729785155,0.04125003433829986,0.01468781318206818,-2.5348598553520674e-07
2661,0.8967661204767183,0.9513212366050021,0.009756302764453125,0.030415643302291115,0.009757685801274764,1.204767183793365e-07
2662,0.7969835387063772,0.9112682395997941,0.013873948937304694,0.04712856227309689,0.013878855002905265,-4.6129362285540765e-07
2663,0.8465384167845151,0.9282198475852886,0.012650765641601568,0.038366870725839886,0.012652113783790166,4.167845151226146e-07
2664,0.9215455605270388,0.9625908428825274,0.009353665936406245,0.024533680084547586,0.009354547424016193,-4.394729611334469e-07
2665,0.9186186015586791,0.9624430405057541,0.008054592980224609,0.021220169862886853,0.008055228052632127,-3.98441320825782e-07
2666,0.952853800156727,0.9764883225085346,0.006599835319277344,0.01673665397746898,0.00660043606159573,-1.9984327292998927e-07
2667,0.851235928306684,0.9366953404473752,0.010148742702392577,0.032106132023834354,0.010149537577941832,-7.169331595058281e-08
2668,0.8042376069901626,0.9094043572880692,0.0168103260694336,0.05004068469654553,0.016813394643419164,-3.930098374516078e-07
2669,0.8775224062215121,0.9556631831781579,0.013077489690039062,0.03804251593542778,0.013082499995797702,4.062215120947954e-07
2670,0.523648797879116,0.9275199667213215,0.015579492081845694,0.0507835931803222,0.015580577479716562,-2.0212088402971062e-07
2671,0.9309915076581254,0.9664190661083438,0.00984484321328124,0.024785688955437007,0.009846748618219357,-4.923418746027863e-07
2672,0.8674073154656572,0.9359515707132239,0.008768833750683594,0.02333241483546193,0.00877073719273356,3.1546565715245833e-07
2673,0.9238030326697819,0.9712342751497692,0.008604944594248029,0.024394245536558303,0.008605672104170754,3.266978187976832e-08
2674,0.5081427186020084,0.7416402548347784,0.022673004575390603,0.0723843926816754,0.022680540416285425,-2.8139799157500534e-07
2675,0.816008887069667,0.9598403153092947,0.0096248082854492,0.03091006935421644,0.009626621929468764,-1.1293033297388178e-07
2676,0.9003888776933733,0.9525859773185239,0.00909470613847656,0.025029676664828998,0.009095675088919404,-1.2230662671530723e-07
2677,0.9099835695440515,0.9597049456489473,0.011882576745800776,0.03611970801355127,0.011887086385424073,-4.3045594855239955e-07
2678,0.9237803009602853,0.9680622042028735,0.008926115595898454,0.0299020301102205,0.008927008642237912,3.0096028524884133e-07
2679,0.9087540824700765,0.9540741619847096,0.011069855365039046,0.03332391283154379,0.011071884219176526,8.247007654560434e-08
2680,0.5745613972257675,0.8463576261591949,0.016045123798925778,0.044692213995138806,0.0160485149721081,3.9722576750111926e-07
2681,0.48203165931521075,0.7062893526735875,0.01508058669981445,0.06447725793045979,0.015081737931853741,-3.406847892684084e-07
2682,0.9202422668218186,0.9616299748478488,0.01161058178134765,0.028691899031814353,0.01161183907180209,2.6682181863968424e-07
2683,0.7519761174574382,0.8724582006928141,0.011874184479882801,0.04129348953806298,0.011876122931545607,1.1745743822011434e-07
2684,0.73586681191815,0.9167229974837173,0.010481679130390614,0.040399674221357124,0.010482371303171095,-1.8808185009433487e-07
2685,0.7052171232766948,0.9539715623637095,0.012716684705478506,0.04387166359536627,0.012717567292566921,1.232766948522368e-07
2686,0.6604459792279007,0.9609199232835833,0.016186938240039084,0.04727158186192638,0.016190633815350908,-2.077209926287793e-08
2687,0.8432144749372059,0.9211440290047891,0.012075159898535165,0.036456026727722975,0.012077251302858303,-5.25062794132225e-07
2688,0.22358022750570228,0.8764254667933354,0.015612184663769542,0.05955083795157085,0.01561488805997043,2.2750570227714206e-07
2689,0.6758780246071118,0.9425233416263099,0.0115084229430664,0.04140782392757853,0.011509730626866436,2.4607111792640524e-08
2690,0.9631613052505728,0.9832061736791359,0.007272402871132821,0.018784819551645755,0.0072730579811390765,3.052505727074717e-07
2691,0.8611714287282407,0.9318860862520237,0.011744678996972655,0.043026451391076435,0.011745919702026493,4.2872824068673765e-07
2692,0.9346569159616536,0.9815093603293975,0.008164824924541032,0.022382557932357106,0.008165557601243809,-8.403834639292285e-08
2693,0.9596266339151606,0.983380891827733,0.006240581796503906,0.014861633448736603,0.006241190550621598,-3.660848394426708e-07
2694,0.8915286556552857,0.9518352572795908,0.013539233457128898,0.035082714207881324,0.01354432995688363,-3.443447142981171e-07
2695,0.8435587873111527,0.919205309824024,0.014337475938281259,0.039341348832356154,0.014340775726396584,-2.1268884720093695e-07
2696,0.8994376341240442,0.949117459803471,0.008935326652333972,0.02770261418067817,0.008935914423096325,-3.6587595575454657e-07
2697,0.8920340869568152,0.9635714152106134,0.006079658016718758,0.02445159675502649,0.006079995110738882,8.695681519288456e-08
2698,0.9099463890399258,0.9542357664045763,0.00783499463896484,0.02081125724681463,0.007837524656975566,3.8903992571892587e-07
2699,0.8950707678564412,0.9477705530570062,0.01283768499453123,0.033481633038090305,0.012839573525030434,-2.3214355870937453e-07
2700,0.07373896184191331,0.8453703700628927,0.019504704320312503,0.05900150302130539,0.019505573800380118,-3.815808669038745e-08
2701,0.8177009797131598,0.9624798995631128,0.010814872953906263,0.033595341183507196,0.010817046040043658,-2.0286840207717205e-08
2702,0.961044868696521,0.980952248524228,0.005653660304453119,0.014025766118795649,0.005653967742793832,-1.3130347908951734e-07
2703,0.8948019931226848,0.9525084717383299,0.007048063794550785,0.029345996489408478,0.007048626127810956,-6.877315161801789e-09
2704,0.8320966062980955,0.923132018001273,0.013962779033789058,0.036917781329250915,0.01396752055586686,-3.937019045219259e-07
2705,0.8940984843881918,0.9458041484956581,0.01537643893828127,0.036508654369689954,0.015381187595399378,4.843881918903392e-07
2706,0.5109764992139634,0.752893175582717,0.020560021937597678,0.061664539581175036,0.02056371928609983,4.992139633896997e-07
2707,0.8441349401052065,0.9385712383487287,0.009873376305761723,0.03318059848781433,0.00987568168094305,-5.989479345824833e-08
2708,0.5835031037001712,0.9030387215407629,0.014839172009277358,0.0453023460219622,0.014840856624594528,1.0370017122784958e-07
2709,0.9362671212407715,0.9677437617080936,0.00963101177402345,0.02639068077121293,0.00963296441251513,1.2124077153341517e-07
2710,0.9389508772381433,0.9795273216382783,0.008540986518749984,0.019648129289834393,0.008542080705473246,-1.227618566801425e-07
2711,0.9428107394359486,0.9738880601883434,0.007543099757324219,0.020376182119952187,0.007544652409066743,-2.6056405133534355e-07
2712,0.9105809702695135,0.9686195884358971,0.010410847662207028,0.028721490478526714,0.010413306393798215,-2.9730486517109966e-08
2713,0.9348046212016,0.9732237656506657,0.011406877501171881,0.03037666386253752,0.011409608743581568,-3.7879839998034015e-07
2714,0.7898160341330686,0.8995244742612525,0.020820886667773427,0.05673194897527902,0.020828829491954227,3.413306859378906e-08
2715,0.9469956584467557,0.9732895404709764,0.007974412101855462,0.021534469087506197,0.007976065749258205,-3.4155324424300915e-07
2716,0.9224014399161754,0.9617588105283328,0.007646610888154293,0.02703235376267661,0.007647223057077847,4.3991617537653127e-07
2717,0.5117407579627284,0.8420920034920307,0.017242124347460953,0.05611551845160096,0.017243323602339572,-2.4203727155835963e-07
2718,0.8822258165742043,0.9394570707073384,0.006945171694052733,0.02526501242541831,0.006945587501372325,-1.8342579566343886e-07
2719,0.7658643584890175,0.9336868022582552,0.014710918219433596,0.04495381140966946,0.014714366738751393,3.5848901747126405e-07
2720,0.825452548995236,0.9282446399409215,0.013305465014160155,0.03897786552292233,0.013306944713144895,-4.5100476397941236e-07
2721,0.9060430947092839,0.9521577338580116,0.008286398083984375,0.024977183209218053,0.008287436139229148,9.470928385990618e-08
2722,0.8544691987222914,0.933712421298906,0.010478542434472654,0.032220025728492876,0.01048134038846026,1.9872229140016628e-07
2723,0.8160710546834984,0.932840801923117,0.013108667598535167,0.03825541881652508,0.01311244967877955,5.468349839610198e-08
2724,0.9343330678557568,0.9688089792144279,0.007673880004492187,0.02204309409447458,0.007674429260401326,6.785575679124634e-08
2725,0.8159962821184765,0.9048037756390427,0.015544301155371096,0.04048239798179434,0.015546739636608313,2.8211847646897326e-07
2726,0.5453140704505821,0.8908994175970806,0.0162723565241211,0.0499875772186479,0.01627588829585356,7.045058214583122e-08
2727,0.8175316472419569,0.9073376239894514,0.01186837778010742,0.03969298461550224,0.011869481566996722,-3.527580431095245e-07
2728,0.8397460037740607,0.9398774231557021,0.012613713717382818,0.03344145610593545,0.012616715293249644,3.77406073059916e-09
2729,0.861712310534436,0.9336126882371205,0.013868778857324213,0.039053001287710505,0.013871089912679019,3.1053443594331043e-07
2730,0.796669420524029,0.89733397246282,0.014938475017382833,0.04244521482172576,0.014940468358236673,4.205240290433565e-07
2731,0.8571301113894565,0.9279834355781418,0.00821659993134766,0.025875711446106675,0.008219915313356547,1.1138945654742827e-07
2732,0.769999957895334,0.8837871155698643,0.011406247959277329,0.03715399332797196,0.011407417382685123,-4.2104665975983835e-08
2733,0.8006192237398139,0.8974729874801434,0.010630743234042976,0.03786623862684703,0.010631391123775728,2.2373981389822717e-07
2734,0.8312371200400094,0.9386454940348472,0.013574192111035149,0.04046870897390305,0.01357563475029803,1.2004000937704262e-07
2735,0.9170535388388215,0.9586896324171768,0.009841374954296869,0.025326358894545237,0.009842491305408714,-4.611611785776404e-07
2736,0.7794489172057784,0.941441543338169,0.01237181856347657,0.03806335332485241,0.012373218954499266,-8.27942215897437e-08
2737,0.7456314617814267,0.8948418177301091,0.01398500883984374,0.036508438200742524,0.01399008927920909,4.617814266527631e-07
2738,0.852191138344824,0.9459443715279976,0.010110411546708989,0.03255179030021878,0.010111225804026323,1.3834482393004777e-07
2739,0.8726382115191811,0.9383085497555892,0.013837064606835956,0.04091438851283208,0.013843173319589789,2.1151918105921652e-07
2740,0.9527043168532268,0.9797429365852978,0.00745846029101563,0.018755601461126106,0.0074601010066962445,3.1685322676722194e-07
2741,0.92060005680575,0.9619175955655661,0.008639749091113293,0.024933544521690863,0.008642324310169659,5.6805749992783205e-08
2742,0.9379108820039689,0.9688310293805475,0.009300068664648428,0.02664719096762264,0.009302931888464797,-1.1799603116813273e-07
2743,0.8536893032606416,0.9725963077602203,0.011280767519824217,0.033688703126273416,0.011282161729883229,3.032606415986905e-07
2744,0.9040856514789373,0.9667011829979385,0.011249565516015627,0.03737281150055092,0.011253096013970737,-3.4852106267635463e-07
2745,0.7578606233761276,0.8858467299069136,0.015330362128027353,0.049145462172069755,0.015339086801191741,-3.766238724223214e-07
2746,0.8979695195886186,0.9564432323769522,0.007503233201123047,0.024665915531009865,0.007503761064450767,-4.804113814538269e-07
2747,0.8853411918473166,0.9504206438135666,0.012363199990722664,0.03551389169963049,0.01236831172366938,1.918473165885004e-07
2748,0.891083505393476,0.9465889257970561,0.008950453634179682,0.02471073185531206,0.00895210383277264,5.053934760690382e-07
2749,0.8930393005983878,0.9624117282085013,0.00933560862098634,0.027681248652716175,0.009336336869173276,3.005983877368834e-07
2750,0.9378290692383673,0.9697788348556371,0.003924175756552732,0.013748119485470995,0.00392442381047335,6.923836726180355e-08
2751,0.9182658483106689,0.9617279357728007,0.01144370397812502,0.027703483060922893,0.011447715463682371,-1.5168933109599436e-07
2752,0.8759277252845035,0.9378309538146978,0.013559761495410171,0.040344722668175445,0.01356130576876263,-2.7471549657320793e-07
2753,0.8291059167205731,0.9128016356880545,0.00882156025799803,0.02861168460540971,0.008821957189787483,-8.327942691011003e-08
2754,0.8740389619222994,0.9388014585836757,0.009353731874511722,0.02639426245589597,0.009355045577368024,-3.807770065922256e-08
2755,0.6485517765066678,0.8669281393765237,0.025510656453515603,0.07247464736337556,0.025527517008350622,-2.2349333217430711e-07
2756,0.8173779140006909,0.9264665937495453,0.013216695761035162,0.05142757421285605,0.013218191567282033,-8.599930911845632e-08
2757,0.7743666489474907,0.890761335435451,0.013032290427246102,0.04380629666992657,0.013033376770538964,-3.5105250928424425e-07
2758,0.9247481864208941,0.9635955375741626,0.008538015349023445,0.0254602479518084,0.008538978384398512,1.8642089405496165e-07
2759,0.915346041756146,0.9576998257424044,0.010669524997949207,0.02851770911573001,0.010673098877637214,4.175614598533883e-08
2760,0.9012969105026716,0.9533023566171053,0.011136116043945305,0.03587752350156221,0.011137414476023422,-8.949732843710478e-08
2761,0.7746636454174586,0.8837240181582372,0.015599078873828134,0.052939452774534164,0.015605260791775022,-3.5458254143971857e-07
2762,0.6798583273237637,0.8853286460226927,0.01335045451601562,0.05227428109497426,0.013353266807478142,3.273237637602122e-07
2763,0.7389868853789378,0.8690706309527322,0.018661235337304696,0.055219118376267654,0.018665914079330076,-1.1462106219717327e-07
2764,0.9009455967873893,0.9623502586500614,0.008822915771699226,0.029873769405797976,0.008823718246255163,-4.0321261074449666e-07
2765,0.8836035514749883,0.9571823133129173,0.008886080645800782,0.0265145343572022,0.008888666568678141,-4.4852501168701764e-07
2766,0.9093063089471618,0.9606365912288297,0.00985456813193358,0.0269556292803374,0.00985766107758788,3.089471618533679e-07
2767,0.8404902566193395,0.9186558080097852,0.013862329755664062,0.03693047173169698,0.013867012881653415,2.566193395558969e-07
2768,0.9613766871665804,0.9851460310228373,0.006148733938544921,0.017462498358051498,0.0061492301891077185,-3.1283341961341193e-07
2769,0.9413598748928504,0.9709414834663206,0.008047195437597646,0.024283910823867334,0.008048501778653436,-1.2510714952895796e-07
2770,0.9002313154147885,0.9537642519112315,0.008185438758085925,0.02586995554733652,0.00818601550233466,3.1541478850982685e-07
2771,0.9262345862501641,0.965964951014303,0.00699792726236328,0.02280030513694208,0.0069984061682662425,-4.137498359479963e-07
2772,0.8718480451141863,0.9341607442469262,0.009940446238574211,0.03581298111256074,0.009944143983430666,4.511418638664111e-08
2773,0.8723281827076279,0.9380445871818286,0.010265355002539072,0.03365350883758333,0.010268573477416668,1.8270762791594564e-07
2774,0.9173986731739564,0.9579385648031282,0.008992599483984391,0.022404165501976617,0.008993838645179702,-3.268260435618231e-07
2775,0.8455349315482764,0.9430292766823792,0.010284806741582045,0.0324120679869221,0.010285625760041538,-6.84517236226867e-08
2776,0.9230701722195119,0.963507589153224,0.01365655683603515,0.03192574814090205,0.013662285045512066,1.7221951198465035e-07
2777,0.859713128063101,0.9337511775794839,0.013963919752148425,0.03805192270496071,0.013968611494455654,1.2806310101254326e-07
2778,0.784652766141278,0.8953618496181182,0.011365852516699223,0.03686309770638443,0.01136770200771277,-2.338587220540589e-07
2779,0.8767233066549944,0.9559313044134279,0.0094491290402246,0.026083218908427203,0.009450053208367113,3.066549943975261e-07
2780,0.856093100804782,0.9253084070479186,0.009165528357519534,0.028417521239072378,0.00916754804261046,1.0080478196616838e-07
2781,0.8369482836149282,0.9190404325948532,0.01793242738789061,0.04610370528641172,0.017937537176974803,2.836149282092748e-07
2782,0.9380502744678171,0.9717453794319431,0.005963216759072266,0.015433547180549569,0.005963704528437987,2.744678170296666e-07
2783,0.714728494396216,0.8589877539596784,0.023284822147949205,0.0565482510545362,0.023295629395769853,4.94396215966475e-07
2784,0.9128652658160492,0.9593401937825075,0.006705997582519533,0.019987171357953207,0.006708617896216721,2.658160491719741e-07
2785,0.9147338386389448,0.9573780093771134,0.008471765940625023,0.024318530457346273,0.008473321806043724,-1.6136105529529488e-07
2786,0.9399306809389187,0.9695791110605108,0.009262034977636715,0.025495447211068965,0.009263154576225093,-3.1906108122203847e-07
2787,0.8846540117434227,0.9414315733719792,0.01112945363007812,0.02878379628758878,0.011132456483304487,1.174342267873385e-08
2788,0.872538178384426,0.9356464752815945,0.009811839629785164,0.03095219077181064,0.009813231274533223,1.7838442600837112e-07
2789,0.8248944966717757,0.9543748314908097,0.018424971046875006,0.050078551343023116,0.018430452110359874,4.966717757071137e-07
2790,0.8879225516487435,0.9565920022921361,0.011785560905566395,0.029183578399960206,0.01178784846015371,-4.483512565656156e-07
2791,0.7804615230268093,0.9286281310904423,0.020121978547363282,0.054765106992379464,0.02013468104648397,-4.769731907217079e-07
2792,0.7263966176640175,0.9408716310220234,0.008443916825097663,0.03207946274792897,0.008444294702894584,-3.8233598242953803e-07
2793,0.8083565058023431,0.939552990649001,0.009202730942871095,0.03466330639171452,0.009205150231249721,-4.941976569083906e-07
2794,0.9386722084265626,0.9692178340553886,0.0073623040284375,0.022560921197825566,0.007362897113113265,2.084265626756121e-07
2795,0.7690057745999133,0.8794629198044944,0.015856651785546863,0.048602029082803304,0.01585950751507996,-2.2540008670635103e-07
2796,0.805770898993123,0.9201034091939745,0.01976564461904298,0.04980633740117761,0.019772008673041387,-1.0100687697356392e-07
2797,0.8405027781083177,0.9288363754249835,0.014127729913476574,0.03796318585608972,0.014131270052400688,-2.2189168225050793e-07
2798,0.8229275389039137,0.9128447218989213,0.009420963630117175,0.035887014920660903,0.009421665371865118,5.389039137160268e-07
2799,0.9406512902204589,0.9700013042970341,0.006366384874531248,0.019715847617800857,0.006366809339013639,2.902204588872692e-07
2800,0.872245807444755,0.9343740416417697,0.009117381078125006,0.03028425923041796,0.00911834845647844,-1.9255524497108212e-07
2801,0.7228930403083276,0.8565053576737821,0.01753149823662111,0.05035374331361662,0.017537585279930545,4.0308327564630986e-08
2802,0.8825463485402596,0.9478535269681154,0.01140603292392579,0.030905238084861415,0.011408305328292505,3.485402595426734e-07
2803,0.6350755536553341,0.8221042979698077,0.024948948659765647,0.06693199007815953,0.02495298429343893,-4.4634466589421606e-07
2804,0.6465992375795322,0.9070809626855293,0.01567272948808593,0.046828949330089326,0.015676237400487254,2.3757953215852723e-07
2805,0.949479471537874,0.9755863869365433,0.006113116469716804,0.018856405837962675,0.006113530023979288,4.715378740804965e-07
2806,0.8702905017621969,0.9493501719227853,0.008608568019921879,0.026008120736791835,0.008609868424314148,-4.982378031259671e-07
2807,0.9321921505590709,0.9657079666974621,0.009487051870410155,0.027916801208652187,0.00948803684818426,1.5055907087724307e-07
2808,0.7000902240356083,0.9408170151809171,0.016127367145605438,0.045122714019978825,0.01613308607132827,2.240356082872097e-07
2809,0.9008173968185533,0.9613454273317064,0.00978157641796877,0.031560596118465054,0.009784629686222318,3.968185533498314e-07
2810,0.7157425846071855,0.8990002884908962,0.012605610180761713,0.042828128096998604,0.01260759613686975,-4.1539281447899867e-07
2811,0.8170401045772957,0.9260182146280408,0.012781481274511697,0.03694521921811086,0.012784910615833369,1.0457729571200503e-07
2812,0.9126662465258499,0.9644217745653115,0.009531277351074214,0.03226894533884826,0.00953415708029488,2.4652584995621396e-07
2813,0.7850816005815882,0.945520024527426,0.011503595982128896,0.034365729489655175,0.011506205763339728,-3.994184117894761e-07
2814,0.8953775631549048,0.9494610811176296,0.01163218835693361,0.032011766038212985,0.011633819138001714,-4.368450952085823e-07
2815,0.83215289797088,0.9460241074685302,0.010547688731992185,0.03516948961405364,0.010548492534085286,-1.0202912004153575e-07
2816,0.8824491698457051,0.9442709617146968,0.012288402380371101,0.034399809919501714,0.012293355984477039,1.6984570505584884e-07
2817,0.8500827862888303,0.9234700279113159,0.010830190294433596,0.03359125858451759,0.010833542228149674,-2.1371116976087734e-07
2818,0.8136772820331558,0.9081084121483596,0.015142092564843784,0.04591478299380406,0.01514477589503418,2.820331558295308e-07
2819,0.8164722952116433,0.9124493013456918,0.015078740161914054,0.04606957801306044,0.015083939609472984,2.9521164335299943e-07
2820,0.8428577791835967,0.9200785161661265,0.010880284147656268,0.028185188754032853,0.010882944054542404,-2.2081640327353824e-07
2821,0.7421378221177795,0.9380190230350258,0.012440872491015643,0.04279373491403191,0.01244408717703372,-1.7788222050896252e-07
2822,0.8599234093187569,0.9276297610271163,0.007806715537695312,0.030317369367811504,0.007808675139558067,4.0931875688876573e-07
2823,0.8263159102704255,0.9607311649130341,0.010788077343750006,0.028859812757631376,0.01079036909621487,-8.972957454833619e-08
2824,0.8472016596592651,0.9517733407586234,0.011351993953808608,0.036499874845337926,0.011353092847253308,-3.4034073492783534e-07
2825,0.8867325222116443,0.9423829343712187,0.012691977745019517,0.03869573865733119,0.012698058465546717,-4.777883556572604e-07
2826,0.8381416518056869,0.9678356920679255,0.011766846616796884,0.03133654037804789,0.01176936430626298,-3.481943131600218e-07
2827,0.8717769278718013,0.9351955892387331,0.01063678705957032,0.03802357701300782,0.010639201169854087,-7.212819874702348e-08
2828,0.9623057326924614,0.9813034397969275,0.008532138091767562,0.019848533601051793,0.00853292659826752,-2.673075385484225e-07
2829,0.7647433451930283,0.8778345635851715,0.012379230899707029,0.03955410193203524,0.012382465619492425,3.451930283837612e-07
2830,0.8874948575942431,0.963999002188121,0.010514000745712898,0.02658288319675373,0.010514933653969832,-1.4240575696433666e-07
2831,0.8915422600654614,0.9462810438590272,0.010692387041308595,0.03356418429031145,0.010693467574502475,2.6006546149925924e-07
2832,0.945300585682533,0.9765845362965634,0.008753013246093748,0.022808649188956243,0.008754024864708724,-4.1431746700126837e-07
2833,0.8336731433908522,0.924753450145623,0.014246543365234366,0.045358169346391516,0.014252976486079691,1.4339085219194914e-07
2834,0.8848601196431958,0.9512880481163664,0.013802852804101576,0.043668033401689156,0.013804695450708927,1.1964319579504945e-07
2835,0.9449314580717176,0.9724317567579716,0.005701609516357428,0.018877644893925873,0.005702027640342266,4.58071717668318e-07
2836,0.7799641307086845,0.9025593086619319,0.010124849788749992,0.03405841232635744,0.010125298889395775,1.3070868454256868e-07
2837,0.8585693128655153,0.9274570476316564,0.014677607732128905,0.04391981479860821,0.014680036690999798,3.1286551527287543e-07
2838,0.866471169809693,0.9456116333686583,0.010355743615527341,0.029645534955132037,0.010358299280383083,1.6980969297364368e-07
2839,0.8396677104375156,0.9228215636419985,0.00986633011591797,0.03173913723398933,0.009869307416533444,-2.895624843235467e-07
2840,0.7168502357409673,0.9104473892391318,0.011612570388232418,0.04241512799766203,0.011613399297046058,2.3574096730261118e-07
2841,0.7640806201680606,0.8838925610959365,0.01928601478378904,0.058698057330373365,0.019294800570896036,-3.7983193945656524e-07
2842,0.926991423826163,0.9634975586264382,0.009748843363574225,0.027540262927378854,0.00975009427922004,4.2382616294300846e-07
2843,0.9547944335817768,0.9807918932159801,0.006486379538691406,0.018790688591172503,0.0064867599117192105,4.3358177681529497e-07
2844,0.8945447628986998,0.9462989686344505,0.010357381629003914,0.036568096744186644,0.010362260568828264,-2.3710130026000087e-07
2845,0.8615227493462293,0.9291176710579642,0.015739290162304673,0.03473542613028652,0.015743428009062636,-2.5065377073918427e-07
2846,0.9497703318807578,0.9746221540464961,0.008065716757910148,0.022890671909999164,0.008066594776098467,3.318807577645799e-07
2847,0.8321553757001,0.9375028336298585,0.013364210470410158,0.04091509245315129,0.013368734402004354,3.757001000304072e-07
2848,0.9008392360855983,0.9598688360420077,0.007137939125888677,0.022474795863838836,0.007138348513316789,2.3608559840404553e-07
2849,0.8815396770738485,0.9558613832843312,0.009506379045996096,0.02967567680451484,0.009507424833254736,-3.2292615148588055e-07
2850,0.9475946384974414,0.9749588101602991,0.008856193833789064,0.021688563924548855,0.008857637561393525,-3.61502558554605e-07
2851,0.8574678822475901,0.9268972234322659,0.008684195950976572,0.03386908483533111,0.008685163984589515,-1.1775240993383562e-07
2852,0.8655354505950432,0.9368267996312405,0.015130471126171868,0.03907345288967649,0.0151324356144236,4.505950431665795e-07
2853,0.8476098056188137,0.9400349907180199,0.016585522006347653,0.04236620528190412,0.01658852547998204,-1.9438118625814127e-07
2854,0.9091261093866078,0.9613689957536656,0.008944637106445311,0.0251163045794301,0.008947111889225116,1.0938660777171094e-07
2855,0.9280131897256527,0.9648720818088411,0.009461113264746088,0.02691230104185638,0.009463620708780965,1.8972565274388842e-07
2856,0.8802083913924437,0.93956873228027,0.009359253668261722,0.027522736417190687,0.009360201116242889,3.91392443677141e-07
2857,0.9380508083762444,0.9685608473543817,0.008061238739042973,0.02132352453483466,0.00806197927287466,-1.9162375552994604e-07
2858,0.8842693869427529,0.956307866018722,0.014258416027734356,0.03896988583623583,0.014263260745358494,3.869427529501479e-07
2859,0.8507022750026494,0.9228260002107925,0.013333392083007822,0.03434959047648589,0.013336165153178729,2.75002649430256e-07
2860,0.9349238980258285,0.9713498614547161,0.00902547540817383,0.0240045255769543,0.00902621400656749,-1.0197417144031107e-07
2861,0.9422214193459922,0.9737200978439049,0.007943385521289063,0.022225364494758013,0.007945871259183971,4.193459922641196e-07
2862,0.8219973779356426,0.9076055168493512,0.019249268691894538,0.052539932948997864,0.019259895763099534,3.779356426703018e-07
2863,0.8008454788316091,0.9230436036438061,0.009269104755410143,0.03096220769650431,0.009269913952247492,4.788316090298395e-07
2864,0.8910271005877883,0.9445375999669434,0.011879344584960925,0.03538691673086117,0.01188107615200904,1.0058778832089388e-07
2865,0.8670910949915729,0.9318210978563599,0.016280733688183616,0.04253160205094248,0.016285249936495355,9.499157294090566e-08
2866,0.9647583448552866,0.9842758134430016,0.005149583358398434,0.014985373200453523,0.005150753389631389,3.4485528654926156e-07
2867,0.9168131181450034,0.9594975217446283,0.012181790601660178,0.035193673303428395,0.012183610766098774,1.1814500344708989e-07
2868,0.9041959216187465,0.9516096384452094,0.007118766623398446,0.02007868884589701,0.007119433782548046,-7.838125348769154e-08
2869,0.8624887237797403,0.9364154838114375,0.011216723044921878,0.03502708861772556,0.011219818427894804,-2.7622025966511643e-07
2870,0.9549490389041791,0.978562605577427,0.005601583076074216,0.013533368587158706,0.005602150214793145,3.8904179100462954e-08
2871,0.7334703205888505,0.9534516501940142,0.014066677599101572,0.03868248260137706,0.014067766129363378,3.2058885057750786e-07
2872,0.940057280523934,0.9757134084578104,0.006343331557714838,0.02252861690607089,0.006345054475406431,2.805239339709331e-07
2873,0.8458944733041205,0.947593519866125,0.01509597212617189,0.04741743832206953,0.015101627463663107,4.733041204518784e-07
2874,0.700847701049528,0.8422771172162568,0.017234510131542966,0.05104564860593127,0.017239944375785524,-2.9895047204409053e-07
2875,0.7711242060355699,0.9118176141841746,0.01245418275976564,0.038424906284334384,0.012456314093651739,2.060355698274563e-07
2876,0.7930204981032357,0.9390010407228719,0.011612075047939473,0.036391567307100386,0.011612977778818697,-5.018967642600458e-07
2877,0.7962635510760545,0.9035983995116581,0.015646729741894506,0.04169256728100742,0.01565246665579875,-4.4892394546192094e-07
2878,0.894348250753886,0.9546287335498823,0.011165845421708988,0.028071107372041316,0.011166801552514934,2.5075388598860826e-07
2879,0.8568384789121755,0.943543004004422,0.010449369116601546,0.03060120120710129,0.0104518203841266,4.789121754722458e-07
2880,0.8686589527148092,0.9471438671148471,0.013532178883105468,0.035359251715855904,0.013534047523633436,-4.728519076291349e-08
2881,0.8989640909269798,0.9590446985339283,0.0143336589442383,0.039197592934766094,0.014337299160121646,9.092697983437148e-08
2882,0.8458124214315071,0.9216403054757932,0.015311119427832028,0.04807946313984975,0.015313152895093904,4.214315071360275e-07
2883,0.8911153939105674,0.9561802142933181,0.012772682376757799,0.031188713245929787,0.01277406242514671,3.939105673866905e-07
2884,0.9117710081409202,0.9570862669411783,0.010585508518359385,0.0333764815554408,0.010586659636562981,8.140920160215614e-09
2885,0.7051943513268106,0.8562330486528447,0.020190414279394536,0.061989168239351355,0.02019484019672792,3.5132681064364846e-07
2886,0.4160502061429393,0.7424958839471801,0.01718047896557618,0.06449624020947699,0.01718199803066121,2.0614293932963434e-07
2887,0.8411420557684655,0.9247406815380932,0.015209041591601552,0.039974989682430045,0.015215548067309204,5.576846551225145e-08
2888,0.8584192965244534,0.9342020094400421,0.015812929911816397,0.041533766881305986,0.01581502082204529,2.9652445332484234e-07
2889,0.8820856276817705,0.9509770056957821,0.015658712975292984,0.03764673680716861,0.015665258321250215,-3.723182295800598e-07
2890,0.9170215746807012,0.9696716920359236,0.010501792570800805,0.03381602537819046,0.01050376165427782,-4.2531929878020236e-07
2891,0.8938759406406352,0.9700793732805643,0.009792306400488286,0.028549062536209174,0.009793069519163002,-5.9359364756872424e-08
2892,0.8500267643710153,0.9269327108885362,0.015281826442089844,0.040818394774385286,0.015289071622763717,-2.3562898465723237e-07
2893,0.8682006060137443,0.933460761845293,0.012068544666992203,0.03847220588838201,0.012070197308751559,-3.939862557311713e-07
2894,0.7993701832949855,0.8980614081595698,0.018735448656640646,0.050642116074718815,0.018743658547777497,1.8329498552294154e-07
2895,0.7555350275441417,0.8909947420367362,0.01884831684082031,0.04639651915046,0.01885537126120745,2.7544141745217132e-08
2896,0.6566932097344783,0.8699185959330537,0.029072325964160182,0.07403274480046626,0.029078624670510745,2.0973447834027326e-07
2897,0.6368004348360446,0.9349323495481133,0.012801162186738288,0.04794390862203312,0.012802073474430044,4.348360446160271e-07
2898,0.8906873940782533,0.9535393518069178,0.012083485685253907,0.030994956820887726,0.012084701841308408,3.9407825325188384e-07
2899,0.797033621783642,0.8977232427905837,0.015885184356054665,0.046418783129621555,0.015888211708624193,-3.7821635801016384e-07
2900,0.9379173750012573,0.9690676559600173,0.00839703220839844,0.024161267340502352,0.008397961932487449,3.750012572689698e-07
2901,0.9135642006218031,0.9572697639340447,0.00687631521581055,0.020658533609870387,0.0068766445698140305,2.0062180305924215e-07
2902,0.7761646471250829,0.8833223994999381,0.010683473183984358,0.03778031884251736,0.010686081408539093,-3.5287491706448293e-07
2903,0.8695000078727996,0.9375018734028447,0.01597919678095704,0.04346670778638063,0.015984086941327007,7.8727995234118e-09
2904,0.9021269920413222,0.9546636442737803,0.00898420914131835,0.031386832798776416,0.00898491633384018,-7.958677827879512e-09
2905,0.8570022653374236,0.9263265158772604,0.013505432420507817,0.04257060884799818,0.013506814317538139,2.653374235883632e-07
2906,0.8463319074003989,0.9512603212595281,0.018508480637011725,0.04347263893889277,0.01851192162189565,-9.259960109808674e-08
2907,0.8180284712743054,0.9516148114801597,0.010600389617714841,0.029688940346832678,0.010601199134503794,4.7127430546911597e-07
2908,0.9232838518987314,0.9621531477315733,0.010724932946582034,0.029083792238480073,0.010729679905041608,-1.481012685822236e-07
2909,0.7998665355029132,0.894793890181775,0.013736701785957036,0.04287855865339872,0.013737823654690449,5.355029132347866e-07
2910,0.8854337019494094,0.9662080681212469,0.007236509294042966,0.025587435209947596,0.007237035290669444,-2.9805059065246553e-07
2911,0.8626001554604237,0.9652855713086155,0.013861422502734382,0.03555354142699317,0.01386490885208962,1.554604236453372e-07
2912,0.9357008681981844,0.9682664970287639,0.007666495396582024,0.019244955456116,0.007667345042688646,-1.3180181557270743e-07
2913,0.9006654541606891,0.9510947870808297,0.010570608128710938,0.029523632118784594,0.010572048769110247,4.5416068905623774e-07
2914,0.7811721724003305,0.891196224553756,0.01698232126670901,0.04525479510901084,0.016983974004393734,1.7240033056697968e-07
2915,0.8231504560574375,0.9207802285453853,0.017525436548242162,0.05586628757942851,0.01753168953211836,-5.439425624365057e-07
2916,0.8747280017302435,0.9436939854147929,0.01120406704130859,0.030596738921593473,0.011206160603127251,1.7302435040278397e-09
2917,0.9142302485795274,0.957082420998623,0.010732747551269534,0.027623633437228665,0.010735039378046865,2.485795274065339e-07
2918,0.8602645220104459,0.9424394477580982,0.010652328302148448,0.030071080625464604,0.010653411164930283,-4.779895540485413e-07
2919,0.876272613878069,0.9379904397563968,0.012027063746679665,0.03214493915927861,0.012029709079706291,-3.8612193098419567e-07
2920,0.8211869088009804,0.9340149640147019,0.013404865188046886,0.03597991173319965,0.013406021145546636,-9.119901955845222e-08
2921,0.8889103724546211,0.9539875816356792,0.011462784688183588,0.03250214538659129,0.011466136770843838,3.724546211447688e-07
2922,0.8936532274961144,0.947395475650596,0.012267070906835936,0.032065210040724386,0.012269009027469194,2.274961143911014e-07
2923,0.7405678757299661,0.8647647603374485,0.016043208076757846,0.046138194702939346,0.016048979797040622,-1.2427003392989633e-07
2924,0.6610842191566706,0.8404496938781704,0.019622245500976566,0.060818575898407494,0.019631244626452663,2.1915667058891586e-07
2925,0.8376702250294568,0.9244124035864516,0.015051772214550783,0.049122737057104855,0.015054149403239727,2.2502945673519292e-07
2926,0.8692416856018523,0.9414109103851314,0.017125105762207014,0.042665259292778375,0.017128101643603927,-3.143981476272373e-07
2927,0.7066699977334419,0.8642029213046131,0.020068821876855505,0.054495803484408925,0.02007633202913333,-2.266558163377397e-09
2928,0.8716814169665087,0.9376878647921258,0.014273329830371086,0.03771650609991993,0.014276443562686147,4.169665086539709e-07
2929,0.9321684939827031,0.9669362266252226,0.007117626572685548,0.02359370638205565,0.007118167206880891,4.939827030758792e-07
2930,0.9582710527564127,0.9801005447601774,0.008763383147753918,0.023030923653819257,0.008764485989161073,5.275641268287501e-08
2931,0.8535206419685462,0.9289461949327383,0.013364566218945315,0.03999490199416029,0.013368885360888176,-3.58031453817631e-07
2932,0.9352668594007378,0.9689918765980725,0.00833254424238281,0.022899277610337433,0.008333554199149891,-1.4059926212173224e-07
2933,0.892289953633171,0.9494361563725771,0.00920286098427733,0.028888389686043136,0.009205545657393443,-4.6366829042909785e-08
2934,0.7753346440096606,0.9317482079067793,0.009884970151162105,0.029881273377738684,0.00988570610945798,-3.5599033942901315e-07
2935,0.9543759266492867,0.9788593361990605,0.007348878368554688,0.01877484893533591,0.007351146850875138,-7.33507132810729e-08
2936,0.8699440798886104,0.9369791744728266,0.011026851233691416,0.032823509347353064,0.011030300984591008,7.988861039365247e-08
2937,0.839283322966288,0.9290213380251651,0.012220547023144526,0.03788959675652704,0.012222678550724201,3.229662880466222e-07
2938,0.9498425512117352,0.9760863921038029,0.005943696370507818,0.016797639610465615,0.005944453423401328,-4.487882647730146e-07
2939,0.889565389292972,0.9431962709217876,0.01372812697490231,0.034855536371921465,0.013730905560951624,3.8929297196954593e-07
2940,0.9479547772590272,0.9739967913750894,0.008330053260810547,0.023332904251057347,0.008330798143797906,-2.227409727773022e-07
2941,0.8844827115960355,0.9409817322672849,0.011926759393261729,0.033774148379165266,0.011928869218959652,-2.884039644879266e-07
2942,0.9398666796546707,0.9710086452912164,0.009519429450195325,0.030283906687437936,0.009520556237539762,-3.2034532926328296e-07
2943,0.8999736550736621,0.9504403178697304,0.012765542864062517,0.03651406332683291,0.012771761842322746,-3.449263379362577e-07
2944,0.875256263749573,0.9381367829380926,0.007688803003886713,0.025795586744801577,0.007689211313156395,2.63749572959604e-07
2945,0.9460069295587501,0.973074255999892,0.009432367963671882,0.02467149073333442,0.009434793041362143,-7.044124994415313e-08
2946,0.8573349637414134,0.9414453586194242,0.011413232563964835,0.032025606517768965,0.011416390602465739,-3.6258586577631036e-08
2947,0.9174712567961084,0.9615365022007271,0.01372450996181639,0.03509467520950969,0.013729046392954018,2.567961083776993e-07
2948,0.7682395689914207,0.8975745276332738,0.024078965085937504,0.06366286631626411,0.02408256125533731,-4.310085793823859e-07
2949,0.9393165898333822,0.9698716854465496,0.00737762515576172,0.01746496765256628,0.0073797756164725396,-4.101666177813712e-07
2950,0.7601062066429702,0.8733226151718478,0.012500123902412102,0.04060728640835644,0.012501313779582865,2.0664297029071577e-07
2951,0.905731201017776,0.9524515937057143,0.011533979126562514,0.032611466546045784,0.011535236638077566,2.0101777609138338e-07
2952,0.94593231175514,0.974472528659922,0.00780004381428711,0.020240235689540715,0.007800706509189319,3.117551400366736e-07
2953,0.31296505470546443,0.5899794474920588,0.023940562533398428,0.07942335771579756,0.023947575334175013,5.4705464436199946e-08
2954,0.9614664268932631,0.9805459729875214,0.005687145903613275,0.015587581652427481,0.005688509637333479,4.2689326307243647e-07
2955,0.5534467836783176,0.8408947658423114,0.01921080838984375,0.04868576870537984,0.01921387042175322,-2.1632168245577788e-07
2956,0.7246384086738058,0.8608643500149541,0.025835671582324173,0.06726052483609109,0.025849094228559688,4.086738057962336e-07
2957,0.9194013172640252,0.9610735428977499,0.009631028678320313,0.027024918691052714,0.009632256842118644,3.172640251625225e-07
2958,0.8782651489767788,0.938845159905422,0.007768824325878915,0.030504511001722964,0.007770072143520644,1.4897677880210125e-07
2959,0.8195758613339391,0.90753969183781,0.012568169816894527,0.04472217677376998,0.012570536165017231,-1.3866606085599642e-07
2960,0.8650852020596146,0.9321197539777254,0.013426202830078119,0.03856789314805995,0.013431795836580367,2.0205961459573984e-07
2961,0.8914655767720524,0.9493385603965285,0.010585204240917972,0.027942268140870148,0.010588051260962726,-4.232279475768763e-07
2962,0.9251398791603354,0.9622117180481592,0.010403597732421872,0.026638389439059797,0.010404838023450233,-1.2083966460796347e-07
2963,0.7334082930687327,0.8693354021908664,0.018827293745019534,0.05501190536401001,0.018834305235148324,2.93068732726276e-07
2964,0.48948150484508823,0.8175358379625215,0.024288050089648405,0.05913585356454237,0.02429522284846419,-4.951549117393483e-07
2965,0.8269174324505706,0.9325762535970799,0.008774572330234381,0.02976677702774016,0.008775020707906244,4.324505705755044e-07
2966,0.835930414581065,0.9384038077002258,0.010560191631347658,0.03618737050469149,0.01056145793219925,4.1458106503355907e-07
2967,0.886606181544276,0.9439987552960408,0.009088493812890622,0.028134422412302417,0.009090309246731565,1.8154427594563316e-07
2968,0.8892485552137188,0.9502324308011686,0.011831569692382814,0.033003918351257905,0.011834364789463741,-4.447862811396419e-07
2969,0.7691197097931203,0.8919259379949896,0.011029297103105474,0.037419183686417064,0.01103004472714781,-2.9020687974945503e-07
2970,0.8955895932812056,0.9485151756778445,0.007331485689628909,0.02106582991071487,0.007331776136180917,-4.067187944212236e-07
2971,0.8881040193382927,0.9436979173140321,0.009806878858300784,0.026971510178517073,0.00980933546609477,1.9338292744919272e-08
2972,0.908453175180493,0.9537745311010271,0.009322768267451187,0.026170274979812943,0.009323555301013647,1.751804930005818e-07
2973,0.8172663435917077,0.9101642219701455,0.015735890198828137,0.05500954434923162,0.015740005533454896,3.435917076410888e-07
2974,0.9353177272309274,0.9703739972883173,0.009844928376757808,0.025255851079827165,0.009846668524329435,-2.727690725512488e-07
2975,0.9654311281197133,0.9832464683115313,0.005923701766406244,0.013461685346652706,0.005925400613129351,1.2811971328297034e-07
2976,0.6381418158499124,0.8157999003752647,0.021944671426660185,0.06009174960618143,0.021953372966554724,-1.8415008762318053e-07
2977,0.34991635272616006,0.6686741876323797,0.01189247958154296,0.05187646332740931,0.011896012536670181,3.5272616005777024e-07
2978,0.9086122784403319,0.9629253437607787,0.012049060958496085,0.0351404241295926,0.012050909688551404,2.7844033190227435e-07
2979,0.8863751538927741,0.9421841879091334,0.012505127215624997,0.03748669233653948,0.012510273300283712,1.5389277407962254e-07
2980,0.022325240522284906,0.8499216241548657,0.020089373670507806,0.06532657142898327,0.020092003788144085,2.405222849048705e-07
2981,0.7495964253980096,0.8876970377210536,0.01300110853691407,0.046598907290362576,0.013003546117951964,4.253980095958454e-07
2982,0.9291170172847437,0.9687149872378314,0.009385986210449228,0.03072826933088116,0.009386992173097653,1.7284743747403297e-08
2983,0.8431954487012113,0.9204353512389121,0.01273769246650392,0.038837858758650694,0.012741877240472002,4.487012112974753e-07
2984,0.0734462127173996,0.8406870649793905,0.019203970900781245,0.05713620166244188,0.0192058884032353,2.1271739959749514e-07
2985,0.9031927286023131,0.9558342613874472,0.008363366151367188,0.02632251189990982,0.008364502620445673,-2.713976868795598e-07
2986,0.8510674287055858,0.927180327717545,0.011277085197558592,0.035866895897797874,0.011279744515765501,4.2870558580876406e-07
2987,0.9135427589875939,0.968936057453601,0.005703296763164064,0.01736529857476086,0.005703486324977014,-2.4101240614360364e-07
2988,0.947528087978407,0.9743518204045613,0.007022464396582029,0.020587657993576217,0.007024079327947003,8.797840700403015e-08
2989,0.6780482944533175,0.8832924382625753,0.01052341617216798,0.03674847977169443,0.010524817404257914,2.944533175064379e-07
2990,0.8049590679432269,0.9131128155040973,0.013140398627832032,0.03236567075341861,0.013144455378750001,6.794322693348676e-08
2991,0.9396655257420992,0.971284345964306,0.00980665630673828,0.02630717569886571,0.009807673598855414,-4.742579008398806e-07
2992,0.8104226976835465,0.9004995071976957,0.015279930445312494,0.047361633074594,0.015284601194753972,-3.0231645353762104e-07
2993,0.8851463233165424,0.9437452663683525,0.009151775051953125,0.023115647689413498,0.009152921429734019,3.2331654242767627e-07
2994,0.7904231979143439,0.8927853370663613,0.011878510575976543,0.04474725819996328,0.011882018205972834,1.979143439134745e-07
2995,0.8924539110795133,0.959648919463821,0.011208351586132826,0.03288712259322129,0.011210331843048474,-8.892048664055352e-08
2996,0.7457617560854967,0.866572041131645,0.017070759609570302,0.055309062786221476,0.017075660281381907,-2.4391450337279963e-07
2997,0.9158096549332274,0.9587496529270477,0.011940509869042978,0.031216711671391638,0.01194337324381035,-3.450667726001555e-07
2998,0.8481387864197318,0.9399567233509483,0.01678037827460939,0.04500550485871975,0.01678596734372493,-2.135802681380028e-07
2999,0.7694355828231318,0.8868059381617883,0.018500928879394557,0.05036473702237911,0.018508537231916675,-4.1717686816156174e-07
3000,0.9516264472585214,0.9765865883810124,0.008270401561816397,0.02116479495638207,0.008271588459488879,4.472585214410074e-07
3001,0.9445954152854331,0.9726339667649373,0.008182888435253907,0.022338604270615788,0.008184157250523343,4.152854331529454e-07
3002,0.9444455958795341,0.9766741560115166,0.005815402269384759,0.017628022589832777,0.005815766310184828,-4.041204658689068e-07
3003,0.8650770269865371,0.9311698859547449,0.014968175739453114,0.04138099101549257,0.014973842665078925,2.6986537116080456e-08
3004,0.8226773179174043,0.9091889777348607,0.01448179696923827,0.04025407467480173,0.014489500175805435,3.179174042911015e-07
3005,0.9500940944147084,0.9750507145709122,0.00805907438683593,0.022795995432731416,0.00805985736707996,9.441470838478239e-08
3006,0.9336155583406723,0.967446677860426,0.006964948068818352,0.019960990431255026,0.00696543306084734,-4.4165932766571103e-07
3007,0.8776155348121611,0.9397424477393314,0.013331387050976555,0.0361847843506464,0.013337028319207252,-4.651878388051145e-07
3008,0.8648523145145629,0.9320331745368308,0.010537510412207034,0.03232449620155832,0.010541017726089136,3.145145629490642e-07
3009,0.9206398907830555,0.9607378479669898,0.011343035162988275,0.030174114349397808,0.011347439667156105,-1.0921694448828845e-07
3010,0.9505196909060271,0.9773305172518242,0.005553997752099603,0.01944509842156353,0.005554404950303298,-3.0909397297218533e-07
3011,0.9302316260744252,0.9649903252773641,0.011200539514062498,0.02901601805775312,0.011202948181530371,-3.739255747259307e-07
3012,0.8260292043499181,0.9175926777317931,0.009407797894394545,0.03404346197829124,0.009408450120898332,2.0434991809814562e-07
3013,0.8346349815501033,0.9255088344930621,0.011149338766796892,0.034548260014100975,0.011152934044460158,-1.844989672150632e-08
3014,0.9013554184152743,0.9535088848422006,0.009257480397753915,0.031247517606692407,0.009258491352793406,4.1841527431696335e-07
3015,0.8741528204273218,0.9443948267577068,0.012024325791406254,0.03139798278402207,0.012026383031703485,-1.795726781717022e-07
3016,0.8906384425860616,0.9544309829914615,0.013561578693750008,0.038980135964890396,0.013563686177260803,4.4258606157754343e-07
3017,0.8640010255459245,0.92989434505044,0.00971463088183593,0.03450236245830764,0.009715390784533382,2.5545924486891636e-08
3018,0.814696045365803,0.9267721365748242,0.014125491405175768,0.03794179075532218,0.01412777739823213,4.536580300307236e-08
3019,0.7978937191192159,0.9607655949268433,0.013941373666015621,0.03933671837295231,0.013943865172577294,-2.808807840759542e-07
3020,0.8649592013946192,0.9303498052992114,0.007410437556347655,0.02866090514612125,0.0074123225158933045,2.013946192036542e-07
3021,0.6354788297356588,0.8011986642843063,0.025389229048339852,0.07162051098679094,0.025401068194112843,-1.7026434118161404e-07
3022,0.8823277661457571,0.9425485197289645,0.013903044234765616,0.03845888002529139,0.013908428274973956,-2.3385424285926604e-07
3023,0.753960991676654,0.8694863027527354,0.015882409595800763,0.05329474437194755,0.015889010446855752,-8.323346012417687e-09
3024,0.7174783219671612,0.9110187396174246,0.011505266402734372,0.04096814521901112,0.01150642558306046,3.21967161265313e-07
3025,0.9361835319685169,0.9679563166194525,0.007413598564960939,0.020402359898632726,0.007414088161093618,-4.680314831251309e-07
3026,0.8095213354591804,0.92035655347209,0.01571941222607423,0.052872531782659125,0.01572372565283767,3.3545918032285016e-07
3027,0.8877754912802917,0.9481936077964122,0.009949269002871096,0.030811102950302274,0.009950025292055013,4.912802916701153e-07
3028,0.9166859620646307,0.9646390006095704,0.00997347153798827,0.03238871324729711,0.009975252947587884,-3.7935369290309495e-08
3029,0.8811670506625828,0.9437213393165378,0.011857125149121099,0.03515618299693245,0.011860900923413164,5.066258279562419e-08
3030,0.8027432073243792,0.9364496363236412,0.011877302402832043,0.03646466474184316,0.011880178920853702,2.0732437921999747e-07
3031,0.9209156136934674,0.9608959500350407,0.008750504646503917,0.027743267110124283,0.008751296768730732,-3.863065325404591e-07
3032,0.84035697766547,0.9652526517854038,0.008581010383496084,0.03036714458466347,0.008582691886466827,-2.233453000322072e-08
3033,0.7077909938678806,0.8453490246511477,0.018275644197558588,0.06178624781659702,0.0182849144297555,-6.132119367840971e-09
3034,0.9105731610052544,0.9549497370458379,0.010496499008779286,0.027170313322252972,0.010497525687681617,1.6100525446205438e-07
3035,0.8423078850978836,0.9198901540826242,0.012966096874414064,0.03653658809919795,0.012967888922545736,-1.1490211637710246e-07
3036,0.7196240562428591,0.9445472610917206,0.012503271600527345,0.03941826796232062,0.012504238284057601,5.6242859036714776e-08
3037,0.9113325729419699,0.9547720580400465,0.010649106240625008,0.026725605570355554,0.010652926732763251,-4.2705803005027576e-07
3038,0.9063057042012975,0.9563378739665174,0.008672969502539069,0.022664125868901503,0.008674142944933731,-2.95798702421024e-07
3039,0.8807552147869283,0.9403988266387703,0.009151362566015621,0.025048113674740562,0.009152567341336178,2.1478692835419366e-07
3040,0.8346887438520031,0.925857009359595,0.007650166627734378,0.03055462973000538,0.007650626383099131,-2.5614799692430523e-07
3041,0.8270902249811953,0.9234643462078375,0.009353743065712891,0.034231353248505576,0.009354361215746482,2.2498119534031247e-07
3042,0.7778838554948384,0.9371498542589735,0.012274748619140618,0.038784841658075546,0.012276155073675098,-1.4450516161446103e-07
3043,0.8908817283561459,0.9469444688103918,0.008069061164179697,0.022028947882690594,0.00806960725846961,-2.7164385407729696e-07
3044,0.9073383072517273,0.9525613938976928,0.008827972294707014,0.028408227251423113,0.008828701336197162,3.0725172728285344e-07
3045,0.9583333289859673,0.9794849281397656,0.006685572079550783,0.021299229437870697,0.0066861767228812595,3.289859673571982e-07
3046,0.8437476868061158,0.924763579084277,0.015692538664746087,0.03743734967319339,0.015697626563770307,-3.1319388427153427e-07
3047,0.9284592153494299,0.9701527853918837,0.009838449636220712,0.028460920308948513,0.009839427465042173,2.1534942984402505e-07
3048,0.4955485682917742,0.73771016231144,0.030277036423632844,0.08094859401352407,0.030290301037159892,-4.317082258342708e-07
3049,0.7827043357139831,0.8997642701757498,0.01476786994179687,0.04124689941946859,0.014771734672216335,3.357139831683398e-07
3050,0.9148468601014006,0.961788839099806,0.008697752325390632,0.022045593643657293,0.00869831907515589,-1.3989859937169058e-07
3051,0.8089115379682754,0.9240716619895633,0.021407692867675774,0.05734806227474327,0.021410987074361988,-4.620317245462857e-07
3052,0.9053137495167891,0.9528137009101283,0.011825639260156224,0.03592774474947501,0.011827107607392789,-2.504832108396471e-07
3053,0.9143710050848016,0.9564176767908511,0.008355288560585946,0.02309763916992196,0.008355976000882356,5.084801579791076e-09
3054,0.8471938969964903,0.9282851225670252,0.020518551120898433,0.05179669692416036,0.020522493881900528,-1.0300350972158867e-07
3055,0.8379383816670537,0.9166111057732848,0.013301999863378898,0.03918702922744364,0.013304134602243943,3.8166705373932075e-07
3056,0.9174997962872757,0.9598252776440996,0.00865565193359375,0.023410820407977,0.008657848115380734,-2.0371272424490883e-07
3057,0.8131197627822275,0.9047513784047994,0.014894603258398446,0.043683754896942324,0.014899308595636656,-2.3721777242524666e-07
3058,0.7466265465230176,0.8723801713423898,0.01178139448720703,0.04218887876651383,0.011784636994722217,-4.534769824093843e-07
3059,0.7432761349566122,0.8916041223607405,0.017239720179492216,0.04390062537398575,0.017244623498493154,1.3495661210782828e-07
3060,0.894654086625687,0.9546494287615341,0.011306750829589828,0.028255954599368555,0.011310092383943563,8.662568706796492e-08
3061,0.9386548461458012,0.9699634200378395,0.007799590061845692,0.026916455778523012,0.0078002961619709306,-1.5385419882552043e-07
3062,0.865123595521083,0.9382686462799871,0.014371470555273436,0.04505076148341389,0.01437509535488046,-4.044789170265517e-07
3063,0.7394651523353508,0.866786130976978,0.009111809848046874,0.036605222464028433,0.009113052008068665,1.5233535077818772e-07
3064,0.941538755101623,0.9712086931775343,0.006152163665205072,0.017494150446372196,0.006152528151862763,-2.448983770220181e-07
3065,0.8478180740627401,0.948522025228977,0.012145808449804698,0.030393165440407762,0.012147891398936518,7.406274016297232e-08
3066,0.9245683681430615,0.9617040677618783,0.006665419314423826,0.023518022597123024,0.006665992020195204,3.68143061590942e-07
3067,0.8504453430852571,0.9730834180842025,0.00868476490347655,0.026883821177806903,0.008685297735636009,3.4308525709292326e-07
3068,0.6335091532577548,0.8072913374668125,0.021526538985058605,0.06765644462372616,0.021534654955050737,1.5325775482022408e-07
3069,0.8777771452540675,0.9506848712603949,0.011596838541406264,0.03345425898968576,0.011600423139438803,1.4525406744070324e-07
3070,0.9378464268824036,0.9717337746408888,0.007255451937197266,0.02045001808309722,0.0072559670745797255,4.268824036479657e-07
3071,0.9096470454737335,0.9628254976965291,0.013060234204785175,0.03347096734770056,0.013065256723337722,4.54737335564559e-08
3072,0.943750413968741,0.9784870046269785,0.00985514082275389,0.024937744040815377,0.009858516310714915,4.139687410642523e-07
3073,0.955911036045555,0.9784447229132268,0.0050262704965820335,0.013173020394216976,0.005026854713112622,3.604555509628682e-08
3074,0.8520093912755804,0.9240244870447636,0.00789303897030274,0.028274109296254474,0.007893797388673738,3.912755803803236e-07
3075,0.9097660441214991,0.9567663168700218,0.007931045303613275,0.021206611493381298,0.007932104335520529,4.412149912091934e-08
3076,0.8789888163716304,0.9393596794548988,0.012351268073535152,0.04546093450744459,0.012354562383001803,-1.8362836962104723e-07
3077,0.9441028438808661,0.9729747971233221,0.010481009460351578,0.02476255153628944,0.01048287712852744,-1.5611913395385812e-07
3078,0.836158460308253,0.918947105606353,0.015670228443749986,0.042811789682372446,0.01567646127463815,4.603082530696412e-07
3079,0.5847395886149847,0.8339135364748318,0.011601469214921884,0.04794743300826559,0.011602224742863425,-4.113850153864007e-07
3080,0.34542639431240396,0.8445453094042317,0.016874735408291007,0.04683629159521248,0.01687627201479711,3.94312403950714e-07
3081,0.9458074756299075,0.9728900755046845,0.007178619331972656,0.02034991760980745,0.007179078019420242,4.7562990757032964e-07
3082,0.9564952448332645,0.9788679981242961,0.005720764032861331,0.016728320618506775,0.005721160940575625,2.448332645510476e-07
3083,0.8630301133214455,0.9317706981663163,0.00962253636557616,0.031405908440005924,0.009623191029722202,1.133214455606435e-07
3084,0.8860071590118903,0.959077831611468,0.008618431891601568,0.029015244890846583,0.008620620799117962,1.5901189032163643e-07
3085,0.8258824458622627,0.9364300441622675,0.007405706254384766,0.028161597610258077,0.00740609066233633,4.458622626657416e-07
3086,0.743182535318232,0.8667592486522512,0.009058455102246095,0.03344256411646401,0.009059969119121573,-4.6468176806424566e-07
3087,0.8746036732254284,0.9374630492502308,0.007480287117656253,0.02778278550579995,0.00748085105166325,-3.2677457162400003e-07
3088,0.8183730217032141,0.9185931630851369,0.0187166684214844,0.04790347294785324,0.018727572990956346,2.17032141147655e-08
3089,0.5873002689151532,0.8042203120354596,0.028751192026464808,0.07772497629591743,0.028762100734830275,2.6891515314542147e-07
3090,0.7708904345239667,0.8992096323690141,0.015826708992480475,0.04699890506906046,0.015837365493269823,4.345239666969647e-07
3091,0.8470417952726913,0.9225470636497367,0.013522872489843737,0.03664803909845482,0.013526148939722324,-2.0472730866138988e-07
3092,0.9604874595046028,0.9803354563799749,0.007348085775488274,0.01790319866072623,0.0073494907658788015,4.595046028121885e-07
3093,0.79114080493648,0.932026166861453,0.011326009796699217,0.0367818805609301,0.011326966920986522,-1.9506352000320248e-07
3094,0.857135227107255,0.9594363006955562,0.00905649226769531,0.029886339700362176,0.009057079764231295,2.2710725500196816e-07
3095,0.8486188912341869,0.921761031363016,0.013608330517871099,0.03882738449257276,0.013611734520022263,-1.0876581313379319e-07
3096,0.8558373855078389,0.9428357182138686,0.008197290102539067,0.025897745827300145,0.008198941282404565,3.855078389847222e-07
3097,0.9357294521131903,0.9692828292442262,0.008081427698906237,0.02276838902530065,0.008082211771970278,4.5211319021909446e-07
3098,0.7852701112655082,0.890207945843824,0.01584730809912109,0.04734576778120466,0.015854431277888537,1.1126550814033465e-07
3099,0.936817125843344,0.9680726784631354,0.006925028350585934,0.019447066749132796,0.0069260765236140035,1.2584334396770203e-07
3100,0.8914977355672912,0.9468765588065448,0.008320913881562508,0.03248037397931207,0.008321576261807285,-2.644327088408005e-07
3101,0.8377431486086617,0.9383420348837628,0.011668353044580106,0.03908070993239948,0.011669436533791336,1.4860866170973708e-07
3102,0.81397984953538,0.9080269744276793,0.013298673173144522,0.04331967170189476,0.013304455570259367,-1.5046461998569072e-07
3103,0.9267444766653351,0.970179600767053,0.00778221101029297,0.02466456625411944,0.0077828090113735895,4.766653350918304e-07
3104,0.9373758432958456,0.9714721016451662,0.007295772242187494,0.022170574508232795,0.007297556002044963,-1.567041544303649e-07
3105,0.9161772675574548,0.9627000696918238,0.01404728753701172,0.03344938840851164,0.014050185422880652,2.675574547472692e-07
3106,0.93892576120359,0.9696293489315919,0.006837376288476569,0.017618697794372928,0.006839230924445659,-2.3879641009028063e-07
3107,0.8076727547711293,0.9317787835998451,0.009389919754003903,0.029380583089382073,0.00939152092755497,-2.452288706544792e-07
3108,0.8880182452655629,0.9432784596338989,0.010540185405273432,0.035144879755388374,0.010541312562526592,2.4526556297033153e-07
3109,0.9087537906653534,0.9571196572127554,0.008839310630195307,0.026563911130484823,0.008839983551489607,-2.0933464650596534e-07
3110,0.7692912517394725,0.8867610354970056,0.017398516460644498,0.04874662594884909,0.017406926359492574,2.5173947260093144e-07
3111,0.9170143700147727,0.9608096620774011,0.009140162062597655,0.029544037730914727,0.009143357012123366,3.7001477271036975e-07
3112,0.8937277184741731,0.9460708814773574,0.012634985381445328,0.036890165881834025,0.012637226579678284,-2.8152582687290817e-07
3113,0.8754072566064661,0.9372107988133892,0.01600038733964845,0.04019092579743455,0.016006179114737635,2.5660646607583715e-07
3114,0.9189247309641818,0.9640221347282382,0.008967228566992193,0.02709864586600666,0.008968200807848131,-2.6903581817894207e-07
3115,0.7650798575915059,0.892164449875549,0.01788735845410155,0.05647290825208666,0.017895175259922975,-1.4240849410818157e-07
3116,0.8907259934715845,0.9444252613880533,0.011460773895703132,0.030329461159999255,0.011464861572862375,-6.528415474882365e-09
3117,0.9109275627951477,0.9659491742124168,0.00845660055322265,0.027351110868261242,0.008458739939419875,-4.372048522105487e-07
3118,0.16719842855912692,0.6472476394489439,0.01663480414718747,0.07029597690502007,0.0166356874965374,4.285591269082012e-07
3119,0.9053906040127063,0.9625424067966615,0.006835382473007819,0.027154700732742516,0.006835930652028987,-3.9598729362211316e-07
3120,0.9619761296671356,0.9814375472428825,0.0071568617559570275,0.01801434619957236,0.007159007523134234,1.2966713558437704e-07
3121,0.8666780901847442,0.9321064639595129,0.011093256658886722,0.032685114495590126,0.011095877073421846,9.018474422806122e-08
3122,0.15648548263198314,0.7911407472712754,0.020832811075488282,0.057823223822937864,0.02083390294784089,4.826319831285897e-07
3123,0.8670795543587737,0.9387490459801814,0.013358515253906226,0.037737939346621306,0.013360156610602558,-4.456412262543452e-07
3124,0.962234867728144,0.9815700420917377,0.00504860543885742,0.013330043963159878,0.0050488060794712675,-1.322718559126912e-07
3125,0.8510757439053627,0.9267668132365063,0.014846798847665994,0.045322318041355794,0.014847991635980964,-2.560946373852957e-07
3126,0.7971539682683445,0.896655146319129,0.018409235638671875,0.04388427638305183,0.018413633407248522,-3.1731655525391034e-08
3127,0.9265404208455843,0.9634703665628089,0.00947400888671873,0.024078166223667347,0.009476436529904363,4.208455842702463e-07
3128,0.7635442076839966,0.8791818970914269,0.016672222105957018,0.05290072610717503,0.01667431644679082,2.076839965559074e-07
3129,0.8568802243107627,0.9266452074884953,0.011562200340322255,0.035843484742143626,0.011563288242347619,2.2431076274198603e-07
3130,0.619626707615273,0.889185163726737,0.015107837751464813,0.04414127201942403,0.015111515041936571,-2.923847269853397e-07
3131,0.9382002032587923,0.9763709188156997,0.008549502989941395,0.02509765016248809,0.008552494141808299,2.0325879224181165e-07
3132,0.9327261998106766,0.9666343953629506,0.009348066818945332,0.024920916480839096,0.009350348591992514,1.9981067655994167e-07
3133,0.9276112804384309,0.9636480529691842,0.006566286146093739,0.015937037757478976,0.006566951525382974,2.804384309218477e-07
3134,0.6345897391801336,0.8956992736637408,0.011606935710292966,0.034067667709291996,0.01160741634159935,-2.608198663711647e-07
3135,0.8800394547389394,0.9386188698953105,0.012611917130566391,0.03948510148200346,0.01261685531348361,4.5473893939274035e-07
3136,0.6448836417341308,0.855011274587591,0.009728466227929696,0.04661820754538334,0.009729626673692328,-3.5826586919363024e-07
3137,0.9340188839650985,0.9671116588779095,0.010333134005859381,0.025296684675151983,0.010335113057021955,-1.1603490157607865e-07
3138,0.8705454341360931,0.9346393053464596,0.01099588098416014,0.0299983219039907,0.010996705907882074,4.34136093074855e-07
3139,0.9060002189417085,0.9547023200874464,0.008575662618095697,0.02951267989758131,0.008576435788670613,2.1894170842973182e-07
3140,0.8323239456133174,0.9218645264497699,0.010553518500332013,0.04001582588391509,0.010554471967370894,-5.43866826019368e-08
3141,0.8687522281223555,0.9326780611104689,0.009834614550585957,0.03525421222572748,0.009835960722793188,2.2812235556113336e-07
3142,0.9172110615816899,0.9594998818275976,0.009111692706054688,0.02550473562010214,0.009114180996862602,6.158168985859191e-08
3143,0.24797611499718808,0.8448468113388764,0.01835859571279299,0.059607233220861526,0.018361591667208094,1.1499718807761461e-07
3144,0.8702110390744597,0.9449541326835154,0.014118096173535162,0.04022339085420963,0.014120281607644338,3.907445977890944e-08
3145,0.937207984638794,0.9707881679766481,0.007251496727343753,0.020404088726452243,0.007253124554791333,-1.5361206084918422e-08
3146,0.9329216481489371,0.9781070743404129,0.009874264015722665,0.02808836035438475,0.009875284884160378,-3.5185106295188007e-07
3147,0.9233180505299736,0.9722338085558272,0.00775360655649414,0.02342883436328477,0.00775430051234252,5.052997364973777e-08
3148,0.6844421885629687,0.9342455889757568,0.015586137520312524,0.04788150249105979,0.015591855271926714,1.8856296868374756e-07
3149,0.894601079424018,0.9518010551140914,0.012614813904296883,0.03561092897942336,0.012616213936912053,7.942401802907284e-08
3150,0.9377087023371059,0.9689741433240495,0.007068511506386714,0.01720034625915283,0.007069092257835119,-2.976628941109283e-07
3151,0.8715506476917843,0.9345274643188674,0.013137176272656283,0.03398395365608048,0.01314131032519428,-3.523082157119717e-07
3152,0.925358555210354,0.9640111973007596,0.01062010970214843,0.030266778710064026,0.01062245438694505,-4.4478964600358495e-07
3153,0.7890244823611482,0.8970497745275102,0.015463741923896466,0.04241635353731977,0.015464988015769785,4.823611482462908e-07
3154,0.8160386902538671,0.9063871604831746,0.018283390738964848,0.046926356683210144,0.01828958256740555,-3.097461328538387e-07
3155,0.8258926904172311,0.910239813287428,0.013322299731542963,0.04319701734853206,0.013327613636353606,-3.095827688648356e-07
3156,0.7732856338890917,0.8805374647519915,0.02162664138232421,0.053971225786094486,0.02163525900022352,-3.661109083674674e-07
3157,0.8167849158082104,0.9227563442408201,0.010375655511328118,0.029765429147842484,0.010378088105083493,-8.419178954000017e-08
3158,0.6726512289927281,0.8372588438246457,0.013651125210253929,0.05409532762581916,0.013653149942353449,2.2899272811294225e-07
3159,-0.3524725688281527,0.7722970803916688,0.02304578382664062,0.07336596786206508,0.023047522284882827,4.311718472815862e-07
3160,0.8984213954423951,0.9620847906950399,0.005258230506347653,0.01874742209945841,0.005259075451497807,3.954423950514041e-07
3161,0.8900861878788592,0.9500451150903643,0.010638822078320308,0.034748809594810595,0.010639952453036979,1.8787885913695845e-07
3162,0.7867700267793113,0.9346057361031378,0.013267660378124992,0.03647080946953922,0.013270085502174617,2.677931132399891e-08
3163,0.9421281119268063,0.9718171005712147,0.009739337814062492,0.026607209676177322,0.00974315848843762,1.1192680637872598e-07
3164,0.9394877664457695,0.9733321605947276,0.009578662765820327,0.02617065763696603,0.009579760322792414,-2.3355423051096835e-07
3165,0.9311494028370093,0.9701056273843617,0.009898603870117179,0.029073286652662768,0.009899863652516619,4.028370093056566e-07
3166,0.6538481780839747,0.8529014450059279,0.016140800413574238,0.045829292515072964,0.016145642910055113,1.780839746778895e-07
3167,0.7870084233987091,0.8929036928984193,0.019348153123828125,0.05225436754626901,0.019352497904751475,4.2339870909291477e-07
3168,0.8955781061938796,0.9620438376304565,0.008742377939648441,0.028175082288683723,0.008744584447525208,1.0619387957877535e-07
3169,0.6915381611411298,0.9096649210535309,0.017536822856640648,0.04290777584885936,0.017539831679708597,1.6114112977305695e-07
3170,0.6692144359031318,0.9146513280383068,0.015223276458007813,0.041988366964461316,0.01522502074295927,4.359031318124096e-07
3171,0.4248044499311747,0.6618656225952476,0.016009665443164053,0.06309354424685572,0.016011809581382732,4.49931174706375e-07
3172,0.8417877482414183,0.934570387633913,0.010207724875878925,0.03374092930630941,0.010209229797003918,-2.51758581648609e-07
3173,0.8374803622228728,0.9488932318537644,0.010238323354882804,0.027557993436895425,0.010240569402584962,3.6222287280729404e-07
3174,0.9164369190734369,0.9600643106919765,0.01223017981552735,0.03510623490336926,0.012233251496898809,-8.092656300640044e-08
3175,0.8002850103354877,0.8954052162841891,0.012498859149414052,0.04549870655913718,0.012503530844893982,1.0335487687918032e-08
3176,0.9367205315262398,0.967967252791175,0.008146517232880858,0.02263991830336194,0.008147308697807082,-4.6847376022896015e-07
3177,0.7395153861233373,0.863173901955616,0.017457708088964855,0.051101306790865185,0.017462093435292144,3.8612333730370096e-07
3178,0.8189938160163693,0.9629729418726211,0.010424109303574238,0.029532274398315038,0.010425143504289728,-1.8398363066385315e-07
3179,0.7143859972161726,0.8750095078874621,0.02307305974326171,0.06598229748424977,0.023084229825801467,-2.7838273908287192e-09
3180,0.8829857215261271,0.9401282375094538,0.008309220652480477,0.028390036794421224,0.008309782707402695,-2.784738729610936e-07
3181,0.7602366250254126,0.876141465922213,0.0221983155576172,0.06009821967999681,0.022200810560190708,-3.749745874914723e-07
3182,0.8608698992542746,0.9312583895231814,0.007959878055175791,0.023434866453935933,0.007960843762842298,-1.0074572542873028e-07
3183,0.5775426506021646,0.8619537095485239,0.019118575639648454,0.049665851788138496,0.019121227122849898,-3.493978354418559e-07
3184,0.9080884125743002,0.957096669631591,0.01015205611522462,0.029315472996278184,0.010152993127751754,4.12574300168167e-07
3185,0.8921935989497353,0.9468570588676636,0.00815104792783204,0.021654277629480356,0.008152867514969641,-4.010502647755487e-07
3186,0.9497807287818084,0.9758235739102634,0.009642309192480481,0.024528676911961193,0.00964347241898277,-2.712181915720535e-07
3187,0.8719169795421688,0.9349113540953514,0.012554541824999994,0.04098469623485756,0.01255625448932296,-2.045783120685485e-08
3188,0.8592378806222698,0.9285473098609073,0.011815941799609377,0.034652948057038196,0.011817849915565668,-1.1937773014558672e-07
3189,0.939891911631615,0.969481360044616,0.010273089538769507,0.028816109036905478,0.010274308222757057,-8.83683849428607e-08
3190,0.9155316432465126,0.9573490817911868,0.011987841222753913,0.02968722567685056,0.011989635282237662,-3.5675348741825985e-07
3191,0.9644117056061163,0.9824337365995737,0.006013953396416021,0.01742221004168077,0.006014468461421201,-2.94393883715216e-07
3192,0.920084515983568,0.9607825054293079,0.006660616837988279,0.02619956969585216,0.006662438521903569,-4.840164320452089e-07
3193,0.7825662718257603,0.8904240530847986,0.014182509134863285,0.04190935757535015,0.014184711661711143,2.718257603451235e-07
3194,0.7605572399790446,0.8925508274866361,0.021749713269628903,0.056691410579969174,0.021759107281145357,2.399790445251071e-07
3195,0.9377901369918074,0.9711986809105502,0.0076501126196582255,0.025076282220540726,0.007650770745001819,1.3699180734239036e-07
3196,0.9028284031583332,0.952241904906663,0.006871909692578118,0.020497596508055736,0.006873346259062331,4.0315833327309036e-07
3197,0.9174654441734871,0.9579547291335663,0.008356869213076155,0.024979685340621255,0.008357438158298513,4.441734871019065e-07
3198,0.9054303387187626,0.9547173386303377,0.010628281377148446,0.03293271265991443,0.010629522792737696,3.38718762593615e-07
3199,0.9354774973746955,0.9687881316771522,0.0076165940682617235,0.022863203139761635,0.007618605271869302,4.973746955405645e-07
3200,0.8705771218906156,0.955091973794239,0.010910241939150387,0.03224117788242281,0.010911109736914648,1.2189061560086145e-07
3201,0.9128202990920713,0.9605058334667167,0.01045842046298827,0.030089995172446468,0.010459813384830933,2.9909207133194116e-07
3202,0.9419607412488962,0.971378523040205,0.006093350380664059,0.016200428711478664,0.006094335817092109,-2.5875110387652e-07
3203,0.8963305934175345,0.9551211559308883,0.011328980005371102,0.03476952531369169,0.011330404304041504,-4.065824654730932e-07
3204,0.8910124654386691,0.9454238522415913,0.011607158170214854,0.03315692415648067,0.01161017015253888,4.654386690505774e-07
3205,0.9197651729971595,0.9602311410588229,0.013273002587011728,0.032871823554439884,0.013275606645047337,1.7299715948659866e-07
3206,0.9313844421869092,0.9737245418430671,0.008280821186230478,0.02269004039964716,0.008281752910762722,4.421869091997266e-07
3207,0.9177240562758815,0.9610708279680105,0.009178395512207052,0.02066622832879937,0.009179697346591744,5.627588151035923e-08
3208,0.8826832450137366,0.9647675784167956,0.015372027677246094,0.04173088904965893,0.015377485159031022,2.4501373663277093e-07
3209,0.8087070132690912,0.915702857763771,0.014465298558691378,0.03985998060953641,0.014470320652776675,1.3269091270196043e-08
3210,-0.17898519418451841,0.6554155434568564,0.031979441891503854,0.08067552410030043,0.03198512185422189,-1.9418451840946815e-07
3211,0.7949210525891987,0.8960300589309971,0.018075154638574197,0.05615762794529381,0.018078408831708904,5.258919866246714e-08
3212,0.8648107594906258,0.9572345884440698,0.00876273591347656,0.026306269197590795,0.00876363840435217,-2.405093741941755e-07
3213,0.7841555226969642,0.9124852886444134,0.010804107864296888,0.04160918869732247,0.01080488615504933,-4.773030357618779e-07
3214,0.8549820845031781,0.9247314460049307,0.012692873422167975,0.03344866694387536,0.01269581542220618,8.450317812158659e-08
3215,0.9163110042827318,0.9573209965643626,0.010318145373632815,0.028994081710442918,0.010319292631310394,4.282731835836273e-09
3216,0.7556085342683754,0.8731553842073805,0.013108936005273441,0.043607113681717644,0.013112663820206084,5.342683754294697e-07
3217,0.85103726993034,0.9391498468489092,0.017711172748535127,0.04618602005452578,0.017715221996545374,2.699303399689157e-07
3218,0.8785817229349874,0.9391004339566081,0.011924975904375005,0.03246967264443957,0.011925908266158816,-2.7706501259938676e-07
3219,0.8741722265023834,0.9566108682274608,0.01088887365624999,0.030920977112901097,0.010891312612141971,2.2650238340471418e-07
3220,0.7142314986049353,0.8520978032280153,0.012313855991308608,0.04541673826789388,0.012315608241270445,4.986049353394861e-07
3221,0.8995633790979889,0.9521221336159051,0.009125613843164041,0.026034196915889284,0.00912753031601988,3.7909798888957624e-07
3222,0.9162014682028652,0.9645428248453889,0.009049525892187502,0.0263053183584987,0.00905129794624812,4.682028651448178e-07
3223,0.866010359487918,0.9418308866251404,0.01214000584804689,0.032544545334119504,0.012143479424761553,3.5948791810014313e-07
3224,0.7593078493161474,0.9252286097263027,0.01444148450146484,0.0407120277351289,0.014443401517819032,-1.5068385261773898e-07
3225,0.9055083273277547,0.9524377200228592,0.010137997857812494,0.027438282045878937,0.01014108275794762,3.2732775467891884e-07
3226,0.8219612560908759,0.9241564141236229,0.01634223295468752,0.04838256935654075,0.016349475453498647,2.5609087583866597e-07
3227,0.8679614601543305,0.9336604413249208,0.013055301010253945,0.03676247418573749,0.01305913097651578,4.601543305282618e-07
3228,0.8784985930038011,0.9488914049968428,0.011763952220898426,0.0318574587640061,0.011767124780121357,-4.0699619896500394e-07
3229,0.8882674556227682,0.9522344159444986,0.011044350607910161,0.03536278635831114,0.011045542441821609,4.556227681806746e-07
3230,0.9197105411500351,0.9596239323158453,0.010404929023339837,0.03027217064516012,0.010405974464767428,-4.588499648017219e-07
3231,0.8259278005028463,0.9331563785717272,0.017169937333203118,0.054367223823605364,0.017172010070375457,-1.9949715368561272e-07
3232,0.8882669899633209,0.9586166161496826,0.010804491701562486,0.02929599921577368,0.010808256473447866,-1.0036679154445949e-08
3233,0.9574592464279125,0.9792490010978204,0.008561389453222662,0.02252298731403073,0.008562831020381755,2.4642791252027507e-07
3234,0.9306792751781539,0.9658685610462105,0.010102412480664071,0.027079716264640546,0.010105502701957767,2.7517815381905564e-07
3235,0.8491678782146982,0.9249225614317329,0.012798931223417957,0.04006612177028288,0.012800165147434015,-1.2178530184314695e-07
3236,0.9497351595102117,0.9780398809018592,0.007023753547460926,0.018296505696575857,0.007025381934042966,1.5951021170579338e-07
3237,0.8857429603547287,0.943080235703278,0.010260745725195313,0.027652712947325075,0.010261686565670516,-3.964527128808015e-08
3238,0.8162148430682971,0.9434810183046972,0.011551135459179686,0.03399166862179214,0.011555445749065278,-1.569317029659345e-07
3239,0.9033744889435946,0.9528297937843491,0.006943264433242187,0.029748027888119456,0.006943716297663372,4.889435946120457e-07
3240,0.8625999151698748,0.9384220720724991,0.016179665362304682,0.0465397211377722,0.016186916387003047,-8.48301252576178e-08
3241,0.907295614964883,0.952645605248732,0.005831169797851559,0.02296383725822417,0.005832520625376202,-3.8503511701204474e-07
3242,0.7417909257004941,0.8761512180427942,0.015271740633447262,0.04600760838290352,0.015273163263847077,-7.429950588111467e-08
3243,0.5949971250210973,0.8144500973457426,0.015162280214648423,0.05723777490701946,0.015164219935226483,1.250210972525423e-07
3244,0.9413622585947558,0.9702429870250293,0.009219485089746092,0.025064523931286248,0.009222286783581796,2.5859475571987645e-07
3245,0.8928704240265429,0.9697937287353545,0.008589256103808595,0.02548127995633798,0.008590914560964577,4.2402654287787556e-07
3246,0.8168087198821439,0.9074311010262153,0.015054997873339858,0.048517102436254685,0.015061908148772294,-2.8011785613291096e-07
3247,0.9130375490877162,0.9609740756453319,0.0074577597723632805,0.027766192648978137,0.007458917056163779,-4.50912283844751e-07
3248,0.8673469084239743,0.9430006024300812,0.012422730976660145,0.03143192718831163,0.012426776879220416,-9.157602565146306e-08
3249,0.8286265888331082,0.9188964282767947,0.010615308318671865,0.033349227084257686,0.010616286224925605,-4.1116689175613175e-07
3250,0.8328437823237258,0.9186468962301217,0.010361193034833996,0.030410772373508147,0.010361911275480536,-2.1767627422786262e-07
3251,0.8955025086691584,0.9489693169659278,0.012278181377343746,0.03466604977832286,0.012280619212888191,-4.913308416787388e-07
3252,0.9081278663413235,0.9606136860885743,0.0071252827493164,0.018623590802242688,0.0071259987547066745,-1.336586765710024e-07
3253,0.7623877450217807,0.8800403837463621,0.012817101224414068,0.044774500481274446,0.01281882035769412,-2.5497821920517083e-07
3254,0.9093067788812677,0.9565655898487065,0.015123614954296878,0.03893799479143156,0.01513053484691308,-2.211187323242214e-07
3255,0.864103817894762,0.9442652641709545,0.01509105008691408,0.04153272417144992,0.015094231813622882,-1.821052380002186e-07
3256,0.9313414170716144,0.9708911609604987,0.00990332637998048,0.026094185829739196,0.00990467237047993,4.170716144669129e-07
3257,0.8191561743080438,0.9388155600832998,0.009163315679980492,0.030703690668868487,0.009165314679105516,1.7430804377660536e-07
3258,0.9099182971344619,0.9538987575576694,0.014932077949023443,0.03387745150965169,0.014938916348529964,2.9713446192403126e-07
3259,0.9395327716539147,0.9694792559924679,0.008800713748437503,0.027546693989263477,0.008804192483862628,-2.2834608526256517e-07
3260,0.8064379461895921,0.9019791620023435,0.011715962610839854,0.04311841940366549,0.011717606470336294,-5.381040790730651e-08
3261,0.8543510475448796,0.9318727485265687,0.010760794534472658,0.03132005316475828,0.010763669493372466,4.754487958891218e-08
3262,0.8032507768659505,0.8984792100896172,0.016204851923925796,0.04341512695980241,0.01620761914474657,-2.231340495706391e-07
3263,0.6863000608429162,0.8438186854184825,0.014379789029296874,0.049599549201245395,0.014385670803572902,6.084291614971704e-08
3264,0.5807650450726467,0.806595627827829,0.03260122781201174,0.08499485016982888,0.03261641296037595,4.5072646726040944e-08
3265,0.9156714569876773,0.9591825919210548,0.011241400211132808,0.02865680618951078,0.01124470559459128,4.569876772553272e-07
3266,0.865689267205823,0.9307677237026847,0.009735198318925773,0.036902435256728996,0.009736025418333042,2.672058229125085e-07
3267,0.8761490187986595,0.9361256432172893,0.015105726164453125,0.03863113599019053,0.015111393284496856,1.8798659517926808e-08
3268,0.641462123045345,0.8851326734903175,0.015189871143652363,0.04905017084352074,0.01519496244526358,1.2304534502405318e-07
3269,0.8513198147414285,0.923583096255563,0.015250461061035142,0.042966698709095266,0.015256510807650857,-1.852585714834376e-07
3270,0.8812225213277434,0.9415633690587345,0.00802510853105469,0.021853780015024745,0.008028633232713436,-4.786722566096913e-07
3271,0.7106265499222955,0.8857149003245738,0.020661899332519475,0.06618087445326089,0.02066883493576727,-4.5007770455018914e-07
3272,0.8038051945294702,0.931426993059613,0.010196924899902345,0.03743422820170384,0.010198811486249883,1.9452947019882316e-07
3273,0.8758774149573179,0.9367457407659259,0.014765727069433587,0.04147418102867968,0.014771562436321368,4.149573178402477e-07
3274,0.9151082019393474,0.9573383166944135,0.007719274254746102,0.02871494672116141,0.0077199630801090685,2.0193934735512897e-07
3275,0.8456391735244304,0.9327469071448744,0.009894989227832038,0.034634620446228406,0.009897381701126149,1.7352443038021192e-07
3276,0.8840609130193247,0.9408161134204688,0.008847198787011713,0.029695728030626537,0.008848180529803852,-8.698067532897369e-08
3277,0.8897770000936082,0.9488758754312981,0.016945231388574195,0.04334150503571734,0.01695344177937025,9.360812125436269e-11
3278,0.7091634062101806,0.8451435104689832,0.019949892479296866,0.05053821827125301,0.01995381285479298,4.0621018060349456e-07
3279,0.8828534024474121,0.941131166809924,0.00753078385712891,0.022108626779227463,0.0075317367415813335,4.0244741206230117e-07
3280,0.568705965446263,0.8076468728358794,0.012692178299921874,0.04636217927682085,0.012692902670041988,-3.4553737093823145e-08
3281,0.911661437525605,0.9629664772752545,0.01149252284980469,0.029821281133265775,0.011493791358639848,4.3752560496823634e-07
3282,0.9427023948980543,0.9716192285223795,0.0069371890554003925,0.019868417676617463,0.0069377455198274835,3.948980542567426e-07
3283,0.8869035865381258,0.9452987637736452,0.014059881444531257,0.03460454604667483,0.014063807743217489,-4.134618741824525e-07
3284,0.7554512237184234,0.8710655235127767,0.018689080293847662,0.05135048983875678,0.01869347617319195,2.2371842345325632e-07
3285,0.8895416294949178,0.9625176469280821,0.010410875873925769,0.027721363751306204,0.010413431456007594,-3.705050822810918e-07
3286,0.8889215290250759,0.9460714836435554,0.00951566562675781,0.03517147440703398,0.009517099192167675,-4.709749240605632e-07
3287,0.8653721532030922,0.9412227026454811,0.009532841677050782,0.035338363272224796,0.009533633528353258,1.5320309221245054e-07
3288,0.8471475224461601,0.9375978610067861,0.010080248002050783,0.03666735237491497,0.01008338044149344,-4.775538399170998e-07
3289,0.8468204969995725,0.9409924478239196,0.009036794265234375,0.03168442175805081,0.009039322617102382,4.969995724968257e-07
3290,0.9152944603867759,0.9591723120395003,0.009782261333935536,0.027403652000729025,0.009783097064198356,4.6038677581350385e-07
3291,0.8816199326871376,0.9523786960306473,0.010301809190332046,0.03051283591295019,0.010303387099458376,-6.731286239514134e-08
3292,0.9164601814215875,0.9601904666923338,0.010264472909863279,0.02669292445139088,0.010268557789387261,1.8142158741962788e-07
3293,0.8965404284287,0.9471988744495943,0.013411901867480461,0.03565882668558805,0.013417566231265922,4.284286999611808e-07
3294,0.8341636471433652,0.9159174690645682,0.01911576608408199,0.046297568870457495,0.01912231552304219,-3.528566347998918e-07
3295,0.7566433487900056,0.8845219636629824,0.017571856678027322,0.057383441184874685,0.017573709867909796,3.487900056553528e-07
3296,0.9428760962811652,0.971980991640731,0.008720087167509761,0.024381951374929645,0.008720874716914956,9.628116515170149e-08
3297,0.7687875779325921,0.8789259334275997,0.01087833278892579,0.039263458147716326,0.01087906225637741,-4.220674079125075e-07
3298,0.9550477275651394,0.9780984868865642,0.007633770280078123,0.02573672530735962,0.007634626069745083,-2.724348605598337e-07
3299,0.7934413274674754,0.9311311917762334,0.00987574197705079,0.03209542746835569,0.009877313701630367,3.274674754694118e-07
3300,0.8758195972140722,0.9382222187401893,0.01383619022373046,0.038228767377919685,0.013839639034098477,-4.0278592783327127e-07
3301,0.9256930947444573,0.9728382567939798,0.010327378298144512,0.02936225878040249,0.010328724587487887,9.474445727963854e-08
3302,0.797918162218887,0.9145617536014339,0.01002776120888672,0.03369018901138572,0.01003047500505476,1.622188869898622e-07
3303,0.5704259241305356,0.8808664882385798,0.014052698003134769,0.0495979470839801,0.014053661381903572,-7.586946437765363e-08
3304,0.8416351754657936,0.9276139999805266,0.012107578842578116,0.036349162105649264,0.012110073417188446,1.7546579356153558e-07
3305,0.837152148559825,0.9181050129781395,0.008171112178242191,0.028745127126754946,0.008171726732705971,1.4855982499728526e-07
3306,0.9212104154184865,0.9754597602966031,0.01141128948535156,0.03138858973448149,0.011413090802059758,4.15418486499064e-07
3307,0.9162907461348235,0.9599832930131491,0.012178577171386712,0.035432827814705636,0.012184898240878884,-2.5386517643610773e-07
3308,0.9031100044557129,0.9542257314020101,0.010969590652832028,0.0340970662041261,0.010972082609192853,4.455712909745557e-09
3309,0.7274198460868582,0.8775430937149961,0.017515509234472672,0.04489210128783423,0.017520330028617463,-1.539131417871431e-07
3310,0.9426515216122812,0.9724448142739477,0.009148456670214846,0.02406415309044316,0.009149631931286787,-4.783877188829777e-07
3311,0.9006014853953381,0.9491196005892903,0.008716963298339852,0.021956901858425814,0.00871810732674294,-5.146046618831335e-07
3312,0.36797647184578675,0.8830548863069354,0.013663586191406254,0.04905652231589442,0.01366519777737485,-5.281542132529182e-07
3313,0.9190160185287738,0.9597302226658319,0.0073969771118164085,0.019636024726266868,0.007398944553324271,1.852877373753614e-08
3314,0.8365775334735899,0.9205445560103557,0.013064914360546886,0.04059512080587441,0.013066744054903313,-4.665264101699762e-07
3315,0.8724560639742931,0.939660787944608,0.013426055465429701,0.035800350916479366,0.01342850747732379,6.397429308524494e-08
3316,0.8650674668445847,0.9332727525119301,0.014365434121777359,0.03782059547220132,0.014371030034168715,4.6684458465673373e-07
3317,0.9117428981118494,0.9574389784694739,0.01023572718203126,0.030332291514834853,0.01023990308516472,-1.0188815058320699e-07
3318,0.8874675223542965,0.9476765202089651,0.00798085580918946,0.025063028378327877,0.00798128732770488,-4.776457035449155e-07
3319,0.7901380264482167,0.9188225880688733,0.01558490679013672,0.03992783844552378,0.01558717489710189,2.644821672781461e-08
3320,0.9200153977351997,0.9600362271094312,0.007968646143183584,0.024423757207897513,0.007969258959672898,3.9773519966423976e-07
3321,0.9503186493456038,0.9776342819739975,0.0075091372699121065,0.0228868480335397,0.0075097887234319444,-3.5065439618620076e-07
3322,0.7257070419494857,0.8577564524904071,0.02281433536738281,0.057019367528145806,0.022825028694748548,4.194948566293988e-08
3323,0.920776094422565,0.9618046532582623,0.011304462420703128,0.02889348272523377,0.011308842340996217,9.442256498903845e-08
3324,0.8888686209542236,0.9508945552738663,0.007999362151914068,0.023692010361954084,0.007999796656229567,-3.7904577643299575e-07
3325,0.9447480444068647,0.9730104113851978,0.008307443017773447,0.02276278435660028,0.008309011618744769,4.440686462992005e-08
3326,0.9643157874310626,0.9837675358586209,0.007122452330566403,0.018447441308395127,0.007123802991503126,-2.125689373411177e-07
3327,0.7604125512877629,0.9101455891964633,0.011443723558203125,0.04549324707464903,0.011445592830677604,-4.4871223714437747e-07
3328,0.8826183005202497,0.9397925852327854,0.011398734617871081,0.03441508167457495,0.011400427842475486,3.005202496852988e-07
3329,0.943293372453566,0.97817637026922,0.01107450683378906,0.0274731595779204,0.011081728833039256,3.724535659888062e-07
3330,0.9203394066045055,0.9599430997642376,0.01068667177499999,0.02966835847682224,0.010687901178621603,4.0660450550955574e-07
3331,0.9173824407989795,0.9605046112508283,0.011739136245996103,0.032870031235269236,0.011745222164407078,4.407989794286138e-07
3332,0.8874330026380219,0.9449813340992641,0.009579563185742171,0.028350229532292007,0.009582815201284345,2.638021912027e-09
3333,0.9396886694031762,0.9695667068612969,0.008521637021738271,0.025923511262069314,0.008522487359391645,-3.305968238054291e-07
3334,0.9140422850575225,0.9561654774823898,0.011037593005371096,0.03006786447433584,0.011039158013555688,2.850575224755403e-07
3335,0.6429566644365818,0.9180862739290291,0.010723642040624991,0.03976869626090445,0.010725075643253597,-3.355634181634315e-07
3336,0.8332743202629815,0.9233261990079081,0.01639502822021485,0.04671139382572576,0.016401393089149282,3.2026298157905586e-07
3337,0.8610841259702742,0.9326258488978741,0.011671326890234373,0.034871494724761684,0.01167593462035809,1.2597027421179519e-07
3338,0.7964650968199471,0.9237456042746847,0.017460946214355476,0.050972773000463094,0.017463944354466472,9.681994717070097e-08
3339,0.833778740776762,0.9305224668581988,0.01325903181357422,0.03807920299784753,0.013263257139801624,-2.592232380971282e-07
3340,0.5083695618226821,0.7442159584132484,0.013881443089843765,0.05950629499770804,0.013883106427601476,-4.3817731787409997e-07
3341,0.8551033297358372,0.924817250315907,0.012767651395214847,0.03880516478826862,0.012770460095728058,3.29735837301115e-07
3342,0.888633455560781,0.949421937731265,0.011752060426269511,0.032821426153310566,0.011754762619328776,4.555607809875184e-07
3343,0.8494520935240637,0.9422676715001213,0.010583658233593755,0.02731309831661862,0.010586703988101655,9.352406371565536e-08
3344,0.9044258959178476,0.9689771389448086,0.008421968394863285,0.025329914634430732,0.008422695284163131,-1.0408215234125606e-07
3345,0.8573714356360375,0.9535073167435422,0.013296817045996081,0.036007747736467526,0.013298853383714705,4.3563603746576973e-07
3346,0.883124274995306,0.9473453263868161,0.009774981516210934,0.031133574249431056,0.009776194449633919,2.749953059710819e-07
3347,0.9498256228621629,0.9810587794488846,0.005062289647753902,0.015962652051529885,0.005062564905584148,-3.7713783707093995e-07
3348,0.6172358112597995,0.8282705586729779,0.018948837467871082,0.05572241938839474,0.018954912517332886,-1.8874020046855122e-07
3349,0.9230030575024709,0.9610771899755239,0.011552742355468751,0.029591005811387332,0.011556015754092912,5.750247089597593e-08
3350,0.8711527984874008,0.9414658062180017,0.009969165717714843,0.035039165162297,0.009969930307781873,-2.0151259916278974e-07
3351,0.9171130973696666,0.9745514407288052,0.007544881037597666,0.023756460977785072,0.007545435501022764,9.736966666284985e-08
3352,0.8024925565964363,0.9089723058242184,0.02150822365039063,0.058632526526530976,0.02151172905332623,-4.4340356375460743e-07
3353,0.9334536986984192,0.9747970778015074,0.008849649125517575,0.02418406151663991,0.008850476127636673,-3.013015807962205e-07
3354,0.9126484890742077,0.9571635290221754,0.01390692440410155,0.03820758793374687,0.013909051173134797,4.890742076879562e-07
3355,0.8932078461740314,0.9460860633191338,0.012245800185546864,0.0331774014575006,0.012250057586485544,-1.5382596862956177e-07
3356,0.9461980511074191,0.9732457030194384,0.007717823901464853,0.022926624833707544,0.007719146873696901,5.110741907454752e-08
3357,0.8382890787782231,0.9541367106825299,0.011987383100146513,0.03456556816034247,0.01198852605876723,7.877822316704197e-08
3358,0.9059215362062433,0.9678665701594616,0.007844845057109369,0.022077232447672526,0.007845346876484709,-4.6379375673311074e-07
3359,0.9255890780299215,0.9623918597352429,0.012899637695800778,0.03180270187615845,0.012901567144519592,7.802992152416977e-08
3360,0.9280284291352378,0.9639949425005948,0.01100574857792968,0.026519915840505226,0.011007069381126432,4.291352377894242e-07
3361,0.7591159034051769,0.8743786387991818,0.01746948231872073,0.05201896187683618,0.01747119117470654,-9.659482314017254e-08
3362,0.9103537869877562,0.955015586452172,0.01060149612099608,0.03071662671157211,0.010602707821771909,-2.130122438437354e-07
3363,0.856223245433636,0.9334479286846942,0.0151266107169922,0.04844719559871667,0.015131592065850302,2.4543363608131585e-07
3364,0.8385061054156907,0.9158831204047625,0.009729118262792966,0.03422583539321116,0.009731685802653338,1.0541569073208024e-07
3365,0.8889060120434279,0.9632171321302718,0.008904495721484376,0.03361307687854059,0.008906271288197171,1.2043427921604177e-08
3366,0.7113684831955881,0.87903611435953,0.014871821354843764,0.05032760361443572,0.01487320211361887,-5.168044119319148e-07
3367,0.8957041207834799,0.9554450212114479,0.009825125268164063,0.03499179862574951,0.009827241616730606,1.2078347999544548e-07
3368,0.7673967085717186,0.8922849034594316,0.021361887291992183,0.057939685243289664,0.021368642796094385,-2.9142828139594457e-07
3369,0.8837175686263772,0.9429430005122035,0.011947041137109378,0.029281102101088034,0.011951367533351588,-4.313736228223064e-07
3370,0.9135718369150234,0.9648164053366253,0.009737202495312505,0.0298875650023687,0.009738187724319492,-1.63084976634309e-07
3371,0.9516714232474376,0.9758137064736029,0.007408778732617185,0.02105643378330418,0.007411024708130899,4.232474375420736e-07
3372,0.9073434306192083,0.9613988496244031,0.015139253676660157,0.03882653025546629,0.015144886885489204,4.306192082914606e-07
3373,0.8869875071384585,0.9519829996802747,0.015784024770898457,0.04069931904909828,0.015790977968012373,-4.928615414678816e-07
3374,0.7199301766552455,0.8614442550392861,0.012463702638457051,0.03966016079813333,0.012464595769248188,1.7665524554288936e-07
3375,0.8726263603876204,0.9709546224187413,0.009710140205371094,0.02937623388457799,0.00971115351762712,3.6038762041279426e-07
3376,0.9226961818758869,0.9628814812656817,0.010076872212304697,0.03274234166122688,0.010078345964803791,1.8187588690654621e-07
3377,0.8612779992957321,0.928310581864072,0.009532268507421868,0.026674452399786556,0.009534706250536295,-7.042678662472213e-10
3378,0.932321294670287,0.9712796181099452,0.008079961311718774,0.026214197858893274,0.008081395065959285,2.9467028705987275e-07
3379,0.8882557379581376,0.9436381875035011,0.012060101234374997,0.032893485607678095,0.012064438757215603,-2.6204186243106165e-07
3380,0.8562796594494857,0.9382410132556365,0.015477469301562494,0.03656393719693633,0.015482356215956158,-3.4055051434389583e-07
3381,0.7624528931132631,0.8884573426242106,0.011901832408593748,0.041594632599244036,0.01190464171356388,-1.0688673690584238e-07
3382,0.783207019089366,0.9026515515169071,0.008659910401562483,0.032070007067672435,0.00866089148656394,1.9089365976832084e-08
3383,0.7881476461642233,0.8888508001487665,0.011604023011054683,0.04641217863612071,0.011604869412669491,-3.5383577667857935e-07
3384,0.42171332261241423,0.6624848508006648,0.022175947946582043,0.06350934348086663,0.022179025219794212,3.2261241422748554e-07
3385,0.8375679931020237,0.9478823641675522,0.013383216335546871,0.03720820167354778,0.013388031002179621,-6.897976301267761e-09
3386,0.4352406387540767,0.6959788513448195,0.02534064195888668,0.07017864389307138,0.025347355246479478,-3.6124592328601324e-07
3387,0.8836331673243023,0.9401196008561273,0.009897177725566426,0.03190385749959603,0.009898047263475616,1.673243023025961e-07
3388,0.8998991682594212,0.9495064682353794,0.007816293662500001,0.022702306524958377,0.007817768561153194,1.6825942117382198e-07
3389,0.5772518320011022,0.7867722605500704,0.019472361438867207,0.06389063305336277,0.019478945137273624,-1.6799889779317567e-07
3390,0.7893061055279189,0.9120035613897371,0.010181651278515625,0.03423178787731472,0.010184312880452035,1.055279189587921e-07
3391,0.952915063102658,0.9762413314221863,0.007689001557128911,0.018457965898019,0.007690724236289784,6.310265809883475e-08
3392,0.9036340028211235,0.9536934118849687,0.011288705614550785,0.03840690486408136,0.011290034651462874,2.8211234459618595e-09
3393,0.9056879427979214,0.9604292014532586,0.011594451004687504,0.02950106459357232,0.011598590561376463,-5.720207862935922e-08
3394,0.8830272148625229,0.9409526491272098,0.013724672930175775,0.03390344974418388,0.013730170353083444,2.1486252288482888e-07
3395,0.9011556684910892,0.9599230835536554,0.008710872124218758,0.021823757556065027,0.00871235857107906,-3.315089107669422e-07
3396,0.7960397992961266,0.896182285147278,0.01215994346523437,0.04407383940049227,0.01216415528575583,-2.007038734097577e-07
3397,0.9111502491444108,0.9620579126978346,0.008540566776562503,0.028823956024835222,0.008541328695795457,2.491444107688423e-07
3398,0.8940346028199198,0.9553847735722141,0.012810632218750012,0.033278130571840946,0.012812403347732986,-3.971800802693437e-07
3399,0.9007276291989497,0.9615298060116796,0.007640429270507821,0.027945873902052634,0.007642080618668802,-3.708010503089554e-07
3400,0.8592172137275418,0.9274814035883343,0.011884162280175792,0.03792836065982139,0.01188824583317826,2.1372754177573228e-07
3401,0.680563748491418,0.8330129059278197,0.02089312885625,0.05795500634219187,0.020899455152673895,-2.515085819609908e-07
3402,0.6420633563128423,0.8104149754381467,0.011153560702539048,0.05476244974272144,0.011154881403686135,3.563128422312545e-07
3403,0.66167984797161,0.8218508440984532,0.01825056211064453,0.05296896993412553,0.018254556388302395,-1.5202839009909042e-07
3404,0.9653372537980773,0.9844690432284671,0.005853326970312488,0.017216674606898352,0.0058549745291136155,2.5379807733205695e-07
3405,0.9387992596687197,0.9698201096705311,0.007814092024121103,0.02217213225565892,0.007815816894406784,2.5966871963767346e-07
3406,0.7293269201640324,0.8599531074770504,0.022333702487011727,0.06288946306390701,0.02234251006758069,-7.983596750360533e-08
3407,0.7503786512105507,0.9148700997566982,0.010847397181347664,0.03949184654257804,0.010849828292608343,-3.4878944932259515e-07
3408,0.8782613610877752,0.9439420315591273,0.012400185426171866,0.03880845779197086,0.01240442004460581,3.6108777523580216e-07
3409,0.9346848842071663,0.9690112868519486,0.00801725020585938,0.020689659664105915,0.0080193810051126,-1.157928336548153e-07
3410,0.8951929704542178,0.9509806740484822,0.008391812901269531,0.025945315892544847,0.008393807390776406,-2.9545782265216758e-08
3411,0.9287676587450122,0.965761883691878,0.00806162721367187,0.021638784183986418,0.00806281092058709,-3.412549878234472e-07
3412,0.9446388991217906,0.9719455888693379,0.008031064758203123,0.022978114395041004,0.00803210786395509,-1.0087820945248183e-07
3413,0.7815243326757368,0.9035045548251955,0.011350873783447278,0.043505671650551296,0.011351660457944161,3.3267573684714336e-07
3414,0.8995604279377822,0.9508789928735909,0.01275996051083984,0.03361425409810414,0.012761465233071522,4.279377822102859e-07
3415,0.8662844727096021,0.9659693203917774,0.011858796590429677,0.03057245130403959,0.011860459131474477,4.72709602017396e-07
3416,0.9093332579674089,0.9549431703400633,0.008481133034667977,0.024311366524299334,0.008482817216591285,2.5796740898975656e-07
3417,0.9093179026115055,0.95369500866819,0.009278950686523431,0.027861573813991725,0.009282106087436272,-9.738849449103526e-08
3418,0.9495261153935463,0.9747812432462588,0.007641548679882804,0.02302070960652291,0.007643953202315076,1.1539354627387866e-07
3419,0.2781560041049703,0.7663763767435277,0.02018735415703124,0.06412756750826319,0.02019240769879057,4.104970308116407e-09
3420,0.9055844219638975,0.9571196092615594,0.009904065912246098,0.028614940093788503,0.009904996358384264,4.219638976010742e-07
3421,0.900989888846128,0.9604423629629683,0.012499072594042955,0.03802908666724165,0.01250067300520512,-1.1115387199556181e-07
3422,0.4137511414428785,0.8177466465453603,0.016130398572851593,0.059853852774466636,0.016134774735196533,1.4144287852069226e-07
3423,0.9454139411610519,0.9731134528568415,0.00711548232197266,0.018246217697561216,0.007116250779564217,-5.883894804714629e-08
3424,0.7559143028290187,0.91901919617355,0.013112697909472669,0.03779575626571618,0.01311603411702671,3.0282901875011703e-07
3425,0.8914525800385078,0.9487856998098668,0.011912228478027332,0.03503035259691957,0.011915105878393095,-4.1996149224843293e-07
3426,0.9052065962859474,0.9518562147342151,0.009027970441210946,0.025556853490761804,0.009028905886422653,-4.037140526325089e-07
3427,0.8489607144668855,0.9291412749940618,0.012623980921972672,0.037120100318230105,0.012626491728893893,-2.855331144857587e-07
3428,0.8624891051863381,0.929363079262487,0.011111984774609377,0.034669836695048674,0.011112774900794892,1.0518633819511791e-07
3429,0.5853336359300316,0.8101543059159568,0.023684465533984383,0.06985827687743444,0.02368878377659229,-3.640699683948867e-07
3430,0.8791074801516056,0.9386710332602423,0.013187607597167951,0.036689173764808285,0.013189212279825951,4.801516055863431e-07
3431,0.9332377880323989,0.9718093327740414,0.008462061109833972,0.029617960393767302,0.008462823743542739,-2.1196760113806334e-07
3432,0.81516918035899,0.9417027890354204,0.011178944436621102,0.038148877525792706,0.011181194817559819,1.8035898996515698e-07
3433,0.7711793572246688,0.8908293908337457,0.013811799579980483,0.04097745716519332,0.01381371180519882,3.5722466884546833e-07
3434,0.8221646770101932,0.9105663240363824,0.013240856307421878,0.04804573308034556,0.013244583432534169,-3.2298980678913125e-07
3435,0.8937569358053464,0.9485422326310985,0.008766221496191409,0.02508473397140752,0.008768606350179547,-6.419465359286392e-08
3436,0.8820198268203313,0.9431547477750988,0.007991567021582036,0.030636540347704327,0.00799329312127517,-1.7317966871654988e-07
3437,0.886867337658504,0.9424722937745899,0.012003994810156252,0.03648411406996321,0.012006646832305247,3.3765850404599007e-07
3438,0.8705335408942348,0.9336893570186046,0.007481997630302728,0.031083678071852108,0.007482489314851792,-4.5910576518259916e-07
3439,0.8953329250887967,0.9586299201410032,0.014169610517285162,0.03951248548824514,0.014171352941814768,-7.491120335156864e-08
3440,0.9059924597654856,0.9521747916869117,0.011708053881249991,0.03076536213476688,0.01170937088454367,4.597654855720279e-07
3441,0.9529785301562459,0.976344791679003,0.006569817804501956,0.018550277487572424,0.0065702310153317265,-4.698437541250655e-07
3442,0.9120492302374422,0.9657788285108719,0.010333919113476562,0.03298019543141161,0.010334991583821207,2.3023744222250286e-07
3443,0.9681786292615651,0.984188359194901,0.005831641728935547,0.014806830654132805,0.005832088696597359,-3.7073843495161185e-07
3444,0.8505689512235198,0.93444695673564,0.008657079049414058,0.02777484675031134,0.00865845920521383,-4.877648018819514e-08
3445,0.9217597261371205,0.960253018722441,0.00903414865328126,0.02765227995181517,0.009034919026493955,-2.7386287948516497e-07
3446,0.9024436765043986,0.9550411336286454,0.008305219539453122,0.028437992391229117,0.00830646876424222,-3.2349560141753386e-07
3447,0.8338448612409,0.9156464423948837,0.013955315443359382,0.04121035806723431,0.013956947607892102,-1.3875909998795066e-07
3448,0.8677726273918385,0.9531540448872257,0.008301666061074226,0.025993777349238335,0.008302121037066106,-3.726081615473831e-07
3449,0.7950231727527768,0.8936850308207087,0.00879221195634766,0.030981270281215192,0.008792580043994776,1.7275277675032896e-07
3450,0.9461950866829983,0.9727552892187343,0.005387463341708981,0.013454303642906692,0.005387939602110702,8.66829983348083e-08
3451,0.8337072819228448,0.9282713822163307,0.014256658151464844,0.040262265485141904,0.01426095868046014,2.819228448469602e-07
3452,0.9127962369154914,0.9554408680115847,0.011031560757910147,0.02968586196216268,0.011032703487826223,2.3691549133619816e-07
3453,0.7542789914235117,0.9454162801753706,0.015113614148964833,0.04025253948166022,0.015114970069549809,-8.576488297329377e-09
3454,0.9403906083426169,0.9709334063402277,0.009818905790039079,0.027135830677083545,0.009821972400368738,-3.9165738308089004e-07
3455,0.903587159134263,0.9678843375263095,0.011774617244140629,0.036559253971167896,0.011779170079487237,1.591342629891912e-07
3456,0.8939379029443627,0.9563017867402689,0.012120619634667984,0.029772590506461576,0.012124278775950546,-9.705563730477706e-08
3457,0.9030596208927265,0.9520977095350092,0.011491680517773453,0.03400846234281789,0.011492962362344613,-3.791072734626866e-07
3458,0.8785314462699548,0.9627776564031888,0.007587472666445307,0.02544559935506103,0.007587938109278981,4.4626995487906385e-07
3459,0.7939791165457248,0.8925192944306927,0.016474605861523422,0.04691711810602366,0.016482552053717372,1.16545724848649e-07
3460,0.9005400913348542,0.9562498873468662,0.008207641182441402,0.024531900576672663,0.008208416192615104,9.133485423529208e-08
3461,0.7388238472663025,0.8647050011001604,0.015361964358007829,0.044190283406314895,0.015365900390246622,-1.527336975781779e-07
3462,0.9161092334253059,0.9606444180418944,0.006236436271708997,0.019803461356739965,0.006236970842105655,2.3342530597325606e-07
3463,0.8268952233541371,0.9299080364921958,0.009400563519902346,0.032870915888669215,0.009401195041512793,2.2335413707441631e-07
3464,0.9116993753366563,0.9655968582497146,0.009917442051074218,0.030753271015286167,0.009919443847415678,3.753366563108429e-07
3465,0.7700474001530558,0.94791013071781,0.014663065798046876,0.04078018936561313,0.014667025490119305,4.001530558017663e-07
3466,0.9316172982296345,0.9686772280666356,0.009174176740234382,0.025759047348841574,0.009175171818813716,2.982296344322677e-07
3467,0.8133692288093248,0.9251473712286159,0.010538525598925782,0.03765010309453661,0.010539790274684714,2.288093248203893e-07
3468,0.8562281856140068,0.9311345487987086,0.015736539292285166,0.04060952484259552,0.015739355088093394,1.856140068312584e-07
3469,0.7567423626692802,0.8965890559658818,0.01656207041269529,0.05014347544281533,0.01656453845935467,3.626692801628195e-07
3470,0.8503231886843938,0.9271017368533144,0.0085430517753906,0.026959770241063122,0.008544376913407285,1.886843937759508e-07
3471,0.9277706188834246,0.9643077853561671,0.009077863236816414,0.024235566296253255,0.009080439665376385,-3.8111657540973454e-07
3472,0.44884276456834593,0.6865090007062281,0.022404316197656225,0.07386750785917087,0.022411919591537512,-2.354316540609247e-07
3473,0.9040455894620356,0.9540703120597238,0.008845166600976574,0.03092272364688122,0.008846043589422748,-4.105379644014917e-07
3474,0.9310291313247167,0.969146684311758,0.006412011751865234,0.018345213270433536,0.00641242326835899,1.313247166567777e-07
3475,0.8797083590360277,0.9393402949765938,0.009091621648535159,0.02408584195256121,0.00909300862605481,3.5903602768616594e-07
3476,0.9167128757888241,0.977247506905817,0.01280464458789063,0.036273136418137134,0.012806471487396782,-1.2421117590033504e-07
3477,0.13646603572557336,0.9026480586152715,0.02077263553554687,0.058854689125753694,0.02077626010786701,3.572557336073423e-08
3478,0.9529397726261843,0.9813100139091271,0.00697291152958985,0.020143923650729246,0.0069739360830929015,-2.2737381566440007e-07
3479,0.9122467830742031,0.9574132476524666,0.008842185511328132,0.02446114089755939,0.008844012659580364,-2.1692579688092906e-07
3480,0.7723567058038036,0.9105827930206736,0.016571991052539047,0.045555567538416615,0.01658054438501655,-2.9419619640425054e-07
3481,0.6089053007329549,0.8570497501406948,0.017733816166503893,0.049611347859404284,0.017736480246140895,3.0073295487209606e-07
3482,0.7334803934378955,0.8635937073979648,0.012492447821093731,0.04324100054022355,0.012494135905045277,3.9343789548507146e-07
3483,0.867804063100821,0.9328503695030694,0.013626029252929703,0.04287537126673313,0.013627704592509797,6.31008210127959e-08
3484,0.9309887998540092,0.9717825112714329,0.010374622162207034,0.02891219265619066,0.010375747684925628,-2.0014599078077566e-07
3485,0.6960746972922895,0.8408012759779043,0.011601636802832034,0.04284371219238519,0.01160237682713913,-3.0270771045337597e-07
3486,0.9532914038434382,0.9781302790319703,0.006374323257128904,0.02025981872049572,0.006375055508754751,4.0384343824584334e-07
3487,0.9036888265237457,0.9620828687783048,0.013274491862988272,0.03581090386255586,0.013279690474041896,-1.7347625425045976e-07
3488,0.8833356966014322,0.952739546526862,0.012636229239257816,0.03427035098427807,0.012637789649893908,-3.0339856782468644e-07
3489,0.8990935931940034,0.9497402503345664,0.010595068033300771,0.03362961268257026,0.010597891123913508,-4.068059965556259e-07
3490,0.9280870884901862,0.9642714576886908,0.008172590405468753,0.02214736034645026,0.008173501675709379,8.84901861786247e-08
3491,0.8742540029264649,0.9483279833517102,0.011697277727539047,0.03801405049544969,0.01170128035408644,2.926464959251973e-09
3492,0.906506829067499,0.9547660840539848,0.009928359219628903,0.03338501885314824,0.009931537770552524,-1.7093250093136447e-07
3493,0.8045997253341208,0.9093700262411019,0.007516822574843745,0.030920401592719877,0.007517192985655691,-2.746658791519252e-07
3494,0.9540062374571505,0.9811651948354533,0.005329972683642578,0.01580425685532472,0.00533037766047123,2.3745715049816596e-07
3495,0.8727742229279635,0.946788868760991,0.015719239109472632,0.03841305582225359,0.015723616344132208,2.2292796342249233e-07
3496,0.9435192477337742,0.975517401265997,0.007053484765332037,0.022241837521434406,0.007054791884227138,2.4773377416131837e-07
3497,0.7565688720539109,0.8998238425154339,0.021048629228417933,0.05853578687823298,0.021052606564744787,-1.279460891678852e-07
3498,0.8989627652256085,0.9514255474447112,0.006907145150195312,0.027612046571541086,0.006908505647739325,-2.3477439148322787e-07
3499,0.9415677396011051,0.9737322568782638,0.009352091105566408,0.026874178780853682,0.009353366856168081,-2.603988948912672e-07
3500,0.8874608583833993,0.9423242018119673,0.009041288167187512,0.03801790990724222,0.009043091158807954,-1.4161660077949279e-07
3501,0.8806139582744529,0.9448481875447472,0.010291275212207074,0.029434502532641266,0.010294996816494248,-4.172554712855714e-08
3502,0.8873085506104152,0.9440314590754207,0.012710955372460944,0.033923192843476384,0.012716015584974429,-4.493895847668128e-07
3503,0.7546203427922713,0.8712805857310275,0.0171934592649414,0.05815963821376063,0.017195590777067792,3.427922713461484e-07
3504,0.8979127508889022,0.9510725284563398,0.012026695518261705,0.03343571577731962,0.012030355054823506,-2.491110977498323e-07
3505,0.8821830687808969,0.946379851281797,0.01023530283515624,0.0334462810886756,0.010238212704137264,6.878089686690458e-08
3506,0.9166634812305475,0.9634797058518788,0.006742031111367182,0.01787645486482479,0.006742465067746283,4.812305475221379e-07
3507,0.9007162341044301,0.9499817485114754,0.010620576737890618,0.03182478629152938,0.010624535650239702,2.3410443017457538e-07
3508,0.788339856659646,0.8919427634247048,0.015417887513085952,0.04412121108304486,0.015421865631133286,-1.4334035403074097e-07
3509,0.8735623633587526,0.9371640293724339,0.011170811749902365,0.02829364578571442,0.011172720355554359,3.6335875264192907e-07
3510,0.9283012117804706,0.963738617819916,0.010220949400292976,0.025445331566623396,0.010222313330849308,2.1178047060477212e-07
3511,0.9179848589860681,0.9641947432047561,0.01082648218652344,0.026076880538962274,0.010830781172678841,-1.4101393197574197e-07
3512,0.7339782811468412,0.8846264426539648,0.024976952602246107,0.06811974999497108,0.02498195588094753,2.811468411412221e-07
3513,0.814803847264886,0.9043083669724895,0.02045984247080077,0.051985348918279876,0.020470788231974586,-1.527351140007127e-07
3514,0.8583146357428804,0.9312158496297578,0.013502522595605474,0.03816267945030599,0.013505253338923249,-3.642571196893485e-07
3515,0.8557667580645569,0.9276337716754366,0.015564808011230499,0.04429623301297032,0.015570127000165659,-2.4193544312378634e-07
3516,0.9099470727131395,0.9545586224046777,0.010149043054785147,0.030568371021587423,0.010150086584171858,7.271313950951708e-08
3517,0.7615170993995813,0.904646696575025,0.015613118298535147,0.040477172215929565,0.015615162021871182,9.939958134363991e-08
3518,0.847092914321935,0.9237282802412545,0.01338442835966796,0.0388709198464738,0.013389928548651847,-8.567806497605801e-08
3519,0.7725272964498777,0.9436747753904539,0.014702288229980468,0.040432216325970896,0.01470530759432121,2.9644987775689913e-07
3520,0.8885119090278056,0.9575053555131867,0.008804196292773452,0.03141258734710683,0.008805461099519778,-9.097219433318315e-08
3521,0.8864743448665159,0.9582500749887682,0.012067162605468749,0.029051233819295693,0.012070719706545918,3.4486651590004413e-07
3522,0.9293800883519275,0.9678838580891965,0.012826186695214821,0.03222751332751222,0.01283052757704206,8.835192755185517e-08
3523,0.5040244114849853,0.8874291460498097,0.01496820800931642,0.04179586624721903,0.014968878680794696,4.114849853076308e-07
3524,0.8793609557756993,0.9406343092402907,0.007959415676269515,0.028458148109222762,0.007960731614660125,-4.4224300665973715e-08
3525,0.9345352344581662,0.9745186442848979,0.012883692626269524,0.0335878290988031,0.012889931729612662,2.3445816621503468e-07
3526,0.804815621273292,0.9043925456528371,0.012896863632617193,0.04015948698493619,0.012899714968844275,-3.787267079946588e-07
3527,0.9398310178028304,0.9745922475113471,0.008830863033691409,0.025376116131710168,0.008833450803704495,1.780283043206765e-08
3528,0.7532572942384667,0.9071857414646312,0.015759030559960915,0.03999217957467575,0.015763512605805528,2.942384667026232e-07
3529,0.7890367152832143,0.8907043085977189,0.018427478484277327,0.05055269365461442,0.01843613784604292,-2.847167857034094e-07
3530,0.7253378391177567,0.8972664479623202,0.008896973682324236,0.03855301888518593,0.008899395700920978,-1.6088224330523815e-07
3531,0.8546548316266764,0.9349087553895012,0.011178126978906256,0.044008750362033756,0.01117930809181098,-1.6837332361685498e-07
3532,0.7596797124257705,0.8798966734570822,0.00952785998437499,0.0339904667664159,0.009529176076035366,-2.8757422954051037e-07
3533,0.8779755493024456,0.937552181538172,0.0082666063989258,0.028604668324510203,0.008267897526205338,-4.5069755438831294e-07
3534,0.6443687398150008,0.852103969846809,0.01715132423408204,0.05132982394453163,0.017153740533988895,-2.6018499921232063e-07
3535,0.8813830190547948,0.9392561030981383,0.009630416490136724,0.031755605317375556,0.009631978854898861,1.9054794742068282e-08
3536,0.9488982244693291,0.9764636761139954,0.00931245747871094,0.02431373501375128,0.009313651040787754,2.2446932912423279e-07
3537,0.9478220069984503,0.9763842657427446,0.007524142343945313,0.020576154755232345,0.007525666898813641,6.9984502637510104e-09
3538,0.845134822175672,0.954361293285109,0.008332688977070317,0.03247918541626477,0.008333288452758388,-1.7782432792934344e-07
3539,0.6203857856784624,0.8228042312190713,0.01395726700332031,0.04866047157909538,0.013963817684337514,-2.1432153762823702e-07
3540,0.8836041215180087,0.9549689977149355,0.01081560080506834,0.037292661996416086,0.010816643313908098,1.215180087665857e-07
3541,0.872020884622634,0.9368784597346222,0.013908262188574204,0.03754734815124152,0.013909987963223833,-1.1537736599454007e-07
3542,0.9605138011743416,0.9832703528982295,0.0064887794369042915,0.018738969959250132,0.006489295335883494,-1.988256583818071e-07
3543,0.8791276170053661,0.9718215176008749,0.008988568533105468,0.029128367982356913,0.00898958506100083,-3.8299463389623867e-07
3544,0.8227769134091174,0.9119423484982387,0.01838648004501951,0.04828589766147606,0.018388671562763546,-8.659088257534364e-08
3545,0.7070425544867129,0.9393770411337935,0.013828424524707025,0.03908539961832249,0.013832291784508722,-4.455132870395673e-07
3546,0.9273138335535275,0.9646748058439153,0.010588002525976557,0.029122272805634432,0.010589298706966923,-1.664464724937531e-07
3547,0.8644009250523239,0.9484383795912278,0.012143481722568364,0.03490688151876143,0.012144598628878183,-7.494767606530672e-08
3548,0.7349446774097168,0.9044655452947041,0.02424530093261721,0.06040088739875914,0.024249632777893305,-3.2259028315273497e-07
3549,0.8720473299029168,0.937697860283308,0.011998476785351556,0.03632963849351768,0.01199996798057261,3.299029167624923e-07
3550,0.809555287809087,0.9016870460029872,0.01228063020898437,0.04146639783827326,0.012284865219711021,2.87809087007318e-07
3551,0.8188469726467866,0.9202482623243324,0.012233278245898416,0.032514932245034114,0.012234746003107849,-2.735321336100327e-08
3552,0.8237621696095105,0.9341147716528014,0.007828333689550786,0.02828255459404676,0.007829704618370441,1.6960951054745266e-07
3553,0.9432511041987433,0.9744067116621571,0.008355902252197251,0.023736259261678126,0.008356665559305337,1.0419874330036549e-07
3554,0.741430749357731,0.8837795617463018,0.013535335275195329,0.04384287688582366,0.013539748378808697,-2.5064226893967145e-07
3555,0.8448800345629259,0.9251982222025957,0.019733022645996093,0.054590071894922536,0.01974601017149478,3.456292596570876e-08
3556,0.9167261929980893,0.9617244482849296,0.00790749481484376,0.02124154864813187,0.007909770959801304,1.9299808928785467e-07
3557,0.9245537787740002,0.9694943224124609,0.007894476269570315,0.02610173393757859,0.007895229738345931,-2.2122599974139234e-07
3558,0.9679338132494334,0.9863301820686771,0.006564430436865234,0.015893255719978853,0.006564931499813063,-1.867505665664737e-07
3559,0.9101102336762091,0.9548652656053064,0.008321503439941405,0.01980056675122259,0.008322966997899228,2.3367620916037168e-07
3560,0.8298463309839623,0.9158993231344508,0.011826029087988299,0.03934775753081722,0.011830987875006783,3.3098396234887417e-07
3561,0.8089797669301992,0.9001534092435154,0.015526412373437503,0.04017645045221655,0.015529046671221859,-2.3306980079240702e-07
3562,0.8178662968121635,0.9082864264761928,0.01820282243916017,0.05066521665599514,0.018207257295525362,2.9681216351384876e-07
3563,0.9087039670930501,0.9575352551929752,0.012597454032128915,0.029463613250142375,0.012599359382850945,-3.2906949831712495e-08
3564,0.8750107401116887,0.956813154771063,0.009456897416308611,0.02640912913339853,0.009458262063817441,-2.598883113158479e-07
3565,0.7780634940614527,0.8847310178207387,0.015805500400585936,0.05168796413796565,0.015811302837244537,-5.059385472794276e-07
3566,0.9123670156731482,0.9662993520856106,0.009097424201855461,0.02200951487371247,0.009099268202223933,1.567314811268261e-08
3567,0.8555676309667946,0.9619216372229289,0.008740735688574211,0.028964676215204155,0.008741315021237745,-3.6903320543846263e-07
3568,0.9648278926875687,0.9826371569008749,0.0064063683875293,0.015176072423709025,0.006406876402790336,-1.0731243127448664e-07
3569,0.9275853900588535,0.9674412021767034,0.00856687700771484,0.022879653016946975,0.008568563236695597,3.9005885354992387e-07
3570,0.7313120192700886,0.8783468287457388,0.021902519388769515,0.05993378021953636,0.02191100244809512,1.927008863589208e-08
3571,0.9153108043472206,0.9596124313641462,0.008886621180175752,0.03086072768327851,0.00888838473970221,-1.9565277942223958e-07
3572,0.8817626293887872,0.9478137666689145,0.013050047040234379,0.04067777551730076,0.013051556416189552,-3.706112127188632e-07
3573,0.9008735137398289,0.9570112484550202,0.012108650029980465,0.034449757879139786,0.012110395735048395,-4.862601710176051e-07
3574,0.9566020855605839,0.9791250661640436,0.007027024879013673,0.019547708063725938,0.00702763916157952,8.556058395114974e-08
3575,0.9273674785540514,0.9713930529051646,0.0075701012014648475,0.027241792520504078,0.007572226451315133,4.78554051386304e-07
3576,0.9352520737620941,0.9716412833249676,0.007335491314550793,0.02220370142963425,0.0073370352806352585,7.376209409937218e-08
3577,0.6134197479370436,0.7945099408076951,0.015538110353613275,0.049972993151223374,0.015539913947105802,-2.520629563962373e-07
3578,0.5315452092351358,0.8119827087387748,0.013391994056835952,0.05126297100804118,0.01339528703364272,2.0923513577297825e-07
3579,0.9204622645500431,0.9599410699089642,0.008457445777539067,0.024917897166447024,0.008458504207933464,2.645500430942249e-07
3580,0.8021382625967162,0.932998708672797,0.01969883658886719,0.05759026887337232,0.019705116745539295,2.625967161495879e-07
3581,0.9273226662394545,0.9634417267702373,0.008638587503134777,0.025790579163449078,0.008639382122314217,-3.337605455344672e-07
3582,0.7697464639560145,0.8882144851191538,0.014260484306054705,0.04094224620153301,0.014263151688004495,4.639560144958921e-07
3583,0.9154880943967061,0.9581947530682237,0.007200298040781239,0.019520395656960562,0.007200573221199723,9.439670611843809e-08
3584,0.8413442461949444,0.9385241677910466,0.014221535734277336,0.0354169299846271,0.014223509169367635,2.4619494443101075e-07
3585,0.32440766165056134,0.8794235447132899,0.015463330478124997,0.05200135528898325,0.015464055939979215,-3.383494386333119e-07
3586,0.9337303409036423,0.9677280616794696,0.00918954611992188,0.02374518932703676,0.009191996810141026,3.4090364231520454e-07
3587,0.9112016287133133,0.9613298575822647,0.014029097155859366,0.03715434596911839,0.01403127725995112,-3.712866866178999e-07
3588,0.8624667478095603,0.9322089301339183,0.010559858144824219,0.03475352646133807,0.010564038681430929,-2.5219043964241905e-07
3589,0.841278320021875,0.9257225642489361,0.018589235138769557,0.04667758219303579,0.018598238106918696,3.2002187499990953e-07
3590,0.8555417091663189,0.9345754555372883,0.014844332779394535,0.04062972178894574,0.014850079800372493,-2.908336811380252e-07
3591,0.7070473667246873,0.8425108086481848,0.01141026364140626,0.05007332638984622,0.011411862112344196,3.6672468728404795e-07
3592,0.8712270757074415,0.9570466396737213,0.011349033954785164,0.03721694167563217,0.011350990074309966,7.57074415380643e-08
3593,0.9501174309076716,0.9750035544584046,0.006347037692714841,0.022842105589107382,0.006347583601725685,4.3090767165576693e-07
3594,0.9283116909838237,0.967336119855373,0.00647974819707031,0.02291917639684394,0.006480285684342314,-3.0901617631418077e-07
3595,0.9484396184868326,0.9739326850663051,0.008155026630468756,0.02194110476181312,0.008157479246758616,-3.81513167391212e-07
3596,0.946787005525119,0.9825490613131929,0.009244777240039068,0.02676724781879437,0.009248559688234683,5.525118917937277e-09
3597,0.9200369226461468,0.9599730894087932,0.009334405901171891,0.027326383930899298,0.009335903355796812,-7.735385321172572e-08
3598,0.7196122212858114,0.8567143096322674,0.018347932189843763,0.05353849188784478,0.01835640841195053,2.2128581134150949e-07
3599,0.8268979179686121,0.9245168312332999,0.020408830796289048,0.05548668254178335,0.020415880785784525,-8.203138790463527e-08
3600,0.917439974933891,0.9590622132208355,0.011804978493847653,0.02980112998065047,0.011807442879565283,-2.5066109077265253e-08
3601,0.8818866246955682,0.9445685074725221,0.01294132531113283,0.0350647153230362,0.01294285214445461,-3.7530443175448625e-07
3602,0.8761047914268578,0.9474218436933662,0.01060659525083984,0.031356132724873406,0.010607489142570911,-2.085731422019066e-07
3603,0.7456404200609263,0.9332548099553406,0.012819242731474619,0.04231903634420955,0.012820287620299665,4.200609263760313e-07
3604,0.9104160163443145,0.9757984718333342,0.006516080897978524,0.021651171943251217,0.00651643182686038,1.634431445740603e-08
3605,0.8724259664058677,0.9356042103519108,0.01214379068288086,0.03456014689899532,0.01214494763208885,-3.359413236481146e-08
3606,0.9458455074118003,0.9730476924626186,0.00734566330263672,0.01847923907096243,0.007347907294006259,-4.925881996742376e-07
3607,0.9228466335571969,0.9646414563743325,0.008538775032226572,0.027160662506342432,0.008540458736693988,-3.6644280310138555e-07
3608,0.6505111615096385,0.8755415371637996,0.014349029647548795,0.047619359929560894,0.014350290266304591,1.615096385521042e-07
3609,0.8472144648470046,0.922023503873493,0.017693465678710933,0.049202672258435345,0.01769579387538037,4.6484700455540207e-07
3610,0.8766107370130978,0.9393879539516568,0.013558671176855499,0.03708672859055018,0.013563049239633926,-2.629869022552356e-07
3611,0.903626825467721,0.9537198750457021,0.015464559582812497,0.037919596810681806,0.015470675985728564,-1.7453227896258028e-07
3612,0.9398889704630059,0.9697751475422702,0.008770834141015628,0.02131646512224864,0.008773720084272435,-2.9536994072820733e-08
3613,0.8797409532686506,0.9522742077796487,0.009226340708300796,0.02820883504989614,0.00922729941640559,-4.673134934574108e-08
3614,0.854103620148144,0.9269607358852056,0.010746617430468746,0.034852408821920165,0.01075034551806516,-3.798518559694486e-07
3615,0.761942091269331,0.9461090854642313,0.008164897760771478,0.03224304410689088,0.008165315742222831,9.126933098180245e-08
3616,0.9149762999394561,0.9667157997876149,0.009101080005390618,0.02355815732969263,0.009101939924635868,2.9993945604989136e-07
3617,-0.05790810531366919,0.815902351113508,0.018044941680566397,0.05990168372583134,0.018047605406057737,-1.053136691880896e-07
3618,0.8739878640838591,0.9416002333358405,0.012022579230859377,0.034843076942248453,0.012026780423391519,-1.3591614089758508e-07
3619,0.8910477593488925,0.9446609020993573,0.011340287893652353,0.03357055065157518,0.011345943012317181,-2.406511074859452e-07
3620,0.917356369031154,0.9723336432206189,0.006489176885820313,0.021489881490049996,0.006489609914906092,3.6903115407938003e-07
3621,0.9354980433215477,0.9694093585841218,0.007685614996796867,0.023829215130635063,0.007686246807360506,4.332154768249552e-08
3622,0.8401461953902927,0.930905615219537,0.009824202267871108,0.026559981600343972,0.009825322718197922,1.9539029272319652e-07
3623,0.7621338355238141,0.8770961949717551,0.01606998083623048,0.04139815332336099,0.016075067857361718,-1.6447618589321422e-07
3624,0.8479497125786596,0.9309438934482782,0.012068422448437486,0.03321072634452753,0.012070042728559358,-2.8742134039472234e-07
3625,0.8839660749308975,0.9427991506455694,0.01543375542089844,0.038258100373471625,0.015436901904545669,7.493089748678017e-08
3626,0.7543533961048328,0.8864938809615773,0.017218710564355463,0.05064586221356458,0.017225352779242073,3.961048327116856e-07
3627,0.8833514692373364,0.9421407488094709,0.012658232428417954,0.0386582707468344,0.012661793774433687,-5.307626635975282e-07
3628,0.8528283623538079,0.9284786742958305,0.008456830839697265,0.03229431014278122,0.008457498120314285,3.623538078478816e-07
3629,0.8077159122591914,0.9495116600049748,0.009855577366015613,0.031816022978598056,0.00985676938555016,-8.774080861861933e-08
3630,0.9513543035057216,0.9772068293713453,0.006968367249814449,0.018441533910563964,0.006968928525436277,3.0350572155501965e-07
3631,0.7349019870804325,0.8746967968601498,0.015594923322753907,0.04150281270670033,0.015599983406691623,-1.2919567526914477e-08
3632,0.9366206776747563,0.9686865712619013,0.009258441372851567,0.0235775680657275,0.009259902679019332,-3.223252437178914e-07
3633,0.6682093184436697,0.8223877219212906,0.017134387424199225,0.048492831346046705,0.017135918746275566,3.1844366965572135e-07
3634,0.8866738057263491,0.9439295960564399,0.008560430901367192,0.029109338358938648,0.008562719300087947,-1.942736508331322e-07
3635,0.8342370697682878,0.9468212615947448,0.015081256193359352,0.03865019394978572,0.015082917818083698,6.976828781368738e-08
3636,0.8336312638489238,0.9179162383645616,0.016082351599609357,0.043814378927511104,0.016087019943405195,2.6384892382047553e-07
3637,0.7593277765198901,0.8917181279678654,0.015892841672021478,0.05124422643753262,0.015894239638425022,-2.2348010986217304e-07
3638,0.9468786301202065,0.975413064656627,0.007820261563671868,0.020074157994884167,0.007822104744096295,-3.6987979357139267e-07
3639,0.9251570384052032,0.9633417567003958,0.006664008170458986,0.02175387258553867,0.006664662981927789,3.8405203239832986e-08
3640,0.9053228426512464,0.9558858287675185,0.007904665834960935,0.022004942925964513,0.007905936169481178,-1.5734875358219824e-07
3641,0.8041474958434698,0.8973116192535981,0.02095242563916016,0.05354018259243104,0.020957082288174635,4.958434698387748e-07
3642,0.8512342730477291,0.9309532246139393,0.017070458803906233,0.04717001489450041,0.01707731075208433,2.7304772909353403e-07
3643,0.7002537329083325,0.8811747885125345,0.01699139533603516,0.04927389903385184,0.016996381103757643,-2.670916675606705e-07
3644,0.8589464050434201,0.9444343163450338,0.006720178358320322,0.02304697139719166,0.006720433063069433,4.050434201374742e-07
3645,0.9066173148687001,0.9609885239869999,0.012572779283300774,0.033579463454012776,0.012577168259729928,3.148687001131023e-07
3646,0.6355438446933647,0.8063857003344087,0.01887856223740233,0.058428939057329814,0.01888058567920986,-1.553066353299215e-07
3647,0.7613184748223731,0.8970483322621841,0.009906684760351558,0.03646657202844942,0.009909680633199289,-5.251776268311303e-07
3648,0.8808126858505334,0.9570463782095295,0.009922289043916007,0.030197500596233877,0.009923234415573927,-3.1414946655150544e-07
3649,0.8939645401629925,0.9495178989979275,0.009098790438574214,0.022899000858319224,0.00909922599568357,-4.598370074715419e-07
3650,0.9010594747582451,0.9564963106332676,0.015557259686230491,0.03808973965444197,0.015563884375795626,-5.252417548673449e-07
3651,0.8985135399144751,0.9498099814015404,0.009037214946083973,0.026738059762887335,0.009037752348552612,-4.600855249003999e-07
3652,0.7165816809523928,0.9146795247257572,0.013167725687958992,0.03761110008480249,0.013168535874622612,-3.190476072223447e-07
3653,0.9149548598488385,0.9583542574783519,0.006260209441171874,0.026369124212429023,0.006260679065476943,-1.401511614540496e-07
3654,0.8811579197587357,0.9436846136682048,0.01072201582070314,0.029373429661134806,0.010723244894369469,-8.024126429972966e-08
3655,0.8905576092344376,0.949789473038943,0.01588912946650392,0.040322733522866576,0.015894855314739543,-3.9076556235251303e-07
3656,0.8088926067715185,0.9043039662351958,0.016080177087988298,0.046258928431127444,0.016083318661922513,-3.932284814434084e-07
3657,0.0588302884765336,0.6913941343993577,0.017903878330078126,0.06793210381791912,0.017906374460771583,2.8847653359836967e-07
3658,0.478223132934554,0.7075919271823283,0.0167239778863867,0.06521653830434364,0.016725528542250866,1.3293455397578313e-07
3659,0.888989308921196,0.9517318255934287,0.011260899190166021,0.025831697173120914,0.01126168943496368,3.0892119595726797e-07
3660,0.8383283839823122,0.9198329505085213,0.013738660561132815,0.04046226556303188,0.013740235093144796,3.8398231227976254e-07
3661,0.9163709854270433,0.95775162508319,0.009150828365000006,0.02622809385323861,0.009151561113018843,-1.457295673024106e-08
3662,0.8861790397466085,0.9484947574220766,0.009259902628945297,0.029167183614877076,0.009260761521328643,3.974660844896505e-08
3663,0.8173292135545858,0.9175001140643557,0.01387473207529299,0.03555216203922644,0.013877702147800175,2.1355458579286335e-07
3664,0.8732903197988562,0.9350386805263613,0.007892666470205085,0.023982729495311095,0.007892968824977918,3.197988561742804e-07
3665,0.8085501268706619,0.9338070695926303,0.0102980762,0.029976519703721068,0.010299691434689676,1.2687066186511942e-07
3666,0.9035274161372001,0.9682737230639512,0.011530676227929689,0.03776343990387547,0.011533932364301702,4.161372001432184e-07
3667,0.9353611171844722,0.9680310258917328,0.006820146280371097,0.021760235394944108,0.006821350659407792,1.1718447223696415e-07
3668,0.9323087274460966,0.9658000387467836,0.008645795274609352,0.022755224920789727,0.008648666721042005,-2.72553903446493e-07
3669,0.9275805095368441,0.9728963625535743,0.007420011515908212,0.02239671426951677,0.007420690720005122,-4.904631558666495e-07
3670,0.16349437377860565,0.46512607719518095,0.02517248529953127,0.08340162703282383,0.025173526390741063,3.7377860565013243e-07
3671,0.4495655751152391,0.8038450577201726,0.013688065052490239,0.05518175226776118,0.013688737720757795,-4.2488476093005545e-07
3672,0.7632453349737549,0.8780841941154018,0.01863433276953126,0.051897106778547655,0.01864180403548096,3.3497375495628035e-07
3673,0.8804876435329109,0.941529569346903,0.012848640004296872,0.032038027311842104,0.012851517989942511,-3.5646708917980163e-07
3674,0.9538547011525712,0.9774316838975992,0.007637500396582039,0.022126618997992772,0.007638342862261192,-2.988474288034837e-07
3675,0.9281214921079841,0.966897265186179,0.008758711888281251,0.02453646758174643,0.008760826586239546,-5.078920158885225e-07
3676,0.932109017195344,0.968793586733183,0.0074570110063476615,0.021867723358452,0.0074579911967062595,1.719534403754608e-08
3677,0.9436947707614308,0.9797932546680044,0.005264835508398439,0.0179987863125767,0.005265505037899477,-2.292385691271548e-07
3678,0.7094917019730982,0.905969280576584,0.014901591623828115,0.04233542236985552,0.014908519418991366,-2.980269018237891e-07
3679,0.9042951223207116,0.9627979466197725,0.010898569719238284,0.031076093711673552,0.010899712353523843,1.2232071167073144e-07
3680,0.8884437710259566,0.9496589937784498,0.009617345459179692,0.03165539835588546,0.009620753831539777,-2.289740433925047e-07
3681,0.8750299588504156,0.936175590322728,0.011978579034667987,0.033705787228049386,0.011982119879301003,-4.114958440659677e-08
3682,0.9534192404761375,0.9776227081333211,0.007897148313710934,0.018847760336282302,0.007897777041999114,2.404761374474873e-07
3683,0.4435012353264617,0.7595758126377748,0.014300914604296873,0.05517618151189052,0.01430275643460536,2.3532646170609794e-07
3684,0.9286473348570525,0.9684422742761302,0.00725901281074218,0.024468919871262106,0.007260103838092667,3.3485705253077924e-07
3685,0.8812612089086574,0.9404069422643069,0.01122519166611328,0.0333856186185966,0.011229560131201808,2.0890865748413034e-07
3686,0.8424080233555147,0.9216110028667666,0.015971526403515644,0.04195391015835662,0.01597807624677945,2.3355514633394137e-08
3687,0.860270438324358,0.9434729949761981,0.014731354910644517,0.043793594144795917,0.014733317647861602,4.383243580319274e-07
3688,0.8416570673190072,0.9197616500855362,0.014232983978027339,0.040381736936397114,0.014239177865191658,6.731900725753803e-08
3689,0.8650714161066169,0.931991661282053,0.009934689391406248,0.026320731300038404,0.009936292170976661,4.1610661682955907e-07
3690,0.8385440026675435,0.9408906676072304,0.016043328526953123,0.04128576741159108,0.016045567531864747,2.6675435194079e-09
3691,0.9136243078674757,0.9645318411073168,0.010839028432519524,0.028892681880580477,0.01084286605677729,3.0786747573507967e-07
3692,0.47368883782084403,0.9103972118124505,0.020987139571249997,0.059355520499545227,0.02098869795793637,-1.6217915599359145e-07
3693,0.9385200411516583,0.9694022327647747,0.008374416271093766,0.023647120261266797,0.008375047976675008,4.115165830320677e-08
3694,0.900003072955888,0.9625423846384307,0.007707405783779295,0.025497996832926428,0.007708124529392663,7.295588799749453e-08
3695,0.9471715970252338,0.9769495327260879,0.007073490441347653,0.018987493787755473,0.007074113239839845,-4.029747662226413e-07
3696,0.9403523128784247,0.9737038257473023,0.008870716109277348,0.02030894008107655,0.00887338068700313,3.1287842472416116e-07
3697,0.8369238183551817,0.9174010874275218,0.01516208140683593,0.039321430371945514,0.015170504380346188,-1.8164481829785473e-07
3698,0.872703525106571,0.9382329883450873,0.015104252434765614,0.0449575186380021,0.015107619347517878,5.251065710032421e-07
3699,0.89016998344637,0.9449394881390267,0.00832797289755859,0.02577563904198874,0.008332313273700447,-1.6553630022286825e-08
3700,0.820528772573853,0.9140356160867,0.011709644243945331,0.03785248905867104,0.01171333757641655,-2.274261469148442e-07
3701,0.6048138937458793,0.9058596489012533,0.013586580606542973,0.04999741580704838,0.013588642782282275,-1.0625412061315842e-07
3702,0.9483573141174529,0.9738813190642261,0.006448659625878915,0.01878485249551586,0.006449792855773633,3.1411745293752347e-07
3703,0.8475477013758862,0.933879120668014,0.012583408377929673,0.0391538254504893,0.012584740304055337,-2.986241137703516e-07
3704,0.6525312629809707,0.8109756683857622,0.019532476165722675,0.06250861159473654,0.01953723119370857,2.629809707777042e-07
3705,0.8602142117583034,0.9362472640650936,0.015218112258789064,0.040791010482865105,0.015224235021358496,2.1175830333675094e-07
3706,0.6707454410854177,0.8360794508363145,0.021724238566113274,0.057051003660956494,0.02173033529200077,4.410854176351009e-07
3707,0.8093374219932253,0.9073247016896737,0.008966819927343744,0.032249295024161864,0.008967934567176587,4.21993225363515e-07
3708,0.6412783176519756,0.8104066818910456,0.01914534247109374,0.059317295653168324,0.019148432428741802,3.176519756120655e-07
3709,0.9675009196757073,0.9837375076688228,0.005324319744042967,0.014972229187124169,0.005324694649882855,-8.032429277271547e-08
3710,0.9295018742083468,0.9730522024973365,0.010303387286523443,0.028838303315221497,0.010307438350989438,-1.257916532049208e-07
3711,0.9472794180066532,0.973593904011859,0.008164176652607422,0.023357203601904915,0.00816490828064478,4.180066531800364e-07
3712,0.830455335372527,0.9134602870670918,0.015714532645703105,0.03965229423762474,0.015721114040130293,3.3537252697168896e-07
3713,0.7485825200889631,0.8742951367421051,0.02107695893876953,0.05816077885921696,0.02108476862110056,5.200889631185035e-07
3714,0.9374049488640616,0.9686677372745109,0.00863235742578126,0.026991458819053654,0.008633267855676247,-5.113593848360409e-08
3715,0.8679422118614808,0.9365251176027662,0.008585828055273442,0.02879657987276336,0.008587315732155659,2.1186148080332146e-07
3716,0.8061101547400066,0.9170701905084667,0.020388113459667977,0.05676140193230125,0.020397758323474992,1.5474000658599607e-07
3717,0.9313112927993006,0.9678876602643773,0.00851940613447266,0.0210351034899691,0.008521761485434024,2.927993005830132e-07
3718,0.7539533797473047,0.8718034957394114,0.017810411228320305,0.05017515570170417,0.017814252524499287,3.797473047129074e-07
3719,0.6827471474292004,0.8904060132523084,0.01827129479335938,0.04724414250132605,0.018276860062522382,1.474292004033373e-07
3720,0.8911212340414009,0.9654338321772916,0.010322811008398446,0.02389651103790556,0.010325090664516083,2.3404140081506597e-07
3721,0.890458231289692,0.9441879181623394,0.009757264218749999,0.028506772650586678,0.009760080167799771,2.3128969206531735e-07
3722,0.8105586136815475,0.9608979013150404,0.008354184744726557,0.031109018396927896,0.008354606937519637,-3.863184525609853e-07
3723,0.8289023966379886,0.9289823641802805,0.015974950266308578,0.046402870720052,0.015980722733482316,3.966379885644855e-07
3724,0.7828481153881254,0.9015291217263519,0.018034998787500003,0.05325106554222269,0.01803758550172029,1.1538812538791632e-07
3725,0.9120359035487436,0.9551313386161413,0.009268009669453119,0.02810078318320423,0.00926879346865972,-9.645125631507767e-08
3726,0.9114744401543422,0.9594529712206518,0.011494977132519539,0.03183428129068339,0.011498350463386405,4.401543421961307e-07
3727,0.9396770529095928,0.9704898827363532,0.007399952427968749,0.020629896289372906,0.007400398477736497,5.29095928181178e-08
3728,0.922087496112448,0.9606163249769135,0.012454667572753928,0.0307014125017444,0.0124571964882815,4.961124480118428e-07
3729,0.6902083842503992,0.9149412502684985,0.018042369570410142,0.05020970969505852,0.018048616189253797,3.842503991657864e-07
3730,0.9082323281103633,0.9603765397351104,0.007995729759179688,0.028979301805125923,0.007996888559512048,3.281103632124527e-07
3731,0.9301314695353584,0.9674381332870357,0.009299289699511715,0.02467874508284439,0.009302835615779487,4.695353583716866e-07
3732,0.8952601023425982,0.9477988992029334,0.010893860727246083,0.029233834811242896,0.010895992898720475,1.0234259828489911e-07
3733,0.8998025087303282,0.9548348274090409,0.012225204799707018,0.036305001805611664,0.012228706815187148,-4.912696718317733e-07
3734,0.9388754382718306,0.9756382681354013,0.007705310056249998,0.019626312822477458,0.007706325679076303,4.382718306050748e-07
3735,0.9268528017273108,0.9639254662515127,0.00871943127314451,0.026709914897679474,0.008720639546531793,-1.9827268926686514e-07
3736,0.932046869268053,0.9727373295101459,0.01133872672041018,0.028896186577322326,0.011342635845293637,-1.3073194693458134e-07
3737,0.9316397054733951,0.965443757075744,0.009137853265624994,0.026615724423717332,0.009140640366615162,-2.945266048826056e-07
3738,0.6090833604987318,0.8148421438023353,0.014318726786230472,0.05010483246068345,0.014322120438448178,3.6049873175514335e-07
3739,0.9469393163699552,0.9773336273438239,0.008458477577978516,0.024343202914470674,0.008459220323577325,3.163699552333199e-07
3740,0.7608327028492992,0.8785846609268969,0.017662356454394523,0.055570792965609045,0.017664143903247408,-2.9715070082314554e-07
3741,0.9602861938545327,0.9828261753901362,0.006085061163769533,0.01658358305963415,0.00608658500058162,1.93854532759552e-07
3742,0.8660891571344067,0.9434324511259924,0.009547833385595707,0.03223273074838958,0.009548540443939274,1.5713440670861445e-07
3743,0.9015462248853778,0.950722869606888,0.008471076203828119,0.02786395728236958,0.008471716842256689,2.248853778752391e-07
3744,0.843498873467059,0.9207616539227148,0.010477169095605449,0.039851092362467366,0.01047824409324518,-1.2653294101383494e-07
3745,0.4313756106443555,0.6812754126845184,0.020080526866796882,0.06080489210032466,0.020083101592720233,-3.8935564450337523e-07
3746,0.9211287797703755,0.9614991563801899,0.00957476061795898,0.027498351492040485,0.009575564776665837,-2.2022962442580507e-07
3747,0.9001462177780949,0.9670623252696323,0.010015699565224618,0.028595344592276247,0.010016616268817126,2.1777809489087474e-07
3748,0.9301299256064922,0.9649277465051569,0.011006083672070314,0.029759478024882255,0.011007479916961129,-7.439350779847587e-08
3749,0.9058548586901807,0.9533723197906666,0.012520869807714857,0.031669156523129995,0.012525459752420764,-1.4130981929039166e-07
3750,0.3901831747447717,0.864165777871473,0.01543741594110352,0.04979005328308681,0.01543867041335569,1.747447717082018e-07
3751,0.9355921026312943,0.9676029587659292,0.010466713849902345,0.03009935877634693,0.010468262080740257,1.026312943519514e-07
3752,0.9023647050072958,0.9681586677674943,0.008423619749677737,0.02421083280183216,0.00842427522779073,-2.949927041528966e-07
3753,0.8911370953570557,0.9444966321551503,0.013357703790429694,0.03956193948850909,0.013362286472093931,9.5357055696077e-08
3754,0.9037687467845502,0.950803903837208,0.014535694946484379,0.03941566571476377,0.01453798028645565,-2.5321544983025746e-07
3755,0.9552970726482038,0.9800104842893046,0.00967794883925781,0.02397054831957412,0.009679013858900859,7.264820389707438e-08
3756,0.956424760511842,0.9780339679462923,0.006093944753457025,0.01872388308961146,0.006094400986592114,-2.3948815797147915e-07
3757,0.8112190877498837,0.9541183193831865,0.014908223411621114,0.03587971459617736,0.014913749212220728,8.774988369264491e-08
3758,0.8575765276763602,0.9409160115426124,0.018006716887304708,0.05065140226722193,0.018014109838351326,5.276763601624879e-07
3759,0.6816595282795408,0.8739555319838539,0.016734084595898424,0.04531272451546324,0.016736780938170548,-4.7172045924970263e-07
3760,0.8884760470802663,0.9474280840740779,0.010374727410683595,0.03100553693857777,0.010375731441370642,4.7080266241117386e-08
3761,0.7923393826450668,0.9207286047532317,0.010086144967392581,0.03322482916291552,0.010086629082619506,3.8264506674323684e-07
3762,0.8622610432033954,0.9307698862498573,0.012103345685351565,0.035742396844146616,0.012108578127681287,4.320339530572426e-08
3763,0.8667570740640126,0.9338458594159541,0.010957595098242182,0.030037509898969823,0.010960546441294265,7.406401258958084e-08
3764,0.8182273066503679,0.9108719519070599,0.018655487053554697,0.05102617011117726,0.0186573182766199,3.0665036787613786e-07
3765,0.830557611786139,0.9353631585381541,0.013529172866601573,0.042221429794536317,0.01353053502209469,-3.8821386105780675e-07
3766,0.6432213544864723,0.8262331002109083,0.020841707210644506,0.05367821560485755,0.020845110771148066,3.544864722870855e-07
3767,0.909889654244916,0.9626066944448042,0.011507125422753898,0.027801610549834356,0.011509659139550456,-3.457550840080259e-07
3768,0.9217130025084768,0.9605731344736441,0.010849223084960924,0.028287371016842623,0.010852960586286379,2.5084767596439406e-09
3769,0.819678306282617,0.9227706310573973,0.013791857252832012,0.04644410840618668,0.013794731420989876,3.062826169353272e-07
3770,0.8358025731406749,0.9175910086013797,0.0123606721276367,0.03507214885934221,0.012365017646160704,-4.268593251088859e-07
3771,0.913830899383461,0.9645839980113019,0.00813450299023437,0.026767220418074267,0.008135496600400017,-1.0061653898940648e-07
3772,0.9391642422956117,0.9693813509259727,0.00847872837861328,0.025875060846883288,0.008479637423727905,2.42295611685428e-07
3773,0.8413425001968963,0.9302484078521989,0.014633432697656263,0.04770978364129936,0.014635437353026186,5.001968962359271e-07
3774,0.9437020458106434,0.9719710014713566,0.007218441237763681,0.022381644329002224,0.0072190766190892396,4.581064338982088e-08
3775,0.9174554326051158,0.9617187998151483,0.010730748394921873,0.027541459881805935,0.010734329045061433,4.3260511572995597e-07
3776,0.9198006675597166,0.9639178667543425,0.008659854481250001,0.023882318390474028,0.008661092647669962,-3.324402834126161e-07
3777,0.7972414459799113,0.9147028500732669,0.016384095368164077,0.04565787612683824,0.016388125086850808,4.4597991133432657e-07
3778,0.7844212335083858,0.8969344584523796,0.01924097198613279,0.04769387206286163,0.019249583246774105,2.335083857385456e-07
3779,0.5999474799495663,0.7830684575907364,0.02510249214501952,0.06425908814237155,0.025112968162832566,4.799495663121434e-07
3780,0.8658836686575946,0.9387730580912776,0.012943362935937515,0.03664278352025274,0.012944921948550943,-3.3134240540189097e-07
3781,0.9025968054675073,0.9518266518319589,0.011218387798535175,0.03244517688216771,0.01122235239976838,-1.945324926699854e-07
3782,0.6429195391840975,0.9130116073972909,0.01514501260908204,0.04737971048842159,0.015148648296792187,-4.6081590254765104e-07
3783,0.7294026362906275,0.8825216370230765,0.01791927043261717,0.0558728295311413,0.01792269772737413,-3.6370937250840285e-07
3784,0.8759738740205769,0.9478098410206794,0.010361801984863273,0.038298404854871015,0.010363998242531643,-1.259794231156519e-07
3785,0.9107848208190314,0.9545371039927308,0.008412042962597663,0.02323607752264746,0.008412915042005751,-1.7918096850699783e-07
3786,0.7623210214454845,0.9193696695909572,0.01635874545634766,0.03914861327350467,0.01636312131170245,2.1445484499338363e-08
3787,0.9113729690217546,0.9619570412242386,0.006960929496591789,0.02228484552864349,0.0069613671490427395,-3.097824541331562e-08
3788,0.8652711557545587,0.9362516912708485,0.012389706090625008,0.036196040180731484,0.012391832588578004,1.557545586949871e-07
3789,0.7630326839014065,0.9194717354882561,0.010335131579687505,0.03784581571766842,0.01033726027587491,-3.16098593411418e-07
3790,0.8979132996830357,0.9575872030549963,0.008059195065625014,0.030548184267093912,0.008060493446685208,2.9968303572047716e-07
3791,-0.32977027714735874,0.6260477856847679,0.027424349915517558,0.08528701515644382,0.027426016764597647,-2.7714735872930163e-07
3792,0.8963327891952281,0.9488485178927267,0.012238715690722659,0.037885584151120665,0.012240469671687605,-2.1080477197177316e-07
3793,0.9241313038820711,0.9621459287726616,0.010312872927216795,0.027735189791551124,0.010313820970443114,3.038820710621337e-07
3794,-0.024776902657299926,0.7733524120798877,0.018701948346289052,0.058376132131917155,0.018704287519449664,9.734270007416557e-08
3795,0.9174955179579025,0.9640543553019939,0.008794671272656249,0.025043919359086834,0.008796032747233756,5.179579025682557e-07
3796,0.9330201190305362,0.9679056837220973,0.008417412200478527,0.02542747782288726,0.008418228220505076,1.1903053620532233e-07
3797,0.8266267138183728,0.9146772057673825,0.016194067027539047,0.04018133591680273,0.016199993351226776,-2.8618162717375384e-07
3798,-0.5358892187318576,0.7183015701611676,0.023634264454287093,0.07476995461183038,0.023636507673265982,-2.1873185762633085e-07
3799,0.8846311621581923,0.9408684426190881,0.013466359359570319,0.03951649739874615,0.013470960593820372,1.6215819231835127e-07
3800,0.8324338625052858,0.9493511467888287,0.008370713239541016,0.03088364899475362,0.0083712334283211,-1.3749471416968362e-07
3801,0.8943898087287435,0.9596151512483768,0.010878582459082027,0.03287440135026975,0.010881079463342679,-1.9127125649998078e-07
3802,0.8721352226460017,0.9413656716423795,0.012589260981445315,0.035625742917987945,0.012592053463218407,2.226460017462628e-07
3803,0.8041861537823991,0.9280567941596785,0.01237689107304687,0.03761541672320303,0.012381038439874655,1.5378239914820568e-07
3804,0.9120871290434126,0.9664127504273621,0.010834864946093732,0.026039730397638454,0.010836585399236105,1.2904341262220953e-07
3805,0.6184283779976147,0.8162747255741175,0.01381664172692384,0.05428404573976062,0.013817564524680082,3.7799761476442484e-07
3806,0.9259684457160653,0.9623335873087503,0.006965817663964847,0.022664693424159242,0.00696722806850839,4.4571606527821217e-07
3807,0.9405719005743118,0.9708084572927848,0.0067997267076074265,0.017304929219654087,0.006800242862633293,-9.942568812704167e-08
3808,0.8352395186077588,0.9152364738864229,0.01562754941210939,0.04069490255457905,0.01563264868049675,-4.813922411806004e-07
3809,0.9468829226948426,0.973489075250585,0.009086376476171873,0.024895129824422494,0.009087794985547269,-7.730515738657573e-08
3810,0.8978444643644212,0.9543806989592056,0.010252203476855468,0.0375038674143618,0.010254809699823363,4.64364421248753e-07
3811,0.8366664852329513,0.9388480386786806,0.015666750435644528,0.046508083530097756,0.015673243637923658,4.852329512639031e-07
3812,0.9145821372742003,0.9571484677115158,0.00823567819558594,0.02085823374197306,0.008236172357773595,1.3727420034026494e-07
3813,0.9118007322551392,0.9565319240311224,0.009322482167675785,0.026593275242370516,0.009324401116371372,-2.6774486072689285e-07
3814,0.9351926461140443,0.9678931091104573,0.008826989179619158,0.022331731972455977,0.008827773236396084,-3.5388595576169024e-07
3815,0.935606178561384,0.9679146087133059,0.0112739310583008,0.028226037545290513,0.011275750698355796,1.7856138390115461e-07
3816,0.8270269729575842,0.9107738978719548,0.01762879595546874,0.049131240565950626,0.01763105017515199,-2.7042415751132864e-08
3817,0.9175712917513171,0.9592511872824256,0.008996668698085936,0.023932877208184305,0.008997389377188468,2.917513171052377e-07
3818,0.8172741107932953,0.908934213119204,0.009915501633466795,0.03362190925135267,0.009916289530565676,1.1079329531593629e-07
3819,0.6903947050030843,0.854502655592051,0.01834089596757814,0.053430591983972375,0.0183495154910043,-2.949969156729182e-07
3820,0.7743338233416117,0.8833007739188178,0.019378405224511733,0.05237934513375262,0.019386928513150183,-1.7665838825120517e-07
3821,0.908618831459853,0.9542325114276793,0.011111598848242185,0.028137845892570068,0.011113549568477807,-1.6854014694978048e-07
3822,0.9257456718888287,0.9671963627308806,0.007952193433398435,0.026787050292314894,0.007953666119105083,-3.2811117123277e-07
3823,0.8908358639943077,0.9466494692318929,0.008665700010898447,0.030840114276709164,0.008666355532557648,-1.3600569226390746e-07
3824,0.8731127465011228,0.9401907892144012,0.014810051862597646,0.04698356399296951,0.014817977294798711,-2.534988772229241e-07
3825,0.8942839848175879,0.952003200010368,0.008985556241074218,0.02123769498222778,0.008986379657740292,-1.5182412105296805e-08
3826,0.8168626200213113,0.9102578570664009,0.018489209742871084,0.049257078223569624,0.018497332737408452,-3.799786887359602e-07
3827,0.894710214974113,0.9487919259856479,0.010060651253710947,0.026543076938873696,0.010061886097676095,2.1497411295534619e-07
3828,0.896658949234885,0.9471199764748557,0.013884874708496095,0.030583231037922157,0.013888108726825684,-5.076511500057279e-08
3829,0.80782841863114,0.9042897407139227,0.013028695495605475,0.04037889618653611,0.01303322274322733,4.1863113997564483e-07
3830,0.9277136549307815,0.9632030538580331,0.006280805890468746,0.02355804765432968,0.006281236595427405,-3.4506921853250105e-07
3831,0.9012525610635845,0.9692862222826628,0.00991576675646485,0.02940387639914262,0.009916668662505535,-4.3893641543668593e-07
3832,0.9119180528819968,0.955406862801086,0.008008519745507814,0.02285596804593856,0.008008958786216828,5.288199678155081e-08
3833,0.7648959789146456,0.8930054830993789,0.0138757233709961,0.03695980183919641,0.013877664208131898,-2.1085354462435646e-08
3834,0.7181197020930685,0.8723437866531164,0.020871045602636706,0.058899543410787465,0.02087906792514745,-2.97906931456815e-07
3835,0.8571611738084752,0.9279897993791517,0.009807611973535163,0.0355883194950265,0.009809730943106016,1.7380847527892485e-07
3836,0.8071491933373485,0.9048547950185258,0.007824865577607424,0.029873954842837818,0.007825618324381839,1.9333734846416206e-07
3837,0.7630192332560027,0.9126387611626943,0.015341891224902362,0.04565020303576353,0.015345866666806771,2.3325600273516045e-07
3838,0.9346187715703729,0.9776718563120371,0.007236398145507808,0.01971029709692821,0.007237345299782128,-2.2842962710267756e-07
3839,0.7245227531882529,0.8560720935234497,0.017549874312695293,0.04933244384850485,0.017556040505001428,-2.4681174715102117e-07
3840,0.9201051315991351,0.9738324921873361,0.008118848491884764,0.02252967166010383,0.008119347417420635,1.31599135144711e-07
3841,0.8759035658128725,0.9559040691495682,0.00890202969501952,0.019851417537160434,0.00890313991033414,-4.341871274737841e-07
3842,0.8902657088372296,0.9547070133695682,0.01377717541347658,0.04208047665911883,0.013783471268972902,-2.9116277044938244e-07
3843,0.8163375237986806,0.909191866602697,0.0139241900126953,0.037954174723498754,0.013928506126638348,-4.7620131937708976e-07
3844,0.9102504543198945,0.958132140716021,0.007256349835644525,0.018752316894304184,0.007257163818006979,4.543198944828575e-07
3845,0.847355232116459,0.925508740971615,0.01294512631093751,0.041458617854055295,0.012949602278807088,2.3211645905352185e-07
3846,0.9605953810429688,0.9802363049372538,0.006106478689150394,0.015492008991971897,0.006106867941218311,3.810429688444472e-07
3847,0.9376754494873994,0.9692415123838499,0.00595116692445312,0.017886588283087902,0.00595143493655339,4.4948739941208515e-07
3848,0.6636381849266307,0.8460066841797232,0.01640011146484375,0.046525963379834355,0.016404723134363725,1.8492663078628624e-07
3849,0.897779481294064,0.9484778893460797,0.008818254307324212,0.02279940180191909,0.008820313749151031,4.812940640475105e-07
3850,0.9090882236795746,0.9565273774081826,0.008542105621015624,0.026591724022730988,0.008542829023591355,2.2367957464020094e-07
3851,0.804840460636051,0.8992940774447352,0.020609844356054712,0.054504532482048264,0.02061881959007618,4.6063605096957616e-07
3852,0.8417172018662166,0.9223551399878337,0.016244898551562494,0.0426879757744911,0.01624985402417145,2.018662165204077e-07
3853,0.7518136832005332,0.8922763976429746,0.011246810572460937,0.043097734354281714,0.011249326302049304,-3.167994667707674e-07
3854,0.9527253349177728,0.9762212382336659,0.006163041862011723,0.021548926317863374,0.006164855952868438,3.3491777273741974e-07
3855,0.9086960108811016,0.9599211481786074,0.010956193011035164,0.028434234768173063,0.01095990046588531,1.0881101686344152e-08
3856,0.8872274239927956,0.951319610248127,0.011627501846777358,0.03291696096379861,0.011628707940315933,4.2399279565064063e-07
3857,0.8184389997746705,0.9140301711319538,0.012983264207324235,0.039450196812736316,0.012985269475742404,-2.2532953281029222e-10
3858,0.8985760350059262,0.949942687908224,0.01116317154277344,0.02728476909101831,0.011166200584606585,3.5005926157793965e-08
3859,0.8706300261017352,0.953962894730479,0.009930517767675784,0.02837031959493479,0.009933536312082434,2.6101735217665123e-08
3860,0.819522799249206,0.912338772812774,0.013321577667968735,0.04023655576679734,0.013325659417390726,-2.0075079398829132e-07
3861,0.8539911278366049,0.9256953025962938,0.01384395073027344,0.038119343921162764,0.01384882899275008,1.27836604968401e-07
3862,0.5392169381962256,0.892959706699472,0.019895660256738317,0.053175139205515656,0.019898964350425437,-6.180377432052353e-08
3863,0.7742745381817504,0.8910816101772268,0.02007153809814453,0.05336251451204674,0.02007913639674986,-4.6181824964186546e-07
3864,0.8483442217064524,0.9229761976226002,0.010518136065527341,0.026567004982169486,0.01052091895590455,2.2170645241903486e-07
3865,0.692936968133725,0.8541111090352299,0.013770285726269522,0.04732246844085784,0.013772246078794174,-3.1866275063130445e-08
3866,0.6343097148735235,0.8914434046602926,0.01830468453476565,0.052616306729643854,0.01830862034254241,-2.851264765402206e-07
3867,0.87822663054718,0.9418350235010965,0.012820398181152347,0.03491035327125494,0.012824817524780143,-3.6945282000377944e-07
3868,0.945993228628466,0.9767624032891361,0.008087613137695324,0.022908777967254813,0.008089958016071262,2.2862846604798648e-07
3869,0.9335173797674268,0.9673102675129892,0.00978877757578124,0.02806320480484809,0.00979211615763751,3.797674267280726e-07
3870,0.8436388054580666,0.9195117101285155,0.016985607146972663,0.045116977215823424,0.016991437084048003,-1.945419334514753e-07
3871,0.936454718334441,0.9687844704195043,0.0074578424541992235,0.021236021344230048,0.007459293733642111,-2.81665558987676e-07
3872,0.8531875071883015,0.9422318132537247,0.013031422503613272,0.037515253519487916,0.013033818294068886,-4.928116984492803e-07
3873,0.8538186172486157,0.9334074755290045,0.007931030012304689,0.022461512813529014,0.007932492366479199,-3.827513842535879e-07
3874,0.7462710683681675,0.8848840350435085,0.017446342891503895,0.04618180672634519,0.01744883216981937,6.836816746069729e-08
3875,0.9506908849720843,0.9774035884924874,0.007014007471874997,0.02005490514109714,0.007015891954485755,-1.1502791563700043e-07
3876,0.6002764564776246,0.787933404503708,0.014814594690820304,0.05452167065046614,0.014818481397705448,4.5647762458855823e-07
3877,0.9040948180463912,0.9513947114900292,0.013194898208593753,0.03637753905037149,0.013198375649298115,-1.819536087355189e-07
3878,0.9618708562387862,0.9832023841984723,0.006548822915136725,0.0170365360890087,0.006550390945756203,-1.437612138222022e-07
3879,0.9163474563534465,0.9587774468694235,0.012442845827343733,0.03357646348843098,0.012446265832183124,4.563534464763208e-07
3880,0.933215620069366,0.9674601608932033,0.006936228187558592,0.021148853899352567,0.006936890097148656,-3.799306340646069e-07
3881,0.7152801012274616,0.9045610919846985,0.010594331160351552,0.039382366946294975,0.010596589058235583,1.0122746152418927e-07
3882,0.7428035049751517,0.9394411778553933,0.016345684559472655,0.0424723465663808,0.01634802776152698,5.049751516938983e-07
3883,0.8609985863982939,0.9296226013756652,0.013024343047265633,0.033706505475212034,0.013026652465624013,-4.1360170610627023e-07
3884,0.7394825910191667,0.8641523979080922,0.01983568922382815,0.05538262348698489,0.01983933604494946,-4.0898083331075696e-07
3885,0.8862510505132788,0.9440348115237989,0.012660726391406252,0.03906288840461437,0.012662400069460232,5.051327878202727e-08
3886,0.8972892460059972,0.9476339658108223,0.009864965086249995,0.028693490304945096,0.009865850425863682,2.4600599723978434e-07
3887,0.7193017524794054,0.8490033953148087,0.010549099526074218,0.044664271149163014,0.010551683064521002,-2.4752059457622266e-07
3888,0.8494495319280366,0.9418036982270988,0.009346093845703117,0.030244810246699554,0.0093472335753916,-4.6807196341092094e-07
3889,0.8655724472397607,0.9320538927374176,0.00712493152892579,0.022900238326532086,0.007125230730759608,4.472397606702927e-07
3890,0.9563180147757159,0.9782918309565347,0.008997935421289068,0.023158413616674322,0.008999006736842877,1.4775715873049933e-08
3891,0.7641817416804333,0.8786539293217032,0.01898128970771485,0.05699393391773251,0.01898924804650232,-2.5831956673716405e-07
3892,0.9256771752809261,0.9624327722007728,0.007513376650976569,0.025514530628102848,0.007515295487784751,1.7528092610685775e-07
3893,0.489432249745273,0.7205126261598632,0.014229418204609386,0.06095506871339371,0.014230356518173087,2.4974527301768745e-07
3894,0.9134079460617615,0.9561951414620365,0.009097300580273446,0.026633288599454977,0.00909849806999843,-5.393823854227264e-08
3895,0.8795508309909269,0.9617200715028138,0.010235903338671875,0.028658463835894342,0.010238513113139685,-1.6900907306993673e-07
3896,0.9377019723700553,0.9687784840435639,0.008437832320507804,0.021052854848183828,0.008440642079426092,-2.7629944776563775e-08
3897,0.9039106669865012,0.9531716585428308,0.009298842165390621,0.030423720227807222,0.009299767881862143,-3.3301349877667974e-07
3898,0.9264068655352058,0.9710226198267308,0.006501957730273444,0.016696656520211687,0.006503046527549896,-1.3446479418810497e-07
3899,0.8828415248640695,0.9652736633518302,0.008449082788095712,0.026843266210498706,0.008449618499992336,-4.7513593048886804e-07
3900,0.9207695513565379,0.9646298829562212,0.010902285562109367,0.030908541865813835,0.010903613642967946,-4.486434620476487e-07
3901,0.9082411835473843,0.9559472589410729,0.009039158630273436,0.02584047066427061,0.009039950749177869,1.8354738429149364e-07
3902,0.8637949628236574,0.9300852003801642,0.01315460772089843,0.03825745424275659,0.013158051575105571,-3.71763425599525e-08
3903,0.9279384766679388,0.9635261217695067,0.00802447094489257,0.02593819646468323,0.008025227466714392,4.7666793878686775e-07
3904,0.8037725357412396,0.9145845342003385,0.023666988110351606,0.0631626661148705,0.0236776011001829,-4.642587603242987e-07
3905,0.9011808596658064,0.9508637228181407,0.00893154482509765,0.029228671316882147,0.008933198320800756,-1.4033419359904542e-07
3906,0.8249079414240694,0.9207499163651447,0.012696272571777356,0.04088561072958769,0.01269833808217997,-5.8575930550475164e-08
3907,0.876747939235369,0.9479266459067852,0.013328265833984393,0.04173073205604487,0.01333207999941897,-6.076463099358165e-08
3908,0.876986110729884,0.9438639696029466,0.009060216837499998,0.025252322556541487,0.009063300132326495,1.107298839286841e-07
3909,0.8839455504782024,0.9476871841067657,0.009076439194853526,0.02952798789024911,0.009077267252945777,-4.495217975630794e-07
3910,0.9011248613438906,0.9591059977903946,0.008509744718066405,0.024343677220426903,0.008511003295445223,-1.386561093719152e-07
3911,0.8872204794260328,0.9635638495390978,0.010428671268164087,0.02850044200315908,0.010431098329183378,-5.205739672664578e-07
3912,0.8631896851217288,0.9501877546166883,0.008703409416123053,0.027082634715801277,0.008703892569982963,-3.148782712347753e-07
3913,0.847093339394936,0.9281817101888246,0.01630642882148437,0.04408262165917133,0.016311146168067638,3.393949360441795e-07
3914,0.8687380414316126,0.9469283876399625,0.01358647578808593,0.03265341229718943,0.01359040599623694,4.143161258518546e-08
3915,0.9034153820029586,0.9597679122794626,0.009269274627636716,0.029478968276758926,0.00927206917087078,3.8200295859880384e-07
3916,0.904656958996578,0.9533820613026475,0.012701733007031231,0.03410081222116724,0.0127068263541263,-4.100342199109264e-08
3917,0.875882950855541,0.9437803614519562,0.01030654895566405,0.028480234444925864,0.010309219429060984,-4.914445894677044e-08
3918,0.948513757092722,0.974420935631602,0.005039286093945318,0.01664633322974557,0.0050401648638258864,-2.42907277958615e-07
3919,0.7755050335516521,0.954998092217789,0.008331575631542977,0.033423894100540544,0.008332662172360006,3.355165212326483e-08
3920,0.9195531696836017,0.9596878300119053,0.012762714924316411,0.03323942844207394,0.012764698178025271,1.6968360172509023e-07
3921,0.8526552287327083,0.9419522305870993,0.011301879789062505,0.03495349413500659,0.011305291757769816,2.287327082184376e-07
3922,0.861468494683604,0.9291743523022142,0.010413397487988287,0.02799143145777202,0.010416206049206917,4.946836039687597e-07
3923,0.8419735013332892,0.9234849976837085,0.01680191046074217,0.041444789315594935,0.016806584373537107,-4.986667108131115e-07
3924,0.8855952699068781,0.9448894420668875,0.011702758401660147,0.034903845183288235,0.01170664854321369,2.699068780698255e-07
3925,0.8380900673427767,0.9175391320420427,0.019012497243261702,0.05047138205484927,0.01901738780035017,6.734277668840605e-08
3926,0.8398988758462931,0.9454757105463037,0.012664543784179692,0.028810917277188035,0.012665834846923392,-1.2415370687079985e-07
3927,0.8771240133466851,0.942366272406938,0.00819914409438475,0.0282756740877367,0.008199872554908779,1.3346685090454002e-08
3928,0.8292082063333134,0.9389084871206081,0.012605461908691398,0.039141209859216944,0.012606764365205702,2.0633331343500316e-07
3929,0.8968044128487898,0.9480969963588045,0.011766558563378889,0.03505135542436541,0.011770093993592119,4.1284878971037386e-07
3930,0.7900929312940093,0.8954312569542718,0.010224636109960923,0.030994874386747032,0.010225906574548563,-6.870599078556694e-08
3931,0.9295543949724843,0.9643057557703781,0.009327324760058596,0.02686614828066707,0.009328324642654727,3.949724842744473e-07
3932,0.91648134107188,0.9630291058897118,0.008593955968144528,0.02355230915369789,0.008594605694465266,3.410718799612411e-07
3933,0.9470988600183916,0.9732257967510766,0.008187829951660142,0.025572540069407887,0.008188622340078123,-1.3998160841577345e-07
3934,0.8354257578281874,0.9386392331963679,0.009138264090917975,0.03124318697277736,0.009139722735828276,-2.421718126033312e-07
3935,0.9204318169557166,0.9782115378706842,0.007835769027783207,0.02461071744964773,0.007836427329760523,-1.8304428339721568e-07
3936,0.9367370451948841,0.969276535176555,0.006871520297089839,0.02358003642790503,0.006872028569640361,4.519488405740901e-08
3937,0.8689197315285379,0.9432406518098939,0.013260988021289073,0.038713097864680704,0.013265404244159127,-2.6847146217257034e-07
3938,0.8243413425700823,0.9358455306154451,0.0159451381578125,0.04639579052535791,0.01595331551306418,3.425700823012079e-07
3939,0.9058125273485154,0.9522261679698968,0.010449071800488286,0.029376440777584424,0.010450152645146158,-4.726514846176144e-07
3940,0.8168623907648398,0.9166757344220875,0.01513134171023437,0.03888583217254434,0.01513279743631748,3.907648398193686e-07
3941,0.9003713096038276,0.9582394809628232,0.015942727957910175,0.03792125999321244,0.015945547361894193,3.096038275751667e-07
3942,0.7660678109879872,0.8985982289298448,0.016826071339843752,0.054722030139088725,0.0168284207960593,-1.8901201281895652e-07
3943,0.9352925248079417,0.9671668970667685,0.007005880558505863,0.022734016403371186,0.007006424958565914,-4.751920583689895e-07
3944,0.7712440591164021,0.8798515430253888,0.01776445697802738,0.049224676666936446,0.01777278198193116,5.911640210687352e-08
3945,0.655084430851218,0.8512781020170315,0.014811263357226549,0.047042354003451546,0.014813756239828595,4.3085121803621007e-07
3946,0.8698371700992624,0.9337398142522885,0.0102714587167383,0.025761817075561414,0.010272346399497942,1.7009926245314944e-07
3947,0.9708047506737159,0.9854587024805002,0.0050791774232128925,0.013747187826910973,0.005079469567025636,-2.493262841740673e-07
3948,0.7924079435120457,0.9356927239693626,0.010035944720693359,0.03302647669392666,0.01003677438896879,-5.648795431412168e-08
3949,0.9385719617675984,0.9776236785438135,0.006650893428740234,0.0174080984495719,0.00665129436051668,-3.823240157796448e-08
3950,0.7722954270191434,0.8998072095587089,0.01223660323380859,0.043860541257382576,0.012237619745941104,4.2701914348963754e-07
3951,0.8761264049731479,0.9530987712638997,0.011861861310439462,0.03277664489829186,0.011862956427873663,4.049731479049967e-07
3952,0.874381177924605,0.9575868672153532,0.011711450774121099,0.03881551496117653,0.011715689207039855,1.7792460504928442e-07
3953,0.8421009979945173,0.9195664234742866,0.012759351289160153,0.041828539538483825,0.012760772554657513,-2.005482668820946e-09
3954,0.710694150223481,0.8827833877720089,0.013316318408593765,0.04666467349333734,0.013318776752446035,1.5022348098803207e-07
3955,0.931668904075836,0.9662132454777578,0.009208295535644513,0.027881361811824722,0.009209373156630375,-9.592416394532677e-08
3956,0.8523008482755665,0.9266212366363007,0.014150241685742176,0.043148717176628854,0.01415613986973118,-1.5172443346145315e-07
3957,0.8643448672904945,0.9450435560028003,0.013337524243457032,0.03967103607689417,0.013339701115932889,-1.3270950549593152e-07
3958,0.42300605005392544,0.8947948292486544,0.014861251024101558,0.05225829073390063,0.014862053573954207,5.0053925448878545e-08
3959,0.8115394794889371,0.9118286161057929,0.01357531319863282,0.04149016222136102,0.01357979178408767,4.794889371106947e-07
3960,0.7584130151441928,0.8980613403135093,0.011217199157480456,0.03917867412291464,0.011218182389435252,1.5144192788696387e-08
3961,0.9306924540565038,0.9658294974257475,0.011208031941210905,0.028808402345794733,0.01121022453109058,4.540565038402278e-07
3962,0.8376277897743807,0.9474242226872949,0.010603455741894531,0.0331630017497701,0.01060478183274598,-2.1022561935701845e-07
3963,0.9481393269298315,0.97489374507613,0.007653400894433606,0.020670317313981366,0.0076545354512090906,3.2692983154003485e-07
3964,0.8947086061021655,0.9498961390039408,0.013474284591992193,0.03475232793679289,0.013480679895285983,-3.938978344608657e-07
3965,0.8978344176693849,0.9482090272158232,0.011258874919824212,0.03226413168832527,0.01126163424544703,4.1766938485565674e-07
3966,0.9147217106617163,0.9584406535898402,0.011556629044726565,0.029778209551680278,0.011559098107383236,-2.8933828377653015e-07
3967,0.9539169351677158,0.9767143616737639,0.006011856962499997,0.01681404886178425,0.0060126052961652415,-6.48322842078386e-08
3968,0.8468409197656906,0.9592224272825984,0.012381006854130856,0.033427852195868,0.012381975384627417,-8.02343093075919e-08
3969,0.8435953045957063,0.9231211250041049,0.018022439017089855,0.04860956755662836,0.018027901202538495,3.045957063241289e-07
3970,0.9149115494529956,0.9580390131516772,0.012748132346386725,0.033605975169247154,0.012752812007331471,-4.505470043714155e-07
3971,0.8079112804134707,0.9252929617942198,0.01603814401259766,0.04625857127372233,0.016040257690286358,2.804134706657635e-07
3972,0.9331723733886299,0.9763158513862807,0.008052381723232414,0.02257801192146136,0.0080529968810342,3.7338862990399235e-07
3973,0.9178820525557876,0.9584076691176808,0.008320862370507822,0.02696625607021018,0.008322917889029502,5.255578761076407e-08
3974,0.92379842730128,0.9641975834887634,0.01252669354746094,0.030397155467340085,0.012528303251515532,4.2730128002599344e-07
3975,0.9236843132645923,0.9712970035432226,0.007665827881513668,0.02100733244316193,0.007666367978824377,3.132645923775712e-07
3976,0.7774720576867018,0.9214191817101015,0.018004111423632813,0.04971993031942342,0.01801625754487288,5.768670174877144e-08
3977,0.9140359873902357,0.9562297165690323,0.00792476779876952,0.02785552586245757,0.007925410808984824,-1.2609764232784926e-08
3978,0.9397732760830737,0.9779804880963128,0.007494011956191405,0.021033434033910888,0.007494658356009919,2.760830737358333e-07
3979,0.8313485606912265,0.9145935132514861,0.010760131901660155,0.029749614928120772,0.010761538652145072,-4.3930877346998187e-07
3980,0.8842428829495279,0.9415413246301771,0.012523309176269527,0.03395487833798334,0.012528009952450297,-1.1705047209265018e-07
3981,0.816774285214799,0.9052197251999201,0.018491595149414054,0.04832275613099807,0.01849626719553004,2.8521479900067703e-07
3982,0.8695861922023561,0.9607502411503135,0.008122166508593749,0.026893771139371903,0.00812302177749519,1.9220235614181291e-07
3983,0.49744216019147125,0.8903848315831351,0.015231144579853495,0.04321449792680952,0.015232201216022125,1.6019147125456712e-07
3984,0.9096770463070462,0.9592367178130138,0.01297273423017577,0.035657591560386885,0.012975858941577148,4.630704619756898e-08
3985,0.928000499630326,0.9687480759837659,0.010334648053125013,0.027747119923434694,0.010335687703413999,-5.003696739169783e-07
3986,0.8968735166210562,0.9666346936081528,0.007893396927197259,0.02559608550053041,0.007894089708326193,-4.83378943760826e-07
3987,0.9599345933650312,0.9797661767077365,0.009128482533203117,0.021484305837692657,0.009130232057313661,-4.066349688081061e-07
3988,0.9396908871997554,0.9700525085004646,0.006263985188984382,0.019340190170375863,0.006264453567205557,-1.1280024470039507e-07
3989,0.8961997408049908,0.9512119652158302,0.008422495461132804,0.024887406856656,0.008424132387993643,-2.591950092334372e-07
3990,0.7644513868159784,0.8999690099577161,0.014049828161425769,0.040833147158618674,0.014052600361462135,3.868159783593228e-07
3991,0.9264711851169303,0.9676075773249052,0.01021587882412109,0.028458282036187325,0.010218350263949145,1.8511693022915665e-07
3992,0.9208535263693093,0.9751082748279638,0.008133264848046875,0.02357241779435559,0.008135169824156333,-4.7363069066719277e-07
3993,0.8399591981018322,0.9333393394814345,0.011053229756845688,0.03552862682149446,0.011054034640460224,1.9810183216062427e-07
3994,0.8673274246184952,0.9380863807479715,0.009697110097060556,0.030068147458777793,0.009697768157835598,4.246184952538812e-07
3995,0.8390406750675423,0.9257163355147529,0.013551126254101561,0.03376779359438333,0.013556001903349333,-3.2493245771814117e-07
3996,0.7820559373962573,0.8921600279130532,0.014831684166210958,0.045868328635605096,0.014833421306696841,-6.260374263433732e-08
3997,0.8895349429153848,0.9667402714145604,0.010132808038457022,0.025787927853680608,0.010133668742827734,-5.708461514597474e-08
3998,0.8786457829898896,0.9387043684651175,0.014722718373730466,0.044219245557898704,0.014729602932695755,-2.1701011043706586e-07
3999,0.895082536641358,0.9492821471088176,0.008879802653125006,0.023779116365580222,0.008881355707377216,-4.6335864201108024e-07
4000,0.8932623171407182,0.9469518767127244,0.009791452310253907,0.03697354537543155,0.009792506112193409,3.171407182422925e-07
4001,0.9163903745760139,0.9637226175084889,0.00935446973583983,0.024930213946096333,0.009358299302583067,3.7457601387291817e-07
4002,0.889659068623264,0.9446913485851898,0.014651038685351572,0.037502270542621674,0.014657596271127811,6.862326407119923e-08
4003,0.9057268275811521,0.9548946373801184,0.01277278152197267,0.03499495456120726,0.01277455706021338,-1.724188478657851e-07
4004,0.6407412385547422,0.867363684692622,0.014945658002050805,0.0418929986691561,0.014948122627582267,2.3855474218237305e-07
4005,0.8941820826054906,0.9601514382302491,0.008981482942285172,0.028452172804402556,0.008982567180361908,8.260549055894018e-08
4006,0.9385945569389941,0.9692427902552926,0.009876443635351558,0.026091584658173274,0.00987832538817756,-4.4306100588364927e-07
4007,0.7938253609218946,0.9190648693886585,0.012387171167382836,0.0421100357511678,0.012390465461323573,3.6092189459324686e-07
4008,0.9454689089379411,0.9785404687749519,0.005560159725390622,0.01921135477729622,0.005561083878543943,-9.106205889342078e-08
4009,0.7076968711911547,0.9027800700434494,0.014025506066308584,0.045399102443407224,0.014027058189754102,-1.2880884536770054e-07
4010,0.8425836990021285,0.9221838965127218,0.011786670140439442,0.03952165318838517,0.011787702315150778,-3.009978715162731e-07
4011,0.8990448453380554,0.94976880850475,0.010584279336621078,0.03430984066180176,0.010585467863425863,-1.5466194458468863e-07
4012,0.7835578584563135,0.8970322465841755,0.017975877872656258,0.04518179693855919,0.017987697214351703,-1.4154368643826132e-07
4013,0.7073619040945466,0.8445602534474912,0.01562415305273438,0.0533909791371596,0.01563112376331842,-9.590545346771506e-08
4014,0.8755349741393207,0.9386885895637326,0.015558698728710935,0.03958145352140888,0.0155612296677929,-2.5860679264688713e-08
4015,0.8593496862677378,0.9598338827364122,0.012239079760742193,0.029724549912084834,0.01224303263685777,-3.137322621693528e-07
4016,0.8531426751364242,0.9248305191158317,0.007588697259833984,0.02677988844617436,0.007588994406606415,-3.2486357581795744e-07
4017,0.9477184492848238,0.9741252830082471,0.006721762723828121,0.018218481516145378,0.0067233820981424715,4.4928482390016455e-07
4018,0.6857043589618128,0.8344978726563058,0.01745760469384764,0.059293263582376105,0.01745947424736626,3.589618128296834e-07
4019,0.10047312469367575,0.5325031195657799,0.01380781493622068,0.06280436366779449,0.013808362440415032,1.2469367574596824e-07
4020,0.7789039546141217,0.8874544630596033,0.015394544736308595,0.04589533037022605,0.015396054552399764,-4.538587838887054e-08
4021,0.8370266971416271,0.9480393662916348,0.013032397409667978,0.03829872756483946,0.013034815693849578,-3.028583728248435e-07
4022,0.9349513145896893,0.9684341003526017,0.00833439453658203,0.026275123798565916,0.008335167288941169,3.1458968929864994e-07
4023,0.9087161138970533,0.9618884850093308,0.009487868705810537,0.03013893628518204,0.009488663038894195,1.1389705334430289e-07
4024,0.8558914123026959,0.9310052794470194,0.015383176092382798,0.046401647791229475,0.015389728780350026,4.123026959845788e-07
4025,0.8813294216699712,0.9438084530573049,0.010191204654394529,0.03356052248753772,0.010193453234359566,4.216699711623306e-07
4026,0.9058433129765027,0.9593269451502012,0.009350972033691408,0.023932781262222362,0.009351940360716984,3.1297650271433497e-07
4027,0.8938495292518746,0.9638105888380721,0.008250031558300777,0.027594732391304527,0.008252131312287974,5.29251874548109e-07
4028,0.9302488965436767,0.970807129438253,0.011336492573632829,0.028469126608152404,0.01133845051427531,-1.0345632328601084e-07
4029,0.9783754704457353,0.9896334513118462,0.003970510137500003,0.010801251563884867,0.00397128336662503,4.704457352566749e-07
4030,0.9457721073362664,0.9770275948291717,0.005568445838955088,0.014151588153132475,0.005568976541647223,1.0733626643055771e-07
4031,0.8808074958305595,0.9437913859036258,0.01651947772246095,0.04522361762267313,0.01652826507871812,4.958305594993107e-07
4032,0.8643046850236255,0.9419522279175156,0.01038576003525391,0.030901660353482175,0.010386420738015588,-3.1497637453803407e-07
4033,0.5643201003544261,0.7692437174348673,0.02244519344648438,0.0611393033652256,0.022448780072362392,1.0035442610245582e-07
4034,0.8995507928484094,0.9561777237963592,0.014098029929882815,0.034553562259889474,0.014104603350654719,-2.0715159054773835e-07
4035,0.8651850088901504,0.9357351468773182,0.010378500072460937,0.031199516721929416,0.010382496741904255,8.890150393625618e-09
4036,0.46888624515307087,0.8855870854913048,0.015720945328691394,0.04482152372502413,0.015721610963148072,2.451530708436067e-07
4037,0.7739187541723702,0.8845969009118164,0.015777369617382807,0.04263766976471034,0.015782911988949,-2.458276298078488e-07
4038,0.9410886802773163,0.9708353419911605,0.011172205227929695,0.02712691923804492,0.011177369199325469,-3.1972268366153855e-07
4039,0.9112004588732063,0.9549880886466046,0.011715340248144527,0.03448457857469975,0.011716642228377221,4.588732063215417e-07
4040,0.883653817563802,0.952671758708419,0.013900032284863296,0.03504954002950511,0.013903618027952704,-1.8243619803737232e-07
4041,0.7556652345275536,0.8750783844794813,0.013075107087109364,0.04442234986002123,0.013076574423909701,2.3452755359976152e-07
4042,0.9222392840003333,0.9603703373851975,0.011310657172070315,0.032327886021161524,0.011312209314654273,2.8400033325048923e-07
4043,0.44341728271881853,0.71010096449708,0.019754636215136737,0.06794994696554436,0.019758677799332162,2.827188185228202e-07
4044,0.9198498540333839,0.9590981914120642,0.0097723877151367,0.03114970934423374,0.009774711745714005,-1.4596661601640193e-07
4045,0.6637030437864926,0.8475755400258619,0.02261809888867188,0.06259882156107396,0.022621753009843835,4.378649254288547e-08
4046,0.9151404423101231,0.9634608460162821,0.010650112244824218,0.032386479638556044,0.010654466294758446,4.423101231942894e-07
4047,0.8656850793474473,0.9315915177439181,0.013335361337207023,0.04086865041052974,0.013341637271396926,7.934744727933207e-08
4048,0.8706397919370561,0.9416481486889954,0.014564518624316401,0.04018214484062705,0.014566642719047713,-2.080629438738768e-07
4049,0.8751431881362315,0.9394817954577412,0.009877643035488286,0.029316808417405103,0.009878351341037605,1.8813623148261627e-07
4050,0.872323528939109,0.9442893658837999,0.010392868835361333,0.030000680616384313,0.010393778983975676,-4.7106089096082826e-07
4051,0.7364689268185648,0.878042460350576,0.012919343639746098,0.03515399303965491,0.012921909159467192,-7.318143524503995e-08
4052,0.9317900565134876,0.9737191102620658,0.00589165950771484,0.016202158459433586,0.005892239344192458,5.651348755630892e-08
4053,0.952605922014885,0.9768971802126698,0.008041305662890626,0.020890785980636796,0.008042955134649915,-7.798511492129734e-08
4054,0.957812324691895,0.9799255770829594,0.006886839397685549,0.019096706928207533,0.006887409364558772,3.246918950372546e-07
4055,0.8695381867389469,0.9349277295883244,0.010648304471191411,0.036168831454744026,0.010652801513000038,1.8673894686127568e-07
4056,0.9441624718016633,0.97196395802638,0.00571856694511718,0.014762897447118272,0.005719408229459935,4.7180166340421437e-07
4057,0.847188924850535,0.9274727037901742,0.013309430108886713,0.03939663996438214,0.013312276768876592,-7.514946498421438e-08
4058,0.9383812485081625,0.9722181535103293,0.009728400252441401,0.023102603122990922,0.00973095611239171,2.485081624925556e-07
4059,0.8247152017789163,0.9106893733616194,0.008741565639199212,0.03886539024861704,0.008742166442926991,2.0177891635331235e-07
4060,0.8724732190592123,0.9396591620520468,0.008853386223535143,0.028437570685715032,0.008855870020543935,2.190592122142121e-07
4061,0.913428383644176,0.9600238587603995,0.010224394399853527,0.030028207689198127,0.010225359662864565,3.8364417598302225e-07
4062,0.7171086642920181,0.8795463898004874,0.01184815628242187,0.0437762372275727,0.011850852142709338,-3.3570798185778017e-07
4063,0.8945477619067754,0.9539502917497696,0.011746445273535158,0.030995721528684222,0.011748345512029669,-2.3809322458046012e-07
4064,0.8442200631770193,0.9259208400338355,0.014283295064062507,0.038955315008017924,0.014284865387886704,6.317701928271191e-08
4065,0.9227629593437963,0.9622170195079576,0.0128628378819336,0.036704398285284656,0.012868276212345563,-4.065620373694401e-08
4066,0.9525994773098726,0.9763963229348614,0.007251983549355465,0.022252663651849896,0.007252617078511984,4.773098726262859e-07
4067,0.926978231130012,0.9666041578259515,0.006261146797714844,0.021265603916252592,0.00626174234100823,2.311300120183546e-07
4068,0.9189835292191608,0.9589270506202796,0.010813650800195317,0.02935087801983903,0.010815479752980492,-4.70780839201268e-07
4069,0.7739784221146566,0.8843437688870044,0.018679532386230425,0.05022542940454556,0.01868315507428743,4.221146565619449e-07
4070,0.900018342639263,0.9573298950519901,0.01177524243769529,0.02961794075515724,0.011777376376987822,3.4263926296240754e-07
4071,0.8614004126537335,0.9379025794396882,0.00880525856378906,0.031112381430608363,0.008806038052878828,4.1265373340593214e-07
4072,0.8369426202316252,0.9559060745995982,0.009032727501660164,0.02940529841326976,0.009035499831545677,-3.7976837474751335e-07
4073,0.8472990079086942,0.9374232180175752,0.016730097963281287,0.04854178794098635,0.016733467466164022,7.908694144020956e-09
4074,0.8818041339768007,0.9392422494258216,0.010998171122460947,0.03514833689948534,0.010999383318299047,1.339768006536346e-07
4075,0.851368858447801,0.942908512261531,0.010263668781835938,0.03180281905770553,0.010266321868384361,-1.4155219907330263e-07
4076,0.954769098442602,0.9800053882565102,0.006117710489208988,0.01681216931836637,0.0061181411492636385,9.844260207003686e-08
4077,0.8901656937723454,0.9465391452846519,0.01413826203808593,0.041385594388806436,0.014147447884038626,-3.0622765456733703e-07
4078,0.8500695380937034,0.9379745871657506,0.012576458288574208,0.04216206638116344,0.012580228174100571,-4.619062965449672e-07
4079,0.8815713327193041,0.944313877126735,0.010444805060742182,0.02451542582030524,0.010447510482237346,3.327193041080534e-07
4080,0.8750414126206674,0.9356923178778972,0.010187054020214826,0.03371784058069154,0.01018897711934216,4.1262066741154513e-07
4081,0.9018221615179536,0.956801927286561,0.014532226997265642,0.038058182313674235,0.014538190670661357,1.6151795356744714e-07
4082,0.9240725427924498,0.9671271401330263,0.007742341231347654,0.023967857583747927,0.0077431895163428245,-4.5720755026401605e-07
4083,0.8461356177744066,0.9285378555588523,0.015515450105761712,0.03939000692816113,0.015517808066181202,-3.8222559339828877e-07
4084,0.8572553217309753,0.9306865504282289,0.015205238984960939,0.04366817551201169,0.01521099430194659,3.217309753056341e-07
4085,0.9540898013558395,0.9814146632968266,0.007769406121337879,0.02071819601413938,0.007770138330222247,-1.98644160454009e-07
4086,0.8003588444220013,0.9360979725725477,0.014618937066601553,0.04084267197362666,0.014620738802175253,-1.5557799870613565e-07
4087,0.9182701176204238,0.958946044405355,0.00805677922705078,0.026393564755716914,0.008058496499907556,1.1762042373408832e-07
4088,0.910764257863629,0.960505003424288,0.011935475607617181,0.035544142383800194,0.011938524245882542,2.578636290051506e-07
4089,0.906080977239734,0.9526107170415826,0.00791073545976563,0.02517930180236875,0.007912703495509979,-2.2760266005228402e-08
4090,0.9426572885471749,0.9715679703420617,0.006864393586230464,0.020668929546221806,0.006866843470662176,2.8854717493143056e-07
4091,0.8996872394130243,0.9491046037364045,0.01219822567197267,0.031377940921943084,0.012200683707117091,2.3941302429442146e-07
4092,0.8951291810967854,0.9635503287111259,0.009789971630371095,0.028233452907399155,0.009791210662061688,1.8109678545652486e-07
4093,0.8626416151691245,0.9418993318150896,0.014127316348144531,0.043715596303425266,0.014130319635953629,-3.848308754994534e-07
4094,0.5028781907707063,0.7922446910684314,0.014405244215136722,0.04483590889742882,0.014407577558341239,1.907707062320796e-07
4095,0.8736332528480066,0.9386047216393893,0.015601213990039053,0.04316008595302788,0.015605465216828502,2.5284800664326923e-07
4096,0.8507187869746285,0.9228743263685778,0.009226155886914047,0.03236761477109443,0.00922811771829851,-2.1302537145384548e-07
4097,0.8964957825468106,0.9477906722647981,0.006159765585107421,0.019420211424990282,0.006160248932345623,-2.1745318934396352e-07
4098,0.8512853890545256,0.9471473053047318,0.015447824319238282,0.04019415615888093,0.015449905413772565,3.890545255957889e-07
4099,0.7722521267943352,0.9012713785781274,0.012290661563085944,0.04518618293718157,0.012292496616482842,1.2679433514239946e-07
4100,0.9064445622393171,0.9531474949624604,0.007524357856054679,0.022221735395440215,0.007525169385371536,-4.3776068281431435e-07
4101,0.8611616529755716,0.9619153287427703,0.011285024856347662,0.032070369774226,0.011286481645422267,-3.4702442841538783e-07
4102,0.8420183204646455,0.9485587155702355,0.01173555389345703,0.03383047143019442,0.011738857271282998,3.2046464548685094e-07
4103,0.852863308657179,0.9279656050623352,0.012756285876367174,0.036843460247088795,0.012758453868123323,3.086571789268078e-07
4104,0.8891045600730019,0.9432000653996592,0.014285819545410151,0.03581737675389919,0.014293738869934257,-4.399269981636422e-07
4105,0.8939131104010895,0.9539517381103577,0.012105559492187497,0.0379788557015314,0.012110407094380864,1.1040108949256222e-07
4106,0.9328215995449421,0.9666371774067691,0.005707579749042966,0.017297714990884037,0.005708150406709929,-4.004550578917687e-07
4107,0.9384224361581831,0.9688404168103416,0.010600754385546874,0.02846463205197461,0.010602659431103348,4.361581831258121e-07
4108,0.9683170531222927,0.9845010327057616,0.004943746761582022,0.012949019000402517,0.004944033739750857,5.312229267584456e-08
4109,0.3706328404500553,0.7638103958738174,0.012757693960683575,0.05192550972164788,0.012758313030393001,-1.5954994470046557e-07
4110,0.9114740708109496,0.9552496267755703,0.0071869324806054695,0.025672599756039863,0.007187416634261721,7.08109495484166e-08
4111,0.7659702880688234,0.941176929704885,0.012206536388671878,0.037001014337257485,0.012207813700764859,2.8806882335086215e-07
4112,0.5993023361145108,0.8663841903995532,0.018731968640429676,0.05706318012744954,0.0187364439974646,3.3611451077941723e-07
4113,0.9279100570467804,0.9842367650414282,0.008826326159980469,0.02634395592560631,0.008827151823162035,5.704678041063005e-08
4114,0.8504875141886,0.9328834541823626,0.013126744054785163,0.03635430189739529,0.013129701563390331,-4.858113999972602e-07
4115,0.9115419878848546,0.9694525269485065,0.008917842693662126,0.02772724058998074,0.008918676408678832,-1.2115145331392796e-08
4116,0.9228479628342138,0.9616021117037558,0.010635530894824219,0.02522844544492493,0.010638430565034235,-3.716578622636746e-08
4117,0.8515793612509018,0.9231143752502527,0.009430733728808588,0.031773724392434935,0.009431909624788522,3.6125090185912256e-07
4118,0.8617666687242587,0.9294292112249839,0.011045934672460924,0.029719558382141395,0.01104715981684592,-3.3127574128322124e-07
4119,0.8157450302164444,0.9097324733344699,0.016094634948632797,0.045200411108635735,0.01610209255389888,3.021644434664239e-08
4120,0.8971025804926712,0.9482229891491232,0.011199755402236325,0.03182064477763875,0.011200862437683215,-4.195073287638351e-07
4121,0.8892299798582576,0.9591858183963496,0.012994231450292963,0.03645957421419606,0.01299758861435303,-2.0141742385071382e-08
4122,0.8616487003960385,0.9444378060682622,0.009867572570898426,0.037953475262660186,0.009868737557603372,-2.9960396152883817e-07
4123,0.8443001586285189,0.9211587545606711,0.016995561726757803,0.042951326038324855,0.017002851694320885,1.586285188759362e-07
4124,0.8788691554168453,0.9389200550573226,0.008899450705566405,0.02412227114000761,0.008901100536122206,1.554168452821969e-07
4125,0.9108189739227661,0.9552539015183358,0.008404565800136718,0.022164079948270413,0.00840506057840032,-2.6077233927779275e-08
4126,0.9281332983735442,0.9636707049910946,0.010255709633203122,0.026636634016486253,0.010258787591606533,2.9837354420525486e-07
4127,0.9077215305843148,0.9556231931851701,0.008425025723437509,0.03139500608769454,0.008427611202467196,-4.694156852114162e-07
4128,0.847066525395185,0.9299229559320545,0.007927490214941414,0.02714789844815583,0.00792939730953069,-4.746048150039428e-07
4129,0.8724586518910473,0.9583355570213749,0.00986623210576172,0.03660222522928949,0.009868330846116585,-3.481089526635728e-07
4130,0.8078498600315658,0.9544465947105671,0.011859307217958989,0.030566268158830255,0.011860125185530968,-1.3996843417629634e-07
4131,0.8753358981334033,0.9502668066380084,0.008686198279550784,0.027685208653566766,0.008686830927287684,-1.0186659671340692e-07
4132,0.9105301732608044,0.9618553821343594,0.010027351390722663,0.026383303929450704,0.010030474294638313,1.732608044813233e-07
4133,0.9403566129999674,0.9698945853704859,0.008964725127441413,0.02244730315995214,0.008966068419328963,-3.870000325756351e-07
4134,0.885048778809296,0.9494353783840991,0.007761318613378902,0.025705377088008696,0.007762429652263759,-2.2119070397508267e-07
4135,0.9596012971024529,0.9798679961591041,0.006742027971289069,0.0181755709757343,0.006743730340368119,2.971024528619637e-07
4136,0.9264903638723501,0.964110725297515,0.009570019911621081,0.02687136368469317,0.009571064397093204,3.6387235002877105e-07
4137,0.7567366051778396,0.9019649261680527,0.022892988076074195,0.059943438813042815,0.022904267479571208,-3.9482216040997997e-07
4138,0.9147898682493284,0.9564967812507457,0.010502801384277343,0.03196370933933508,0.010506571338546497,-1.3175067159476583e-07
4139,0.9235962075160162,0.9610927664338774,0.008260221208398442,0.020880297852024013,0.008261443868219018,2.0751601625956795e-07
4140,0.917150366307196,0.9670670482495538,0.010098465967089826,0.030380087330114217,0.010101329121150311,3.6630719602026574e-07
4141,0.7396246957550183,0.8658400709306403,0.01010731565302734,0.03385833352240679,0.010110042576173163,-3.042449816526016e-07
4142,0.861035667050339,0.9557185724166577,0.008805604452246082,0.02790697625189549,0.008807113495658749,-3.329496610637861e-07
4143,0.16769460098598044,0.5459723065265257,0.019534600322949187,0.07332620126868374,0.01953734153114379,-3.990140195753167e-07
4144,0.8023874351503791,0.9176961840065712,0.016926560331250014,0.04969188837603728,0.016931719473582428,4.3515037917440935e-07
4145,0.908928264215172,0.9579695078347235,0.00852982765273439,0.02254505192349003,0.008531031423923462,2.6421517207442236e-07
4146,0.8427653991360892,0.926776982565812,0.013063678140917953,0.0364187592613671,0.013066398911430884,3.991360891797413e-07
4147,0.8647513126007996,0.9390470174342648,0.012778305265625005,0.036979806856733806,0.01278197436843519,3.1260079957906584e-07
4148,0.898831881686909,0.9489982864890488,0.01340154218085936,0.03641611075331683,0.013406545855023955,-1.1831309099097354e-07
4149,0.46073303350879036,0.7169605917497307,0.012796384757421876,0.04886854707074349,0.012798399821959284,3.350879035357579e-08
4150,0.9084771718903161,0.9533312758584125,0.012138471216796879,0.03329087440691179,0.012141873425583346,1.7189031609188277e-07
4151,0.9320620284718336,0.9722606763339559,0.009841186088085924,0.02610432488645908,0.00984461314263669,2.847183366849748e-08
4152,0.8123014889022695,0.9134651726005644,0.008910460416416017,0.033645695996675926,0.008911176807930212,-5.110977304711994e-07
4153,0.9368604455131684,0.9725431425348657,0.007200169977832028,0.02218454627506748,0.00720217768641282,4.4551316835672594e-07
4154,0.7675806914270037,0.8860549776787752,0.011531789491503911,0.04155643553174619,0.011535051252178963,-3.0857299626596557e-07
4155,0.9446640541642584,0.9721127769834333,0.0060919181088769534,0.01583850472468721,0.006092244206544001,5.416425841175965e-08
4156,0.8946599679891281,0.9489106625533992,0.013280152298535155,0.03549103508689667,0.013283710976810048,-3.201087195314756e-08
4157,0.7647737067112325,0.9151276041904118,0.01437788959980468,0.04282712248289085,0.014380142592827253,-2.9328876749445953e-07
4158,0.8459393567541919,0.9214964331476359,0.013666395649316387,0.04246474570969471,0.013669866824929374,3.56754191854769e-07
4159,0.8930791825292701,0.9589782815483053,0.008674943406542963,0.027388888347324104,0.008676696021916796,1.825292701429504e-07
4160,0.8392247534230893,0.9215060881443302,0.014841173859863286,0.043809482253120674,0.014845517432612202,-2.465769106674287e-07
4161,0.8846688322288381,0.9555552381579578,0.00853886563586914,0.023663027898845092,0.008539664853623763,-1.677711619629818e-07
4162,0.7973216148442227,0.9212776054005588,0.012382524050390616,0.03829781218590916,0.012385872492988097,-3.851557772716063e-07
4163,0.8226854360796949,0.9269664857499481,0.014552710761035188,0.04545088071863147,0.01455416919794509,4.360796949098855e-07
4164,0.9376788655239606,0.9683897927450096,0.009306013869628921,0.02367318582214641,0.009309262427983937,-1.344760394150768e-07
4165,0.9639169792674723,0.9861040525300054,0.006059326167187504,0.014893657656864682,0.00606058343219022,-2.0732527694633518e-08
4166,0.9472416338510615,0.9737558317979199,0.005794383464980473,0.01949953389242298,0.005794754171224484,-3.661489385020644e-07
4167,0.9202505996947301,0.9639394017052125,0.007147495075683598,0.017487805629895457,0.007148879142293708,-4.0030526993195537e-07
4168,0.9285230508070784,0.9660296880993537,0.007948576247919923,0.024455461666498486,0.0079492521483464,5.0807078433301456e-08
4169,0.8950817267151709,0.9487449244017505,0.012528785711425783,0.033759824876483865,0.012533268805277721,-2.732848290998291e-07
4170,0.901092690275907,0.9625053720047781,0.008055316029501953,0.02465883335372721,0.00805577397117087,-3.097240930394207e-07
4171,0.8788809508330025,0.9587781192019196,0.009255077650468754,0.03284509747200764,0.009255831592283676,-4.9166997473371055e-08
4172,0.8268218314530144,0.912158452132001,0.014077687951660178,0.049190071201341334,0.014082705264661804,-1.6854698559054526e-07
4173,0.8488951937140533,0.9324560974186998,0.011979976431738273,0.03572586968838185,0.011982014236863564,1.9371405335366632e-07
4174,0.9317077616404602,0.9655765516102951,0.008688191429394553,0.022645391765091193,0.00869070953119466,-2.3835953977258129e-07
4175,0.8288721504736827,0.9497604428480182,0.009610967273046875,0.027845082221584272,0.009612384679725923,1.5047368262521843e-07
4176,0.8968735665763353,0.957710457776009,0.01072202422773438,0.030393161100492,0.01072417030365403,-4.334236646252876e-07
4177,0.828705245035096,0.9123326674110968,0.013521159859179687,0.04639102238700271,0.013522704688906536,2.450350959914971e-07
4178,0.8938990315359758,0.9489665545772776,0.010240418634472656,0.031616075668480535,0.010243541502046406,3.1535975830720986e-08
4179,0.8327092677161121,0.9314194849698433,0.018988543801367178,0.05322199483684932,0.018997269946553163,2.677161120567817e-07
4180,0.8016851889131706,0.9149545596508207,0.012714675352832036,0.03772162896917545,0.012717062776623636,1.8891317066227487e-07
4181,0.9321491869836492,0.9712041165170242,0.00771005499814452,0.02487935863388757,0.0077116292293139925,1.8698364923075417e-07
4182,0.9182975072749096,0.9682530051750914,0.0091884886794922,0.024639557297577733,0.009191197015509332,-4.927250903952185e-07
4183,0.8804711184235007,0.9551085879954778,0.017397346937890606,0.04564149981418027,0.017403172261714474,1.1842350067237106e-07
4184,0.9261990275556751,0.9725965286535249,0.006460030602363279,0.0198170577297098,0.006460440559697282,2.7555675075063846e-08
4185,0.8245569833960052,0.9313148261858499,0.012648875956250003,0.036150050052106204,0.012651198122884172,-1.6603994734687433e-08
4186,0.6469732208626651,0.9378389358868424,0.012015873567773441,0.03782044224608602,0.01201797597927148,2.2086266504572905e-07
4187,0.9067109644469307,0.9622090266809895,0.008993295130664061,0.027697732560269556,0.008994050339035607,-3.5553069377414204e-08
4188,0.840251790843096,0.917353336548093,0.009283597657705098,0.026843533440091643,0.009284316648648629,-2.0915690401857034e-07
4189,0.963807908882835,0.9827230904730385,0.007695672157910143,0.01896450574453704,0.007698248077937399,-9.111716503529266e-08
4190,0.8819445480644597,0.9392251778175891,0.009286758252626955,0.03241204881198267,0.009287464110579942,-4.519355403242997e-07
4191,0.9330222114574601,0.9674609002386927,0.009184233492392585,0.025615897803844323,0.009185095470891833,2.1145746009754163e-07
4192,0.9399437065334988,0.9697508371822423,0.008518113942871088,0.023670534458748168,0.008521020436526822,-2.9346650121109263e-07
4193,0.9157104086280929,0.9573445188784359,0.008640222310742175,0.027036007345786872,0.008642110019796964,4.0862809291830615e-07
4194,0.8905864229818442,0.9460847112087181,0.008987282670996088,0.02614042731631832,0.008988708316988865,4.2298184421696305e-07
4195,0.8810388035592829,0.9407385536886551,0.014490747806738275,0.039696547743076384,0.014496785865918646,-1.9644071713731392e-07
4196,0.9137400419434937,0.9697814838144352,0.011079316543457023,0.028083752726785982,0.011082103597205628,4.1943493678253674e-08
4197,0.9085114654419051,0.9565329864084396,0.009912575903710943,0.03135380312839852,0.009914287866256822,4.654419051286496e-07
4198,0.8757453901972557,0.9414816751570305,0.009690401626660168,0.027270962149544244,0.009692574626289299,3.901972557285305e-07
4199,0.8213789839007031,0.9125066236423501,0.01746136188232421,0.04777686389562856,0.017466858045797357,-1.609929689561085e-08
4200,0.9221473640799371,0.9756706381962318,0.012797712254492185,0.0323880678796045,0.012801938690372007,3.640799370874248e-07
4201,0.9424807021256152,0.9839568430749245,0.007447910130966802,0.019640230832142645,0.007448443247035515,-2.978743848247589e-07
4202,0.9100329498494893,0.9564944115428851,0.009352008590830081,0.02426116587103905,0.009352810637178091,-5.015051063317344e-08
4203,0.9050241153133098,0.9524949934548675,0.006273967745039052,0.02554479722934211,0.006274384110219646,1.1531330978975518e-07
4204,0.7760368489461513,0.921127373832709,0.010762804845703144,0.029094048820472392,0.010764917545814358,-1.5105384865155003e-07
4205,0.9535284644549868,0.9766379468891181,0.009532947225878913,0.022015544168565514,0.009534798907663778,4.6445498680380837e-07
4206,0.9072562723385983,0.9543830838515851,0.0103925655017578,0.02528342703647029,0.01039393929677829,2.7233859833941665e-07
4207,0.7684030389338967,0.8895934333474279,0.0205998138870117,0.05698013694800909,0.02060309379034672,3.8933896773230003e-08
4208,0.8476351478811409,0.9409026191978841,0.01348182961757813,0.034903921176775515,0.013483647192994275,1.478811408883729e-07
4209,0.7869746366727608,0.9267807868976302,0.00930398414999999,0.035785846634063964,0.009305101844404662,-3.633272391834197e-07
4210,0.8361060863637628,0.9379246292500567,0.01449013321396485,0.04586572086343896,0.014493007945569876,8.636376280790614e-08
4211,0.9030538810687385,0.9507106170426878,0.008370451510253908,0.028009174314224033,0.00837225045654673,-1.1893126150575029e-07
4212,0.9327909313472413,0.9660490015927444,0.010458822756347678,0.027586546402534756,0.010461874629550987,-6.865275870016063e-08
4213,0.9202960615122854,0.970278223504233,0.010420468862500028,0.03132124795126006,0.010424238527757628,6.15122853764305e-08
4214,0.9089034768425543,0.9686182227294866,0.012712240645312496,0.03331714722316989,0.01271778668258975,4.768425543311139e-07
4215,0.8734124110573287,0.953649650510948,0.009336995272363282,0.02893708666580508,0.0093375404180486,4.110573287308128e-07
4216,0.758852309577582,0.885947648079933,0.018622227079980475,0.05927935242239696,0.018625931952929674,3.0957758201388685e-07
4217,0.9186067766211408,0.9674866096933088,0.007205820800185548,0.02330189810702026,0.00720647618963144,-2.2337885918766176e-07
4218,0.945001754270252,0.9732785168712461,0.007684589406640617,0.0226909570041615,0.007686032355453916,-2.457297479940834e-07
4219,0.9061810850081983,0.9642632496527304,0.00862127718332032,0.02193351053817942,0.008621742163014218,8.500819825840722e-08
4220,0.9531301686119484,0.9769955933353015,0.005382599332031251,0.013562635586399046,0.005383512871635816,1.6861194840345206e-07
4221,0.7729992608667545,0.9030523241012234,0.013617446012988272,0.04097366987727051,0.013621124251846452,2.60866754531186e-07
4222,0.9769018691195829,0.9896245802608372,0.004529626333779297,0.013604908395738243,0.004529976112170217,-1.3088041717068677e-07
4223,0.9084053496164716,0.9559372836571561,0.011477506069824216,0.03291275916598496,0.011482673138389216,3.49616471551073e-07
4224,0.8791438052057496,0.9419673044022567,0.014036325002148452,0.03426546582376664,0.014041593160770333,-1.9479425039659048e-07
4225,0.679224945046284,0.8453109464557849,0.025762220431152366,0.06856258984239456,0.0257739623241389,-5.495371602215471e-08
4226,0.9223886065150164,0.9665220761117518,0.011272683904296874,0.03248696166486233,0.011276041803551178,-3.934849835962595e-07
4227,0.8914118666021519,0.9559519866714913,0.015084602089746095,0.037161404551161126,0.015090153556540503,-1.3339784810106892e-07
4228,0.9047128005332297,0.9528215136246544,0.007088986179238287,0.026809540167689584,0.00708953778100892,-1.994667703231201e-07
4229,0.8939519729266265,0.9519327746583663,0.00951325749179688,0.03038643945133182,0.009515661741730134,-2.7073373431996117e-08
4230,0.8534875642034653,0.9373193241541661,0.010152172271386732,0.029758856081905725,0.010156222191938544,-4.357965347479009e-07
4231,0.8130354738630081,0.9222600512299951,0.019968881013769528,0.050145568946982494,0.019977536533189493,4.7386300816576465e-07
4232,0.9514872527010507,0.9764768881698419,0.006945759498144538,0.02086881660359062,0.006947695710470684,2.527010507513694e-07
4233,0.9421879664062032,0.9712480283408965,0.005056701108789058,0.01760207294213884,0.0050577867252820175,-3.3593796855413416e-08
4234,0.9330878717754613,0.9754047145816064,0.00843825797035157,0.02362254164335967,0.008438944590394402,-1.282245387645986e-07
4235,0.9163988705467994,0.9651743490583738,0.011248509243554687,0.02624484372523481,0.011252994155883897,-1.2945320060353538e-07
4236,0.950112484385141,0.9758345013593132,0.00665372316113281,0.01731822683254816,0.006655449379048348,4.843851409974675e-07
4237,0.6043495951356418,0.7884352111316819,0.0068250267901660095,0.03309995087684164,0.00682513034561645,-4.0486435826103673e-07
4238,0.7684953927138123,0.8872614311386252,0.016379982599121105,0.04700870614115544,0.016387880175867574,3.9271381224725843e-07
4239,0.9347268331661075,0.9671217425328541,0.007399737257617189,0.02272456320189932,0.007400835772551911,-1.6683389247873492e-07
4240,0.9409293622123864,0.9700585538445093,0.008598430584179681,0.022548416789090767,0.008600403496100717,3.6221238641775955e-07
4241,0.8441756550182503,0.9551525949772807,0.013720378971191409,0.03469955659962171,0.013722588788276929,-3.4498174972252826e-07
4242,0.7242086331609854,0.9240691295986899,0.016765627085839833,0.04305519208852649,0.01677122353747558,-3.6683901460943247e-07
4243,0.7892339768147137,0.9175883474615285,0.011525926711523443,0.035594108985230376,0.011528726115645972,-2.3185286246452108e-08
4244,0.11823562047230207,0.5200113397101749,0.014261586855957006,0.05959259619442847,0.014266764129125207,6.204723020653002e-07
4245,0.9494125919649626,0.9766778884044549,0.011370534059472668,0.02913800186564949,0.011372454018571334,-4.0803503731368096e-07
4246,0.8700490986483503,0.9346815167101391,0.011338315719433603,0.035539892614536724,0.011339854112392125,9.864835037731723e-08
4247,0.8503059808704457,0.9280616394876873,0.007336334127089838,0.028240984101763313,0.0073370481150519425,-1.9129554273966676e-08
4248,0.7509911174155024,0.871461140978449,0.021852165320703096,0.056769761438516406,0.02186182768669164,1.1741550243193899e-07
4249,0.9714742987261594,0.9857134047346042,0.005413815686914074,0.013507460474813208,0.005414469236091641,2.987261594755708e-07
4250,0.8602145456911959,0.9392732194458818,0.007703932185068364,0.02276904427779498,0.007704199963259293,-4.543088040209753e-07
4251,0.7741659834367227,0.8877717008779373,0.015871432324804705,0.042487369359563175,0.015877241440683573,-1.6563277305259305e-08
4252,0.8079581749410284,0.9248604274554632,0.010039400189648447,0.03589190460897504,0.010041326935526958,1.749410284412889e-07
4253,0.2796210247674118,0.6487916584982306,0.01896717568759768,0.06292772306448352,0.018970246818795666,2.4767411788140237e-08
4254,0.9081000449527801,0.9573801626864522,0.013278468387207018,0.03494831718753629,0.013284994119796598,4.4952780053897357e-08
4255,0.5479167446531245,0.7511120351583368,0.01889136731562499,0.067908187868973,0.018897411034599066,-2.5534687553285806e-07
4256,0.9386963917351966,0.9690146795149633,0.007215221576660149,0.019139345509850424,0.007216763709577015,3.917351966142846e-07
4257,0.8997023993167137,0.949421646848858,0.01454718285917971,0.03780744946564255,0.014548975876421618,3.993167136950859e-07
4258,0.9557131322535557,0.9796609829258667,0.007200627395507805,0.018542329313222305,0.0072024406459526265,1.322535556624871e-07
4259,0.9248513887551881,0.9692438659910393,0.008497542325498054,0.024428030038772367,0.008498327980197916,3.887551881520679e-07
4260,0.9047062171087813,0.9532068712802924,0.011306881113281243,0.03164594812335977,0.011310450584036284,2.1710878128633482e-07
4261,0.8747554724514535,0.9527391144678099,0.01313570678017579,0.030736626776970637,0.013139213351098269,-5.27548546513934e-07
4262,0.9130939624876925,0.9563726256255628,0.014304995373144542,0.03704817041203571,0.014307189263299117,-3.751230748250123e-08
4263,0.6854487765208567,0.9347722614263403,0.018132277707031286,0.05247477245348825,0.018134158627299505,-2.234791433020078e-07
4264,0.7983210737101313,0.9458981441360088,0.010870390406738274,0.03482363532197851,0.010871666192417287,7.371013133194992e-08
4265,0.5813991689170124,0.8837122327381213,0.017294368066894557,0.05369301812822773,0.017298674812440695,1.689170123775341e-07
4266,0.9264694134306178,0.9626325879021436,0.005532189198925778,0.020755717951321,0.005532960043726221,4.1343061785159563e-07
4267,-0.32059215994856394,0.4872242266540719,0.027651785034296862,0.07811962404098166,0.02765271288208729,-1.59948563949186e-07
4268,0.7770169529898292,0.8899382797814777,0.014328436063955058,0.04470807017525678,0.014329784981785065,-4.701017075614544e-08
4269,0.8551885421650529,0.9615096313950026,0.009741256476367203,0.029926585297522082,0.00974375479555867,-4.5783494706519434e-07
4270,0.8488349702152616,0.9411431135801102,0.015255274483496083,0.03868571681754921,0.01525909122167245,-2.9784738453386694e-08
4271,0.7724947882723259,0.9093630205690534,0.016721475788964796,0.046295046329635346,0.01672998845378077,-2.1172767417088068e-07
4272,0.8546728211070738,0.9421269643923025,0.013971738409570321,0.04148757958444075,0.01397339012157359,-1.7889292625028475e-07
4273,0.9206794189760187,0.9654031359949903,0.008839255714560554,0.02542438469372156,0.008839957193186497,4.1897601865681366e-07
4274,0.21747330987978575,0.7503759213204519,0.018399161166992212,0.05819470986704293,0.018400005184614033,3.098797857481461e-07
4275,0.8029129170621094,0.9000998472760274,0.012388312769433581,0.041952888027469756,0.012392142368954499,-8.293789055535683e-08
4276,0.8936893006828567,0.9641556888597331,0.011607577853320297,0.030432190902671522,0.011608829705402175,3.0068285672424366e-07
4277,0.9251205344934764,0.9622740302570505,0.007332508857128911,0.02163297364551749,0.0073332648103985225,-4.6550652355037414e-07
4278,0.8541891585026444,0.9418373170059823,0.013638769560742196,0.044370581459114086,0.013644637897094138,1.5850264445393947e-07
4279,0.9119378446772283,0.97329707734391,0.008767858647636696,0.023046175616600096,0.008768653952361746,-1.5532277175545062e-07
4280,0.9119793264951829,0.9691917932300073,0.011259717612919912,0.02961655771841118,0.011260750853699599,3.264951828896301e-07
4281,0.8128327613158479,0.9044742747699647,0.009294003052431644,0.031825773124523,0.009294776430996824,-2.386841521095917e-07
4282,0.8596814942974539,0.9275498144889867,0.011013481770507816,0.03465493515007572,0.011016922960377411,4.942974538568734e-07
4283,0.7925854546323106,0.8982051118798471,0.018614476667089836,0.05444841065668059,0.018622299887823792,4.546323105758532e-07
4284,0.9056393776224838,0.9527017553007505,0.012262521917382823,0.03486415543908846,0.01226407672637,3.776224838381026e-07
4285,0.8348589979777932,0.9142406025037944,0.01152960032851562,0.03529995481710519,0.011531728572448172,-2.0222068464192944e-09
4286,0.8764038471864268,0.9361952763334846,0.008403655858300775,0.03111863216822025,0.008405757853384715,-1.5281357312879607e-07
4287,0.8843581567097392,0.942535773743829,0.008801099306542973,0.02452164392666298,0.00880373875017542,1.5670973918524567e-07
4288,0.8490693414437487,0.9403883535541945,0.009982349885937497,0.031192769152728096,0.009983573208105192,3.414437487192501e-07
4289,0.7918361970236444,0.9449963280968168,0.012549300844531241,0.03845340482951276,0.012552031261532296,1.9702364439933007e-07
4290,0.9240063706781773,0.962404390431417,0.01065763049453125,0.031094244241037468,0.010661528732184618,3.706781772638834e-07
4291,0.9318003970908495,0.9679731231816696,0.008976509237207027,0.028405046932591604,0.008979978799287785,3.9709084953543083e-07
4292,0.69509143068665,0.9354651738588708,0.012088934067578152,0.039919292065638885,0.012090404511038069,4.306866500103368e-07
4293,0.8062502090543893,0.9169120680761786,0.016557286174999974,0.05036484025162289,0.01656691026095597,2.0905438924412323e-07
4294,0.9207754445639723,0.965070065443091,0.012947547423925768,0.036635056723245706,0.012953309156874556,4.44563972301637e-07
4295,0.8577650784104764,0.9290079088349108,0.017863457397167957,0.0473511120668705,0.017871979209015888,7.841047644507881e-08
4296,0.9174617868176831,0.9589563720688401,0.008498120745996086,0.025433962664577325,0.008500938928814414,-2.131823169104763e-07
4297,0.5831287983405999,0.8555481641794731,0.013548931220703135,0.039329512980397656,0.013550659669677036,-2.0165940006755534e-07
4298,0.9301411826448923,0.9692343540757994,0.008494387838671869,0.022702390951435444,0.00849528922198995,1.8264489232144854e-07
4299,0.8925258819179354,0.9452290069619923,0.0076437137160156165,0.024096941016889088,0.00764580073289817,-1.1808206468177929e-07
4300,0.8982636215769987,0.9670400931153175,0.013060705548144534,0.03982719890797131,0.013062374644007932,-3.7842300126822437e-07
4301,0.8116863905785383,0.9105843665987595,0.013309196283085923,0.043764501404087365,0.013310215832441573,3.9057853828960987e-07
4302,0.906642804435075,0.9525100470109551,0.010159806048925768,0.02893569783926231,0.010161444008666724,-1.9556492503181033e-07
4303,0.8064351027108547,0.9043205356296605,0.01093391445781249,0.03867487376927578,0.010936600055884172,1.0271085471025287e-07
4304,0.8428026324249618,0.9542797761622175,0.012471082136718737,0.032141127852710324,0.012474274310999485,-3.6757503818485304e-07
4305,0.8026407587742757,0.9364402810084124,0.012819998769482435,0.03592302320100511,0.0128209488332023,-2.412257243955551e-07
4306,0.9433347598380455,0.9718316056020277,0.007297820300878904,0.018507617582681758,0.00729869393264656,-2.401619545455702e-07
4307,0.9525329048903469,0.9769217217744308,0.0059482492333984395,0.017086980208427867,0.005949559747088622,-9.510965304215802e-08
4308,0.9010156620462499,0.9498132167571857,0.011892190810058597,0.029426677657121775,0.011894927661626578,-3.3795375009582074e-07
4309,0.7108365703385618,0.8650468208926109,0.011835873286328132,0.04154914059304404,0.011838751624252408,-4.296614382059971e-07
4310,0.5581400111433303,0.7952979868506858,0.020092546172753894,0.07047445641621422,0.02009827778353358,1.1143330369556281e-08
4311,0.8585163954812245,0.9565656294999038,0.008588567859687495,0.03490152287201533,0.008589149697706624,3.9548122454657886e-07
4312,0.8901805010342868,0.9465732942567197,0.010484575321582043,0.031227364742363053,0.010487125600711163,-4.989657131915237e-07
4313,0.9253278892908803,0.9651228235693866,0.007030299885644529,0.02647077172762149,0.00703076198226489,-1.1070911976052145e-07
4314,0.937968281673421,0.9789084728179683,0.007326344276464836,0.023964641044120605,0.007327310714309692,2.8167342092100256e-07
4315,0.8509167304307964,0.9333460703503943,0.012710248118857426,0.04180519698383728,0.012711502602812414,-2.6956920362586345e-07
4316,0.7765034899940678,0.9045569755236189,0.015890688477539095,0.04351218852717828,0.015895336949614983,-5.100059321527795e-07
4317,0.7475709281226555,0.8880729702533698,0.01100777396875002,0.03728910377615559,0.011009421840295058,-7.187734452074324e-08
4318,0.9364398434839497,0.9682812874293497,0.0100702517439453,0.026774734876897084,0.010071496543653557,-1.5651605034250338e-07
4319,0.9163392963827357,0.9602288082459997,0.008087198988085936,0.023555771128885013,0.008089017565868505,2.963827356872173e-07
4320,0.8799031084832855,0.9419270461074514,0.010180695026015638,0.026969725510386646,0.010181286363476282,1.0848328546586572e-07
4321,0.8482890151819027,0.9328166473398695,0.012347899309179691,0.031111867678919127,0.01235124401123644,1.5181902734973107e-08
4322,0.8844503732707132,0.9423330890901364,0.010640222527050776,0.03228473160859687,0.010641495207311589,3.732707132275692e-07
4323,0.8395835566584875,0.9246596599398147,0.009780914963183607,0.031083446677841745,0.009783056887181212,-4.433415125015827e-07
4324,0.7087949612969459,0.8442671420687767,0.010646532478906262,0.04063204346741632,0.010649165955881989,-3.870305409492403e-08
4325,0.9226109516573472,0.961296064002098,0.00865402500927734,0.025513470883159625,0.008655492080563027,-4.8342652769761685e-08
4326,0.8999027622070086,0.9494967509589932,0.010687143054492206,0.030470637191980898,0.010690173364796387,-2.3779299140880283e-07
4327,0.8477930711929471,0.932856219057721,0.01273475497285158,0.04119197058043247,0.012736829540004957,7.119294709312385e-08
4328,0.8916441449677575,0.9693258743909895,0.00851722822077148,0.029225055303531172,0.00851793378277708,1.4496775746497548e-07
4329,0.9599570538877553,0.9799029018414118,0.006619114759345708,0.02133387446109685,0.006619733494846712,5.388775536907531e-08
4330,0.7966002441575099,0.9361174991565642,0.007672138888369141,0.03060575515974709,0.007672545374759215,2.44157509876608e-07
4331,0.9034433363829493,0.9512618416377666,0.012331319538769531,0.03368600416602369,0.012333385399323996,3.36382949273073e-07
4332,0.8331628123072408,0.9140129461223914,0.015995599830273446,0.047960808671007014,0.01599927627517002,-1.87692759223701e-07
4333,0.9356676049526834,0.9677891038556965,0.009308217773828134,0.026554412551213963,0.009309252477691599,-3.950473166369761e-07
4334,0.9270874584989901,0.9640036240321864,0.012730992056542972,0.034691897440205,0.012738366638378153,4.5849899010796946e-07
4335,0.7900975338922749,0.8971471882683949,0.013067230475878893,0.03891239780163136,0.013068846169489518,-4.661077250833756e-07
4336,0.78288188159091,0.9216656126595978,0.010222862370468747,0.03329421226022732,0.010223861954180371,-1.1840908997751143e-07
4337,0.9004167942886192,0.9520045604295885,0.009204692555664055,0.026314657647789102,0.00920701441002042,-2.0571138081848517e-07
4338,0.8781452799576261,0.9387323213060851,0.013348074531445321,0.0329122710408035,0.013352586669578913,2.799576261924841e-07
4339,0.48847403891215924,0.8135546758108713,0.023147697011523416,0.06072071164002264,0.023153132292680397,3.8912159217030506e-08
4340,0.10227074840866324,0.707532052586363,0.0181935955504297,0.06470500855164812,0.018194401475809727,-2.5159133676400103e-07
4341,0.90890109217158,0.95475754660473,0.00943780783613281,0.02809233063825733,0.00943975175099524,9.217158003504977e-08
4342,0.8959405588356305,0.9477415264995538,0.013824498207031261,0.03529369976591959,0.013826847315107806,-4.411643694801626e-07
4343,0.9361400886087977,0.9699996793674385,0.007815988936386721,0.020644419617862016,0.00781652629583704,8.860879774363895e-08
4344,0.6568979077294006,0.8166774063564014,0.01671561714980472,0.05982582378766916,0.016721783375983925,-9.227059938332616e-08
4345,0.9283071264152535,0.9683826798277684,0.007750112564521487,0.019020107856426716,0.007750837810880501,1.264152534874441e-07
4346,0.8832972530874671,0.9405885785790637,0.014037429877441407,0.03639247448931051,0.014043387897103854,2.5308746709473695e-07
4347,0.9498301739694625,0.9804582155666819,0.0059528666780761675,0.020133275867335473,0.005953339729081772,1.739694625024768e-07
4348,0.8999182061228721,0.9549245233816276,0.0074687078837890695,0.02684041993559644,0.0074692190273196075,2.061228721039754e-07
4349,0.9543767673795116,0.9829483966912453,0.007785361053515621,0.020473686722688605,0.0077877762991638315,-2.326204884273153e-07
4350,0.8926159508098447,0.9467778507924741,0.00807161188063477,0.029477796185035213,0.008072307079344565,-4.9190155282374803e-08
4351,0.4513851418092385,0.7779621093940029,0.011075281820039059,0.04678281673601459,0.011076222769752562,1.418092385185865e-07
4352,0.940890535812416,0.9730618851934923,0.008610932824169913,0.02409634354008153,0.008611723309495242,-4.641875840372123e-07
4353,0.9210293785334744,0.9597051685896938,0.009938177883593757,0.02780681071071826,0.009941518769748253,3.785334744543789e-07
4354,0.6971305727026754,0.849837082444357,0.025635424341503916,0.06467141753538318,0.02564063337463339,-4.272973245234013e-07
4355,0.9255482133399013,0.9631710295510155,0.01247860071337891,0.03489039136001779,0.012480224688888304,2.1333990130045777e-07
4356,0.9566914612642441,0.9792922220876539,0.006255225247558588,0.017601526644471566,0.006256399422951049,4.6126424413373e-07
4357,0.9535866594398045,0.9812118379194841,0.005713713834755863,0.016092962026526166,0.0057140664489393166,-3.4056019548867056e-07
4358,0.7768483649754341,0.9250085787413007,0.017278259599511712,0.042331712786825404,0.01728027056335009,3.6497543409730326e-07
4359,0.9303190845320702,0.9673341297570888,0.009320783548046885,0.029551032159963773,0.009321735441722384,8.453207023251252e-08
4360,0.9342086675343136,0.9697758629462087,0.00811838309342771,0.025022563793961613,0.00811902121804912,-3.3246568631462026e-07
4361,0.8337277784331457,0.9462980245979513,0.01749977136406252,0.04794571916642234,0.017507072021429614,-2.2156685430818612e-07
4362,0.7476215887664622,0.8828491092156064,0.020970171828710926,0.057327428622241376,0.02097669871593037,-4.112335377781662e-07
4363,0.8849769594944774,0.9447828995207079,0.0070873652118457016,0.025807796203888463,0.007087817717265879,-4.0505522602707345e-08
4364,0.9662479777107457,0.9842220072246523,0.004866019884804689,0.012685261556054516,0.004866408289639393,-2.228925433112039e-08
4365,0.918285409058628,0.9608470160186113,0.008925378057031249,0.02663682900339339,0.008928242304124229,4.090586279703601e-07
4366,0.71921521294808,0.8586241145922145,0.021591162423730492,0.053305423503394574,0.021600537875828985,2.1294807994731713e-07
4367,0.8782338886506623,0.9501250223779877,0.014624175400585929,0.034647589785175126,0.014626035133130382,-1.1134933763923271e-07
4368,0.9244653891961264,0.9749992823361635,0.007842830311523438,0.027852785778433194,0.007845277205627681,3.8919612643795176e-07
4369,0.5745614110914439,0.7731493881828383,0.009216783450585946,0.04366020659943963,0.009218430119399471,4.110914438859581e-07
4370,0.9715606535681505,0.987699176906637,0.005206860790527346,0.014167624537022446,0.005208233241755809,-3.464318495405294e-07
4371,0.8800626763976802,0.9420168843747355,0.0145827109482422,0.039947868347040456,0.014589406917030248,-3.236023198294191e-07
4372,0.9022476630335764,0.9506902704006928,0.01159828379677735,0.03573925516879113,0.01159964373900931,-3.3696642365299567e-07
4373,0.8832550450006086,0.9468773630371076,0.009925231746972657,0.03707252271650448,0.00992846717330575,4.500060857282051e-08
4374,0.9163017308708752,0.973332961061003,0.0071367567393457055,0.021197603584879265,0.007137168308367137,-2.6912912476362294e-07
4375,0.963496247275767,0.9816120093801611,0.007585643512597676,0.020323397454723738,0.007587276338471917,2.47275766973587e-07
4376,0.8588737423055703,0.9287825613729674,0.010107866504980474,0.03199374953852405,0.010108645392281781,-2.576944296839301e-07
4377,0.9177148809407425,0.9618028603774647,0.005454470097851565,0.01981491437557185,0.00545505634948441,-1.1905925745292478e-07
4378,0.7692836207177588,0.8879828681319406,0.019601421328320323,0.0571500805367115,0.01960968481616539,-3.792822411696761e-07
4379,0.9158644027540108,0.9625820996028553,0.013315572453710938,0.035685171363828254,0.013321690377404816,4.0275401080869244e-07
4380,0.8411789931298277,0.9256419101164032,0.012659950848457047,0.035507367963392114,0.012661192110962567,-6.870172319928258e-09
4381,0.9296179962250917,0.9734917872911936,0.007781736719238286,0.022249041780721155,0.007783043788045963,-3.7749083858784616e-09
4382,0.8968505177667132,0.9488630150733187,0.008302709864531252,0.03235798176087051,0.008303505568628093,-4.822332867471246e-07
4383,0.8595897484846619,0.9306871747831714,0.012371530775781249,0.032227159076468434,0.012373806839796355,-2.5151533811218485e-07
4384,0.8544696171143121,0.9551966005706095,0.011305953246650376,0.03564419938129011,0.011306975422669278,-3.828856878218545e-07
4385,0.9015536048741922,0.9525331018264179,0.008314804779492174,0.02633169307907925,0.008319256985438036,-3.951258077394826e-07
4386,0.8048605602021185,0.9158802416927909,0.011429149972949203,0.04777902307629779,0.011430302115397589,-4.3979788155734667e-07
4387,0.8529262696247029,0.9320462800916128,0.012426732693457045,0.04022852331329722,0.01242863411787629,2.6962470289770835e-07
4388,0.9442874630778206,0.9727335618076475,0.00566596690762696,0.01500050901158968,0.005666214736187118,4.630778206449193e-07
4389,0.9031736514531015,0.9504198778583662,0.012170249548144538,0.03591512143701129,0.01217313623210882,-3.485468985653384e-07
4390,0.9436430092347686,0.9718759156741468,0.00739558710488282,0.020224319723919963,0.007397707099095889,9.234768616472877e-09
4391,0.884608065256667,0.9703048697217168,0.008685454650390638,0.026808211909339734,0.00868675238257125,6.525666707002387e-08
4392,0.91528387127888,0.9574288002504937,0.007849536595214843,0.025332236923120026,0.007850474295902165,-1.2872111998518676e-07
4393,0.8991964636495068,0.9485063176125975,0.011433504438769537,0.030202941231093725,0.011435339574059645,-5.363504932409668e-07
4394,0.8782622798203152,0.9428412988332942,0.012684377421679705,0.03323925765959194,0.01268799111507397,2.798203152520884e-07
4395,0.9344159247285353,0.9724851458294075,0.010540472600878913,0.029846918949468823,0.010542281369611883,-7.527146472785518e-08
4396,0.8345277366442558,0.9219836032259189,0.012292233952539061,0.0327400409932405,0.012294281075739837,-2.6335574421221253e-07
4397,0.8823750989576203,0.9394396841512807,0.010930546068261717,0.03508951569255169,0.010932178269807845,9.895762032030575e-08
4398,0.8806725372966167,0.9440950101839739,0.011833729757714807,0.036163964635568466,0.011838530697445048,-4.6270338338594286e-07
4399,0.9126932842125126,0.9661041048547502,0.011441164488183587,0.03425118238211319,0.011445182177466729,2.8421251263566205e-07
4400,0.835456090253401,0.9147805176044558,0.010297649184980454,0.03678542000055562,0.010298407350125128,9.025340097501555e-08
4401,0.8496560965510151,0.9290145481921264,0.015202643248427728,0.04439463055820721,0.015203961916628206,9.655101518291076e-08
4402,0.9089238794707585,0.9558263585956522,0.008103613702148446,0.024589812407838123,0.008105636048615812,-1.2052924147631927e-07
4403,0.9473790517556151,0.9737402947208526,0.004893363118037105,0.014447980378236904,0.004893525333508385,5.175561512693605e-08
4404,0.7722081440047054,0.9054478158990618,0.016058189068457036,0.039337873090286773,0.01606051630633004,1.4400470538245003e-07
4405,0.8477827273440004,0.9533898529066488,0.015433392152734374,0.03882295027861108,0.015435423439023526,-2.726559995558375e-07
4406,0.884909569152,0.9419898998339726,0.007906155563037124,0.029463583675914038,0.007906796383265966,-4.308479999437509e-07
4407,0.7173848152431896,0.9330953982256541,0.01630116452119144,0.04486311726441561,0.016305650079974938,-1.8475681040630576e-07
4408,0.8682382393716994,0.9343218831820805,0.011281349081835944,0.03321367537854253,0.011282978899111536,2.3937169946197656e-07
4409,0.8652860688504662,0.9312536571522498,0.009395145512617194,0.03580203209963907,0.00939594370461206,6.885046621718516e-08
4410,0.9552500091919014,0.9788707786059211,0.00600193557249023,0.013873163116222652,0.006002427154647472,9.191901351179865e-09
4411,0.8774917287329198,0.9397957121157521,0.013852387887695296,0.04140836873177323,0.013857289253861984,-2.712670802429429e-07
4412,0.8638053779978883,0.9366860264771945,0.015447289946679685,0.04142824027025453,0.015453792228664165,3.779978882123558e-07
4413,0.9199891397350003,0.9610671883327284,0.010754269529199228,0.030855884966047922,0.010757940847564719,1.397350003484732e-07
4414,0.8551352420966585,0.9259722995169557,0.010675358801660139,0.03264422518872677,0.010677538599810212,2.4209665849816986e-07
4415,0.7027548843228794,0.8522256564756512,0.019182978880859385,0.0627227793015999,0.019189932114806026,-1.1567712066007374e-07
4416,0.9415730125871965,0.9744713094288757,0.008821477419824217,0.021452910943151205,0.008822487508183525,1.2587196507318765e-08
4417,0.8522744770239061,0.9344380214497854,0.0120434824024414,0.042442345698634316,0.012047556858461551,4.770239061535619e-07
4418,0.8837063612292052,0.9416530121766549,0.011832371279384772,0.0321702542583942,0.011833270035058832,3.612292052146415e-07
4419,0.46809645597647076,0.7676001242051294,0.020319744404414055,0.063290650494241,0.020321680599069778,4.559764707479097e-07
4420,0.8634771433820099,0.9346628494917764,0.009866811831738275,0.034225730335493997,0.00987043219868104,1.433820098206695e-07
4421,0.7229918980468619,0.8720213213382001,0.010631535740214842,0.04497937836350641,0.010632367164214547,-1.0195313804306494e-07
4422,0.7292524666674333,0.8560072367122408,0.019583384844531215,0.05479836531895325,0.01959153479958117,-5.333325667766786e-07
4423,0.8061187403248267,0.9402276753910687,0.015777065648828106,0.03646332943580253,0.015780037012439508,-2.596751733641156e-07
4424,0.8232863546303375,0.9257008443614508,0.008532792180664056,0.030353207484602778,0.00853396880588015,3.546303375401294e-07
4425,0.9011559590199786,0.9548450146993094,0.007470507179492181,0.022412357886823,0.007471349261819052,-4.09800213763134e-08
4426,0.9305345896090913,0.9660157350455157,0.007656169992187498,0.01803074231533058,0.007657179462659034,-4.1039090870054196e-07
4427,0.85722713108232,0.9259388590628903,0.010573025219628945,0.03250428022903441,0.010574554330851393,1.3108231999847675e-07
4428,0.7227883412478866,0.8562348073207218,0.014493478737109372,0.05059831507833869,0.014495476977748542,3.412478866149371e-07
4429,0.8977722192095932,0.9519144397751871,0.010103877584375006,0.03045327223696178,0.010106321091699188,2.192095931441429e-07
4430,0.8907323301613896,0.9531405207677871,0.009289372718554689,0.025593373156103168,0.009290532287541507,3.301613896722344e-07
4431,0.8111223222909971,0.9573864576268907,0.012353584150878916,0.03571568240384338,0.01235578828883155,3.2229099711234e-07
4432,0.9182176630183219,0.962224245921632,0.006255438111523437,0.01630843256299589,0.006256246462360098,-3.36981678117354e-07
4433,0.82980000369091,0.936303923983179,0.014509837812500013,0.03962863251255496,0.014514903690969985,3.690910022058347e-09
4434,0.855968405252651,0.9500571782803475,0.01266656520546876,0.03340723676025292,0.012670826319465459,4.052526511033605e-07
4435,0.9312089858245903,0.9675384345021264,0.01071194066464845,0.030364003991021106,0.01071585364326153,-1.4175409623895519e-08
4436,0.9765699491272801,0.9884785011057111,0.0029657952389355513,0.008074096450261735,0.0029659890464772717,-5.087271992554321e-08
4437,0.9232003528184851,0.9608798129217209,0.0074130061796386865,0.022508325046098156,0.007413456513687204,3.5281848509427505e-07
4438,0.8165742567130134,0.9243781375337379,0.015090680297949225,0.04105976170415892,0.015094684612864387,2.567130134023543e-07
4439,0.8836043867431986,0.9405540229140849,0.00974607309804686,0.03572854919966255,0.009747069941611565,3.867431986881442e-07
4440,0.6734508945086909,0.9436340588721355,0.01716152926621095,0.047186754261353867,0.017166656136132642,-1.0549130913251048e-07
4441,0.8973154385011665,0.9587143883652776,0.011608248165527357,0.03103586303805253,0.011610331492062398,4.3850116648869175e-07
4442,0.8399054323456003,0.9615128610202143,0.011682639970214856,0.03318100044069959,0.011685160085320136,4.323456003207937e-07
4443,0.8253297160138168,0.9101605893358934,0.00938844929062499,0.03059658448617842,0.009392234911679362,-2.839861832359958e-07
4444,0.8334399505100153,0.9315528358459918,0.012254698396093727,0.03762328205681249,0.012259624698249698,-4.948998466591803e-08
4445,0.8391040627598816,0.9242705929264858,0.013549080965039055,0.0393131556606285,0.013550765577244547,6.275988162496304e-08
4446,0.8630885195453312,0.94315750857802,0.012904879619824198,0.03891722160208928,0.012906442213108093,5.195453312012432e-07
4447,0.874660884569728,0.9428209640617169,0.012954268342382806,0.034617251015058366,0.012957863666221868,-1.1543027200744405e-07
4448,0.7485959611030706,0.8836379922844877,0.015576261969335948,0.04578294110289198,0.01557942304361915,-3.8896929455134455e-08
4449,0.9154796373113406,0.963197651099876,0.009868891862207041,0.028458926519296372,0.009869960331801772,-3.6268865932775896e-07
4450,0.7955631320475849,0.9296854926036159,0.011947649806015613,0.038969382648667894,0.011948582693760172,1.3204758486651258e-07
4451,0.8600489923217984,0.9318129550406122,0.010693592951562497,0.038940704933466366,0.010696343434984592,-7.678201519034644e-09
4452,0.8636520363415319,0.9397272403542022,0.01512064037880858,0.04630395225026237,0.015125505193531424,3.6341531894912293e-08
4453,0.7582852914904991,0.8857418023972113,0.017966782916699228,0.052139874164413985,0.01797585012244983,2.914904990714007e-07
4454,0.8562766406712914,0.9426224759416942,0.014194641675390626,0.042058352134316836,0.014200169815700046,-3.593287085656982e-07
4455,0.8642759425228672,0.9347739911332548,0.010120481620996102,0.03471684845286644,0.01012166578909043,-5.7477132830996425e-08
4456,0.8984752964972949,0.9528850532487071,0.014072312859667974,0.034617793650893236,0.014075474806702144,2.9649729482716936e-07
4457,0.8930705846761281,0.9620349645985198,0.009119756946191413,0.02508113128709296,0.009121576700743211,-4.153238718496155e-07
4458,0.9371196280168511,0.968482192576164,0.006556708942675776,0.022127677136151977,0.006557618835896684,-3.7198314883912786e-07
4459,0.9054277553634791,0.952171386743627,0.010190021475781264,0.02846683214744179,0.010192024926197816,-2.4463652092965305e-07
4460,0.9204201924716101,0.9704037504491116,0.007890191121728495,0.024950149272621642,0.007890812375171398,1.9247161009428027e-07
4461,0.9383089399200422,0.9695937991264053,0.005262890287402348,0.01616001186927023,0.005264037107368136,-6.007995778656294e-08
4462,0.9779582449755999,0.9894417995497142,0.005572196595205084,0.013380704177972989,0.005572612080245607,2.4497559991676354e-07
4463,0.4295024664831799,0.7384810359141041,0.01781101514261719,0.06431950174978085,0.01781192853065311,4.664831799172653e-07
4464,0.8245351836568521,0.9091159673116005,0.011697448198828123,0.043816034791708404,0.011698672146664387,1.8365685205967708e-07
4465,0.8782827038358958,0.9401818278390356,0.007264700227890627,0.02491635208448689,0.007265257008126701,-2.9616410424093687e-07
4466,0.9585484056916453,0.979107221812093,0.005540016894423836,0.016153334073939957,0.005540356618509602,4.0569164538872826e-07
4467,0.8844873583517532,0.9459017815053589,0.009135617296484367,0.031952767970134695,0.009137495390788253,3.583517531602354e-07
4468,0.8898521193489118,0.9441521725506556,0.011760219379101539,0.03382782322838511,0.01176476337071746,1.1934891186449192e-07
4469,0.7883997750703711,0.892614237511225,0.01623691474277342,0.0471898623344243,0.016244242783849946,-2.2492962892251e-07
4470,0.9187107700223389,0.9621486956961596,0.009061383206542983,0.02691432863293344,0.009063861067660323,-2.2997766113697082e-07
4471,0.8320732478672692,0.9205503119017803,0.016162286802441393,0.04923483110756813,0.016168958486599008,2.4786726926517844e-07
4472,0.9415996931581649,0.9807234774136719,0.007614147558066403,0.02138416996700273,0.0076147036045878976,-3.068418350515856e-07
4473,0.6114754160077006,0.7881665749063753,0.018869669772363283,0.05671634870957641,0.018876122546541634,4.160077006210017e-07
4474,0.6674586773750111,0.881112420608517,0.02665299401562497,0.07171631048711292,0.026666605461717435,-3.2262498894652936e-07
4475,0.75386048021894,0.8990620702689891,0.015208039540234381,0.04720777489759814,0.015212160032161621,4.802189400576751e-07
4476,0.8800303816276738,0.9538658483514778,0.011204279204882806,0.028639628478683045,0.011206708793573822,3.816276737955704e-07
4477,0.9153850546022803,0.9580403870422386,0.008650908361230477,0.02995397990781492,0.0086530232786662,5.460228025278013e-08
4478,0.9092062291961522,0.9604763260112033,0.0071350830689062604,0.021694669047274764,0.007135531018349014,2.2919615227934287e-07
4479,0.9091504402164154,0.962826353868077,0.010669016310449217,0.032034378788813406,0.010670156553254935,4.402164154315713e-07
4480,0.8566944191357965,0.9296916974389632,0.010369633720312512,0.03169313284342057,0.010372653304453236,4.191357965144249e-07
4481,0.7312739190420523,0.9311587973470017,0.011560749471210927,0.03652342843277138,0.011561782338411415,-8.095794767903897e-08
4482,0.8343667736603119,0.9260222003633807,0.010198408194140626,0.03759135066336034,0.010199873538572797,-2.2633968810303884e-07
4483,0.9114948926120252,0.9682771279529151,0.010128451726367177,0.028692833872465684,0.01012980677137235,-1.0738797484588503e-07
4484,0.928186808749193,0.9635307097626101,0.008151324175781259,0.026689223712046753,0.008152450328366534,-1.912508069690233e-07
4485,0.7198570941556477,0.9081458973775836,0.021465710198925764,0.07057427096244526,0.021471327774618427,9.415564772297103e-08
4486,0.7581173691920666,0.9066134109775216,0.013667841196191383,0.042038055174205724,0.01367268495129292,3.6919206658492243e-07
4487,0.9404834522963004,0.9775017934986882,0.0067599650532226396,0.017136624325611947,0.006761343142744516,4.522963004127689e-07
4488,0.8714470934395526,0.9407436653404753,0.007995143072753902,0.025213839208571533,0.007996701195596048,9.343955265084247e-08
4489,0.8372294484735656,0.9425506331465571,0.012932548283496116,0.036601463063178706,0.012933907743257976,4.4847356561739105e-07
4490,0.9097929057919845,0.9573313146711249,0.010779344797460927,0.031188654830684972,0.010783501539679831,-9.420801549975266e-08
4491,0.89971376656245,0.9536218433615786,0.012901997211718714,0.03526088650097576,0.012906290063200666,-2.3343755006788314e-07
4492,0.9127259909298916,0.9730497765641458,0.014887632547558578,0.03543981602403985,0.014890406823925163,-9.070108442088554e-09
4493,0.8690115241519247,0.9487812619716061,0.007608616540361337,0.02717238459715121,0.00760909276593264,-4.758480752764527e-07
4494,0.6700784145179495,0.8653008226268265,0.00953048998214845,0.03558347708612912,0.009530839542272324,4.1451794952074295e-07
4495,0.8861902189517825,0.9434214417968655,0.015250634794531275,0.0407912234536396,0.015256669380922199,2.1895178248243496e-07
4496,0.8492991462518428,0.9231418560542339,0.010014957507617167,0.03672281681237091,0.010017810659233621,1.4625184274752456e-07
4497,0.8437462926454226,0.962036856854109,0.010161511166992194,0.03417306845755809,0.01016407197240061,2.926454225615771e-07
4498,0.7766061374052905,0.8959873510438537,0.013986173821875003,0.043904113509101915,0.013989344309513,1.3740529047900907e-07
4499,0.4317344189478707,0.8247097186736808,0.014004877412822291,0.04369298907593854,0.014005740244853519,-5.810521293003745e-07
4500,0.8949627881130602,0.9632766078688313,0.01173948778769531,0.03287816960856092,0.011741496524094801,-2.1188693977158835e-07
4501,0.937427998515119,0.9686925601546402,0.007780638800878909,0.021815353947603432,0.007781625346780585,-1.4848809959389087e-09
4502,0.8111328691572148,0.9083949678590856,0.010909222138671857,0.033877750277450124,0.0109118746833737,-1.3084278516206638e-07
4503,0.9224043680278766,0.9605238948487765,0.007051619691894528,0.02638665175824848,0.0070530450488214885,3.6802787661827097e-07
4504,0.8801702038884047,0.9492535896552282,0.01025594886816407,0.027676697629421314,0.010259682219810402,2.0388840471508018e-07
4505,0.9387292819597087,0.9695004820361378,0.011897517775000005,0.029788426940378303,0.011899236507860742,2.8195970869226983e-07
4506,0.9053776128994149,0.9601210279477499,0.011017341944726563,0.02913801192388256,0.011018537136468292,-3.871005851419085e-07
4507,0.8517391933900618,0.9266396001297247,0.012494555995898434,0.03966235888846068,0.012498601750789918,1.9339006174234896e-07
4508,0.9292923369703029,0.9649909806810353,0.009458999243164047,0.026735267030503183,0.009461322910009983,3.36970302883266e-07
4509,0.828200122468659,0.9320868507110339,0.014015221480761711,0.04156658413187747,0.014021274922239204,1.2246865899179227e-07
4510,0.9252591388524004,0.9659882354987533,0.007869913205185547,0.02153930711225399,0.007870540065840079,1.388524003553826e-07
4511,0.7777953878657557,0.884501729572186,0.014834459834082015,0.04720299596607514,0.014836966474285191,3.8786575573546145e-07
4512,0.7942865483873517,0.9232664829344859,0.0125199051116211,0.034000049509127155,0.012521758150261846,5.483873516398674e-07
4513,0.9296707696244713,0.9653885082608405,0.009815033055371085,0.02962440508074375,0.009818169979334004,-2.3037552876470357e-07
4514,0.12341726838523714,0.5011367936793495,0.014710182992187494,0.06274271051351099,0.014712520174591112,2.6838523714545204e-07
4515,0.9097139378390775,0.9542999572380437,0.009321340128027338,0.030996842958609733,0.009322602350585471,-6.216092252042671e-08
4516,0.6788440363262602,0.845933718908622,0.016118242044531255,0.05531938250162258,0.016126622858524016,3.632626022209706e-08
4517,0.9651693344530633,0.9837109694998595,0.005836151468779298,0.016055399569286078,0.0058365705728926996,3.34453063244311e-07
4518,0.9049436616637063,0.9519033288529898,0.008070323954091813,0.0213776143955455,0.008070742914346531,-3.383362936482115e-07
4519,0.8886438330498899,0.9515541427207409,0.012335226714941413,0.03583801984812048,0.012338670557579137,-1.6695011006984117e-07
4520,0.873276964697123,0.9545192350992856,0.013422145249511727,0.04096768171445077,0.013425056589831225,-3.5302876955078943e-08
4521,0.9107338149752053,0.9603665520810378,0.007380565393652346,0.0201089330670601,0.007381458578189849,-1.8502479470772215e-07
4522,0.8772186699754956,0.9388678706431108,0.011114115263574226,0.029774843644712706,0.011116153876154266,-3.3002450439134634e-07
4523,0.9043184737181202,0.9520560567384881,0.012387138777343747,0.03374217123095432,0.012388881204107369,-5.262818797424629e-07
4524,0.8296162470061185,0.9205808016487815,0.016203817464648433,0.04500468841384844,0.016209804273806368,2.470061184478567e-07
4525,0.8484962455918823,0.9225889749267526,0.01562971261191404,0.042275578787795046,0.015636445360375534,2.455918822752423e-07
4526,0.9081959905480861,0.9693662536441539,0.009885391845791016,0.023298308041792462,0.00988629872309102,-9.45191391821254e-09
4527,0.7834347394431189,0.9008665302705616,0.011783292638476574,0.04704097533859367,0.011784439497300186,-2.605568810709613e-07
4528,0.8927531029272222,0.9517515966220702,0.010151611088867167,0.02606552948499864,0.010152866644136,1.0292722218974149e-07
4529,0.9310353983334693,0.9705312986600243,0.009323523976757803,0.02711864504929229,0.009325469076569965,3.983334693202778e-07
4530,0.8557638016405422,0.9273618949668198,0.01458674186347654,0.046960591207988865,0.014590960553737826,-1.98359457748154e-07
4531,0.8300345150967167,0.9121740497670108,0.012848878710644548,0.04403525699445811,0.012852600738991393,5.150967166134279e-07
4532,0.7944268958369768,0.8924981560520178,0.015513855945605457,0.042768562933449265,0.015516054298968669,-1.0416302320681581e-07
4533,0.8090251373346364,0.9279669034351395,0.014779899261113286,0.04282521707959337,0.01478130266420846,1.3733463644083344e-07
4534,0.9182385403211244,0.9587981070904763,0.009558712836816408,0.027353659903241585,0.009559724351250014,-4.5967887563058696e-07
4535,0.8750005428425467,0.9386764250818956,0.010783479758232425,0.03451152539085826,0.010784382969286617,-4.57157453337409e-07
4536,0.8728831688922226,0.9372562126683743,0.007213105064746087,0.02438578108584686,0.007214356521857477,1.6889222265170645e-07
4537,0.6836888531474694,0.8676128030562361,0.011717162232070321,0.04076282899405046,0.011717613914800707,-1.4685253058033254e-07
4538,0.9188539047864936,0.9661663037567374,0.008751623321484377,0.023461595230288977,0.008753592548922086,-9.521350630148362e-08
4539,0.9515171367998898,0.9760581170674852,0.009015722490527343,0.022884360017219448,0.009018786143320112,1.3679988986048386e-07
4540,0.9417228391462312,0.9751586712392534,0.007702055879785155,0.023122166805214367,0.007703631345579823,-1.6085376874919177e-07
4541,0.8866629167721,0.9421945288767327,0.01430012444765626,0.035299621346558056,0.014304731988955642,-8.322790001624725e-08
4542,0.9454048683604859,0.9731371282359972,0.006561676856249998,0.019718644258838753,0.006563374423162903,-1.3163951417816122e-07
4543,0.8991187626042222,0.9603481809079863,0.0076738570973828085,0.019085192850298555,0.00767446187237618,-2.373957778134539e-07
4544,0.9035643881052422,0.9552821015905268,0.0114981588102539,0.032077966994184234,0.011502191570636098,3.8810524216614795e-07
4545,0.8543605458529234,0.9385765601915295,0.009886897992773423,0.03436666900647581,0.009887996131870237,-4.541470766117328e-07
4546,0.8739378669586075,0.9461645634637207,0.010230784322167988,0.02949026935091324,0.010233696089108612,-1.330413924582885e-07
4547,0.7967403498688829,0.9193564145383606,0.012899414374316413,0.041033515151558266,0.012903720580721914,3.498688828651453e-07
4548,0.8849131214478126,0.9415754062224906,0.009609661832324215,0.0324622660866658,0.009612428305531676,1.2144781269540772e-07
4549,0.8688294791086563,0.9463280412731284,0.009771519955156256,0.036847826422342723,0.0097724077931606,4.791086563038505e-07
4550,0.8159621040769862,0.9388045828191062,0.01722047453544925,0.04912376140424736,0.017223842113501135,1.0407698625147788e-07
4551,0.44347014170965104,0.6739634586565443,0.02122620449751955,0.07272424767205554,0.021227827610758632,1.4170965106918842e-07
4552,0.9301096402526342,0.9649839926916655,0.00784031042066406,0.023107121591679398,0.007840959639419848,-3.597473657857009e-07
4553,0.7235746110599756,0.8767793485262421,0.01468240156728517,0.04691902069057301,0.01468527305508905,-3.889400244094787e-07
4554,0.8312791049018938,0.9391834338981239,0.00910712036341797,0.031915046622451614,0.009107773854297936,1.0490189383816073e-07
4555,0.8858108058554268,0.9645191064074858,0.011982186794042962,0.03410690846730019,0.011985767132060428,-1.941445731956648e-07
4556,0.830397516478299,0.9374958737785638,0.013326515139941411,0.0369336975259293,0.013328462864206607,-4.835217010112913e-07
4557,0.8660044192793431,0.9470003437162196,0.009751948865917974,0.025586428354608042,0.009754249575404276,4.192793431334607e-07
4558,0.9413169288088669,0.970880958116608,0.010440209406445326,0.028371457774474435,0.010444530831076684,-7.119113309972391e-08
4559,0.801493389041088,0.9121232272232518,0.013950685552636706,0.04129382131347351,0.013953267200087332,3.8904108801141035e-07
4560,0.8404257342247995,0.9170752777794354,0.014397194269140615,0.041626320567858394,0.014401849704502404,-2.6577520051418446e-07
4561,0.19602805808019363,0.8433137791681795,0.01735263740341798,0.05109646961729477,0.01735342095531947,5.808019362674166e-08
4562,0.9108151254270817,0.9545177954520363,0.011721468760449234,0.03408815264445167,0.011722888450304407,1.2542708160978577e-07
4563,0.5550520550976143,0.7743698280134136,0.016220820282617187,0.055803093223171556,0.016223267947078453,5.5097614359844727e-08
4564,0.9169345676455541,0.9598355901237595,0.009260245324218748,0.025103231714725716,0.009261983887509477,-4.323544458006978e-07
4565,0.8452158998379077,0.925654361106716,0.01117911933134765,0.031654633013181485,0.011182802823586907,-1.0016209228691508e-07
4566,0.8253208831573484,0.9209716486737057,0.013687429214941404,0.03635460536156386,0.01369301662298838,-1.1684265155409435e-07
4567,0.944767252853131,0.9722485459804565,0.005851291725781249,0.017081708472438586,0.00585261374109511,2.528531309886617e-07
4568,0.8400528188728908,0.927520106053122,0.009033310464804671,0.03372970603939163,0.009034129035040462,-1.8112710920004105e-07
4569,0.7631218507761134,0.9237583967938665,0.011767513833984373,0.03987321938230518,0.0117692910816766,-1.492238865807849e-07
4570,0.9084272360854754,0.9535545722737284,0.011965724022851577,0.03130764984092859,0.011968058177173987,2.360854753913344e-07
4571,0.7269974977033675,0.9394210348379196,0.012612655954589852,0.0417123497186805,0.01261486297406513,4.977033675190867e-07
4572,0.8841867047331091,0.9438172772676922,0.013423195406152338,0.0351413971301174,0.01342495563666308,-2.9526689082626234e-07
4573,0.962190961189035,0.984856198584832,0.0084764891296875,0.022765655617045032,0.008479808808631827,-3.881096499736003e-08
4574,0.8641129090216987,0.9308339370574151,0.010844322056162113,0.03411570414572842,0.010845293846873562,-9.097830133697471e-08
4575,0.9112849688169327,0.9682947351681527,0.009990974606054708,0.029743360481580036,0.009994275053483865,-3.1183067350504245e-08
4576,0.9152621064006171,0.9621098197540443,0.009042786131347649,0.030344269949548447,0.00904434067081328,1.0640061709477067e-07
4577,0.9460186446683312,0.9737261243135144,0.01001499634003906,0.025941440743434286,0.010016539739566484,-3.553316688664765e-07
4578,0.9028250846040076,0.9589091852461649,0.017004493070898453,0.043560366917600415,0.01700806140300015,8.460400757748232e-08
4579,0.8711082928011061,0.9556020131997872,0.00810702735930665,0.02382662752990755,0.00810774206698561,2.928011061387181e-07
4580,0.9175835122751346,0.9591570950516343,0.005499824393535153,0.017859106185950435,0.005499972862607592,-4.877248653833988e-07
4581,0.9435629138572663,0.9715489123017673,0.008052017003720699,0.020610545579234443,0.008052677955206665,-8.614273372398173e-08
4582,0.9466811968182312,0.9744579480561231,0.009363615347460936,0.024509309922326514,0.009365328336253599,1.9681823115735853e-07
4583,0.9223124372421131,0.967466382836433,0.00829589997089843,0.022822465062268225,0.008297122395897565,4.37242113071612e-07
4584,0.8484694440578839,0.9219207435419858,0.016609896508886734,0.04399977810880623,0.016612533426285006,4.440578839082221e-07
4585,0.966211624955549,0.9830474230460802,0.006908092706933611,0.016650959161423416,0.006909222265972219,-3.750444509398321e-07
4586,0.8108818068350871,0.9508404101742106,0.011307572794873039,0.03550873347194608,0.011308606287949349,-1.9316491284282478e-07
4587,0.862119547245943,0.9294782910721234,0.01136022903291016,0.03591106841610734,0.011363754089883599,-4.527540570231636e-07
4588,0.9104756060106902,0.9551045634470138,0.00908280024111328,0.024299612577897273,0.00908523312754077,-3.9398930973266744e-07
4589,0.8637987716117926,0.9357896015341407,0.01570670166474612,0.04349975183632016,0.015710160360236484,-2.2838820734616405e-07
4590,0.7112354627286153,0.8436634280042632,0.010071920040136718,0.04090952995898501,0.01007320643191286,-5.372713847151545e-07
4591,0.8855850859409713,0.9425919070355353,0.015893078635839872,0.04023954869340557,0.015896831637747386,8.594097133940437e-08
4592,0.8040310375660337,0.9134286857424249,0.012592641029199216,0.044463760385949846,0.012596778090772698,3.7566033617153494e-08
4593,0.7480289610058832,0.9080939688153502,0.01634828526992188,0.048370159972828695,0.016350549964976868,-3.8994116824397906e-08
4594,0.9223381504942456,0.9614455868766586,0.007888798728564466,0.02486526516062364,0.007889384225487232,1.5049424562096902e-07
4595,0.9230381802059087,0.9810984828898263,0.007901766128515628,0.01990876223593097,0.00790362932218841,1.8020590863976338e-07
4596,0.8880176525012958,0.9456588405124863,0.012869719496191423,0.03866589291034513,0.01287434059011646,-3.4749870414518824e-07
4597,0.9213442783408726,0.9612731386583239,0.012201509002636684,0.03026258092495842,0.012207387573885682,2.783408725726133e-07
4598,0.8908632189703131,0.9440550532156303,0.010917634276074215,0.037482255520558824,0.010918797250271898,2.1897031310391668e-07
4599,0.9208351300737476,0.9747181110109173,0.006243296174667972,0.02230679553672122,0.006243613598172655,1.3007374766171864e-07
4600,0.80574582392432,0.9138018873868241,0.013728369182031257,0.03916179942873681,0.013730730724916342,-1.7607567992516948e-07
4601,0.9344434086754548,0.9680915396771003,0.0112121877522461,0.02819921771831789,0.01121364552167846,4.0867545481049206e-07
4602,0.825679087334189,0.9400874130114313,0.014318083891699206,0.04603724045471791,0.014319727601679584,8.733418899176115e-08
4603,0.8250113659892429,0.9213436563463656,0.013991706588671882,0.04604871301854343,0.01399500827702959,3.65989242800957e-07
4604,0.8819670106602651,0.9397804244488148,0.012133050361132804,0.03392023439132411,0.012137239660483808,1.0660265115092216e-08
4605,0.9249746112514254,0.9623640953954568,0.008561047204492186,0.02497133403076288,0.008561985359208163,-3.887485745535102e-07
4606,0.860640279570728,0.9407199730739236,0.010665907700488305,0.0332525513990767,0.010666704982072185,2.7957072801232385e-07
4607,0.8614692919008169,0.9357811862005666,0.01475099737343748,0.042468503971039934,0.014753103336154717,2.919008168511539e-07
4608,0.7739587120839199,0.8812234311006402,0.013105703023730469,0.04178218778477949,0.013106950155149441,-2.8791608008837954e-07
4609,0.8961783402107911,0.9511157407251407,0.010023172813574226,0.024992619567045023,0.010025637105149034,3.4021079109436414e-07
4610,0.8550742053088685,0.9270841561080037,0.009134475001464842,0.02572242351158426,0.009136957480833032,2.053088684617066e-07
4611,0.9230320622501644,0.9611766737749565,0.009285371954199194,0.027379988171790427,0.009286593137482134,6.225016446759213e-08
4612,0.9371192659947543,0.9748230824848477,0.005642688700986325,0.01572212059485299,0.005642923938741573,2.6599475422273144e-07
4613,0.8743577691244232,0.9373704835303018,0.008114456962197267,0.03513991743904191,0.008115250553847368,-2.3087557676770842e-07
4614,0.8645859612419037,0.9372679746452361,0.014851258168359367,0.04386070990724462,0.014853198227757804,-3.8758096287949684e-08
4615,0.900123311553221,0.9567630487959888,0.010956676703515618,0.027398540916430063,0.010958923052604017,3.1155322099962746e-07
4616,0.8730758056868193,0.9474927081768221,0.01010196282255859,0.03331344543928142,0.010102973679631293,-1.9431318065699088e-07
4617,0.8890978073731528,0.9696500546288754,0.013679638900585926,0.044527395512444425,0.013683052785311617,-1.9262684725074308e-07
4618,0.9337327937872946,0.9669318066700762,0.0070756681049804725,0.022684625765121293,0.007076855139861986,-2.0621270546694603e-07
4619,0.9390197279177168,0.9810861558570406,0.007252415972187502,0.019735965985586704,0.007252932303143522,-2.720822831481229e-07
4620,0.8123301349103002,0.9047386176214394,0.01962889758076173,0.05320546865640366,0.019632640959972737,1.3491030015355676e-07
4621,0.73531184047646,0.8713739759690325,0.017149550883300776,0.05607614450222039,0.017155328741408297,-1.59523539933204e-07
4622,0.9274650224084137,0.9658437901025203,0.009404465048046871,0.026951551143436347,0.009407534857435586,2.2408413680174988e-08
4623,0.9232632279974358,0.9650364471749407,0.01158506542177734,0.031118917491382434,0.011590763064199901,2.279974358199155e-07
4624,0.6211906690081637,0.8391142956086024,0.018692812667285178,0.05137166015991804,0.01869631729383154,-3.309918363836317e-07
4625,0.974778826596764,0.9874976183350453,0.004564781262451168,0.012951622525624547,0.004565109396716915,-1.734032359923532e-07
4626,0.851977599478689,0.9250271729082019,0.014169613089550781,0.04043183774937778,0.01417122530734032,-4.0052131100587474e-07
4627,0.7880121492434025,0.9562434554847851,0.013491184295800781,0.0363023148674537,0.013492413334977891,1.4924340241417866e-07
4628,0.9192315262037358,0.9657806942343011,0.011399062956738273,0.03144032734177942,0.011400366403950628,-4.7379626422205945e-07
4629,0.8744709155089372,0.9566922271059,0.015084519158984379,0.03792584157794343,0.015090385021015899,-8.449106281283036e-08
4630,0.9308698215452743,0.9678033016342004,0.01051266501416018,0.02988268761594261,0.010516155163058392,-1.784547256633573e-07
4631,0.8848678745513168,0.9557869770479314,0.010728912224414078,0.029932551958042015,0.010731954802285035,-1.254486832191759e-07
4632,0.861948966938848,0.9488263239781153,0.012501716465039054,0.032301098467346294,0.012504966777262243,-3.3061151927249455e-08
4633,0.870866536494385,0.9375070732075023,0.013432598969042956,0.04374762016062889,0.01343754468289483,-4.6350561500041465e-07
4634,0.9293559597382094,0.966637961935716,0.007830763651660159,0.025728693503461252,0.007832051279267522,-4.026179056815238e-08
4635,0.8919754692451584,0.969079463953044,0.009101376226171867,0.03094406393939322,0.009102303249336065,4.6924515839652514e-07
4636,0.812673354813822,0.9134906217282354,0.009966797506542975,0.03067298051074212,0.00996795559060106,3.5481382198998546e-07
4637,0.9201702669780993,0.9752625405000096,0.0076272308691406185,0.020778911209664845,0.007629168394107657,2.669780992947679e-07
4638,0.9054879423901271,0.953142657229587,0.010864178187988282,0.0303327804214167,0.010867917068803128,-5.760987287217745e-08
4639,0.901652906037163,0.9534365174815937,0.013413000054492212,0.037164307982972024,0.013415122620681988,-9.396283706664121e-08
4640,0.7641765264871003,0.8954470039765634,0.01328443729082032,0.046455483611101835,0.013291512676697826,5.264871003607396e-07
4641,0.9283441762902198,0.9643072536974059,0.01014966977226562,0.031115162973254437,0.010150799705489596,1.7629021986653726e-07
4642,0.9265046982360094,0.9700725553759106,0.008890409683105472,0.027288575309342113,0.008892610791021075,-3.01763990573356e-07
4643,0.9453905717106437,0.972978253054747,0.009085816955957041,0.02200469225982449,0.00908681244715579,-4.2828935631344933e-07
4644,0.8028789784423848,0.9221149238639538,0.013078398854980461,0.04027786423861197,0.013082788889454628,-2.1557615248468665e-08
4645,0.9054970941372916,0.9517700284438204,0.009073744265136728,0.021218187613309215,0.00907477324913806,9.413729162854878e-08
4646,0.7615749904565956,0.8893877531873294,0.01370244151800781,0.044114507075897244,0.013703688432240464,-9.543404400069733e-09
4647,0.8852532287503648,0.9486515419412146,0.013739601271484362,0.03918336374162992,0.013742276057102295,2.2875036487235434e-07
4648,0.9179070476435223,0.9642079789890498,0.009060518778808603,0.027499968269799,0.00906181412798476,4.764352223851631e-08
4649,0.8834198648566353,0.9422084946545516,0.010542066930468745,0.029305436738746922,0.010545268193388123,-1.3514336472120192e-07
4650,0.8675842668639965,0.944611838018456,0.011706364295800787,0.032607900808567535,0.011707908157939243,2.6686399645647896e-07
4651,0.8642678115568241,0.9335945577340974,0.011048797569423816,0.034915163657861,0.011049881874773897,-1.884431759524574e-07
4652,0.8867029929910991,0.9447955354697984,0.012504840293847632,0.037173808195850554,0.012508951253099983,-7.0089009041041095e-09
4653,0.9081860739922814,0.9637505063033798,0.010696029133984389,0.025520261927097047,0.010698868257347576,7.399228130200441e-08
4654,0.8883346623927662,0.9427512772981391,0.01412271241923829,0.039863531850213,0.014125530769150752,-3.376072338356906e-07
4655,0.8789722686075647,0.938897469409586,0.01185957812119141,0.031938322651625085,0.011863881623238646,2.6860756474622605e-07
4656,0.8248690044903827,0.9194894535990786,0.015226846203613259,0.046508935344541154,0.01523032073932842,4.490382732313947e-09
4657,0.9614597649748514,0.9807998113717593,0.007630922659570312,0.02018413311761141,0.007631729455481427,-2.3502514856499346e-07
4658,0.9381680551648446,0.9693368002612534,0.00870996897314451,0.023069366373655774,0.008711604065436637,5.516484458123472e-08
4659,0.9195541037646434,0.9635799668333925,0.007675317104052729,0.024205599949193708,0.007675854222028673,1.037646434332018e-07
4660,0.8608278527088906,0.938597825962055,0.0131348658548828,0.04161544546818477,0.013136224122066309,-1.4729110942024448e-07
4661,0.9490726439865633,0.9820649264140662,0.00720463238319336,0.0214337326459468,0.007205207023383491,-3.5601343673086205e-07
4662,0.9036874285649392,0.9546356226714345,0.008823860960351567,0.026376169970335366,0.008824749703541634,4.2856493920329086e-07
4663,0.8345125915609022,0.9165045157129014,0.01176564541835938,0.042949394793656864,0.011767186256089622,-4.0843909776544507e-07
4664,0.9042791386390621,0.9524697034169428,0.012056523685644565,0.027889048989367005,0.01206038234105456,1.3863906200839438e-07
4665,0.8241458078707102,0.9245335858420172,0.01531249640126952,0.04011213948940988,0.015317734400112911,-1.9212928981104938e-07
4666,0.87847985096297,0.950076694529476,0.011938335802246082,0.033842796837162493,0.01194106506162942,-1.4903703005053615e-07
4667,0.8467042426965748,0.933371896161295,0.011258649713671845,0.03346259132096459,0.011261000119751738,2.42696574836998e-07
4668,0.9277305054633852,0.9671143069121889,0.00943757092949217,0.02484387912823035,0.009439005572444231,-4.945366147701691e-07
4669,0.9072841738058004,0.9586716304259242,0.009217770222343756,0.029875650633775164,0.009218642361683958,1.7380580041859162e-07
4670,0.9721381281758439,0.9864253178405015,0.004928643452050783,0.012730989029187158,0.004929498286700626,1.2817584393864934e-07
4671,0.7489662511267865,0.9365664337447716,0.015066149401269567,0.03638889808082144,0.015067992607026414,2.5112678647687403e-07
4672,0.8633075709291798,0.9309577475217965,0.007034362639960939,0.027382240583791212,0.007034639958833932,-4.290708202070448e-07
4673,0.8480593771426358,0.9667728013643891,0.014047954387304693,0.03374927284414705,0.014049595565521406,3.771426357879193e-07
4674,0.8956960003300729,0.9497464754347525,0.010273276405664054,0.033374140590828154,0.010274879199482698,3.3007285793473784e-10
4675,0.8124071152036298,0.9162480705009924,0.018967961660742175,0.0492199066210998,0.018975523019564802,1.1520362985795174e-07
4676,0.9182285874743429,0.9594340218645719,0.008172553509248053,0.023096357979662526,0.00817312424439869,-4.1252565707861066e-07
4677,0.8501159411175672,0.940796350946725,0.010373058530859375,0.03327701839615307,0.010375117577731362,-5.88824328184856e-08
4678,0.8644241235820536,0.9409160883007464,0.009006133573925774,0.02770847006808929,0.009007790920980441,1.2358205359053187e-07
4679,0.2943607156057887,0.7082159036369026,0.01855390087134766,0.06848460146228096,0.018555244205528124,-2.84394211291783e-07
4680,0.9262956491256493,0.9652754010528811,0.006880007499609371,0.019845878207355405,0.006880948277996024,-3.5087435068525963e-07
4681,0.7742059251195091,0.9158044763674705,0.01405942182587893,0.04181250720433317,0.014063647795935117,-7.488049080794923e-08
4682,0.8464136529800859,0.933068453197003,0.009006806506152343,0.03439228397781797,0.009009732921463632,-3.470199141375474e-07
4683,0.8757575038332152,0.9367114300883669,0.013726036433203137,0.03909243925114586,0.013727721413539826,-4.96166784880181e-07
4684,0.9622983429331962,0.9828885910797838,0.007658479159863284,0.020089713154869612,0.007659255963900919,3.429331961735116e-07
4685,0.9272300102537517,0.9649158610872859,0.008696063868457024,0.024038786207102245,0.008697070802268904,1.0253751736577499e-08
4686,0.8947122168420432,0.9559617065243626,0.009354082083593776,0.03246410818834539,0.009356643098797326,2.1684204321026357e-07
4687,0.8977350356067645,0.9487591539605262,0.00974943346621093,0.030049249328248328,0.009751032381994734,3.560676453684408e-08
4688,0.7704054660347169,0.8941479018171006,0.009764553767675783,0.031826245256872034,0.009765810220216838,4.6603471692829856e-07
4689,0.9023266774056875,0.9579705263666676,0.00892348837792967,0.026894638074558948,0.008924202471818073,-3.2259431248515824e-07
4690,0.8782220278986749,0.9385053402314752,0.014202735416015634,0.04090770765926388,0.01420566745299283,2.789867492580811e-08
4691,0.7550627754645183,0.9059040825549344,0.022206059426757796,0.0628651109314667,0.022212471038753154,-2.2453548176315508e-07
4692,0.9110084229021986,0.9553998308324652,0.012145551997460952,0.031665246598942216,0.012149918391392744,4.229021985935333e-07
4693,0.8815142515821219,0.9396522445965443,0.007762803284306647,0.022956566922497774,0.007763494121470633,2.5158212191289664e-07
4694,0.9452367928296065,0.9723599435131197,0.010692064054589846,0.02717068304959225,0.010693659735761467,-2.07170393506928e-07
4695,0.899531758769505,0.9558112803567699,0.011245618333691388,0.02884017951713343,0.0112489703041124,-2.4123049502389193e-07
4696,0.7880781777160355,0.8942594664006697,0.01663719188837891,0.05383091060689006,0.016639471442720252,1.7771603555427617e-07
4697,0.9274508051800338,0.9644382521598709,0.010362013362402342,0.030438181672903627,0.010363201382191354,-1.9481996627046527e-07
4698,0.8384838025469188,0.9161844071449244,0.016574464100878875,0.04345236431641027,0.01658094617804727,-1.9745308121876803e-07
4699,0.9121547178421285,0.955492963939754,0.009002531977832018,0.02632189975766108,0.009005105944184978,-2.8215787151175675e-07
4700,0.9396996499557659,0.9737573627737507,0.00855012773291014,0.02449687227773979,0.00855207494715799,-3.5004423404316753e-07
4701,0.9496577978296554,0.9763646626798551,0.0053239988131835985,0.01661156179438774,0.005324804440653536,-2.0217034457647998e-07
4702,0.6539181950725232,0.8451670912540484,0.019139088214550768,0.05453299926281464,0.019144576411329637,1.9507252324579838e-07
4703,0.8688359101125751,0.9573722115268031,0.010531932902636714,0.030582413529287915,0.010535237677112601,-8.988742494775437e-08
4704,0.8928999979668651,0.9530355396773141,0.01164027878339845,0.034044521778329596,0.011641687803649207,-2.0331348826729823e-09
4705,0.8863145784966016,0.9682640105341198,0.008544578093554685,0.02503260665157041,0.008546406808387587,-4.215033984067418e-07
4706,0.9404075545383395,0.9744382683628957,0.009939317826855452,0.0273613720975864,0.009941600547581983,-4.454616605586992e-07
4707,0.8769131635577397,0.9507988560399527,0.011724675546679685,0.03510004881833172,0.01172755791185334,1.6355773968523835e-07
4708,0.7357866739848982,0.8874707984279446,0.017247165323828112,0.046096097396204905,0.01725023163185174,-3.260151018036339e-07
4709,0.8256052157352651,0.9108025951818465,0.015017221483300792,0.046704672343350934,0.015021852029276224,2.1573526509666152e-07
4710,0.8530794227356009,0.931741603748825,0.017559628832812518,0.04372043064802043,0.01756227989935657,4.227356008579264e-07
4711,0.8720184249494805,0.9440245832972409,0.015118697006640636,0.040912902225471434,0.015122839459362197,4.2494948049309755e-07
4712,0.589975822833973,0.7751524283009769,0.021031860160351558,0.06374966780241616,0.021036129308163422,-1.7716602696005168e-07
4713,0.5253664105448171,0.8467688675747624,0.01467844400380859,0.05121286295961072,0.014682057797063967,4.105448171420889e-07
4714,0.9630472243879504,0.9817061190472853,0.005544866825908204,0.016981362011323508,0.005545313248024048,2.2438795044266158e-07
4715,0.9351630433849841,0.9726969399272236,0.008047298166757817,0.026228309520928392,0.008048083047123615,4.3384984160788065e-08
4716,0.9076432558244777,0.9560305900077696,0.011468560900488286,0.029412739064663348,0.011471752263960204,2.5582447771288486e-07
4717,0.9267189076847586,0.9632917866848304,0.007151542516796887,0.022538809785651766,0.0071525925180938015,-9.231524134012403e-08
4718,0.8399934706588413,0.9305778068052115,0.01093232467165037,0.03700378158269552,0.010933245460945824,4.7065884134500635e-07
4719,0.795719764630448,0.9347338741103998,0.011462799476269535,0.032582965074836844,0.011466541636025198,-2.3536955195968545e-07
4720,0.9724396805592675,0.9862392438654234,0.004590469247880856,0.012687793013929569,0.0045907473710110405,-3.1944073242140547e-07
4721,0.8622955109399595,0.9406963442934354,0.009150814089238282,0.028053577553367667,0.009151341033155392,-4.890600404650058e-07
4722,0.7561306345577578,0.93246143681781,0.011801294384287094,0.04147916819569763,0.01180221689961412,-3.6544224224499544e-07
4723,0.9430238260044204,0.9720159973852347,0.010990385606152347,0.027587456465698892,0.010993301106558915,-1.739955796109527e-07
4724,0.9111817725992816,0.9547268659784932,0.010259670336523438,0.0337681508158101,0.010260708256414973,-2.2740071847771048e-07
4725,0.8818564891719407,0.9417212170231344,0.011428568131738303,0.037600187940303634,0.011431404247128048,-5.108280592969194e-07
4726,0.9166591321038305,0.9581894942713957,0.008833043043066416,0.028074452688751996,0.008834689776232566,1.3210383054129693e-07
4727,0.8466837369851736,0.9401972918959799,0.015425238263085941,0.03688803599813716,0.015431466903107562,-2.6301482636270634e-07
4728,0.7729711527666214,0.8853336598082944,0.019025850359863268,0.054574020584050455,0.019029301508276017,1.5276662146401776e-07
4729,0.923332251677136,0.9609043678326297,0.00909884220398436,0.027354289841437025,0.009099676806776771,2.516771359095671e-07
4730,0.8219799380577568,0.9376246800656188,0.013401500779296879,0.03651507121827823,0.013404746469218996,-6.194224322353392e-08
4731,0.9160253007645495,0.9590231173614846,0.012422971231640599,0.032019602599843246,0.012426579051520547,3.0076454948790854e-07
4732,0.6813792309817841,0.8459293553471641,0.022346763717675775,0.061180118873111346,0.022357522430230974,2.3098178414393544e-07
4733,0.9133583825293634,0.9561376111224337,0.00820241020888672,0.026329915577205085,0.008204707435896519,3.825293634074356e-07
4734,0.9560158931155969,0.9778009580658759,0.0068499642990820335,0.019260162414285985,0.006850557148900911,-1.0688440310602232e-07
4735,0.8814557629226834,0.9669775695399668,0.007836221018750004,0.02966723727254317,0.007836819348622251,-2.370773166671114e-07
4736,0.9126660563534486,0.9568629025551313,0.00980949402109373,0.027587843827336988,0.009812359467517344,5.635344857424229e-08
4737,0.8507218080312684,0.933640424268204,0.008626019513349615,0.025584703884375653,0.00862645679750246,-1.9196873157767413e-07
4738,0.847097873568821,0.9349533893648057,0.013225113761240234,0.040493671984257164,0.013226392773260997,-1.2643117897059852e-07
4739,0.9547826994695097,0.9808454756200607,0.006236641579550782,0.016183592485859086,0.00623722563891074,-3.005304903824779e-07
4740,0.8709868769215066,0.9436831079697905,0.012211499187109377,0.03721686576070625,0.012215541523571502,-1.2307849339698862e-07
4741,0.8527829633585281,0.9268424839833919,0.01569372003916015,0.04081240251756211,0.015697708459553344,-3.664147185666877e-08
4742,0.8760734161961441,0.9438903333600681,0.012047684753417985,0.042085058014477296,0.012049005061704436,4.161961441040418e-07
4743,0.924900585108268,0.964085400577712,0.00699767646165039,0.01761742905765972,0.006998054361554532,-4.148917319701795e-07
4744,0.8551395895837066,0.9275415952753664,0.014701826599316424,0.037766399418509324,0.014704148537293606,-4.104162933948885e-07
4745,0.9245378867030775,0.9634913599722513,0.007535708169296882,0.025284658897642857,0.0075363108622448,-1.1329692251038637e-07
4746,0.9541789320388933,0.9797535821179448,0.006088903270820309,0.01986583526257982,0.006089388373480833,-6.796110674223144e-08
4747,0.8161265475675454,0.9622721073747563,0.01166988619677735,0.03495446465367671,0.011671919676288969,-4.5243245461179527e-07
4748,0.8875437000466132,0.9421358204208747,0.009038149804726555,0.03355156590751234,0.009038904740920084,-2.9995338679533745e-07
4749,0.9210547169114903,0.9605732214933429,0.013194142343847649,0.03331537175310497,0.013196163336262596,-2.8308850963387755e-07
4750,0.9220661256027364,0.96160575287473,0.009172695682714843,0.02450038150250222,0.009174049126512858,1.2560273632278296e-07
4751,0.7011538425866337,0.9068785309940146,0.013040442228056632,0.0390237235351705,0.013041476674856526,-1.5741336634178538e-07
4752,0.4544634393974344,0.6838002413132894,0.019662963518066394,0.06279629737815569,0.01966774476648687,4.3939743438192735e-07
4753,0.9186295890470931,0.9633307507910184,0.012775532605175796,0.03721746860553244,0.01277763976958349,-4.10952906815254e-07
4754,0.8015049526216277,0.8972337862320864,0.011201474107812501,0.04112373165353684,0.011203567945986996,-4.737837233648179e-08
4755,0.8679692921899587,0.9439754275224378,0.010857376552441397,0.03158036897094327,0.01085967789411394,2.9218995867275055e-07
4756,0.9013959951969865,0.9573334652022389,0.012594148272460933,0.03098646436651474,0.012596331398079391,-4.803013431420311e-09
4757,0.9146984820314294,0.9609564572612165,0.008944191825878916,0.023667608273980338,0.008946031571904059,4.820314294384787e-07
4758,0.8582107829040354,0.9288338747513494,0.013205670195605463,0.03879703116423504,0.013208097489947102,-2.1709596453867164e-07
4759,0.8958075768536551,0.9479788905349488,0.007502854439648434,0.02588813663000489,0.00750374704712805,-4.2314634496332104e-07
4760,0.8971155723660753,0.9542784958289267,0.0089968784015918,0.029773267146865633,0.008997632902957598,-4.276339247155647e-07
4761,0.8491398888493711,0.9347624810418014,0.013420524836914053,0.03739584080767466,0.013424772647091,-1.1115062892308458e-07
4762,0.8834709849410899,0.940387932657285,0.010827734426171865,0.03825503965759778,0.01082887078621443,-1.5058910118881386e-08
4763,0.8422396331807321,0.9237731040933986,0.014642907624999995,0.03890997821885732,0.014645274532759826,-3.668192678496496e-07
4764,0.9324993879318705,0.9671953763051042,0.008961630439257831,0.02429312478773437,0.00896258636720955,3.879318705157786e-07
4765,0.9264834425406204,0.9627775220139687,0.010275992748730466,0.0332890544485547,0.01027725053517584,4.4254062048221243e-07
4766,0.9038680524248341,0.9516097346748937,0.008501976725585924,0.03227402895204814,0.008502838116655021,5.2424834140474275e-08
4767,0.7701782080228629,0.9363908327800984,0.011458823079003911,0.03394635537208645,0.011460895839320931,2.080228628242864e-07
4768,0.9152751575073713,0.9595184335355045,0.006331683335253908,0.019118648630026446,0.006332308632557647,1.5750737136777104e-07
4769,0.9337194770958018,0.9678193636306776,0.005821708980742192,0.02052463238546935,0.005822114314943491,4.770958018651683e-07
4770,0.620288986929729,0.8033979298903071,0.013012853373632819,0.05381070107461252,0.013013941961637654,-1.3070270976633935e-08
4771,0.8810802114289292,0.9406410297445583,0.008382639408339835,0.027038722419907485,0.00838316249705707,2.114289292531879e-07
4772,0.8619384839021187,0.9300507621213774,0.012535171712207032,0.034537452602698596,0.012537722536932616,4.839021187086345e-07
4773,0.6861842695294975,0.8594241973567207,0.01456617880185549,0.04725335502699405,0.014571514390622393,2.6952949749858846e-07
4774,0.8765638411173433,0.9488433696327879,0.010413548430205085,0.03195057809467421,0.010414557747591945,-1.5888265669783408e-07
4775,0.8061136241854425,0.900046383157262,0.010364064511328132,0.037086252933940606,0.010367587550282838,-3.758145574739302e-07
4776,0.8255885949114896,0.912252525420276,0.015592654082910122,0.042785502330637035,0.01559534836960422,-4.050885104023294e-07
4777,0.8782745643320288,0.9575652851441646,0.015670752615625,0.04549655323666338,0.015672982221162517,-4.3566797125471624e-07
4778,0.9158623167309232,0.9707980880090374,0.01187495091298829,0.03407424267240937,0.011878332357058869,3.167309232665616e-07
4779,0.8886255969018206,0.9604592775640787,0.008240481490800778,0.023375585078110318,0.008241086381843786,-4.0309817939121473e-07
4780,0.7852412865407633,0.9322220987247245,0.012735222760937493,0.03926492996770153,0.012739023694519909,2.865407633390049e-07
4781,0.8273964207981352,0.9157791402063711,0.014943235755175779,0.04170527474306196,0.01494783084692947,4.20798135225553e-07
4782,0.8424784245428868,0.9254925839291704,0.012348282567548854,0.03595995199102237,0.012349425100051799,4.2454288684545816e-07
4783,0.9277620570491137,0.9674015042279186,0.009309366256542965,0.02358446970651107,0.009311949895220387,5.7049113766360904e-08
4784,0.9354575097675549,0.9699702724124482,0.007849201313574205,0.02095197316976535,0.007850028007873742,-4.902324450828388e-07
4785,0.9100011345095672,0.9683519560412398,0.007243598296582034,0.023995923816374394,0.007244784106906126,1.3450956726224206e-07
4786,0.892903948391055,0.9510470549434319,0.010068336489160157,0.03055333771956928,0.010071571991734073,-5.160894500644275e-08
4787,0.8798717832056422,0.943900863674111,0.010471378072451168,0.029651900723854794,0.010472295386358544,-2.167943577990883e-07
4788,0.8414051825035054,0.9276063967402703,0.011191793489160147,0.03830481930762289,0.011193179217059715,1.8250350541926252e-07
4789,0.8270929855772768,0.9210304371326032,0.018359735002441438,0.04784887791230184,0.018367778827701565,-1.4422723126905623e-08
4790,0.45329298322032874,0.8745557646731579,0.01654940599971681,0.05366595778997208,0.016550393938575592,-1.6779671263567053e-08
4791,0.869680746139327,0.9341509644351987,0.01497247936689453,0.04353115593249881,0.014980150177495169,-2.5386067303845294e-07
4792,0.9141982633382753,0.9587805549281033,0.00811101242363281,0.024247119761521208,0.008112061496516899,2.6333827529700926e-07
4793,0.9226955096710084,0.961572180697173,0.007867215912792973,0.0280279680850103,0.007868982199488537,-4.903289915203501e-07
4794,0.8702795723183162,0.961113200141308,0.011123893857285148,0.03380595652214731,0.011124861773770051,-4.2768168384554883e-07
4795,0.7742445143420417,0.8940001580238539,0.016256953523046836,0.04548113818194709,0.016258587260684288,-4.856579582934728e-07
4796,0.7556376575778705,0.8868315222228277,0.015843248483007805,0.03961210231780183,0.01584851640941357,-3.4242212954005424e-07
4797,0.9112916407228564,0.9606228407664585,0.011716219564843734,0.0372529258434879,0.011721282420408558,-3.592771435911857e-07
4798,0.9265270912625545,0.9677236481448551,0.0067511495607128795,0.017760939042971033,0.00675176397103169,9.126255451352705e-08
4799,0.9351688880418647,0.968320215622201,0.009009892037207026,0.02642895510212614,0.00901173827473089,-1.1195813531816867e-07
4800,0.9145339445082968,0.9582616847112824,0.008030294459472658,0.027238227676019574,0.008031639997711983,-5.549170312146856e-08
4801,0.9171228343847373,0.9641095415924661,0.010132483283789072,0.02777771526749693,0.01013356229334179,-1.6561526272607097e-07
4802,0.923813087792587,0.961839853888898,0.01067372443654295,0.028283288258730176,0.010674739482468954,8.779258697799719e-08
4803,0.903814022533246,0.963611843150875,0.009503694990527346,0.024527010894176058,0.00950708652480649,2.2533246046840816e-08
4804,0.6308766747432362,0.832703372044128,0.00889471566093751,0.041974967060755056,0.008896635560229389,-3.252567638556414e-07
4805,0.7660271565610681,0.8819660933290923,0.017286921305664085,0.04872924239744508,0.017290441874779797,1.565610681097951e-07
4806,0.8693592627752407,0.9365499209084754,0.01200305406269531,0.037460867685508416,0.012007169602926183,2.6277524067808145e-07
4807,0.9729899984849636,0.9889682439341434,0.005678547496318355,0.016229424382886538,0.00567905573614227,-1.5150364296445673e-09
4808,0.780930818644451,0.8859155047915713,0.011159453843320313,0.04282404344362053,0.011160322117385473,-1.8135554902265483e-07
4809,0.8677203420525749,0.9449755435515622,0.019332267512890623,0.050730186847727295,0.019341840004203126,3.420525748198955e-07
4810,0.8727788615691888,0.9466933249456785,0.009949876736621092,0.023840947531547287,0.009952265883540454,-1.384308111473942e-07
4811,0.905549857287765,0.9671688196680216,0.012108920801171888,0.03677743972971021,0.012111591440997084,-1.4271223491846285e-07
4812,0.9379910994780446,0.9722818944699222,0.008333296517158187,0.024879533632850715,0.008334053630260746,9.947804457954845e-08
4813,0.6939077794096808,0.8696116461319368,0.02151851136162108,0.06366085460549893,0.021523831422100362,-2.205903191221381e-07
4814,0.942925379154476,0.9713303305934058,0.010473105694140632,0.027575972127357084,0.010476932730129852,3.7915447603786845e-07
4815,0.9243502005477646,0.9624143907741796,0.012217560380175786,0.03262670128733003,0.01222225614532008,2.0054776461719825e-07
4816,0.9494025309923028,0.9760307366846576,0.007942514423046868,0.021136778059660886,0.007944748541155405,-4.6900769723468017e-07
4817,0.8035261402863367,0.8991097703199245,0.01711957466259768,0.04590388388464294,0.01712332334506502,1.4028633676943514e-07
4818,0.8991994233494393,0.9498059109290309,0.009749789910937489,0.025933444277994894,0.009752462644518196,4.2334943928246105e-07
4819,0.8540919374007078,0.9255919387541122,0.015600255185937504,0.04207297294233027,0.015608269103430102,-6.259929219432081e-08
4820,0.8901676874309583,0.944374619775292,0.011393030570214851,0.0309833404923077,0.011396421676912969,-3.1256904164944643e-07
4821,0.8680796665041426,0.9558180216533673,0.014091171083691404,0.04019809562869587,0.014097961517704595,-3.3349585737418863e-07
4822,0.8795258618290969,0.9573548833328104,0.00871970946000001,0.025977236176616555,0.00872028514601806,-1.3817090316337044e-07
4823,0.7491272178139692,0.9473753061230044,0.01222619168232422,0.038266028818039075,0.01222854608587919,2.1781396919440255e-07
4824,0.8484956941156403,0.9229355142507849,0.014605339987597646,0.0396215823904243,0.014608924672941764,-3.058843597303351e-07
4825,0.7554029721899406,0.8727559574411501,0.01126410785107421,0.035520951263068506,0.011265492840903014,-2.7810059477495486e-08
4826,0.873465076165639,0.942451734586429,0.013793880191503911,0.04092504884584082,0.013799297947670444,7.616563890699979e-08
4827,0.9145798650326841,0.9602048803962197,0.01043616894189454,0.0315375264904888,0.010437235140950789,-1.34967315879031e-07
4828,0.7565473542688176,0.8753134510075671,0.020477476920996062,0.05556622565957791,0.02048651288059984,3.5426881761502216e-07
4829,0.9274663772036329,0.9758335629573697,0.00921501520931641,0.02806424280360478,0.009215921578799344,3.7720363288418213e-07
4830,0.2762084478070578,0.7484925844079168,0.022614564804082023,0.06300362026627378,0.022616164450142976,4.4780705776847896e-07
4831,0.9183842112234948,0.9673541561654102,0.006946990106503907,0.02445611623780409,0.0069475052932704,2.112234948059566e-07
4832,0.9378514003973617,0.9699213572338576,0.009163926157421887,0.024894251596914597,0.009165688734947289,4.003973617106027e-07
4833,0.9543345488176358,0.9774084231289647,0.0068722051741211,0.018092714098434094,0.006874095084893208,-4.511823642472379e-07
4834,0.8082708215165652,0.9486985800036505,0.011162775744121094,0.03640967453847087,0.011163629263303691,-1.7848343480952877e-07
4835,0.7596927656456749,0.8948697364508248,0.017584448851074214,0.044501226913901536,0.017589624334190184,-2.3435432505714004e-07
4836,0.9211484321333807,0.9684861146792749,0.009438553504199221,0.03079860067952066,0.009440800070026685,4.321333807455474e-07
4837,0.7155505241800628,0.8601063032148468,0.019767479037207027,0.06086213804242146,0.01977751344938502,-4.7581993722900506e-07
4838,0.9048349071423677,0.9641853077421484,0.008800481226367177,0.029219375127658764,0.008802770041647921,-9.285763225008736e-08
4839,0.8734297168406759,0.972624556749346,0.010889910761914052,0.028737474986530516,0.010891835873210153,-2.8315932409928024e-07
4840,0.8562704078054602,0.933066981316726,0.010524689013281246,0.02972764254677818,0.010527882932927364,4.0780546017860075e-07
4841,0.9351896692927429,0.9676247521979491,0.009069291406777352,0.026567875963783457,0.00907017180645041,-3.3070725702355475e-07
4842,0.910075044801824,0.9685695128321604,0.01050275892561524,0.029419220273703996,0.010503682169972706,4.4801824028439796e-08
4843,0.8281015558467784,0.9300931012906618,0.012097104330175776,0.04065913670694992,0.01209981982982112,-4.441532216459265e-07
4844,0.9348025067806112,0.969257588299932,0.005697694613427732,0.015213320554650252,0.0056980603583037664,5.067806111425099e-07
4845,0.8928818007533472,0.9577084593509517,0.011150634834667977,0.02772827694633078,0.011152007227442202,-1.992466527322989e-07
4846,0.9335999383843203,0.9709293201995755,0.0071420927944336,0.021188581630026383,0.007143875725789089,-6.161567966955772e-08
4847,0.826481924812732,0.9154199007688041,0.017076095801562486,0.04768235620049393,0.01708263292886728,-7.518726807820286e-08
4848,0.3813480162628128,0.6768635396711105,0.01971919919414061,0.07037531554432737,0.01972419709463548,1.626281276312369e-08
4849,0.889602609116821,0.952679151078405,0.010416438395117198,0.026873327573142376,0.010419807898412386,-3.908831790466749e-07
4850,-0.4165982274344642,0.6574967507279571,0.025095796891328116,0.07127234556621077,0.025098242559205425,-2.2743446415063318e-07
4851,0.8799017802314129,0.9545172836763611,0.008832705315820328,0.031072648381514266,0.008833501082030307,-2.197685871063726e-07
4852,0.9327631321469098,0.9666502280202238,0.007414799836523437,0.02139114229648731,0.007416817232319397,1.3214690974816534e-07
4853,0.8275938479383803,0.9112267550799585,0.01458469186669921,0.04109753197403355,0.014586145530422735,-1.5206161974035126e-07
4854,0.8387932814048784,0.9492203222602603,0.010610105461943364,0.03448343770770783,0.01061094387591165,2.814048783994494e-07
4855,0.6320695103241439,0.7998262238207572,0.020601410792382816,0.05757825823353874,0.020608497516797056,5.103241439430306e-07
4856,0.8906813177998019,0.9520696596174688,0.013105468419433589,0.03605736123738914,0.01310953487129913,3.1779980191881663e-07
4857,0.8836970055048705,0.9403886337605174,0.008137161842968746,0.023357185742336087,0.00813799395122266,5.504870559391861e-09
4858,0.8995200752009395,0.9487499514566979,0.010609241108789027,0.030638864850578654,0.01061159425740575,7.52009394755504e-08
4859,0.8615146416700342,0.9297711308251494,0.01188451226240235,0.034863890868891634,0.011886269855410194,-3.583299658105332e-07
4860,0.8854081105381382,0.9420356892525255,0.01506371910117188,0.04098055896133841,0.015069870726384497,1.1053813819827951e-07
4861,0.9184484122459184,0.9588784827304634,0.007698422184912103,0.021418472033549445,0.007699093274067609,4.1224591840194336e-07
4862,0.9023693691328311,0.9551990201110422,0.012706964706152367,0.03337378926994944,0.012712095194635275,3.6913283107953276e-07
4863,0.8666507069884629,0.9316632450157538,0.011214524230078127,0.035309760758700216,0.011215759549536975,-2.9301153703364946e-07
4864,0.9064285743766265,0.9617224831160164,0.007879578941992189,0.02562251321066451,0.007881671807232692,-4.2562337354556945e-07
4865,0.9372372372578032,0.9683175926595649,0.006445953389150393,0.023953272225806375,0.0064464811478639914,2.3725780318173406e-07
4866,0.9275400948348214,0.968472022220412,0.008699243076367191,0.024682275319105027,0.008700667304259425,9.483482132921495e-08
4867,0.9399352073479227,0.9764893949292196,0.0067374327914453205,0.017808454386631645,0.0067380655168875,2.0734792272047997e-07
4868,0.8946848201940483,0.949619597592307,0.009537102399248034,0.02719813941703169,0.009537890117569189,-1.7980595168332059e-07
4869,0.7874796879558698,0.9062157743066724,0.019194413907714834,0.05142040409389255,0.01919941172578058,-3.120441302018051e-07
4870,0.8339441736835388,0.9161171173481671,0.015694975309570324,0.0485748064224193,0.01570037869538076,1.736835387733393e-07
4871,0.9357106689305108,0.9693601311412954,0.007294541499794921,0.027900000556318555,0.00729520762388992,-3.310694891567323e-07
4872,0.9122266219063566,0.96432660599641,0.012215570561523417,0.03185708799363205,0.012218870109773136,-3.780936433939175e-07
4873,0.7986484091607645,0.907665014010551,0.012632309253320324,0.04126828826770927,0.012638353941673407,4.091607644918227e-07
4874,0.6295853814821727,0.8774669237695136,0.014838327371093751,0.05520071849328668,0.014841911728396747,3.81482172739922e-07
4875,0.9473126022238589,0.9767913466990984,0.0066688198923046905,0.016738691625066367,0.006669162660722184,-3.9777614102565195e-07
4876,0.6475786046764096,0.8582358294904543,0.01691125534257811,0.053641895029531914,0.016916871385240333,-3.953235904186059e-07
4877,0.9461522627730453,0.9731404804962488,0.012156767558398422,0.025945336273209003,0.012162411316176219,2.6277304532307255e-07
4878,0.8659275891630972,0.9381001035910362,0.007928958125292963,0.02209333327122197,0.007929769799084102,-4.1083690283105767e-07
4879,0.8946015675109499,0.9530815820960575,0.008235337107128912,0.022094545066726493,0.008236282863841229,-4.324890501283818e-07
4880,0.8230648752020716,0.9130191020752245,0.017573901940917944,0.04807100204528106,0.017576625920703904,-1.2479792843578252e-07
4881,0.9250430693729186,0.9670248568307851,0.005885032424580079,0.014848140762642997,0.00588522598772069,6.937291863184925e-08
4882,0.7880032236635521,0.9120560418040848,0.015314070886523447,0.04318614224431229,0.015319116692583915,2.2366355212355415e-07
4883,0.9568883817508416,0.9802132701546485,0.0068555666429687455,0.019117553162911097,0.006857564184211477,3.817508416048554e-07
4884,0.8096980852755862,0.9340758103007498,0.010441732759511702,0.0391445375800478,0.010442597588606514,8.527558614801478e-08
4885,0.5419149585887686,0.7571792011625833,0.012953944072207036,0.05008607685187405,0.012954915199207943,-4.14112314439663e-08
4886,0.8860035484115314,0.9431503338031776,0.010262140874707034,0.02757649718926127,0.010265030195339182,-4.5158846861959034e-07
4887,0.8625732005750488,0.9624666424440643,0.008157214047167979,0.023768021178547486,0.008158507075084847,2.0057504879211763e-07
4888,0.9036742033023892,0.9531688396925335,0.012873619963964834,0.03630668266349004,0.01287499129988817,2.0330238925669875e-07
4889,0.8767335977690216,0.940022522356839,0.01453165248564453,0.040038160416498644,0.014535092424572136,-4.022309784135203e-07
4890,0.9281859448252752,0.9639980437635163,0.010447881779296866,0.025945466691112,0.010451616844344001,-5.5174724788997764e-08
4891,0.8683791793735983,0.947893478922996,0.012821762857617191,0.0385698367036869,0.012824324530548924,1.7937359830799693e-07
4892,0.9648158802096717,0.9836208658168167,0.006448542790722658,0.014972201029813718,0.0064497167468808595,-1.197903283234325e-07
4893,0.8632815183685589,0.9293463519744245,0.007741451310937516,0.02662216787206781,0.0077430185768762655,5.183685589660314e-07
4894,0.9428759523235052,0.9714814871544334,0.00612268781537109,0.01994285238410342,0.006123298031166794,-4.7676494863146957e-08
4895,0.9564390682727782,0.9789961391239755,0.008679100749023437,0.021019105038958284,0.008681935358376464,6.827277820864452e-08
4896,0.8536809096583385,0.9410231060856028,0.014251613655371092,0.03545321236578191,0.014255914761794946,-9.03416614850272e-08
4897,0.9084351249969357,0.9602624813081644,0.007040934889775387,0.024681249967449907,0.007041411225612866,1.2499693569090198e-07
4898,0.7502584468667155,0.8967708883985029,0.01663650248574218,0.05213778341801818,0.016641124777812065,4.468667155199668e-07
4899,0.8795298126072547,0.9416382859962317,0.009130617900205078,0.025926948551393235,0.009131295588712427,-1.8739274532109107e-07
4900,0.917498809048323,0.9585722039991862,0.011555367187402344,0.02866916887985843,0.011558284216316406,-1.9095167691496329e-07
4901,0.8134233176461055,0.9194789501875968,0.010571377596191433,0.032331115908386145,0.010574561366093325,3.176461055298674e-07
4902,0.8609476053413563,0.9303750021216037,0.010557822159472654,0.03338396117547821,0.01055961824177151,-3.94658643765311e-07
4903,0.9217277414241949,0.9610346007301288,0.012376544930859362,0.03491534342520357,0.01238145323607702,-2.585758051010245e-07
4904,0.9051542456179404,0.9659099408557963,0.006924871201171873,0.019656840217585347,0.006926121077899797,2.456179404308756e-07
4905,0.9191110981051167,0.9731098164703165,0.00859658856484375,0.024896662598513097,0.008598924917680767,9.81051166970559e-08
4906,0.5995188909991442,0.80462251466471,0.019474587503906203,0.05361833275750317,0.01947956998052399,-1.0900085578580132e-07
4907,0.964450169030731,0.9834709139602913,0.007216189666699208,0.020760397687355648,0.007216913151417267,1.690307309676342e-07
4908,0.85112694087815,0.9253135296636542,0.012711685793164047,0.0356418792689427,0.012714152977092082,-5.912184997125536e-08
4909,0.9134178200294955,0.9640898679445067,0.01030020434970705,0.027650201066133737,0.010301299196508773,-1.7997050449913843e-07
4910,0.6700786641584024,0.8240017972751008,0.01645531475888671,0.06076658444281862,0.01646060503603136,-3.358415975318607e-07
4911,0.4810310636812146,0.7694562562913794,0.016097137444433578,0.05602270596238118,0.01609967971104742,6.368121463484755e-08
4912,0.8704637193135553,0.9413966306965372,0.013910621688671871,0.039541615619528556,0.013913256250004996,-2.8068644475354176e-07
4913,0.8509362399933738,0.9238473685199597,0.011970101330566408,0.039299154460789625,0.011974541568414496,2.399933737295967e-07
4914,0.9173190168587186,0.959795344333897,0.009845834148242173,0.027906603812224727,0.009848536674357594,1.6858718643320003e-08
4915,0.922282053921148,0.9606109560599699,0.007001094236425782,0.021354809569362608,0.007002372284206555,5.392114799107617e-08
4916,0.8857792932900556,0.952754842620629,0.009977026341503905,0.029496581640962832,0.009980364330244195,2.932900555752127e-07
4917,0.9385409666408697,0.9724814718614287,0.008460633532763674,0.02469335955743831,0.008461472087070402,-3.3359130235943724e-08
4918,0.6641732159139889,0.9327656672797768,0.013587158631796867,0.044351272540193616,0.013588013745476248,2.1591398891018798e-07
4919,0.9020263637138418,0.9497508223144984,0.008436499677246105,0.028928200053532933,0.008437961412303034,3.637138418222108e-07
4920,0.8663521347390206,0.9310620289194086,0.011617122777441409,0.03149557331460634,0.011618769948381328,1.3473902060745502e-07
4921,0.7428806598474234,0.9242993639362748,0.013762702761132813,0.03770790471387433,0.013765717698338524,-3.401525766610902e-07
4922,0.944448099165429,0.9721927419054452,0.007915400805624999,0.022712552460749574,0.00791608590217115,9.916542909049753e-08
4923,0.8186901911469475,0.9283604921379115,0.012474194743945325,0.040070478362590596,0.012479768260865654,1.9114694749244876e-07
4924,0.8240638065312983,0.9628232285555228,0.01152633734887696,0.034913898827067975,0.011527364588761935,-1.9346870172576303e-07
4925,0.7860643133999858,0.8943690138549598,0.013298925022753925,0.048101090703699674,0.013300267192617133,3.133999858517811e-07
4926,0.8764041595649374,0.9504053840851261,0.00815286302013672,0.02669021764649455,0.00815330665255865,1.5956493748525702e-07
4927,0.8095529882804056,0.9422180989356559,0.016414589104882804,0.04588695977603654,0.01642058371319105,-1.171959440604553e-08
4928,0.7776664029464312,0.9061438059180121,0.021212395741406244,0.0609576922914244,0.021222801357313817,4.029464312216291e-07
4929,0.8310299678148526,0.9482982630804478,0.009036719568906235,0.032381455981148756,0.009037316482304292,-3.218514743608125e-08
4930,0.7957476814354599,0.9106873117500325,0.012887222706249984,0.040246227693051764,0.012891814040734619,-3.185645400805015e-07
4931,0.8587547387156795,0.9306642186942595,0.008530657784736322,0.027264353116429458,0.008531415031428229,-2.612843205129778e-07
4932,0.9420999494243668,0.9714618052513009,0.010857357997167968,0.026931758719963724,0.010861835840043653,-5.0575633236960016e-08
4933,0.7483185361842167,0.8729163357717599,0.014680142646376945,0.04443795167188325,0.014680992003718146,-4.638157832248524e-07
4934,0.9046259228603295,0.9542779474451858,0.009521163533496082,0.02815164400923201,0.00952301129861517,-7.713967054012727e-08
4935,0.9135322474258227,0.9578859834691902,0.009568004628222668,0.031461379223598596,0.009569090630059727,2.474258227191939e-07
4936,0.6841150109897933,0.8864355041290359,0.016218168041992186,0.046694571826942276,0.016221765609460634,1.0989793297611072e-08
4937,0.9262347749286172,0.9641389016843619,0.010688110035351552,0.03012380359126331,0.010689275626033641,-2.2507138286442796e-07
4938,0.9386657393987701,0.9692919918654154,0.009425554266503893,0.026294283935958347,0.00942837558249956,-2.606012299288807e-07
4939,0.7365916006323102,0.9268540880214798,0.012730382074316407,0.03924305084782015,0.012733389574873435,-3.993676898073062e-07
4940,0.9225450790021826,0.9653796725545949,0.006584982587695318,0.018984590074767393,0.006585969244261142,7.900218268463988e-08
4941,0.9081187180299725,0.9534827491262878,0.008904158822490238,0.02600692484099398,0.00890475697042117,-2.819700275491499e-07
4942,0.8573887219850671,0.9551812949076591,0.010115423469726575,0.03508572916099738,0.010117573507720105,-2.7801493285295464e-07
4943,0.771919251962077,0.8823744988884593,0.016669216960546872,0.046735214068769286,0.016672711794356934,2.519620769803055e-07
4944,0.8709795491497615,0.937779315785754,0.008466258025195305,0.022843359734541168,0.008467146344846785,-4.5085023847590833e-07
4945,0.9564420620839088,0.9788284369096154,0.008883436284472654,0.023151496247360303,0.008884675361733353,6.208390879169912e-08
4946,0.639076699376685,0.8124295795914788,0.02577894852402343,0.06941808495903484,0.025782848845108754,-3.006233150193438e-07
4947,0.8301754713250348,0.9203162416481871,0.010077694105664066,0.03634706647214743,0.010080265185158378,4.7132503477875787e-07
4948,0.4474852936177266,0.6966877462125077,0.01566770628720703,0.06961269337051255,0.015670208546850334,2.9361772657665597e-07
4949,0.819459558754077,0.9058799564173048,0.010657014032421861,0.04062194152140249,0.010660292512639578,-4.4124592291083786e-07
4950,0.8927585606232652,0.9502231543762382,0.009807383936523442,0.03140255549654541,0.009809783437019529,-4.393767347732336e-07
4951,0.9209889104948595,0.9631878423784994,0.009502024036132805,0.026606527086202827,0.009505266878645344,-8.950514041039526e-08
4952,0.6787975116208742,0.8292258844585154,0.019011031632031224,0.050458577085444184,0.01901809195222918,5.11620874221741e-07
4953,0.7654680259009673,0.8768173554772866,0.01787107347265623,0.049286668899005334,0.0178784663811989,2.5900967259850916e-08
4954,0.7651725820309931,0.8980487232283173,0.015208607053222668,0.04598716085500885,0.015210753584120931,-4.1796900684953897e-07
4955,0.7790438862923845,0.9001974026100785,0.020903675529199202,0.05579904766918948,0.02090998524061447,-1.1370761543449959e-07
4956,0.8019046469684538,0.8981943819920634,0.016766671132226584,0.04849501789916022,0.01676936180651329,-3.53031546218574e-07
4957,0.789357589475277,0.9386228993831023,0.012655328459990244,0.029694087755905832,0.012656450967334455,-4.105247229935216e-07
4958,0.8948793665807253,0.9488314710912347,0.0112151613618164,0.03317763891751052,0.011217686099504368,3.665807253305786e-07
4959,0.8952037275375636,0.9470231231165706,0.010077358278378912,0.03391208917878603,0.010078345550791047,-2.724624363903416e-07
4960,0.8927867467066293,0.9477805070511744,0.00753767980944335,0.024671676724396983,0.007538207385285185,-2.5329337072221847e-07
4961,0.5766097040875118,0.764967471495256,0.016191816048925757,0.06378534015221829,0.016193620215779962,-2.9591248817961713e-07
4962,0.9402185720988144,0.969768912350276,0.007879740391308603,0.022916436929958945,0.007881978246513342,-4.2790118559565826e-07
4963,0.9724460633579517,0.9866630530572201,0.00624334807343749,0.014922774604349284,0.006244803652864123,6.335795166290126e-08
4964,0.9213047944257438,0.9602401638690753,0.009534390500566411,0.027758061179996376,0.00953528010291466,-2.055742562845353e-07
4965,0.9564234814875251,0.978161653358503,0.0061965185459960945,0.0194389850625857,0.006197716703463728,4.814875250724882e-07
4966,0.24025006128477222,0.8442444249840019,0.02284017112138673,0.06122398265283789,0.022844980167902918,6.12847722292198e-08
4967,0.9219587899756876,0.960388338308496,0.006249809097363292,0.024832765986282285,0.006250250836091223,-2.1002431238592578e-07
4968,0.9184674709992291,0.9764187874198874,0.00732450872363281,0.020234526571500988,0.0073261218147754135,4.709992290630183e-07
4969,0.8363952678856607,0.9372789908458349,0.015531423034179682,0.03967840825041523,0.015534160251081132,2.6788566065416575e-07
4970,0.9838750222998277,0.9919438678817012,0.0032943241614355467,0.00802226159678651,0.0032945835502581674,2.229982765111771e-08
4971,0.8939993125611265,0.9457227714851582,0.01139247529960938,0.036523196297988114,0.011396824116851122,3.1256112653643697e-07
4972,0.9096277946466979,0.9537924268395491,0.008026654038427733,0.02697321468463342,0.008027212417986113,-2.0535330214066505e-07
4973,-0.3557078331135961,0.7804848317427902,0.026142215926367174,0.07088327748003184,0.026147096459721637,1.6688640391837595e-07
4974,0.8773329047209459,0.9386609528778902,0.00930456250439453,0.024577785180457168,0.009305798960318908,-9.527905409090209e-08
4975,0.9171873272752081,0.9606455001751708,0.00855275042685548,0.027393006758158873,0.008554217253560238,3.2727520815623024e-07
4976,0.9271911819590726,0.9770693225178948,0.0094697676553711,0.026607727116657952,0.009472594361834761,1.819590725871123e-07
4977,0.7767151771837925,0.9210357807951526,0.012627614968671872,0.03775457376597271,0.012628860919461325,1.7718379241582483e-07
4978,0.9199561661846779,0.9646035875864728,0.012933374637011706,0.03484926589633933,0.012936193421915767,1.661846779077436e-07
4979,0.8035970206701695,0.898167787703306,0.013222519684179696,0.03795941979645635,0.013224026003888941,2.067016946494249e-08
4980,0.7479060693110179,0.8801482274119701,0.021071187260742155,0.05641804026601334,0.02107690568660856,6.931101792506666e-08
4981,0.8117780154770742,0.9320123917088499,0.013813467733398416,0.040578823936266425,0.013815290311428162,1.547707417781652e-08
4982,0.591711694545149,0.7929159772549154,0.011965119930664084,0.05658352335902148,0.011966495198074465,-3.0545485096844516e-07
4983,0.24133597868673318,0.5079907368662139,0.034312291064941464,0.10172208447480129,0.0343246160700505,-2.1313266818090426e-08
4984,0.8840990531635045,0.9472044182205128,0.011865763069726566,0.03502548330145966,0.011867700681921192,5.3163504487585556e-08
4985,0.781828052442398,0.9024730409549732,0.018287040465039078,0.05411001853806745,0.018293108431792146,5.244239797974615e-08
4986,0.9153215205580943,0.9572986620874221,0.010189600980761717,0.030255298568283122,0.010191875598461844,-4.79441905620881e-07
4987,0.7648613282480993,0.898429175419369,0.017815017837597667,0.050297770379166544,0.0178224326218694,3.282480992572445e-07
4988,0.8498666708104674,0.92403715308564,0.015562162913867209,0.04148604375237366,0.015566036314975907,-3.2918953263294526e-07
4989,0.9251764568968598,0.9647384188623953,0.008365734700781254,0.023376558204886395,0.008366731315695347,4.568968597906675e-07
4990,0.8694137807252112,0.9543958065590551,0.010949367041601555,0.02686067339282514,0.010951904493829682,-2.1927478877081796e-07
4991,0.8941047916573784,0.9480288659713858,0.007971951862656252,0.02740869121384191,0.007972560877732158,-2.0834262159930006e-07
4992,0.872590682963635,0.9366593822489798,0.011810385200976548,0.043768688150231876,0.011812408455102794,-3.170363650495389e-07
4993,0.8778308379423991,0.9562425225022722,0.009693461040527346,0.025774329443216316,0.009695508897799762,-1.6205760089427201e-07
4994,0.8790992504881183,0.9432113177776614,0.011189734578808603,0.03626425257574539,0.011193585522587599,2.5048811835848284e-07
4995,0.835248559702185,0.9184636455399401,0.016815139688769527,0.04445098663488027,0.016817034603639706,-4.402978149853354e-07
4996,0.8660262575141487,0.9354180101376378,0.007208942138251952,0.027524717993325152,0.007209397154234669,2.575141487826116e-07
4997,0.898979993894733,0.9582396112820354,0.00603312751783204,0.02088053825505139,0.006033438712343977,-6.105266958655875e-09
4998,0.7654888044175356,0.9155227635414311,0.012127574616308597,0.03936110845824523,0.012128848948377976,-1.9558246433515336e-07
4999,0.954305496852005,0.9813183158079348,0.006025819497851553,0.01656176156257117,0.0060265462426788855,4.968520050940839e-07
5000,0.7078476427079372,0.9431662003648684,0.012908462141933587,0.03518060350079846,0.012909334944263754,-3.5729206282475445e-07
5001,0.5896999220837338,0.9290704123050736,0.011238497020839844,0.0416235200815793,0.011239117008971839,-7.791626621678205e-08
5002,0.9587469288196753,0.9793195485678005,0.00812870766933595,0.019279173032856308,0.008130798417149376,-7.118032474551228e-08
5003,0.8433778873362691,0.9238097796317694,0.012353495386523446,0.03010291710448555,0.01235823107673775,-1.1266373090013104e-07
5004,0.9110374807846248,0.9631138680418679,0.008322252383691392,0.02830441170590568,0.008323594911297106,4.807846247789627e-07
5005,0.896375327556905,0.948765730245639,0.011310034167871096,0.03111956355538636,0.01131364593280459,3.275569049332461e-07
5006,0.8553806004626894,0.9505639880046299,0.017989676208203065,0.05155635917352252,0.017994230439962036,-3.9953731056918684e-07
5007,0.8114402289801873,0.9148626607120776,0.009239654084580098,0.03564206054434545,0.009240052811431417,2.2898018725570068e-07
5008,0.8937876338170568,0.9468791910995356,0.00816731339245117,0.02275296309699473,0.008167925180338763,-3.6618294319001876e-07
5009,0.8945755515561639,0.9618795270741582,0.008768345077246087,0.022433613785370187,0.008770393497367647,-4.4844383617625994e-07
5010,0.9291693865651027,0.9656895726455949,0.006501549052148443,0.017775536067123784,0.006502758681662613,3.865651027057382e-07
5011,0.9086936719681526,0.9543317658608588,0.010098483397558596,0.03211013072998878,0.010100248400816265,-3.2803184735197277e-07
5012,0.930662193574295,0.973362681464823,0.006855577702128902,0.02147083070187362,0.006856042812439595,1.9357429503763512e-07
5013,0.8883420640692712,0.9433045680836918,0.014889494236914028,0.038095464244013985,0.014893208972583371,6.406927122171169e-08
5014,0.9380184363683315,0.9730290864778371,0.010285850101464851,0.025718283833693924,0.010290503771869401,4.363683314689837e-07
5015,0.7388697738693734,0.9447453539175749,0.0123610648859668,0.03371830668240785,0.012361779273067372,-2.2613062666820838e-07
5016,0.9182685513215326,0.9613137889516268,0.010895032107324228,0.03073724021690217,0.010896349227509072,-4.4867846737961514e-07
5017,0.7683631141023801,0.9070004335290387,0.018878622410351573,0.05230447130871093,0.018885575301091733,1.1410238009990081e-07
5018,0.6942491361486866,0.8587928780230605,0.015737952295214856,0.040833697050575796,0.015742391763037253,1.3614868654698853e-07
5019,0.8126677370191933,0.9462514014115162,0.009368002019531264,0.025727034255091524,0.009368310706399553,-2.629808066867412e-07
5020,0.8982939917442924,0.948821243924099,0.01181853747421874,0.032554482395929875,0.01182254972247443,-8.255707673043844e-09
5021,0.9288769588808024,0.9645244629377736,0.011111381908203117,0.028890210680937438,0.011116450566114888,-4.111919760241278e-08
5022,0.9364477944869014,0.970248745526118,0.008978592515234364,0.025535494544627613,0.008979493611908066,-2.055130985390008e-07
5023,0.8611156917851175,0.9324910151044563,0.008949899065585942,0.026220957162237955,0.00895032617944738,-3.082148825050979e-07
5024,0.8690761921435377,0.9644136822968375,0.008908484860751955,0.02812146116027913,0.008909080034872771,1.921435377472136e-07
5025,0.8834733674537049,0.948782518232127,0.009798534553749988,0.03212309262027505,0.00979938522750427,3.674537049080939e-07
5026,0.8978232069836908,0.9517070313186546,0.01297398286425781,0.032477035820165076,0.012976188343943025,2.0698369074256817e-07
5027,0.491651219074106,0.8584474987985229,0.013579273796875,0.04831642698026239,0.013580052107549628,2.190741060226209e-07
5028,0.8382120561313913,0.9165782454676947,0.013685174762988271,0.040596880205486664,0.013686559313120912,5.613139131277478e-08
5029,0.9182003231481901,0.9595346597228194,0.013621263222460944,0.034991223736998825,0.013623916060497109,3.2314819009560125e-07
5030,0.8809709732157667,0.946478268749525,0.010608945464355469,0.03478938627911655,0.010610373754353513,-2.6784233275733982e-08
5031,0.9168568753128138,0.9581527609058652,0.01092102529580079,0.030581339320516127,0.010925676427272775,-1.2468718624258912e-07
5032,0.9522964078251416,0.9774610247210717,0.007796490630957027,0.020683007118377058,0.007797304321768447,4.078251415462475e-07
5033,0.7596698042876158,0.8865203335805283,0.014869133845410153,0.05374062017347115,0.014870650159507903,-1.9571238418780723e-07
5034,0.9316896098996755,0.9656924701903665,0.00798418497929686,0.02160086515457442,0.007986690680502832,-3.901003244877188e-07
5035,0.7180395331187096,0.8498101066339999,0.011198409726367185,0.04368898984206085,0.011200692856557887,-4.668812904062847e-07
5036,0.9172426413664378,0.962576242566615,0.007630052571376963,0.023969583426586286,0.007630640076027434,-3.58633562180799e-07
5037,0.7056902151056427,0.939474550390114,0.012509020862666012,0.04378111247323253,0.012509939213800914,2.1510564263138576e-07
5038,0.9623253787164119,0.9824147457172209,0.005626490544921867,0.01684826772018531,0.005626878422644713,3.787164118973507e-07
5039,0.8527180895151811,0.9243149166689014,0.013917506179296853,0.036949834871472645,0.013922094478405263,8.951518115640766e-08
5040,0.7255950592387148,0.9105916806412251,0.01867402146982426,0.04529147454454028,0.018677025349974667,5.9238714822384964e-08
5041,0.7637833935278081,0.8772685826786989,0.017349844531249985,0.05517173601233862,0.017356596854907435,3.9352780811796606e-07
5042,0.8337472803549913,0.9304460677614894,0.009294435920605477,0.03509836689924683,0.009296392968434373,2.803549913332759e-07
5043,0.9438013363047969,0.9731885956715268,0.0064894966841503934,0.022005348918529472,0.006489960419015266,3.3630479689961135e-07
5044,0.5009831115362916,0.8386644836572946,0.013021069993427722,0.055061199313627976,0.013021974964693275,1.1153629164706302e-07
5045,0.9310532387650403,0.9723843396948122,0.005506427602343755,0.016930252944345265,0.005507327645625232,2.3876504029463064e-07
5046,0.9060920232198848,0.9591787502586558,0.00617129163232422,0.022135429512559163,0.00617164448122377,2.3219884792702317e-08
5047,0.9183450075030433,0.9674699301926418,0.01059333556621093,0.029599471975676108,0.010596243993592807,7.50304329777407e-09
5048,0.9225553071672826,0.962654813569537,0.010201798345605454,0.02833963468524764,0.010202946146438088,3.071672826093774e-07
5049,0.8928161301918861,0.950983723677179,0.012018948435742194,0.03292450088700359,0.01202039064702018,1.301918860496798e-07
5050,0.7229490741590643,0.8973551159326928,0.013740767231347649,0.040176431617671135,0.013742269044226332,7.415906433383412e-08
5051,0.7898472480353098,0.944853024766523,0.013708492776171869,0.04014514024709343,0.013712384729419895,2.4803530984662814e-07
5052,0.8948148234148517,0.9462895339873343,0.01362259702226563,0.034310270947804526,0.013624967221563493,-1.7658514828156058e-07
5053,0.9399028360263411,0.9712254208085755,0.0076012735448242295,0.021293114349518336,0.0076021859029201215,-1.6397365898424e-07
5054,0.9375397482466866,0.9713983704852733,0.007771921577734382,0.02182981337455026,0.007774155020172036,-2.5175331341831253e-07
5055,0.846657883728354,0.9673125291396935,0.014817947029492191,0.03777606801235723,0.014823158318323213,-1.1627164597793893e-07
5056,0.9596360225849876,0.9797954924727805,0.008660983603222651,0.02337622127480025,0.00866215574015094,2.258498754681426e-08
5057,0.8827948340563523,0.9398123045225669,0.01139745728916016,0.032978228910221,0.011401896786422026,-1.6594364771194137e-07
5058,0.6413906317619503,0.8075269687240026,0.0220538898234375,0.06328631273517361,0.0220629424693621,-3.68238049719416e-07
5059,0.8913392466819824,0.9598805982575597,0.008449012856054693,0.02306719812184801,0.008450676280413188,2.4668198239652384e-07
5060,0.8241703160187895,0.9172123900561991,0.01362612072148436,0.0445934676933965,0.013628406337422686,3.160187895812072e-07
5061,0.8796929166236065,0.9468078324329081,0.011760277106835948,0.030318420814540142,0.011762173213854279,-8.337639345601389e-08
5062,0.8623674902469631,0.9479767905493984,0.012505762289648443,0.03949877206670419,0.012510248327085803,-5.097530368924907e-07
5063,0.906042107763418,0.9537473756119681,0.009498298320019536,0.027129778071634914,0.009499571057350486,1.0776341796692179e-07
5064,0.924026669468372,0.961435249893275,0.008766693212275382,0.028792340393183975,0.008767546272082738,-3.3053162806773173e-07
5065,0.9182280578687105,0.9587145081707952,0.011386708148339834,0.029104909119615736,0.011390601745337674,5.786871049018316e-08
5066,0.8806020962707097,0.9443073334355429,0.012811792303906241,0.03205235268819701,0.012813750151388996,9.627070973738938e-08
5067,0.7838843020221308,0.9157702522657638,0.008534391778027348,0.03004786059586474,0.00853517605649244,3.0202213074925766e-07
5068,0.9729237174057876,0.9864040758898791,0.00453210925923828,0.012190727983183441,0.004532402654352823,-2.8259421236409565e-07
5069,0.8253398502894634,0.9421851069741528,0.011344253221435553,0.030831992633512766,0.011345356620333608,-1.4971053652335087e-07
5070,0.927018500779277,0.9647971711322898,0.009325191141601562,0.025608961030510934,0.00932631194606178,-4.992207229825851e-07
5071,0.9090637509617654,0.9591753643691306,0.011774062075585965,0.03490242856055827,0.011777713379910348,-2.490382345898823e-07
5072,0.9319929639084266,0.9704985717865882,0.012601148282910138,0.030517903213594405,0.012602887308699181,-3.609157339656832e-08
5073,0.8340973646848897,0.9241161121316163,0.012219608685742185,0.0327199529063808,0.012223740180351498,3.646848897309596e-07
5074,0.9035224477789822,0.9523934480894817,0.012238234473632797,0.03454524473674726,0.01223972166713382,4.4777898211556533e-07
5075,0.8840336358508896,0.9416567357166044,0.0113302553404297,0.0345301196251255,0.011334432739691704,-3.641491104211525e-07
5076,0.9278173780566595,0.9652273394392217,0.008333706617089834,0.021300266136053347,0.008335049638637076,3.7805665953349887e-07
5077,0.45188762235663704,0.8579959734401935,0.018716539764550788,0.054651564871525365,0.01872113741380369,-3.7764336296985945e-07
5078,0.9243111801487625,0.9723644463410915,0.009206135343652359,0.025551202314642862,0.00920832466888401,1.8014876246308376e-07
5079,0.9384903178831829,0.9731419545355053,0.00969663550546874,0.024440916144709588,0.009698189364885885,3.1788318288761275e-07
5080,0.8044257362307392,0.9062543379599838,0.01712701526894529,0.05099550092850087,0.017134499268682064,-2.637692607665443e-07
5081,0.7840453763610362,0.8918696734299775,0.015281503447070322,0.04504848498635759,0.015286054746053915,3.763610362250702e-07
5082,0.8950235425432241,0.9475639263997444,0.012676403476562502,0.03787132783044312,0.012680328296849074,-4.5745677590414147e-07
5083,0.7587597521323691,0.8812772185296215,0.017085173611816426,0.051521025849232856,0.01708767856638572,-2.4786763086481756e-07
5084,0.7314860285562065,0.883570247285869,0.013596068679785158,0.03843731210903394,0.013599579305106052,2.8556206510543802e-08
5085,0.6486793008673393,0.8940053253452801,0.013156418467675785,0.04017321086250246,0.013158375811605375,3.0086733926459885e-07
5086,0.9542098281146747,0.9825697585468058,0.007431588439843748,0.022795463170305064,0.007432834940385636,-1.7188532530632017e-07
5087,0.8414901434446169,0.9340258878343242,0.013319401371875005,0.04117501970882706,0.01332350699323441,1.4344461696236266e-07
5088,0.7307522853603017,0.9234121060622839,0.013350174120507822,0.04122815238333354,0.013351893272900338,2.8536030172165994e-07
5089,0.921663470650378,0.9703948431603037,0.00821322102445311,0.022055232067848193,0.008213850653232284,4.7065037800386733e-07
5090,0.7292740142824048,0.9258286172388918,0.016314954454980442,0.043273649583561766,0.016317462600734575,1.4282404814380811e-08
5091,0.9281392656404892,0.971400088502555,0.010864630782910138,0.029175311245637593,0.010867519093450191,2.656404891610009e-07
5092,0.8294054455983492,0.934461249285941,0.011110963249013645,0.03614261678124138,0.011112001005788135,4.455983492190896e-07
5093,0.911710813323193,0.9577466390188384,0.010374368005683598,0.02833052512297985,0.010375197911020621,-1.866768070124536e-07
5094,0.9088553989334432,0.9586072619730496,0.011744285238476551,0.0312513088222451,0.011748572562821892,3.9893344327968094e-07
5095,0.7459166366568051,0.8740756334734779,0.016075711503808578,0.04665742933028892,0.016081647284850027,-3.633431949756627e-07
5096,0.9046443614379446,0.9583035809620246,0.0082468559709961,0.028727843998961108,0.008248023195772267,3.6143794457377254e-07
5097,0.8704313430551718,0.9368292045579433,0.010530764569335938,0.03496499365392821,0.010532624780435434,3.4305517182531275e-07
5098,0.8607125581977686,0.9366381279609657,0.011403511612958994,0.039401133385105425,0.011404517569187407,-4.418022313545933e-07
5099,0.8828346274171572,0.9498152875969711,0.011101263687304684,0.02849859594731993,0.011103852839294338,-3.725828428002842e-07
5100,0.832865595849003,0.9347996769420099,0.011110008269140631,0.03440707666434227,0.01111114119776392,-4.04150997002084e-07
5101,0.8123225771043736,0.9041210818576226,0.014551050068066403,0.04035021956209899,0.014556003690095395,-4.228956264062944e-07
5102,0.8528139704373576,0.9276469304444378,0.009868772933203122,0.0291085135191056,0.009871093125745453,-2.956264233411332e-08
5103,0.8708648567018834,0.9391594862834607,0.011180771066601567,0.03676998714702529,0.0111835103925427,-1.4329811659496983e-07
5104,0.8729537149376608,0.9583082143387309,0.009434479857324226,0.03030041380028558,0.009437073858845565,-2.850623391781326e-07
5105,0.8161703111247032,0.9045534505120445,0.012236131337207025,0.038441023395254306,0.0122380746847242,3.1112470322280927e-07
5106,0.912298829766895,0.9608527423624807,0.01417332440703125,0.037754396447959394,0.014179708975556322,-1.702331049457939e-07
5107,0.7015305052866638,0.8427246972727552,0.014940149532617188,0.055488547863597616,0.014943528256884305,-4.947133361854483e-07
5108,0.8341113617998897,0.9166391398327903,0.015681182951757786,0.04406584707747066,0.01568805482178748,3.617998896032759e-07
5109,0.9168053568260718,0.9585481328021781,0.01068969678916018,0.029916975579560183,0.010692449480085455,3.568260718012084e-07
5110,0.9124081159827027,0.955957246069548,0.008218886554755856,0.03136792357197122,0.008219657779764392,1.1598270266421906e-07
5111,0.9121963498813496,0.9556222347123999,0.010714099139306632,0.027568578733197492,0.010715060550793316,3.498813495594888e-07
5112,0.8465342626227678,0.9237403718106957,0.01604772136806641,0.043156937101669894,0.01605448215452981,2.6262276775490534e-07
5113,0.9038729585457901,0.9511087519099185,0.011289481610351546,0.029009709224783853,0.011290990221007855,-4.145420995360638e-08
5114,0.8407576937044489,0.9194692676989573,0.014268645124804693,0.040466610777653116,0.014273610842648795,-3.062955511445864e-07
5115,0.7676444496514184,0.9175704729545866,0.016669000767871096,0.053058325080020736,0.016670838207653336,4.4965141843267276e-07
5116,-0.23615200146052118,0.8053312376321136,0.023692349496191395,0.0643058286216425,0.023695375201302524,-1.4605211762219739e-09
5117,0.896092478385305,0.9474988345604023,0.008453711194335922,0.02167538975345423,0.008457067719097247,4.783853050360776e-07
5118,0.8970634794336558,0.951354120116279,0.007198257984667974,0.02114110195147924,0.007199978243789858,4.794336557756296e-07
5119,0.842272262431416,0.9200734897045341,0.0158629626060547,0.04289799679337843,0.015871308581286096,2.624314159316299e-07
5120,0.8856271490275024,0.9422126410024868,0.00824577277656249,0.026093338087229155,0.008247578591317879,1.4902750233858342e-07
5121,0.9123466043833458,0.9577016671588164,0.011689871381347668,0.03240385551861247,0.011691302180445465,-3.9561665421405934e-07
5122,0.8609820769419947,0.9411127453953706,0.012519003431542976,0.03132476009058065,0.012522197700171015,7.694199466445895e-08
5123,0.8808922860774308,0.9551580992995125,0.013474683432519528,0.03661461202397378,0.013478544810516042,2.860774307444913e-07
5124,0.9234995943057472,0.9689393472027463,0.013653413615820325,0.03574601374137817,0.013655509591794263,-4.056942527475016e-07
5125,0.811301988085498,0.9110141873378228,0.014336727433105486,0.03812076229693418,0.014338661387303555,-1.1914501940601951e-08
5126,0.8264789513932842,0.9160469537813758,0.015123804332421883,0.045929733663841746,0.015126813238609482,-4.86067157634551e-08
5127,0.9245196289247531,0.962636563980519,0.006990725316113298,0.016706716367929045,0.006992434399237481,-3.7107524686330606e-07
5128,0.8864134993541319,0.9508930170690914,0.008789139543066413,0.02602113325251873,0.008790923612663521,-5.006458680956172e-07
5129,0.7357178513831952,0.859495952635195,0.011234178051845697,0.043116700035886364,0.011235101017191874,-1.486168047515335e-07
5130,0.9294412624786175,0.9687849052688428,0.006995735834765637,0.020333855942911948,0.006996744080280767,2.6247861750761103e-07
5131,0.8896244423568271,0.9540608013850227,0.012477735205664068,0.03274443051582993,0.01247957117022366,4.4235682716831093e-07
5132,0.8781975931846553,0.9435557595209844,0.008022463499511712,0.026813130719460756,0.008022994067169609,-4.0681534474451553e-07
5133,0.812266086077578,0.9050845871159854,0.016024764597851546,0.04433458647438354,0.016028044495134005,8.607757795431326e-08
5134,0.9005399112979267,0.9663285256228897,0.011921341943945295,0.03452031620696039,0.01192595963019546,-8.870207335309743e-08
5135,0.9210303100314372,0.9608342359654304,0.009042062396933585,0.02726846519099161,0.009042849086914608,3.1003143718955073e-07
5136,0.84494639943182,0.9255035317367265,0.009454889815917964,0.03681559488770467,0.009456598384939844,3.994318200639668e-07
5137,0.8359435080776458,0.9214611154098994,0.01230493565146483,0.042368253336279235,0.012309672361688983,5.080776458443736e-07
5138,0.8786129121876247,0.9407924351133758,0.014404378582617191,0.03973270242269038,0.01440636068175159,-8.78123752601212e-08
5139,0.9048885303621501,0.951861960805658,0.011122770119921884,0.029130404406032217,0.011126433525976394,-4.696378499424725e-07
5140,0.9110405767562301,0.954930700438032,0.010154637588085949,0.03023148891192221,0.010157979825524426,-4.2324376992031176e-07
5141,0.7881356288869609,0.8980265594371615,0.01160065479658205,0.041268334613999466,0.011604818698369575,-3.711130390771089e-07
5142,0.9395688420205879,0.9713379493117914,0.009312416594433583,0.024992720387702866,0.00931518554451491,-1.5797941210760058e-07
5143,0.798637980375312,0.9117121715688264,0.01948672649199219,0.055967177353694164,0.019497196730351347,-1.9624687985775324e-08
5144,0.6679037074082628,0.8234817036190134,0.01693481197011718,0.04956776435921231,0.0169386562066126,-2.9259173728313215e-07
5145,0.8033812478500459,0.9050591337203687,0.00880187826729493,0.026625302153330685,0.008802638813880026,2.478500459313082e-07
5146,0.9138934931464284,0.9563864786442074,0.006985326817695308,0.021743679442112692,0.006985722652492255,-5.068535715579969e-07
5147,0.9444459314338693,0.9757152854121837,0.006903984115039055,0.02028506902176347,0.006904837253944189,-6.856613066208439e-08
5148,0.9403329197971605,0.9703563157074683,0.007510992971074214,0.024720502518697035,0.0075116300841016614,-8.020283948084739e-08
5149,0.9023598342677956,0.9577115480757601,0.008219898703388663,0.024028236678917472,0.008220492292477545,-1.6573220440463388e-07
5150,0.9313103189185546,0.9666430254233149,0.005664115448339847,0.018909996225065097,0.005665225819570463,3.189185546759177e-07
5151,0.8664487258239846,0.9433036607180597,0.012166899287207026,0.03648111408689426,0.012170864405128583,-2.7417601544676984e-07
5152,0.792538939931559,0.892431782373155,0.014386101483789064,0.045414863352955324,0.014391807956535017,-6.00684409990393e-08
5153,0.6659971991664166,0.9368787691950752,0.01519803358654297,0.04661316010606078,0.015199159360766344,1.9916641669226465e-07
5154,0.6972892448759833,0.8431294011013467,0.017991245683496096,0.04702645381613353,0.017997617921897285,2.448759832684999e-07
5155,0.8498109180052931,0.9329782361843065,0.02017792012646485,0.048506301053472076,0.020188739314259716,-8.199470691305777e-08
5156,0.9456932445997571,0.9750244936323387,0.006797342656445311,0.02076907236649579,0.006798253878759236,2.445997571154379e-07
5157,0.7134164760341305,0.9346907023589544,0.017025306672265646,0.04473142181674248,0.017027921013251405,4.7603413044772225e-07
5158,0.912846043265185,0.9568477350117646,0.011466509594238271,0.030281012434419535,0.011470367992035284,4.3265184990204375e-08
5159,0.8806625672670348,0.9392315410542827,0.010051929622236342,0.03527019985950105,0.01005278462282763,-4.327329651276912e-07
5160,0.9381451184403581,0.9704060160793198,0.012090095264160152,0.030781307387529766,0.01209581148097737,1.1844035807673237e-07
5161,0.824401243125539,0.9209312801160796,0.011733788003027334,0.0400380048551157,0.011737210032387395,2.431255389234721e-07
5162,0.8987882454924965,0.9488215142351024,0.010534441187695313,0.026386115737677407,0.010537346774662181,2.454924964423455e-07
5163,0.8674234968648964,0.9368255109316009,0.008109709328417971,0.031065965997438775,0.008110196235565453,-5.031351035800213e-07
5164,0.8181042158043483,0.9385762601735059,0.014777600951171876,0.05066002464905633,0.014781761022087074,2.158043482802796e-07
5165,0.8049826483997362,0.9080268834811317,0.01605343675478515,0.04567916924281116,0.016056548934650264,-3.5160026379266185e-07
5166,0.9123142277356441,0.9662508658639586,0.01121649444287109,0.028997872069691996,0.011217802915447654,2.2773564412048586e-07
5167,0.5574961626582104,0.7662042936122588,0.012539253004980473,0.05266581650087199,0.012546305563120117,1.6265821045635676e-07
5168,0.8080345375127362,0.9469308898560241,0.010828789278710942,0.03336275830617898,0.010830467511638114,-4.6248726370823334e-07
5169,0.7832151657813154,0.9433035308548963,0.010837176871943358,0.036271357355241576,0.010837835059518955,1.6578131545319508e-07
5170,0.948515958066133,0.9741426219573257,0.007615892240722657,0.020283514965862115,0.0076176995117463306,-4.193386704542945e-08
5171,0.802458418237347,0.9494134313195847,0.013094610988769536,0.03413713776271547,0.0130982081077479,4.1823734697743475e-07
5172,0.9740198641033733,0.9875949685465347,0.0048957406954101565,0.011892986953577078,0.004896657930028622,-1.3589662672952585e-07
5173,0.8618041299754695,0.9304415872887025,0.012033758911230485,0.04093654071338304,0.012036921559407764,1.299754694983335e-07
5174,0.8632385143667383,0.9547617767320837,0.01166115760937501,0.032654549369225266,0.011662587868332125,-4.856332617153569e-07
5175,0.7352197985631955,0.8783315117999935,0.02295791945283199,0.05963365083457764,0.022968253825707535,-2.0143680445894319e-07
5176,0.8888234940353804,0.9442286219911492,0.00949451780332031,0.030506995270770835,0.009497318176859547,-5.059646195348932e-07
5177,0.895056509874679,0.9488761583766535,0.011878543271386715,0.03546658641832576,0.011881671933041281,5.098746790332953e-07
5178,0.9292263888221175,0.9659081351579869,0.00592272781962891,0.017386701051538174,0.005923639556611265,3.888221175030182e-07
5179,0.8721410955886503,0.94440946940466,0.011657236821875003,0.04086833551562227,0.011661244228278167,9.558865021741525e-08
5180,0.8194103371989673,0.911406564894339,0.013367900554003899,0.03852009862791971,0.013372300832618039,3.371989673039977e-07
5181,0.8678761870603441,0.9517400739619131,0.010707537952636705,0.031948203608279525,0.01070875216021689,1.870603441034291e-07
5182,0.9055661054291522,0.9518715154070505,0.00808301444716797,0.02204139519628437,0.0080840952017714,1.0542915218625382e-07
5183,0.825560821096325,0.9184317735262207,0.01541542959443358,0.048487217891050406,0.015422371293202402,-1.7890367498551996e-07
5184,0.6498421625343846,0.8245289481292508,0.018637437617382808,0.05263990765080248,0.018643852610968657,1.6253438461788505e-07
5185,0.8606723690058409,0.9464042570118709,0.016039763216894536,0.04575650368108009,0.016048323977062892,3.690058408833963e-07
5186,0.5405741647450003,0.7852059185863501,0.017136387899121096,0.05205012676549281,0.01714084512392515,1.6474500030838612e-07
5187,0.8617413873489945,0.9540088183365639,0.00966225602819335,0.026557335458702192,0.009662836315720548,3.873489945460662e-07
5188,0.8792791702958673,0.9381346872314499,0.010211881858056646,0.03715985127346236,0.01021285352558802,1.702958672966659e-07
5189,0.8592197106122146,0.9295983391706543,0.01635259365605471,0.04205758402167887,0.01636043035782157,-2.893877854015514e-07
5190,0.7166287405159432,0.8531021428859047,0.012120148378242181,0.04022902191720488,0.01212079524156988,-2.5948405679709907e-07
5191,0.6996736256194513,0.8956542243009629,0.01638603959414062,0.04441043748442992,0.016391152401075096,-3.743805486733365e-07
5192,0.8953252286539731,0.9507539449885128,0.0093029309739453,0.026083582224918217,0.00930364057191536,2.2865397308891033e-07
5193,0.8549506492197273,0.9250876438437768,0.014925144764062492,0.0384997104726686,0.014928118932010424,-3.5078027271762124e-07
5194,0.8718240923014287,0.9433610441877572,0.013282888949218767,0.03714131166534445,0.013284656148573725,9.230142861138546e-08
5195,0.9444899308729049,0.9720548209720287,0.006694237345644533,0.019024809431097585,0.006694615939832948,-6.912709515916049e-08
5196,0.9061513370186173,0.9569958758098711,0.006274020423632813,0.021578747351996042,0.006275065120319291,3.3701861723578475e-07
5197,0.9064849683306235,0.9543829573705805,0.006878688751074219,0.022092679075843766,0.006879961979542027,-3.166937645460166e-08
5198,0.8907713683626205,0.9443825133677823,0.011934723402246099,0.033729323625126664,0.0119391360173746,3.683626205175372e-07
5199,0.7940116376509054,0.9389370182494976,0.014216229497363293,0.042682472922755385,0.014219258610383879,-3.623490946180752e-07
5200,0.7549855230841616,0.8745203138484512,0.013576711024238243,0.04692517224266629,0.01357778838916023,-4.769158384876349e-07
5201,0.8100363118987131,0.9032910732615478,0.01632331714824218,0.046831953035522726,0.016330910631377003,3.118987130790174e-07
5202,0.841526048171886,0.9252733487612056,0.014767266765136738,0.03930391987335574,0.014772972551007275,4.8171886035675016e-08
5203,0.8753600755559401,0.9594766259107118,0.015036788474023415,0.03941579972118289,0.015041459212616392,7.555594006003474e-08
5204,0.9275917236515837,0.9633705851400902,0.006046700567597654,0.01668185061490729,0.006046890272816173,-2.763484162615626e-07
5205,0.67622833794748,0.8265355844437967,0.01829380494794924,0.05933367083602238,0.018300572550920175,3.3794748000026686e-07
5206,0.7939156723602963,0.9007736556730087,0.01847295782568359,0.04955907787952265,0.018475088552103777,-3.276397037010881e-07
5207,0.9404871987495432,0.9707367295679576,0.009027062048925774,0.026994685320691117,0.0090279900775546,1.9874954326759564e-07
5208,0.8436117128658271,0.9280626639702548,0.012370816784667974,0.03688887216318545,0.012372190501147013,-2.8713417288273035e-07
5209,0.9098946106309718,0.9620347975803416,0.009057068698925771,0.034810122818184304,0.009058014572133651,-3.893690282419371e-07
5210,0.49797799739155646,0.773792951499786,0.018643536006933612,0.06099811390758161,0.01864616657455085,-2.60844351673839e-09
5211,0.8561666347252945,0.9298438259533894,0.013230313810839845,0.03515908948205973,0.013233829985208211,-3.652747054827543e-07
5212,0.8628471342166126,0.9318097333980739,0.013696061302539048,0.03741263552640509,0.01370112597307905,1.3421661260171192e-07
5213,0.8870199346607202,0.9419840098605641,0.01180824216904297,0.03547927664797807,0.011811610890077586,-6.533927987550925e-08
5214,0.9219894885349629,0.9668081279041894,0.010371278230371074,0.025533305757688207,0.010372709116550116,-5.114650371007556e-07
5215,0.928199911508573,0.9674196303626463,0.007385749800234365,0.02024119357401785,0.007386279579512224,-8.849142707489932e-08
5216,0.9027250152067403,0.9509330916482941,0.012201906754492186,0.03856614784843686,0.012206584083146434,1.5206740311413114e-08
5217,0.9275692701114966,0.9670918954556043,0.009295130196679673,0.024072938024723024,0.009297401282188273,2.70111496614156e-07
5218,0.9484340392593825,0.9741663083770374,0.009132385091894539,0.027353067585733856,0.009133407446250418,3.92593825226939e-08
5219,0.8627677817626742,0.9292278696103738,0.011836181824609378,0.03213685698437631,0.011838957795019655,-2.1823732576642385e-07
5220,0.928026163107591,0.963870264911197,0.01192485288417968,0.031254168297730915,0.011930134853558988,1.6310759098914218e-07
5221,0.8989136756777869,0.9645762534153065,0.00923367871479492,0.025847693556233408,0.009234442833080529,-3.243222130855372e-07
5222,0.8827760407017204,0.9410035895172143,0.011521388167324205,0.034378078699524736,0.011522332113527186,4.0701720438462985e-08
5223,0.9284800136773477,0.9652269725811253,0.010130004137890622,0.027795472497474005,0.010131452320593311,1.3677347698859421e-08
5224,0.9569320883416823,0.9784592952329612,0.005869329989121094,0.018327083840623332,0.005869824975788869,8.834168230276163e-08
5225,0.7483706382670652,0.8708728572945902,0.014334294907714821,0.05106228494750463,0.014339271604296272,-3.6173293482821833e-07
5226,0.8455067101641265,0.9281146382050783,0.015209030628710936,0.04112704487751169,0.01521213554423017,-2.8983587352371387e-07
5227,0.8917264002833104,0.949208384650973,0.01761899475498049,0.04515614708963377,0.017628076209238397,4.002833103866621e-07
5228,0.9572396986641024,0.9784459055920229,0.006860193564257813,0.01990356279862123,0.006861757409548454,-3.0133589756786705e-07
5229,0.836289223034042,0.9197904172501691,0.010310974783203131,0.03129216661903112,0.010313910244794331,2.230340420128485e-07
5230,0.8114327498866497,0.9073439932534195,0.0179047189067383,0.05176002762034548,0.01790945624088342,-2.5011335025304504e-07
5231,0.9066909787263093,0.9559656021973018,0.010432538240234365,0.02882303116313282,0.010433689084487335,-2.1273690697931613e-08
5232,0.8421134084747776,0.9202949971444664,0.012402406187792989,0.034829380254969775,0.012406595033918246,4.0847477755789896e-07
5233,0.9381163567026287,0.9778811630943283,0.0070396484948242145,0.02197207484833212,0.007041007056431652,3.567026287676356e-07
5234,0.9337358687781956,0.9674880041504182,0.008855595997460951,0.023541594654354365,0.008858091457353287,-1.3122180442248776e-07
5235,0.8854789571033523,0.9421477954022032,0.013729385302441386,0.040378855242949846,0.013731757850845691,-4.289664767842538e-08
5236,0.9007961261443391,0.9503360257334229,0.006119797216113281,0.022232602414968633,0.006120987853531783,1.261443390854211e-07
5237,0.8976013910731551,0.9547755154159918,0.012272181781933587,0.03211322533540319,0.012276742653212968,3.9107315508157825e-07
5238,0.8683546466963602,0.9405656236300619,0.012812513337988272,0.0377094997084906,0.012817161789323052,-3.5330363978847146e-07
5239,0.9526346924236418,0.9769744496421415,0.00835148703642579,0.022927101479070365,0.008352769832264151,-3.0757635816058837e-07
5240,0.8207538251640345,0.915024514463367,0.012683941413183583,0.04445549104953968,0.012685255988798752,-1.7483596548295566e-07
5241,0.8631771486001703,0.9392994780795734,0.015546506475683603,0.035924994877451134,0.015549537113120978,1.4860017027995553e-07
5242,0.8562986031779795,0.9319243783810686,0.014299905980761713,0.040434939208451245,0.014304624964961578,-3.968220205763373e-07
5243,0.8777960705733996,0.9390152187648594,0.011212390661035153,0.029094428146097407,0.011214284013462281,7.057339956872966e-08
5244,0.8863323529623289,0.9432607768962384,0.015760378854003908,0.035415296599627236,0.01576402282926387,3.5296232892001456e-07
5245,0.8669345712095473,0.9462199614297117,0.007634638954589836,0.03213648710302731,0.007635840829827777,-4.2879045270005633e-07
5246,0.9204891566210103,0.9629462522988578,0.0076761431245117185,0.020846834516816317,0.007677276242118215,1.5662101027213993e-07
5247,0.867376117621099,0.9427874095078304,0.013312451679492205,0.03413515807192939,0.01331629595830915,1.176210989717319e-07
5248,0.8967413291627525,0.9532119485610994,0.012354384174707033,0.03676723656282348,0.012356157100379812,3.2916275249927907e-07
5249,0.6683308836355237,0.8769163402865228,0.012559186951660166,0.049962732176482796,0.012560196920737019,-1.1636447627694224e-07
5250,0.9202402128785667,0.9601403461995519,0.01008617800859376,0.024584895952481988,0.010088150433678403,2.128785667743216e-07
5251,0.7040134182072796,0.8770506892565364,0.007732877020439453,0.029536108718563697,0.007732987635027831,4.1820727958441495e-07
5252,0.7768399615637829,0.8837601336496601,0.013114230454882815,0.032182517160770106,0.013120313868156085,-3.8436217097981284e-08
5253,0.8948745017094258,0.949182977836048,0.009293209065146493,0.030847265528672067,0.009293919761803817,-4.982905741357513e-07
5254,0.28555137788646745,0.846345783453888,0.019729389979003916,0.05718340566314665,0.01973212161893878,3.7788646745084975e-07
5255,0.9560293199497261,0.9780215060185653,0.010091430743359367,0.02499126172922554,0.010093112151884815,3.1994972604643124e-07
5256,0.6960753116061078,0.8956611229456021,0.009276275886523447,0.03796568031764051,0.0092782821647334,3.116061078056731e-07
5257,0.9381214882572907,0.968772673438337,0.006704714488964844,0.01649075422078067,0.006706625694867662,4.882572907094485e-07
5258,0.8706479215979921,0.9338853772598736,0.012078272445214845,0.03497974381052741,0.012081970764254315,-7.840200788589158e-08
5259,0.8537726978569772,0.9249801469901677,0.014953210486425773,0.04318399433182353,0.014957104582065107,-3.021430228233868e-07
5260,0.8412612812177281,0.9240568271665341,0.01592454215419924,0.03804257283867047,0.015928332026837716,2.812177281041883e-07
5261,0.9269709050145798,0.9735259696205474,0.009137589828027363,0.02680836890607257,0.00913969584884112,-9.498542019592549e-08
5262,0.9082852446076102,0.9562616649512221,0.009996074956250017,0.0231101259127693,0.009998679863321277,2.446076101669803e-07
5263,0.895503941308118,0.950023982848068,0.010670626294238301,0.02776236186071521,0.010673953236307224,-5.869188202112241e-08
5264,0.777030424943286,0.900357600014726,0.015868047053515605,0.044323635869636585,0.015871700142745748,4.2494328600373166e-07
5265,0.8892732886872498,0.9560736597635265,0.01070998907070313,0.036125520996239814,0.010711138187314596,2.8868724977204607e-07
5266,0.9127810634979788,0.9569792314749344,0.01141717042880859,0.031221423488025875,0.011419481671375622,6.349797887494901e-08
5267,0.9336972799294443,0.9725675623988197,0.007859136620898443,0.021965683287011213,0.007861234906344087,2.79929444291227e-07
5268,0.7271378341180207,0.8599446374075861,0.014556183624707036,0.04770788930964668,0.014557642000548066,-1.6588197926381554e-07
5269,0.8101902671451741,0.9106392628408472,0.015915891717675785,0.05122536533173971,0.015922589683999334,2.671451740932085e-07
5270,0.8014371491969383,0.9091270418251156,0.013995593387675798,0.04166955658994109,0.013996568547221918,1.4919693835935277e-07
5271,0.8599482573420195,0.9296543336569476,0.017193175693652373,0.04246361429548639,0.017200626649063775,2.573420194718068e-07
5272,0.9039028434817779,0.9615007117738019,0.013546736448730454,0.03332310559458012,0.013552135375525626,-1.5651822216078415e-07
5273,0.9128718261180866,0.9581949627364893,0.010348706478906249,0.03313413741331486,0.010350465291036247,-1.7388191342337933e-07
5274,0.8318670529587592,0.9250626530640634,0.012309527786523423,0.038510354447732945,0.012311072195757094,5.295875915578563e-08
5275,0.880020320957167,0.9385041149001208,0.011253992244726552,0.0277188412536589,0.011257314400910988,3.2095716695490495e-07
5276,0.8302360181770776,0.9424825756535025,0.00954521800839844,0.03448734199230199,0.00954762522441292,1.8177077620862292e-08
5277,0.9313184836646865,0.9655893748944256,0.006783965407910165,0.018128271600659152,0.006785081524645118,4.836646865236105e-07
5278,0.7251631525192734,0.8918242480904481,0.010623154681113288,0.030013451180457725,0.010624107742621161,1.525192734330716e-07
5279,0.9240205165499455,0.9716829350344528,0.007787224620585942,0.023894153734890157,0.00778787335487549,-4.834500544337317e-07
5280,0.932631886284356,0.9667029882227163,0.006325196369531244,0.01826481152359315,0.006325966607838674,-1.1371564401230216e-07
5281,0.703298679580288,0.8473904043548378,0.018222875522265612,0.05150619121525275,0.018228088228707272,-3.204197119854868e-07
5282,0.9271297453538818,0.9633766318885333,0.00829130007919922,0.02493050402325257,0.008292260714384651,-2.546461181918147e-07
5283,0.8242017731239679,0.9102825789822698,0.014024903049316405,0.03886893106830633,0.014030860489541391,-2.2687603207227625e-07
5284,0.8424521106347902,0.9195372702335062,0.014600121627636702,0.039638724854366904,0.01460551572063658,1.1063479021800049e-07
5285,0.6720121005584073,0.9105737208505431,0.01633584945136718,0.04934619795530124,0.01634005753416205,1.005584072677479e-07
5286,0.9393304276183356,0.9731959928351537,0.010846112320117163,0.028305648141616867,0.01084831628683546,4.2761833562998675e-07
5287,0.9315727686350174,0.9696549378978511,0.0075943121567382905,0.020081980163884492,0.007595474560569565,-2.3136498261688843e-07
5288,0.8269492353710679,0.9345203932372446,0.012350424647705084,0.04244659487551253,0.01235155673951929,2.3537106785820328e-07
5289,0.9690106272006767,0.9844386781501021,0.005942987116210935,0.01336243327568925,0.005944001128328221,-3.727993233004767e-07
5290,0.6191746387237649,0.7947659371651505,0.014385484736113298,0.06319165017678462,0.01438674452564056,-3.6127623515014307e-07
5291,0.8063574186270985,0.8993982125478185,0.009103247901367175,0.03798023607832419,0.009104563159307556,4.186270985417906e-07
5292,0.8025270882004051,0.9213166500004119,0.011572296190722657,0.03713637652468195,0.01157539034349319,8.820040509061045e-08
5293,0.8182048927668376,0.9188652077285882,0.01494010507890626,0.044749761606378384,0.014941747895698071,-1.0723316234972913e-07
5294,0.833194141711237,0.9533666589328971,0.010505852556318349,0.033858629973325866,0.010506703950682534,1.4171123696726795e-07
5295,0.9125358617113927,0.9579764341461361,0.013581203062695318,0.033885181435783444,0.013588655888750868,-1.3828860734310666e-07
5296,0.8974005399492686,0.9479131820776125,0.007909755091503903,0.023510515162959152,0.007911030389949017,-4.6005073139898656e-07
5297,0.8190827406276527,0.9054085836172333,0.012100328848632812,0.03677024852622421,0.012103709274230075,-2.593723472665843e-07
5298,0.8090027831477166,0.9003259263589012,0.013688376168261712,0.04133765889008335,0.013692050151971374,-2.168522834633535e-07
5299,0.94888829093687,0.9755544964948284,0.006143682317578126,0.01590723355904617,0.006143966734270508,2.909368700398929e-07
5300,0.840802207237573,0.9175920031986791,0.017596969590429678,0.04934389777204589,0.01760267435842993,2.0723757299112577e-07
5301,0.9187914917385192,0.9683641297757749,0.012647815263281263,0.034175015606446424,0.012649625432270396,4.917385191260948e-07
5302,0.906183454058293,0.9606289873523468,0.008236775946689461,0.025517555542660265,0.008237358657852785,4.5405829307565426e-07
5303,0.8497483973524511,0.9267185135597721,0.009837633902148424,0.03798899975457822,0.009840955238318693,3.9735245116467866e-07
5304,0.9648513215856981,0.9830570015751833,0.005730823016425778,0.016362078564883264,0.005731263170215859,3.215856980709475e-07
5305,0.8272077165270867,0.9524357835435396,0.013760203091308603,0.03861693682676875,0.013764542423871715,-2.8347291336494607e-07
5306,0.8681262682547388,0.9451055562836814,0.013151712221777342,0.035400542858317306,0.013154468130206706,2.6825473886660234e-07
5307,0.9313366253178824,0.966604729279876,0.009004516793261719,0.022885067091356345,0.009006924109896267,-3.746821175543147e-07
5308,0.8766366165953688,0.9447721465813724,0.013808510675683588,0.0377770884979499,0.013813534963628981,-3.8340463115460466e-07
5309,0.8380455947991867,0.9280676162920103,0.011111512109375016,0.03227983224906872,0.011115061159518312,-4.052008132360285e-07
5310,0.8271983299337685,0.924275727235289,0.01080734994589844,0.03455341439073155,0.010808653230606815,3.29933768528079e-07
5311,0.8870753143860322,0.950860381103842,0.01314722675917969,0.03845802891350852,0.01314994201312132,3.1438603220745875e-07
5312,0.9030196364219584,0.9686328718219512,0.0072891300962500075,0.02125171796402122,0.007289595286511453,-3.63578041673307e-07
5313,0.9354032281924227,0.9732038206409149,0.0068297781512109326,0.017237556185189185,0.006830178796658408,2.2819242273541818e-07
5314,0.4977236891935458,0.8973194375298809,0.016203489820117187,0.05055934835708047,0.016205506866078634,-3.1080645418457564e-07
5315,0.9386890403043837,0.97743653667391,0.009098816591113284,0.026785388942751127,0.009101557324867407,4.030438371938061e-08
5316,0.5880260494452096,0.7966768416430113,0.02578159550273434,0.06524470020140377,0.02579197444343253,4.94452095933795e-08
5317,0.6655150589437724,0.8630639339132776,0.013304648592089848,0.04442092012026767,0.013306091001627824,5.894377241855153e-08
5318,0.8947979211787717,0.9592377073655209,0.009812963927929678,0.03229423797326166,0.00981454033252771,-7.882122832203464e-08
5319,0.4616158228739181,0.8242637057972384,0.014199785454482427,0.04654846827797594,0.014201140698735668,-1.7712608191278179e-07
5320,0.9107716805856462,0.9548474333197678,0.00790564203857422,0.025774574165521483,0.007907896005612168,-3.194143538554073e-07
5321,0.7860904961640585,0.900416896485466,0.014533501733398428,0.04654032183902408,0.014535936409717062,4.961640585054994e-07
5322,0.9307431134848636,0.9712700200372145,0.008730252451464828,0.02348461013261844,0.008731187605313296,1.1348486361750787e-07
5323,0.9194754354656699,0.9622072652326693,0.010178277546123049,0.027289699186555987,0.010179166298802805,4.354656698568604e-07
5324,0.8803523222745007,0.9407146411804653,0.011731720654394512,0.035698775459907836,0.011735549720168768,3.22274500641484e-07
5325,0.9675645957853176,0.9858652618586629,0.005502771721269539,0.014926175863407347,0.005503138218828385,-4.042146823923787e-07
5326,0.8679466275497394,0.9357954623618557,0.011376520273046878,0.0358272456745302,0.011379935045604037,-3.724502606328173e-07
5327,0.9267539905803471,0.96289728555344,0.007882821325195319,0.023870869708823274,0.007884811761557038,-9.419652835518377e-09
5328,0.9350390426875144,0.9698867291612279,0.007897191505957043,0.026055975470709276,0.007898458699917638,4.268751441216523e-08
5329,0.8782578822053095,0.9390072001417705,0.010831663545800764,0.036073535563103824,0.0108327929738795,-1.1779469044626012e-07
5330,0.8865202180755967,0.9522713907760865,0.013972132672558613,0.03951938306654376,0.01397398541341465,2.1807559669184684e-07
5331,0.7559626782894945,0.9102009407887824,0.012163946527539065,0.04574793073202566,0.012165685497923549,-3.217105055686176e-07
5332,0.9208412165640221,0.9656262117232952,0.009636023451464826,0.030687965455797304,0.00963852784075607,2.1656402204861536e-07
5333,0.8876102684661702,0.946775549223163,0.009578670910351555,0.03311012774996962,0.009579652240347404,2.6846617018350116e-07
5334,0.8080991990304692,0.9164615399002793,0.01224064641840819,0.04181488823681699,0.012241720314753596,1.9903046921676548e-07
5335,0.8146823994273855,0.9030519821694356,0.014171014484472656,0.0473500398306574,0.014177369366948276,3.9942738550013956e-07
5336,0.8851673254936883,0.9413524806931729,0.013000896183398463,0.035284425271388115,0.013005232358059251,3.2549368822465397e-07
5337,0.42522962572459855,0.7369329866325176,0.014240061705810558,0.06290825180539987,0.014241005190490503,-3.7427540144907567e-07
5338,0.37084254861188737,0.7109093264383647,0.014997817389746093,0.06229800294217325,0.014999498263520499,-4.513881126100294e-07
5339,0.9276873716422371,0.9710451596773761,0.007110303254316403,0.02070165263560204,0.007110786923998805,3.716422370958483e-07
5340,0.8974224851346381,0.9478962321440204,0.014368477119531247,0.03564495842466687,0.01437145331817036,4.851346380174704e-07
5341,0.9321648120542508,0.9655507232792314,0.006007219606201166,0.017381795403423883,0.006007440419045374,-1.879457491860137e-07
5342,0.9282286740627939,0.9718230484367151,0.009952112382519543,0.02631490205119917,0.009953752161659904,-3.2593720611373556e-07
5343,0.9421411078341049,0.9712853749155885,0.00920690624824218,0.02344402991991279,0.00920903864350166,1.0783410486769895e-07
5344,0.8820876463130605,0.9564171676804318,0.01141237365244139,0.02743846124537043,0.011413783804885672,-3.536869395137643e-07
5345,0.9168695583406173,0.9602154784758207,0.012412269147070328,0.03193411833697704,0.01241520922628827,-4.4165938262175075e-07
5346,0.8890800017080842,0.9496135642356397,0.008462755681542982,0.029225946954450552,0.008464976278454167,1.7080842296124388e-09
5347,0.873615189650099,0.9358791935642033,0.011622360906445313,0.03505135391816728,0.01162742426251841,1.896500989584382e-07
5348,0.8854067296047939,0.9463146729921393,0.0105294245883789,0.0259197296989882,0.010532789158322219,-2.703952061144932e-07
5349,0.6958196442610736,0.8434467260367009,0.01545086665136719,0.04755237189752846,0.015456188458169876,-3.557389264274846e-07
5350,0.6885576774399274,0.8864722489842405,0.01702047830908203,0.04537081554927063,0.01702663208466605,-3.225600726519673e-07
5351,0.9159245289140592,0.9593781353188824,0.011115058586933587,0.02870861360784055,0.011116132233896622,-4.710859408119106e-07
5352,0.9609942663005794,0.9804321931899032,0.008032642292578131,0.01815076496816808,0.008034187162325013,2.6630057936571916e-07
5353,0.6875878653391443,0.9207470375748164,0.015566591299609373,0.043827084586894306,0.015568909486878606,-1.346608556884732e-07
5354,0.8284772874277496,0.9152491582295205,0.013178074794140621,0.04159190050723705,0.013179632467224693,2.874277496012212e-07
5355,0.7496200721865376,0.8885295702880021,0.010022603909462885,0.04046119159765244,0.010023142873400316,7.218653763629845e-08
5356,0.9398483595984349,0.971515032882879,0.010522046816406257,0.026621672226687484,0.010525737418877357,3.5959843491806254e-07
5357,0.9270384703911496,0.9633512538116776,0.01110956104414062,0.029446957230006246,0.011113647400037209,4.7039114958735695e-07
5358,0.9144492730685092,0.9572443077125712,0.008617954584082025,0.0276930559354369,0.00862028744075039,2.7306850924890824e-07
5359,0.7972353670323897,0.8959547790023518,0.01710639880732423,0.04412433698307932,0.017113841375633328,3.67032389703148e-07
5360,0.8351941160510084,0.9342331072806038,0.010490509003037107,0.036413083814299745,0.010491272296392332,1.1605100835865301e-07
5361,0.9549609798640439,0.9805297179317966,0.006713312375634776,0.017953460443099915,0.0067137908084243325,-2.0135956013689338e-08
5362,0.8309951941209157,0.9137579735569317,0.010262300293945302,0.034011675038074826,0.010263817327201531,1.9412091567527767e-07
5363,0.8787259579436819,0.94305132450559,0.015382645061718752,0.04163019013777615,0.01538540710846741,-4.205631809472976e-08
5364,0.8652760204491802,0.9303363222275686,0.011079205888867178,0.03642525956693879,0.011080387418278556,2.0449180127002364e-08
5365,0.8408374699118728,0.9176431185215913,0.01339006698769532,0.038505082004473466,0.013394933499645583,4.699118728579421e-07
5366,0.8878897279455366,0.9438735728351025,0.012702300723632815,0.03377786594739416,0.012707129451885225,-2.7205446340161643e-07
5367,0.9017165338818349,0.9549073350562023,0.006541586384726563,0.022564349541928642,0.006542035343415987,-4.661181650655877e-07
5368,0.8349938328471604,0.9166140286185442,0.013834112632714828,0.036718168320792575,0.01383684382228374,-1.671528395696953e-07
5369,0.9113189007685094,0.9548964353497512,0.010245762063798819,0.029818870951775444,0.010246708019082323,-9.92314905801095e-08
5370,0.8789244803068899,0.9425102017412076,0.010075991441894512,0.030284195393679443,0.01007672744949351,4.803068898162621e-07
5371,0.9131729305121954,0.9591708697962299,0.011842442056738256,0.03502111402494701,0.011846812051903265,-6.948780462145976e-08
5372,0.7926438169271695,0.9104755578494552,0.015246716389160123,0.03974684225507366,0.015251818406100785,-1.8307283056184787e-07
5373,0.9541967664477026,0.9810555235337816,0.00628959334083984,0.016628911554707675,0.006290006180174771,-2.3355229739063788e-07
5374,0.900693469274695,0.94928696752346,0.009023643702050787,0.02824768527252625,0.009026616463828007,4.692746949919169e-07
5375,0.9312001446894316,0.9651587604428656,0.008370855244072287,0.02614322444942042,0.008371679764366086,1.44689431547107e-07
5376,0.940288596654761,0.9707858381634242,0.008933270283300782,0.02287806132064035,0.008934728802726104,-4.033452389862191e-07
5377,0.5047405977448229,0.7481389229389417,0.01752750780976565,0.05234921689550104,0.017529290805085748,-4.022551770566096e-07
5378,0.9315724814094067,0.9729767040737699,0.0089040158286133,0.0232492122934203,0.008905475626645686,4.814094067828734e-07
5379,0.8740224858350147,0.9363951540241696,0.010304230934960953,0.03890892851592518,0.010305221991972853,4.858350147740609e-07
5380,0.9335276183413509,0.9687866849397063,0.008123737540068359,0.028012379681262224,0.008124535931714739,-3.8165864912897973e-07
5381,0.9002679281751788,0.9524028998736017,0.006214428909052732,0.019630059872825983,0.006214808705707839,-7.182482120171585e-08
5382,0.962965310867927,0.9823382763226814,0.006615113646708985,0.01889740843909304,0.0066157123612019175,3.108679270669157e-07
5383,0.9016211913929802,0.9607986726050477,0.0105136849145508,0.027897940049840052,0.01051487805458746,1.9139298024217766e-07
5384,0.9400383616318632,0.9716793727893347,0.007171534791406254,0.02178751413249695,0.0071724172203520495,3.616318631216586e-07
5385,0.7998711542852986,0.8966399125063073,0.01754197715429686,0.05208513706358909,0.017550009252991668,1.5428529864802698e-07
5386,0.8083200026270865,0.928146196159855,0.008416445054355471,0.026361967411175472,0.00841675713819922,2.627086437279047e-09
5387,0.8635786229638622,0.9298377598245375,0.008254222746875,0.03136583180070288,0.00825517809882395,-3.770361377553044e-07
5388,0.8972624573774242,0.9476715191722102,0.0084608888896582,0.030606259260976532,0.008461677659156815,4.573774241567463e-07
5389,0.7770614080954147,0.9557586842172797,0.011868116182988275,0.040114713095213084,0.011869175114591015,4.0809541468345145e-07
5390,0.744884318206416,0.8648704581745871,0.018193610259277362,0.05594232381933988,0.018198678551216783,3.182064159945597e-07
5391,0.8466980449948678,0.9225227770368432,0.011827813067773432,0.03679798750016873,0.011829425382964854,4.499486783160478e-08
5392,0.5998353847742603,0.8114162590659648,0.02230833613417969,0.059706911350027606,0.02231368088776674,3.8477426034244644e-07
5393,0.9467959830823934,0.9749231006762035,0.008990163329003917,0.026415553783030836,0.008991296930141756,-1.691760653788066e-08
5394,0.9026596897010164,0.959981161572352,0.007498155318515635,0.02363938983193642,0.00749865794883379,-3.102989836190062e-07
5395,0.8544063926169515,0.9262711330320869,0.015193646665722666,0.04950330585542674,0.015198175299452629,3.926169515056088e-07
5396,0.579108368814478,0.7741578096055352,0.025945172352929723,0.07280055767228619,0.025956443167468833,3.688144780689129e-07
5397,0.8924083006005253,0.9488160552004393,0.00934561559873048,0.024059191319845515,0.009347029997852675,3.00600525360295e-07
5398,0.5118476629872498,0.7966667199593105,0.010793238574218746,0.048199032940568196,0.010795032205522801,-3.370127501511888e-07
5399,0.9277558852904473,0.9634227449219315,0.00927421781289063,0.023313671428959768,0.00927635337322062,-1.1470955274539563e-07
5400,0.9099037637863855,0.9685071808105427,0.013269084236718751,0.03109432888593236,0.013271772487323147,-2.3621361455727907e-07
5401,0.9237656135392853,0.9666659289944435,0.01034190541748046,0.02692467436679721,0.010344804619319695,-3.864607146519816e-07
5402,0.9345780516937898,0.9670027779533786,0.009557929006738283,0.027829056577276395,0.009558950656869644,5.169378980429684e-08
5403,0.8599407400986667,0.9474122589857273,0.010252042515429672,0.029218549528939958,0.01025391690580526,-2.59901333232726e-07
5404,0.9633929486699008,0.9815462268297456,0.007591293670429688,0.021942710465824272,0.007592048927305135,-5.133009928215415e-08
5405,0.8919319437978623,0.9546536486553205,0.011284801460351572,0.03945828445921884,0.011286229210105699,-5.620213761048376e-08
5406,0.9505642488586864,0.9750941721262141,0.006700558358886717,0.018505984077233074,0.006702349022123783,2.4885868643576003e-07
5407,0.7575817692403046,0.9053103969895742,0.02632935597753909,0.07123327323962023,0.02633583494320172,-2.3075969535213403e-07
5408,0.8891465528711909,0.9440874419919493,0.015397325799902334,0.041093772042221144,0.01540527746186238,-4.4712880908903685e-07
5409,0.8714326706659636,0.9390296083761434,0.01372076022714845,0.03690199557454808,0.013725255997886735,-3.293340363752506e-07
5410,0.9035530739790864,0.9522671468780436,0.015603765001660138,0.04163594281451234,0.015607005512307266,7.397908630135674e-08
5411,0.8583159651561427,0.9309978368818409,0.01590464677998048,0.04020638154772269,0.015910497545651894,-3.484385724394912e-08
5412,0.7160818970085212,0.84814715340193,0.01828912939150391,0.05226854279197948,0.01829673834080825,-1.0299147878978232e-07
5413,0.9294100392276606,0.9654281666772957,0.008151920843847662,0.024143588049205515,0.008153344902991745,3.9227660675322795e-08
5414,0.9516946152279382,0.9758590548161129,0.005818791910683596,0.01519766900749783,0.005819232854091496,-3.847720617677908e-07
5415,0.6709979749223349,0.8493969671467461,0.013123253378837888,0.04231041513129682,0.013123982235202577,-2.507766505566167e-08
5416,0.7595185188911422,0.8827089527752977,0.018639987496386717,0.05504660230960553,0.018650241979449544,-4.811088578637879e-07
5417,0.7695370621531669,0.9372025180221287,0.015512053564941413,0.03839711581873511,0.015513940601555087,6.215316683544359e-08
5418,0.8381401831544067,0.9196283275406422,0.01357573328457031,0.03546298558029583,0.013577534928412564,1.8315440675209516e-07
5419,0.8963841651649226,0.9485133222531316,0.015950986661718757,0.03820026649643572,0.01595401600389597,1.6516492262752536e-07
5420,0.9034251150559415,0.9548254355042272,0.011433334274511719,0.03291577113817255,0.01143488718936647,1.1505594144090026e-07
5421,0.9357636669959745,0.9782395180996225,0.00773911866523438,0.021414233640481607,0.007741531722348524,-3.330040255766775e-07
5422,0.9502041048072358,0.9749708444029388,0.006734614531347659,0.02145246842414075,0.006735705603169089,1.0480723577899198e-07
5423,0.9248282604312976,0.9641688000237811,0.0096173459040039,0.024667568986289617,0.009620298537170033,2.604312976384193e-07
5424,0.9041143317958291,0.9670917934891995,0.007715770053955083,0.026511156136706723,0.007716338405567311,3.317958291448875e-07
5425,0.9022042573605094,0.9534860713817033,0.00843215059804688,0.022871866587285093,0.008434523724677173,2.573605093481035e-07
5426,0.8441116654120422,0.9213960916985637,0.016359691869531245,0.041787899310717094,0.01636615723975464,-3.345879577842936e-07
5427,0.7834605347797208,0.9092996111176075,0.017454756843066414,0.04635988679386767,0.01746680786453758,-4.6522027918882713e-07
5428,0.5773284358247655,0.8708874877236228,0.01152134564636719,0.03688610850457703,0.011522340813659753,4.358247654989711e-07
5429,0.8773184353526643,0.937235398011994,0.013031340706738283,0.036346735831057055,0.013036374032501307,4.353526642519867e-07
5430,0.7416480583934022,0.9324183498518324,0.014203579242382821,0.04549417074320948,0.014206411827583016,5.839340222468792e-08
5431,0.8319041277972961,0.935780635832431,0.011261509567470704,0.03834780310224105,0.011262394440061737,1.277972960789242e-07
5432,0.9411070552127879,0.9723989100844652,0.007970833675097657,0.020502745348466467,0.007972006360422078,5.521278789721862e-08
5433,0.8813027610136097,0.9590016525141597,0.010892987869638677,0.036449016398555516,0.010894026543931647,-2.3898639023300916e-07
5434,0.7687522035124913,0.9235380014143861,0.012683932175683572,0.03969534974466715,0.01268632723120745,2.0351249130357019e-07
5435,0.719117302433594,0.8614948635106999,0.024666394333886687,0.06225355119289794,0.024681002031749198,3.0243359394610536e-07
5436,0.90091177889998,0.9534010658929887,0.008966765912011718,0.029012860386222805,0.0089694995858663,-2.2110002007025287e-07
5437,0.8686928083404476,0.9521487340392452,0.011006331373828143,0.030913768513111336,0.011009247572683456,-1.9165955245092903e-07
5438,0.8512494437048326,0.9352365468253748,0.012560038580371096,0.03330496942380795,0.012563875121713499,4.437048325423021e-07
5439,0.8990602288447669,0.949889874428657,0.014920844146777346,0.036358915955304806,0.014923516233698373,2.288447669140936e-07
5440,0.8859274633949749,0.9453898902842355,0.01223349693828125,0.03609016525506879,0.012237550484923794,4.633949748367172e-07
5441,0.8933625843841071,0.9455232825073793,0.012186030227246087,0.03411943595930841,0.012189648031892346,-4.1561589292360424e-07
5442,0.7740020901585758,0.8845722209572424,0.012373894773046868,0.03782336158769399,0.012379922435957695,9.01585758272816e-08
5443,0.846124506189359,0.9217273561281898,0.009615891166796864,0.031787506029710574,0.009617475632442843,-4.938106410445897e-07
5444,0.7048772915917653,0.8527718552036242,0.022703835175097685,0.05971423473637758,0.02270670766898598,2.915917652890343e-07
5445,0.9278412137227182,0.9635185667502805,0.007597367795996093,0.02116165608654126,0.00759859849236287,2.137227181897572e-07
5446,0.8802464191505731,0.9419031427875512,0.009747202282031247,0.02856747340505763,0.009750019669164892,4.1915057313879345e-07
5447,0.9341132524468008,0.9747944191684139,0.006528792381123049,0.0196000465454808,0.006529365736611827,2.5244680079694604e-07
5448,0.9432892632971072,0.9736230562943473,0.008526284709570321,0.02337278564031616,0.008527072170018657,2.6329710711703314e-07
5449,0.9245014333602439,0.9633178877177258,0.010014409933984359,0.02942839557253719,0.01001622984288189,4.33360243912162e-07
5450,0.9230124076945609,0.9616352711661187,0.00955476261304687,0.028332331543091428,0.009555717510068663,4.0769456088884937e-07
5451,0.81915237957113,0.9366098829224074,0.011185339665332042,0.0382382660715444,0.011188616362401073,3.795711299714455e-07
5452,0.8370748477855945,0.932638861344873,0.01036032784402344,0.03482571310828805,0.010361096718838197,-1.522144055243757e-07
5453,0.8557115001130376,0.9367108362125481,0.012930497765009765,0.039847536298109845,0.012931678153978863,5.001130376491858e-07
5454,0.7086457441053238,0.8917016661314698,0.012023874923730473,0.03778273265515874,0.012026007388589225,-2.558946762265535e-07
5455,0.8768510825322882,0.9417350899214503,0.00989160690234376,0.03173918257584824,0.009895026194942097,8.253228811483382e-08
5456,0.8767043889717407,0.9418173713337364,0.011450271810058584,0.033213818941527105,0.011453732833760012,3.889717407057347e-07
5457,0.7893141359929989,0.892068278927735,0.014223689710058602,0.04592907894805193,0.01422513145415923,1.3599299897304462e-07
5458,0.9328379880619502,0.9672099128218484,0.008283263386816392,0.024089361012275743,0.008285105918149615,-1.1938049770954251e-08
5459,0.9268995950354301,0.9746293183727364,0.010931576524316413,0.02977119414801535,0.010933765582270652,-4.0496456987781926e-07
5460,0.9164198784660953,0.9578796340941284,0.010307211348339835,0.031003799217919067,0.010310024881959947,-1.2153390471780767e-07
5461,0.8879518170154278,0.9455267094762803,0.00885401970099608,0.03429095402657024,0.008854861740348241,-1.8298457216125996e-07
5462,0.7964859395353816,0.9003174604667362,0.014073060895019526,0.048759056182986704,0.014074514236396832,-6.046461842323936e-08
5463,0.7537095616344988,0.892065061517379,0.01226622305185547,0.04352071917010431,0.012268521043995178,-4.3836550123188545e-07
5464,0.9373518042227423,0.9720729433973251,0.00870231853466798,0.024916148525735923,0.008704335048819203,-1.9577725762776055e-07
5465,0.5221746162409052,0.7297039582659152,0.021750171420605417,0.0741825153908848,0.02175273787170246,-3.83759094724212e-07
5466,0.8053200253754205,0.9186603260813442,0.015029339979785145,0.04499334656693581,0.015033343960615614,2.5375420431572593e-08
5467,0.37906969481819164,0.6490714929316502,0.022584026747753897,0.07723314185775076,0.02258657071838705,-3.0518180837990627e-07
5468,0.9491302795734597,0.9748386642971583,0.007891950269414057,0.02324806111839245,0.007892729719331363,2.7957345971607594e-07
5469,0.4963095450572834,0.7568041818515574,0.016844572215722647,0.0602128757913413,0.01684645512211125,-4.5494271655455165e-07
5470,0.9013824576018684,0.9501755617675988,0.010494707328818364,0.033072240326575957,0.010495622428913456,4.5760186839771677e-07
5471,0.8447077734424098,0.9607630051363958,0.007995396853515628,0.026673554652205247,0.007996587890105402,-2.265575902438144e-07
5472,0.7078041358066602,0.8539514174986979,0.017537133412402362,0.05172420605340169,0.017542123179876048,1.3580666025081456e-07
5473,0.914916325361975,0.9597855756180397,0.012770327468554674,0.03220788917765024,0.012771950010698058,3.253619750287484e-07
5474,0.8571238110825732,0.9384194246239513,0.01174388601835938,0.035855650038127934,0.011747590920719798,-1.8891742681326207e-07
5475,0.873835596201677,0.9360107831959852,0.011706884114384758,0.03867608186684257,0.011708013053806544,-4.0379832300097007e-07
5476,0.8729414509086141,0.9602559864010038,0.007067799594042971,0.02369992457333774,0.007069053765768742,4.509086141135654e-07
5477,0.9423667723323987,0.9715564220637529,0.006933037490039063,0.01886447459610832,0.006934770240163828,-2.2766760121584184e-07
5478,0.8044010141977378,0.938859287882184,0.013546115273496086,0.039264737463314325,0.013547293480255334,1.4197737763232965e-08
5479,0.8985851510808078,0.9482659349213394,0.010997588820996097,0.03031351755549846,0.011001606489969043,1.510808078641901e-07
5480,0.9519668022156967,0.977107960111539,0.008529981235742206,0.0248703678107892,0.00853088624078068,-1.9778430326855556e-07
5481,0.9241609378239967,0.9757818330961247,0.010978108045117174,0.0330010170947195,0.010980736919185375,-6.217600334590401e-08
5482,0.6617346579651981,0.9105404180027971,0.011852713224218776,0.04216640615543027,0.011854000526001498,-3.4203480181460577e-07
5483,0.9333768875894193,0.969177932987517,0.009113712148867179,0.02507144132799852,0.009114551234544976,-1.1241058073263588e-07
5484,0.9165165423553479,0.9644452628126445,0.012053035119824232,0.034191809967824026,0.012057895191941349,-4.5764465217423833e-07
5485,0.4868310282775442,0.7150828004478101,0.026430367727636763,0.07408641677157361,0.026439962131539242,2.827754419509887e-08
5486,0.8186857611434939,0.9277240991928898,0.01034560282158202,0.02963284436404335,0.010348850952302428,-2.388565061295367e-07
5487,0.8667327270258938,0.9667237624989405,0.007740109493847653,0.027671355996944865,0.007741121496853833,-2.7297410620796825e-07
5488,0.6245374612922172,0.8830416765706824,0.013724161176562498,0.04172745406747005,0.013725669527446176,4.6129221720203617e-07
5489,0.9383577001101507,0.9687922477599521,0.008149861879980467,0.021014970910240894,0.008151791444883353,-2.9988984928674967e-07
5490,0.933009734773316,0.9670102593459926,0.008245079013964846,0.0248737011699933,0.0082457438249993,-2.6522668405970506e-07
5491,0.5947210801696066,0.9077029801786228,0.014063985513613268,0.04773811895461045,0.014064985053731348,8.016960650891747e-08
5492,0.8802851801449375,0.9575650006009219,0.012922506290986352,0.0329846439206682,0.012923647196117993,1.8014493752271932e-07
5493,0.9271077030481343,0.9662899827394994,0.010136876584277324,0.027011948497545006,0.010137943205392318,-2.969518657636172e-07
5494,0.8639915486289786,0.9301139188165002,0.013758613308203146,0.0341710195607057,0.01376217515042631,-4.51371021337188e-07
5495,0.9470346398081668,0.9738323615954415,0.010332791729003905,0.026508788618959535,0.010334949022492476,-3.6019183313751313e-07
5496,0.5257513116010724,0.797855516179013,0.017177129361523446,0.050989791817022956,0.017179981951496646,3.116010723891449e-07
5497,0.8342093924625151,0.9140788899177221,0.013065558315722666,0.03652082884795457,0.013068882012092416,3.9246251515301367e-07
5498,0.8491767036012867,0.9256135432752067,0.010269996155078107,0.03094505761585879,0.010273288496454968,-2.963987132398316e-07
5499,0.8535909389311698,0.9413742317119209,0.007995409500478508,0.02954403151585162,0.007995769176961914,-6.10688302149498e-08
5500,0.8046630740651975,0.9005211454553388,0.011621723102929688,0.03598782648628641,0.011626498225503833,7.406519753061502e-08
5501,0.9554932030700959,0.9806364707398808,0.009566563724023433,0.02534263066960125,0.009567716758273122,2.030700958499665e-07
5502,0.8274156534343222,0.9226697817709367,0.0163555155746094,0.049366836284386886,0.016363157357271552,-3.465656778223192e-07
5503,0.9011479754684029,0.9530864527941018,0.013284148648925787,0.035444066887757475,0.013285871906227256,-2.453159708704078e-08
5504,0.8255922793853316,0.9229415755743534,0.012369293151855455,0.035407972962436335,0.012372908354828927,2.793853316473971e-07
5505,0.7332236419623717,0.8739708237427739,0.01576140389501956,0.049241755459154775,0.01576643272329147,-3.5803762832298247e-07
5506,0.9439815457906208,0.9816034746582059,0.007610527101953131,0.02020111255427094,0.007611588232707493,-4.542093792192503e-07
5507,0.5474190810366244,0.9200793080151267,0.013344400804697279,0.045979442262386525,0.013345257916564966,8.103662441083515e-08
5508,0.8405134092027883,0.9188372816758997,0.013084629293750014,0.03702439852835471,0.013088434685457263,4.092027883206839e-07
5509,0.8688581398381386,0.934256752493955,0.012581000991699223,0.04321374141466161,0.012583949080010808,1.3983813862417094e-07
5510,0.8651632688640843,0.9703212036725559,0.012536528804882796,0.03346080098307146,0.012538223715695572,2.6886408432957865e-07
5511,0.8470476378391091,0.9234266254216678,0.009804907688574222,0.03442531032133565,0.009807652215874346,-3.6216089094320836e-07
5512,0.7198493919089712,0.8899770353107126,0.017562569897363278,0.06151248720511532,0.017567461124753922,3.9190897127561186e-07
5513,0.88661187078533,0.9497404243175099,0.008526704923535145,0.025966691440443748,0.008527912457177675,-1.2921466996385078e-07
5514,0.9411860908908132,0.9710674743371748,0.005066346648544925,0.013806149913186736,0.005066528218324668,9.089081320912129e-08
5515,0.9487722178256164,0.9801246067376065,0.005154115665556647,0.013911418403394035,0.005154299903068731,2.1782561643313159e-07
5516,0.7795122289705787,0.8895164522311961,0.017378198312792976,0.05154513202594757,0.017384148265269107,2.2897057871951176e-07
5517,0.9091599281225473,0.9543456920482133,0.009607095967480458,0.03262292551736446,0.009608208528848998,-7.187745265646583e-08
5518,0.6749637617728477,0.8563074900494259,0.013285548982031247,0.044670971551494444,0.013287391143281873,-2.3822715233823288e-07
5519,0.7843255363546324,0.9195856404467254,0.012797923200136712,0.037587990810374165,0.012798920739827866,-4.636453675432861e-07
5520,0.8984666578314084,0.9529211690368891,0.01177877980800783,0.03879409182716497,0.011780886614591422,-3.421685915716566e-07
5521,0.5335829074635048,0.7569774763976832,0.018481045548828116,0.0576543223818295,0.018486340142016926,-9.253649524421093e-08
5522,0.9429049310414531,0.9712446438721881,0.0071987165556640625,0.017458479044476897,0.0071999494591695615,-6.895854687272163e-08
5523,0.9168658262134699,0.9600894221570415,0.008376560289062496,0.025308632976944873,0.008379662031857148,-1.737865300555086e-07
5524,0.929382326987648,0.9679835786458751,0.011492611201660147,0.02953949599666424,0.01149710488419429,3.2698764795835444e-07
5525,0.8555386201767714,0.9267675331873585,0.012855009187001954,0.03376091377556735,0.012856121792807535,-3.7982322864671403e-07
5526,0.9216192239090542,0.9603871223491428,0.011891793496191414,0.030562602028043246,0.01189381214491256,2.2390905418667728e-07
5527,0.5641280669877033,0.7671311863895214,0.01398305963724609,0.050925653132633676,0.013984065947132843,6.698770338431359e-08
5528,0.9349932357666426,0.9694218487341582,0.007336759867773435,0.024501601786863135,0.0073377659884920525,2.3576664265334557e-07
5529,0.7334141302122177,0.905177404567179,0.010480587756992177,0.046921784620149135,0.010481321850537089,1.3021221767495206e-07
5530,0.7598645719833593,0.8800981247311108,0.017543374748535154,0.050690433482581246,0.017547501329497058,-4.280166406855912e-07
5531,0.9323072018076876,0.9658116045429462,0.007807515040351558,0.021924029723193766,0.00780827395655925,2.018076875609509e-07
5532,0.9552132166268764,0.9775470068224068,0.010396964608593743,0.023735909195912428,0.010402632111325633,2.166268764369761e-07
5533,0.8512950945060607,0.9445277110169552,0.0085427260100586,0.03206148530910226,0.008543594904767087,9.450606064387301e-08
5534,0.8273069863112588,0.9112035668853118,0.008210246395039061,0.030206604323009985,0.008210608488538725,-1.3688741251627334e-08
5535,0.8356239473482819,0.9645524336468021,0.01257396182919922,0.031230248627265155,0.012577331385576467,-5.2651718096541344e-08
5536,0.9224829025925623,0.9632450283151879,0.007233378193066407,0.023624104221646985,0.007234464955115411,-9.740743778241523e-08
5537,0.864006607589592,0.947186299477171,0.013138770012695316,0.037456004919520856,0.013141506732786568,-3.924104079455759e-07
5538,0.8454000242999641,0.921864390544764,0.010938196845644543,0.03295639739863834,0.010938816982056046,2.4299964040963573e-08
5539,0.920933577338,0.960431683417723,0.007261150216308581,0.02241759036236176,0.007262530041821299,-4.226620000657988e-07
5540,0.7568733731333301,0.8914542555597043,0.011870568419111329,0.045330271083687874,0.01187152957043591,3.731333301226769e-07
5541,0.9119496615055771,0.955232575186363,0.010948647013515594,0.029861424565482717,0.01094951520123287,-3.3849442293565346e-07
5542,0.9317040997862454,0.9689993108413416,0.005624092978173816,0.01728734906254512,0.005624368189814323,9.978624537776426e-08
5543,0.8742070602319926,0.9537939531229559,0.007915982705664062,0.023622000186306915,0.007918024866419633,6.023199261573353e-08
5544,0.9204699913516587,0.959580002075754,0.008559397980205085,0.029441318065095957,0.008560237009181865,-8.648341265349302e-09
5545,0.9249950171754425,0.969291140992574,0.009829203405371108,0.034237385272396746,0.009831007400144538,1.7175442512673555e-08
5546,0.715686601796269,0.8495404204322438,0.013983371654101573,0.05634854280091194,0.013986169907674893,-3.9820373098908846e-07
5547,0.9297068285572262,0.964639353668256,0.006401161954169923,0.02281796490263265,0.00640162134661682,-1.714427737553592e-07
5548,0.866699943567668,0.93196934424365,0.016719259213574186,0.045811675196899306,0.01672748606722557,-5.643233202956566e-08
5549,0.8359505355606964,0.9188635695668876,0.016536264563964825,0.04029590232984197,0.016539313468973704,5.355606964574378e-07
5550,0.9394009360414184,0.9795143250223043,0.007023579940820311,0.017218670719423974,0.007023919256174893,-6.395858165308965e-08
5551,0.930110820348151,0.9647207850259609,0.011001046682519552,0.029612855422675423,0.011003257054207674,-1.7965184906376663e-07
5552,0.9267345236574881,0.9631721476894457,0.010120242703125008,0.026545340408327893,0.010124257351837087,-4.7634251187922416e-07
5553,0.7302566202093974,0.8737826574702457,0.02047523242802732,0.05522970412473662,0.020482638431873534,-3.7979060263371167e-07
5554,0.8663660398153523,0.9408137665467777,0.011049714470312512,0.0320341825342929,0.011052392706007337,3.9815352348426813e-08
5555,0.9302441984874514,0.9654691925632506,0.008018974085058594,0.026268576792635296,0.00802137576999071,1.9848745147488245e-07
5556,0.676112098659523,0.8477803545849096,0.012640961320761727,0.03938523917994205,0.01264173106034308,9.865952299570324e-08
5557,0.9577656399020695,0.9792293402822619,0.00637330382688477,0.020197979853301212,0.006373823610606759,-3.6009793047409033e-07
5558,0.8912122799813794,0.9492434527875484,0.01148283514453125,0.03234482155684256,0.01148706631236217,2.7998137941409595e-07
5559,0.7094664781228021,0.8971902614272164,0.013700489793564453,0.04821901507254105,0.01370168154732817,4.781228020167561e-07
5560,0.8897853778390501,0.9472599703001705,0.013580928328222646,0.03248299794570361,0.013584074414799596,3.778390500475126e-07
5561,0.7225622135002618,0.8571811618707502,0.021187236282812466,0.05916959865046352,0.02119827840880026,2.1350026180311232e-07
5562,0.7937431909419542,0.8972437353684333,0.017789475919043004,0.050821420081210836,0.01779183610751613,1.9094195424784743e-07
5563,0.7594267166950104,0.9247198984456352,0.014270056281249997,0.04177633218207982,0.014273094100942208,-2.8330498957895855e-07
5564,0.8715239101852643,0.935304712912609,0.012537267620996082,0.033731160141238024,0.012539400076388834,-8.981473564872999e-08
5565,0.8177928653961596,0.9550100016638369,0.009473692126181632,0.02879117518353634,0.00947428682413381,-1.3460384040708817e-07
5566,0.7635278786460038,0.8769247953371232,0.010947402211425776,0.03599275664610588,0.010949160365187003,-1.2135399618529163e-07
5567,0.934498564604513,0.9667006980378927,0.009450596821484377,0.025569699840253424,0.009451927272876921,-4.3539548699733643e-07
5568,0.8400218791202068,0.9299675876268101,0.011895055768652343,0.03334201917010313,0.011896264814596486,-1.2087979328612164e-07
5569,0.6668951376469444,0.8315267322522158,0.020869775830566373,0.06096531663345882,0.020873438789273554,1.3764694439810654e-07
5570,0.8352335515203918,0.9556257641994851,0.010348464462304688,0.03187199912700252,0.01034976756841997,-4.4847960822824717e-07
5571,0.4837568614542195,0.7235788981050727,0.014728782489941403,0.05255913423551476,0.014736557199841583,-1.3854578051475386e-07
5572,0.8063631337419374,0.9341735537212269,0.013466448548242195,0.0395988767754608,0.013470816874167721,1.3374193730264494e-07
5573,0.8912469127006164,0.9515731248938332,0.00893504335365233,0.030496199628788193,0.00893585522542548,-8.729938361096146e-08
5574,0.7017976804915627,0.8417048417338158,0.014396759985742181,0.04892894984900672,0.014401605207071948,-3.195084373741608e-07
5575,0.8762722513600312,0.9381093992259761,0.01301249730126956,0.03830787711004549,0.013013914171654126,2.513600311226938e-07
5576,0.5080976972727124,0.7714234331880763,0.009385518460654281,0.04137605249908198,0.009385993745508187,-3.02727287682103e-07
5577,0.9277954303454778,0.9693361616043663,0.01062167669501952,0.028504393279948755,0.010626363828959562,4.3034547780873567e-07
5578,0.89769832644117,0.9504900792033562,0.012700903720117172,0.03820293900495185,0.012703586180156724,3.2644116998437056e-07
5579,0.8093793904376869,0.9176114547401814,0.013816037979980447,0.04974196310335711,0.013819074200556922,3.9043768695901093e-07
5580,0.9329855708026984,0.9659599209562747,0.010490362564355458,0.029073001379357137,0.010493138125307258,-4.291973015879691e-07
5581,0.7175564701896425,0.8550721175944438,0.012053916335449217,0.044454094194679945,0.012056177559560607,4.7018964255407525e-07
5582,0.944055196532158,0.9720532707018247,0.005162893934960936,0.01602875998385926,0.005163519139538222,1.9653215799220192e-07
5583,0.9594705090440063,0.9810282763185753,0.006377933363183594,0.017585918541844776,0.006378483263260495,-4.909559936372432e-07
5584,0.9084126272149798,0.9533331954435451,0.01059817226367188,0.029773122959412243,0.010599702858644727,-3.7278502018622817e-07
5585,0.9081731536406298,0.9636227406999887,0.006485044702949218,0.024846453080125508,0.006485430032180407,1.536406297741877e-07
5586,0.8234982469291918,0.908573770406206,0.013643687681103512,0.04067559818801089,0.01364503776262066,2.4692919187163653e-07
5587,0.8859426682778192,0.941683364795883,0.013117408516562509,0.03505809403435044,0.01311869412287391,-3.3172218083521443e-07
5588,0.8289523121045695,0.9601115678818288,0.009936730478369142,0.03229065994777673,0.009937458841135541,3.1210456952202037e-07
5589,0.8290852810754277,0.9155665531614623,0.0132542671915039,0.037374247902769164,0.013260362254690565,2.8107542771049765e-07
5590,0.8797209273207501,0.9662240486594499,0.010061318109765623,0.027850217607896834,0.010062908504152743,-7.267924984066809e-08
5591,0.9488176256536822,0.977058172261848,0.008302908844433599,0.021277077436762794,0.008305902132088682,-3.74346317832952e-07
5592,0.8878189979265257,0.9532624950319051,0.014637949791494123,0.037079670609513456,0.014639196962215377,-2.073474281161225e-09
5593,0.9261340151020111,0.9683868588487616,0.00838670614365234,0.025925242085000955,0.00838813004466487,1.510201108612108e-08
5594,0.9100065399803201,0.9657953562478766,0.009832481980566408,0.03309771042961293,0.009833496924301105,-4.600196799042777e-07
5595,-0.35072556411423195,0.7098094603130076,0.02191959458616213,0.06604808974634524,0.021920511456490845,4.3588576803532675e-07
5596,0.9011689924098732,0.9504909103012125,0.005717091548632816,0.01891587470467009,0.005717305451325127,-7.590126749335013e-09
5597,0.8833940141671316,0.9404030340109238,0.009235100802539071,0.025510975593413403,0.009239116073417262,1.4167131578979308e-08
5598,0.9226758421180157,0.9609717607085566,0.010995842204394536,0.02692261351596902,0.010999481825135552,-1.578819843750523e-07
5599,0.834790994574293,0.9251456599724925,0.014506494638378902,0.03564981746141913,0.014510714754725302,-5.425706994799384e-09
5600,0.7807109585143243,0.8893707756254333,0.010235755546484364,0.03422668008352287,0.010238293733145871,-4.1485675783548004e-08
5601,0.5899340147251771,0.7789339981297955,0.01174452848378904,0.053384673710396534,0.0117460712409764,1.4725177188701366e-08
5602,0.7845742026227401,0.8890695532579349,0.013666825393847656,0.03784803463323976,0.013670987138993188,2.0262274014193338e-07
5603,0.8273778886971399,0.9211474799132296,0.010488271236621093,0.03592793763652494,0.010490319302570779,-1.1130286003968592e-07
5604,0.9188853823710973,0.9601114042138612,0.008406215432851576,0.025688413351672,0.008406837005039866,3.82371097340517e-07
5605,0.6654667611082998,0.8382422427174477,0.01664821293779296,0.06060095783732823,0.016650405403234998,-2.388917001994173e-07
5606,0.9276588069194625,0.9634487857499372,0.01016195130947266,0.02815965079686741,0.010163906070510985,-1.930805375582878e-07
5607,0.9127365558216463,0.9664183292351803,0.008068327787109367,0.021149509691118267,0.008069158702271406,-4.4417835376453496e-07
5608,0.6781919985511282,0.831243067215131,0.02163608476601565,0.0575819532950304,0.021645511860467592,-1.4488718003136114e-09
5609,0.9370958886685874,0.9688731526374095,0.008198450422753915,0.02214697537054834,0.008200261703939315,-1.1133141264441093e-07
5610,0.922111937457261,0.9604273569011725,0.00921753533995117,0.02853450536111193,0.009218442266157036,-6.254273898775864e-08
5611,0.9382245808013387,0.9689838267108255,0.006151232130371082,0.015647100865570144,0.006152438692505996,-4.1919866122785976e-07
5612,0.8454079842299537,0.9233701807088843,0.014046729611328104,0.039461705090644734,0.014049008666802247,-1.577004637987045e-08
5613,0.9261081795432573,0.9631274459057002,0.008217808210644524,0.02645814488128671,0.008218816483544382,1.7954325726154963e-07
5614,0.786699090484098,0.8937065021124587,0.017739800476171883,0.049287305018382785,0.017741809198486794,9.04840979920607e-08
5615,0.9416228359727015,0.9726055506096921,0.010398520749707022,0.028591766466125032,0.010404307577721936,-1.6402729852149633e-07
5616,0.7962149333034665,0.8988721262788172,0.01835804425585934,0.04446344233363877,0.018362874284917112,-6.669653351831784e-08
5617,0.5306342772834536,0.7400217148010211,0.014379443307519528,0.06240610961877178,0.014381650427771045,2.7728345353139616e-07
5618,0.9402540521994212,0.9699390124479184,0.007317271503818359,0.02029983230272655,0.007317878563044819,5.219942111889253e-08
5619,0.794461383089514,0.9134287471335937,0.014393285441503909,0.042434938194341625,0.014400624212731954,3.8308951400001234e-07
5620,0.8760485212099779,0.9641387172877547,0.009956021538125007,0.030120485518013218,0.009956860801125384,-4.787900220737384e-07
5621,0.950084351637588,0.9747299132011085,0.007337257884179696,0.02149112674841099,0.0073381015714007155,3.516375879364375e-07
5622,0.9108274551290678,0.9701095739280656,0.008835738343359364,0.021452326780119935,0.008837368825535359,4.5512906776679074e-07
5623,0.8342222516833776,0.9203054309088348,0.018357536422167954,0.04815581634007471,0.01836187838026483,2.5168337758341153e-07
5624,0.8119897434418377,0.9035552344486508,0.013952059240722674,0.044875140059577226,0.01395381929176522,-2.5655816227043715e-07
5625,0.7712494276302592,0.9128755772646433,0.013721765011328118,0.048342118390691045,0.013723244264529231,4.276302592032266e-07
5626,0.7755255697491146,0.8993376462761934,0.022169447318847624,0.060519396866810564,0.022174120601243404,-4.3025088547476997e-07
5627,0.8301355039336258,0.9181908415595929,0.015744626817285154,0.04515075606231848,0.015749281864024266,5.039336258283456e-07
5628,0.9103128495223324,0.9700893604518233,0.00651852475155275,0.022176056002409232,0.006518946457701025,-1.5047766765974302e-07
5629,0.7971162099215332,0.9526878402786715,0.00999404571816405,0.03443540899457686,0.009995085304987605,2.099215331563542e-07
5630,0.9056536058161208,0.9519404423948634,0.009787297277246103,0.02977176948861671,0.009788353821390395,-3.9418387920431286e-07
5631,0.8261232632410005,0.9292516047072624,0.014922833614453115,0.038710486336800194,0.014927450683906116,2.6324100044217147e-07
5632,0.8803890400816953,0.9667377409770553,0.006632689435234372,0.023962243685830775,0.006633068704551279,4.00816952961236e-08
5633,0.9297722458425522,0.9680885294392813,0.007539057931533208,0.02373136007527413,0.007539651939241415,2.4584255220450046e-07
5634,0.8778933237858583,0.9384259718928433,0.013300298084570313,0.03452575024668151,0.01330802022832725,3.2378585823611417e-07
5635,0.3954791222528449,0.6940189058456266,0.014397617512255868,0.06281764850467668,0.014398648564346857,1.2225284484745913e-07
5636,0.9484360438000651,0.9762896332362649,0.007662483112109387,0.021244753671421198,0.00766398059183879,4.3800065130383814e-08
5637,0.8818497972710801,0.965351563026977,0.006796025488183602,0.022938877261018956,0.0067972247429366715,-2.0272891987360708e-07
5638,0.9533020083363251,0.9786350643133865,0.006596609024121096,0.015585898925578484,0.006598270382165984,8.336325074687068e-09
5639,0.8121933117639181,0.9047091250666619,0.01456137988505858,0.042578421301215176,0.014566372515064667,3.117639180150178e-07
5640,0.9149163449672266,0.9638179846874214,0.009907310480957016,0.027649645785693212,0.00990822877104173,3.4496722667309854e-07
5641,0.8410662828778899,0.9188114387202657,0.009239733835937495,0.03108072334545713,0.009241315929817915,2.828778898900097e-07
5642,0.8820312695980012,0.939674454637263,0.011223490566435566,0.03196699656141072,0.011224514524568992,2.695980011457877e-07
5643,0.9392516558747039,0.9754092918206982,0.009473384346972657,0.025888667074108293,0.009474564728039647,-3.441252960367791e-07
5644,0.5813758534765412,0.8684908907482217,0.018755039155761707,0.05404807202148777,0.018758520401370684,-1.465234588104991e-07
5645,0.666638170542828,0.8361272787630779,0.011466275960644545,0.04637269719434294,0.011467459932306205,1.7054282808182109e-07
5646,0.9166835306773039,0.9676516124213503,0.01004201340468751,0.026410757217034862,0.010044010758675781,-4.6932269615052036e-07
5647,0.8966645873371636,0.9608077387478455,0.013901974491992162,0.03919974771901143,0.013906872105736757,-4.1266283645757795e-07
5648,0.8410174395676981,0.9254818751617564,0.015528088862011718,0.043742690267634256,0.015534900330140742,4.395676981294727e-07
5649,0.8102397865670579,0.9093180602385058,0.009446216707080067,0.03131959036855393,0.009446839066065828,-2.1343294209774655e-07
5650,0.8154299689210169,0.9059169153537403,0.01673728226201172,0.04650794777010107,0.016743201388888164,-3.107898305376722e-08
5651,0.30338425986652384,0.6110608066069415,0.01615721807242189,0.06789795365957953,0.01615849211329347,2.5986652385512343e-07
5652,0.9011137233663723,0.9498097175354732,0.009020460259277354,0.031866733821570556,0.009022476856839167,-2.766336276716075e-07
5653,0.7945701737935674,0.9367441575783462,0.010923065602246077,0.03720546247321193,0.01092444306745734,1.7379356742619478e-07
5654,0.8156621492291664,0.9247361876102806,0.012705383249023447,0.039949472808039184,0.012710294349152308,1.492291663574008e-07
5655,0.8454052630504232,0.9225425646225519,0.015380801656445306,0.046348561674218886,0.01538443831304971,2.630504232215003e-07
5656,0.7657920964412277,0.9388084557775737,0.013144679255605458,0.03621922049918599,0.013145657759476527,9.644122767049623e-08
5657,0.9167763715700347,0.95998519463109,0.00940562412223633,0.028296699212109717,0.009406446063607557,3.7157003462962024e-07
5658,0.8539046053796794,0.9315923420928164,0.011319918072363287,0.03591118135812137,0.011323019824549791,-3.946203206428578e-07
