index,r2,pearson,mae,rmse,normalized_mae,saved_r2_difference
0,0.9199558776683897,0.9613930641953814,0.010072031522363288,0.02372661671156166,0.010073584903405581,-1.2233161028607498e-07
1,0.8986013442029044,0.9491388736853075,0.008755819881738276,0.03083699769634978,0.008758125409206747,3.442029044009587e-07
2,0.5003862970069959,0.8738149229456659,0.01801596099482425,0.050301440811055004,0.018020829426414604,2.970069958863064e-07
3,0.5194690200275554,0.7793757241024163,0.04148196250195314,0.10667969329017044,0.041509035911389304,2.0027555391877172e-08
4,0.5865884373773204,0.770292196234728,0.02113043621679687,0.05836424975600079,0.021137152217174302,-5.62622679667335e-07
5,0.5387736640262174,0.7508702636554085,0.022192030293037113,0.05770333597562952,0.022193915267758327,-3.3597378257255173e-07
6,0.7410804439152117,0.8768537926660782,0.0176077295164746,0.04950843612661534,0.01760899755923047,4.4391521170084047e-07
7,0.9457740717907861,0.9733031654090588,0.004681817875156257,0.013211842874982253,0.004681939641029207,7.179078609365064e-08
8,0.8582772253194919,0.9299736279290275,0.007993966734570337,0.02392836865832317,0.00799435778129929,2.253194919532575e-07
9,0.8143534293201229,0.9033299564004741,0.01482203308992186,0.04342356620994438,0.01482326819071646,4.293201228966481e-07
10,0.9566521015354398,0.9788019790097187,0.00835412613759767,0.023108410901074163,0.008354969918542197,1.0153543983371094e-07
11,0.4967488036146376,0.7326311373822593,0.03754409625039065,0.0824566013487893,0.03755227827221357,-1.9638536241650684e-07
12,-1.1173288280535467,0.43075170507357136,0.030826192130654344,0.08348366228624465,0.030827409616963616,1.719464532978776e-07
13,0.5113858400594444,0.7308017262328791,0.02043571485429691,0.06838283119226188,0.020439258345154507,-1.5994055557744247e-07
14,0.4327889285557367,0.695847533222119,0.022671665506836,0.06812492800866476,0.022675486473697482,-7.144426328320463e-08
15,0.34152203046567087,0.6161328956145942,0.027388821159951192,0.08526703165213535,0.027390809925857015,3.046567087494623e-08
16,0.6672039404302723,0.8500547224943623,0.01570721396621094,0.0533509963753657,0.015713388677426877,-5.956972770615465e-08
17,0.6254344745158045,0.8078810272196082,0.03489999304902341,0.08677551001461613,0.034905602358379036,-5.254841954904776e-07
18,0.21402674207757066,0.5270880141365719,0.023020108717382855,0.06665903146833223,0.02302364332091967,-2.5792242933087017e-07
19,0.5878730319537568,0.7764825179220253,0.014885841139570316,0.059450587729742745,0.014886743081631331,3.1953756862712623e-08
20,0.18334909228282037,0.5474964784856858,0.023355717838798824,0.07219540018196263,0.023356110995251502,9.228282035755875e-08
21,0.28922826089175424,0.577689228418077,0.030748843375976585,0.08568846095331875,0.030751068885876268,2.6089175425569877e-07
22,-0.40427033357811326,0.4145442178440791,0.03390862863832026,0.08828073912091018,0.03391172313053233,-3.335781132429716e-07
23,0.6050154032076678,0.7882715446085138,0.02565015894541014,0.06877276470371767,0.025653524490291124,4.032076678095464e-07
24,0.7164274786276706,0.89336439007105,0.007661573140722657,0.03673828379541697,0.007661896184117997,4.786276706081338e-07
25,0.7004152685933527,0.8530945991301223,0.018477862759960904,0.04972215136618357,0.01848035080655069,2.685933526702655e-07
26,0.4401606874360984,0.6708435742102803,0.026753922456542983,0.08118211381011707,0.02675786800050798,-3.125639016499093e-07
27,0.523064336294002,0.7314193441563063,0.024989667459570323,0.07662774961362843,0.024992151701942432,3.362940019790983e-07
28,-1.256804647502451,0.28284108143927783,0.025855729966943363,0.09027190045596238,0.025856251100977116,3.5249754892774376e-07
29,0.7998450150155685,0.8994136957907966,0.014726930208691412,0.04481269848533419,0.014732451793138432,1.501556845528995e-08
30,0.6301205797048993,0.8939805051416828,0.015288112232851592,0.05012471378910286,0.015289446003086836,-4.202951007226119e-07
31,-0.41252619086533815,0.4961534143196052,0.029210040124121105,0.0853049578989926,0.02921358724957038,-1.908653381454961e-07
32,0.6370415712901606,0.8308491040385397,0.029503467541992213,0.07567576814223953,0.029508072592456643,-4.287098394062383e-07
33,0.2946820865808554,0.5775349305090433,0.02971381415761721,0.08562784485265848,0.02972162559228321,8.658085537405213e-08
34,-0.7253288377000451,0.22556581094648848,0.02818245943003908,0.09976034944458269,0.028182802854965206,1.6229995492000882e-07
35,0.8848945574305209,0.9408091749462845,0.0069690784916015686,0.02512091483439865,0.006970508418213226,-4.42569479064403e-07
36,-1.4095958791158218,0.40747597141291747,0.04475068594671871,0.11202222579156958,0.04475410633300013,1.208841782229797e-07
37,0.7130272781304563,0.8849478511412289,0.010269925203417957,0.04588578640964678,0.010272173292168946,2.781304563326259e-07
38,0.7268354713525502,0.8526490380949232,0.014100011342978513,0.04699848768391097,0.014100992502868765,4.7135255021313327e-07
39,0.470907994022956,0.7071821667922517,0.025550690526660175,0.07373665392553903,0.025557635954797885,-5.977043970872842e-09
40,0.6596041661168598,0.8205221066626057,0.01977141086249998,0.05481618152098051,0.019774765965964884,1.6611685982326208e-07
41,0.4196158384098464,0.6806019957647641,0.02982780178281248,0.08403955470760327,0.029836821853872316,-1.6159015359118456e-07
42,0.08672670329672783,0.6556263654894934,0.024514287164638635,0.06481308390811719,0.02451488678455075,-2.967032721734597e-07
43,0.9477258322071969,0.9740707089003389,0.005754353949013673,0.016231478037184364,0.005754654123051852,-1.6779280309631162e-07
44,0.5890723216408291,0.7783537597660212,0.010704413045334961,0.04062057279221798,0.010704475334002546,3.2164082908181513e-07
45,0.7208847748816747,0.8784648343538616,0.01584155744249023,0.04350931371828579,0.01584241943375962,-2.2511832531435516e-07
46,0.05174524346091747,0.5618678701036403,0.02075846493437502,0.06806065082888378,0.02076057402600301,2.434609174678526e-07
47,0.5650412756497023,0.8394810867151976,0.016222334383691413,0.057151677589106956,0.016223815194739356,2.7564970228599606e-07
48,0.552325857563677,0.7546875907107604,0.025671435899707058,0.06953182121461159,0.02567535844232294,-1.4243632295851683e-07
49,0.9007542034998796,0.9491398084019657,0.007716895652343744,0.02667407998015907,0.007718210104431042,2.0349987950307735e-07
50,0.6181230965350314,0.8023988429752421,0.025688590587792926,0.06636301082981313,0.02569154969681137,9.653503141304753e-08
51,0.3848938847115312,0.7035883591711151,0.03008366330416994,0.0763964463886342,0.030086345419728384,-1.1528846882713495e-07
52,0.3003182931875178,0.6172973718467873,0.030116021957128893,0.09238997467029644,0.03012407999489472,2.93187517819149e-07
53,-0.7637185140894096,0.05368385747075559,0.01958367433892339,0.07020611275697008,0.019583679444629503,-5.14089409597851e-07
54,0.6010326025795582,0.7819481340738399,0.025407912475000027,0.065207406646225,0.025417642183213084,-3.974204418888405e-07
55,0.8621574514065379,0.9385918380524535,0.01158062705087892,0.03182396966504138,0.01158245380769558,4.5140653792685725e-07
56,-0.35201561305987816,0.4779326457633661,0.019096082838691374,0.06836952889528009,0.01909655341748841,-6.130598781406427e-07
57,0.5125688435835143,0.7308170490576373,0.02037610694150389,0.06463444433034639,0.0203777521953662,-1.564164857636996e-07
58,-0.6878365919098672,0.2821514787421357,0.025346088331992235,0.08746625784826215,0.0253464274973544,4.080901327974118e-07
59,0.5786622885729279,0.8624914136552059,0.012330311405253912,0.052520919006881425,0.012331033650295085,2.8857292788675437e-07
60,0.2177686062157056,0.5477891261831638,0.026849578031181664,0.08247139274240212,0.026851150404207533,-3.937842943946279e-07
61,0.4915090972309055,0.7811807415121775,0.021180006024658214,0.05768082400497257,0.021181199023709612,9.723090554913938e-08
62,0.6761020845872083,0.8926894288919159,0.013042125667412105,0.047516118500868586,0.013043236158625791,8.458720834880751e-08
63,0.8734549740979405,0.9377402029649814,0.012415411794189448,0.03826200216193867,0.01241649034480086,-2.5902059497262542e-08
64,-0.07083789252435801,0.5389907172526167,0.023245666179931613,0.07532433794778927,0.02324653625501001,1.0747564198332338e-07
65,-0.37351703411164316,0.645683544327242,0.029723578155546885,0.08409598528872467,0.02972468982595197,-3.411164317679294e-08
66,0.06494251969993259,0.6044001433240568,0.01987979508568359,0.06176130477302542,0.019880310519313573,-4.803000674125091e-07
67,0.6024490023297,0.7824305493562266,0.016224701830156233,0.0521074108981051,0.016225617200946722,2.3296999884792058e-09
68,0.5129750724325008,0.7493076540432833,0.027000741834316434,0.07488006624194767,0.02700342177756931,7.243250088606601e-08
69,0.6243489838596736,0.8882175294645456,0.012636223748183588,0.044220833330444895,0.012636978568561424,-1.6140326408731198e-08
70,0.5132236629839171,0.7349321919387574,0.022393734424199185,0.07088330803358942,0.022395244501719116,-3.3701608292968643e-07
71,0.6473171563663183,0.820010451441235,0.01704286679149415,0.045005821358769175,0.017044302409053594,1.5636631822690816e-07
72,0.9055458632743767,0.9521629033637974,0.008854295745302745,0.027537811468898336,0.008854850744501895,-1.367256232676084e-07
73,0.8109628910081388,0.9030934726574273,0.015414372273144513,0.0429335054151208,0.015415655116020579,-1.0899186120294502e-07
74,0.2507341855848306,0.518158757169514,0.01960061219257812,0.07842818909853513,0.0196040649193039,1.8558483061426045e-07
75,0.794565576693302,0.904893262931544,0.02445143510107425,0.06245993860856233,0.024455286994636085,-4.2330669802748133e-07
76,0.518811644942049,0.8136745256842328,0.016839638503925794,0.05694139026904458,0.016839902431001422,-3.5505795104029403e-07
77,0.617796966523104,0.7943609146106552,0.022283266585351565,0.06514511052187764,0.022288112622814805,-3.347689603305781e-08
78,-0.6540116005839234,0.4460095948473827,0.029313732964257804,0.0938493942344959,0.029318345297021584,-6.005839233713672e-07
79,0.500800164492681,0.7421308178138457,0.04517555934355461,0.10682957418964055,0.04520250567821153,1.644926810318026e-07
80,0.4188671655285101,0.6491863625063836,0.013821286131657218,0.04680948388648584,0.01382132768594883,1.6552851012097136e-07
81,-1.10823222293691,0.34388657793500954,0.03384025125222658,0.10151822354341422,0.03384137024894475,-2.2293690982166936e-07
82,0.9109263811109517,0.9557099664945603,0.009707386056445319,0.02792917477763101,0.009709626447884203,3.811109516860256e-07
83,0.45626826981408675,0.7084779341955117,0.020315408217578126,0.06920868772715659,0.020320132827277636,2.6981408673965035e-07
84,0.7883192302804867,0.88951034157731,0.01222341199504884,0.041023796793243146,0.012224255601807508,2.302804866793906e-07
85,0.6796674230719806,0.8804739850012978,0.017667864620117168,0.04830113223350613,0.017673725388286824,4.230719805597971e-07
86,0.10685728941319272,0.42410905870281496,0.021365707592607423,0.07179683302569531,0.02136641768477375,2.8941319273056987e-07
87,0.39487232182938703,0.6444936022297957,0.031072817939160134,0.0832661172843255,0.031077445464022063,3.218293870288491e-07
88,0.22467096996793723,0.5154848099222159,0.03169799265566406,0.10052741510098862,0.03170560083944053,-3.003206278107129e-08
89,0.6052305182733608,0.8010336621151749,0.02427186994472661,0.05952734477964652,0.024275388589476487,5.182733607833612e-07
90,0.6030320583182136,0.7880387336075687,0.029260491085546843,0.07330951399604525,0.029269847042877876,5.8318213591590506e-08
91,0.843375595906342,0.9396248195315066,0.009831878661074225,0.03144342767502745,0.009832560227011294,-4.04093657979665e-07
92,0.7682963465250726,0.9338210409161686,0.01305439566980469,0.038783762405796895,0.013055360827564378,3.4652507263643884e-07
93,0.6806733566417682,0.8388285365931533,0.018994683574160155,0.054362997194539985,0.018996488176898724,3.566417682288048e-07
94,-0.022970355771427586,0.3524703304781062,0.025168150468154276,0.08437880325205117,0.025168919075094855,-3.557714275854995e-07
95,0.6586729173370361,0.8404431916024192,0.011900484379101572,0.05135959584236341,0.011901354918464764,-8.266296380732285e-08
96,0.19532301521538897,0.6101813821975091,0.027500913588769518,0.0758550399100426,0.027503839433456526,1.521538897653052e-08
97,0.4910225004666423,0.7453612281767136,0.034659755831543036,0.09507629952187259,0.034674627231303434,5.004666422947501e-07
98,0.5306417155060885,0.7759237694624277,0.02351969261845705,0.07782159889794037,0.02352645384367957,-2.844939114288181e-07
99,0.5926525406703216,0.8068493066111553,0.01553886295218747,0.05513978190637229,0.015539035983548687,5.406703216248587e-07
100,0.40615446026661384,0.6708142580425394,0.011774205756904275,0.05833881234426332,0.011774685076663235,-5.397333861512088e-07
101,0.8772899146349353,0.9420799350253626,0.013770822673828103,0.03952357528473634,0.013772367136000704,-8.536506468370675e-08
102,0.4522709501370539,0.6854586197331514,0.02799186663646483,0.08092867342442371,0.027994525089789123,-4.986294610542785e-08
103,0.2580885361104459,0.5885754898661423,0.029716821649316386,0.08942896207627034,0.029718977574504236,-4.6388955410314736e-07
104,0.8771008841402328,0.9436330831588466,0.011606939673574197,0.03581637731370785,0.011607941609571844,-1.1585976722461311e-07
105,0.8717123925671962,0.9474901744304957,0.015297653610156252,0.043977583683171034,0.01530146708309666,3.9256719619462643e-07
106,0.5288904797895847,0.7354599946378719,0.021171008461914043,0.0548828225347246,0.021175433528256682,4.797895847286071e-07
107,0.3450016656458941,0.7140344246927807,0.019092215869892584,0.06947658088587305,0.019093387172058305,-3.3435410590199055e-07
108,0.4198898157329338,0.672796723806001,0.0300704559708984,0.08242238772562474,0.030080895786428242,-1.8426706616114785e-07
109,0.7458738001345682,0.8686158811139479,0.02038307941591799,0.05112629096934974,0.020385982905842138,-1.9986543187133776e-07
110,0.6828890294482373,0.841410222220039,0.023641300248046865,0.06327364277659717,0.02364421538355667,2.9448237293117074e-08
111,0.6207645311940284,0.816481473342001,0.0198701645144922,0.05932850821753506,0.019872013733147117,5.311940284302707e-07
112,0.7797636482181205,0.8944287454251689,0.016024526676171894,0.05237754253321286,0.016027347737797633,-3.5178187951512285e-07
113,0.23543069729079535,0.5213036101436723,0.029979545330263695,0.08677526964800357,0.029981113418647516,-3.0270920464703366e-07
114,0.9343751907915481,0.9677935205111541,0.009990801041845701,0.023027020616920357,0.009991513288868801,1.9079154811585397e-07
115,-0.029102011735203437,0.5497857943789679,0.029083766884472628,0.08099041286077951,0.029092671054288647,-1.1735203437474029e-08
116,0.6800899667046139,0.8491788563709742,0.014150844873359391,0.048801196513673484,0.014151829657154297,-3.3295386114851055e-08
117,-0.38485677825737397,0.22755278296384993,0.02443321922467773,0.09425902565191624,0.02443361951333613,2.217426260386901e-07
118,0.6760497838515005,0.8297852608222953,0.021510843524833997,0.05244026246202429,0.02151273534359349,-2.1614849954332271e-07
119,0.24158623944621382,0.5147281018471983,0.029144497196191402,0.08745336786446835,0.029147928391218658,2.3944621382887554e-07
120,0.8734090465906952,0.9582292312506615,0.01346897406533202,0.03784518325997847,0.013470450636860849,4.659069519075132e-08
121,0.7604709606500017,0.8776906112648449,0.014122274166406245,0.041343818513233856,0.014126282110482336,-3.934999825982999e-08
122,0.10547902674611731,0.5853296245286157,0.033113844709873066,0.09201754143593861,0.033115073528457474,2.6746117307019368e-08
123,0.007125441929660581,0.4560974741795465,0.031552711359570364,0.0946608259462231,0.03155405788954823,4.419296605806186e-07
124,0.8400835944947622,0.9309750722258723,0.010720788146875014,0.027706482438254028,0.010722153083395821,-4.0550523783267067e-07
125,0.7456404909191054,0.884108330441164,0.01883476220263668,0.05484748446372616,0.01883699675644651,-5.090808945507064e-07
126,0.41277392432661486,0.6467048809756567,0.01939312525383792,0.06538367929409333,0.01939409137030559,-7.567338511371702e-08
127,0.8684855397302361,0.934159232802339,0.010331400579257813,0.029845263581471212,0.010332064944568753,-4.602697638578235e-07
128,0.568319751065899,0.7609327033850203,0.02432647156621096,0.06555911101176033,0.024333750053656508,-2.4893410099924296e-07
129,-0.27912890723515016,0.41450032382008495,0.033167443066308575,0.09860064305712403,0.033168670903836406,9.276484985720757e-08
130,0.7046806431092343,0.866816402631432,0.023118838794824202,0.059456549609897616,0.02312218647353843,-3.5689076571809863e-07
131,0.8076611561708891,0.9061826492504895,0.010255317680937506,0.03071432270083737,0.010255906431091852,1.5617088910957477e-07
132,0.412645782953443,0.6856259865471255,0.040784862237402394,0.10480502720527293,0.04079187949718559,-2.170465570050517e-07
133,0.27141672252372273,0.5813543697589353,0.02261905962433593,0.06804984852976344,0.022619622467497002,-2.7747627728835766e-07
134,0.9138119803191633,0.9596384744193881,0.0116295485524414,0.033276659407431394,0.011630791546764793,-1.9680836627067322e-08
135,0.6584355886706099,0.8219848581036436,0.015696366669238297,0.04777464162087584,0.01570017653530704,-4.113293901042425e-07
136,0.6083087251650966,0.7936177870103605,0.026847472552539057,0.0685533491836384,0.026851918542840636,-2.748349033909747e-07
137,0.7299752805932136,0.8605523803987893,0.023171992469824272,0.05793665390201729,0.023177953756089706,2.8059321355300426e-07
138,0.29345720459484503,0.5746109091955088,0.0252080850398633,0.07516659942399176,0.025210030189826475,2.0459484501023084e-07
139,0.7410646167642942,0.8713324713328887,0.016130349929003897,0.044161110704030046,0.016135447999635986,-3.8323570572540433e-07
140,0.8626698819020345,0.9296755440386535,0.013574850179365234,0.037767075608839504,0.013576024493537023,-1.1809796551798257e-07
141,0.9032220401800046,0.9504016359593714,0.007716196946972656,0.026207169653320508,0.007717008620395947,4.0180004656775736e-08
142,0.47407661896488984,0.7097789078133061,0.026968726421484367,0.0751214315342517,0.026971477582323603,-3.8103511018627856e-07
143,0.711619111824191,0.8465777412520961,0.015842978284999983,0.05178640100914756,0.01584449621213763,1.1182419101807284e-07
144,0.8605881282432467,0.9328163430827435,0.013614901267207024,0.035213881523784324,0.013616073648183853,1.2824324668869735e-07
145,0.8692215128356205,0.9345981779867447,0.012732935541865227,0.036389837531924464,0.012734137699730239,-4.871643795034686e-07
146,0.904167598493949,0.9562456024261299,0.008527053530380864,0.029454738134642347,0.008527789774637999,-4.0150605096211933e-07
147,0.7521733575375096,0.8725428940700554,0.016084477536748045,0.04445209942315631,0.01608573109246379,3.5753750959877095e-07
148,0.8532374184928342,0.9257744686883215,0.01239656764242189,0.03818367701091249,0.012397616915845348,4.1849283416439675e-07
149,0.7093451110829001,0.846835646979585,0.012036886329707036,0.04006241950106003,0.01203769062006094,1.1108290010053423e-07
150,0.8585972723422436,0.9285167125655246,0.011793332234316414,0.036047345222375154,0.01179431539936648,2.723422435346734e-07
151,0.7670141300270844,0.8795449448475986,0.010358303512138655,0.0288961280624197,0.01035853962562315,1.3002708443288213e-07
152,0.703622180974218,0.8623373798373426,0.022221250159687456,0.053812042132269255,0.022223006314760842,1.8097421805585157e-07
153,0.8693549119895674,0.935569528727798,0.011051005649082036,0.031360269562198874,0.011052032577976904,-8.801043260842079e-08
154,0.7615220612633882,0.8823966988129928,0.010823620003671878,0.029292689121274567,0.010823861130939359,6.126338814027577e-08
155,0.8634669978294154,0.9438044923013277,0.008335434733632819,0.029838425939520012,0.008335955645333747,-2.1705846009467678e-09
156,0.017733531241797884,0.5439122723951861,0.02162062777604492,0.06995494374324354,0.02162148341100789,-4.687582021156711e-07
157,0.07551512558100948,0.5811788508537166,0.02794647424512695,0.08012152225562633,0.027947968543632747,1.2558100948023565e-07
158,0.7798794782796983,0.8889459801411145,0.019066609268261724,0.048580752678254624,0.019068677129001888,-5.217203017382488e-07
159,0.6732913651853565,0.8226298152349546,0.016217653852001926,0.04606086211862072,0.01621874537129479,3.651853565100893e-07
160,0.7202394096852156,0.8533751823377892,0.01966464318262699,0.050711615915188725,0.019666444946793864,4.09685215640998e-07
161,0.6743607749689944,0.8387218963955394,0.02055290105644532,0.0625067756871142,0.020555136026663066,-2.2503100560733458e-07
162,0.4178486862558133,0.6577714030450214,0.017933322505517588,0.05290458906866001,0.017933645540329304,-3.137441867417934e-07
163,-1.5424743093041928,0.2324128495028385,0.03146504776676759,0.09309680172411466,0.031466066589231345,6.90695807215036e-07
164,-0.574787318150018,0.36995740338145583,0.028981410751074233,0.09613919908563881,0.02898236238810254,-3.1815001799717635e-07
165,0.3815229267306731,0.6346475254594739,0.01572509097577148,0.05850847856243602,0.015725645942623157,-7.326932688345167e-08
166,0.35467344131727996,0.6098813178572019,0.029567921826357424,0.08345036124356697,0.029569968126700326,4.413172799422327e-07
167,0.751302485313478,0.8692104673020763,0.011761957070703126,0.03856778891385845,0.011764593733803855,4.853134779603252e-07
168,0.7527744855236207,0.9135728726484011,0.013000454817187493,0.03688339412890319,0.013003417601676415,4.855236206413593e-07
169,-0.9929303329059573,0.12793224295116346,0.024459218211113288,0.09819819441078503,0.024459465316530565,-3.3290595735646633e-07
170,0.5773028398285864,0.7712822103232645,0.01732251003204103,0.05485205313602535,0.01732396914108982,-1.6017141357682618e-07
171,0.504236674187649,0.728723138950436,0.036618581766308646,0.0893314035905722,0.0366259890722654,-3.2581235109852e-07
172,0.803289838904773,0.9025788154823934,0.01114842816604492,0.032920087373160295,0.01114914964959406,-1.6109522693597e-07
173,0.19454577662225092,0.4979911838871366,0.024937493089550754,0.07447104848939672,0.024940913047406005,-2.2337774907565944e-07
174,-0.5660415373102281,0.6184870790907157,0.023822257910302725,0.0802360415378614,0.023823151827619907,4.6268977194063865e-07
175,0.2867953255796939,0.6409234971761412,0.02056794444645507,0.07602127500838082,0.02056832956251003,3.255796938717026e-07
176,-0.6335406744993992,0.42213548269974094,0.022502634117861332,0.08251746232053102,0.022503304107384322,3.255006008062722e-07
177,0.2628745298884102,0.5927401093400719,0.02656995483251955,0.07601519654504382,0.026572983105618054,5.298884102056256e-07
178,0.6667371186515219,0.8492984158127064,0.015918406380703125,0.05585243735974454,0.015919879295258666,1.1865152182988226e-07
179,0.713688137648841,0.8639388103049104,0.022498874217187506,0.05918367134961492,0.022503018501341916,1.376488409920995e-07
180,0.39216393201365773,0.7608214700583978,0.024088400862792955,0.059930571729695785,0.024093676300915523,-6.798634227811462e-08
181,0.8497053897290165,0.9233498429742181,0.008847722790791017,0.031261195160716175,0.008848301365113371,3.8972901650335956e-07
182,0.9386420983319954,0.9724908497765096,0.010409985036132823,0.027702934724232815,0.01041154144809351,9.833199543507476e-08
183,0.7213938423244639,0.8534156550961084,0.020336203036523448,0.05819430020632674,0.020341183314890952,-1.576755360721549e-07
184,0.525224260170079,0.7553774441319251,0.03417462570156251,0.09125380349818671,0.03417822064883808,2.601700789250927e-07
185,0.6059402122005748,0.7851348890208307,0.024141932459863298,0.06381174584526954,0.024144838141435622,2.1220057477844279e-07
186,0.6184928520359428,0.8143490199299743,0.021295886541406232,0.06154126730587775,0.021299539312290453,-1.479640571178109e-07
187,0.4328259314147801,0.7406422263017709,0.037544611926757815,0.09848515537757767,0.03756360825665289,-6.858521989228095e-08
188,0.41254594276856715,0.6851901458531019,0.01567770625693358,0.0626024035269133,0.01568157169849466,-5.723143287061916e-08
189,0.5446574368325905,0.7430702027324066,0.02104974606123047,0.056936322504362355,0.021054135692721798,4.368325905446113e-07
190,0.7706971836866029,0.898079700811654,0.014572371026845714,0.052670721438231774,0.014573665407779246,1.8368660292811256e-07
191,0.6538035180460496,0.83518379574222,0.027569183813769528,0.08160038665331776,0.02757291209886543,-4.819539504152814e-07
192,0.6725978591194008,0.8739714762371052,0.012561616750556647,0.054694920925050856,0.01256249428387173,-1.408805991864881e-07
193,0.872048523950938,0.9378537556828475,0.015451166991308553,0.03683602074005714,0.015452818724558639,5.239509379695306e-07
194,0.48886425770707076,0.7323833436961042,0.027107288372558564,0.07362038127112305,0.027116493247872058,2.577070707387996e-07
195,0.5301592232465877,0.7491200355435662,0.022874958847363326,0.06750659291786915,0.022883524072619725,2.2324658766059713e-07
196,0.4330766029161397,0.6819048823492542,0.018852462872041037,0.058060496442168645,0.018853593564467683,-3.9708386029291276e-07
197,0.850571626052653,0.9486550112090681,0.009313285635947266,0.031178299679640892,0.009313946856133171,-3.739473469765997e-07
198,0.6101505055500676,0.7999035854332288,0.026665815923242166,0.06955332474069822,0.026674287789075983,5.055500675865687e-07
199,0.1917979154192887,0.5125692297475088,0.020411771308193383,0.0671015915518314,0.02041260969408223,-8.458071129591183e-08
200,0.8233251828484454,0.9080214129213924,0.008921785138994151,0.026602277590199203,0.008922230689320305,1.8284844538474232e-07
201,0.9069299272616951,0.9601249118107282,0.010060259931425793,0.026519295431208116,0.010061080405188246,-7.273830493481626e-08
202,0.830414842854016,0.9128758294659595,0.017550904504062492,0.038097813117844666,0.01755248293987693,-1.5714598400329294e-07
203,0.6697015102313235,0.822856654477355,0.021115940090332023,0.0574445146921376,0.02112010171344621,-4.897686765037434e-07
204,0.3042184195107115,0.6408588162221519,0.038642764860449166,0.09088852145571553,0.03864967993750461,4.1951071150236885e-07
205,0.2621349736892713,0.743188491037292,0.01946611744003906,0.05906418238076744,0.019467618655860924,-2.6310728706846476e-08
206,0.0019898535858928756,0.5323667123717101,0.019325944719111338,0.06458023106856087,0.01932643437017378,-1.4641410712437283e-07
207,0.03429801289434853,0.2825619713027101,0.022034753662333973,0.07772206636586267,0.022035319940088397,1.2894348526415467e-08
208,0.7435175068669454,0.9163361827283659,0.01316656969208985,0.03765046843738792,0.013169598500884115,-4.931330546131818e-07
209,-0.4834086510293032,0.372547066942738,0.03148199068506829,0.08914943754783632,0.031483836977552436,3.489706967840789e-07
210,0.9008361735603048,0.9507080127481727,0.007950708996845714,0.029710622752571424,0.007951212677226403,1.7356030479476203e-07
211,0.5909713194441875,0.7799627373817358,0.019992556340234353,0.05669263317076487,0.019995757685034636,3.194441874354581e-07
212,0.9136295633573798,0.9586044528209916,0.008331409474082044,0.026030086229181695,0.008331994579486154,-4.366426202828677e-07
213,0.187874951142583,0.6453172554435805,0.03630589843300779,0.10722296841281076,0.03631615410766457,-4.885741697324697e-08
214,0.9487061056170084,0.9773294746843231,0.006390516882841796,0.015085697419524022,0.0063907476765139755,1.0561700836131394e-07
215,-0.05923759751096691,0.5815339521412987,0.030295252102460868,0.07713068453129482,0.030296492874724936,-5.975109669126288e-07
216,0.2548363159161041,0.552775102277011,0.025740038746328124,0.07987264703514811,0.02574121497518686,3.1591610410997006e-07
217,0.7910593060215035,0.9100529205082892,0.008592745380664063,0.034577888506160746,0.008593276208388982,3.060215035821656e-07
218,0.13183974242954644,0.46056334723977577,0.036340863999199155,0.08848330150345628,0.03634146086481094,-2.57570453576772e-07
219,0.8775422305544799,0.9447644172346037,0.007290329903662112,0.02470665016688075,0.007290715465421342,2.3055447984088318e-07
220,0.5644151369018549,0.7556509172169062,0.027210361698339857,0.06597287425377926,0.02721617139836741,1.3690185485248918e-07
221,0.6092041435110648,0.7945543004048461,0.02091556701816406,0.05325941765585727,0.020922243908755966,1.435110648095872e-07
222,0.6890852019302011,0.8730967121904476,0.01599028007183593,0.05322009377054288,0.01599166563932108,2.019302011158075e-07
223,0.47588714495887907,0.7185290087553023,0.035042763936230445,0.09865551690297014,0.03505099504902529,1.449588790669587e-07
224,0.7764607833553174,0.8853628869854578,0.018076807411015625,0.04377810585101395,0.018078459060662466,-2.1664468252691194e-07
225,-0.5236849040423588,0.4577766944915953,0.029454055429365224,0.08755652906517948,0.02945450692866558,9.59576411663221e-08
226,0.40983615490845926,0.696817707738895,0.017643856038701156,0.04888113635970989,0.01764460053144706,1.5490845928223251e-07
227,0.5757789014034044,0.7853491500149715,0.015607242795458989,0.04673889720410313,0.015608096678373559,-9.859659566568979e-08
228,-0.8740053933788481,0.2521685700281128,0.026264010756748044,0.07647561018243579,0.026265112245953088,6.066211518662712e-07
229,0.145376659836413,0.4320681318700362,0.032857106107519476,0.09067118625605741,0.032859200613756114,-3.401635869926256e-07
230,-0.48760773026606974,0.5410745422005454,0.03003652320673827,0.08326915422820438,0.030037014786514864,2.697339302470958e-07
231,0.46143891079560206,0.7760100067052627,0.029629181417285173,0.07674738230680762,0.029632628314243313,-8.920439792392543e-08
232,0.29015666258867046,0.5681959677018293,0.027687643347265613,0.07937434685387079,0.0276895876375628,-3.3741132954290265e-07
233,0.4655533525424287,0.7186510678244181,0.02497912234873045,0.0845895376813128,0.024987590783177378,3.525424286943135e-07
234,0.7444177119513109,0.864172494216719,0.014091071379707037,0.05128028081010144,0.014092209787871887,-2.8804868912324366e-07
235,-0.21759135524964046,0.08261115803947687,0.03794763139386719,0.1208151572680214,0.0379506768533317,-3.552496404546357e-07
236,-0.1808256869700826,0.44861425757191653,0.026809642857529275,0.0829421379616581,0.026810818139502427,3.130299173759177e-07
237,0.9097054716340446,0.9550818704412527,0.00651809281525391,0.020748118144863877,0.006518441499856989,4.716340445964917e-07
238,0.7822389054660487,0.8903704249766167,0.009463132547656246,0.03970058826305774,0.009464498536961739,-9.453395133363074e-08
239,-0.04756157627938373,0.17906749709953065,0.02027284906411134,0.0700056614788998,0.02027290727675094,4.237206162674423e-07
240,0.5404819859217345,0.7554919607298789,0.022317839784570317,0.07061512808358263,0.022320092426506406,-1.4078265553330027e-08
241,0.46239514606505305,0.7041971325105121,0.02942356031503908,0.08184949875271393,0.029430536232099118,1.460650530527019e-07
242,0.2479372217247069,0.6352331032340067,0.026116511779980443,0.07102887357609705,0.02612126226587565,2.2172470690029478e-07
243,0.32449795327545594,0.6591105503618495,0.022489390537734404,0.07485067207452359,0.022490701283885153,-4.6724544067178186e-08
244,0.40143378284850284,0.6907712462691421,0.0279932216350586,0.07812143246045068,0.027999425369739785,-2.1715149717271842e-07
245,0.7547304572343091,0.8721380260992098,0.02023115997939455,0.05297529349755194,0.020235610739246252,4.5723430908140017e-07
246,0.8815296727740812,0.9398542327435536,0.010669656415234373,0.028403612843366642,0.010670431109660386,-3.272259188058513e-07
247,0.605391968613534,0.790243457374818,0.020791602916748014,0.04884983093291471,0.020793348799713757,-3.1386466092797605e-08
248,0.23650152961509285,0.5124166749510862,0.02562378022246091,0.08175825702764186,0.02562834887801349,-4.703849071363564e-07
249,0.7795479923441562,0.901025065978885,0.011087022307519527,0.04325640771078678,0.011088353001913086,-7.655843847764743e-09
250,0.7397867109575269,0.9129905132804219,0.010327918359248041,0.039023983227101204,0.010328522240056407,-2.8904247306726916e-07
251,0.8345554994712188,0.9201247765603515,0.014613486689707031,0.03329971692104932,0.014614595982993533,-5.005287811998826e-07
252,0.2088271750467614,0.5132810945693362,0.019099708654746073,0.06675406002249325,0.01910024139046583,1.7504676139146191e-07
253,0.7096036680135556,0.8501178615385132,0.020994483376562487,0.05389578314881686,0.02099771457417362,-3.319864444462084e-07
254,0.28004402380807636,0.5486472838527836,0.017437582181562505,0.06201905010880341,0.01743827036808005,2.3808076343723172e-08
255,0.9142754706618,0.9575933591844573,0.006283072818964842,0.023036365374980144,0.006283461818409488,4.70661800089367e-07
256,-0.1740913034709568,0.3713843935798426,0.022437784477226566,0.07631180130428505,0.022438572741818742,-3.0347095680838265e-07
257,-0.844140012013803,0.5024023536524597,0.036255171574707,0.09099978416476982,0.036259595974233734,-1.2013802952459685e-08
258,0.8569930766293897,0.945371267193719,0.009390580694628902,0.029337463616696022,0.009392109164595926,7.662938972252675e-08
259,0.9501006856485725,0.9781266470992128,0.005758361509345703,0.018098822249367163,0.0057587604834128565,-3.143514274439596e-07
260,0.845109146302089,0.9255339274623614,0.012585003695517568,0.03914148320468923,0.012586168572982706,1.4630208899912844e-07
261,0.8714008202936846,0.9441775957077116,0.009876728228710944,0.0252413866176385,0.009877943424176723,-1.7970631538410942e-07
262,0.7816512463664702,0.8860043410060869,0.011916622143427745,0.043140949778730085,0.011917460986215577,2.4636647022457936e-07
263,0.40363661330674605,0.6530910217460373,0.02776833523808591,0.07696734294473889,0.027772633994688878,-3.866932539731138e-07
264,0.2960236691436845,0.6797619361693525,0.026571314609960903,0.07479341063836586,0.026575192297254725,-3.3085631551132977e-07
265,0.6330266062619023,0.8054520606777283,0.012319168933740236,0.045617027463441887,0.01231968392991485,-3.9373809768150636e-07
266,0.5163143810587488,0.7250234597055919,0.02719085095224608,0.07965575974038894,0.027193869058364746,3.810587487773631e-07
267,0.8820772766867799,0.944983299489438,0.00995838514051758,0.029183393143136095,0.009959088009129277,2.766867799319783e-07
268,0.25582433634496127,0.5147964234405148,0.02082023213525388,0.0663456309994838,0.020823202379746848,3.3634496127143976e-07
269,-0.4903350938384461,0.20690316085137256,0.020428391253515612,0.08521988524959079,0.020428532350753276,-9.383844606913883e-08
270,-0.3544597908361835,0.38964848814539377,0.03359033417089844,0.08304705028173337,0.03359554064316917,2.0916381648916627e-07
271,0.6410191287019535,0.8038330368222236,0.022183459417089817,0.0593200820484415,0.02218977537051774,1.2870195353897884e-07
272,0.09461115549323651,0.3739633007215258,0.018052250942255897,0.06630448582277591,0.01805228124017575,1.554932365088746e-07
273,0.0610331466358317,0.6390064920098733,0.023500255661132813,0.06566881156724737,0.023500942999557975,1.4663583170620997e-07
274,0.6549214859142327,0.832341942305977,0.018901801414072255,0.05635864238004964,0.018903415057974344,-5.140857672891741e-07
275,0.5786941409042039,0.8050290201396518,0.01588596343351564,0.045674566941108774,0.015886587479006647,1.4090420386025926e-07
276,0.6988943609906214,0.8373610366726835,0.01988146510937501,0.049917267064012345,0.019883813926651103,3.6099062139527405e-07
277,0.5639726000177042,0.7749522041739951,0.02038990903125001,0.06550525474615256,0.020393035440609428,-3.999822957290178e-07
278,0.6113799516793839,0.8698814520065974,0.012812555772460935,0.03989396793790318,0.01281443014043902,-4.8320616174990505e-08
279,0.43495111806424225,0.6776683242067292,0.02387326426175782,0.07165783886088083,0.02387561691204446,1.1806424227156498e-07
280,-1.3826426869503816,0.33848930551841067,0.027326811586712872,0.09259858895824744,0.02732705983444174,3.130496184500231e-07
281,0.6833206086831536,0.8351295620030348,0.02215244604843748,0.06104140737251699,0.022160685579701838,-3.913168463709482e-07
282,0.8277897758436792,0.9329442613699528,0.009514756380136715,0.03140367303689793,0.009515357177314897,-2.2415632083827575e-07
283,0.03272789624581751,0.27560360105331855,0.011859460203896492,0.05356004774209502,0.011860170335983623,-1.0375418248859125e-07
284,0.8692284757027959,0.9460682027727438,0.0148830018188574,0.042818203018445175,0.014884297090280111,4.757027959323423e-07
285,0.7937350555708792,0.9026506936824367,0.007991654500458984,0.029358643417581553,0.007991903766498918,5.5570879231581216e-08
286,-0.2192562042842312,0.3942795006106116,0.0324892429422852,0.10027304829524585,0.032493583331167114,-2.0428423119778216e-07
287,0.7065359237778817,0.8422052799913471,0.023313908977539117,0.05712003359859643,0.02332008490791754,-7.622211839475312e-08
288,0.6066927967049804,0.7925133336029041,0.021900485412695264,0.05507761403180257,0.021904962546085094,-2.0329501959626128e-07
289,0.6935196643789956,0.8419239936108613,0.01933689859609375,0.05623858674951941,0.019338918967768366,-3.356210044325181e-07
290,0.33076203853934605,0.6554542680102804,0.028533257787695325,0.07777846228660294,0.028536443813159597,3.853934604780562e-08
291,0.7311924684616299,0.9703000374766,0.016483750462304665,0.049828312746117334,0.01648542932029267,4.684616299321931e-07
292,0.7871960789818643,0.8891187881227666,0.017541349368066433,0.045307420793490615,0.0175441269226614,7.898186427102161e-08
293,0.11783692916438271,0.38170824599484227,0.018140889741669924,0.06863866351669336,0.018141274802382257,-7.083561728848942e-08
294,0.7369232013166354,0.8868770846455375,0.02201990778632812,0.05880094032819572,0.022026581545380175,2.013166353620477e-07
295,0.6668650964758303,0.8261781857833046,0.025630522774707037,0.0737181275559883,0.025637325469814103,9.647583021354933e-08
296,0.562965700506534,0.7558614695453415,0.028685666029296845,0.08672758527018737,0.028691935245839996,-2.9949346591617854e-07
297,0.6612341731154716,0.8185785835137847,0.020105661265820324,0.06500115251517913,0.02011051116093502,1.7311547162446317e-07
298,0.7340871253713046,0.8658178089626747,0.016003309848124977,0.04942265603032022,0.016004591264367037,1.2537130456014012e-07
299,0.7820173607396069,0.8910522957009581,0.014529052083144514,0.03912042578709565,0.014530087757867913,3.6073960696381135e-07
300,0.2893985244178655,0.6280261787996425,0.025633172535058583,0.07120319855971223,0.025643605387167378,5.244178655217091e-07
301,-0.042327873272350214,0.24932008510594988,0.032531391095,0.10941316320996797,0.032534099748803225,1.2672764978377549e-07
302,0.3525913278981512,0.6254469640868158,0.022509017923144532,0.06607621304836163,0.022513503502325585,3.2789815118672294e-07
303,-0.2240216345350281,0.5363996661452693,0.025306876426611318,0.07690489779005516,0.025307854541276813,3.6546497189648974e-07
304,0.8735082628048076,0.9369002316786303,0.014092558377734378,0.033870578889323794,0.014094128077423093,2.6280480769358405e-07
305,0.8599658679389542,0.9390237096755799,0.011072767911708976,0.03703680003363157,0.011073797614649286,-1.3206104576557465e-07
306,0.540679008151107,0.7448896912324595,0.017697156695312504,0.059159964970813106,0.01769834658470963,8.151107011578063e-09
307,0.5126118178489187,0.7384470015067861,0.02597506416015618,0.0713096878455792,0.02598395461440022,-1.8215108121832913e-07
308,0.13783114013675613,0.6549379925531283,0.019262635471630856,0.06271259098288218,0.019263090907926037,1.4013675611601606e-07
309,0.5608375713640814,0.7938943739584153,0.029057887952148448,0.0654301158886896,0.029067848489357836,-4.286359185368127e-07
310,0.5646050351184579,0.8122360199966279,0.010729417172851563,0.04588280426077014,0.010730616739912425,3.511845791948076e-08
311,0.9078826583354912,0.9635422427620485,0.008498492792343769,0.023229624502612387,0.008499070348199113,-3.4166450879613564e-07
312,0.593588480712925,0.8267894684469832,0.01366995025935546,0.04641214536849499,0.013670844245895987,4.807129250217201e-07
313,0.41263912005143144,0.6686292609218336,0.024231797238574253,0.08206352691167695,0.024237161651986402,1.2005143146254227e-07
314,-0.8222708741989124,0.28186527953087176,0.0316849118256348,0.08623601078350185,0.03168557198755633,1.2580108754711716e-07
315,-0.12345780439208953,0.3219921448512035,0.04516485153186522,0.12411692549491542,0.045165321935919635,1.9560791046646653e-07
316,0.792373102266592,0.8911480342545695,0.008069497392470686,0.029704564118002732,0.008069756071325967,1.0226659197254406e-07
317,0.5203672291441019,0.7730154267217533,0.014577734592578133,0.06240410525082609,0.014579559374603325,2.2914410191532397e-07
318,0.8025255255877404,0.919824456504167,0.013493643266943368,0.03841562373835612,0.013494842172607852,-4.7441225958788635e-07
319,0.5930836408110913,0.8842454620642877,0.014863615353847667,0.04370329394596467,0.014864582452500776,-3.591889086163036e-07
320,0.8106444289911351,0.9076840325077972,0.014206533846113279,0.048129411971163875,0.014207924365157033,4.2899113505967534e-07
321,0.8920223706231156,0.9467732617268512,0.011579349098828117,0.028511831852625517,0.011582118950993127,3.706231156419548e-07
322,0.377442720823575,0.6481937404791743,0.02865131042366212,0.09215566054739972,0.02865374641446357,-2.7917642497765627e-07
323,0.55355478514841,0.747455852700365,0.012423843047861361,0.06038079714711678,0.012424479058062547,-2.1485159007461618e-07
324,0.6695308357705227,0.8615679764959822,0.012045320270371097,0.04374261914457413,0.01204606755841124,-1.6422947723970793e-07
325,0.5827045632069351,0.784877408002335,0.021868144238749988,0.0566594902500782,0.021870102354744608,-4.3679306493960013e-07
326,0.5747606390214037,0.8018198921383518,0.023341289073730457,0.059400431037440915,0.02334837025618556,-3.609785962366274e-07
327,-0.5430370880002087,0.4342117073155746,0.03573118622020505,0.09559092426452039,0.035732736149432495,-8.800020867560931e-08
328,0.9099355748739858,0.9543796847231915,0.008148761711386709,0.02614770214905797,0.008149309519218637,-4.2512601416966334e-07
329,0.7695115288710154,0.8858725927449388,0.01798316578655273,0.05484943204757974,0.01798487609359521,5.288710154260912e-07
330,-0.5454667189594034,0.5192952235576351,0.022602627329374993,0.0685214014002544,0.02260308754473766,2.810405966835461e-07
331,0.4911249309425485,0.7207379612248802,0.021891554097304717,0.059806027226276724,0.021892785363316354,-6.905745147944842e-08
332,0.8441326376390939,0.9302168961653866,0.009022245696113294,0.03554334924117124,0.009022896623124381,-3.6236090616981187e-07
333,0.1618419271631394,0.47579588052973937,0.03033861730078126,0.08954172091405906,0.03034923970766961,-7.283686062620198e-08
334,-0.2536199920050699,0.526925328564365,0.03324870707878905,0.09064438885854098,0.03325121247152813,7.994930106836051e-09
335,0.6658538624170778,0.8371333681820358,0.037308435414550783,0.08142049691651451,0.03732069715572578,-1.375829221661462e-07
336,0.20502953239749944,0.5292355513992498,0.012171295532636722,0.05513791471626478,0.01217163802889862,-4.6760250055344343e-07
337,-0.20508585663163004,0.1532439742038736,0.02347664843843749,0.08756694059147743,0.02347744958245749,1.4336836995365587e-07
338,0.8876644982093123,0.9531685110826824,0.009197472602138672,0.029800645990848806,0.009198022221494337,4.982093122496423e-07
339,0.8379899675805462,0.915540604564963,0.012608367974248054,0.03872101613124638,0.012609405260996475,-3.241945378817945e-08
340,0.7225922445522082,0.8569854818059578,0.013346976292187484,0.04072635223017867,0.013350037266162086,2.4455220815067236e-07
341,0.458743093208428,0.728528177109511,0.008643829281518542,0.04166983975903504,0.008643879249053014,9.320842797588824e-08
342,0.9016572179191766,0.9517025969479012,0.010426758018740242,0.03426978225425558,0.01042773800056032,2.1791917659275128e-07
343,0.7293415016019282,0.8588203822023885,0.02069702641376951,0.051464351532393024,0.020699571179721158,-4.983980718131775e-07
344,0.5133144937288481,0.7804051463229236,0.02568253586767577,0.07228878182721406,0.025685801082669518,4.937288480277857e-07
345,0.7432380043690345,0.8669974004743277,0.0187367802301758,0.04600068874248789,0.01873936092126507,4.3690345785663e-09
346,-0.7657837249259958,0.053600995167148016,0.019565226820781885,0.07009839139786697,0.019565231910166313,-7.249259957875509e-07
347,0.7329016062037024,0.8591885157921418,0.022560604374023453,0.0578317835849496,0.022569040394696177,-3.9379629768188096e-07
348,0.6844719715266709,0.8320865698560729,0.01970875894609372,0.05704596792520634,0.01971379211575776,-2.847332902788935e-08
349,0.7955840742689781,0.9028439394949381,0.015317416181347665,0.050053743963688384,0.015318999946880471,7.426897818962885e-08
350,0.6776279229757391,0.8281165870789912,0.02249299948730466,0.054119246107705805,0.022497587996363012,-7.702426085831604e-08
351,0.39296145844664576,0.6498068142989067,0.02906171641869138,0.09183553256659398,0.029063734731148996,4.5844664575689364e-07
352,-0.24246752769958446,0.4247316468626094,0.026892118328037107,0.07936164927964418,0.026892927798171668,4.723004155271493e-07
353,0.7543986096944916,0.8725795307102313,0.0139745295982422,0.0547900165535489,0.01397648301580031,-3.9030550846863576e-07
354,0.37819708657656503,0.7100996325396273,0.04324092294814455,0.11836124963905394,0.043255470550140125,8.657656502819577e-08
355,0.5345143106366327,0.870165310827875,0.0182575450046875,0.045448455016503936,0.018261455969405187,3.10636632638861e-07
356,0.6670637561666346,0.8739964574112865,0.020132586757324197,0.06742068238957867,0.02013463678348948,-2.4383336538758016e-07
357,0.8624891218241871,0.9365672797106127,0.00973331556638673,0.03271194751050099,0.009734010212805424,1.2182418718253984e-07
358,0.31969629488149265,0.57703550280297,0.022073218835058635,0.07496177950475141,0.022077129507132715,2.9488149266843067e-07
359,0.7192186211484135,0.8537097446218918,0.013737074897021473,0.05430981305427745,0.013738232690428164,-3.7885158654660245e-07
360,0.2783845569047243,0.5528051274819455,0.026000355153417993,0.07838482124332531,0.02600454592641858,5.569047242803826e-07
361,0.016002917691769092,0.5699163820568317,0.02576567121064456,0.07172131159369848,0.025766216992714197,-8.230823090801809e-08
362,0.9071329801359046,0.963054956094367,0.009575495525976573,0.023418497803991085,0.009577534103152674,-1.986409536858247e-08
363,0.3308031400177094,0.6025661525522116,0.029252927637402316,0.08938720331937189,0.029261505036038173,1.4001770937133173e-07
364,0.3795309116327257,0.7250570264839951,0.019648853377148414,0.057372882687174276,0.019651148108526948,-8.836727433125802e-08
365,-0.04073118033001233,0.1439822664751796,0.017442032140417688,0.07937317494210397,0.017442044983305878,-1.8033001232542478e-07
366,0.4265541150603388,0.6770751705802796,0.02635630570449223,0.0773969735879383,0.026367099506458918,1.1506033881225619e-07
367,0.37995526938028146,0.6300639494892021,0.028188437712656285,0.0861456517225774,0.028190485411162244,2.6938028147016624e-07
368,0.5073598720765413,0.7151481345910677,0.01620805531173833,0.049450562508058495,0.016209062737405584,-1.2792345871481814e-07
369,0.6815743155315006,0.8281628475593115,0.022102715295507842,0.0545187842248919,0.022109020960736206,3.1553150059426827e-07
370,-0.7133313834254205,0.20994331062729293,0.02811323063800387,0.08596717532012617,0.028113427927835895,6.165745795039257e-07
371,0.5108921391238971,0.803710534608297,0.03903450421455081,0.10505464697733753,0.039041685510950344,1.39123897069382e-07
372,0.557234596157627,0.7683251712866511,0.017480272123730472,0.05627176183933726,0.017483213051924074,-4.038423729868512e-07
373,0.21570116373487225,0.6594944984526669,0.021587196436787116,0.06289618496443877,0.021588245589902178,1.6373487224385919e-07
374,0.4786831794731017,0.7165944909046912,0.02123739873437502,0.062027170718431675,0.021241920943918306,1.794731016580009e-07
375,-0.21067946245945945,0.25431469491947584,0.025948333422900437,0.09016917506376607,0.025950684368318783,-4.624594594493381e-07
376,0.9372164934996181,0.9683647472723905,0.011082853382216786,0.02496083807038989,0.011083890020765201,-5.06500381858288e-07
377,0.12324327584441075,0.44471185874787866,0.02454246780136721,0.07932327811724492,0.024547110072273327,2.758444107436864e-07
378,0.8649713347915584,0.9431783219633422,0.009393143359492186,0.03293389615128471,0.009393840215695526,3.3479155836513286e-07
379,0.7345779748410389,0.8811133707498668,0.011790644700195325,0.044765049616811645,0.011792534876081964,-2.5158961025617543e-08
380,0.9070128648033616,0.9529377953592507,0.0070389048512500005,0.018083913034232273,0.007039141695842812,-1.3519663832894935e-07
381,0.013414982424033939,0.6613027138842053,0.02258438547824221,0.06462574739319633,0.022584783044727736,-1.7575966061028625e-08
382,0.7013428673084037,0.8819208777963916,0.013786638736240255,0.03612981598713208,0.01378747845572186,-1.32691596377299e-07
383,0.4667312395401716,0.7132623822363441,0.039194525438476596,0.09750791013381105,0.039217956139701735,2.3954017158711594e-07
384,0.46938079903231744,0.696110514990285,0.022951302456250006,0.07484821922133604,0.022957152475898232,-2.0096768255095654e-07
385,0.8939535388802766,0.9463664868667507,0.010218434365634762,0.02854835912630249,0.010219174857979487,-4.611197234050124e-07
386,-0.5828349565871678,0.46399053537468454,0.02510264461546875,0.07030951699578233,0.02510317099055657,4.3412832217981645e-08
387,0.5002509891657831,0.7252761166436249,0.023751571237148415,0.07060909203834545,0.023753350107960522,-1.083421685699193e-08
388,0.678974566720867,0.8267401034604484,0.022866485057343833,0.05077339064290697,0.022868387296679362,-4.332791330163843e-07
389,0.7492351790913186,0.9202526930378175,0.015902480549414073,0.043760324208951006,0.01590562674600694,1.7909131866389316e-07
390,0.6772787061974692,0.8885664481123815,0.016016719932665992,0.044936976004327014,0.016017787548960282,-2.938025307486214e-07
391,0.8283781239513255,0.9163798119781955,0.019761608100976553,0.04350196238112506,0.01976361858274595,1.2395132553688626e-07
392,0.5393719940670663,0.7473329609432308,0.0229342630327539,0.07686567774668566,0.02293632353503964,-5.93293369988146e-09
393,0.8438760565903298,0.9193707008265768,0.010527697127910155,0.04137796578656489,0.010528516704605535,5.659032986660151e-08
394,0.7905234672440031,0.9106663820081025,0.020856082094531252,0.061770799848813604,0.020859410369901348,4.672440031550096e-07
395,0.6150092140166257,0.7957054992785596,0.022519449800781244,0.06294024592307407,0.0225223952458479,2.1401662564368706e-07
396,0.4652966848756527,0.6952681429015174,0.025279079604589815,0.0822446045820611,0.025286471186542293,-3.151243473387133e-07
397,0.5295014822675952,0.743116352096477,0.02178771642749999,0.06662447051917327,0.021789488477260942,4.822675951920985e-07
398,0.8112353199867337,0.9021528116754857,0.011221642522499985,0.04245700761941978,0.011222512378312177,3.199867336656226e-07
399,0.8205426514784211,0.9094878042256763,0.012920218381513679,0.04298133361081901,0.01292135218429705,-3.485215789300611e-07
400,0.6039698348781365,0.8628526997470402,0.013509431590380854,0.04313522066890072,0.013510216604218684,-1.651218635156937e-07
401,0.8225655499006475,0.910368976305859,0.007699768234414065,0.024649480763227514,0.00769987264692012,-4.500993525669017e-07
402,0.5119804132567659,0.7348958340003546,0.02479613641503908,0.06992290120611609,0.02480260400158478,4.1325676591874583e-07
403,0.7635402343753834,0.9180004371498101,0.014036529228515601,0.04778872206252382,0.014039089519020368,2.3437538343440423e-07
404,0.74770381327814,0.8740787771109554,0.016283381881152335,0.042288133472355875,0.016285193954225854,-1.867218600848375e-07
405,-1.3492112337952746,0.3035002135019466,0.032071790255322245,0.09399042090542101,0.03207240100556446,-2.337952746955807e-07
406,0.5598209192687813,0.803143090027237,0.015643664434951167,0.05178566686707441,0.015644712837221467,-8.073121871010613e-08
407,0.7280996778619606,0.921209660411311,0.01493523913925781,0.04629282634203988,0.014938366723851479,-3.2213803935476903e-07
408,-0.2346317816921788,0.3917004313852364,0.02820882272359373,0.09567943584880585,0.028209458979478172,2.1830782120924042e-07
409,-0.5203949158551038,0.3207138147578114,0.021734416223759757,0.07332906861983181,0.021735263485196263,8.414489627295296e-08
410,0.8450015943700286,0.9200419714400099,0.012422840951249986,0.034385488315373074,0.012424010808780231,-4.056299713894873e-07
411,0.7297441383208697,0.9197276065024568,0.010162463038515627,0.03970132342966989,0.010163108826333757,1.3832086975806845e-07
412,0.761695273490276,0.8753926832221596,0.011531339583212903,0.03457213965051494,0.011532130687378057,2.734902759815583e-07
413,0.5640097349260169,0.7750168283284042,0.02875825187324217,0.07716070960069032,0.02876686058352999,-2.650739830967197e-07
414,0.30657087778976133,0.6166191555282211,0.019014953168662144,0.05795722811736364,0.019015135988888474,-1.2221023865111036e-07
415,0.8219959981860339,0.919815542066032,0.013906003507714858,0.039733616941277965,0.013907220782690475,-1.8139660884486375e-09
416,0.8859247605322609,0.9447745007619434,0.00814690588628905,0.02688567639261494,0.008147401213982301,-2.3946773908267716e-07
417,0.9040631978328033,0.9512183826400372,0.009400525165654296,0.024072214719884043,0.009401180235098474,1.978328033613863e-07
418,0.7152691962939111,0.8905663123710269,0.008876932824697257,0.03316039077673176,0.008877302978226165,1.962939110145001e-07
419,0.058504018011789394,0.5388840042313894,0.024826836562363286,0.07253681900947949,0.024827695080969426,1.8011789393312938e-08
420,0.9209639251335026,0.9605802364642307,0.008800128535839844,0.02492228804946569,0.00880255750387465,-7.486649744592455e-08
421,0.7729746623786843,0.885681011129874,0.02180988615097656,0.05742385303814303,0.021815248965269866,-3.376213156824903e-07
422,0.11810483417889017,0.606088853873289,0.0244459545988965,0.07737187239320549,0.024447549620597378,-1.6582110982932274e-07
423,-1.6172095017627623,0.44184915936639574,0.03192728758395513,0.09262743590897514,0.031927645022561624,4.982372376893807e-07
424,0.5058689089447213,0.7318135642198731,0.024432248998457008,0.07931291886734192,0.02443464945744232,-9.10552787614094e-08
425,0.7907047242329152,0.8969611176723292,0.021696057804785167,0.05109526543671867,0.02170031328396084,-2.7576708483412204e-07
426,0.7381586295544846,0.8662785464913177,0.014054238740136707,0.04705487228555121,0.014055900195329854,-3.704455153741293e-07
427,0.6667165828013987,0.8465141982428522,0.020019391777734395,0.06428830451542857,0.020021810162129353,-4.171986013323803e-07
428,0.7431060301244519,0.8678225861195028,0.021833796725683564,0.06075155925044574,0.02183624859357152,3.012445182193346e-08
429,0.42590050980858596,0.7175115473765931,0.03861167483623047,0.10151857820331933,0.03862307127635045,5.098085859578383e-07
430,-0.8214353347819927,0.47110172901983705,0.03191551597628908,0.09334184283643304,0.03191652576250194,6.65218007345203e-07
431,0.9367836249677995,0.9770808301519013,0.006706816029394531,0.021615838697927946,0.006708511494984449,-3.7503220040591145e-07
432,0.06179835252997934,0.4637794919594907,0.020362285512695328,0.0728609056235533,0.020363136595283743,3.5252997934026586e-07
433,0.8498180311831162,0.9236532968708344,0.01630838935673829,0.04339735201548377,0.01631016953182286,3.118311620031733e-08
434,0.9514817993104295,0.9760285111930161,0.006969982379326169,0.018005491157864963,0.006970498775553713,-2.0068957051755376e-07
435,-0.8793176164726506,0.2512472236680507,0.048233877797568374,0.12378624106354964,0.048234839314714055,3.83527349434587e-07
436,0.7174520502734137,0.8592532214773348,0.026870508765917966,0.0619847200493768,0.026874372222981304,5.0273413765289376e-08
437,0.7606940952997983,0.87538370655142,0.010253508817988281,0.03570325474683963,0.01025450158212779,9.529979827505031e-08
438,-0.8479519053527242,0.43389850448613165,0.029370281880898415,0.09424654047102989,0.029371327887285303,9.464727579455712e-08
439,0.0445051634089596,0.3489990700319025,0.031087371110546852,0.09484145508193159,0.031094721980559858,1.6340895959976454e-07
440,0.8660921327159945,0.930684975138746,0.009839783610253918,0.030800380018733628,0.009841693416449783,1.3271599452746585e-07
441,0.7333126995545309,0.8620509058863836,0.017920460018066398,0.05271790627422533,0.017922425846514344,-3.004454690591629e-07
442,0.7238365922523529,0.8534871025726694,0.015425710978906245,0.05190533746171747,0.015430946831872442,-4.0774764709095024e-07
443,0.9295061442719635,0.9641185478917422,0.005765934504638665,0.016965638440889164,0.005766195213410369,1.44271963486986e-07
444,0.5135258252137198,0.7771944680622574,0.03100435171728517,0.06889387131310959,0.031009372643269827,-1.7478628022704612e-07
445,-0.2947780674879994,0.4609600929982914,0.02266062410314449,0.07626671893112148,0.022661255606393985,-6.748799941114214e-08
446,0.5153343985484649,0.7813992941956273,0.03639722360781249,0.09011654815091699,0.03640663875414534,3.985484648971749e-07
447,0.6779754479590381,0.844524645954991,0.02322987086123045,0.05941222806427809,0.02323294259079533,4.4795903808569904e-07
448,0.7234796468808806,0.8677299095383227,0.013931650402343749,0.03876973589601177,0.013935043204937471,-3.5311911938951113e-07
449,0.4018407302851801,0.7138144640711388,0.018495168818164067,0.0613941770700991,0.018496087093215024,-2.697148199226618e-07
450,0.8646549073621621,0.9354956986153647,0.014158493725390612,0.03583130383565724,0.014161663033352994,-9.263783784518864e-08
451,0.6319688717597958,0.8045843412684227,0.023468711756933554,0.06808014897401325,0.023473896203996557,-1.2824020423352067e-07
452,0.7816864875177939,0.8888361951200385,0.019394858987499958,0.047477641509871785,0.019399711163717408,-5.12482206116438e-07
453,0.16838295706167128,0.4385014502082137,0.027905492549121072,0.09090765735456605,0.02791016501775686,-4.293832872592773e-08
454,0.4261981115035589,0.6621589393775054,0.026902679394531205,0.07631101717714535,0.026908145595952,1.1150355888611685e-07
455,-0.06666026608002729,0.5195743543788616,0.027021320711152333,0.07842901882797097,0.027023392540071127,-2.660800272891173e-07
456,0.07656148814343411,0.4797969025541384,0.029947360771533215,0.08374447396758977,0.02994906285344478,4.881434341047486e-07
457,0.1042284188498841,0.4774074647927812,0.013214346602500001,0.06388734596513236,0.013214783327170205,4.1884988409568447e-07
458,0.8899188057573532,0.9515980560133975,0.010283330998837895,0.033990730196778195,0.010284194660363373,-1.9424264685596881e-07
459,0.5390700500050847,0.7530333786831923,0.029337954972656243,0.0786399225658152,0.029343662717062888,5.000508462860154e-08
460,0.6225203740332769,0.7941848064938305,0.02255938608496097,0.07079885597974778,0.022563674142004102,3.7403327690643806e-07
461,0.05593284050262615,0.25571679710749123,0.012790234508605372,0.059617440745696575,0.012790247006115599,-1.5949737385001495e-07
462,0.8283866651895572,0.9127656390038031,0.012882015246865218,0.0343315410099492,0.012883161160376516,-3.348104428146925e-07
463,-0.8663239350990746,0.3422200940478941,0.027293711397060542,0.09097300136789356,0.027294461824443273,6.490092541167058e-08
464,0.1789112640063042,0.5165329550509021,0.02361585048674803,0.07265448925139313,0.0236172774830391,2.6400630420697624e-07
465,0.903695549716905,0.9513854387776305,0.006248499729179689,0.021930155318051245,0.006248808253526721,-4.502830950325887e-07
466,0.815654836716974,0.9111636775475979,0.012405268893652331,0.046376899855092885,0.012406886199506311,-1.632830259890028e-07
467,0.6395869845408859,0.8611151660579838,0.02107641367656247,0.056838399017155664,0.021078866717029344,-1.5459114099947158e-08
468,0.5701668612666551,0.7609548955687999,0.015640662275244147,0.056327306685572835,0.015641448345615625,-1.387333449232031e-07
469,0.6402204305020084,0.8482516606403577,0.023012206948144542,0.0619824797897606,0.023014564143531795,4.3050200837502217e-07
470,0.22659455298289377,0.4957608464823709,0.022930250635253908,0.07437384543907631,0.022934349918664932,-4.4701710621986024e-07
471,0.7298740970035822,0.8686988159004847,0.023411162573828057,0.06013069600270854,0.02341372243824693,9.700358216679916e-08
472,0.6368360799166602,0.8091516315262751,0.029832431025585963,0.0755488027633835,0.029841808619973032,7.991666028939193e-08
473,0.9023275243969948,0.9507599978305132,0.01240324206015627,0.03250119035702992,0.012404739340725597,-4.7560300520110843e-07
474,0.7279215242414696,0.8619322529347916,0.013376186346289063,0.055004354965153025,0.013377682185200284,5.242414695683095e-07
475,0.4880391408599771,0.7455657088143639,0.031224068805859432,0.0858124632384654,0.031234687340797405,1.408599771268726e-07
476,0.746888528368364,0.9231456267836233,0.010208434525751948,0.03406170955240382,0.01020925406004331,-4.716316360786621e-07
477,0.2702896496435788,0.5488364145982237,0.02520956564316403,0.0832255976680801,0.02521454700889947,-3.503564211526644e-07
478,0.5997055087739741,0.7859193306173263,0.025686074806445316,0.07180657422866947,0.025690703860229668,5.087739740616826e-07
479,0.8021733164826454,0.9142602823140608,0.010761199995068355,0.037957454555642776,0.010761924611702967,3.164826454238323e-07
480,0.6656953354088246,0.8202225684926138,0.02232469681562499,0.0601424008440411,0.02233335918641921,3.3540882460325605e-07
481,0.7890170390301978,0.8961900725114121,0.014921882201269535,0.04402688665897841,0.01492468048782045,3.90301978514529e-08
482,-0.10019582558869167,0.6172076426609802,0.019520583327031233,0.066541020160936,0.01952083581811087,1.7441130832629437e-07
483,0.5378331815542601,0.8875450173336218,0.015139367500488292,0.05705945818308383,0.015142899283431037,1.815542600702713e-07
484,0.892976771396974,0.9462344303750292,0.013066436120312505,0.03660780140635271,0.01306783300370787,-2.286030260645333e-07
485,0.10823311171551298,0.4781470367098603,0.013325111317089843,0.06427066050149827,0.013325555556865432,1.117155129792824e-07
486,0.4652643497619139,0.7167387628638254,0.030772624491210928,0.0778349871556233,0.0307765854285226,3.4976191387592337e-07
487,0.8571502680594822,0.9289570881680675,0.016780586385253947,0.039795780170221944,0.016782438206476475,2.68059482277927e-07
488,0.9629355714308467,0.981946209006934,0.006192614263359391,0.016192177290591192,0.006193052291569129,-4.2856915327682543e-07
489,0.677095992034754,0.836640983164049,0.011540757637988277,0.0349062706758032,0.011542114094937788,-7.965246018315497e-09
490,0.6787996643729888,0.8287415036752971,0.02212948195878902,0.05998258973494461,0.022131891373701685,-3.356270111831705e-07
491,0.44219364100211256,0.7514797518972847,0.023949877286132806,0.07713790889829983,0.023954246579035617,-3.5899788741744487e-07
492,0.6076841136642085,0.7979368414707704,0.026418022662402358,0.07389131777221944,0.026421197832493998,1.136642084897943e-07
493,0.2781243625240405,0.5903745115241593,0.03430452756151367,0.08263333935046992,0.034306863541925456,3.625240405091823e-07
494,0.28300473316227737,0.7096381132274161,0.02422141089780277,0.07325750301876326,0.02422298447035101,-2.6683772264002315e-07
495,0.8191680956272465,0.9059948192226562,0.013763927487216797,0.038462668961571606,0.013764972189829574,9.562724645473253e-08
496,0.7195828990099389,0.852044715413733,0.014598827116992188,0.04611924695467876,0.014600700852673943,-1.0099006109154374e-07
497,0.7382191491556691,0.8611107772934866,0.01562317660283204,0.04370674605827405,0.01562734550354108,1.491556691490814e-07
498,0.7909272170941211,0.8968810628612857,0.016998200028417974,0.040579165948364804,0.017004589724066457,2.1709412101333925e-07
499,0.8798855257872018,0.9503922566633886,0.007583966352128912,0.018636738675950122,0.007584245899393462,5.257872017772058e-07
500,0.2826310308465497,0.7378354471659684,0.023428467605546836,0.07640046568625408,0.023430366430324485,3.084654970342271e-08
501,0.9122906166197594,0.9638302191342303,0.008045986023203128,0.026439784484221997,0.008046567982783586,-3.8338024055395437e-07
502,0.4602906644378385,0.6917089984427758,0.02752861623339842,0.07413407434883237,0.027531635655412383,-3.355621615019899e-07
503,0.4390521933125092,0.6998934097362249,0.019508873991005864,0.05858497115483833,0.019509716059030253,1.9331250922238752e-07
504,0.8003648189612822,0.8959822271145581,0.014306788825673811,0.049762110812923435,0.014308142471386913,-1.810387177947348e-07
505,0.500598629193392,0.7355539573376492,0.03084671256210936,0.08685224837080785,0.030863118865252483,-3.7080660797439435e-07
506,0.6853495797572754,0.8345678786690317,0.013735422882304707,0.043988099075118726,0.013736205159738002,-4.2024272461915757e-07
507,-0.07088034938396337,0.45989443922957,0.028285164614375025,0.08085129099982276,0.028286952080454723,-3.4938396337169664e-07
508,0.5541388244139143,0.7651913022774934,0.022786687433886694,0.07515566928671645,0.022792999715831496,-1.755860857821645e-07
509,-0.0572445282204721,0.33247912364509,0.026780167978574243,0.08205634052167665,0.026780954882032495,4.717795278955106e-07
510,0.8633809705393809,0.9304745226822564,0.011679533071874991,0.03858090112919377,0.011680708156955934,-2.9460619055399206e-08
511,-0.06602599981316382,0.4720621946335259,0.03857076682119147,0.10360773930204964,0.03857551910526478,1.8683618541182057e-10
512,0.3943599639314841,0.659625817624443,0.02088358490277344,0.06095862741673661,0.020884773828880644,-3.606851589621485e-08
513,0.045328817026937473,0.5400760875745382,0.023387608713730475,0.07336879297717183,0.023388617897977616,-1.8297306252773593e-07
514,0.9196523161143191,0.9599742790576296,0.010042453945859375,0.0244705196734244,0.010043435305189067,3.16114319054428e-07
515,0.5382876484919206,0.7390438262131418,0.020491351729492166,0.06991295582001807,0.02049526789969758,-3.5150807942141427e-07
516,-0.2990014391154221,0.23115492920487957,0.026685279031582042,0.09097779182753701,0.026685737308150548,5.608845778937166e-07
517,0.8889872092172096,0.9516290138834588,0.01020670494157227,0.030553821929581313,0.01020759355046101,2.0921720966793345e-07
518,0.6803550579175077,0.8327597131831208,0.015283456931132824,0.04864803632754323,0.015284572123319858,5.79175076786953e-08
519,-0.4841727692905897,0.2807887485329211,0.028421020018457036,0.07934512852545085,0.028422056683415624,2.3070941029823544e-07
520,0.8281131540042523,0.9249539291649673,0.020004586332617202,0.05274321587615736,0.02001294693932928,1.5400425235068127e-07
521,0.6837652955565772,0.8815716661635552,0.02336878567939452,0.062431963290709463,0.023371557317051057,2.955565772122526e-07
522,0.372616190962367,0.6614971943504985,0.021737187966113233,0.06876431467575425,0.021741292519946977,1.9096236697491165e-07
523,0.2698483918068364,0.5815210880006086,0.04581535369873045,0.10252952189048781,0.04582000557021396,3.9180683641948377e-07
524,0.9080045488118992,0.9537544101067693,0.007977385492187503,0.025592110738530283,0.007978461303122538,-4.5118810076960614e-07
525,0.5716362174846611,0.7623559578902356,0.012243298937285166,0.04241566764216137,0.012243543328817021,2.1748466105808717e-07
526,0.6513715330971968,0.8176580031706318,0.02068548086476564,0.05647207451799804,0.020687005401075993,5.330971967199005e-07
527,0.3867558438252465,0.6386747662649565,0.026143178066044916,0.07531967322543985,0.02614469382087889,-1.5617475346285659e-07
528,0.8402799720032711,0.9189922698459868,0.011987431150390613,0.03355197423249081,0.011988371444038663,-2.7996728935164583e-08
529,0.2777410942390336,0.5586855136352151,0.03552816095559575,0.0953375925189747,0.03553128577299932,9.423903357674845e-08
530,-0.30872457167731393,0.49110139845451983,0.02583740889855468,0.07639060185507147,0.02583787095435879,4.28322686096827e-07
531,0.9171887608649059,0.9664990935333486,0.009992172381738296,0.02913173926954793,0.009993772665567065,-2.3913509417106127e-07
532,0.7862677668946321,0.8982823095706863,0.010727457436894551,0.03697218411407308,0.01072817731947817,-2.3310536789722391e-07
533,0.22436512984806223,0.4828037512241263,0.022970298423046872,0.07285138118068839,0.022974352491072058,1.2984806221916223e-07
534,0.7050964956993144,0.8432171670209825,0.01630451770108399,0.061076207926579605,0.016305935613555127,4.956993144844546e-07
535,0.8465258492317315,0.9348453976195508,0.009199554574394532,0.028853726543828215,0.009199926451981588,-1.5076826853643865e-07
536,0.4575095643747664,0.685801427109426,0.024231248198242166,0.07342700210976086,0.024233717730400738,-4.356252335524502e-07
537,0.336318372424386,0.7196043542750018,0.018800140087695268,0.05604829045294654,0.018802190616999576,3.7242438599704997e-07
538,0.4276642624155792,0.6817930267532468,0.02662779608486328,0.08311033604844982,0.026634278530002144,2.6241557921080627e-07
539,0.8452367178869368,0.9198829309116803,0.011030334767998041,0.04127696195296652,0.011031269330075673,-2.821130632435498e-07
540,0.865288171816955,0.9450473988659652,0.010971310834306622,0.03473890632937137,0.010972209076726296,1.718169551079285e-07
541,0.31161328102847763,0.6355695243978815,0.023433404780273427,0.07609879811837408,0.023437828185180334,2.8102847765554273e-07
542,0.455915796523787,0.7576551941176968,0.022789812089355488,0.0583157077070242,0.022796005850769963,-2.0347621298988372e-07
543,0.9143905564266074,0.9586488825825388,0.009299181798623051,0.027572567781372164,0.009299930197299779,-4.435733925722829e-07
544,-0.2950614379672136,0.4132688232148649,0.0329689758217676,0.10040166852153704,0.03297024501233846,-4.379672136067825e-07
545,0.274902403905505,0.5963382434014894,0.03381532806396488,0.10291779383956731,0.03382140425849336,4.039055050419904e-07
546,0.14847775541182184,0.4074739618779031,0.014584812594140614,0.057365053144052505,0.014585805174810578,-2.445881781554249e-07
547,0.4828431826757701,0.6964718103349815,0.015721902753662108,0.0529448291472795,0.01572321032350546,1.8267577006625402e-07
548,0.7549228530313198,0.8694249867148272,0.014927798047177738,0.037860943630377,0.01492894522569627,-1.4696868022578968e-07
549,-0.2586250702975168,0.34880432562015495,0.022880189526904272,0.08374739346351125,0.022880749936188965,-7.029751680764917e-08
550,0.6357026264102918,0.819352374918839,0.012577750272421874,0.05160252266371678,0.012578603083975137,-3.7358970816914194e-07
551,0.36691487133240863,0.6542968026185467,0.02172478518603518,0.07159513832542938,0.021728555670596464,-1.2866759135921058e-07
552,0.3317068602758335,0.5784307310635634,0.017437813605371045,0.06034476049402059,0.017440063916002196,-1.39724166459132e-07
553,0.4845830367285625,0.7185085213201039,0.01971184332216804,0.06857389187285247,0.019713163126916046,3.6728562524679376e-08
554,0.2106921545699213,0.4742446527981301,0.015349789377940425,0.06716121748014098,0.015349882216729649,1.5456992130680192e-07
555,0.6668329079836801,0.8364502648755165,0.019956580880761736,0.04884984200345671,0.019960507527771006,-9.201631989697034e-08
556,0.6289702529427303,0.797165762349604,0.023224522089248054,0.06335044774882416,0.023226468490766313,2.5294273031661874e-07
557,0.44822242587658223,0.7421015354363845,0.034394482528515645,0.09417238350641731,0.034403751212166336,4.25876582221818e-07
558,0.34541113046331373,0.6241641963735794,0.015155418492255872,0.058159334377201,0.015155908576898355,1.3046331370780706e-07
559,0.6968718781819148,0.8390973602254232,0.019373112535253926,0.05021869422017826,0.01938081626824059,-1.218180852857742e-07
560,0.9435062476700448,0.9820029769823087,0.0060034324974609496,0.019504889849790867,0.006003834736616952,2.476700448061919e-07
561,0.6458935087688579,0.8104218710630005,0.02098235286660152,0.06146374596190584,0.020985303639525697,-4.912311420968152e-07
562,0.7257572250113342,0.8709496877185284,0.008833218284765632,0.035923339843296744,0.008834975313092599,2.2501133423169506e-07
563,0.7059068844545313,0.8433202830506383,0.01772765040037107,0.05071447945718008,0.01772920777635495,-1.1554546863745685e-07
564,0.6679386720351064,0.8217744477081352,0.019552234627441437,0.058533405566409284,0.019555427993633027,-3.279648935761159e-07
565,0.6914887145073565,0.8379170646539877,0.012800138380957034,0.04361121170013795,0.01280279055071524,-2.8549264352584203e-07
566,0.7418290650999626,0.8756167168495472,0.01694603538691405,0.04598270369212184,0.016951021597721105,6.50999626428117e-08
567,0.8812981667423072,0.9611162116716532,0.009910974621191403,0.02453830779666216,0.009912247249659664,1.6674230718383143e-07
568,0.4721637073029079,0.7285917040820922,0.015617191977626945,0.058759529762725866,0.015617888839861855,-2.926970920635874e-07
569,0.5691453850181377,0.7606762049316723,0.017008240450976563,0.06074235241396902,0.0170108165656351,3.8501813770519533e-07
570,0.5753533736369696,0.7731082664146461,0.017411637262675805,0.062147785516965676,0.01741306878392117,3.736369695861441e-07
571,0.7805362191088353,0.8897079839831431,0.009318988919763663,0.02894536288835358,0.00931904519687187,2.1910883529763225e-07
572,0.8879550085952672,0.9456975135766068,0.00981141278332031,0.030232392141144353,0.00981219795618574,8.595267164679399e-09
573,0.5287846192586136,0.7756713921447229,0.02344151347041015,0.07082300647492962,0.023442435188516166,-3.807413863077258e-07
574,0.22790633307773367,0.6116664725415781,0.030411723888378938,0.0872629048801734,0.030415452031996307,3.3307773367186044e-07
575,0.3969699287062769,0.6715817085498303,0.029932479323632844,0.06915614712507803,0.0299355294038334,-7.129372309178095e-08
576,0.9093343784353217,0.9540147518999421,0.01042493037240233,0.03040290419694131,0.010425653461008958,3.7843532174619554e-07
577,0.5204205964189812,0.7321238247920875,0.013928259370253908,0.04506718702932646,0.013928294508694575,-4.035810188263156e-07
578,0.842632575499267,0.9399204858468246,0.014849915977343742,0.03556367128401462,0.014851897691300917,-4.2450073300948077e-07
579,0.4673354148698833,0.6990606128617437,0.023358076780517545,0.07556844947768344,0.023360008958106495,4.148698832806552e-07
580,0.4947449155406063,0.7049790950888801,0.014661726647460942,0.05265442671213277,0.01466373578895545,-8.445939370105293e-08
581,0.1513958263697769,0.5451903472868549,0.026411383942187536,0.08394403162952657,0.026412628036396463,-1.7363022311589482e-07
582,0.790273356153639,0.9184175676598545,0.012444780189150384,0.03810768569321865,0.012445892237836122,3.561536390250808e-07
583,0.34669605797894,0.6146782885903194,0.02864857258583982,0.07760510209203114,0.02865376869463943,5.797893998238379e-08
584,0.5275776025167751,0.7768100299510323,0.02593656437628907,0.06296494563757368,0.02593908881873474,-3.9748322488986076e-07
585,0.15487050120877377,0.4538173292768202,0.02547551448360353,0.08580320208579728,0.025477140632930877,-4.987912262388594e-07
586,0.7019881808720485,0.8394248154524617,0.016431999440527364,0.051505689260561094,0.01643585876753477,1.808720485607651e-07
587,0.42924246367007457,0.6677123373426731,0.027150086606347663,0.07987633011730093,0.027153000101536158,4.636700745574984e-07
588,0.8686349995648681,0.933355416258698,0.006579792901201162,0.025256303957917996,0.006580133847941234,-4.3513193048738685e-10
589,0.7693526272860793,0.8847818327371244,0.017359140286054685,0.05127293457174974,0.017360843884137587,-3.7271392061555275e-07
590,0.7275367444449473,0.8538289596528345,0.010896244562910166,0.04737948694538196,0.010896957171930724,-2.555550526750494e-07
591,0.8104326867234036,0.9047304901191165,0.011950240333867195,0.04157563112816947,0.011951289057808836,-3.1327659633095806e-07
592,0.645309529791358,0.8872276261220259,0.012744572501289075,0.04322747145802284,0.012745387685451855,-4.7020864202274026e-07
593,0.8745840862017065,0.9462858949477021,0.01313394655292969,0.03886814826886117,0.013136013136788395,8.620170643958147e-08
594,-0.23604032222202664,0.3896870818618059,0.032936686554853524,0.08668649933134795,0.03293873353442534,-3.222220266441145e-07
595,0.4503180605331043,0.6902770854334963,0.022850330197460952,0.06502924919193818,0.022853515383313986,6.05331043068702e-08
596,0.9341523366460291,0.9671159834650569,0.0053939272767382805,0.020431067789092667,0.005394281049440803,3.366460291642781e-07
597,-0.2330846441541199,0.503716683160575,0.02447838571753904,0.07298603597693228,0.02447904408559116,3.558458800956288e-07
598,0.13496490840312614,0.4208209152376131,0.018928672395810565,0.07587857494159578,0.018929370574789342,-9.159687386350868e-08
599,0.35496096241395114,0.7400823104816795,0.021210470432226576,0.07681900878565995,0.02121338457001976,-3.758604888437489e-08
600,-0.03102016141126951,0.143146729138853,0.013252425730259766,0.05499746972484985,0.013252463600088922,-1.614112695100256e-07
601,0.5086621584971873,0.7963245840645847,0.019870789248574206,0.06201001358817487,0.019872211028169093,1.5849718737470653e-07
602,-0.16299461547523442,0.29112674294155255,0.02337618779237304,0.08248851653596638,0.02337665289051868,3.8452476558425985e-07
603,0.6926685080879014,0.861930016102858,0.033658031804394556,0.07924470677247743,0.033663705158724064,5.080879014185413e-07
604,0.6253468127687993,0.806167968805062,0.030156859699902352,0.07189824990117177,0.030160787141089343,-1.8723120065455845e-07
605,0.85387700090365,0.9243366038604083,0.012969201120693356,0.037645520089366766,0.0129703149675031,9.036500436820916e-10
606,0.4543464772416972,0.6965960666552277,0.026515518044335936,0.07545025371168718,0.02651998034131213,4.772416971610127e-07
607,0.27301572276956754,0.6099732518523456,0.03550621852138676,0.09030830905880868,0.035522267766141646,-2.772304324438757e-07
608,0.9345834690104974,0.969427281914722,0.008062528773203135,0.020515927443436728,0.008062998261515037,4.6901049732817057e-07
609,0.8476970088352703,0.9274344173582659,0.01627767426083984,0.04564833704554802,0.01627982725659865,8.835270293161557e-09
610,0.6028288827933378,0.797108478652381,0.023683652396054727,0.06047906314793162,0.023685582239265906,-1.1720666215353504e-07
611,-0.12227339273315874,0.47382199868360775,0.018714689583740222,0.06356789384717089,0.018715126253487775,-3.927331587300076e-07
612,0.5587841008854209,0.7542361414282611,0.02955653613876954,0.06910362795719889,0.029561775854161115,1.0088542090613828e-07
613,0.843507608718052,0.9367491547157382,0.012530470725322249,0.038689851780828274,0.012531436526268187,-3.9128194806448136e-07
614,0.8414687837906812,0.9486300370754516,0.015297346760849602,0.04650422039120773,0.015298852791239522,-2.16209318781857e-07
615,0.8725763610212623,0.9383884877806251,0.010861303685917987,0.031732084810686643,0.010862135162812855,3.610212623295084e-07
616,0.7920373691956978,0.8901357391317714,0.015777874858535178,0.03581863880693966,0.01577908875109118,3.6919569779136907e-07
617,-0.24611220020043123,0.4706141539912478,0.026651753507333995,0.07346851323921745,0.026652392353984714,-2.0020043123292197e-07
618,0.8627518499975557,0.9312707606326123,0.010416523660546885,0.0346688887552487,0.010418097369370443,-1.500024442435688e-07
619,0.7575009686205307,0.8814459327665711,0.014000885479638675,0.04011936962313126,0.014001958316965938,-3.137946924525181e-08
620,0.8380784969182697,0.9206836496894126,0.018801399993359398,0.0437115633634248,0.01880422775244416,4.969182697545094e-07
621,0.34885353751452464,0.8637505345988722,0.028141446242871074,0.07098489635945922,0.02814504941712953,-4.624854753609853e-07
622,0.7564362938874944,0.8912674513757227,0.008429763332597663,0.031804331051674656,0.00843014672724067,2.938874944513614e-07
623,0.15365366962825966,0.5110010947533427,0.016846822077529276,0.06585925253669783,0.016847257294411687,-3.303717403535522e-07
624,-0.40307241789745074,0.5049514902873918,0.037416040619531264,0.0997138196417245,0.037417616075534135,5.821025492735998e-07
625,0.38333681564437805,0.6344044327521048,0.019527277986865214,0.07356142879844328,0.01952828456955939,-1.843556219349729e-07
626,0.33587291816708387,0.6388788480786256,0.026435314125878906,0.07236006412285396,0.026441007641613366,-8.183291611008059e-08
627,0.5060122506355034,0.725691013513487,0.020741615139658182,0.07748373204944416,0.02074332481818029,2.506355033515817e-07
628,0.5899322381376406,0.7755733596195126,0.013953021720507826,0.045949302547466334,0.01395598171026187,2.3813764060687248e-07
629,0.015031528317343668,0.37095362060165915,0.019652660440722645,0.06595780537460294,0.019654818667568665,-4.7168265633265594e-07
630,0.7537027320342181,0.87406822557688,0.019300442756152343,0.0526528034267299,0.019302634529767666,-2.6796578189713927e-07
631,0.4398348233776034,0.7086335080772062,0.020755353766123065,0.05348627885878556,0.020757144319529068,-1.7662239659710366e-07
632,-0.13748481616178831,0.384611775146933,0.033188859993749986,0.09448462232225897,0.03319268833884492,1.8383821168144188e-07
633,0.4814420674026566,0.73377908564682,0.029967723728515642,0.07584512592923845,0.029974782331140454,6.740265662275036e-08
634,0.6946704269033405,0.9119235200455186,0.011837328169326177,0.042968159650896,0.011838095238121607,4.269033404558087e-07
635,0.8605047601433368,0.9290279321547369,0.011129205649853525,0.030618767172571434,0.011130009807976364,-2.3985666319781274e-07
636,0.12355996355574783,0.3786455298238806,0.028128898113232433,0.08710064162811382,0.028130171802122055,-3.644425217164127e-08
637,0.9417319854925741,0.9717508907660137,0.008296928351386729,0.022377607928266378,0.008297641879220056,-1.4507425927234863e-08
638,0.4717653434947131,0.7021704837523907,0.025623346670898436,0.07779492925924712,0.025633322308914762,3.4349471311756474e-07
639,0.396020752072755,0.6658799400919103,0.048431923122460994,0.11413112495190378,0.048437705029591195,-2.4792724501176977e-07
640,0.4943523055791008,0.7714782358546359,0.045679831135839864,0.11157839707113411,0.04571195855168503,3.0557910080108996e-07
641,-0.5828960833442656,0.5870336515260989,0.03828457041386719,0.10037277914123113,0.038295492602380424,-8.334426560008268e-08
642,0.5434640382448173,0.7680715748777268,0.02619637767109379,0.07725377110237851,0.02620620883075305,3.8244817313071167e-08
643,0.24420203958021225,0.5282942428792845,0.030222034329296925,0.09306567980493735,0.030228793681028283,3.9580212246592694e-08
644,0.7706981994679748,0.9273751937168986,0.013593106905273433,0.04112114875455293,0.013594725990916883,1.9946797480407952e-07
645,0.6805606279384997,0.8305358644235685,0.014760473492197272,0.05498973299936051,0.014761573933434772,-3.7206150027557783e-07
646,0.5930086914150123,0.7833752947881557,0.016023755946005854,0.050714011073202794,0.016024758754256012,-3.0858498767383225e-07
647,0.5780227312348728,0.8354401274798309,0.026931652419599602,0.07718414373963708,0.026933636538994513,-2.6876512715379164e-07
648,0.7399390725983159,0.8708392471828342,0.01951894002783202,0.053549465294697174,0.019521354751089987,7.259831591444055e-08
649,0.5552843656790865,0.7762719627901217,0.02732039353994143,0.06585017489101166,0.02733038674553781,3.6567908645590563e-07
650,0.5382489069848919,0.7459738093994385,0.023494705534179684,0.07679846681530059,0.02350147030549918,-9.301510806025703e-08
651,0.4605213000315034,0.7043609056080865,0.029009781983007826,0.07470679789070647,0.029016399596575256,3.0003150336410656e-07
652,0.40583516148134546,0.6508310033053567,0.025859141674804614,0.07041465570866627,0.025861830694857674,1.614813454620112e-07
653,0.8596813011599552,0.9279706271452888,0.01307670339896486,0.03492185186027433,0.013077854869299006,3.011599551960842e-07
654,-0.22262759760507334,0.19790226766154786,0.02033069826153906,0.06965383797027595,0.02033073194460119,4.0239492665739007e-07
655,0.41429290657932993,0.6709710207156795,0.0210178107000976,0.06825623798793903,0.021021302336313528,-9.342067008866195e-08
656,-1.4958749270434426,0.13331647308833186,0.035084555015404285,0.10833320853623424,0.03508480306882131,7.295655746197838e-08
657,0.32310850479810893,0.5831676641485144,0.020463751108808565,0.06069914907201841,0.02046480432955409,5.047981089245646e-07
658,0.5180596127862818,0.753733159680232,0.0317168959779297,0.08239092632380242,0.03172054155632968,-3.872137182003854e-07
659,0.4928246818780959,0.7397874389323782,0.021608330970976575,0.06443722370865139,0.02161015465214377,-3.181219040970795e-07
660,-2.288379475583521,0.24836768195465753,0.026565264814941404,0.09713461257578716,0.02656589974499283,-4.7558352100907086e-07
661,0.8007101648421693,0.9061944558278346,0.012425805365292983,0.04219543971691371,0.012426719550089008,1.6484216924794737e-07
662,0.8398044925261824,0.9362518930584648,0.012006969522558593,0.027954885142641432,0.012007624796415017,4.925261823940374e-07
663,-0.18301939333478723,0.33857781627393335,0.034025271152968765,0.09868094889113363,0.034026600249668346,6.066652127600936e-07
664,0.6257122427643589,0.8272983628997311,0.027048222229882825,0.06511086700153607,0.02705715858704948,2.427643588376327e-07
665,0.5495190959542589,0.7589046020301093,0.03252133529882821,0.08300701581483104,0.03252848718767512,9.595425887187758e-08
666,0.7791416175620136,0.8835565346894384,0.021363474104003924,0.050165216809568765,0.02136844002689766,-3.824379863903715e-07
667,0.6033151776723791,0.8297474558940209,0.01677290283474609,0.04516187058972455,0.01677409540432329,1.7767237903143496e-07
668,0.8851640427038205,0.9474614988847795,0.01303719940976563,0.028797616899827218,0.013041594536673883,4.2703820590794805e-08
669,0.454613246458379,0.6826453747522188,0.019116686340312505,0.056453880237259224,0.019117709253419702,2.464583789829611e-07
670,0.7350422989681599,0.8627970180065622,0.01791978636026365,0.04941560834029749,0.017921208300435826,2.9896815989527425e-07
671,0.6816947428651803,0.8281143751127159,0.021842002429492167,0.06321231779874423,0.021851586150589897,-2.5713481976996633e-07
672,0.7595688079013518,0.874741154764683,0.017309070573261698,0.040820562122160814,0.017310366179043208,-1.9209864821068123e-07
673,-0.9473319854981432,0.07772562393891384,0.034183340621874,0.1191300369963872,0.034183618309454995,1.4501856715476436e-08
674,0.2603872595852257,0.5488807866942573,0.018828423561084,0.07458896571189631,0.018828620729881413,2.595852257036846e-07
675,-0.2582654059923559,0.53621556361937,0.03163392029782223,0.08826925065710696,0.03163525116151969,-4.05992355900775e-07
676,0.7439220391671162,0.8767324649219481,0.01580867799033201,0.039263719646973755,0.015813087121788003,3.91671162169871e-08
677,0.8582554800415702,0.9303482249950311,0.007931733225683593,0.026634166791337458,0.007933460095595833,-5.199584298676285e-07
678,0.9200751673475654,0.9594658420352505,0.008103883525781258,0.021948601612550873,0.008105117244581617,1.6734756547176488e-07
679,0.41251925128461675,0.6830777482599318,0.020864183608105446,0.06791148017761155,0.02086759586694781,2.512846167257443e-07
680,0.7121864668496789,0.8655330797047378,0.01973619925322268,0.05437350192794937,0.019741832338307508,4.668496789150822e-07
681,0.5860219581292601,0.7780711516237838,0.0235949180991211,0.0674855293562897,0.023597590146283962,-4.187073998629387e-08
682,0.6879923092135474,0.8564524359998129,0.029262214516796878,0.0702386354674982,0.029275935377751326,3.0921354732260653e-07
683,0.24171385741971518,0.5071771200165824,0.02670910977470704,0.09077235235144993,0.026713591067763505,-1.4258028482871943e-07
684,0.7378891934059646,0.8721618397800849,0.020965531246679683,0.04861067739543502,0.02097267782716623,1.934059645769537e-07
685,0.8451180866909633,0.958042777890083,0.009291353575927735,0.0278912788873592,0.009291897330047214,8.669096329683157e-08
686,0.5961924802328361,0.7972669930269559,0.027469813913769542,0.07722122666207523,0.027474117863461205,4.802328360531405e-07
687,0.4826382295145806,0.7116181858975985,0.022408215111738274,0.06531895796281093,0.022409496899553922,2.2951458056308383e-07
688,0.05700188752194901,0.38635395647610654,0.02538196479866214,0.08110012470201601,0.025382945119985185,-1.124780509842438e-07
689,0.8507205328048042,0.944507396923009,0.008084726984589832,0.03351972210377704,0.008085274319741341,-4.671951957524456e-07
690,-0.4218675624921855,0.3445466500235951,0.029648119778710944,0.09262244220928122,0.029651901095885533,4.3750781453244514e-07
691,0.6062514764267782,0.78854570617462,0.0322245250944336,0.07890755006621276,0.032228872395464826,4.764267782508824e-07
692,0.6102150849713501,0.7962935091686034,0.021239433263515645,0.047364558257145965,0.02124083597412563,8.497135017826452e-08
693,-0.5830256212051255,0.4061810412475048,0.028858874023310558,0.08664160010881249,0.028859348291202725,3.7879487457814776e-07
694,0.8418203510105126,0.9250765993903994,0.02061019616884765,0.04913768453783385,0.02061389300670057,3.5101051254482485e-07
695,0.7945144220223054,0.8956750974277748,0.016698834631054663,0.03797571647215292,0.01670437370114772,4.2202230532417673e-07
696,0.32740609745462823,0.6015320488610834,0.01684221028254886,0.05928952925057843,0.016843075069016004,9.745462825616613e-08
697,0.552743947089043,0.7541312686236629,0.018375437334023435,0.06745523242563435,0.018376908046611552,-5.291095706017046e-08
698,0.5778715932806415,0.7758759494916613,0.021782069113583977,0.06115891891217573,0.021783875610741722,-4.067193585255424e-07
699,-0.2122373326516871,0.5907922927936198,0.02120042701424996,0.06434890712723047,0.0212005866271489,-3.326516870849616e-07
700,0.749449363449341,0.8853156114270155,0.016661943835058608,0.056242424610121834,0.016665465299539342,3.6344934095655645e-07
701,0.9469977256387112,0.9764745095186532,0.0070173933920898435,0.0214325735742122,0.007018484808588487,-2.7436128879898547e-07
702,0.5902772563176513,0.7773386414385347,0.022355038459687497,0.06206681649481762,0.022357001738900917,2.5631765121492123e-07
703,0.7808527788914544,0.8837132250733287,0.016664330787500008,0.04731597565954127,0.016666070763619693,-2.2110854558388127e-07
704,0.09102031389698095,0.4809121001766019,0.026657394795898428,0.07479908378273685,0.02665949510290327,3.1389698094963503e-07
705,0.7457962214737117,0.8679732143110628,0.01767031719921874,0.050214469070683304,0.017672077675691924,2.2147371170344599e-07
706,0.44940345694256234,0.7585488206770847,0.038061188666308546,0.09514692887116777,0.03807037407297078,4.569425623435208e-07
707,0.6174624579730622,0.7922136046664653,0.02013605280608401,0.060499576725038445,0.020137879711510757,4.579730622511491e-07
708,0.6898432083609299,0.8436926733174156,0.025710197053417958,0.06647721750071582,0.02571365113474714,2.0836092995413225e-07
709,-0.3756733886323478,0.531780180418007,0.026401582640234383,0.08774772606115333,0.026403230477729953,-3.88632347803064e-07
710,0.39014832781420905,0.6366558834893539,0.025739991141816413,0.0772178480027626,0.025742103556338877,3.27814209055699e-07
711,0.4701395422267117,0.7113830617885537,0.028346962777734318,0.08271002572556806,0.028360628851565636,-4.5777328827600883e-07
712,0.4804334347394086,0.7568690409961158,0.017190967536816395,0.04675892962701973,0.017191846485440625,4.3473940858351767e-07
713,0.6091823983219347,0.7955364511646864,0.021987152690478535,0.05808626299352375,0.021989253622271242,3.9832193465816346e-07
714,0.8787641336518294,0.9420391554143147,0.012552667896289069,0.029238082150940904,0.012555874904045597,1.3365182938152032e-07
715,0.7712341395655309,0.8871505473867543,0.019405564233007794,0.05445253028536205,0.019407908776315652,1.395655309099908e-07
716,0.8755151999130518,0.9379724709726992,0.011926068508203136,0.030847586277022537,0.011928855925160053,1.999130517793546e-07
717,0.7987626035773514,0.9112964027364064,0.011111128380585911,0.033002953847839384,0.011111857552568199,-3.964226485964062e-07
718,0.8170624464222622,0.9323875599015592,0.009606091746132821,0.030973255609179757,0.00960671831541872,4.46422262267987e-07
719,0.5285510272469838,0.7412600780230163,0.018442710539960896,0.056009734807620434,0.018444003162654266,2.724698378031576e-08
720,0.7141953710320526,0.9263232335964124,0.009794540529218757,0.041124315862813815,0.009795181900783954,3.7103205252631e-07
721,0.881659856150409,0.9532957107136887,0.010372944844355468,0.03689096898420996,0.010373933039281956,-1.4384959101665373e-07
722,0.9255865073396186,0.9676556007675173,0.006220148424072271,0.024283282205042313,0.0062205645165130784,-4.926603814903174e-07
723,0.498664191487038,0.717909801935976,0.023783370748437484,0.06424574227296187,0.023786405751092886,1.91487038003757e-07
724,0.6946168566978492,0.8369890370704673,0.021248178056347655,0.054422921960973696,0.021250989772679377,-1.433021508123744e-07
725,0.5621433497348696,0.7554010246242631,0.01601671784479494,0.057495007293812586,0.016017528142712126,3.497348696201996e-07
726,0.8457947128589354,0.9238381675256044,0.012492927231621098,0.03870774258809263,0.012494033745979237,-2.871410645921557e-07
727,-0.12816436816756127,0.2303613200876468,0.020353501005693348,0.07582819355586613,0.020353900794570286,-3.6816756127100447e-07
728,0.7538050076851863,0.8733355616759534,0.019292791967382834,0.05153551309236144,0.019297053156168715,7.685186376171771e-09
729,0.6483801088904098,0.811288075321264,0.012783441192949224,0.05450662761265172,0.012784176847795063,1.0889040980011089e-07
730,0.7626335895295202,0.9177614743816132,0.018729910855000004,0.045192190384751404,0.018731692213079732,-4.1047047982800677e-07
731,0.3437586956954032,0.6286525355688635,0.028131152550585965,0.08937635216536167,0.028138080224723916,-3.0430459679875455e-07
732,0.7748986617468547,0.883851277809125,0.015193247429775398,0.04887503725663371,0.015194674993042738,-3.3825314527113903e-07
733,0.8545763514776515,0.939744018026753,0.011622440410244147,0.0370470696729752,0.011623343077556515,3.5147765153897836e-07
734,-0.011272691534873758,0.5503464731349987,0.03020534877637694,0.08633436711057331,0.030207072005255037,3.084651262422883e-07
735,0.6353869998412685,0.8162804499738406,0.01810693656541017,0.06703343763019792,0.0181084244272624,-1.5873158343282512e-10
736,0.817085787002233,0.9082781387351204,0.016866873292216773,0.04515358972878498,0.016868376331346666,-2.129977669795835e-07
737,0.8896138180497386,0.9481818962576329,0.007470351453085942,0.027596069004678998,0.007470819794968771,-1.8195026141309967e-07
738,0.4652339129363354,0.7011684821687203,0.015028347996679677,0.058433667286890166,0.015030250020710898,-8.706366455557557e-08
739,0.011950275752185102,0.6554666037577526,0.019711857998291043,0.06145284646597678,0.019712185261370606,2.757521851016326e-07
740,0.9207115057998698,0.9609916563423382,0.009280881516367186,0.027591964241996815,0.009281577840199335,-4.942001301522225e-07
741,0.4927805878930679,0.7118490875312812,0.024954204976240214,0.07865643935597023,0.02495595139646409,-4.121069321350035e-07
742,0.34459301470209225,0.5955118614295172,0.020469580282529293,0.06890105632644974,0.020470841865713046,1.4702092265839184e-08
743,0.46094585392131027,0.7016458371872022,0.026407171516015553,0.0832964321225092,0.026416231179111526,-1.4607868975557992e-07
744,-0.13047767390600606,0.2532126128031527,0.02173278101270507,0.07997297075135791,0.021733561177351934,3.2609399394645244e-07
745,0.18228675387670024,0.4866048359479543,0.025694100497167995,0.07962820005860936,0.02569733665014329,-2.461232997685858e-07
746,0.7791068910179635,0.8887516175444223,0.011610040870068348,0.037454894163431354,0.011610895898648395,-1.089820365063332e-07
747,0.8972048523000562,0.9522337771722268,0.012746502368457034,0.030349546822355536,0.012748924043152633,-1.4769994383101448e-07
748,0.20216708317242305,0.47345479153926834,0.00955091704291416,0.050680667480009066,0.009550926307459764,8.317242303212957e-08
749,0.8456518739199078,0.9212581119952263,0.02115113763457031,0.050799584416695555,0.02115436043368843,-1.260800921443206e-07
750,0.9113187533509947,0.9620270479519121,0.007513558632558595,0.023428793952779577,0.007514050245156843,-2.466490053310011e-07
751,0.884357889903445,0.9425550662974675,0.013382125620410143,0.03644726646444677,0.013384577009704843,-1.1009655498384063e-07
752,0.927774795281091,0.9650073821465056,0.008255603843486333,0.023608362895403513,0.008256173918012191,-2.0471890904705248e-07
753,0.5583389978522335,0.8419346687480639,0.014856290903222658,0.0631178836354841,0.014858715607870412,-2.1477665201885543e-09
754,0.5735354383775009,0.7793049213869709,0.022881461558916,0.06897503157382104,0.022883347834422158,4.383775008554025e-07
755,0.548223359027326,0.7801668636370598,0.03233239259755856,0.08442859642859,0.03234960617885199,3.5902732598014353e-07
756,0.9002510925498777,0.950184184267013,0.0082742313475,0.028161628407834132,0.0082748496828291,9.254987765050515e-08
757,0.45386652686196494,0.6975923843513185,0.028480388968261723,0.07937436235610167,0.028483693486871384,-4.731380350841974e-07
758,0.6240665924496227,0.8512071136084639,0.00885879343398438,0.041145903479510415,0.008860284704072779,-4.075503773348643e-07
759,0.7027224558982053,0.8909680237625582,0.009679861612402365,0.037579024943807014,0.009680371727334833,4.55898205298233e-07
760,0.9352063615219528,0.9687667584647277,0.009118986902441409,0.023574995104380273,0.009121412473919321,3.615219528185776e-07
761,0.6930923727049924,0.8539630712244446,0.009780260328027316,0.03263854965134904,0.00978044272027606,3.72704992313011e-07
762,0.8539949358192316,0.9263262540857381,0.014854302227451158,0.039424080014574814,0.014855748167131762,-6.418076836656184e-08
763,0.17786424966441505,0.5189333756010823,0.008620552897390034,0.051219331725035414,0.00862056021066815,2.4966441505847037e-07
764,0.8719106364123659,0.9421518568835668,0.013457310840527344,0.03879561491811604,0.013458684125625337,-3.6358763411126205e-07
765,0.6201154869217147,0.7927720072455287,0.01499954509557618,0.053818251688011146,0.01500056489728028,-5.130782853024485e-07
766,0.359453085100623,0.6187440493834281,0.02431230652910158,0.07245924095771185,0.02431482290659642,8.510062299293963e-08
767,0.8060086076434598,0.9047758534873583,0.018921210081835935,0.050943926034369355,0.018923624299160786,-3.923565401464657e-07
768,0.8899115990200313,0.944493500184681,0.01195488506669921,0.034604656482469784,0.011956118910671719,-4.0097996878429853e-07
769,-0.40490349207476517,0.4325895929415615,0.024065430500624988,0.07344398439110322,0.02406629804037078,-4.920747651571133e-07
770,0.6472222645846996,0.8491487183612373,0.030800433818945334,0.0776991362904237,0.030805397255403537,2.64584699594117e-07
771,0.890649473477931,0.9438141035794726,0.011207091911835936,0.030762945195646076,0.011208070196922921,4.734779309734094e-07
772,0.6601887788038148,0.86821354258417,0.017214952623535115,0.04771703590161432,0.01721700936230843,-2.2119618525717755e-07
773,0.7716323854973224,0.8950192823334923,0.01424235448935547,0.03731839499910562,0.01424447647334678,3.854973223971214e-07
774,0.4863031343556299,0.7144874089704532,0.024619846373242184,0.06492679519936202,0.02462367555670539,1.3435562989938532e-07
775,0.659673824165525,0.8167695380702495,0.027504670031933597,0.07186084207228716,0.027510069383733415,-1.7583447498026317e-07
776,0.8364743192057426,0.9181244749686083,0.012180501970234374,0.041474918922861925,0.01218158525838997,3.19205742504991e-07
777,0.857314736305494,0.9424473830023838,0.015344173282226578,0.04686656815910042,0.01534598794376633,-2.636945060086049e-07
778,0.6245003197101638,0.8457647504375061,0.018649036546943356,0.04947360290028668,0.01865054216847105,3.1971016378751216e-07
779,0.3827548412546854,0.806449066160734,0.03286351649580077,0.09320935503913637,0.03287386604684022,-1.5874531461568253e-07
780,0.6009057887525299,0.8476645936054003,0.013467875432890635,0.05197614344541177,0.013468737917665367,-2.1124747018319567e-07
781,0.9310762415067557,0.971613816692906,0.011044945052832019,0.029687522702123093,0.011046365940255093,2.4150675570489e-07
782,0.7968123019040211,0.8931226418444768,0.008117256432246096,0.03204140760841001,0.008117662312114637,3.0190402111607284e-07
783,-0.24794612284338946,0.24313405069316543,0.024944548783056627,0.07896750401439588,0.024944930970829712,-1.2284338946066953e-07
784,-0.3537567793491565,0.07764120040146469,0.027386348679248024,0.09592040982518688,0.027387440736467178,2.2065084348543706e-07
785,0.878918431168304,0.9563867077264174,0.009872812282031252,0.022361505303210287,0.00987361169130042,4.3116830406031426e-07
786,0.7211724058335341,0.8670851324263241,0.018228208577265623,0.04401264233922293,0.018229635524408747,4.058335341117214e-07
787,0.6557175109655324,0.8651915979707738,0.018899733440341775,0.050131809315193704,0.01890113673406932,5.10965532440899e-07
788,0.54168841046518,0.7691550039981385,0.02255888229708984,0.06351309874682201,0.022561119065769766,4.104651800673764e-07
789,0.8429033749692929,0.9368817700092393,0.01266529208448241,0.04420646351141004,0.012666419076586465,3.7496929294889014e-07
790,0.5054931272763907,0.7791655215375003,0.028897078765527325,0.08113172667896995,0.02890911659105772,1.2727639076004493e-07
791,0.9387280551664087,0.9700702248252849,0.0059601949703320355,0.02039237177136063,0.005960585842722557,5.516640866343181e-08
792,0.7146103303429086,0.8545241757434447,0.026351128595996105,0.06315500709593619,0.026354150639627025,3.3034290858324766e-07
793,0.7737812228428581,0.8868556241522179,0.01713809684062498,0.048397430595921144,0.017140393996228354,2.2284285805529436e-07
794,0.4596934212528907,0.6921766409963004,0.011960269251718772,0.059680334072861226,0.011960757672248508,4.2125289068106753e-07
795,0.24085377722391588,0.5353578632697943,0.02594816180214842,0.08034939755344295,0.025953271998809656,-2.227760841355675e-07
796,0.4287127998142807,0.752000411372435,0.0321825003176758,0.09414575288397556,0.03219223100861598,-2.0018571933455576e-07
797,0.8461370783191697,0.9212574954974432,0.01204576421854492,0.038936617476214574,0.012046706801312815,7.83191697051322e-08
798,0.2632256440514964,0.5507343840997257,0.033739691092773486,0.09850256676672979,0.03375436390210924,-3.5594850361642116e-07
799,0.8860337565752506,0.9447042122086139,0.010801060159414061,0.032967409442864554,0.010802081118651094,-2.434247493576791e-07
800,0.796251299225692,0.9380000085351452,0.009518085426953118,0.031176545088155178,0.009519944894005632,2.992256920020253e-07
801,0.8571476239877861,0.9366648261087646,0.010028850104902343,0.03335349950383559,0.010029403132609891,-3.760122139206956e-07
802,0.9014345273443721,0.9508954886733464,0.008725658766250003,0.02594393346132562,0.008726124474801115,-4.7265562785892e-07
803,0.4525014203321135,0.6870245077236792,0.0315798743822265,0.08679304585133002,0.0315843335595083,4.203321135043403e-07
804,0.15576367884612896,0.4885261324555423,0.0199758649624121,0.0727731430217241,0.019976177474526794,-3.211538710523598e-07
805,0.7671015490972398,0.8846164656689858,0.012367720991210928,0.04184869341841863,0.012370186469572823,-4.509027601296012e-07
806,0.6079092094493049,0.7912712035675877,0.02171091461572267,0.06323781420207616,0.021715322535211995,2.094493048998558e-07
807,0.19116204451286878,0.6540056281499046,0.018339452210576167,0.05184173653622301,0.01834092157388327,4.451286877982241e-08
808,0.5901838813915502,0.769943247854635,0.018097360626757826,0.05267545368188067,0.018100824992525372,-1.186084498394635e-07
809,0.7534806749316119,0.9014579804106763,0.016738508680175776,0.04270076080831319,0.016740195497604995,-3.2506838809620575e-07
810,0.5426378497185158,0.9006441537746306,0.010646612649863293,0.05165473301398743,0.010647245007525188,-1.502814841458644e-07
811,0.7718575594432732,0.9121598857745978,0.029031907552929684,0.06384324212106045,0.029036365906889218,-4.4055672687726144e-07
812,-0.2514024749061212,0.5271631715614139,0.031335217191240244,0.08205215163400432,0.031336030027177365,-4.749061212061534e-07
813,0.8681188719732421,0.9457260395646796,0.011690996625908183,0.043023383118926034,0.011692111946171181,-1.2802675786183215e-07
814,0.28855303355383555,0.6035004097204916,0.009408640934453125,0.05397089377996283,0.009408821508367337,3.355383554337621e-08
815,0.1750187578887602,0.5918865764726041,0.02606987491835937,0.0764374676917774,0.02607153992172409,-2.421112398065528e-07
816,0.5780614528323129,0.7848451756645047,0.02708470872518557,0.07030912372799111,0.027086492672200698,-5.471676870483222e-07
817,0.8281427046480427,0.9125635128884116,0.012099827891943344,0.03914743730372829,0.01210085213553703,-2.9535195722463214e-07
818,0.8292029364776691,0.9394981816899637,0.013697533065029296,0.0438212200587907,0.013698745144383353,-6.352233095086035e-08
819,0.7524544369740371,0.876219131997439,0.020712601333984355,0.04982384286298352,0.020721971274767947,4.3697403717679606e-07
820,0.3655857039016127,0.6281093942279329,0.028876795611933594,0.08119772759114609,0.028879277931712178,-2.960983873090406e-07
821,0.6480436986108301,0.8466004452115549,0.025838673867285163,0.06889060428957798,0.025843799196619936,-3.0138916984334685e-07
822,0.8297821177238167,0.9161395776763499,0.008676097578261719,0.026688472281303846,0.008676509492686635,1.1772381669494791e-07
823,0.5131958049276084,0.7398821572092543,0.03627686394853515,0.08970568913744978,0.03628093899457827,-1.9507239157334766e-07
824,0.030402660536350323,0.4529989242828977,0.028730509058203176,0.08204524956318257,0.028731794177628285,-3.3946364967618603e-07
825,0.8348670221665629,0.9167151935174229,0.017135377743847647,0.048073327500386634,0.017137541680670616,2.216656291853525e-08
826,0.5065716877611758,0.7667028218837533,0.0244991790251953,0.060897376289879124,0.024502299905186292,-3.122388242404739e-07
827,0.9282954832358921,0.9675520183223827,0.009491201144189446,0.026342053686959604,0.009492049900225842,4.832358920792146e-07
828,0.7884540558967199,0.8885682025706516,0.01388136614824221,0.03954330501370151,0.013885320134780853,5.589671991934608e-08
829,0.2737381712940249,0.5546122255116247,0.023615900902929723,0.07873353829988661,0.023620756416325644,1.7129402490878576e-07
830,0.43790372255762167,0.7452060065239499,0.015266823881015627,0.04670797733517206,0.015267548344810996,-2.774423783491464e-07
831,0.9298580138035318,0.9644037060069959,0.008505267926660166,0.023288900888095626,0.008506913104106109,1.3803531873080033e-08
832,0.5108540128651232,0.7321603146989546,0.020071850188759767,0.0652996613472475,0.020073243323434648,1.2865123188987582e-08
833,0.6732804449079066,0.8250580256597786,0.01869358183261721,0.0553902908418034,0.01869566868802577,4.449079066271011e-07
834,0.06841903938857952,0.4942968981024453,0.0316615053995117,0.08313864677411666,0.03166537514584483,3.938857952301422e-08
835,0.901391023944243,0.9505337211151964,0.011315574746855468,0.030975025640173928,0.011316446539529554,2.3944242921736247e-08
836,0.5769231211002744,0.7659941285243789,0.02435335640810547,0.07388351587925913,0.02435580328709132,1.211002744749834e-07
837,0.5773589250531204,0.7703633958672313,0.02097523556884769,0.06245290823656016,0.020978065656751244,-7.494687959130886e-08
838,0.3644274114087316,0.6347286991962688,0.032866371762499985,0.0879687173119472,0.03286978007272644,4.114087315820747e-07
839,0.7093397580161966,0.8594054888810186,0.01665435565161135,0.045639498355427625,0.01665530530114416,-2.41983803328516e-07
840,0.13976053132686383,0.4986871229736853,0.02846057472685543,0.0780430168560296,0.02846390745477007,-4.686731361613905e-07
841,0.5683600181239636,0.7677462901394565,0.01634626784262694,0.05734074938044176,0.016347024592493938,1.8123963663185805e-08
842,0.4409798230604558,0.6773083475626488,0.02015258014013673,0.06452224084620167,0.020155621665772897,-1.7693954418307456e-07
843,0.4427362122279134,0.7294902998714419,0.0386890958496094,0.09188163073111028,0.03869369981174276,2.1222791335429037e-07
844,0.8847472079736598,0.9412641027875575,0.011252840893652343,0.03298964494737777,0.011256623963550894,2.0797365984925875e-07
845,0.6902284095167367,0.8332858457449271,0.018221081695136757,0.04876663047676657,0.01822267198535197,4.095167367434982e-07
846,0.05441632376898786,0.6262167114032955,0.029450106850556657,0.07913679811935932,0.02945191000310296,3.2376898786296016e-07
847,0.27447308724815167,0.5757097712744951,0.033997938433105494,0.09614376210415909,0.034000163960417745,8.724815164784516e-08
848,0.46747303624808856,0.7162556107277712,0.02636405637918945,0.07123791205609625,0.02636665319922306,3.6248088530754785e-08
849,0.4825962605192222,0.7063341670104878,0.020456465258984344,0.06108136891791485,0.02046031771174597,2.605192221949437e-07
850,0.8985809783669927,0.9491295140590834,0.009110393874912123,0.02733168100268108,0.009111184615764772,-2.1633007274424187e-08
851,0.6651614135592491,0.9192113233159344,0.011049574750097652,0.04142324507869898,0.011050767005193998,4.135592490683848e-07
852,0.7431145456514427,0.8686434176584471,0.0175693057490234,0.04881720708685797,0.017573118003251734,-4.5434855722170653e-07
853,0.324968662891321,0.576726849259171,0.0217934595094726,0.0690906021406968,0.021797017523831085,-3.371086790271427e-07
854,0.42509479742574874,0.772876337377638,0.03609641273808594,0.09372274966050918,0.03611374605054084,-2.0257425126235518e-07
855,0.8837531068350135,0.9405360673909102,0.009367055331708967,0.03101900772293234,0.00936783780209477,1.0683501350250424e-07
856,0.6803535817492032,0.8898145021038381,0.012337642650185542,0.051473889102881115,0.01233849362239495,-4.182507967742666e-07
857,0.8825754374001136,0.9544777131705096,0.006718483248632812,0.0215320767342552,0.0067188145923494855,4.374001135731831e-07
858,0.7930371351635828,0.9332510351096139,0.01867068832939453,0.04941716328294596,0.018677564456071466,1.3516358277065876e-07
859,0.1977536922783949,0.6475122464017031,0.021614053442871133,0.062545359303974,0.021614968639664507,-3.07721605113942e-07
860,0.7912226695137792,0.8911725229383547,0.011481449180810536,0.046261204123793746,0.011482388024718158,-3.30486220834203e-07
861,0.663802681124884,0.8294703431667482,0.02182210180173831,0.05342289032874776,0.02182426028087856,-3.188751159788339e-07
862,0.7558339668110321,0.8749545274844485,0.01588938593105468,0.052078728700064546,0.015891064276932033,-3.318896790727166e-08
863,0.8660005693315707,0.9317814325342778,0.010767521400703117,0.028519052659627973,0.010768328665690866,-4.3066842936312355e-07
864,0.15374896834640572,0.5791973232877986,0.02155136641220704,0.07168351731358544,0.021554440696218213,-3.165359427348413e-08
865,0.8354997278066751,0.9143684064920765,0.011701877816406248,0.030012487396783374,0.011705203323196384,-2.7219332487948833e-07
866,0.4166476020065679,0.6580294918999777,0.024202187126025405,0.05635725380817507,0.024203391748195423,-3.9799343209967475e-07
867,0.763535501764829,0.8746747981289805,0.018015653177050762,0.04969684229469367,0.018018543938903096,5.017648290195353e-07
868,0.9184575910747359,0.9622305376745978,0.00984227693320313,0.02689089437120293,0.009843880904017123,-4.089252640948615e-07
869,0.4545053513874714,0.7903212577847543,0.022849593751855506,0.05883744603216561,0.022852248301011298,3.51387471397846e-07
870,0.7874509962938077,0.9013912000979026,0.020072954093749987,0.05137968697074701,0.020075799794204055,-3.7061923530146146e-09
871,0.8340155404597505,0.920197183315721,0.014968314545781255,0.04081139598272362,0.014969796947139211,5.404597505087594e-07
872,0.14966656532945866,0.4908559179590097,0.01421888319140624,0.060600978901575474,0.014219303551700382,5.653294586627222e-07
873,0.5203834159860439,0.7324585123732501,0.016592017812988285,0.05874552760192281,0.01659588922568576,4.159860438335272e-07
874,0.023605679211890718,0.1644814666661665,0.009626140296290372,0.05657439542104416,0.00962614399099022,-3.2078810928079515e-07
875,0.8224519921304163,0.9193998011276688,0.012893152978613273,0.03703617774199026,0.012896216774100189,-7.86958365139867e-09
876,0.24856888657020937,0.5341217489556538,0.03333698111552737,0.10079468924115303,0.03333850144887524,-1.1342979064354886e-07
877,0.9032022696905194,0.9567000619566711,0.00968647234960938,0.032107336862897524,0.009687242299667768,2.696905194721211e-07
878,-0.619548664216667,0.25460598936247536,0.03559404475820702,0.11074346453204617,0.035594336881107774,-6.642166670012273e-07
879,0.8633471743722316,0.9301104705935338,0.014429539590332012,0.032468571482681834,0.01443129427264194,1.7437223165384097e-07
880,0.9229749813666873,0.963256321684046,0.011463850016513682,0.028140708389510195,0.011464993541963203,-1.8633312670601754e-08
881,0.5215179108015549,0.7352819674802132,0.02921143198240229,0.08457620389606749,0.02921407718913411,-8.919844518562314e-08
882,0.5798263729624413,0.7768868347733137,0.013755456678603489,0.05015909258505685,0.013756386812433331,3.7296244137507983e-07
883,0.848226924074727,0.951853555507734,0.007870128919248051,0.029091318950965072,0.007870575208881642,-7.592527295763318e-08
884,0.46179890441570637,0.7065517448323573,0.021785994216894516,0.07395300341675926,0.021789090176423866,-9.558429364675547e-08
885,0.89042295224308,0.9455321889679971,0.010758067335917967,0.02771206085787076,0.010758933171823902,-4.7756919974162315e-08
886,0.6801574729400874,0.8289955896331772,0.020935990471289054,0.053684756888387655,0.020941854661786084,4.7294008742593263e-07
887,0.905962598772711,0.9566319388104564,0.008897140420419924,0.028340426487259453,0.00889802856762051,-4.012272889486468e-07
888,0.7331434168041174,0.9088260615814785,0.009412104316552733,0.03270619891015326,0.00941254075874864,4.16804117442382e-07
889,0.1060345057755282,0.4632875766455831,0.023037894679687487,0.07083245294955272,0.023044618845975934,5.057755281950849e-07
890,0.833708791037926,0.9152976106789638,0.01112174511376954,0.038617645925159906,0.01112458489545547,-2.0896207408860334e-07
891,0.054463333864601116,0.4489338387902754,0.02802766548629884,0.07889189683781898,0.02802794769970423,-6.661353988829388e-07
892,-0.3593590527108177,0.564727395239687,0.02793291481249996,0.07343973967635735,0.02793364053797857,-5.2710817710632796e-08
893,0.8237966072813225,0.9081612290508572,0.010494751572109384,0.035198687352799636,0.010495376737621062,-3.9271867746659694e-07
894,0.8972918124025959,0.9554670549813075,0.008949176798437491,0.0273811321343684,0.008951043428446659,-1.8759740405549508e-07
895,0.5132473220677165,0.7414644870224077,0.025257900817089837,0.07065417952189003,0.02526496301345566,3.2206771649612165e-07
896,0.618575685621445,0.7904881360358625,0.02248525973603514,0.06411263558656338,0.022493311075026584,-3.143785549664102e-07
897,0.5447703074126715,0.7930719244825699,0.02666520503076165,0.06652910850659083,0.026668138112597897,3.0741267154077434e-07
898,0.42509095344234704,0.6707014663744724,0.02279886130654301,0.07597014027228223,0.02280469657686404,-4.655765295513703e-08
899,0.28248853885147973,0.6662728219617828,0.01356380762324218,0.05682086802659335,0.01356564052169968,-4.611485202588028e-07
900,0.6562317110774778,0.8162242176637671,0.012297716608388663,0.043029157524592,0.012298379774167192,-2.889225222402203e-07
901,0.8225164074274324,0.9093467739683004,0.01313653984852539,0.04940150326000483,0.013137689769227832,4.0742743234734036e-07
902,0.6085248524802017,0.8047371857637886,0.03613614808369126,0.08756633114355666,0.03614316600223392,-1.4751979826588268e-07
903,0.5288287415360995,0.7479275669385839,0.02780886142246091,0.07017888900903198,0.02781820231301546,-2.5846390050432433e-07
904,0.6531239417452719,0.8160798352385379,0.011198954894218752,0.03424534231196741,0.011199076522909236,-5.8254728152462576e-08
905,0.4985598734182225,0.7196688858785308,0.023402633227441405,0.07783874248065817,0.02340966869904321,-1.2658177750424215e-07
906,0.36023774588564283,0.701848083056764,0.025720710017089827,0.07973550148267966,0.025730222503506574,-2.541143571677118e-07
907,0.35015068241443204,0.6124743088168592,0.026969113392705038,0.07600485857789528,0.026971021332463666,-3.1758556795491444e-07
908,0.1782956812510953,0.5214035679518149,0.01661730694628903,0.06422931944020664,0.016617733639170976,-3.187489047151715e-07
909,0.7220403711565468,0.85203786323894,0.010666801511337904,0.04772750355751452,0.010667391700784838,3.711565468300648e-07
910,0.6695500638347692,0.8264411386602962,0.024720575385156218,0.06742699051458052,0.024724462416790608,6.383476924831655e-08
911,0.7854070810166951,0.8933887768763467,0.009278191619023437,0.040855484212831666,0.009278755838175305,8.1016695130387e-08
912,0.6830607885321425,0.8954148786340135,0.016047051372285133,0.04767096703048202,0.016048356920403645,-2.1146785755821185e-07
913,0.8437672803596127,0.9203688510825332,0.012478093017773443,0.030934573670667133,0.012481772728001534,2.803596126366159e-07
914,-0.4279293914061113,0.3541686898871474,0.03612979310082231,0.09242490972083763,0.036130119080991924,-3.9140611129973024e-07
915,0.8113605878430136,0.9250603939616333,0.010568799446357417,0.03157579125462596,0.010569445083658407,-4.121569864290464e-07
916,0.46621723948099536,0.6965699591955797,0.020338442304960964,0.06806462095517897,0.020340130782948537,2.394809953676358e-07
917,0.1685363186055444,0.4564701519160341,0.028192510148701118,0.09107349176197248,0.028194774979713476,3.1860554441931477e-07
918,0.8127695961987527,0.9104807516652658,0.011655246258007818,0.03842632622140993,0.011658832516055638,-4.0380124732841693e-07
919,0.2612609069858417,0.571363281912395,0.02248955412166016,0.07228563744779719,0.0224905322549245,-9.301415831997062e-08
920,-0.954829303538407,0.41279834019577777,0.03152091041160158,0.08460532219304148,0.03152141821313821,-3.035384069649538e-07
921,0.18944422035153585,0.5156251385127479,0.02847738085021482,0.08272373758518625,0.028478394258431045,2.2035153585120426e-07
922,0.896686685291876,0.9484428316359989,0.01033403464179688,0.02963649560203969,0.010336306889712167,-3.1470812400513637e-07
923,0.04386649097472384,0.47274781222848533,0.027624467548574196,0.07882082073740822,0.02762558981909894,-5.090252761658087e-07
924,0.7680474377468018,0.8802045760396702,0.018233260556357416,0.04661597910267721,0.018234734808226294,4.3774680180685976e-07
925,0.731106463449051,0.8838147448283851,0.01358792725649414,0.03449871161500513,0.01358861883566116,4.6344905091366684e-07
926,0.8181614626750346,0.9150260150037451,0.010876330423144521,0.037599759075211875,0.010877720770990357,4.6267503461816517e-07
927,0.5403106147473762,0.7575732734630257,0.03369131067011723,0.09800250943987367,0.03369575647811822,-3.852526238024012e-07
928,0.3210475896036954,0.5834769479389911,0.03227103380468747,0.09114397569650003,0.032275508348835365,-4.1039630460648624e-07
929,-0.9839928583719753,0.18441827503473832,0.02788409160917967,0.08151838376206373,0.02788426619820296,1.4162802475237157e-07
930,0.34913791330469135,0.6521381453595291,0.02264442403662111,0.06974392721986354,0.02264775177949928,-8.66953086542388e-08
931,0.8399598498215138,0.9385801494523682,0.013880347120410162,0.03842900783619093,0.013884776022395816,-1.5017848620235696e-07
932,0.3788588484443206,0.6561536215546007,0.036043691944824235,0.10398453899461561,0.036059237413818314,-1.5155567939517667e-07
933,0.676609355888844,0.852281003504383,0.02037342666910156,0.05254517654128985,0.020374816187148422,3.5588884395032494e-07
934,0.6589281859446954,0.8144037996298323,0.022577174328417948,0.06423639977674561,0.022579774886251146,1.859446954188826e-07
935,0.92795791617768,0.9663020344126906,0.007038487540498053,0.018591323049419076,0.0070388709107017085,-8.38223199739474e-08
936,0.7721383516680358,0.9216606835423378,0.01160700267792969,0.03239054509576905,0.011609417903552228,3.5166803580288786e-07
937,0.682375694949453,0.8948653229968356,0.01768499769960937,0.04321801738175171,0.017688975667213315,-3.0505054693374944e-07
938,0.07170757727178034,0.4732434294911155,0.020353635968173824,0.07279160158824166,0.02035448667071381,-4.2272821965116947e-07
939,0.8691448811119916,0.9393218844840886,0.01159163200527344,0.033861436972710754,0.01159338053747551,-1.1888800832693391e-07
940,-0.024560819820984126,0.48967567669131296,0.03717447145163081,0.09820574473679465,0.03717680084178707,1.8017901587397134e-07
941,0.2639210518795162,0.6107253418973464,0.05681970601503913,0.12552583556807137,0.05683694051568457,5.187951618301767e-08
942,0.9321829819351483,0.966828540065759,0.006598120722324222,0.019554736493859918,0.006598503754051733,-1.806485172561878e-08
943,0.7591464834439844,0.8732281854630369,0.012659737042216797,0.04076960301562184,0.012660666605577485,-5.165560156283888e-07
944,0.6975341808190494,0.8437063930269733,0.02410407051738283,0.06549199300192514,0.02410753085450361,1.8081904940014937e-07
945,0.3496811817782388,0.6964718806792601,0.01743137959489259,0.0713797849123356,0.01743229679623446,1.8177823879472754e-07
946,0.49337556312096764,0.7067637244463983,0.016968394173535187,0.06201732811907938,0.01697145862835671,-4.3687903233946557e-07
947,-0.4435036372727641,0.09385625760985149,0.02723077783562502,0.083469696893336,0.02723198890889017,-6.37272764114627e-07
948,-0.09787432814876773,0.5354956676553383,0.03992718894766608,0.09914503384583104,0.03992961787710254,-3.281487677281314e-07
949,0.6122804847097594,0.7897402522949575,0.011997136395742191,0.042851062544380716,0.011997360147348753,4.847097593296823e-07
950,0.6336702263725973,0.8307524370063232,0.02531489132900392,0.06739042018275158,0.025317920752406922,2.2637259733393478e-07
951,0.7119183881358282,0.858367744145279,0.018471819163964835,0.05661196702137369,0.018474302932385427,3.8813582814434255e-07
952,0.7113864701168663,0.8527489906320012,0.022490307368749973,0.05835233695044983,0.02249318624691521,4.7011686632458805e-07
953,0.8993122147685326,0.9545357678406661,0.00916477216142577,0.026899686652152643,0.009167143005535148,2.1476853262480944e-07
954,0.7459791219804309,0.865160557189551,0.013901039036308594,0.05120967317483505,0.013902149483010483,1.219804309782191e-07
955,0.547113516253047,0.7559057980304207,0.03437200326005862,0.08461846301533987,0.03438202346070634,-4.837469529395122e-07
956,-1.463554103466949,0.42380206080518606,0.034973173948105445,0.10058801749978129,0.0349761562666673,-1.0346694900853493e-07
957,0.8376971652704649,0.9214142533428652,0.015401991618066426,0.040330812121135984,0.01540369114736031,1.6527046486913832e-07
958,0.8733265283837404,0.9422291283889146,0.013878446980664049,0.039702246676668655,0.013879916204494084,-4.7161625960079334e-07
959,0.8076870901962893,0.8998348665536432,0.01196752519717773,0.04445199742730992,0.011968559316728059,9.019628921524969e-08
960,0.38868422154823246,0.6430012777926544,0.027487147598398497,0.08717374640643186,0.027489066349249098,2.2154823248188293e-07
961,0.17798059436123215,0.6384936181514911,0.021700138707792967,0.07507950011287934,0.021701349843634712,-4.0563876785304487e-07
962,0.5300474691659618,0.7557431486170987,0.019203902764921885,0.056091838307250785,0.01920547102626153,-5.308340381704468e-07
963,0.5456018043780864,0.7501435262085208,0.026880693137011732,0.0722802710431739,0.026883718574244268,-1.9562191366784276e-07
964,0.5129702127702531,0.7322536930003793,0.022853703423632833,0.07763580253288546,0.02285574899968341,2.1277025308297226e-07
965,0.7135619986187752,0.8584843054558153,0.02003643546484377,0.05067641038488109,0.020040884194427636,-1.381224801200176e-09
966,0.29653861034079454,0.6634474393462602,0.01564555542662111,0.04733697447154251,0.015645917654804744,-3.896592054575265e-07
967,0.58444951426208,0.7741166950320744,0.019915876522949214,0.06022978438016077,0.01991882643541217,-4.857379199973977e-07
968,0.6950949553374337,0.8564827650401536,0.01838450186210937,0.052387621043133256,0.018388511456805163,-4.466256631197041e-08
969,0.8619693358994459,0.9337113206976414,0.016557551581249993,0.04178528375200181,0.016563083999130465,3.358994459246034e-07
970,0.3049805923211555,0.6256286155104058,0.022003538450878955,0.07636538018007956,0.022009437970679807,-4.076788445162016e-07
971,0.6728112943805333,0.8280855489773868,0.009870566074873055,0.04034133268294431,0.0098710117800757,2.943805332833449e-07
972,0.6571350436480745,0.8153409837208893,0.02506099777294924,0.06473883188955044,0.02506364466175194,4.3648074488089605e-08
973,-0.07118015174982384,0.2273449692234605,0.018141364668617196,0.06930486449532278,0.018141463571504493,-1.517498238456927e-07
974,0.24608016269977162,0.5313448820125058,0.030346140499316488,0.09345603518199667,0.030352945711698002,1.6269977162752802e-07
975,0.6017531566096957,0.7806013021939621,0.02055979137695317,0.06712605668797102,0.02056197301257079,1.5660969576725137e-07
976,0.5739669113882231,0.7939030704600408,0.019400269396093683,0.056684453009976946,0.019403205712318936,-8.861177691610322e-08
977,0.7728100933973535,0.8943633848550379,0.013880245013369116,0.04963187277836225,0.01388148844242138,9.339735351776568e-08
978,0.847416339523982,0.9269482819445469,0.011112302149609371,0.04210015480265102,0.011113822940690164,3.3952398204029066e-07
979,0.5519767625120025,0.7703369459498407,0.021073746619824273,0.0657298894986418,0.021081470429987086,-2.3748799760081596e-07
980,0.3946617030117048,0.6591488847719819,0.02678369022343749,0.0749723218891792,0.02678670238812103,-2.969882952341685e-07
981,0.6737969147175502,0.8404564927517716,0.023348661786035153,0.057407167966272876,0.02335255332791463,-8.528244976879762e-08
982,0.648785228605151,0.8329324951596677,0.021637874452734403,0.06773705624199,0.021644810151198693,2.2860515103140244e-07
983,0.7346315062952089,0.9078989545436009,0.01345608144052733,0.05182810208862409,0.013458231405106704,-4.937047910491543e-07
984,0.7017243017881201,0.8418653612746523,0.01315903650856447,0.041292089021991815,0.013159920512012152,3.017881200495509e-07
985,0.3283615340650634,0.5968039638384458,0.024851817488691415,0.07395557525660673,0.02485309871936456,5.340650633955946e-07
986,0.9415565598817794,0.9789667755487219,0.0073988152678710895,0.02171060562730307,0.0074000902294167155,-4.40118220534913e-07
987,0.16729373182196583,0.4653239979759402,0.029567039047363294,0.08401613052754332,0.029573198801624564,-2.6817803416845365e-07
988,0.9147572277855849,0.9649330837665497,0.009254278993261719,0.027704764505283384,0.009256965656289591,2.2778558483871336e-07
989,-1.6409411029092467,0.17435509435640206,0.04393765722307615,0.11747783950732386,0.04393860868157197,-1.0290924667977208e-07
990,0.3756049541401678,0.6408960148606893,0.03239841525975583,0.09781186599484809,0.03240098638721698,-4.585983220950496e-08
991,0.6106817775937647,0.8370855491311936,0.022309097117187517,0.06692244117960554,0.02231880254891052,-2.224062352063072e-07
992,0.5945351598384292,0.7737685617493486,0.02145616108514647,0.06493049998850137,0.021457503416778816,1.5983842915900937e-07
993,0.8667915602926624,0.934258042758302,0.0095842715614453,0.030233776352268867,0.009584896583254144,-4.3970733765164027e-07
994,0.8845465096859327,0.9660799014377603,0.010532918099609392,0.023525650157354205,0.010534791797662419,-4.903140672363193e-07
995,0.04854203869628748,0.42727812655811787,0.03004526036835936,0.0873798183527284,0.03005768866655574,3.8696287479877967e-08
996,0.6773406906112351,0.8293066445809079,0.01875027033964842,0.04815047719918466,0.018752541176746962,-3.093887648297766e-07
997,0.8889842569914527,0.9474284054983594,0.009004520881445318,0.02723213781929618,0.009006818862295525,2.569914526739936e-07
998,-0.6338048776912673,0.28267116083807076,0.040159366606904306,0.10499377981009214,0.04016104844076851,1.2230873269736264e-07
999,0.43985026873662847,0.7404035746938791,0.022329299124707033,0.06549953797829935,0.02233318974502613,2.687366284503945e-07
1000,0.8670915744338785,0.9315960667618293,0.015783705529687515,0.03565955216379367,0.015786817103445195,-4.255661214536133e-07
1001,0.2939297315840188,0.6578861732980675,0.024335079899707027,0.06345794079748374,0.024337557777043224,-2.6841598121940535e-07
1002,0.6828040791078454,0.8491062881458759,0.024719682443457028,0.06248950473822765,0.024723294912416448,7.910784538545101e-08
1003,0.6872501676547185,0.8824950848314942,0.010713896353876958,0.0416896700066425,0.010714442957398805,1.6765471844149005e-07
1004,0.8533396072907824,0.924976775663564,0.01323000124516601,0.037110441166999776,0.01323118715170719,-3.92709217589271e-07
1005,0.8482605164470058,0.9386252410872803,0.007828803021152339,0.02611606989031294,0.00782918693723417,-4.835529942015526e-07
1006,0.8873684228887966,0.9610880816702405,0.008695529206152354,0.030121170523721947,0.008696226109277148,4.228887965362915e-07
1007,0.8249667161727525,0.9144627542545711,0.010593105437666008,0.03260740229111702,0.010593845540029956,-2.8382724748254873e-07
1008,0.5836981135985062,0.7796204549585343,0.02472914841033203,0.06951393022983238,0.024731577361115555,1.135985061573308e-07
1009,0.9126727044319761,0.9554777184097599,0.011554515639658215,0.028897559978704194,0.011555529295772473,-2.955680238336811e-07
1010,0.5810095516786162,0.7841802943421137,0.025291096120800802,0.06848500049507479,0.02529386927233437,-4.48321383794692e-07
1011,0.527213866838425,0.7622216930712935,0.026850075879101508,0.07425462964825195,0.026858501423228175,-1.331615749888826e-07
1012,0.4887570620285461,0.7132258825594487,0.022448711658300743,0.07022904356979863,0.022452956041619593,6.202854607728625e-08
1013,0.12412476187244847,0.5247867653735332,0.018914420432031225,0.06354911719920792,0.01891761263538959,-2.3812755152452514e-07
1014,0.8798475699248979,0.9381458712384404,0.012984129770214833,0.03703504914093211,0.0129861538739704,-4.3007510208692423e-07
1015,0.7220060101602943,0.867019829750546,0.014438604613476552,0.03898857521489203,0.014440393927020165,1.0160294272587578e-08
1016,0.45886731755333865,0.7107584654253253,0.02205150690379883,0.07032141219119613,0.022053350741229737,3.175533386245988e-07
1017,0.5469127692078066,0.8233835637552531,0.021851194760839857,0.05858197571577158,0.021856485234558957,-2.3079219335642165e-07
1018,0.6204192973492499,0.8266422043321598,0.03263482194462889,0.0774749791279601,0.03263930433946099,2.9734924988922273e-07
1019,0.7158800631919902,0.8579085070519501,0.015027606704941403,0.04929412114472424,0.015028879940077688,6.319199019610977e-08
1020,0.6840495375108767,0.835892829563228,0.022451439316132825,0.05936165741866199,0.022453550481353612,-4.624891233317996e-07
1021,0.4781694274693762,0.7058010174552402,0.02874334354785159,0.08580103196329289,0.028751158132757887,4.274693761741055e-07
1022,-0.7916033335886332,0.12794890591112693,0.033764925259820326,0.10415016000191023,0.03376525243552709,-3.3358863327226373e-07
1023,0.804057052007309,0.9022007834536032,0.011111511896709,0.032936580416933314,0.01111223216103904,5.200730901488981e-08
1024,0.7763546066747512,0.8905062643010101,0.020667639533300773,0.05268595235484502,0.020670307925361783,-3.933252488153016e-07
1025,0.7139271441746683,0.8493886126425851,0.016309671021875003,0.0533693265360401,0.016311458638668154,1.4417466831506687e-07
1026,0.9069250546297244,0.9523824541949546,0.009952474026074229,0.028635512979996777,0.009953664607786761,5.4629724410837355e-08
1027,0.5780499683642122,0.789494791879181,0.0235518843592774,0.060351106551758356,0.023557115480609563,-3.163578776721465e-08
1028,0.9274852962898892,0.9683381927345612,0.008095134924726573,0.02097159889977588,0.008095822509247026,2.962898891789578e-07
1029,0.32241076321851114,0.597594153296776,0.014051470719062514,0.0579103631664818,0.01405265789828178,-2.3678148886041583e-07
1030,0.23851462307565985,0.5369267375574409,0.03043158327128907,0.09424286813317365,0.030439321382066686,-3.7692434015634824e-07
1031,0.7820501242326385,0.8978536777066554,0.011984925327412134,0.03688280319170739,0.011985948947229043,1.2423263850980248e-07
1032,0.7496919087021241,0.883679554043583,0.012339345986757823,0.04574435728156416,0.012340153657465599,-9.129787592598859e-08
1033,0.5299982023778136,0.7598053582361873,0.02532870663007812,0.06765445630525382,0.02533725174491535,2.0237781361842622e-07
1034,0.8124814871147559,0.903032295335681,0.013245242020976572,0.04010387186231991,0.013246133169553682,-5.128852441638188e-07
1035,0.7232405903852485,0.8567728927818957,0.01148617898526564,0.033815443179201814,0.011486291722885797,-4.096147515619819e-07
1036,-0.2958546060215277,0.4022982545288691,0.02333695311170896,0.08106129990821685,0.023337504833894112,3.9397847229061256e-07
1037,0.7393090580052017,0.8713858820150877,0.017784413257421857,0.04998247215536692,0.017786504123234306,5.800520175291979e-08
1038,0.744362661255428,0.8856417033243796,0.010811018895859366,0.04531656279163528,0.010811718439233689,-3.3874457194826846e-07
1039,0.16851238984451244,0.484121513631269,0.013545369433681642,0.05841074331500653,0.013545988454469157,3.898445124494998e-07
1040,0.18847439661662935,0.6355380534392125,0.018768652561142584,0.0644826347371696,0.018769726947257846,3.9661662934453723e-07
1041,0.548014984831159,0.8008660352849621,0.01569586800304688,0.052410065057316574,0.015696918740660152,-1.5168841072110695e-08
1042,-0.3824083876909925,0.36548421169492634,0.025573096224912124,0.08392310606195982,0.025574375605301482,-3.876909924760419e-07
1043,0.8438384172835879,0.9391530709664073,0.009647358735615244,0.030997184288119185,0.00964801965197586,4.172835879057146e-07
1044,0.4328757952947069,0.6838558033421792,0.02511053451894531,0.07814083860631647,0.025116640062698214,-2.0470529310534502e-07
1045,0.22536231264583728,0.6089289696352461,0.014741105568261723,0.059459413756238345,0.014744346353473697,3.1264583727486084e-07
1046,0.7263918986126259,0.8596304161908049,0.021280154967480466,0.05760556415109969,0.021282870093451756,-1.0138737416287569e-07
1047,0.3338242423297192,0.6346292398677597,0.0324858875470703,0.08481091753321994,0.0324902584290465,2.4232971918003443e-07
1048,0.6678836596635517,0.8213098523534788,0.01608251754628906,0.04704342022552533,0.01608503446653374,-3.4033644835673726e-07
1049,0.8085085335901352,0.9049862385787707,0.017492759509121082,0.044742310321616956,0.01749433960697144,-4.664098648410331e-07
1050,0.4556855738250123,0.6813665844620518,0.01254641441736327,0.04472074240642602,0.012546967420937317,-4.26174987688821e-07
1051,-0.9246054524969312,0.433994491737214,0.029234708986279334,0.09319308118599394,0.02923571942741354,-4.524969311470173e-07
1052,0.7026170206078542,0.8928036284430103,0.016758597131044915,0.03799287205179493,0.01675998757782714,2.0607854200882514e-08
1053,-0.6160921298635975,0.40411443289197435,0.017860708476171872,0.07158699094668752,0.01786097568583445,-1.2986359754219023e-07
1054,0.6998022795607379,0.8602047525303245,0.0102372992703711,0.03668362046599886,0.01023770283037897,2.7956073789248137e-07
1055,0.8018146553661811,0.8987160439367613,0.011783531137939446,0.03647490487609036,0.011784189743930834,-3.4463381892724243e-07
1056,0.37183810550926233,0.6495510065448243,0.037111738408593706,0.1023363985441276,0.03712260780792882,1.0550926232699709e-07
1057,0.8146254109196395,0.9306154708682961,0.014070860476992185,0.034190379132113126,0.014072080602228912,4.109196394264103e-07
1058,0.8188426249428338,0.9270756734674407,0.009788927652412105,0.03629429611210105,0.009789553920915624,-3.750571662131108e-07
1059,0.2578731063549977,0.560792222925589,0.0373553790374024,0.09778135294154876,0.037359814125544726,1.0635499769762191e-07
1060,0.5272747828328964,0.7294119398153439,0.02592132248857423,0.06788259354839492,0.025924073470886332,-2.1716710363328673e-07
1061,0.6606576934783714,0.8221108478818929,0.028876734298437484,0.0747900926282518,0.028881221842470512,-3.065216285236261e-07
1062,0.4555662677018504,0.6805583835575856,0.02018486541406246,0.0632128578552862,0.020187743164737947,2.6770185035385197e-07
1063,0.43838771368940566,0.7018135484980644,0.02997467753466795,0.07926147296346447,0.029986895038338318,-2.863105943440303e-07
1064,0.021029856316198803,0.5028376224316167,0.020256938181240226,0.06342081957093307,0.02025798245673661,-1.4368380119728075e-07
1065,0.6758886919060059,0.9500872699583296,0.01225204292226561,0.040449874596788934,0.012252681051206795,-3.080939940947047e-07
1066,0.8763895006957307,0.9372518505009865,0.007329583030722657,0.020802787291949836,0.007329720053608797,-4.993042692635896e-07
1067,0.9152604429878057,0.9585311273109817,0.009458094409619157,0.02481068563197994,0.009458864252297765,4.4298780577101127e-07
1068,0.17943500378648503,0.6576824509596207,0.028931818370371135,0.08458423623046082,0.028933315795034116,3.7864850144231355e-09
1069,0.46297224485682975,0.7465247448178975,0.037210528021777385,0.09710245369838828,0.03721752655806322,2.448568297563902e-07
1070,0.7688418794286926,0.9143445091287384,0.01732069760957028,0.04768469836300039,0.017324640940393286,-1.205713073826331e-07
1071,0.9466676439716954,0.9745205541844081,0.00686671691708984,0.020501773909086706,0.0068672293030432735,-3.5602830450454093e-07
1072,0.7003236250624203,0.8698779726125696,0.02182848517626956,0.06087880496233536,0.02183153355041281,-3.7493757965023633e-07
1073,0.35154729326870926,0.6040131115281356,0.027817685397460948,0.07691346872765684,0.027823740577957463,2.932687092616071e-07
1074,0.8176188594907516,0.9403004945421901,0.011349512754882808,0.031097041387588807,0.011351811584137545,-1.405092483475201e-07
1075,0.8237736624275128,0.9081596477169275,0.013873993394208979,0.042146566676829283,0.013875256246493677,-3.375724871856889e-07
1076,0.010314263965668147,0.6387667156112199,0.030879537397558575,0.08646257231050647,0.030884538218898524,2.639656681464875e-07
1077,0.38352031666741115,0.6627103353678131,0.041909112341210926,0.10315003483764547,0.04191731852819305,3.1666741112656993e-07
1078,0.696468458905606,0.8541147257690531,0.016459577375585958,0.04263710473806235,0.01646202799538349,4.5890560607109165e-07
1079,-0.49470859886998286,0.32554951464748255,0.029101755919794935,0.0885094688928205,0.02910304852412834,4.011300171469223e-07
1080,0.87793609408275,0.9426494351219548,0.007218768929804687,0.02746053567767049,0.007219187800508561,9.408274992406263e-08
1081,0.5214572709494862,0.7390097546301196,0.030976930019140644,0.089823311318961,0.03098048230010409,2.7094948629180493e-07
1082,0.3183596826271661,0.6277902766458371,0.030736440994042994,0.08843346253135656,0.030742690918547082,-3.173728339023185e-07
1083,0.7653346535960784,0.883996966086347,0.02448935610488285,0.06682078201188232,0.02450609656498235,-3.4640392154727806e-07
1084,0.8748194208260642,0.9354226603973861,0.009488552771679674,0.034848475638689265,0.009491200620184853,4.2082606421800506e-07
1085,0.8689496047695016,0.9344140572586755,0.01497709015595702,0.04432627770120868,0.014978920560576925,-3.9523049844003566e-07
1086,0.3746533905975049,0.6308525532585756,0.024763512799511705,0.07284180764099595,0.02476891336632116,3.9059750489567335e-07
1087,0.49876854901983536,0.7278033125571804,0.025357407517382774,0.07750520485919744,0.025362871494050768,-4.5098016465683344e-07
1088,-0.1947037448612816,0.38948019778616394,0.023957545737607427,0.07927975919889661,0.0239580837681279,2.5513871837468116e-07
1089,0.8787151135285379,0.9383285853666807,0.0102650552111426,0.031139436448811612,0.01026581639586647,1.1352853790391748e-07
1090,0.3228996183945183,0.6929675710846461,0.029296056183613244,0.08408095892286042,0.029298675310858915,-3.816054817140646e-07
1091,0.688756662968294,0.8414309317155405,0.02449728560273436,0.060478507932842075,0.024508154015673116,-3.3703170598808896e-07
1092,0.8935772355682206,0.9457902898245588,0.012143999968554699,0.03233815487769752,0.01214629763144856,2.355682205967824e-07
1093,0.8590631988817502,0.9278357136831166,0.007759689913193354,0.031037077175213767,0.007760134360144575,1.9888175017968024e-07
1094,0.4544996219341343,0.7202151693354633,0.022926291631640627,0.07255629546868535,0.022927915214636763,-3.7806586572486367e-07
1095,0.7286323794761316,0.8572622328260466,0.017305117082236355,0.04280909553757603,0.0173062195412051,3.794761316289197e-07
1096,0.8942892714967382,0.9566441543470827,0.012368949038769504,0.03018520823661949,0.012370374474546132,2.714967382022593e-07
1097,0.39566850557004507,0.6603981049091538,0.02375678971845702,0.06837191154795001,0.02375967780470886,-4.944299549225484e-07
1098,0.8879011803927619,0.9426154157490049,0.010958691661259767,0.03570550711725547,0.010959669699772648,1.8039276183934305e-07
1099,0.86912624411221,0.9418561090195642,0.009241433637500013,0.027966753387021894,0.009243680171613049,2.4411221000164574e-07
1100,0.778099227653575,0.8887759352209776,0.018079122098242195,0.05053325193949353,0.018081334136114006,2.2765357499121563e-07
1101,0.425111110932327,0.6617677608673923,0.02558066135846683,0.07291100148440952,0.025581444195170912,1.1093232699099786e-07
1102,0.8242551522287294,0.91183292261064,0.015015189941699193,0.03701177788487293,0.015017888348368683,1.5222872939979482e-07
1103,0.6733680315335246,0.8284764938385063,0.020197811764941426,0.05820629335935618,0.020199967881233113,3.153352468032722e-08
1104,0.8467125645104283,0.9320376999007915,0.010638598463759759,0.03524300601109102,0.010639520233703324,-4.3548957173733527e-07
1105,0.44033844436629666,0.7216448531915507,0.03583531815966798,0.08589607745066088,0.0358394967045085,4.443662966480133e-07
1106,0.8248508885304764,0.91599797211053,0.012736151743007807,0.04490551314702007,0.012737235409419055,-1.1146952361151818e-07
1107,0.6108687117852047,0.7873109995043927,0.027567658799414054,0.0720858992891221,0.027581468462807263,-2.8821479525209526e-07
1108,0.8507041581969625,0.9241660340685802,0.012440160531953121,0.038559470202779805,0.012441118668782765,1.5819696252972193e-07
1109,0.4366582993599224,0.6820795883079919,0.026854689654687475,0.07764859135800252,0.02685775158339984,2.993599224065946e-07
1110,0.7039365754621534,0.8531928429885327,0.019576729090507793,0.050061670250652744,0.019578436480727088,-4.2453784665497096e-07
1111,0.8560070117718133,0.9267730735010001,0.012376887011162107,0.04081074869510124,0.01237794065835721,1.1771813301919565e-08
1112,0.8891190423417606,0.9536299281796279,0.006586533122226553,0.02317427578827885,0.006586891383380633,4.234176065320838e-08
1113,0.21646376196006034,0.5044162334614981,0.02879590902251954,0.09692112937964784,0.028797507592036253,-2.3803993964843784e-07
1114,0.8930021470025107,0.9457867284603605,0.009647145756279308,0.024471667940518273,0.009647796677298738,1.4700251071975146e-07
1115,0.6221865153080797,0.7972657815545612,0.02008620937656247,0.0723930935834112,0.020088252890246586,-4.846919203771449e-07
1116,0.8479349367285731,0.9431301968069211,0.014019532663867192,0.033532656470311825,0.014023539628075723,-6.32714268755663e-08
1117,0.5914866569643921,0.777850648292631,0.013559702190234365,0.04399226787236838,0.013562511332175295,-3.43035607919262e-07
1118,0.3030016439577714,0.6379911601223986,0.03367657508447269,0.08967360872559436,0.033685033713077364,-3.5604222858864887e-07
1119,0.8686660790554684,0.9370962397703948,0.010785685749648435,0.035349573317883354,0.010786595165113754,7.905546839381827e-08
1120,0.7651589766194637,0.8760302317755336,0.01915097489667972,0.054074095450450776,0.01915324084573719,-2.3380536284811626e-08
1121,0.9045532612902809,0.9570846008702509,0.008804509847617189,0.02441224274090109,0.008805169278719502,2.612902808563078e-07
1122,0.7550955183008091,0.872737139974207,0.01978396410820315,0.04633841250356352,0.01978710744258113,5.183008091602659e-07
1123,0.7859616634569767,0.8897564719759857,0.015092010281054688,0.04111216880818919,0.015094015954272469,-3.365430233381872e-07
1124,0.8266132769478749,0.9407775076431946,0.009202789071689456,0.02898587679163326,0.009203266503379662,2.769478748554377e-07
1125,0.3854030495354286,0.6707476299647325,0.017906548842968738,0.05509454938393069,0.017908622308632216,4.953542859231774e-08
1126,0.5720389759094462,0.8024001964261904,0.018593958909179687,0.05716246008125064,0.018598179146617645,-2.4090553774058776e-08
1127,0.6971021557812449,0.8389374849193243,0.015099165065263676,0.05896563274350469,0.015100411863084032,1.5578124490378542e-07
1128,-1.1766398941363092,0.1921768581528993,0.04122975375712889,0.11552240976250984,0.04123060184174735,1.0586369070253454e-07
1129,-0.7473500398521933,0.3226543175847807,0.03566651217853516,0.09689174210500456,0.03566806759305348,-3.985219332314216e-08
1130,0.5594586992181725,0.7693117230297747,0.026275292946582,0.0813731571189399,0.026284342514287955,-3.0078182755577387e-07
1131,0.8822487209257259,0.9397046254564784,0.009247675240869132,0.026222786983680406,0.009248230096387242,-2.790742740232943e-07
1132,0.30097460065271087,0.6009021418901381,0.00897275182832032,0.05184993024592944,0.008972917272314923,-3.993472891261618e-07
1133,0.5821187275575161,0.7747392822232283,0.021533840034384785,0.0632254018163446,0.021535543336284307,-2.7244248390623227e-07
1134,0.8779122184717573,0.9417892749196589,0.010001046173632816,0.02831991801131985,0.010001636584342697,2.1847175724065693e-07
1135,0.44024821555950233,0.7130596922292858,0.025043877388378877,0.07846066600616221,0.025050029803453756,2.1555950235896404e-07
1136,0.7596064875947404,0.8793826570420109,0.019976596353808614,0.050302771045306935,0.019978961691053763,4.875947403615299e-07
1137,-0.6050336538632803,0.5422702073833828,0.034808215578076195,0.08902342092101226,0.03480968942380736,3.461367196200271e-07
1138,0.8682370360905205,0.9354982417290353,0.012082619152421863,0.03552859122555207,0.012083625192037645,3.609052046105177e-08
1139,0.41585081347032893,0.6672223239652008,0.02967807796328126,0.08992505487290013,0.02968918182416455,-1.8652967109789031e-07
1140,-0.054272757551872663,0.49030792598393436,0.023219070756308646,0.07410236539670931,0.02322008873614448,2.424481273383128e-07
1141,0.8407197170458699,0.9181531647174433,0.013451791991855476,0.03549993197129556,0.013452896728667589,-2.8295413012635606e-07
1142,0.5410527519027701,0.7746916338785592,0.030033332441406206,0.07964872486242196,0.030046870717034234,-2.4809722987129135e-07
1143,0.11917464744660644,0.6558488845265672,0.02278469437508791,0.0742847571893578,0.02278587527289764,-3.5255339356221604e-07
1144,0.3327437754714766,0.5859501944589948,0.01940422724757816,0.0656865257536303,0.019405963873895118,-2.2452852338483709e-07
1145,0.8930718309699768,0.9504345210351413,0.00997536610831056,0.029368896235492842,0.009976158636998562,-1.6903002320045601e-07
1146,0.8461603120191459,0.9282339993914986,0.009186415436318363,0.03467100144067577,0.009187065502232564,3.1201914585388124e-07
1147,0.6922988891950337,0.8539441673650339,0.017005729981415994,0.045925138928993504,0.017007017409572635,-1.1080496631343806e-07
1148,0.5084551319977141,0.7292468678627092,0.0318791929880859,0.08922937803720639,0.031883398695324396,1.3199771409233563e-07
1149,0.8326306393945102,0.9149302808460136,0.007602650556416015,0.02988433254709611,0.007603031346029706,-3.606054898019906e-07
1150,0.2107558364244715,0.4918769364251722,0.019694178867929683,0.06892118380258702,0.019694388447930734,-1.6357552851120616e-07
1151,0.8868124164340914,0.9447308280410562,0.0065472827332031325,0.024191756276184796,0.00654863868254119,4.16434091321527e-07
1152,0.6467935867347837,0.8828598273757101,0.01092487349923829,0.04200627814399424,0.010925421025292667,-4.1326521627027546e-07
1153,0.11742879681803242,0.7072851634444715,0.023089422029394516,0.062333895854427696,0.023095639345481988,-2.0318196758406515e-07
1154,0.5786451870439837,0.8069880150794776,0.02761035384599611,0.0843782346296713,0.027618664597693268,1.870439837459159e-07
1155,0.8912653996718775,0.951553689203284,0.009383939739003885,0.030322012385896296,0.00938460790309737,3.996718774823549e-07
1156,0.5427449173043222,0.7515453593111888,0.025357572699882883,0.07170526656679384,0.025359983146246545,-8.269567786101106e-08
1157,0.4123740039140935,0.6721096014866655,0.03397877198009762,0.09870861131890371,0.03398145142603792,3.914093493762039e-09
1158,0.20387770136088557,0.47977448856029653,0.024090633738574237,0.08312927169139686,0.02409155356878534,-2.986391144377265e-07
1159,-0.19555000597192196,0.3812473073023243,0.024659557398046886,0.08576972725300895,0.024659845441563737,-5.971921956948734e-09
1160,0.4394321760430907,0.6697967460087015,0.02366517684658203,0.0714531392721707,0.023672079781281975,1.760430907160604e-07
1161,-0.6328731452111744,0.41243144736748055,0.03907413705102536,0.1117890587007637,0.03907604283027327,-1.4521117441823606e-07
1162,-0.257285550166229,0.24740101085302696,0.034626473033427786,0.11411242749855988,0.03462703900822513,4.498337710101552e-07
1163,0.7260623700015294,0.8720902035217574,0.012267247548339834,0.05192010843882398,0.012269063851964133,3.700015294150205e-07
1164,0.5805799757324465,0.7839928690583128,0.02227391500986328,0.06495520167966819,0.022276193033508605,-2.4267553522250296e-08
1165,0.3587536320787704,0.6534750791919992,0.023520008056533242,0.07010783587934173,0.023521957017207572,-3.679212295937262e-07
1166,0.4216886230786506,0.7099272009209127,0.034337381558398467,0.09608129462647412,0.034341864026766374,-3.769213493542978e-07
1167,0.9029255115604449,0.9507892688666058,0.009321049512880876,0.025742009958585183,0.009321721406433274,5.115604448935329e-07
1168,0.5275278228194193,0.7334727487746129,0.028028467982997962,0.07307265427795617,0.02803106732713699,-1.771805806516369e-07
1169,0.26408695112955705,0.5220505300491939,0.028485535416143553,0.08919347572854756,0.028485812782958392,-4.8870442970194716e-08
1170,-0.7908443878981986,0.11663886940446273,0.020725426753437498,0.07827010854779103,0.020725902138066105,-3.8789819856166474e-07
1171,0.2189575660833747,0.5684339012978278,0.016935412987392567,0.051316421314240634,0.016936315169150853,-4.339166253253257e-07
1172,0.3045729625742051,0.6168792577761749,0.027791447705273444,0.08091233348924345,0.02779422972700662,-3.742579490761955e-08
1173,0.5887844320827155,0.7742231628306995,0.015114634156162097,0.043871740074821204,0.01511481865202186,4.3208271549577404e-07
1174,-0.2916130783224695,0.6248617840352693,0.029654402782675778,0.08511795219650803,0.029656181340383708,-7.832246951000599e-08
1175,0.7636946353746326,0.8840568600291852,0.01548366385323243,0.041574343858600454,0.015485108996693715,-3.6462536745496266e-07
1176,-0.0867741110776108,0.40041431965620583,0.025824220013388702,0.08118314317819507,0.025824855802486415,-1.110776107898781e-07
1177,-0.07190553823391443,0.3871226817035007,0.012614198047988261,0.059979107335988505,0.01261433401196584,-5.382339144377468e-07
1178,0.3524645997277315,0.6933850657764773,0.023622038275781215,0.0783427936624487,0.023626386513757425,-4.0027226849703723e-07
1179,0.017204437877352707,0.6302508048505564,0.03243140466195319,0.08743390195674333,0.03243303524771946,4.378773527068114e-07
1180,-0.005042281921842751,0.39758162376823386,0.026771347929589837,0.08648785097211843,0.02677610693543662,-2.8192184275098453e-07
1181,0.34989368101981977,0.6534604935516619,0.02900627351430661,0.08524121088204398,0.029008745555767598,-3.189801802139236e-07
1182,0.9061003338755258,0.9525912528928677,0.009961510802841814,0.027970375853171667,0.009962415990349676,3.338755257820125e-07
1183,0.6023101055984473,0.7894056609948702,0.019066143126708998,0.06274674290346774,0.019067063568801022,1.0559844731972134e-07
1184,0.5058665127503716,0.7752555083253476,0.020637580131640607,0.06717758988815842,0.020641748687376175,5.12750371606252e-07
1185,0.45766215331726834,0.6979574910759142,0.024581882488496094,0.07861637393604567,0.024583777470227157,1.533172683254591e-07
1186,0.6683710572374136,0.8214852833461025,0.010764650027558586,0.040075995042024345,0.010764803669941333,5.7237413586541663e-08
1187,-0.031123258033801227,0.6172195933984665,0.03434775274304693,0.08477171906652534,0.03434971625561092,-2.580338012252159e-07
1188,0.5435076909273227,0.7435525534618469,0.022960074520322272,0.07827590511019458,0.022962285557880147,-3.090726773402608e-07
1189,0.7095605231722457,0.8483508146736122,0.014217252102275393,0.04867252525096266,0.01421818247004059,-4.768277542810395e-07
1190,0.5181544005689174,0.7363905283205212,0.03416763333876957,0.09288195097855174,0.03418597470219606,4.0056891736917066e-07
1191,0.33365518829043117,0.6251580788966474,0.050110198676367144,0.11922074532254948,0.05013010065217171,1.8829043119117372e-07
1192,0.8567827299615134,0.9452427825381828,0.012727575078515626,0.039396982767610104,0.01273222642438554,-2.700384865716998e-07
1193,0.11567430166860515,0.3807629581503834,0.020994036318124975,0.08313838552649894,0.02099453863576577,3.016686051515727e-07
1194,0.30112173370707473,0.5921843738496537,0.031226209207519527,0.08533473669394485,0.03123247712842452,-2.662929252661428e-07
1195,0.7251350467990592,0.8525732477335486,0.01002827860041014,0.030058051106267924,0.010028429742184167,4.679905918347771e-08
1196,-0.6758302311564472,0.2667696983999295,0.02397984594089161,0.07411142377726826,0.023980003529441504,-2.3115644720572703e-07
1197,0.13122754991928842,0.7742260384765949,0.031110460760644543,0.08453056915304934,0.031113739109547803,5.499192884117488e-07
1198,0.6657069474132137,0.8203594916605783,0.013600699524218754,0.04171433139380645,0.013603579618320868,-5.2586786369879235e-08
1199,0.8181743914987505,0.9170777136773915,0.017000926006835927,0.03800502760904213,0.017005300076110903,3.91498750529351e-07
1200,0.79915228524239,0.8994086266802065,0.015895675496386725,0.04573551225327417,0.01590112911299906,2.852423900412404e-07
1201,0.6945815466344251,0.9444438221268372,0.00909860086045897,0.03703242979280507,0.009099081965500796,-4.533655749705545e-07
1202,0.32324116849772644,0.6633438073372091,0.028633553181152342,0.09827636373871727,0.028636611468165343,1.6849772643823258e-07
1203,0.6417132862717838,0.8217942178030143,0.01724517914296877,0.04848617952136666,0.01724960816098499,2.8627178383366925e-07
1204,0.8552760486708862,0.9470586689993921,0.009736954187470689,0.025209717396809557,0.009737710160381932,4.8670886210189224e-08
1205,0.7740408842921261,0.916724990457997,0.016818493011601557,0.044327784811695393,0.01682016389674317,-1.1570787383785586e-07
1206,0.8612426509894981,0.9318672796533835,0.010349061275527337,0.03242393856780287,0.010349847544233907,-3.4901050183222537e-07
1207,0.416435982480744,0.6543958663686754,0.018460251073632822,0.06364916534614781,0.01846260680810224,-1.7519255990361415e-08
1208,0.5079645029377007,0.716243310837324,0.024116766353652303,0.06282154256363029,0.02411880596047835,-4.970622993205609e-07
1209,0.6214477290486424,0.8189144721562942,0.021104296411914043,0.050007595531517283,0.021106666209297357,-2.7095135757271294e-07
1210,0.5135441305655548,0.7603961433928198,0.02199406814595705,0.06193965417290817,0.021995540658762122,1.305655548122786e-07
1211,0.8726724690345945,0.9407963511644741,0.0106430034981836,0.03381014278690914,0.010643884803543103,4.6903459449687546e-07
1212,0.19625164020144747,0.4707782720538461,0.030339619136767595,0.09246725362319635,0.03034060344510753,-3.597985525349845e-07
1213,0.9073609195056894,0.9570279013163626,0.007284362469755866,0.02503629266530228,0.007284804217296832,-8.049431055034972e-08
1214,0.9269082700233151,0.9648744543254508,0.014556368586718785,0.03709464320083924,0.014562620608085722,2.700233151520237e-07
1215,0.41402004071834986,0.6598399999774357,0.02483946974785155,0.07068340439432456,0.024842219389030848,4.071834985852618e-08
1216,0.8747251428411795,0.9407288696804023,0.009221765390683595,0.035411672529943525,0.009222475358417278,1.428411795512119e-07
1217,0.7196634558027925,0.8544209188492394,0.01673497563115236,0.04861846559213934,0.016736594680283507,-5.441972075193036e-07
1218,-0.026609156015531488,0.3967566077927814,0.0245207104975,0.0816844792978581,0.024521653037994338,-1.560155314869749e-07
1219,0.6670439346279782,0.8342950537075107,0.018432756132714844,0.06537515243605596,0.018434909562431597,-6.537202179579538e-08
1220,0.5719332474238445,0.7856200008973223,0.02831999970263671,0.07455441717227003,0.028323552464607753,2.474238445238086e-07
1221,0.7630139742749252,0.8888781606592072,0.013145848949912109,0.0429892887582872,0.01314689457660299,-2.5725074737081854e-08
1222,-0.1289272392271934,0.3411519113033291,0.02380769671273636,0.06736625949556392,0.023807901692889384,-2.3922719338820286e-07
1223,0.8200623591740064,0.9440656830727622,0.012260542105566409,0.03703720363483967,0.012262017032475547,3.5917400642571096e-07
1224,0.47260752391791705,0.7045732458707028,0.028227979274414054,0.08551090282947416,0.02823148366542033,-4.760820829230461e-07
1225,0.17173992078705036,0.6104734912376899,0.02341064987281256,0.06453539277832736,0.023411227959475308,-7.921294964408077e-08
1226,0.8413732626180196,0.9189728717433084,0.010758536270898452,0.0347217836011885,0.010759680500513534,2.626180195530736e-07
1227,0.794639810743802,0.8930784760867475,0.009437782615107419,0.03812535040125378,0.009438407143087604,-1.8925619804655014e-07
1228,0.9152264955855843,0.959120592181192,0.010578783323632808,0.02716823211558232,0.01057984662255202,-5.044144156807207e-07
1229,0.6757425577545414,0.8886644658338743,0.015100978536308608,0.056948560952505015,0.015102241485718482,-4.4224545858728703e-07
1230,0.11904626750033653,0.4660635115149245,0.04562024371669926,0.10796291339356887,0.04562631427956363,2.6750033653433203e-07
1231,0.7399228103589823,0.9024452561476959,0.014241185040468734,0.03583266805260345,0.014242500323125025,-1.8964101766716368e-07
1232,0.5604528729539675,0.8158753153978856,0.017340440341289044,0.054922785920195956,0.01734191636676489,-1.270460324720446e-07
1233,0.85602677236241,0.9444522039047221,0.010877865802050784,0.03125687145011151,0.010880552975483305,-2.2763759000010708e-07
1234,-0.020376062976524167,0.7285015512295018,0.028638456446562495,0.07389618594845213,0.02863961324951538,-6.29765241691449e-08
1235,0.07026271383673599,0.4763460624775304,0.022073354696289096,0.06815842460452341,0.022074872089884245,-2.861632640155376e-07
1236,0.855759634690137,0.9327882731109889,0.01223468875957031,0.039056164833283,0.012235947417642994,-3.653098629152751e-07
1237,0.48203957775185347,0.7443894489900146,0.02708168939912114,0.07179661475829492,0.02708593440968838,-4.2224814655877907e-07
1238,0.9476320854157517,0.9827234400844117,0.006187952013085933,0.01831965094648238,0.006189451697425974,8.54157516938514e-08
1239,0.7098559648364027,0.8465919485855656,0.02765620145800785,0.0627053194386199,0.02766237809359404,-3.516359736721597e-08
1240,0.7539108731364379,0.872902007840618,0.022189986150292978,0.06257255092092338,0.022192963185392146,-1.2686356209989924e-07
1241,0.9412543003537908,0.9720362793505928,0.009232689054482423,0.023933538743427723,0.009233429344495447,3.0035379072756996e-07
1242,0.7367930879703358,0.8858686353896997,0.014389613263749969,0.04236432023613397,0.014390778104129164,8.797033579366342e-08
1243,0.5804712257841462,0.8023691377859873,0.0178634685666992,0.05277765606709649,0.01786744440720101,2.2578414626828192e-07
1244,0.27992415874191356,0.5626627096381904,0.037936672298632776,0.09121449593056238,0.03794145182126015,1.587419135584689e-07
1245,0.5255690533185076,0.7509746119847833,0.023035218540732396,0.07329754540041558,0.02303705043915072,5.331850760903478e-08
1246,0.745071621887458,0.89029317242519,0.009445351580878903,0.03572401396945008,0.009445852294740775,-3.7811254194330957e-07
1247,0.5105774631146534,0.7281610591231817,0.026839019268613262,0.08099400290082807,0.026841453020468246,4.631146534039843e-07
1248,0.72792942725375,0.8583217915251888,0.012290431288613285,0.03790601435666834,0.012291225213634,4.272537499350193e-07
1249,0.49750873301604526,0.7258546881672243,0.02292711847604488,0.06266972439541856,0.02292874563924221,-2.669839547220221e-07
1250,0.8046592762797192,0.9217908017033668,0.016992870897070324,0.04237228306900102,0.016995509065754276,2.7627971921351246e-07
1251,0.7888340698313445,0.8951192545987358,0.012711540392753906,0.03717250003359207,0.012712619972341683,6.98313444846832e-08
1252,0.7173600530731736,0.8486565457383854,0.014138675882402337,0.05480970228558318,0.014139774056579704,5.3073173633677584e-08
1253,0.4151546721629549,0.6618151166868875,0.025874693504082006,0.07846819409968304,0.025877078796793462,-3.2783704512207024e-07
1254,0.581294426620846,0.7793327021576788,0.02265544710645503,0.0700693953253203,0.02265752009304146,4.2662084598354966e-07
1255,0.7572072031172055,0.8942324875677616,0.0157922155375879,0.04014331690489186,0.015793714026854058,2.031172054994812e-07
1256,0.47200623006775944,0.7170923251779868,0.03260667384785154,0.08447044530616388,0.032610852644903564,2.300677594546663e-07
1257,0.7647856594578675,0.8848490562890311,0.016279014823574224,0.04801874493615332,0.01628037379179687,-3.405421324931268e-07
1258,0.7395768642393182,0.8769810431702704,0.02509199517451174,0.05934859730649346,0.02509510219911501,-1.3576068180753964e-07
1259,0.7137972681153406,0.8470833173978463,0.011456637997646492,0.03526978103216622,0.011456971380963323,2.6811534059589803e-07
1260,0.6790582845461042,0.8473986038246983,0.017842051708408187,0.04423589894081602,0.017843432978904276,2.8454610412342873e-07
1261,0.8951274727828716,0.9502782322331781,0.007604610696777351,0.0246122254642337,0.007605053662330027,4.7278287162999533e-07
1262,0.7743951796109962,0.8803471321152712,0.013017144731123038,0.03380136217923923,0.013017694414985636,1.796109962981518e-07
1263,0.7029213517740315,0.8429117514694114,0.02220914255546875,0.055606840153469055,0.022211464382032704,3.517740314595841e-07
1264,0.6703943923893249,0.9152790272467596,0.021437281358105454,0.049616875084384546,0.02144423706659539,3.923893248103383e-07
1265,0.6105370920487485,0.8187172109090838,0.02754673673749995,0.07534172744472133,0.02755961132568111,9.204874851231892e-08
1266,0.18682393419569276,0.5766796003318445,0.03439715577685546,0.08555685614786558,0.03440518131867835,-6.580430722546993e-08
1267,0.11704011789552671,0.5206960080066365,0.021686457535996108,0.06167242831632109,0.021687145116955953,1.1789552670227188e-07
1268,0.926374552617823,0.9667593318258783,0.007043503062861317,0.022178821875240486,0.007043960834097453,-4.4738217697126714e-07
1269,0.7668436581664548,0.8930265732865594,0.010209090005566393,0.03479207117711175,0.010209629334544997,-3.418335451366161e-07
1270,0.9399918805552433,0.9709717555032196,0.007050115945117182,0.019507051435743612,0.007051201977591851,-1.19444756752074e-07
1271,0.49475374475280376,0.8379360884022149,0.013563594128095692,0.055517534255253936,0.013564282009053002,-2.5524719626801584e-07
1272,-0.2999422858665852,0.38203977771884107,0.02698013385368162,0.07430556965683915,0.026980538403112098,-2.8586658523677144e-07
1273,0.7334862038447305,0.8721260809796209,0.022342051545214837,0.05507540956457595,0.02234763424124609,2.0384473053969288e-07
1274,0.5451176946992692,0.800771937038624,0.01816323118016602,0.05398554869142562,0.018163516422389173,-3.053007308073674e-07
1275,0.8309018658537373,0.9135552387273015,0.016196018555175763,0.04195729602751142,0.016202130752294607,-1.3414626276464503e-07
1276,0.37610341305220363,0.6306574199345504,0.02728802743906253,0.07826795179161025,0.027293975036409943,4.130522036072115e-07
1277,-0.29430972911121733,0.4744006108427366,0.028667420174023458,0.08266359401382702,0.028671777943076647,2.7088878268299865e-07
1278,0.14008643244102825,0.43007722752272615,0.022915225503320317,0.07179452313889888,0.022917695801750786,4.324410282641189e-07
1279,0.8912373858635058,0.9448394341721111,0.012359228307324211,0.03428314893799831,0.012363633880548494,3.858635058140436e-07
1280,0.8526921850205512,0.9250122806385117,0.01033635807780273,0.03440247348392718,0.010337003245527833,1.8502055121327743e-07
1281,0.9356442692460002,0.9716699749121314,0.005915033123632811,0.018033714710039266,0.005915942348953581,2.692460001618713e-07
1282,0.5342418584256521,0.7968655351087637,0.02269881107265625,0.07266133355845528,0.02270662229604847,-1.415743479116216e-07
1283,0.896345201268731,0.9535897628446136,0.013179132958007822,0.035074616754705225,0.013180398180279829,2.0126873101489196e-07
1284,0.2285865423423573,0.6509845669440041,0.022454666965107395,0.06752044170274207,0.02245554033989016,5.423423573014396e-07
1285,0.8177476199044444,0.9076265911742926,0.01820011923447265,0.04706297327540773,0.018205464870532203,-3.8009555558549124e-07
1286,0.6818977975472534,0.8438379137569653,0.013467150487978512,0.04853209254787727,0.013468168002414464,-2.0245274656716106e-07
1287,0.15418205042291455,0.5838150778210291,0.013881747089482453,0.0673231890692095,0.01388210442206897,5.0422914538161834e-08
1288,0.18396528946782975,0.45031717352774653,0.024830723777880873,0.07429632582865178,0.024831193538869856,2.894678297615805e-07
1289,0.4640367696617894,0.6934766898010123,0.02062211402958982,0.06975754727609511,0.020630537628706546,-2.303382105606211e-07
1290,0.9299927706868435,0.9661281682636345,0.008746935767412105,0.02092068816528704,0.008747531780315005,-2.2931315646346206e-07
1291,0.8657942207931686,0.9630315120772636,0.007282052000546869,0.02680428287102013,0.007282406483261467,2.207931686371012e-07
1292,0.41231287446690146,0.8043383034853291,0.02246648806349607,0.05698696984185619,0.022467558369896234,-1.2553309852725292e-07
1293,0.6056250633319771,0.7832399953027827,0.014696289447919921,0.042861157901875974,0.014696468072026092,6.333197710706173e-08
1294,0.6758149753617891,0.8316846605661992,0.024197534730664057,0.0627208492567132,0.024206217115864664,-2.4638210915917114e-08
1295,0.8225273247309941,0.9326512822444877,0.009902677990751965,0.035341407987394956,0.009903279705906206,3.2473099409457973e-07
1296,0.8667296652658941,0.9452966424818847,0.010707418008896479,0.03394951226216626,0.010708229496945913,-3.3473410587792074e-07
1297,0.6240527346986067,0.8234795707230609,0.020754072874931598,0.06061504658385783,0.020755353560777068,-2.6530139329850044e-07
1298,-0.0963832491676393,0.3609285955425018,0.01733564071467773,0.0596155864974688,0.017336328456015834,-2.491676392990527e-07
1299,0.8801763072273583,0.9481392809996632,0.008511088344335921,0.02297736918098554,0.008512719339649073,3.072273583315521e-07
1300,-1.7364884378414955,0.01046900941107612,0.019999120489369106,0.08920545630526425,0.019999247641265733,5.621585044135458e-07
1301,0.15723153443665527,0.6750258095793727,0.01963207434279296,0.06884721964434423,0.019633189240145097,-4.655633447370189e-07
1302,0.832190053175437,0.917380315785602,0.007148181463095708,0.031650602427641325,0.007148600628728118,5.3175437053631924e-08
1303,0.4448459239453427,0.6917270105081138,0.029140182408886692,0.07642494407869015,0.02914453768990882,-7.605465729421113e-08
1304,0.5842568564848342,0.7883504657485453,0.025802910091406242,0.07317760475537725,0.025805822652677023,-1.4351516586241786e-07
1305,0.6443361925650763,0.8158349282700003,0.014998120114824227,0.05400817349700031,0.014999183993445615,1.9256507632903208e-07
1306,0.551775663570788,0.7462041019658833,0.01235706545546876,0.060693990089087144,0.012357699553748262,-3.364292120444645e-07
1307,0.8890110082000504,0.9447339148059605,0.01219442590136719,0.032559221014558375,0.012195944223247317,8.200050416462545e-09
1308,-0.060936662259998275,0.5843031379576701,0.022567581394599627,0.06361670118183436,0.02256811561010626,3.3774000172265284e-07
1309,0.5792683828192469,0.7749750314493923,0.0165931047882129,0.05141328348348392,0.016594473846742445,3.828192468580127e-07
1310,0.7241056752901387,0.910356551519963,0.016997454935253897,0.05274905392925714,0.01700287148561388,-3.247098613323729e-07
1311,0.8688455622131098,0.9407712301349296,0.010981615438261708,0.03699803173521599,0.010982563312550037,-4.3778689018392214e-07
1312,0.16652160584526354,0.5698933915392691,0.03747592931157223,0.0938146757921193,0.03747898200801308,-3.941547364605391e-07
1313,0.4683216382877027,0.6860865279276717,0.017650969814404283,0.06550288339234352,0.01765203530131673,-3.617122973365028e-07
1314,0.7014354471911015,0.8434105745881085,0.019068679630175785,0.05624951991732596,0.01907078703796202,4.471911014825025e-07
1315,0.64122117887465,0.8079940117538307,0.02653871452578129,0.0645830476331452,0.026545377930622206,1.7887464998089797e-07
1316,0.9166961685000347,0.9589663243676306,0.007063732960419916,0.02048149624076538,0.007064094251683753,1.6850003470292307e-07
1317,0.7256475075684302,0.8635681045993062,0.014450678048984335,0.04120415258087854,0.014451886522816797,-4.924315697429904e-07
1318,0.754432710735124,0.8859729983923108,0.013475367871611328,0.0363814083588092,0.013476686223859103,-2.8926487605218654e-07
1319,0.2223476660029685,0.5360413395276432,0.029304551226367135,0.08710502718341588,0.029307924451239774,-3.3399703147640736e-07
1320,0.8683500732508467,0.9334699283563755,0.013783145520380848,0.03438576562187391,0.013784355583619687,7.325084672160642e-08
1321,0.5151775723515366,0.7225677493813156,0.018213890220898445,0.06434170374979967,0.018217438786690986,-4.276484634191391e-07
1322,0.7523070900900931,0.8754561886013822,0.015801316935644526,0.04763570683085643,0.01580416219215272,9.009009316329752e-08
1323,0.9060884024654139,0.954962009050852,0.008042884618037115,0.02680943143444878,0.008043355557068015,4.0246541388455626e-07
1324,0.7634441734038376,0.8757405491521701,0.011212464830458981,0.04361282602273485,0.01121324795820189,1.7340383762221023e-07
1325,0.7431147719051903,0.871290967617412,0.011551780369873057,0.035168465579121455,0.011552420902860903,-2.2809480970664708e-07
1326,0.656687048353082,0.8415160416077818,0.02916804233427731,0.07079635941236281,0.02918235951502486,4.835308198281041e-08
1327,0.458553406716941,0.7994890666146722,0.024310907028720727,0.06305678681102451,0.02431318848399289,4.067169410149063e-07
1328,0.2976747171558455,0.5693115291585201,0.03125779986845701,0.09634541324026741,0.031269731600657664,-2.8284415454216116e-07
1329,0.05680204599859284,0.48006490221000886,0.028315591471425743,0.08128387153092613,0.02831785861391166,4.599859284443175e-08
1330,0.5635727510961449,0.8090207294422602,0.011881752859130866,0.04886580868635809,0.011882321224538474,-2.489038550823608e-07
1331,0.49662380801560146,0.7278785012722487,0.028644212544824205,0.08276795892749197,0.02864737114094199,-1.9198439854539728e-07
1332,0.8898190318458548,0.95275351858849,0.013292563222558595,0.03913303570942871,0.013294058984993608,3.1845854731038514e-08
1333,0.6104716660023868,0.7924052687083546,0.019229556943681662,0.0561854410170405,0.019231269059911085,-3.3399761323327226e-07
1334,0.9342452501012496,0.9701627652281114,0.00973742012024416,0.023368063420381637,0.009738264882196885,2.5010124959923274e-07
1335,0.8556418083898195,0.9537894264015926,0.013955022849902344,0.045563954476503424,0.013958109053417166,-1.9161018049995704e-07
1336,0.07313904522782666,0.4776309985638268,0.021822245585175735,0.07335543554904925,0.02182306497579638,4.522782666438463e-08
1337,0.6405449501541609,0.8119450968320145,0.015833676810273395,0.04404994542869246,0.015834444682033537,-4.984583912293061e-08
1338,0.8450467521879834,0.9314422181958565,0.011096655812695306,0.03148313992152334,0.01109894148874931,-2.478120165738673e-07
1339,0.3711098986486875,0.6862765989439832,0.0203169497207031,0.0706939047904294,0.020319325171731625,-1.0135131250921248e-07
1340,0.49442278380338944,0.7245627637950746,0.03358990593906248,0.08557104934145042,0.033596742647733435,-2.1619661055849448e-07
1341,0.7556360200270045,0.8751127854164149,0.013253828545742172,0.042396697864368324,0.013254641690175116,2.0027004499212353e-08
1342,0.725184003484717,0.8519296224443541,0.011001456569824215,0.04712534034021467,0.011003031971838608,3.4847169594343086e-09
1343,0.8250930978045727,0.950031468735855,0.00951834350722657,0.03032694166719821,0.009519624191788714,9.780457277397403e-08
1344,0.18853058772312659,0.5392976033681478,0.019129486494033177,0.06807306279758676,0.01912988669891487,-4.1227687341827135e-07
1345,0.5347765271074987,0.791378482398682,0.02108970364518555,0.05418133409040146,0.021091217702081368,-4.7289250126869575e-07
1346,0.5301646493065918,0.7756437436272741,0.02833161095947264,0.07856125668200345,0.028335042724170124,-3.5069340820204076e-07
1347,0.7770996404779243,0.8947009568550581,0.020155178921289037,0.06036473990457496,0.02016523559449417,-3.5952207566580796e-07
1348,0.6941903962195901,0.8505171211974542,0.01599471568231449,0.04446648218612988,0.01599568044162577,3.962195901374699e-07
1349,0.41567178050561426,0.6494101210304272,0.027243666983789043,0.07445376483027498,0.02724684259784445,-2.1949438572255175e-07
1350,0.6017389252764045,0.7996014080711208,0.021472666026464842,0.05821185470275817,0.02147773845187608,-7.472359553339913e-08
1351,0.8561600334809745,0.9272867149210419,0.010787946327441405,0.03166511931007721,0.010790601588039135,3.348097443733877e-08
1352,0.7968801703632796,0.8952894012711,0.01913083430527341,0.045396906751266015,0.019133051584875646,1.7036327959463193e-07
1353,0.33770759678489515,0.635759785913213,0.02692376302626952,0.06387074465970531,0.02692740027717484,-4.032151048605215e-07
1354,0.14112294489704902,0.4658886687468824,0.03516771032074219,0.09059474489290968,0.03517086689584654,-5.5102950979879495e-08
1355,0.713876143292999,0.8719976146872088,0.02640929333457028,0.06475963836614283,0.026423170693979977,1.4329299902193782e-07
1356,0.860736407883065,0.9440594173279526,0.009352965484345702,0.02765349370353399,0.009353555665928161,4.0788306510108896e-07
1357,0.8850961503651441,0.9449548779675594,0.00899840183523438,0.02375555844985035,0.008998885497523314,1.503651441137066e-07
1358,0.6972201008364193,0.8376499807188865,0.02646473206865233,0.06933244860145177,0.026470740529691464,1.008364193255673e-07
1359,0.5250832707444504,0.7352149353074241,0.024692209408857396,0.0728444374539736,0.024693812749474395,2.7074445041463946e-07
1360,0.7787670718989159,0.9068365338806309,0.006598231120009761,0.03132651089294363,0.006598541777575043,7.18989159320671e-08
1361,0.7034767991493982,0.8397184557308318,0.016633442703046883,0.04560940665412311,0.016634520407546465,-2.008506018169598e-07
1362,0.658162784328882,0.8732561912426329,0.029632541646972675,0.08190755794460579,0.02963671782504585,-2.1567111807563322e-07
1363,0.44276797818412905,0.736734660907422,0.017868154350058608,0.055185544797995735,0.017868975065650543,-2.181587094307602e-08
1364,0.8852337372747207,0.9413166612189724,0.010875878250390646,0.035694250290651076,0.010877031790067672,-2.627252793097057e-07
1365,0.4875691999915768,0.8237651702359178,0.022178094202441396,0.06256815792118005,0.022184011343787124,1.9999157679917445e-07
1366,0.8963906651328724,0.9500677768051435,0.009135727964648448,0.02571836048801181,0.009138067418650624,-3.348671276937054e-07
1367,0.6418543782585343,0.8153676140027033,0.021509646751074248,0.056083865882607685,0.02151181046275012,3.7825853427264633e-07
1368,0.5323355279379076,0.743011098019009,0.019047432312568363,0.062449153814158456,0.01904857048198886,-4.720620924159036e-07
1369,0.5532983757816443,0.7681620028948452,0.016363948678242188,0.06128957215556385,0.016365099833403875,3.757816443572537e-07
1370,0.5340157805061254,0.742552104271406,0.022476701991533184,0.07206655909448777,0.02247843195076278,-2.1949387463138237e-07
1371,-0.20407946268654187,0.3670068330227224,0.02213825019669042,0.07155357103193466,0.022138466236020105,5.373134581432293e-07
1372,0.7136440132061583,0.851471127098928,0.020559489883984372,0.06038414776615775,0.020567719933709525,1.3206158389067468e-08
1373,-2.4689624733032924,0.08884781949603919,0.02751643884449414,0.097364410934554,0.027516552581825327,-4.7330329255856896e-07
1374,-1.4791310229085162,0.26551282506397883,0.021092767228193365,0.08382743543751471,0.021093037247545732,-2.2908516195130346e-08
1375,0.2752075611708087,0.5518586091908776,0.025981444257421844,0.08278484445172993,0.025986738683818306,-4.3882919131821296e-07
1376,0.7963325115674837,0.8939598375748551,0.021001582172949215,0.050251207329347694,0.021006488009253053,5.11567483707509e-07
1377,0.8768646181261616,0.938047257228968,0.010002529565429685,0.02847363844004543,0.010004398395053399,-3.818738384397946e-07
1378,0.031641077619643854,0.2624573398266275,0.02717571548841802,0.08707983103479648,0.027176385657544804,7.761964385122333e-08
1379,-0.36257728730000505,0.28638839124927457,0.015733864412255848,0.06721423681179077,0.015734157136494193,-2.873000050640506e-07
1380,0.6831664938604425,0.8394734841696532,0.020089221045078143,0.057811354876633345,0.020091142810303046,-5.061395574879057e-07
1381,0.6141168723710024,0.8634949386113041,0.01762954029475585,0.0517840084857339,0.017631091769299036,-1.2762899759266588e-07
1382,0.5331832531046322,0.8396023160144062,0.013298725749316412,0.056585960035041204,0.013301347971735019,2.531046322529207e-07
1383,0.7798665621946709,0.8919746459344997,0.016893742234179696,0.04876805104742662,0.016898381855591806,-4.37805329100982e-07
1384,-0.7566177076264125,0.5024559667564602,0.03547081910058593,0.09592431425120916,0.035475123304391475,2.923735875626221e-07
1385,0.9078190314043176,0.9569001324017825,0.011084409377158209,0.030079096690227104,0.01108531976004118,3.140431759085516e-08
1386,0.9057421285246023,0.9527156647045266,0.008301964634404291,0.021191843803929723,0.008302423325027668,1.2852460229417773e-07
1387,0.1605262520899633,0.5386876500024929,0.03503086849305673,0.09387995928976939,0.03503353337692871,2.520899632929563e-07
1388,0.6160965989080819,0.7875670194175455,0.020668569325781237,0.05220597207901485,0.020672184132116786,-4.010919181229866e-07
1389,0.8646220700806726,0.9402709895449278,0.009769521380097672,0.0327089917189798,0.009770328529702376,7.008067259839379e-08
1390,0.9269495403696334,0.9654047998324436,0.008571205133056647,0.02583511060910412,0.008571944487012938,-4.59630366655972e-07
1391,0.4084265704387927,0.6802272557761914,0.03377854394960938,0.08436165489722976,0.03379092195291633,-4.2956120727133396e-07
1392,0.4816156788724947,0.6957816289927474,0.023420915110371098,0.0638002760872615,0.023421528592811682,-3.2112750530943757e-07
1393,0.6338001351685574,0.8260818658074681,0.021767830543261733,0.051376035331393184,0.021775545965428463,1.351685573469652e-07
1394,0.48896422772342074,0.7271647491669214,0.028917262854394544,0.08506364959276944,0.028923530595043902,2.277234207315182e-07
1395,0.7213295616608881,0.8615635601838698,0.018982218331738278,0.05527627827845961,0.018984302508201698,-4.383391118967239e-07
1396,0.8836302641221245,0.944479498252828,0.013246747191210924,0.032728449644932135,0.013247838484555656,2.641221245047731e-07
1397,0.8477726875080409,0.9246587274543584,0.010735513510146483,0.041771609153808086,0.01073642755171889,-3.124919590868913e-07
1398,0.7379165862149237,0.8667717032501278,0.01660182255585939,0.0427138920679986,0.016604888208437536,-4.1378507631417705e-07
1399,0.3588512805293034,0.7583287712770043,0.013447169566799802,0.06125715710264252,0.013447209100881855,2.8052930339805826e-07
1400,0.877997652050826,0.9384010394955032,0.01208095143320313,0.031809103143155375,0.012084410142441023,-3.4794917391778313e-07
1401,-0.17365552322408195,0.3267758408865478,0.03097365934753906,0.08525895773932905,0.030974173445099715,-5.232240819497136e-07
1402,0.12368737073879943,0.6734496541577943,0.020414071830790994,0.06127423361352182,0.020415018459885713,3.7073879942395305e-07
1403,-0.20568487709970973,0.42164359920030337,0.02488426698310547,0.0848629723416122,0.024885104289720995,1.229002902780607e-07
1404,0.3937613128098598,0.6621488186026302,0.01705979542460938,0.06299754120758325,0.017060456416638833,3.1280985979265097e-07
1405,0.603006527708045,0.7815801264582669,0.011525939921093742,0.047831475248877556,0.011527976136338644,-4.722919549893234e-07
1406,0.04503006668664844,0.4590001859884374,0.02773084687839842,0.08466937458490463,0.027731811193618557,6.668664843945127e-08
1407,0.8964009958253459,0.9606691057781135,0.0111956223792969,0.030126122122429225,0.011197889210561772,-4.174654066879668e-09
1408,0.24837791010219212,0.6214580125046903,0.022613613789218733,0.06611394178987959,0.022614166240636058,-8.989780786450297e-08
1409,-0.055876541834258386,0.3692247915958835,0.02677006909531251,0.0857930784325272,0.026773563007802037,-5.418342583843327e-07
1410,0.8916523192726225,0.9610136462911583,0.011548939688525387,0.029552416407772966,0.011549964719827858,3.1927262245101673e-07
1411,0.43947407557051,0.7447117002577035,0.02542771472850583,0.07358382536349645,0.025429988839842616,7.557051001638726e-08
1412,0.7317044071694494,0.8648502559652573,0.014404091701562507,0.0532110677804665,0.014407579603693604,4.07169449379019e-07
1413,-0.08355714771600709,0.2317974319293973,0.0358872980438867,0.10393990051240036,0.03588990376718348,-1.4771600707896848e-07
1414,0.6660131537508241,0.8581015693976236,0.01975237576541014,0.055949182721879355,0.01975379476661477,1.5375082418334074e-07
1415,0.8803429994327728,0.9409572887294436,0.009681556589628909,0.026339126061705524,0.009682408506507882,-5.672271541357077e-10
1416,0.267797706597919,0.5822067103412583,0.02390689782358398,0.08006505483194026,0.02390803318093493,-2.9340208096417797e-07
1417,0.2486894642597226,0.5416992649846339,0.02173183218248047,0.07305972988702221,0.021732742508385743,4.642597226101053e-07
1418,0.8374603849455228,0.9168374992635547,0.01463987034970705,0.032970640107033586,0.014643921885039376,3.849455227911136e-07
1419,-1.555526163313199,0.2256805876398019,0.0384133189224609,0.08776256311184567,0.038414431569197056,-1.6331319896423224e-07
1420,0.4922418128412708,0.7294937450193164,0.025442451171972632,0.07348879808467934,0.025444884533200585,-1.8715872923680266e-07
1421,0.8943550497087099,0.9566662124215548,0.0064843806295410205,0.020831007434961326,0.006484706935195316,4.970870992604404e-08
1422,0.5938791244745736,0.7928773597731409,0.025129351843066448,0.061488901501164525,0.025133457639679772,1.244745735373698e-07
1423,0.8207989911362987,0.9117334109049444,0.01444349065605469,0.03604962882731372,0.014444659087850576,-8.863701217443065e-09
1424,0.9020733497777756,0.9562059926204063,0.011462934301269538,0.031032079930186876,0.011464278179497,3.497777756322762e-07
1425,0.3268431165313683,0.5991873439515235,0.022743604033749983,0.07163979683896224,0.0227449142106354,1.1653136833267297e-07
1426,0.2395730698806674,0.5447918260264375,0.02329888964445316,0.06040361233832103,0.0232993959743448,6.988066739155308e-08
1427,0.5281823993198501,0.7430455588325127,0.02429699570421877,0.06546204618993015,0.024298927047818664,3.993198500751305e-07
1428,0.09290397811963702,0.6462112506382393,0.01914529149322264,0.054627988957799335,0.01914606868422784,-2.1880362979787016e-08
1429,0.595121680316799,0.7929873428254817,0.021656771494003885,0.06544581823755863,0.021658576543380856,-3.196832010221584e-07
1430,0.4212489249340222,0.6785015102744675,0.02367953802217775,0.07117110813910305,0.023681030038371007,-7.50659777670748e-08
1431,0.5536509148737492,0.7533147592489949,0.02130678931251954,0.07296566175478691,0.021308663598277766,-8.512625082612857e-08
1432,0.807406503120508,0.9273105823793761,0.011728934470703127,0.04088806349416988,0.011732233301346429,-4.968794919957276e-07
1433,0.5189979144983338,0.7249444845669538,0.01794424360136719,0.06337401985316006,0.017947693440593875,-8.550166619158972e-08
1434,0.8885376214312825,0.9523678445165503,0.009734004562919913,0.0314288758479918,0.009734749680032575,-3.785687175961172e-07
1435,0.860992960316414,0.9299644083909853,0.011031705098242195,0.035375156591684075,0.011032811113284116,-3.9683585972838387e-08
1436,0.300815863255562,0.5643748079763475,0.023224185404121116,0.07510038359101531,0.02322583747559239,-1.3674443799516212e-07
1437,0.8828319026840489,0.9580897709775873,0.006844584546875005,0.02457784885338511,0.006845914407508741,-9.731595107531632e-08
1438,0.7442504897692386,0.8805032308636084,0.020795630454296887,0.050804302535073335,0.020797797595205204,-5.102307614190948e-07
1439,0.6396200952239548,0.8040803857206306,0.015922133493037137,0.05166238788780134,0.015923263684096786,9.522395483241297e-08
1440,0.818820119402726,0.9221922800679541,0.013022315364736317,0.04401654966781711,0.013023493300765125,1.1940272603983004e-07
1441,0.4900256377309725,0.7199811835489474,0.025575825560058583,0.06984821408268259,0.025584302647547238,-3.622690274984741e-07
1442,0.7823475597667319,0.9146747346860991,0.01353830625693357,0.03360762424362434,0.013540630609086411,-4.402332681729959e-07
1443,0.7855980399876923,0.8866220579088652,0.01599735141920897,0.043154301468783796,0.01599874937457052,3.9987692268539377e-08
1444,0.5909831904202011,0.7737813515252997,0.01618107198850586,0.05856304952148041,0.016182272560854687,1.9042020105164426e-07
1445,0.8963503013731398,0.9491961763534664,0.013779263192871101,0.036287851989864124,0.013781018092520834,3.013731397771835e-07
1446,0.714321807881924,0.863264946975173,0.01202747311391603,0.050791994298187336,0.012028272777907698,-1.9211807600338915e-07
1447,0.7305093541422716,0.8634004354815669,0.014762916475292993,0.042327073012216825,0.01476462474828222,3.541422716191178e-07
1448,0.7630890523034322,0.8774636572827715,0.02264135851416011,0.053235412189945985,0.0226441050176577,5.2303432140909933e-08
1449,0.6265347925574558,0.804485444713247,0.020302130489296844,0.05257924536931091,0.020303552669916805,-2.074425441422889e-07
1450,0.6784853080386412,0.8581691629752081,0.022514961521386715,0.05972673581687639,0.022517638868648195,3.080386411502545e-07
1451,0.667850580060218,0.8491958391903233,0.017874667233593735,0.05006150118855,0.017880496826278403,-4.199397819482087e-07
1452,0.7690309379996985,0.8834633140753716,0.01642610307880858,0.044734462249706515,0.016432331473060575,-6.200030155945058e-08
1453,-0.3369275958311202,0.6966585386587196,0.02245094214189456,0.07013986902478628,0.022453615056156628,-5.958311202203248e-07
1454,0.752568431050131,0.8755175715399636,0.016396188559863283,0.03890275920445063,0.016401170120066193,4.3105013103339473e-07
1455,0.48720038117584763,0.7056520733331018,0.02363300555888674,0.0724227995550882,0.023638380973996988,3.8117584760799517e-07
1456,0.8103183905088597,0.916659347873916,0.016244475304980518,0.05453685029529254,0.016246540479099555,3.9050885969338367e-07
1457,-0.6043837973756676,0.36832059496333597,0.03598772990965817,0.09953917867734843,0.03598927953749607,2.026243324237953e-07
1458,-0.17537476585553402,0.5845517865436972,0.022127278162578142,0.060843332800498806,0.022127782827601923,2.3414446598257754e-07
1459,0.6419894482335669,0.8158058551177054,0.019049242663437504,0.04966770381418464,0.019051108993137306,4.482335668187787e-07
1460,0.20369431465159027,0.5020255343090744,0.031107675638662083,0.09524563988482855,0.031109676770486924,3.146515902829883e-07
1461,0.6601541547339727,0.8140107105502358,0.02288642411583987,0.06586723963720365,0.02288865473632491,1.5473397263487954e-07
1462,0.8488306635999383,0.9223967643706935,0.008209958812412104,0.022476349213421228,0.008210107614947651,-3.3640006169566306e-07
1463,0.6764477659506274,0.8587894714237235,0.021496798002050777,0.05664746298273276,0.021502884451552576,-2.34049372660472e-07
1464,0.6922421937052693,0.8339921057341606,0.00917005351126952,0.04096754213755357,0.009170463194376359,1.9370526926909548e-07
1465,0.2196130879080842,0.4992644329494192,0.026424540720996113,0.0891991471425032,0.02642973412675039,8.790808420089391e-08
1466,0.8436394924420012,0.9304364882273057,0.009635304052626952,0.03780847352036187,0.009635910959301067,4.924420011764852e-07
1467,0.8685579804357006,0.9325582960408028,0.015222836694628933,0.04069389226175274,0.015228490169573502,-1.9564299402752283e-08
1468,-0.17909056722898997,0.387289438945154,0.02431116752641603,0.07699131062578742,0.02431170787892158,4.3277101002825447e-07
1469,0.9168893908574254,0.95819725952746,0.01060875918750002,0.030642028401937756,0.010610924932455542,3.908574254252173e-07
1470,-0.5572996898649336,0.6118868576604557,0.0320558904858692,0.08417633297675654,0.03205697132640811,3.1013506640586996e-07
1471,0.3518500075523654,0.6108719818295582,0.017564282826269553,0.062053778693025474,0.017566874140467637,7.552365399732253e-09
1472,0.7305498575073985,0.8673240729368858,0.013256025097265652,0.04769963790767556,0.013257753169822143,-1.424926014959027e-07
1473,0.6066143004839301,0.7873928105036031,0.023298782179492224,0.07347427316094353,0.023301331718003478,3.004839300713158e-07
1474,0.01834909814459862,0.5158438509507275,0.024109707167578202,0.07756437123416371,0.024110669420778184,9.814459861826053e-08
1475,0.3440227572891851,0.7747898174903197,0.019939807979716766,0.05304934345815301,0.01994060161725638,-2.427108149460899e-07
1476,0.7914073454351289,0.9443218294920935,0.011968451275488286,0.03716405023387464,0.011971694679334387,3.454351289455815e-07
1477,0.8226386354099409,0.9081680234163952,0.008907126445244143,0.02667538859145471,0.008907572366066376,-3.645900591431328e-07
1478,0.5047413172276248,0.7201324808437441,0.01714077082075196,0.05816560072491491,0.017141277208363247,3.1722762483532563e-07
1479,0.07074937400736026,0.49102628120669395,0.029657584330888664,0.09346592337204515,0.029658703319657406,3.7400736024872927e-07
1480,0.6442780616379972,0.81230539779392,0.019716628143457027,0.05693878104266709,0.01971941292289388,6.163799715075413e-08
1481,0.5678057840195443,0.773652267894819,0.02068567549277343,0.055335778733201266,0.020692911692250484,-2.1598045574222624e-07
1482,0.828522951264048,0.9152196627272532,0.010933201101728511,0.033206585460492044,0.010933982571941359,-4.873595205179271e-08
1483,0.5476908378685145,0.748396854499446,0.023276129157441428,0.07237656658067183,0.02327824217539417,-1.62131485570427e-07
1484,-0.4239244916537075,0.21452579915632447,0.032095372152861325,0.09438866261805723,0.03209612040939547,5.083462925048465e-07
1485,0.5643762973913871,0.7792607033387982,0.015810401848945322,0.04749420188767205,0.015811270790377162,2.9739138707185475e-07
1486,0.15978541577083039,0.5327128821805337,0.02522445612626958,0.07922195045320334,0.025226618804047387,-5.842291696256385e-07
1487,0.3580726330692606,0.6330444731204317,0.033256169367187484,0.08981297974506887,0.03326243861174463,-3.6693073934834786e-07
1488,0.5468578068515157,0.7686985006511383,0.01712800575434565,0.055097408257324634,0.017129017841378016,-1.9314848420659558e-07
1489,-1.4762098189877588,0.29642452828388693,0.029119818208681654,0.0887846237819475,0.02912017151149213,1.8101224119604353e-07
1490,0.24780262446343082,0.5276088352908711,0.021944719233164076,0.07545375487141083,0.021945416027115798,-3.7553656917488354e-07
1491,0.7413660500604033,0.8752015322971997,0.010703815988242181,0.04166565624589728,0.010704484383847291,5.006040337818263e-08
1492,0.8607182305436364,0.9321327134479446,0.01395300899345703,0.04128509957995498,0.013954667592219304,2.3054363640362396e-07
1493,0.5973977092129568,0.823620069155849,0.015758717411767587,0.035508886221635096,0.015759045838004783,-2.9078704322227367e-07
1494,0.6814763147642589,0.8806931917119767,0.01588955290902346,0.043176629607382985,0.015891011692137448,3.1476425887966286e-07
1495,0.30425721465358035,0.5661619433153356,0.024190356421943386,0.07709513957779535,0.02419111297432672,2.1465358035488435e-07
1496,0.6883383462375596,0.8669090960884248,0.010773335759570311,0.04486415648567919,0.01077487445043138,3.462375596230416e-07
1497,-0.05664834981604616,0.02174174138733403,0.011137365451797734,0.057524829913353864,0.011137370033924489,-3.498160461648525e-07
1498,0.5692837843768183,0.8278597388372599,0.03397479676083986,0.0857504459673187,0.03398439197864145,-2.1562318175405437e-07
1499,0.8213932157915834,0.9093849561081703,0.011816974507109366,0.029603586189045364,0.011817498695544479,2.1579158338003168e-07
1500,-2.0015057306260475,0.2315604875172831,0.03137004620431055,0.10371988956894101,0.031370339813406145,2.693739524772809e-07
1501,0.5748435572133761,0.9076626184977458,0.010584864817675779,0.04635735599203846,0.010586991659604259,-4.427866239220535e-07
1502,0.6907076320033876,0.8345010467986553,0.015296320761259766,0.05525920959886153,0.015297567820212275,-3.679966124048306e-07
1503,0.588475541979274,0.8000614947022516,0.0327301343085937,0.09089570350826848,0.03273489169986584,-4.580207260129754e-07
1504,0.8422872168564299,0.9208921654778602,0.010914943505673829,0.02897077367649062,0.010915652481996265,2.1685642992430587e-07
1505,0.38338672543943153,0.6867777828189537,0.023076802712109396,0.0625622999613618,0.02308475989726285,-2.74560568447324e-07
1506,0.5094697477751482,0.7551763435490534,0.03227184596152343,0.08138571011650576,0.0322809933749665,-2.522248517822234e-07
1507,0.5454523523600949,0.7586843522219376,0.023749331304101597,0.072572111917987,0.023757655040873245,3.523600948796002e-07
1508,0.37231152864755057,0.629007148123937,0.01949445296067381,0.06644982922425795,0.01949539125026526,-4.7135244940488263e-07
1509,0.5966079714690196,0.7868768947388414,0.0276272798027344,0.07207015735021748,0.027630542035836512,-2.853098046706748e-08
1510,0.6483181811833962,0.8058223353919701,0.014900557116484378,0.06222095681846174,0.014901660308898551,1.8118339628614422e-07
1511,0.06571903291482084,0.5680634787469867,0.027525159162734354,0.076050808837706,0.0275271599148941,3.29148208411123e-08
1512,0.7297409905793474,0.8675720746914047,0.01190918991865236,0.0377970504056458,0.01191106079135307,-9.420652591352052e-09
1513,0.835920701512916,0.9202611267353625,0.015203770849023452,0.04062189302772971,0.01520687758065805,-2.98487084049448e-07
1514,0.1767252041792592,0.7566549948564838,0.021274798987753925,0.05676806062249694,0.021275578184529353,2.0417925919447022e-07
1515,0.06600320889943034,0.5482249066967546,0.021214929229716788,0.06966759832775589,0.021215787579960118,2.0889943033730596e-07
1516,-0.37066219345811735,0.24965235887614545,0.039284767052578155,0.11407804933688685,0.03928573241813086,-1.934581173590466e-07
1517,0.7287111683187966,0.8592100260623959,0.019683071101660118,0.05611381141121044,0.019685354799670426,1.6831879656731275e-07
1518,0.8434041163619086,0.9277732089833853,0.016343456341757795,0.04015219204518368,0.016345031330506916,1.1636190855313089e-07
1519,0.8627741936919038,0.9314545459220105,0.0161114596391601,0.04104322637633364,0.016114481234918945,1.9369190373819123e-07
1520,0.7560604553994452,0.8940279232965753,0.018766559886914048,0.05510594069614194,0.018768671154086633,4.55399445264959e-07
1521,0.6307698698563361,0.8090960799681349,0.02252928464344726,0.07129180936849258,0.022531368032754108,-1.301436639566944e-07
1522,0.5528273488555069,0.8370941468443832,0.018645531805468744,0.054602672311374584,0.01865095334665174,3.4885550692642653e-07
1523,0.7800555224506226,0.88618470265036,0.009793595062343737,0.028687317955429576,0.009793842808174918,5.224506225420811e-07
1524,0.6669749012887375,0.8586576381539088,0.011599640929316396,0.04340246785420564,0.011600191208630777,-9.871126249727524e-08
1525,0.21206066364070053,0.4965457596283628,0.020325500880576153,0.06332577292109721,0.02032646751305626,-3.363592994687359e-07
1526,0.2324734131268239,0.555911269817539,0.0356573671110352,0.09282467167127308,0.03567010382430671,4.1312682388938704e-07
1527,0.5337520401804874,0.7571360118792869,0.024637164859277305,0.07466617354135267,0.024643178588363214,4.0180487381746843e-08
1528,0.9201830816808371,0.965636760730126,0.008492290980039048,0.027817540885803887,0.008492906421305527,8.168083709403362e-08
1529,0.5887862862929278,0.7915022440748077,0.018314715614804678,0.058686108431853,0.018316152190916545,2.8629292780912863e-07
1530,0.9191911218754846,0.9648037323256345,0.011688927812402342,0.03424787538884816,0.01169034263261235,1.2187548459330344e-07
1531,-0.40396777253024174,0.37160443767854706,0.03793448332085936,0.10282931411700312,0.037936152061247924,2.274697582516083e-07
1532,0.5782400839311643,0.8466313145513874,0.01374617868477537,0.03744227589339259,0.013747302839121189,8.393116435190251e-08
1533,0.47292033433472447,0.6901149593898609,0.014838619341601552,0.05492198381382768,0.014839254040536458,3.343347244610939e-07
1534,0.6921877906319874,0.8865830572414257,0.01288155809543944,0.04969032430745125,0.012882536695310361,-2.093680125936359e-07
1535,0.828270426994765,0.9114031965376521,0.01194631960556639,0.038634127343506394,0.011950024214648138,4.269947651014405e-07
1536,0.8257416959331844,0.9323698795657915,0.014074511071054684,0.03997488188853555,0.01407584347970083,-3.040668156151227e-07
1537,0.8949028396947798,0.9466132170739946,0.008318930696826174,0.026876859881213997,0.00831952718063532,-1.6030522020926696e-07
1538,0.6974466922070022,0.8426980098440164,0.019058397359189454,0.05149121884424058,0.019059854022637424,-3.077929978667626e-07
1539,0.06087574519603045,0.4652112732972995,0.026830081378603536,0.07943446510088491,0.026830980845916685,-2.5480396954880025e-07
1540,0.7973752665600682,0.9016142307151918,0.0144364645359375,0.04433530041123842,0.014438990536258885,2.665600682405511e-07
1541,0.6703248531012493,0.8647932879102642,0.01148212399840821,0.04993382230279029,0.011482904688486532,-1.4689875060813762e-07
1542,0.40858361964879897,0.8292805218393122,0.017691786537792985,0.051183908030829804,0.017692913037250395,-3.803512010347454e-07
1543,0.4363761395216801,0.6709563760125603,0.027007027095917957,0.08142564646799838,0.027009387839577945,1.3952168009812027e-07
1544,0.9199588687149269,0.9606041223559755,0.007670196338496092,0.022567201529711173,0.00767068399494392,-1.3128507303505899e-07
1545,0.7776675125416553,0.8823604039924601,0.011626181823408212,0.02867418184680846,0.011626726935292002,-4.874583446889957e-07
1546,0.2692140335030162,0.6680926683615771,0.01813811125253911,0.06115734220999535,0.018138697085475743,3.350301619464702e-08
1547,0.6911423756071944,0.8416376524596875,0.014968010597978504,0.04034037725786029,0.014968741416241918,3.7560719434726053e-07
1548,0.23513240620475406,0.5794608764829966,0.020723596283544917,0.06666311699568923,0.02072404267175617,-5.937952459456053e-07
1549,0.8847735587590995,0.9456547702886949,0.01013698417646481,0.03317811871840819,0.010138023572262544,-4.4124090048391906e-07
1550,0.14158434484742144,0.6796651568940918,0.02254343925844727,0.06302704330710131,0.022545306527017035,3.4484742145179936e-07
1551,0.2495697138518682,0.523657891419689,0.022044270997851553,0.0757856795746902,0.022046896115157914,-2.8614813177285647e-07
1552,0.10417893630874964,0.6555998782501837,0.03273191157235351,0.08693953888000439,0.032733983893441794,-6.369125035710077e-08
1553,0.9198238255611011,0.9679937290460836,0.008977352824365242,0.027218608332541774,0.008978236064173908,-1.7443889888113517e-07
1554,0.3261082940974175,0.5930805154017089,0.025721926522070337,0.08198343709693236,0.025727437344294973,2.9409741747477014e-07
1555,0.18414349570809674,0.6291684096461723,0.03064307564808593,0.07869071180742991,0.030644992503092744,4.957080967371574e-07
1556,0.560566015432468,0.7750677664374261,0.018780529855810527,0.069051753800686,0.0187821196472921,1.5432467970200037e-08
1557,-0.3098929365368548,0.46140626486281056,0.03042408050780272,0.07906276595056888,0.030426556259483626,6.346314518346219e-08
1558,0.5397565581595691,0.7424364042398375,0.027632853964570315,0.07758761900334238,0.027635283971844886,-4.4184043090922387e-07
1559,0.3801048718781683,0.6575433201207027,0.023646934818652335,0.07887941818100712,0.02365211621916133,-1.2812183169952363e-07
1560,-0.6101473333752674,0.42537772265399904,0.02235838503180665,0.08226819725122633,0.022359053648450512,-3.333752673917445e-07
1561,0.14443376318724144,0.39741936727440047,0.008868034747689041,0.05104628523010962,0.008868040479757177,-2.3681275856946016e-07
1562,0.7706526543665548,0.8804136498554436,0.019256976860253922,0.05108833581164583,0.019263742999553857,-3.456334451978904e-07
1563,0.8487446642529382,0.9333155826306767,0.008252809325273436,0.03392841364293423,0.008253399038145304,-3.357470618192693e-07
1564,0.5995592399960243,0.8136220993574795,0.022741867736230464,0.06232289681466195,0.022746496737027784,2.39996024387068e-07
1565,0.1601537676774939,0.4785759334591731,0.04180795415253906,0.10615239089759894,0.04181279192601513,-2.3232250609406258e-07
1566,0.9336910493803131,0.9693166685732555,0.005941114703271478,0.018960085312944686,0.005941452436757797,4.938031306078727e-08
1567,0.9055450166263294,0.9689272149514743,0.006124550876689449,0.019413219300957116,0.00612482631466119,1.6626329313318422e-08
1568,0.8620758516305362,0.9320375114483888,0.010316117474501969,0.027764572392320344,0.01031692189831438,-1.4836946371499238e-07
1569,0.5321468582683214,0.7381779437221071,0.01686124356368165,0.05469717000137851,0.01686225866895556,-1.4173167861564195e-07
1570,0.6996477390564142,0.8647941846572802,0.019231348579785125,0.047894440382019975,0.01923391640571826,-2.6094358585027067e-07
1571,0.4921886914246367,0.7609985024246368,0.03428837033642576,0.08340252449283359,0.034292316394424045,-3.0857536326145407e-07
1572,0.8362842562404141,0.9160423831702503,0.010268407168125005,0.030773975856711485,0.0102689497804583,2.562404141093211e-07
1573,0.76412597995026,0.8762295885085383,0.01024300714764648,0.04589627393065598,0.010243592359058593,-2.0049739979377534e-08
1574,0.13319844321830288,0.45979894350151257,0.03512576803218757,0.09914016297503503,0.03512706524660547,4.4321830286464525e-07
1575,-0.03832717776733885,0.13416814181009454,0.017961137025829098,0.06500487178795092,0.017961297793993004,-1.777673388492218e-07
1576,0.5610804810408003,0.8009160963479237,0.023623004866015603,0.06063229397382517,0.023625359042086513,4.810408003041999e-07
1577,0.5789492500596857,0.858985437834205,0.01847602880585938,0.0597480579110535,0.01847904071948948,2.5005968562474834e-07
1578,0.21816172850042004,0.5547532990568058,0.03330919158780274,0.09593765330734676,0.033312289113683585,-2.714995799568687e-07
1579,0.597027205312626,0.7888724469841955,0.031029776576953084,0.07518742513732421,0.031035199431834287,2.0531262601153344e-07
1580,0.8653651034121208,0.9339261493706761,0.010863095856455092,0.03399725612007448,0.010863984269089482,1.0341212075548611e-07
1581,-0.7933453197838984,0.31065265607516057,0.025172337573629855,0.08694984954061613,0.025172561943622083,-3.197838984725365e-07
1582,0.5504489638797765,0.76081690696047,0.021888420718437492,0.06755029983167006,0.021890265122565675,-3.612022347887489e-08
1583,0.7583942361197409,0.9079112296533207,0.009616971851025368,0.04297704151814236,0.009617605957771086,2.3611974087067722e-07
1584,0.7085991785845214,0.8424885256621787,0.0161921369041211,0.04536280413787389,0.016193475746365642,1.78584521393077e-07
1585,0.8116178608988603,0.9098793773480526,0.014928749037695309,0.04153822397998359,0.01493034493629341,-1.3910113960680093e-07
1586,0.8438894938465047,0.9295812029900309,0.008462427196943362,0.02234687207796075,0.008462716436935152,4.938465046899765e-07
1587,0.6537009003376077,0.8145874105489231,0.021013401894335922,0.06064420575796777,0.021016354120445013,-9.966239222780615e-08
1588,0.7924175056866034,0.9260559671306129,0.010806035010156256,0.04150585764192321,0.010807419201712031,-4.943133965484847e-07
1589,0.4005062140398389,0.6802183318145231,0.044102116877539045,0.10286510505359728,0.04412601412799612,2.140398389083309e-07
1590,-0.26099306696924174,0.43698653618536715,0.026955869784335916,0.08596317698850528,0.026956567992064355,-6.696924176319285e-08
1591,0.512814688558259,0.7462000352475759,0.019742164186523418,0.05739147845184737,0.019744379768533698,-3.114417410632342e-07
1592,-0.11174317240361464,0.6944568833003105,0.019337336104257804,0.06120243388806462,0.019339238833368726,-1.7240361464831988e-07
1593,0.6090422427329111,0.8101190504368495,0.0251537204339844,0.07441312986560492,0.02515701619933124,2.427329111043264e-07
1594,0.6702741669659622,0.8217016654435215,0.011442721759375009,0.0389786926566761,0.011443315497287216,1.6696596216725368e-07
1595,0.5660825215375582,0.7702126022539474,0.029114194331249968,0.08376723195217259,0.029119975371448586,-4.784624417775163e-07
1596,0.8984807074981003,0.9566977190903325,0.006866822543457029,0.025895996393978528,0.006868234982244658,-2.92501899701314e-07
1597,0.5120444221662146,0.7303398970884368,0.02058443682096682,0.06508500009210932,0.020586107792248398,4.221662145420524e-07
1598,0.6621144125229104,0.835585869602119,0.025182048239355513,0.06445554063510639,0.025185081593545343,4.1252291038684774e-07
1599,0.7407240631811964,0.8758807472085659,0.02384112545205076,0.059643597023967106,0.02385262336107468,6.318119638581976e-08
1600,-1.9380518687682633,0.31754092051466865,0.03499928558646381,0.10709350962757214,0.03499960063617393,-8.68768263329045e-07
1601,0.9437136890516867,0.9715752415582131,0.008382474422490233,0.023910150160823287,0.008383287632241058,-3.109483133201252e-07
1602,0.9374774525579711,0.9682512635446461,0.009970881378076177,0.02749307916731048,0.009971865588445768,4.5255797109788887e-07
1603,0.5875299991830585,0.7851301161572938,0.024464120877441393,0.07325012895540776,0.02446680197651546,-8.169415144365644e-10
1604,-0.2769540418436427,0.5224586182192252,0.029851027982685532,0.07619960179165722,0.029851613579998035,-4.184364271742069e-08
1605,0.629127682356908,0.7990907837585417,0.018584907007167945,0.05421866596410266,0.018586094091704534,-3.1764309205151164e-07
1606,0.1488110127889306,0.43789407253595697,0.008071451443571277,0.05379658877665543,0.008071473087266717,1.2788930608964577e-08
1607,0.7577707483878239,0.8806728608126704,0.009419114097050795,0.02770505490205737,0.009419333455241848,-2.5161217609426245e-07
1608,0.40404004568935237,0.660589953862456,0.02461394849518557,0.07347694138643526,0.02461535064266579,4.568935235704785e-08
1609,0.4071570243119903,0.6819016512419364,0.03602804103867182,0.08965291768677594,0.03603201948527767,2.431199030983322e-08
1610,0.8542869510352619,0.9354094367369132,0.01033079751369138,0.025734854890440924,0.010331383692536597,-4.896473815296787e-08
1611,0.08208660237765897,0.4424850225212309,0.01773772830705081,0.05688762437227512,0.017738672677442488,-3.9762234102513894e-07
1612,0.4333402822083614,0.666581247586567,0.015344068469443384,0.05957387933323249,0.01534438969902464,2.822083614018034e-07
1613,0.8309556805999518,0.9438392715789059,0.011100457061806648,0.03266664724257489,0.01110119566742704,-3.194000481876458e-07
1614,0.799102546300675,0.9056573392228388,0.0111084685272461,0.032950475240749975,0.011111062819303909,-4.536993249981691e-07
1615,0.6387336072070102,0.8129458676905509,0.03203174969531245,0.07252790916526242,0.03203646726374314,-3.92792989800661e-07
1616,-1.0947990986137386,0.38456749908936183,0.035764012076884795,0.1012429359694467,0.03576528266966743,-9.861373850839072e-08
1617,0.5347506326692917,0.7733914135344147,0.026687451120019492,0.07079800103398969,0.026690518733401922,-3.673307082951993e-07
1618,0.8880809183364371,0.9478570246849005,0.009798253925820313,0.03281144657734387,0.009799084217120637,-8.166356291194887e-08
1619,0.5660554624728911,0.7684380759390567,0.01947212296037108,0.06276641046634768,0.01947374372870889,-5.375271089347322e-07
1620,0.44870098873349673,0.7365972177646662,0.04339944344521478,0.10519752229504803,0.04342654287602447,-1.1266503285867202e-08
1621,0.8993441179652435,0.949627030718341,0.00659127162216796,0.0231361333595866,0.006592671551579053,1.1796524346241455e-07
1622,0.7656102854197576,0.8819542063662889,0.019884229815820324,0.06147516965664206,0.019888129335036996,2.8541975760632e-07
1623,0.015043717813626123,0.5292695459820232,0.02509963853166994,0.07029743867742143,0.025101488002528566,-2.8218637387715517e-07
1624,0.7659342671916861,0.8787528609050294,0.01149004419845703,0.03426712668648504,0.011490830582755534,2.6719168610966904e-07
1625,0.4361181840174895,0.7311761287709495,0.02611994369047857,0.08536052493940004,0.026121644261502066,1.8401748946850205e-07
1626,0.27752767503485065,0.6828729794560026,0.028973678360058607,0.08141624748303987,0.028980340549116253,-3.249651493453243e-07
1627,-0.569227098859596,0.28915214350255425,0.0309302507811924,0.08321704368802134,0.03093039069113397,-9.885959595390403e-08
1628,-0.14750133514331476,0.3447719334782376,0.016148784320431608,0.06327003616148223,0.01614894177030457,-3.3514331476691694e-07
1629,0.5412244248078169,0.7383523918795621,0.022377987795654305,0.06588915877607636,0.02237922762724408,4.248078168123115e-07
1630,0.46569299914278306,0.7177878129447406,0.026787984312656245,0.07719362471274087,0.026790049400039,-8.572169640785887e-10
1631,0.5679555767436167,0.767202645858206,0.026662367743749988,0.06854083307225356,0.026672620501693445,5.767436167536388e-07
1632,0.5567069813983888,0.7556001607194438,0.027508349981738258,0.07940867153554114,0.027514199830792684,-1.8601611140312002e-08
1633,0.7248753309078215,0.8597585890783546,0.02593136933945315,0.07250098321806818,0.025935738894186232,3.3090782147748854e-07
1634,-0.8587704960572027,0.2178194406061409,0.023461077475800774,0.08363736295740624,0.023461363143704547,-4.960572026480037e-07
1635,0.26181380348917327,0.6834907099883537,0.01792707505213869,0.06280543810718678,0.017927894887959313,-1.9651082672211828e-07
1636,0.3901527971330475,0.657893295008774,0.022239213027031236,0.06620222305163886,0.02224000858238464,-2.0286695251447995e-07
1637,0.6424307024649545,0.8332971502103087,0.024812306722070344,0.06981699651123034,0.0248225397371271,-2.9753504549034915e-07
1638,0.4670916245473026,0.718507453496956,0.029180228449609425,0.08262516223655418,0.02919742120217748,-3.754526974319994e-07
1639,0.08290987552269968,0.43052380390717127,0.020787132750205085,0.0748195657374303,0.02078784730148218,-1.244773003145072e-07
1640,0.17421465287176785,0.4899813091081196,0.03716955333134762,0.09779102438077028,0.037179908181163464,-3.4712823215876654e-07
1641,0.4709612892332149,0.765650510265803,0.025647528916894514,0.06559826409051574,0.025651985107921903,2.8923321487850373e-07
1642,0.4836636796480569,0.7116499273597907,0.01973944125882812,0.054601495459375246,0.019740524737466264,-3.2035194308388526e-07
1643,0.7133339561148722,0.8555193454118825,0.021122480474121096,0.05421795087823774,0.02113089594217983,-4.388512786501764e-08
1644,0.5408475734476872,0.7601406671829064,0.02289183876220699,0.06412391201141938,0.02289952771143718,-4.2655231280441797e-07
1645,0.9505305623501347,0.9765745516551606,0.008005923893749994,0.02354258758303469,0.008006739263245561,-4.376498653479999e-07
1646,-0.05836400638047268,0.5506918213797344,0.031242963585791015,0.08503666621868201,0.031244801609050212,-6.3804726779803644e-09
1647,0.8028311871606577,0.9011848255756948,0.014759702827539068,0.04900229460547128,0.014761289196718718,1.8716065774970758e-07
1648,0.8105934895085537,0.9005965359286939,0.01378274876199218,0.04344165218610248,0.013783875852152927,4.895085536915644e-07
1649,0.5641006719286474,0.7981324460005481,0.016761773622089825,0.04954120034954773,0.016762987113669157,-3.280713525288803e-07
1650,0.8497206511409261,0.9249749946464744,0.010716306731503892,0.038637878647253786,0.010717204303687477,-3.4885907385096004e-07
1651,0.5815021226359329,0.7905698545358171,0.024531543321767543,0.06292425851257218,0.02453389847813119,1.2263593296424347e-07
1652,0.8350410357059039,0.9474379734708618,0.012437596577832036,0.03515542337279801,0.012441461036218395,3.570590390022943e-08
1653,0.9277807046946376,0.966151932588806,0.007272058204023436,0.023332915756855675,0.007272584324300305,-2.9530536238553395e-07
1654,0.4803001018148634,0.7041294918216836,0.03146089904094724,0.08180271063975592,0.03146393336950735,1.018148633735727e-07
1655,0.8476675679240928,0.9253492486582774,0.00857141671050782,0.03609238248585101,0.008572055061161758,-4.3207590716409783e-07
1656,0.6586516792619646,0.8333360475849585,0.01944750672246094,0.05501954512934486,0.01945003451313138,-3.2073803546417423e-07
1657,0.7109365515850266,0.9048025571876106,0.01819094457705076,0.03984836391843662,0.01819278017217251,-4.4841497348624415e-07
1658,0.8892081152317942,0.94910001429901,0.01123684620056641,0.029539522870552587,0.01123775100865076,1.1523179421768504e-07
1659,0.770078956276351,0.8804864159766502,0.013708870777832035,0.0487303073749958,0.01371330850319949,-4.3723648923688074e-08
1660,0.23986538532256418,0.6839137513431104,0.01771611249775391,0.052187483636066186,0.017716675811685848,3.853225641892166e-07
1661,0.862061294558806,0.9333360149616702,0.01115404133708982,0.038909159627757726,0.011155024865369576,2.9455880601325646e-07
1662,0.5881819382011462,0.8405192836181133,0.016474570931123044,0.05061733393140819,0.016475517234747435,-6.179885381207839e-08
1663,0.7861399835297647,0.8909754824608652,0.014407225367773427,0.04077201909955408,0.014408969260827817,-1.64702352867252e-08
1664,0.7572987510296273,0.8832537562479317,0.015247382981220694,0.04461317846694979,0.015248800522221256,-2.489703727626136e-07
1665,0.6019607834280912,0.7823661174552724,0.02343232245136722,0.0723576534650191,0.023434704164877432,-2.1657190873991539e-07
1666,0.5898028638759762,0.7852253472791345,0.01033873673820312,0.04425140940168253,0.010339240949898675,-1.361240237196526e-07
1667,0.5388816651693209,0.7544159268157296,0.015469562441250029,0.05203928913522125,0.01547085688026448,-3.3483067907180697e-07
1668,0.5281065548171049,0.7420618439084872,0.023571927558691405,0.06953969494076122,0.023581548167702325,-4.4518289510353526e-07
1669,0.9566130580217229,0.9784750987785823,0.006347858496191415,0.017141298194159285,0.00634893043436852,5.802172287072693e-08
1670,0.178182895688083,0.44454059859344297,0.017346081895800766,0.07312412259331229,0.01734638483150429,-1.043119170207607e-07
1671,0.8342383296363045,0.9193852239339577,0.009042851960351572,0.03473931169825574,0.009044617870436452,3.296363044746897e-07
1672,0.5141099616819922,0.7349093164697003,0.02577830507529294,0.06759468470068945,0.025785689885433467,-3.831800776676886e-08
1673,0.6387902886257047,0.8264170613998509,0.01685555302791992,0.05667574619309026,0.01685685456100031,2.886257047807206e-07
1674,0.6921400770974696,0.852712997230567,0.021993986243945343,0.059259323510182024,0.02199984199248812,7.709746963069364e-08
1675,0.6832127436045445,0.8522931205469834,0.011222891359072255,0.04881938187805291,0.011223663825939287,-2.5639545542244235e-07
1676,0.20701206014927687,0.5725595704958082,0.021535400357099613,0.06871382682342243,0.021536061047702695,6.014927686481819e-08
1677,0.284815088695928,0.5483804132784607,0.028312732006640622,0.08820772877916873,0.02831931893862915,8.869592799110038e-08
1678,0.5082855911988527,0.7409937234606495,0.02753850883515629,0.07438557721104265,0.027541343797871855,-4.0880114726693506e-07
1679,0.5744333137240452,0.8060322625454664,0.023643496633789108,0.05934156471465799,0.02365065998825754,3.1372404518670294e-07
1680,0.6157918264485491,0.7881338147790731,0.01354866029898438,0.049330019373925435,0.013549144506252005,-1.7355145087716295e-07
1681,0.2883165246327123,0.5469613580537347,0.019220437038476527,0.06771182370578191,0.019223506565343804,-4.753672877000348e-07
1682,0.4851764724306229,0.7195952896937794,0.02622977844941405,0.06766835904264218,0.026238337899012795,4.7243062289981097e-07
1683,-2.3165185273978888,0.03824768468979928,0.02862189107611815,0.09712118033177168,0.028621958048380188,4.726021112233525e-07
1684,0.18832098242096296,0.5054859156678279,0.0345313662387598,0.08851487728729009,0.0345339475014582,-1.7579037031589806e-08
1685,0.2090951816962705,0.5686789598404695,0.026328779948994165,0.06946521139483645,0.026329214973185265,1.8169627050146353e-07
1686,0.825390179119175,0.9110975569853174,0.007087768662656245,0.028053306778088347,0.007088131762837994,1.7911917504775943e-07
1687,0.35270610617464837,0.6244797015423993,0.024656349937724614,0.07727689450655202,0.024657780048282077,1.0617464835105395e-07
1688,0.2933136570720103,0.6095179689796298,0.02443915115906248,0.08206022574351256,0.02444051724393225,-3.4292798972712646e-07
1689,0.5330396288092922,0.7603736193152056,0.020517989431874998,0.05339997158782472,0.02051968594123271,-3.7119070772639873e-07
1690,0.686961010929035,0.8596890985420097,0.02044077428134766,0.06057751472677921,0.020443031463913592,1.0929035010320831e-08
1691,-0.24125397432879514,0.06842569634878319,0.017896168274499955,0.07891883227263395,0.017896269956166475,2.5671204856303476e-08
1692,0.6708239984802052,0.8211035675997843,0.018996128254238277,0.05398132350923455,0.018997370890315713,-1.5197947345058083e-09
1693,0.4919852397356761,0.7314035795612714,0.02138844552806641,0.06135450784419329,0.021390015431778712,2.397356760885927e-07
1694,0.37389085267912614,0.6326519054469535,0.031392517158886704,0.09890889111985486,0.031398959054103434,-1.4732087383340087e-07
1695,0.5557421478476782,0.7775091629866007,0.02418909596816406,0.08110973128521243,0.024191589596093924,1.4784767821129918e-07
1696,0.9003219939419176,0.9558677136237124,0.010619692185117177,0.03212793022574223,0.010620610963232377,-6.058082369087003e-09
1697,0.7531061921695252,0.9032915181978303,0.00887801093183594,0.037021177254298,0.008879350854293776,1.921695251816402e-07
1698,0.79567801680393,0.8964925396251137,0.019528283492089845,0.04595879123613734,0.01953652704885092,1.680393002523317e-08
1699,0.6720320559890804,0.8525937323208646,0.025768255105859436,0.07183467903692604,0.025779837326806533,5.5989080482987674e-08
1700,0.6284389793420102,0.8015072892987875,0.022083827367480508,0.06882343385156003,0.022088113576964174,-2.065798976325084e-08
1701,-0.19172005610193055,0.37888642995511257,0.022928215343750006,0.06953067166653576,0.022930514944199492,-5.610193054561563e-08
1702,0.7261696084472292,0.8718412708323797,0.020333088610937498,0.05878468524235664,0.020340024933696348,-3.915527707620825e-07
1703,0.6541137141533655,0.8369304623933171,0.0220613142158203,0.06161927034350729,0.02206760881145233,-2.858466344735078e-07
1704,0.5188791251520399,0.7302872947257512,0.02139364557919921,0.0597632634785491,0.02140003498764547,1.2515203995366875e-07
1705,0.9200788121355936,0.9630311655752382,0.011235851932207018,0.028503835292283952,0.01123692084677469,-1.8786440636464619e-07
1706,0.17321301420241975,0.5903841997238313,0.020515250941337854,0.06316949321365847,0.020516111624020453,1.4202419740261263e-08
1707,0.2207890883809116,0.5585624165319754,0.022393134182431634,0.06536479441677401,0.02239477640303055,8.838091158924755e-08
1708,0.5505065773988413,0.7565865668497876,0.028157839317968766,0.07599943996803066,0.028162002005441594,-4.22601158622804e-07
1709,0.7310654913170065,0.8577173412346196,0.01924287350888671,0.055511078374912426,0.01924973464368142,-5.086829935052606e-07
1710,0.6485035829672556,0.8109327882092461,0.020522142484960954,0.0682977930791338,0.020524441097164742,-4.170327443375754e-07
1711,0.8298945728158195,0.9193272027146162,0.010294501288749985,0.03008918350123796,0.010295170280754273,-4.271841805847387e-07
1712,-1.528708157733445,0.390190630960881,0.03819615960181643,0.10627370858227021,0.03819676612635591,-1.5773344497205244e-07
1713,0.812935259968566,0.9073491701738574,0.013211519163476557,0.0383623271838747,0.013215554661283258,2.5996856600762897e-07
1714,0.8458690956636278,0.9226003728986611,0.010121258254277359,0.028185861925490847,0.01012183152546165,9.566362779711568e-08
1715,0.8228013762939606,0.9104271151831985,0.012139550246660146,0.03505021497486069,0.01214035711591829,3.7629396054672526e-07
1716,0.3848776800124475,0.6336883261799621,0.021381723073017573,0.07545684109930427,0.021382907099537746,-3.199875525106144e-07
1717,0.4429901332111441,0.6920213534363351,0.028473284073613266,0.07809054056896289,0.028475258783547706,1.3321114411546375e-07
1718,0.4682041966809778,0.6891810957183582,0.026168689737011724,0.07021310416299746,0.02617521720797818,1.9668097778202664e-07
1719,0.8163335136718085,0.9084341588023902,0.012082073575820328,0.035598204310230745,0.01208309312160177,-4.86328191495744e-07
1720,0.3789022466099473,0.6425096466986822,0.025675005506972645,0.0839875527254329,0.025677550359687894,2.466099472964167e-07
1721,0.7230110270814873,0.8793984077065982,0.02070242894430663,0.05153258230058148,0.02070445384237695,2.7081487385949288e-08
1722,0.6513873020535415,0.836074791420348,0.021267716171875,0.05592389492395691,0.021273996774808443,3.0205354140111496e-07
1723,0.5960870163966756,0.808700332542656,0.02638575988115236,0.07580294154224973,0.026396377634001718,1.6396675572849517e-08
1724,0.7581480477158616,0.8880333095314356,0.01767720007304687,0.049165539588009975,0.0176793251261591,4.7715861595243325e-08
1725,0.4831022844947511,0.7043925984431746,0.023227494128320276,0.07183747332563839,0.023235087003903337,2.8449475114600276e-07
1726,0.3751434056867743,0.6819157440549937,0.030847914641416042,0.0840560194524274,0.030850475705379906,4.056867742852077e-07
1727,0.7685805929719135,0.8938862376911767,0.007776978300498049,0.030320058889080622,0.007777254376540635,-4.070280864576503e-07
1728,0.48818679776947993,0.7444561653175595,0.030833036799707062,0.08053175363601145,0.030837238354930574,-2.0223052005219344e-07
1729,0.8069498330217567,0.9108394246261425,0.01768586242265624,0.04477096440266677,0.017688065863934656,-1.6697824323230748e-07
1730,-1.104676931862917,0.3873270753913496,0.035680193117539116,0.10323253219833571,0.03568147838722677,-9.318629170529391e-07
1731,0.8003894065649858,0.9255263977824624,0.010485844778017584,0.027860689501650958,0.010486305008731671,4.065649857887266e-07
1732,0.8120827027137663,0.9381365500640763,0.00837077152509767,0.03025132564409026,0.008371816857777527,-2.972862337413673e-07
1733,0.7741124492823213,0.8812099583687775,0.017360876071289062,0.04140670238035344,0.01736650762680946,4.4928232123542244e-07
1734,0.6673097191232806,0.8254335449285897,0.01899057879169921,0.05771387630675579,0.0189962280818681,-2.808767193274164e-07
1735,0.6917589107364838,0.8715366724785397,0.014567329178652349,0.04046852852884383,0.01456793933625065,-8.926351624527484e-08
1736,0.7788523988162674,0.9444381960209517,0.012284962493066402,0.02982376900452425,0.012286638458128602,3.9881626745508214e-07
1737,0.5911409849629194,0.7901403286128635,0.025279404272949266,0.07406463233007865,0.025291140482530682,-1.50370805807043e-08
1738,0.44822018547327325,0.6933425030661776,0.03209089755263673,0.08431338134443392,0.03210666587791335,1.8547327323981122e-07
1739,0.1195320160586355,0.4598806135701371,0.02239971287517579,0.07821038751051516,0.022400506722701444,1.605863550468989e-08
1740,0.8360875884063571,0.9252709342203406,0.0126455961177539,0.037294871113199166,0.012646595032838168,-4.1159364294607315e-07
1741,0.8039737217427456,0.9176302977151403,0.009918368431113295,0.03272304623012648,0.009918948555896388,-2.782572543491568e-07
1742,0.6386418478125986,0.8543987305604009,0.03087762934394527,0.08009116750386538,0.03088264905604681,-1.5218740145872545e-07
1743,0.6617333602795912,0.818891946306461,0.02418308580058592,0.06717525257901619,0.024185636412964905,3.6027959116058383e-07
1744,0.7228820476945862,0.8563660136057977,0.02532460749248055,0.05652602915486116,0.025327969030661483,4.769458616937783e-08
1745,0.8136343186155436,0.9230425741476674,0.009420189190136714,0.0358436407738045,0.0094224264105472,3.186155436152305e-07
1746,0.7706969558618941,0.8800336412464044,0.019314226856445307,0.04999943532358314,0.019318333248293063,-4.413810583692168e-08
1747,0.3305974445011507,0.6093856472983191,0.01980261920124999,0.06118687675304859,0.019803040319239348,4.4450115072036667e-07
1748,0.830392753098237,0.9626073298868268,0.008118350258388671,0.032141457191314074,0.008118866497976341,-2.4690176303465705e-07
1749,0.5079836606339977,0.71982002702917,0.018543734843847668,0.05899067789003851,0.018547354567821948,-3.393660022998901e-07
1750,0.2984005428775949,0.5723949632263862,0.025277470140888693,0.08427918821117554,0.025279435360654506,-4.571224051508338e-07
1751,0.8799859256313549,0.9572251834155522,0.010651344650615223,0.032453864304435406,0.010652274716592618,-7.43686451309955e-08
1752,0.16939068964838988,0.6316152357511884,0.02765136039497069,0.07703892173301963,0.027653086480165498,6.896483898677364e-07
1753,-0.8204109309921117,0.6710904675766075,0.03278232401266601,0.09006138858423579,0.032783496422949615,6.900788829256044e-08
1754,0.7191331690733016,0.8681559052596362,0.022421699356835918,0.060497171148721246,0.022428921518908636,1.6907330158133504e-07
1755,0.22441671050076495,0.48063803521433895,0.01986032330015625,0.06928119974609082,0.01986068874576648,-2.894992350566117e-07
1756,0.7554070689361866,0.8707834351455223,0.01886370511611328,0.05567470831516179,0.018866183091158152,6.893618653691647e-08
1757,0.9214888050864378,0.9611593119603906,0.012583629742832031,0.02620442029035325,0.012584754406215069,-1.9491356217926636e-07
1758,0.8337171847158877,0.9187615234344935,0.010592727517988277,0.036871223171925954,0.010593565297175655,1.8471588769664038e-07
1759,0.9110813293523964,0.9551729419225901,0.009276394472587907,0.02926094997559936,0.00927716136078235,3.2935239635545344e-07
1760,0.3018899197605026,0.5962187835053323,0.024661585209960916,0.070934326943526,0.02466509139216646,-8.023949737978597e-08
1761,0.33933790247377194,0.6392395290620414,0.035499910462304766,0.0953635234219159,0.03550383624574188,-9.752622803782529e-08
1762,0.46331784973759604,0.6917477393778739,0.025764376694335886,0.07621305152877862,0.025767656880982114,-1.502624039639855e-07
1763,0.8536052304979203,0.9395988951179157,0.010747756825292979,0.03406774287798806,0.010749181851855506,2.3049792030604976e-07
1764,-0.04850617108689903,0.24721339432527215,0.026095097584374966,0.07837270769897818,0.026095948211295333,-1.7108689902983754e-07
1765,0.4797592977169449,0.7058427306225461,0.016493949226162086,0.05013638082249333,0.016494445452646528,2.977169449303041e-07
1766,0.07030632718072627,0.3698154571625969,0.024047386950595693,0.08134595790789188,0.024049258794351883,3.271807262755777e-07
1767,0.7487707048166232,0.9096557662547758,0.011174562063330071,0.0345141472009258,0.011175183061771206,-2.9518337674172557e-07
1768,0.6497591598113672,0.8167077796027188,0.013179789935566396,0.03980748932154503,0.013180296399658804,1.5981136725073952e-07
1769,0.6903147044507868,0.838375650069691,0.02478887432841797,0.06694057317983755,0.024800912487972147,-2.9554921321395256e-07
1770,0.7699210656577362,0.8940352224945318,0.020599509899218743,0.05258454308929649,0.020607592462820602,6.565773624789273e-08
1771,0.3542798357820922,0.598973961270183,0.019097642706152374,0.06191894149643807,0.019100050456602926,-1.6421790777210177e-07
1772,0.7558488453959915,0.8723559115742184,0.020320325120996102,0.050929970387729756,0.020324970244573217,-1.5460400848432698e-07
1773,0.7905516653801169,0.8934573029602204,0.017367756034374977,0.040901814427481406,0.017374780023759112,-3.3461988313554514e-07
1774,0.4796860301840643,0.7128939114818703,0.01759123425517578,0.06433038924252708,0.01759382827866089,3.018406430355114e-08
1775,0.9159063521692977,0.9701248922367917,0.008428184174218744,0.0251866471680534,0.008430324303090585,3.5216929772374783e-07
1776,0.44771837390555347,0.7530037774713638,0.03452252420888672,0.09044338664049276,0.03453768825376227,3.7390555346350496e-07
1777,0.8956632267201439,0.9523546506584687,0.00953888857493165,0.03230136414139746,0.009539628135366013,2.267201438810318e-07
1778,0.8948603233775428,0.9718780856164027,0.014646497537695294,0.04098477482576765,0.014648290866423249,3.233775428546082e-07
1779,0.5213859782345052,0.8187050342029428,0.025114884817871108,0.06222779539844837,0.02511751238847133,-2.176549485088941e-08
1780,0.7098929867570928,0.8439985992782013,0.02321229140869137,0.05297143175833514,0.023222676273692566,-1.3242907215271771e-08
1781,0.8029932795283914,0.8975013270914911,0.011272328221855471,0.03813752949016651,0.011273129617141362,2.795283914336366e-07
1782,0.7228702818680147,0.8581273072089072,0.013304446736816421,0.05195232454082751,0.013307945072192835,2.818680147065322e-07
1783,-0.053472557563674084,0.38936578846634046,0.023899647030634793,0.07975673986420564,0.023900084354617313,4.4243632591617343e-07
1784,0.7873469103084436,0.8898214166511755,0.015299711247167967,0.05192169440223169,0.015304142269252911,-8.969155640414783e-08
1785,0.4091366183416302,0.6602469395005558,0.02310270376621093,0.06989667212876495,0.023107786890078183,-3.8165836979686674e-07
1786,0.8915892864255422,0.950160997929585,0.009946403269160147,0.03078452500975795,0.00994718746125408,2.8642554228408557e-07
1787,0.6062712510483067,0.792469909946679,0.017893204426894516,0.06117904483525808,0.017894370594078945,2.510483066986424e-07
1788,0.5183984792849289,0.8301674574948966,0.023880551256542964,0.06203179814296025,0.023888542138719306,4.792849288559609e-07
1789,0.8187276777581467,0.92644339535409,0.012783415525751947,0.03924986606875978,0.012784440644718753,-3.2224185331219957e-07
1790,0.780874100462878,0.8838885366586441,0.01643087236064456,0.045214078610790076,0.01643645246722408,1.0046287801657172e-07
1791,0.4526191859161178,0.7133858335093457,0.022774201235947304,0.07552397941060822,0.022776055871500556,1.8591611783413953e-07
1792,0.43295196925208257,0.7368195714998658,0.02263783309228518,0.06466363390763076,0.02264462489236468,-3.074791743440386e-08
1793,0.2678387821486016,0.5321159502671141,0.01867569650884765,0.0657700391103077,0.018676244596862585,-2.178513984207875e-07
1794,0.45297753715740907,0.7012813748404008,0.0203868065563477,0.07359088981003681,0.020388258813246265,-4.6284259092033153e-07
1795,0.6385282137214882,0.8083836543568015,0.029488157066015628,0.07055765545532693,0.029505912481948348,2.137214881736682e-07
1796,0.21802556892278446,0.6033048767579791,0.02868371095224605,0.08015899910957923,0.028690883853962106,-4.3107721553470313e-07
1797,0.4125747726512503,0.7083289514333858,0.028477232548105524,0.082902291831206,0.02848003737297336,-2.273487497150839e-07
1798,0.671828586832182,0.8309937739753654,0.012597436437949205,0.04763288946520796,0.012598341579784164,-4.1316781795863733e-07
1799,0.1253146186489248,0.4477032684012374,0.02086989010398443,0.06713433038587334,0.020870605070389386,-3.813510752181948e-07
1800,0.7393037224461503,0.9204548400238151,0.011440201893457026,0.04064354374015605,0.011441806984466226,-2.7755384968131125e-07
1801,0.8914562268545624,0.9447485864402942,0.008887477342939465,0.027502798208390092,0.008888103177215478,2.2685456235738144e-07
1802,0.4544360568123573,0.7179835616268542,0.03076049056816401,0.08220874142339916,0.03076366663064152,5.681235731858081e-08
1803,0.4444609811886946,0.6726751822971428,0.014143552146054686,0.05183863173454243,0.014144296999161842,-1.8811305402266498e-08
1804,0.8844243345600505,0.9417784879483441,0.007554816838857418,0.029045263564962637,0.007555291584066029,3.3456005055221283e-07
1805,0.43056707774025005,0.6847516189368795,0.012088741626005853,0.06023736399842855,0.012089419572970734,7.77402500706792e-08
1806,0.033437609807810964,0.3856227088500671,0.02783695743785155,0.09676949282795982,0.02783756063074494,6.098078109625926e-07
1807,0.6045760460296608,0.792210719314014,0.01246800649807616,0.05518327920832535,0.012468743854076775,4.602966074962467e-08
1808,0.7378142442995235,0.8747512150615132,0.020304965449218774,0.06563614395075967,0.02030743254436852,2.442995234996914e-07
1809,0.41911103786597914,0.6630054207601823,0.0219051566342871,0.0755049242575324,0.021906606363330097,3.7865979130025096e-08
1810,-0.08494897638922283,0.5936541065322767,0.029994491878320335,0.08104750357784768,0.029999876244108676,2.3610777166727104e-08
1811,0.7472731882931114,0.8975594296950589,0.01236897864377929,0.041265879212957296,0.012369799322197353,1.8829311143608862e-07
1812,0.9026032202298794,0.9503958243558033,0.01369516853730469,0.03210374348128488,0.013696531528053663,2.2022987933301152e-07
1813,0.6894635553324848,0.902362682103921,0.015054186237392566,0.04416431585826041,0.015055239853060879,-4.4466751514260494e-07
1814,0.7671199896312481,0.9021910260583904,0.02847711470214846,0.06784212396027302,0.0284816453515268,-1.0368751968137246e-08
1815,0.37297016889796153,0.6141010705339829,0.020300736396093724,0.06719607614343943,0.020303299620669943,1.6889796150554304e-07
1816,0.4345005595123187,0.72579457597599,0.02355638518066408,0.05648404219926085,0.023558833772764017,-4.404876813302039e-07
1817,0.8083100018603756,0.9037941963921743,0.012521726994345698,0.03460754366302178,0.012522605077410109,1.8603756313240183e-09
1818,0.05278843449006365,0.47417193572061783,0.024107337323496094,0.0725538474511762,0.024108802519816338,4.3449006364992826e-07
1819,0.5309755651921555,0.7439755820474829,0.026427093739160128,0.0790440247516467,0.02643189852438751,-4.348078445071124e-07
1820,0.7522757064891485,0.8886469558633224,0.020901829667578108,0.05612226193839827,0.0209075827423078,-2.9351085140127964e-07
1821,0.8329751745145241,0.9286012220567463,0.007435958224462884,0.027329420296252325,0.007436308510585465,1.7451452405392587e-07
1822,0.9119924821591588,0.9559456669419305,0.008653273703457035,0.02745198102772349,0.008653785441164895,4.821591588211049e-07
1823,0.8506908524546796,0.9313105003316274,0.016988600851757844,0.043691940085847064,0.01699073017763775,-1.4754532040583968e-07
1824,-0.04267519527335395,0.4017538088828487,0.02237510180987303,0.08008992850589469,0.022375681662014136,-1.9527335395203016e-07
1825,0.31079339034718956,0.6494696241209905,0.03135041583139647,0.08142505163047892,0.03135294173192298,3.9034718957164927e-07
1826,0.8193125542278689,0.9247608357456136,0.009201135489111327,0.028093321030756725,0.00920180463863953,-4.4577213109686653e-07
1827,0.8396502893423026,0.9179277502880688,0.013017785675830087,0.03451781396704726,0.013018797753652379,2.893423025618347e-07
1828,0.7562255703247942,0.8790119850839214,0.019382944195898418,0.05657794849798009,0.019385414508347337,-4.296752057486586e-07
1829,0.26504646723465264,0.6663878279336434,0.01876300882248046,0.06978052028338823,0.018763965278833176,4.672346526346516e-07
1830,-0.6272803124019222,0.37426473762143736,0.03983648392015639,0.10402533422720067,0.03983941352696747,-3.1240192222004026e-07
1831,-0.513034118110953,0.2761908270239204,0.03010288911122066,0.08851772203693477,0.030103731724304816,-1.1811095301794694e-07
1832,0.4049831560346666,0.6636777239845656,0.03672058826074218,0.0862130306163066,0.03672611748056201,1.560346666318324e-07
1833,0.8329150295260908,0.949980276616231,0.012014047285478526,0.03286150856375554,0.012014979005408417,2.9526090794540494e-08
1834,0.8605519407300185,0.9277808013775417,0.010570678725488268,0.03135801644128484,0.010572126655410252,-5.926998147831597e-08
1835,0.624823123614842,0.9237187264424658,0.012824079097675772,0.05305375070691493,0.012824985050387486,1.2361484202916273e-07
1836,0.06881326589734638,0.48012766950223074,0.0273278950108887,0.09298610931249716,0.027328916066198666,2.658973463770531e-07
1837,0.3864545040577282,0.6537274929773816,0.026622876142578095,0.06718340652984078,0.026630095857159034,5.040577281678615e-07
1838,0.7900661376192253,0.8898940672532831,0.012005211841210945,0.045336164827428756,0.012007598650431925,1.3761922523780612e-07
1839,-0.6063069204563194,0.42600574918433093,0.02251796215464844,0.08265654394361116,0.022518640266569495,7.95436806422245e-08
1840,0.5590198253194526,0.8348787531818671,0.02200983099921875,0.06343291834375217,0.022015475879513184,-1.7468054736013983e-07
1841,-0.3544220858720082,0.37440460878713394,0.03506204592984371,0.10755621840786996,0.03506278357226943,-8.587200817089524e-08
1842,0.19537553909637728,0.6553281469047184,0.038215511150683557,0.10094243190215806,0.03821963718601364,-4.609036227121166e-07
1843,0.3909501910881519,0.6506730748128127,0.033979841552832096,0.09387369172891807,0.033995077041522104,1.9108815185742145e-07
1844,0.308176155008686,0.6005423059497697,0.025583605807226534,0.0739069850818312,0.025585217349963912,1.5500868599804818e-07
1845,0.24281563690223895,0.539819253470027,0.04000044085298827,0.10267983854878578,0.04000383820094959,-3.630977610524777e-07
1846,0.8841239343117702,0.9409121635742993,0.009968523031396474,0.03387544061735039,0.009969291591002311,-6.568822985553169e-08
1847,0.7684213856493995,0.8772219833574126,0.0140646896264746,0.03531272705653308,0.014065844811267464,3.8564939952578925e-07
1848,0.3596620290382624,0.6203482123402293,0.011740419998613277,0.04700336905849776,0.011741234761756883,2.903826240574503e-08
1849,0.882105327404443,0.9458926716197937,0.012662723701484373,0.03830550732605804,0.012663934440989063,3.274044430012779e-07
1850,-0.5144234398825605,0.376207096781434,0.026441772032753903,0.07590524986953551,0.026442300765596168,-4.398825604878809e-07
1851,0.8062894491557391,0.899625827378853,0.007820964219638692,0.02899004091329039,0.00782132474282058,4.491557390462475e-07
1852,-0.14153253218198492,0.20795026280819484,0.02173905929716799,0.07342615047357016,0.021739648192280237,4.678180150763378e-07
1853,0.12193105044874442,0.537994433537356,0.017906764704394496,0.061338574376720675,0.01790896731216615,5.044874441806346e-08
1854,0.5668254469734233,0.7687468504706885,0.0227344165508789,0.0661485889976511,0.022736119330019577,4.4697342327371103e-07
1855,0.7280946813168232,0.8605692417474073,0.025758591196777324,0.06908951670198128,0.025766821720001637,-3.186831768475784e-07
1856,0.584624835721953,0.8323673550732207,0.019329085235546845,0.05565742927274118,0.019331966029061794,-1.6427804694352233e-07
1857,0.7570390729508238,0.8707364991405285,0.013976051620205106,0.04662009618974128,0.013977246559613441,7.295082382619e-08
1858,-0.13055465121793275,0.3425361374810251,0.02701829467108398,0.0893173596261536,0.0270187737798689,-6.512179327455847e-07
1859,0.838807643020058,0.9192900536856667,0.011987072668837898,0.034143572854051785,0.011987929735804499,-3.569799420510833e-07
1860,0.16032639026336215,0.4290828561591989,0.01656849472250001,0.06633125847850661,0.0165690605290752,3.9026336215441937e-07
1861,0.1530358913513864,0.4913399889977718,0.022962556586269483,0.07548761840409347,0.022962834646908275,-1.0864861360593281e-07
1862,0.7139800426467449,0.8733022457762376,0.015347182516210946,0.04186664754305204,0.01535053038553022,4.2646744913277246e-08
1863,0.8622131653968323,0.931522955321104,0.00712574134061524,0.025667928820843337,0.007126118596407338,1.653968323411803e-07
1864,0.4885768238487531,0.7107143925614046,0.03766013529257818,0.08953367236047059,0.03766801191871246,-1.7615124686676253e-07
1865,0.45322761239917864,0.7754695322432906,0.03784419506425783,0.09355727950213674,0.037852496805722766,-3.8760082138322716e-07
1866,-0.1076161287270534,0.7363039537488368,0.027904891540458977,0.07238258046125307,0.02790605055492204,-1.2872705339173063e-07
1867,0.4234954634005679,0.7480030220044823,0.045290449904394486,0.11497038567033184,0.045298725315618384,4.634005678627595e-07
1868,0.8177834740008527,0.9223075957878074,0.012678246512792953,0.039710006595819566,0.012680738058444668,4.74000852679346e-07
1869,-0.3388473353342554,0.4234444068260021,0.02671544140960935,0.08852629817188318,0.02671590390946033,-3.353342553635841e-07
1870,0.46976615433055957,0.6887982650409752,0.014362141852294933,0.04989133591675114,0.014362802884642242,1.5433055955416108e-07
1871,0.17236139784672977,0.48994518888683064,0.013551780377802742,0.058165653980466206,0.013552399306527914,3.9784672978271374e-07
1872,0.9509294447307791,0.9754637645281194,0.005739534658867184,0.017871920602389166,0.00573992582999096,4.4473077909223946e-07
1873,-0.05567088179163515,0.33617253412487713,0.021424135579130858,0.08137967641207192,0.021424670018595705,1.182083648465504e-07
1874,0.8928291841191685,0.9551620676889916,0.013402082006640625,0.03888316063540673,0.013403543191220906,1.8411916846705623e-07
1875,0.7553458188698854,0.8782675919477049,0.013552768854394534,0.04121430003607926,0.013554782837583323,-1.811301145737687e-07
1876,0.7907343918358108,0.8941689104795327,0.016259040891992226,0.04478029541872639,0.016260873362333172,3.9183581079793584e-07
1877,0.36863744226635264,0.6494661205312942,0.02589111695751953,0.0819989880920131,0.025896396380750124,4.4226635265154357e-07
1878,0.4435010811281037,0.6788850324820865,0.029440882843066434,0.08265326346223663,0.029444311438801024,8.112810373495094e-08
1879,-1.0572589747468668,0.2066502684107579,0.017693226948925785,0.07499874370969825,0.017693488620229143,2.5253133140168416e-08
1880,0.3752647878748605,0.6335580588525301,0.01946083449571294,0.06609504027651364,0.01946176812810911,-2.1212513950930045e-07
1881,0.4638960447182373,0.8268056916355603,0.01617880082451169,0.05292922170682529,0.016182421712572535,4.471823733531721e-08
1882,-0.22481964440552216,0.38237104641628583,0.0334058709830957,0.09206666010453508,0.03340636382049987,3.55594477835508e-07
1883,0.5722889070611277,0.8057824869708596,0.025963041486035152,0.06866505511595555,0.025966344459579734,-9.29388723758251e-08
1884,0.4923261632008693,0.748496478427997,0.033154858069238256,0.08484827112833032,0.033167869854433235,1.6320086931864708e-07
1885,0.7478911366514955,0.8848135511504877,0.014165215808496076,0.05017279253138317,0.014166335727883715,1.3665149556363332e-07
1886,0.6864561612990737,0.8440648056764938,0.010349746553789054,0.03815427408606683,0.010350227188013499,1.612990737642761e-07
1887,0.7352144752032349,0.8753349172302156,0.014444888600771484,0.041459353359773084,0.014445892195906241,4.752032348731561e-07
1888,0.6347717194836342,0.8830393908288102,0.022196088613378913,0.054763249891329524,0.02220480314817061,-2.8051636580261885e-07
1889,0.634704343525021,0.7977434302616567,0.017832215513476548,0.05201597336305564,0.017836377471632154,3.435250209848917e-07
1890,0.5989817997175546,0.7889557892384179,0.027641359693652355,0.07122478083372893,0.027644613025056053,-2.0028244540615248e-07
1891,0.8819194888890356,0.9394956465721983,0.010444645180537124,0.02741571437404831,0.01044543270537069,-5.111109644406753e-07
1892,0.8696184830076148,0.939924979340187,0.008079591788496087,0.027398953312664526,0.008080049778888035,4.830076147932516e-07
1893,0.8724236461108361,0.9386031255084994,0.013530596214873037,0.03639444352361526,0.013531794808077181,-3.538891638621422e-07
1894,0.21950834157966892,0.5277036674459256,0.03865294435449219,0.1044566725884642,0.03866505777684116,3.4157966891101843e-07
1895,0.07554036749433612,0.39451700358480474,0.02615441665419923,0.08046851431319509,0.02615577566488419,3.674943361287042e-07
1896,0.5395034335513477,0.7618963510530954,0.02822820672783203,0.07638145105423838,0.02823575339929177,4.3355134771161374e-07
1897,0.7442668776479011,0.866793639652201,0.016716105115722635,0.04120205944006331,0.016719292921442582,-1.2235209889688292e-07
1898,0.2855299073705617,0.6854469123968778,0.029240846308974625,0.07894675159275691,0.029242835085238363,-9.262943828636239e-08
1899,0.7346287455494067,0.8576622217129904,0.013874842078125,0.04250576741349161,0.01387854914963126,-2.544505932622343e-07
1900,0.4809575380333899,0.7482548109305599,0.024743189365429675,0.06629113784305193,0.02475043781082252,-4.6196661007691375e-07
1901,0.1703563543472606,0.53436104716689,0.02407450404664059,0.0728127872947923,0.02407681459283985,3.543472605893605e-07
1902,0.8526995449866633,0.9239274741591429,0.010591813091425782,0.03430570217033512,0.010592561920197432,-4.550133366754139e-07
1903,0.7136939813135978,0.848346019873578,0.018451136006113266,0.06126365185301191,0.01845260708134901,-1.86864022033717e-08
1904,0.4480748726843057,0.7392710128152993,0.02548102078164063,0.06354906737772548,0.025484433807374272,-1.273156943204512e-07
1905,0.263280156858841,0.6408582750058985,0.017731387489541024,0.06597128075359049,0.01773221916980829,1.5685884097171865e-07
1906,0.8607396923854437,0.9310271017166788,0.013392953294345698,0.04049895570737825,0.013394229797127285,-3.07614556271929e-07
1907,0.5903243325253954,0.8007624056026985,0.01848994096579102,0.05870111924170495,0.018491450730981757,3.3252539544115223e-07
1908,0.5852622387225332,0.778222342643236,0.018259193202324213,0.049534423159397316,0.018260351496957643,2.387225332967091e-07
1909,0.7257537552568272,0.8610304362755813,0.01942428595634769,0.05095528237156904,0.019426474356454535,-2.447431728391791e-07
1910,0.3532416343991073,0.667849710719459,0.02820713055625002,0.06989982516650436,0.02821124758723566,-3.656008927266363e-07
1911,-1.8083971703532007,0.4462571400359468,0.041382361726581995,0.10762934221906033,0.04138616191819513,-1.7035320065694748e-07
1912,0.8067228802021251,0.9367665206290231,0.009800906819433599,0.0366668271290009,0.009802901620707008,-1.197978748423978e-07
1913,0.13761882986715146,0.42933369188794945,0.025676083246982468,0.08771823870218401,0.025677753079482106,-1.7013284853151234e-07
1914,0.8075372178173095,0.949985979470632,0.010185613910351554,0.03243966360840413,0.010188038399620469,2.1781730952241674e-07
1915,0.8679877744380049,0.9524616637628768,0.009863528072539056,0.04172327412476331,0.009864336757080934,-2.2556199508194652e-07
1916,0.8236758759949718,0.911042381556205,0.01585645265361327,0.041640552645493045,0.01585834172941093,-1.240050281348104e-07
1917,0.1889731697430419,0.49443477947929887,0.015211165285068329,0.05944192301408888,0.015211850022462366,1.6974304190009448e-07
1918,-0.4625601992271966,0.39409521178086854,0.040645798798105474,0.1071911890346713,0.040647030487675075,8.007728033998518e-07
1919,0.8763370512710038,0.9368507081503453,0.010193411041210944,0.033029556463065456,0.010195603047946917,5.127100377588789e-08
1920,0.6832795882349804,0.8601069789214545,0.01836098516298829,0.05225350770409666,0.01836224187996398,-4.1176501963668954e-07
1921,0.38281406928728845,0.6428618455047208,0.028249134106347645,0.08549970980602095,0.028256152414694247,6.928728846222754e-08
1922,0.6842593998291917,0.843854475610531,0.009024964316582042,0.040893447926383775,0.009025409854856477,3.998291917550745e-07
1923,0.7242666443372433,0.855829083977688,0.014906247202539078,0.0408443830155151,0.014908475746838123,-3.5566275669030034e-07
1924,0.6969978910465786,0.8380887854501694,0.025569472380956988,0.06974724630328914,0.02557226981849815,-1.0895342139605191e-07
1925,-0.7646367463525532,0.35721959904486095,0.027586747868847652,0.09039728671576527,0.027590750489370968,2.536474468239902e-07
1926,0.679460089752548,0.8461763973944572,0.01887991148789062,0.044610379617294374,0.01888212926572497,8.975254806031785e-08
1927,0.861844178743576,0.9408502524198461,0.010371140888916016,0.02814501814465653,0.010371876096760166,1.787435759403877e-07
1928,0.4087101718706133,0.6517541053521867,0.02990618080468744,0.09023816015016638,0.02991149134170978,1.7187061329693165e-07
1929,-0.038733543043590224,0.24506080533506683,0.0316058280175,0.09709628302410543,0.03160773021527125,-5.430435902273323e-07
1930,0.8915594361740781,0.9627962527225491,0.010015233172207042,0.035571700166497126,0.010016171866399753,4.3617407807783337e-07
1931,0.016988599557535622,0.5611068947662377,0.026358744459560515,0.07408184848793314,0.02635956138032546,-4.0044246437873077e-07
1932,-0.03843919605618429,0.6661119165169268,0.02599548023819335,0.07147143125040505,0.02599642964314181,-1.9605618428730764e-07
1933,0.7253444278005055,0.8593163859515672,0.018444213346972646,0.052540064247738646,0.01844632251424598,4.2780050546475934e-07
1934,0.5259762693409662,0.7301113943077683,0.026370184039453088,0.0711835000725337,0.026379613986444436,2.6934096619690706e-07
1935,0.5037904003028484,0.7951253170748259,0.025319409644921888,0.06555718878803643,0.025330441117887872,4.0030284842451636e-07
1936,0.4971519177265844,0.7824009833843516,0.014678331943896497,0.04711972527530165,0.014678920259901224,-8.227341558031398e-08
1937,0.8458695028477327,0.920516393401227,0.01580044300263673,0.038247175891772324,0.015806530864289313,-4.971522673535844e-07
1938,0.7963459364237067,0.9008861221516303,0.01267704306629884,0.03833906472054462,0.012677831396675181,-6.357629334097226e-08
1939,0.5400772096477248,0.7407420934407104,0.014844723517724626,0.055924511773664025,0.014845616609532904,2.0964772473597293e-07
1940,0.671077539110202,0.8905713513169428,0.016778208587275415,0.048574952939227936,0.01677936547183749,5.39110201924764e-07
1941,-0.8927042021563454,0.5225371209163454,0.03734868085029293,0.09343413910749078,0.03735552219666131,-2.0215634533027327e-07
1942,0.2769895623612739,0.5468706371416467,0.022099689654785173,0.06937059991512012,0.022102511418320665,-4.3763872609181576e-07
1943,0.40982961093015957,0.6787824116657841,0.022939010234755877,0.07410244248893295,0.02294112904141657,-3.890698404562798e-07
1944,0.9324298704623064,0.970136770344055,0.010595074028515642,0.025765167220459326,0.0105970329801368,-1.2953769357171296e-07
1945,0.5045957386565572,0.7282280437835492,0.023053718942861328,0.07164790482248538,0.02305516946668708,-2.6134344288664124e-07
1946,0.7961654587724849,0.8938286549719331,0.013289572128027343,0.0476979954192395,0.013292160027844155,4.587724848903463e-07
1947,0.8817516945050229,0.9404048921563355,0.012445449111650384,0.03098769717377702,0.012446589547718453,-3.0549497709309037e-07
1948,0.38031070838089986,0.6338635580320324,0.019013655096679682,0.07039520738315598,0.01902106399892633,-2.9161910014563475e-07
1949,0.7888189635700351,0.8892046861256387,0.01945849530761721,0.050141341162540244,0.019461054290298475,-3.642996493358197e-08
1950,0.5837253290878708,0.8100029685308986,0.025844773266894522,0.06452368704547275,0.02584953165126584,3.2908787073182566e-07
1951,0.663121486040887,0.821216907264059,0.01845018575009764,0.06169480619216331,0.018454550668403562,4.860408870932531e-07
1952,0.8800981576016885,0.9434107088521198,0.011760907780986329,0.03597284472373453,0.011761921063899308,1.5760168847744893e-07
1953,0.6015251739374887,0.9196869412366768,0.01637370464863283,0.04564302109421323,0.016376801601714206,1.739374887455014e-07
1954,0.7865024881052664,0.8874498876389589,0.0151269798243164,0.04956543014003206,0.015128642144386582,4.881052663163743e-07
1955,0.4728325440668545,0.7126430554292261,0.022245114984765616,0.0688721745112265,0.02225110297018548,-4.5593314551561903e-07
1956,0.27859566847757733,0.5525646600741614,0.028654011840605405,0.08726102065033416,0.028655518977626034,-3.3152242268075227e-07
1957,0.8701451000116743,0.9489448214266367,0.011755817224550774,0.03298412906703555,0.011756796702447633,1.0001167438655756e-07
1958,0.4349282472702579,0.7174476213734055,0.029248227687011696,0.08020328627313385,0.029250777638762757,2.472702579359165e-07
1959,0.8949101966867806,0.9491816647872513,0.008633169186884783,0.028614091335446495,0.008633785125173491,1.966867806402206e-07
1960,0.6915774713223225,0.8367956436848203,0.019541445023144536,0.051183556104143775,0.01954485769993089,4.713223225039087e-07
1961,0.6363083106163323,0.8132119407522009,0.022902288423144575,0.05593143334940969,0.02291102078688484,3.10616332321878e-07
1962,0.6760742065097192,0.8345050810505886,0.016846550506054693,0.04821784744293142,0.016850850034142602,2.065097192138765e-07
1963,0.8514425410105553,0.9320187140191571,0.010082570605136714,0.03426749106946682,0.010083138218866397,-4.589894446738185e-07
1964,-0.05346547044114991,0.5770578986248724,0.020241461844023444,0.06899080199485946,0.020242327310800314,-4.704411499106831e-07
1965,0.8775821424179131,0.9381011197596842,0.017859302980078144,0.04085322350057889,0.017868511860741003,1.424179131293002e-07
1966,0.7596204148595238,0.8745519500365962,0.01728811156011721,0.04500703877677852,0.01728978424663522,4.148595238451236e-07
1967,0.8388653184753312,0.9234771173017737,0.014153804874316408,0.036152097961138156,0.014158718105244826,3.184753312179822e-07
1968,0.21395206888312412,0.4767406532960361,0.020055847555185587,0.06203140000789328,0.020056422236063763,6.88831241213439e-08
1969,0.38466740347328776,0.6687492026221008,0.02325501036669923,0.07207861935746421,0.02325951077035585,4.0347328778000957e-07
1970,-0.1796144196989773,0.3663325415136332,0.028192034371543002,0.0815859540362101,0.02819233120295977,-4.196989772942139e-07
1971,0.7293670654315476,0.8656499207210697,0.009638655529384756,0.04513997251353052,0.009639296454303012,6.543154762450598e-08
1972,0.46649096475801144,0.6891245561891293,0.01799684587519533,0.05711914056548074,0.017999272459711477,-3.5241988549650216e-08
1973,0.19184496633474757,0.474220642746745,0.029227109409531285,0.08883194915522556,0.029229809291894965,-3.3665252419101677e-08
1974,-0.7515529003101475,0.16979642564407513,0.02657687264298825,0.08266038104674432,0.026577268000580027,9.968985248409723e-08
1975,-0.49802903298998547,0.2559902831993446,0.033055641215917995,0.09416787670778543,0.033056601176971644,-3.2989985465636806e-08
1976,0.35452291481626375,0.6520079191349644,0.02571791147453127,0.07877327209045057,0.025719805742339362,-8.518373623145337e-08
1977,0.5810869291421963,0.7926660866755205,0.012461059758642593,0.043033277229619055,0.01246148446721776,-7.085780373561334e-08
1978,0.3684469195450881,0.6968972580122467,0.02604049247158199,0.08087826921139958,0.0260503264307341,-8.04549118993414e-08
1979,0.3585116459829115,0.7617670117871301,0.013577438040394532,0.06179291810552371,0.013577478333462333,-3.5401708847748736e-07
1980,0.8018400518875786,0.8974876411054924,0.016723432082158166,0.04367523367250797,0.016724560053219147,5.188757856711135e-08
1981,0.8693752838526851,0.9343198189015037,0.010836418691210924,0.03229573320573215,0.010837426928466617,2.8385268513453354e-07
1982,0.6597169149014503,0.818987717429177,0.016127107106523455,0.0586645789479205,0.016128480006449782,-8.509854965144115e-08
1983,0.854139926219159,0.9265090466329258,0.00976082928906251,0.029953940085579334,0.009762773409684499,-7.378084099229909e-08
1984,0.6988802492867938,0.871016764729153,0.018463716965820293,0.046496367753484355,0.01846543454575673,2.492867938741483e-07
1985,0.6321283396243031,0.7967816428443566,0.021929334196943335,0.06577697558564212,0.021931489331368067,3.396243031250634e-07
1986,0.6735461108794106,0.8214206825537392,0.020869978749511686,0.0643238063582387,0.02087316576256419,1.1087941065301976e-07
1987,0.8782520321561698,0.9543239028434968,0.009721515099921868,0.027664694189247704,0.009722111329204449,3.2156169726960115e-08
1988,0.7774310504423372,0.8885328550192158,0.01651774912304685,0.05055669058325913,0.016519229450018054,5.044233719608826e-08
1989,0.3568433955149729,0.6270825633473799,0.016891804812607422,0.06121689888919652,0.016892226512514992,3.955149728840368e-07
1990,0.4550688441321519,0.7144847377275109,0.0255472948949219,0.07731891710660375,0.02555318934621051,-1.5586784812837706e-07
1991,0.5762606088788962,0.7785104560514821,0.015861119390195313,0.06319669568888725,0.015862050230820032,-3.9112110383765497e-07
1992,0.6479888678150173,0.8224594737184854,0.018887136092480487,0.05276883248548062,0.01889113275342097,-1.3218498273737112e-07
1993,0.839923765337984,0.9284758766730644,0.016107013512207034,0.04776088625969546,0.01610894953408889,-2.3466201604094294e-07
1994,0.4093708168048814,0.6593604186268341,0.03098559482451174,0.08661760673086712,0.030997129625174077,-1.83195118574897e-07
1995,0.6158262868472305,0.8058119725591998,0.01817290127080078,0.054260824925877756,0.018175026934710934,2.8684723052396777e-07
1996,0.2725570567944028,0.5725306143259823,0.026609744666445275,0.08301412060651342,0.02661123432129683,5.679440279182657e-08
1997,-0.26941257372187,0.49206071428823517,0.020803915414414058,0.07410899127442173,0.020804271993810835,4.262781300168328e-07
1998,0.1851628783272814,0.5248741133938488,0.028768180094062512,0.08460804968268024,0.028769568448416605,-1.216727185948674e-07
1999,0.30960862103052544,0.584351424385262,0.029721188629882787,0.0845189686382745,0.02972630419389995,-3.7896947457927155e-07
2000,-0.6508609888131696,0.3355229713079101,0.036192964519267595,0.10390175795365479,0.03619389475050056,1.118683046197333e-08
2001,0.635355177915214,0.8800313552869767,0.01242293336972658,0.04544115249508526,0.012423677629764401,1.7791521400578603e-07
2002,0.870956576863836,0.9392681331045188,0.00817045196365234,0.025878634776618944,0.008170865265872691,-4.231361639961406e-07
2003,-0.4840678911638463,0.442813684692588,0.028106942810742202,0.08917004847347837,0.028108035191021893,1.0883615370049782e-07
2004,0.1489624283670422,0.46853019241473715,0.04040608090929684,0.09721192508923637,0.04040975360794355,4.283670421989516e-07
2005,0.7420218762118123,0.8644757108317033,0.018738378991406266,0.04267614417906644,0.018742367575266563,-1.237881877003133e-07
2006,0.5325611204982685,0.7484984274289681,0.029405751606933605,0.07182794680921657,0.029415430186518675,1.2049826858540058e-07
2007,0.6617095462156807,0.8194413141682785,0.025050650912793,0.06571354317385866,0.025055060184966046,5.46215680685691e-07
2008,-0.573425384492025,0.3952957220799244,0.023857839463817403,0.07899157827923887,0.023857953645454608,-3.8449202499624135e-07
2009,0.8960252225119024,0.9469141692521088,0.00842262100175781,0.02675273985601392,0.008424294051392688,2.2251190245903274e-07
2010,0.7922637817983242,0.894212495855274,0.013184146278798834,0.04542725453168638,0.013185374677221503,-2.1820167572794702e-07
2011,0.5173234152906133,0.7563270986735771,0.024184577543359356,0.06863922722068615,0.024194581780335372,4.15290613342556e-07
2012,0.811019224743869,0.9213196944728004,0.00996533530936522,0.02657434767023976,0.00996582340260792,2.2474386895954268e-07
2013,0.28535101853159206,0.6207449527907937,0.017287154648701196,0.06100780142663141,0.017287917760729844,1.8531592038684153e-08
2014,0.5282299974951106,0.7399138636097607,0.02315949759804686,0.059997482920762256,0.023162023293928337,-2.5048894070067718e-09
2015,-0.6114718850475991,0.4457621719345589,0.02485569084393556,0.08218569400815343,0.024856632975946858,1.1495240093140069e-07
2016,0.7327482551842646,0.8601258897629078,0.012228772768291016,0.03754056847445742,0.012229562488130636,2.551842646081326e-07
2017,-1.3907749569747727,0.4232135743356619,0.03385311775101561,0.10369478616003794,0.03385641613177898,4.3025227380866227e-08
2018,0.6176332993508655,0.7896663563595521,0.031838716514062504,0.08573259557435456,0.03184350473270735,2.993508655402266e-07
2019,0.11952137395182338,0.6461267655603059,0.025411126113935572,0.07083248665846426,0.025411957372096755,3.739518233819572e-07
2020,0.4443432462286775,0.7154612107609518,0.024799113348828148,0.06971641667993168,0.024806034118239378,2.462286775029021e-07
2021,-0.3709198768231061,0.5270043471051651,0.027394145209287124,0.0778520066046261,0.02739520362791042,1.2317689390695108e-07
2022,0.7319194409643612,0.8697525607106551,0.02366668726093748,0.05742629734877411,0.023673544059136704,4.409643612479641e-07
2023,0.4133018165475324,0.671670885446821,0.031234854301650447,0.0859767567846403,0.031237932439094198,-1.834524676058713e-07
2024,0.2573479684310106,0.5284606554792519,0.026277420045654285,0.08427431272471486,0.026278011914251154,-3.156898942258124e-08
2025,0.6478829738367385,0.8096318089706923,0.018322187037988293,0.052764583770952396,0.018325352005868156,-2.6163261446221497e-08
2026,-0.5541975772321119,0.4993693348971218,0.026481342117675766,0.08052534518755884,0.02648487944082237,4.2276788803086163e-07
2027,0.5530488742190474,0.8214458635733488,0.02288315974569334,0.06098652065267442,0.02288442288802972,-1.2578095265336486e-07
2028,0.7626529502710145,0.8805016765438017,0.013680216455078113,0.04305109402925077,0.013683881424092196,-4.9728985485053556e-08
2029,0.7427607484431107,0.8638808185126504,0.017178536521484357,0.04693762215824128,0.01718163368620896,-2.5155688931910447e-07
2030,0.5115628890667002,0.7396062955039844,0.0229468303263672,0.06861500425184705,0.022952849415034532,-1.1093329976841204e-07
2031,0.7466795161078523,0.8863424275872044,0.020557278149218747,0.052539989624049106,0.020561254490224612,-4.838921476846281e-07
2032,0.8550733710541636,0.9350457952716846,0.011668261930478523,0.0434522792058059,0.011669398733546178,3.7105416361704613e-07
2033,0.8257407528841689,0.9614430255347248,0.010793560829589842,0.03708537491413977,0.010796095324166971,-2.4711583102021706e-07
2034,0.2192930987563484,0.5266588393786574,0.027200814255683582,0.08119009562358476,0.027201590689999774,9.875634840450509e-08
2035,0.8685956361014671,0.9342381051272747,0.013282114201855459,0.03618477719353863,0.013286052393718769,-3.638985329734723e-07
2036,0.8937124983658786,0.9549914007857797,0.0067945733131835944,0.026025004808432516,0.006795450403326242,-5.016341213526232e-07
2037,0.2701578248453106,0.5923118470522266,0.027770745458242263,0.09061682429738886,0.027772001880825993,-1.7515468941908807e-07
2038,0.894630210450551,0.9481168788208121,0.011346653766923826,0.034627150591332125,0.01134763142925862,2.104505509858967e-07
2039,-0.09991723481347003,0.44824203419370134,0.02614691152908206,0.08321478383762794,0.026147800985492804,-2.3481347002918262e-07
2040,0.5608390967093034,0.7730003475289059,0.028179927106933626,0.07316857214156097,0.02818663690484352,9.670930345428985e-08
2041,0.9127928940861729,0.95735575562995,0.009913004863447261,0.02815928688954505,0.009913712753097766,-1.0591382704205898e-07
2042,0.6645509118379842,0.82778675557349,0.013253967469677731,0.05004356461247806,0.013254915920812321,-8.816201579886496e-08
2043,0.7425471827017313,0.8741156473866083,0.02331506257255859,0.06632820702782535,0.02332240819591173,1.8270173129941725e-07
2044,0.6890352689506196,0.8649351259416598,0.021859897091308582,0.05540164071629295,0.021866115025054953,2.6895061966403233e-07
2045,0.21094443530757734,0.4860495707762879,0.02561764763939453,0.08726070745014441,0.02561915199574353,4.3530757734555614e-07
2046,0.6867878179515492,0.833138059816924,0.017914410727539045,0.0507587479598504,0.017916408588052338,-1.8204845075864284e-07
2047,0.8109576578705336,0.9193289005274148,0.016968231548242202,0.04018427630783616,0.01696995921057655,-3.4212946631306806e-07
2048,0.31145674489659936,0.6261002727031088,0.01962992194593751,0.0684005743767085,0.01963093893497403,-2.551034006259556e-07
2049,0.5331231106774812,0.7397323348070612,0.021792380093007824,0.06806791271953516,0.02179392256027436,1.1067748117987719e-07
2050,0.8484709151934244,0.9215595782338815,0.009213166113515631,0.032457652031918055,0.009213727413144678,-8.480657553988635e-08
2051,0.6967962686404767,0.8386000350831109,0.02036513824257812,0.05786825747870647,0.02036742509910499,2.6864047675267955e-07
2052,0.8248629606334295,0.91547440505051,0.012831305685253896,0.03843826665611718,0.012834634581322911,-3.936657055891857e-08
2053,0.5953217925019456,0.7933262402786367,0.02281926457001958,0.06804281735722567,0.022825246062701785,-2.0749805440534175e-07
2054,-0.04999940067615416,0.5204137769108012,0.028092761579550762,0.08045547824126846,0.028093901389023453,-4.006761541580639e-07
2055,0.8771614589693568,0.9414873205324281,0.008368744806503894,0.02793317465995262,0.008369280639904804,-5.410306431752332e-07
2056,0.837106377852226,0.9168502568253931,0.017624186983203147,0.04416293575962458,0.017626252984517466,3.7785222595232426e-07
2057,0.4542893698840996,0.685383784451209,0.016518938114980463,0.0626179085127277,0.0165197684599968,3.6988409962690483e-07
2058,0.5743838814053082,0.788299647607746,0.012984646638847644,0.055715496916783985,0.012985432533586222,-1.1859469184472005e-07
2059,0.6798963720633533,0.8329050542853468,0.027012337094531238,0.07047268599298508,0.02701591914065328,3.7206335334882823e-07
2060,-0.5939303022710607,0.36121670373377046,0.027604060413671853,0.07817021848006205,0.027604523247119237,-3.022710607369916e-07
2061,0.35349794146382396,0.6283014363391739,0.03431358530810551,0.09757090992379726,0.03432679780242541,-5.8536176017476294e-08
2062,0.41280375424050675,0.6630293082920369,0.03040285007025388,0.08169554839522344,0.030405284688594575,-2.4575949325589264e-07
2063,0.3828039003864966,0.6645889098781502,0.03325345198613279,0.08561862993253956,0.033259309426130854,-9.961350339038333e-08
2064,0.8963544665058831,0.9469317200695027,0.010724745432490223,0.03720713148318122,0.01072571760745839,4.665058831454516e-07
2065,0.1367043835982038,0.5324346009362327,0.029775698328284226,0.09460081748136527,0.02977582992071846,3.835982038125074e-07
2066,0.5279900097154755,0.740078537647326,0.02596435610804686,0.06448645419201554,0.025966765662387047,9.715475535188034e-09
2067,0.7190427947997753,0.8617229018704586,0.010986581017724597,0.046285534618955855,0.010987275233437907,-2.0520022470105204e-07
2068,0.712482299033547,0.8476301944462278,0.018153085115361373,0.05073893537253689,0.018154625303483808,2.9903354703542107e-07
2069,0.7215654369567811,0.856252048614437,0.023982703222460905,0.06084367380973541,0.023994588217097677,4.369567810913466e-07
2070,0.0908179428545659,0.5872021487621475,0.02328444493118164,0.07370093721785932,0.023286170456438566,-5.714543409307549e-08
2071,0.3496239504702541,0.6234884974312122,0.01572454483046876,0.057551710868669295,0.01572507719839704,-4.95297459157662e-08
2072,0.8038952798044177,0.8984938120340965,0.01539705101833987,0.04508645561331123,0.015398495727690845,2.798044176355319e-07
2073,-0.010942924120002528,0.20063818905132186,0.022054781986858417,0.09309222800909694,0.02205480460247259,7.587999747114826e-08
2074,0.9280851879395535,0.9701987376651736,0.007809237433125004,0.022750037953366147,0.007809776158747526,1.8793955347540248e-07
2075,0.2752475225120682,0.6216037633246237,0.030411686695507822,0.08411872857353726,0.030414286466134945,-4.774879318047986e-07
2076,0.6159444784179098,0.7925480083129886,0.01857673077529296,0.05047077509431013,0.018581108133186197,-5.215820901849355e-07
2077,0.8623430665871523,0.9515210105798161,0.0116368798243457,0.030656921993725526,0.0116376926634121,6.658715234753032e-08
2078,0.6280735431579301,0.8035480585548103,0.02067226946850587,0.05709985582986919,0.02067424817640322,-4.5684206995133536e-07
2079,0.3534036140914699,0.6647600911643645,0.027110948727343744,0.0865474527645639,0.027117712793357784,-3.8590853007614e-07
2080,-0.064709530897616,0.5690966519929146,0.021643585738320297,0.07070124254705522,0.021644410370009647,4.691023840069919e-07
2081,0.8689239035542309,0.9379727942240117,0.01083204576347656,0.030804646866138815,0.010834830905517562,-9.644576914880076e-08
2082,-0.30952208184267715,0.4090314640584288,0.029234527049492202,0.07422001897508863,0.02923528250497918,-8.184267713540194e-08
2083,0.5976438741131618,0.9151327652331857,0.014354733889062513,0.04396497881418737,0.014357294057331415,-1.2588683817593704e-07
2084,-0.028097147394315902,0.09850619675460486,0.012347639907397243,0.05509009821802535,0.012347647650102066,-1.4739431590179985e-07
2085,0.831165268587231,0.9319991461449605,0.011495878256455082,0.04230207776694295,0.011496774130162658,2.6858723101153004e-07
2086,0.5597956185929192,0.773751232393453,0.018198974649550757,0.06236029873445634,0.018200069073940377,-3.8140708080725005e-07
2087,0.7438173157771495,0.8671031335812484,0.015218564543486317,0.04155169358542801,0.015219677782556212,3.1577714953989755e-07
2088,0.7982809071325772,0.8939342522933926,0.013149854912734378,0.0357781368280395,0.013150872443604515,-9.286742286285232e-08
2089,0.6973160222001327,0.9061956326291571,0.013832307537138693,0.03898612525999181,0.01383314949026077,2.2200132621108537e-08
2090,0.06202859900976909,0.6409123886959603,0.025694622374218726,0.06973068569689474,0.025698038147170033,-4.0099023090878205e-07
2091,0.04164553927682246,0.32598837188796387,0.020540586360507842,0.06626887724292849,0.020541470306809695,-4.607231775394238e-07
2092,0.648595528967904,0.8172557795532777,0.012382423917080077,0.04914531114666575,0.012383231850268735,-4.71032095994417e-07
2093,0.8310165510573141,0.912069327536526,0.013410292672851572,0.04399699077015744,0.013411678014696919,-4.489426859155543e-07
2094,0.8684540506866415,0.9393886788326735,0.010182994704589833,0.03349359272868947,0.010184221714898377,5.068664155061242e-08
2095,0.42338361084351284,0.7190170296628511,0.02141607722894532,0.061806207597841605,0.02141709676799152,-3.8915648714610285e-07
2096,0.5089575177312046,0.7958318494371451,0.022206367122363267,0.06730738455716474,0.022211978139027318,-4.822687954542104e-07
2097,0.2709475579706153,0.5359074070070577,0.028316729221386727,0.08013652366327517,0.02831797093694388,-4.420293847062773e-07
2098,-1.5848265257779999,0.29437953016702323,0.03867666960726557,0.1048375576701218,0.03867720685958257,-5.257779998046885e-07
2099,0.8958720188531288,0.9516308148402273,0.010430953452578122,0.031836370445637696,0.010431835793001566,1.8853128835871757e-08
2100,0.48115457363267244,0.8317312372565806,0.01587990549892575,0.0550598830934528,0.015880877589993878,-4.263673275550772e-07
2101,0.8155280757840901,0.9283033105328979,0.010459169378085924,0.03166757858613994,0.010459808586088653,7.57840901144391e-08
2102,0.6538250156513314,0.814420400345788,0.01993014407910156,0.05184337307259995,0.01993225477332917,1.565133145309261e-08
2103,0.8362132290619974,0.9405068854320879,0.01171925132841797,0.03452887096988431,0.011720824659251115,2.2906199736993926e-07
2104,0.6124258815859032,0.7864238983550986,0.028799197519824172,0.07343631325259442,0.028805213298507156,-1.1841409686130788e-07
2105,0.4720197772603347,0.8144561806698314,0.019902932347656294,0.07105367553809205,0.019906589192072194,-2.227396652676461e-07
2106,0.8248115872567214,0.9285967581951404,0.009841356603525378,0.03493161849985391,0.00984191496134379,-4.127432785550056e-07
2107,0.7363452359027083,0.859760783808266,0.01841856170869141,0.05094227242980208,0.018424867346852836,2.3590270825657456e-07
2108,0.01977589313761685,0.24694973344641596,0.01419249649550782,0.06704204857782574,0.014192512786851975,-1.0686238314724927e-07
2109,0.8516583930255268,0.9376405109636765,0.018179752450703128,0.043943233479135146,0.018181529291197762,3.930255267903249e-07
2110,0.8203818824102614,0.9186722892540005,0.011491715787548838,0.033723354230158833,0.011492404624813594,-1.1758973850195531e-07
2111,0.7135597542316372,0.8478272288206782,0.014454532102050778,0.05045325672439069,0.01445878196315794,-2.457683627721252e-07
2112,0.6734772319988729,0.8439450600591005,0.02292553559765624,0.0559595962970126,0.022929272683891933,2.3199887289049315e-07
2113,0.29028082974752656,0.7091239190012716,0.020444742613017555,0.0619167369239455,0.020446110300157125,-1.702524734525923e-07
2114,0.8712548533393921,0.9455984188404999,0.007727979813964846,0.02392944071645075,0.0077283813189084095,-1.4666060788037782e-07
2115,0.48030188642436356,0.7031305322438405,0.021156116827919895,0.06979858353748498,0.021157558421436254,-1.1357563645120194e-07
2116,0.8385439686149678,0.9191160343085669,0.008341280856572276,0.033628454150678416,0.008341856676920273,-3.1385032128739e-08
2117,-0.5920869760133436,0.270573529693345,0.035059704921334,0.10004464255619913,0.03505991946143062,2.3986656438879095e-08
2118,0.7032483266683073,0.9065039489204947,0.014883988910058595,0.043176439605815,0.014885179696301308,3.2666830729333185e-07
2119,0.894223925429834,0.9492555933802752,0.014717006937890643,0.03893396960163663,0.014718847961090423,-7.457016604206501e-08
2120,0.4711927016180847,0.6947836081867058,0.01761373799171876,0.05755648539254545,0.017614964446301107,-2.9838191528686053e-07
2121,0.19166385483774828,0.7500689618368946,0.0177979316060547,0.06556851458977725,0.017802062592481346,-1.4516225171901098e-07
2122,-0.24282172066950136,0.4437556777910141,0.022866254412568364,0.07392645367372133,0.022866835546896926,2.7933049864814485e-07
2123,-0.11461194237756156,0.5058355417098571,0.02716409280488281,0.08131839534183168,0.027168501652277084,5.7622438445759094e-08
2124,0.7001479669183435,0.8467948282940733,0.01952193527421874,0.05574145469542272,0.01952399364201083,-3.3081656525268954e-08
2125,0.5640763660652492,0.7660044118600123,0.02677751485423826,0.0724909784501112,0.026779580373716517,3.6606524922433437e-07
2126,-1.4167858208122288,0.3561178937734403,0.02890918174564452,0.09870537973321833,0.02890978904288632,1.7918777128755892e-07
2127,0.4788673920090567,0.711727389095798,0.020283136909765645,0.07111355254380522,0.02028887694550223,3.9200905671554764e-07
2128,0.4941908348106353,0.7492904522982545,0.028140164781640612,0.08942845051239509,0.028146622796253566,-1.6518936468701284e-07
2129,0.4627690430594389,0.7060692969312651,0.02701528494971681,0.08167030146656833,0.02701768972106094,4.305943890337005e-08
2130,0.7408022043280234,0.8669026167981114,0.021468480277539028,0.05832480791763802,0.02147109616989291,2.04328023389877e-07
2131,0.2631455366914166,0.5682177608076149,0.027277942350390636,0.06905351817874963,0.027281744563479655,-4.633085833871675e-07
2132,0.44867977804925685,0.7012293756428668,0.03127962327529301,0.0963344191000978,0.03128301086561513,-2.2195074317332697e-07
2133,0.454340618316302,0.6898644208412291,0.025924326559882856,0.06718125693808524,0.025926073934747294,-3.816836979808613e-07
2134,0.058088654484095725,0.4719783158495378,0.022460009914326163,0.0600856096796815,0.02246060824314297,-3.4551590427644996e-07
2135,-0.2907595338633544,0.4855846903411279,0.02492003134658205,0.07665847223987679,0.0249220562723769,-5.338633544127447e-07
2136,0.009181048767026967,0.5177712774337294,0.026640508039599636,0.07603457440195839,0.02664114532749883,4.876702696700319e-08
2137,0.3559350384425839,0.6599940967576313,0.03474157645478516,0.09167231157114436,0.034753724959931405,3.84425838939606e-08
2138,0.6179126720385872,0.7891885832587651,0.02048637049169919,0.06211590545493389,0.020492898151927636,-3.279614128048891e-07
2139,-0.5262283930978449,0.33359695185507365,0.032948019501250016,0.09845651654461682,0.032949993722859415,-3.930978448307698e-07
2140,0.4794654316602094,0.7040948710492877,0.03092029539101567,0.08159926477892808,0.03092384669175452,4.3166020941010075e-07
2141,0.6727497491953478,0.8296342792015283,0.01779067972035156,0.054946218090648494,0.017791907309113925,-2.5080465215765457e-07
2142,0.29774977230194166,0.6685987177327932,0.020011658893886706,0.06491106040470081,0.020012518243627722,-2.2769805835265444e-07
2143,0.23673641313887517,0.5863165186273199,0.025990273118662133,0.07112865970332083,0.025990858255012562,4.131388751660303e-07
2144,0.6354093261655045,0.8442427450748411,0.019079524147753903,0.05466291758812321,0.01908145918326451,3.26165504493936e-07
2145,0.4379247896744334,0.7538669827700024,0.030273802480664073,0.08426331531213677,0.03027738710530015,-2.103255666296988e-07
2146,0.14868783805846753,0.6239242831301273,0.02632451257964848,0.07716720075561191,0.026325778674536296,-1.6194153246162912e-07
2147,-0.03520105234131088,0.21002731776950376,0.021349998702236327,0.07264919122457444,0.021350766810804372,-5.2341310875780866e-08
2148,0.23303454294343273,0.5884840720841858,0.022408862855859385,0.0705410402284632,0.022413861216393608,5.429434327408611e-07
2149,0.9142996161257454,0.9564446030588633,0.007186820120009765,0.019063979400166145,0.007187151805196915,-3.838742546058427e-07
2150,0.7617937597374992,0.9228467351802414,0.01539701414079102,0.04046281064555273,0.01539796730761105,-2.4026250078357236e-07
2151,0.7166151209142482,0.8710679619821929,0.012359111623017548,0.04364660274804799,0.01235995016925204,1.2091424816951246e-07
2152,0.5376417691153046,0.7573126322661542,0.03389013723056644,0.08668582584297822,0.03389454575516518,-2.3088469536247658e-07
2153,0.7710741897527484,0.9318366453564743,0.010186784017871086,0.03200568768933273,0.010189384833895414,1.897527484029382e-07
2154,0.17630194126118703,0.598413976222698,0.023205423392099644,0.06651721122689214,0.023206257795376682,-5.873881295248573e-08
2155,0.7746612919447674,0.8826254833712384,0.01743484967900389,0.04402837556588989,0.017437739891970963,2.91944767361052e-07
2156,0.8380253030487967,0.9206169159223808,0.007564340071777351,0.02600743743294659,0.007565197340270437,3.03048796723715e-07
2157,0.8877576134266042,0.9685357370402179,0.011466639097167969,0.03423372641009919,0.01147021394878108,-3.8657339584968753e-07
2158,0.6246942465015477,0.8624358372395791,0.013968915112324232,0.041820230198130616,0.01396959552480349,2.4650154772931643e-07
2159,0.3016815787173899,0.6075387979846003,0.025596118267597685,0.0773301167508745,0.025597720419447578,-4.212826101301914e-07
2160,0.4300234073089074,0.7919771562477627,0.021352165433398424,0.0574106980187837,0.021355043130099914,4.073089074352332e-07
2161,0.7566046224418357,0.8861435369515239,0.018724118256816392,0.04423145989015076,0.01872593866542432,-3.7755816428841626e-07
2162,0.4385420806062936,0.6634141113039779,0.01301177090473633,0.05484162680517894,0.013011897572228148,8.060629363981775e-08
2163,0.7475749884654586,0.9132139518597374,0.026858065903320304,0.06448534810722382,0.02686415922385621,-1.1534541433100287e-08
2164,0.8583209690841345,0.9268571290537172,0.011607804482421881,0.03201278549614224,0.011609352465353063,-3.091586553427561e-08
2165,0.8964250720932068,0.9479986158172774,0.007835947459814451,0.026551660840508886,0.007836496208267216,7.209320673773334e-08
2166,0.5540018169857579,0.7644393235392182,0.026283516726953112,0.07221750345580903,0.026289963720112323,-1.8301424209443695e-07
2167,0.7860453370533149,0.8868988659975199,0.013400905355683597,0.04986810396619349,0.013401958953903228,3.3705331492495105e-07
2168,0.9206637717104166,0.9634482008206465,0.007426394759785145,0.024237755692808467,0.007426957838455685,-2.2828958345932904e-07
2169,0.3278097580428757,0.6006107176325638,0.025484341192089817,0.07601743813294543,0.02548825391433881,-2.419571242806562e-07
2170,0.14895364752860984,0.48767104262464533,0.01698088673001366,0.05501103419087919,0.0169810185088814,-3.524713901581489e-07
2171,0.9003589408947613,0.9489971255344456,0.010245802408603517,0.030925132307535335,0.010246560968479675,-5.9105238703338614e-08
2172,0.4395331659820235,0.6879965980908997,0.02871896089208989,0.08678954950716677,0.02872188023569643,1.659820235144771e-07
2173,0.04795095452964493,0.2791431286845313,0.020073590599006822,0.07932524050289688,0.02007361386587096,-4.547035507146413e-08
2174,0.7888326746144503,0.8890929749940952,0.012141381957548837,0.04061216868436902,0.01214221064351203,-3.253855497264979e-07
2175,0.7129474220968902,0.8469217065390815,0.018102506710322243,0.06038696512482504,0.01810392631829902,4.2209689021799335e-07
2176,0.5058371457375236,0.7284381832662661,0.030429092646581966,0.08130701802836168,0.030438721476496358,1.4573752360469427e-07
2177,0.8666544671218364,0.9482456644165351,0.016413515842675783,0.04460587311736546,0.016415476126305263,4.671218363228036e-07
2178,0.828008314552694,0.9477747198864228,0.01065813361780273,0.026812274848697346,0.010658885349761749,3.145526940029342e-07
2179,0.8149699887413789,0.9137517971248895,0.017654526271044906,0.04087918799789823,0.017656276805963524,-1.1258621035459271e-08
2180,0.8886676225514203,0.9576788595671992,0.009316928942177729,0.032112898210747025,0.009317606698553008,-3.7744857972477064e-07
2181,0.8193822214619235,0.912435777003335,0.015353836021679683,0.041194270360418554,0.015357062247137917,2.2146192346639282e-07
2182,0.8519329568081008,0.9413058420692921,0.014381795787402327,0.04156621963297858,0.014383249190281479,-4.319189927937117e-08
2183,0.2897276865504248,0.6175491591670039,0.02358076906622074,0.06597244487907329,0.023581595072900315,-3.134495751844213e-07
2184,0.6283700757607493,0.8178558540641484,0.01559472729654295,0.05866659741329292,0.015595983009766298,7.576074934068089e-08
2185,-0.1384620273582271,0.33208019410570844,0.017399151744275414,0.059950183451010046,0.017399300424064026,-2.7358227100426902e-08
2186,0.30676219785766246,0.6244609020638207,0.01933006350143553,0.06239523368086163,0.019330393251268452,1.97857662476153e-07
2187,0.28403785356363853,0.6718154042001377,0.049669773594042975,0.11149834492950529,0.049701892378372,-1.4643636148115036e-07
2188,0.746850244993075,0.8711039451714441,0.011161841956103515,0.03411607433316338,0.011162535548844993,2.4499307493819344e-07
2189,0.5230102464924331,0.7634795445817426,0.022049527376435556,0.06703525058539066,0.022051620340486862,2.4649243313135116e-07
2190,0.550063302472944,0.8010249562043452,0.02300299269052736,0.07704110932956718,0.023011689286551885,3.0247294402485636e-07
2191,0.8454275462398807,0.92085554632315,0.011435350053134778,0.03405577272354371,0.011436365182877143,-4.5376011925668536e-07
2192,-0.11342884130457387,0.47323955104448717,0.02701528411533206,0.08408050515829979,0.027019592473112634,1.5869542613344834e-07
2193,-0.4485501650502417,0.25515983536167275,0.029440704881437484,0.1005349141426664,0.0294409703489301,-1.650502416961075e-07
2194,0.35586937261621676,0.6731231035475519,0.018151901233493202,0.07264927316475601,0.018152015373710757,3.7261621677053824e-07
2195,0.8967664135123949,0.9533250375433553,0.011265251545878902,0.032730997426512774,0.01126628480671418,4.135123949922104e-07
2196,0.7290942156824722,0.856915228599976,0.017940985570800774,0.04899490617160547,0.017943796032209355,2.1568247221548376e-07
2197,0.8983153819023446,0.9488230491979,0.013930155258105469,0.034333888587622846,0.013931775898407224,3.819023446371972e-07
2198,0.3163951716042954,0.826598139471866,0.019000825881835926,0.05782442837061082,0.019002119235048756,1.7160429544027522e-07
2199,0.8763025017486785,0.940180023751641,0.00935437567777345,0.035279203755919836,0.009355087830840944,5.017486784941738e-07
2200,0.41449749972672456,0.6811525777632654,0.015708535948417965,0.04570705843519109,0.01570931915097681,4.997267245565595e-07
2201,0.8383243918381346,0.9344560717097669,0.011481328027539065,0.04240740436436051,0.01148340885452539,3.918381346057487e-07
2202,0.7800486700935876,0.8940976767842088,0.011870021270703126,0.04684374902156803,0.01187232250790671,-3.299064124107076e-07
2203,0.3041974591466283,0.6100559130602997,0.03255514647382811,0.0853849320517636,0.03256192257084079,4.5914662832879927e-07
2204,0.6443952419084613,0.81044043914583,0.018073253953222658,0.05155412623160377,0.018075103849726156,2.419084612625966e-07
2205,0.19817380488688752,0.5233272559666396,0.04864745254619147,0.11534440100223393,0.04867097982528152,-1.9511311247222274e-07
2206,0.3703095724368347,0.6430047132807742,0.03236585160003906,0.07939049451301541,0.03236842144522023,-4.275631652617129e-07
2207,0.7115857764686067,0.87609697876993,0.01610564521347656,0.04126050099038589,0.016109417093337037,-2.2353139339514883e-07
2208,0.5514367862791817,0.7471178743036211,0.022639160416289078,0.07223435715798845,0.02264105808857253,-2.1372081826509515e-07
2209,0.39543786103762113,0.6360494294480445,0.022321545065234323,0.07490274732537502,0.02232628067476722,-1.3896237888166851e-07
2210,0.8067541788857955,0.9020450931994979,0.016070042630664083,0.04423780433238442,0.016071944701925304,1.7888579550984218e-07
2211,0.6663598303214983,0.8197566053241374,0.017992710245019583,0.05514647329336487,0.017998935472035127,-1.69678501693582e-07
2212,0.1188447233737695,0.5197520939990268,0.025342414671660103,0.06619267429429537,0.02534308370828867,-2.766262305053946e-07
2213,-1.9191597770928555,0.24142350453974368,0.03840279662898442,0.10774267917541377,0.03840357954432687,2.2290714452033455e-07
2214,0.5821591882618948,0.8216310230862697,0.0194312175383789,0.06617312843720777,0.01943751413642701,1.8826189485121603e-07
2215,0.6827734270550463,0.9020593189136186,0.012809266412109395,0.04341170627758092,0.012812201194133224,4.270550463258971e-07
2216,0.6974424494354111,0.842087419395489,0.020006860453906247,0.05397782817198803,0.02000840721222932,4.4943541110953333e-07
2217,-0.2756289146794433,0.27295144153604706,0.03866531074960742,0.09837953394490259,0.038665688912881996,8.532055673082795e-08
2218,0.13376019009551932,0.5056622035265557,0.023904928027148425,0.08188012921342157,0.023905919299240422,1.900955193256948e-07
2219,0.9069099313400144,0.9564849481642892,0.008995208062773442,0.025312541497308553,0.008995885407245508,-6.865998558591713e-08
2220,0.13271187784984184,0.43520531142215757,0.023895513722402388,0.08062050780445289,0.023896332279794392,-1.2215015815497665e-07
2221,0.5146128656735229,0.7737650059393419,0.02326227115602539,0.06294183532480555,0.02326452293315506,-1.3432647705258205e-07
2222,0.9160640328544757,0.9574590222034767,0.009383130353300784,0.02390175790972415,0.009383802576543249,3.28544756955651e-08
2223,0.753260297409254,0.8808361126389309,0.019868773423046864,0.052521769705184955,0.01987123088028572,2.9740925400201235e-07
2224,0.9077859350147889,0.9543129224027964,0.006957251745107411,0.027291120724030303,0.006957712753900726,-6.498521110120947e-08
2225,0.5871481292218264,0.7765906178378919,0.019628507935253846,0.058014391928861306,0.019630714193923742,1.292218263504452e-07
2226,0.6407397010216698,0.8606070432497636,0.023750208720410147,0.060105306476582944,0.02375536649983781,-2.9897833020431364e-07
2227,0.7444267357811494,0.8775653888919906,0.007782892185097664,0.035369564202391714,0.007783273127905316,-2.6421885057636985e-07
2228,-0.020184482393808212,0.1551651802155113,0.019535169274827117,0.06927906959472593,0.019535208205371437,5.17606191789699e-07
2229,0.3258462393574625,0.5893558731542529,0.024204183969238263,0.07208863238403444,0.02420615408415508,2.3935746246150913e-07
2230,0.8779837122557943,0.9477150684186456,0.009065962186982418,0.0297710144922188,0.00906661365762685,-2.877442056847812e-07
2231,0.487050367123931,0.7082835410196271,0.024884419407939475,0.07908450497352841,0.024886161476572074,3.671239310332197e-07
2232,0.7876969768167287,0.899897443667468,0.01216411854526368,0.04445522517212408,0.012165113751565792,-2.3183271302684716e-08
2233,-1.1458077892375802,0.12154893760858332,0.027825589868663115,0.09420246936786676,0.02782579684790343,2.1076241973894128e-07
2234,0.4863123334351449,0.7462016206804634,0.0222522883473242,0.061896415310819804,0.02225419204679868,3.3343514488359816e-07
2235,0.7049054261973061,0.8875220093708699,0.014279554405175797,0.04482218966863412,0.014281216186056787,4.26197306113707e-07
2236,0.4068055668460884,0.6517242206128003,0.024489827670898398,0.06805908028041227,0.02449687997968823,-4.3315391162757066e-07
2237,0.8654740505612158,0.9312635763571994,0.009168162348046884,0.030177461419018434,0.00916951838043867,5.0561215880762234e-08
2238,0.8648498322802306,0.9342629729861782,0.011023196039843747,0.03153895273218828,0.01102607967281885,-1.67719769406105e-07
2239,0.8939124939048022,0.9455704091192774,0.010216036174628905,0.028266877482621782,0.010216717585453467,4.939048021679326e-07
2240,0.5667789397580338,0.8579934217298801,0.017927724263427744,0.05322371366150714,0.017929233410751255,-6.024196619325295e-08
2241,0.8446005303640987,0.9281954144575839,0.010533530602919937,0.03322751425662923,0.010534226771728036,-4.6963590139004197e-07
2242,0.5884936472603362,0.7986813633795375,0.019965419832011735,0.06541308043714124,0.019967022847502056,-3.5273966381144106e-07
2243,0.4195254006727409,0.7126305915558878,0.03337526928876954,0.10272162291977184,0.03337854026254846,4.0067274093003036e-07
2244,0.5968830361630142,0.7948463033363684,0.02457793125712893,0.07072685069008355,0.02458202018857766,3.6163014138779204e-08
2245,0.7371265118507253,0.8631262010409485,0.021654320249511663,0.05906843626182604,0.02165972540582904,-4.88149274668892e-07
2246,0.818472321090056,0.9101519010266271,0.013395828759677741,0.03752524835021745,0.013397146322932417,3.210900559880159e-07
2247,0.30559789606536203,0.6143137551410011,0.028829034962910154,0.08494436787719988,0.02883166462263647,-1.0393463795166369e-07
2248,0.8791320810581952,0.9496726006596503,0.00969109196708984,0.02417814130388554,0.00969211615626515,8.105819515602519e-08
2249,0.47966455346138037,0.7255961816242193,0.035374099802929715,0.09305864890096328,0.0353792208390085,-4.4653861963617203e-07
2250,0.2472154543452928,0.5035264368870965,0.023464467741708947,0.07423324963194944,0.023465041453055755,4.5434529280519165e-07
2251,0.6456993076481377,0.8098264550890375,0.01997599815117187,0.058149765890090785,0.019983832051143516,3.0764813763184407e-07
2252,0.4625831554081875,0.7048634100844865,0.033051727817382796,0.08893290994968243,0.033055229390887404,1.5540818748549512e-07
2253,0.8448917505470075,0.9200337514628139,0.009198616146777349,0.027028722090907877,0.009200180985320744,-2.4945299248457786e-07
2254,0.6520366522811275,0.8283316884671476,0.028003312709765592,0.0727153636189033,0.028007704656748997,-3.4771887247320166e-07
2255,0.6492618132545875,0.9291884928023425,0.013298490861669919,0.040098331044624846,0.01329922196711369,-1.867454124671042e-07
2256,-0.2584684675568598,0.35332105797700036,0.023963228179619166,0.07835576931006558,0.023964222366297878,-4.675568598400126e-07
2257,-1.4593780331434756,0.2948426904468246,0.02681365052635742,0.08788944470650824,0.026813954967175604,-3.314347551963692e-08
2258,0.796018665005101,0.8940938138960284,0.018650668663378923,0.045267361346182707,0.018652733675814524,-3.3499489904276203e-07
2259,0.6859231911664352,0.8566773089206388,0.019875297402734353,0.05236941192145407,0.019877393018635867,1.911664352372e-07
2260,0.7753596429756049,0.8826790369517384,0.01490087290029298,0.04863763449017038,0.01490410306505986,-3.570243951589447e-07
2261,0.8194721447452712,0.910833008893241,0.010685795299130867,0.03566702925496651,0.010686522811421887,1.4474527121333125e-07
2262,0.4199051780379529,0.7552974715285921,0.039283070956835885,0.10136224341221785,0.039288730911055295,1.7803795293591662e-07
2263,0.6538710970029706,0.8116616916609908,0.023122477032031272,0.06407152603162365,0.023126859835616322,9.70029706559572e-08
2264,0.745782400949309,0.8667387077039945,0.015879312272939473,0.045151576942657555,0.015880807551813602,4.009493090872951e-07
2265,0.6245304176532491,0.796325917708869,0.017422925338994123,0.04644112322335013,0.01742417168302494,4.1765324909626145e-07
2266,0.6663240121455019,0.8660097024043293,0.021068624313574234,0.0596321403950608,0.021072845916873573,1.2145501826488214e-08
2267,0.9160057341426365,0.9635114139570954,0.0089724376688086,0.02567285638914325,0.008973179909253452,-2.6585736345730027e-07
2268,0.751077093757497,0.872749981095664,0.01748039364828123,0.05244673769653487,0.017481979648089223,9.3757496988367e-08
2269,0.8871123623340124,0.9435799780723154,0.010216162851074231,0.028582607104562216,0.010218528265630892,3.6233401234930795e-07
2270,0.6162246858738146,0.7873389975398395,0.017779312291582024,0.054575710015498394,0.01778076387562742,-3.1412618539672366e-07
2271,0.8621908532161875,0.9430495275575118,0.008740492712695318,0.027982367750885726,0.00874242941608992,-1.4678381254906725e-07
2272,0.7588855609144609,0.8810777247288519,0.01623905060405274,0.0479613050149322,0.01624039655696213,-4.3908553903904135e-07
2273,-0.11626487995799817,0.21428419136026583,0.029141394068144515,0.09151516943168102,0.029143522511687073,1.2004200182491598e-07
2274,0.5450166090851795,0.7600023990062796,0.02694363196562502,0.07504715550409867,0.026948155445270645,-3.9091482051389903e-07
2275,0.5298395628302726,0.736574269412709,0.02400099966436522,0.07317649350447009,0.024003248496792563,-4.3716972741858484e-07
2276,-1.3340140762157433,0.19369186372467098,0.029546141349278326,0.09881086957144193,0.029546250923647658,-7.621574327210112e-08
2277,0.7485679743169058,0.8941087708247263,0.019633454016406225,0.04703323216732915,0.0196370198498208,-2.568309420691861e-08
2278,-0.7472551127033125,0.42145493074400897,0.0360613714014746,0.09073087026373917,0.03606204038333706,-1.1270331246038268e-07
2279,0.590805374930464,0.8038750685025251,0.025029776988867165,0.06418266907861903,0.025032871958031142,3.749304640088269e-07
2280,0.6687251965552148,0.829545949666047,0.0228285235805664,0.058569782462979204,0.02283483374253843,1.9655521477091042e-07
2281,0.7061834233292672,0.872857290268871,0.01111796572646486,0.04524929276011471,0.011119289374455495,4.233292671962374e-07
2282,-0.5409867321642137,0.33864422359841245,0.026078295783447246,0.08093597019133708,0.026078690776252692,2.678357863272751e-07
2283,0.9082076282833964,0.9548300444156193,0.00789198873085938,0.026536644460634053,0.007893821793897868,-3.71716603608796e-07
2284,0.8572528374797026,0.9274116031426621,0.01571117145898435,0.03928187027440122,0.015712927917632572,-1.625202974420148e-07
2285,0.9063422270425883,0.9572114427372396,0.009097737731093741,0.025110576337399916,0.009098411902944322,2.2704258828554202e-07
2286,0.16079595203492225,0.6176217675534588,0.018761338170947255,0.06260469984943674,0.018762112331912946,-4.796507774296188e-08
2287,0.5615993283108375,0.8305069299331503,0.03499925426210937,0.08433111284632745,0.03501200082215989,3.283108375162769e-07
2288,0.7193980363381285,0.9436588530581244,0.01189583881598632,0.041060453980129794,0.011896852867677297,3.6338128506230305e-08
2289,0.8751348303009563,0.9396657658573638,0.009440217585996096,0.029529290055302918,0.009441029641149441,-1.6969904370611744e-07
2290,0.16948058863723103,0.42610825478893644,0.016277640197717824,0.07755493920670971,0.01627765971897796,-4.113627689594779e-07
2291,0.08394611440763422,0.383154142042573,0.04756192738526369,0.12046624720517847,0.04756268268684791,1.144076342135536e-07
2292,0.5775441125175769,0.7803512863562295,0.021319109296279337,0.05860591690176237,0.021320813972964238,1.125175769223219e-07
2293,0.9011148034654811,0.9492716922311637,0.009539439312988288,0.027583053391908228,0.009542012605810427,-1.9653451888146378e-07
2294,0.13296576563260387,0.5607213401265946,0.03390630820492188,0.08716098698809073,0.03390955575257761,-2.343673961291426e-07
2295,0.792818256043467,0.9092074554236635,0.016074753320214824,0.04380796512207593,0.016080831654272744,2.560434669840461e-07
2296,0.34589865692284716,0.6503949381897469,0.019006316060986312,0.06428341307371133,0.01900734594741619,-3.4307715285342155e-07
2297,0.6503232647385955,0.814638445257723,0.022917164305371093,0.06295895530974062,0.022921701674554932,2.647385954901438e-07
2298,0.7717114050917928,0.88129723338772,0.017174226942089855,0.04350867972245272,0.017180009016718505,4.050917927767017e-07
2299,0.8703799238508381,0.93588560566419,0.011221903109785158,0.03206115433194966,0.011222976754172899,-7.614916197606902e-08
2300,0.7033919441238374,0.9103366376854256,0.012506097508642565,0.04652328101698026,0.012507007695871885,-5.5876162585732914e-08
2301,0.7343844593207973,0.8657131195679678,0.0240535407230469,0.06382190289331552,0.02406464896260157,4.5932079728583375e-07
2302,-0.3044772909833009,0.4371750633068285,0.027609721604970744,0.0822155578144377,0.02761081308139607,-2.9098330089905033e-07
2303,0.825849110797144,0.913657218559006,0.011471929575195326,0.044933811320157356,0.011473139020734453,1.1079714390405115e-07
2304,0.11102381105786319,0.581809665058478,0.031110373331669973,0.09409229459910706,0.031112685560501934,-1.8894213681119876e-07
2305,0.49353865802121977,0.8779875315392229,0.020125641752441397,0.0577654799443832,0.020131590742189984,-3.4197878023833894e-07
2306,0.39880623567924467,0.6685689596657405,0.02868368008831057,0.08572409472856803,0.028685806303796166,2.3567924467560175e-07
2307,0.5115223043228441,0.7773188336993542,0.02540788553828127,0.0691427764479322,0.025411394752792187,3.043228440358092e-07
2308,0.49205368851626086,0.7500872505728597,0.02699367921162109,0.0705337725334456,0.0269999421803091,-3.114837391349212e-07
2309,0.5685565139443102,0.7623516240851496,0.025915413910449173,0.08434589290024568,0.025918392374345654,5.139443102208929e-07
2310,0.792982330171986,0.8967577045200258,0.009301544181494132,0.04094403912376235,0.009302131815114007,3.3017198608487064e-07
2311,-0.013541878983981626,0.4993239080953273,0.028460575198271512,0.07753301584616842,0.028462641413839175,1.2101601837462284e-07
2312,0.7766899001819367,0.888581611725959,0.02144307061015625,0.05260112884007227,0.021445917590029794,-9.981806325942699e-08
2313,0.4079990314369596,0.7289267015293653,0.0200573751333008,0.058338473122358396,0.02006261717015296,3.143695959106907e-08
2314,0.7618465888721303,0.8821385209922891,0.017886012286523447,0.05181721114886178,0.017887899772987742,-4.111278697482845e-07
2315,0.8831869936890446,0.9554660488762414,0.006661928511933597,0.02730303417217322,0.006662359420282676,-6.310955424915221e-09
2316,0.577704375738441,0.7663590774633968,0.0189164570966797,0.057778995486855576,0.018918021213701862,3.7573844102745113e-07
2317,0.8189459769006943,0.9196394293934063,0.01184253006152343,0.03462377360380388,0.011845828059698114,-2.3099305690443828e-08
2318,0.5727428474857051,0.8230385071665542,0.02954341426601567,0.08467750102103769,0.029555895528584068,-1.5251429485996226e-07
2319,0.8941257637631101,0.9456142208003028,0.012370677023212892,0.030101664124835257,0.012371662014363422,-2.3623688982787883e-07
2320,0.6448326472395971,0.8087048346742969,0.02380600641972654,0.06109510737484677,0.023814174812665245,-3.5276040288856336e-07
2321,-0.004780655174660975,0.48322357717846287,0.02339519052898433,0.08118966845905544,0.023395958040172662,3.448253390247666e-07
2322,0.7409380488128421,0.8656194339872252,0.01397367120416015,0.039653391628804616,0.013974616886748071,4.881284210167536e-08
2323,0.8135452913437036,0.9030329648286328,0.013465607025292956,0.039113829258832895,0.013470123592755928,2.913437036067279e-07
2324,0.8052818918379141,0.9082290866438764,0.011488119955957018,0.03685178311442325,0.011489808832616497,-1.08162085954433e-07
2325,0.403620125068744,0.6386855398378857,0.016782985711914063,0.05697512953952195,0.01678595725439,1.2506874402795631e-07
2326,0.48736889443080933,0.7136707557558336,0.03319533920058595,0.08455899218209786,0.033201417038708485,-1.0556919066706527e-07
2327,0.6313970614029676,0.8223644596628249,0.02646248341972652,0.06687963607617436,0.026475134981284457,6.140296759937769e-08
2328,0.30310272362808643,0.5786858254643866,0.017452768423349634,0.06423363024029644,0.017453530975622977,-2.7637191357676727e-07
2329,0.10771277573454097,0.4532596079447252,0.025302707378554713,0.08330982284180506,0.025303335825361005,-2.2426545903675432e-07
2330,0.7315957358037946,0.860721975816754,0.01120773850299026,0.03311849968501809,0.011207847818980534,-2.6419620546835887e-07
2331,0.17877756150380097,0.6382071687464491,0.020480840085771473,0.0679306897126809,0.020481822689540363,-4.3849619901781267e-07
2332,-0.1944885064272801,0.4583925811932988,0.02273052907264648,0.07403295119560496,0.02273224447213785,4.935727198895901e-07
2333,0.8313112408833412,0.9144079186866814,0.013368864314453124,0.044016394783670455,0.01337160996863739,2.4088334116267873e-07
2334,0.7994277068950346,0.9051133913525443,0.011555810777626954,0.04312235614511852,0.011556748828065984,-2.9310496540979614e-07
2335,0.9012186144582887,0.9587082777942155,0.01141161007744141,0.03173387519972597,0.011412824834549867,-3.85541711334092e-07
2336,0.6462695717328422,0.81288154122411,0.016555541308291007,0.05924369781511985,0.016556933687305857,-4.2826715784816116e-07
2337,0.6676947554759043,0.8921977851771044,0.016305209833505873,0.05136348611997414,0.016306544716118917,-2.445240957493766e-07
2338,0.8379379427511109,0.9163529867916708,0.009286580958271484,0.03336035005919492,0.009287198981335863,-5.7248889073768794e-08
2339,0.2205293418541363,0.5040827543715415,0.028356021561210996,0.07843536903450128,0.02835769635768342,3.4185413630427597e-07
2340,0.22422997176101156,0.5222807448308014,0.0254378707645703,0.06989920016620021,0.02543884674449601,-2.8238988453166414e-08
2341,0.9006787876840286,0.9502492494429806,0.009635351389648435,0.03172168447600832,0.00963718707236851,-2.1231597135962232e-07
2342,0.531951974618371,0.7591045558445869,0.031896181018945285,0.07895046338820814,0.03190841078528752,-2.5381629020770902e-08
2343,0.6787567181326989,0.8244695142441729,0.02205340915283204,0.05501583654419307,0.02205583717849017,-2.818673011661943e-07
2344,0.672989208806388,0.8224728541771854,0.0184384426689453,0.06131081104176188,0.01844047855863175,2.0880638806897167e-07
2345,0.8982898133943845,0.9486332222330655,0.007782229345107422,0.027372629859837634,0.007782750261860153,-1.8660561551531174e-07
2346,0.7616762905271156,0.9103474298007214,0.012131230960898442,0.03541999591506905,0.0121319519791827,2.905271155873024e-07
2347,0.06827264573838576,0.4919853276729163,0.02950984585979491,0.09255825363693433,0.029510942655816805,-3.542616142382382e-07
2348,0.6782700883003101,0.8255600157461049,0.009436386447109384,0.04076714302713549,0.00943668817096425,8.830031006379357e-08
2349,0.6490238958726626,0.8123226689977461,0.020020748578808582,0.0637342478482211,0.020022758391213962,-1.0412733741915758e-07
2350,0.8116878236868397,0.9450943968313974,0.013801142606445325,0.03240144500046589,0.013802788715985363,-1.7631316029387278e-07
2351,0.49316154082244656,0.7454043134633694,0.04003047430644528,0.09995990407469799,0.040035795127675015,5.408224465486278e-07
2352,-0.08023906952749127,0.4828749089495337,0.03208698741191402,0.08175665049291078,0.03209227446650791,-6.952749126432067e-08
2353,0.1273986749395909,0.474477693322574,0.019204337060029303,0.06665025825902841,0.019204652760322818,-3.250604091176168e-07
2354,0.8517748315144823,0.9258229023962309,0.014411334070019535,0.03553374004644492,0.014414755875040137,-1.6848551764869768e-07
2355,0.2353685531325832,0.5306847166136119,0.029836438516210956,0.09336727122917725,0.029843684798645177,-4.468674167923403e-07
2356,0.2681498463831814,0.5718406734906352,0.02625162949315429,0.0893534716041382,0.026252979788391667,-1.5361681859893395e-07
2357,0.29657911065375586,0.5531553557238695,0.018851510349863338,0.061915794927057594,0.018851906349049204,1.106537558803744e-07
2358,0.8280129654551468,0.9383943328569221,0.014677144179199202,0.04686011425439294,0.01468154866288408,-3.45448532002024e-08
2359,0.1471443343107811,0.4116604944486115,0.021622233229541026,0.07503028459109885,0.021623561055878062,3.343107811137891e-07
2360,0.6030860714383954,0.7848323898836014,0.0169857946083008,0.053041278144397255,0.01699047428273916,7.143839542145258e-08
2361,0.562770234657213,0.7513173935246195,0.01960008530908203,0.057514866629158785,0.01960410308179018,2.346572129940938e-07
2362,0.43799119133742404,0.7003926851201777,0.031184977386132757,0.08231259880247448,0.031188683234831323,1.913374240158916e-07
2363,0.8851701557927807,0.9436156456703266,0.00971653513043947,0.026856709343173604,0.009717292505448772,1.557927806761228e-07
2364,0.6861401497942134,0.8294787958682458,0.019689962053808605,0.05217530478540521,0.019696489533468763,1.4979421347760535e-07
2365,0.49736150011254865,0.7153638917939321,0.025835479987109385,0.07762791951529559,0.025839356986246058,5.001125486514546e-07
2366,0.6738578687310353,0.8281856143059468,0.021985676321191392,0.06523091164498525,0.02198804268973729,-1.312689646981724e-07
2367,0.6728513614670599,0.8318503981385944,0.013997062814667931,0.044193699308093706,0.013997506893552707,3.6146705995054873e-07
2368,0.8287593160700965,0.9113220333299309,0.012729848662792965,0.03922820315212567,0.012731176919212123,3.160700964288665e-07
2369,0.4670066439515973,0.7246021653838373,0.03098129904052731,0.08992906280967353,0.030988315554382553,-3.5604840270542226e-07
2370,0.8442000385900112,0.9324016793335551,0.009407976619365254,0.02685217064829402,0.00940854622620801,3.8590011297578997e-08
2371,0.8026930584063926,0.9010684077161758,0.02009197896728514,0.05312814042782417,0.020094445795611565,5.840639261123215e-08
2372,0.8049549088141605,0.902859306028367,0.017183794653320327,0.0444817389853889,0.017185847528586387,-9.118583943479308e-08
2373,0.6622661238486429,0.8237765044557014,0.015035307108906274,0.04695804583166293,0.0150366809508995,1.2384864289671782e-07
2374,0.3556919186034502,0.6878872157707229,0.045354718625878816,0.11487856171980998,0.04536254078817969,-8.139654983363442e-08
2375,-2.3227533460938288,0.14343656933266688,0.040348106256582,0.10228889398189946,0.04034831298874908,6.539061714327943e-07
2376,0.6916251295671776,0.8396188785241248,0.0156430939209961,0.042171482969235605,0.015646058484525754,1.2956717754253333e-07
2377,0.6176319927535397,0.8064774209420001,0.027802756787011655,0.07071027341391102,0.027810952393791485,-7.2464602096644626e-09
2378,0.6575363418401816,0.8179221191642203,0.02389645450644532,0.06568284514631312,0.023899487239048365,3.418401816057681e-07
2379,-0.1903529819956129,0.39528630279414434,0.02243830235804686,0.08139376945021351,0.02243865603861159,1.8004387092318552e-08
2380,0.19254185312273964,0.495886702351971,0.029950224460849613,0.09142473771541243,0.02995288402384906,-1.4687726035411686e-07
2381,0.5999648478461117,0.7852310234646647,0.025368960465527314,0.06778452513600071,0.025374754503983573,-1.521538882665041e-07
2382,0.4455028943103433,0.6742330878513663,0.012159823661298856,0.05913703864696786,0.012160305689006596,-1.056896566931087e-07
2383,0.6070623560244546,0.8066159894491751,0.027539438165136657,0.07121307751394128,0.02754932529565816,3.5602445458415843e-07
2384,0.8094710371728868,0.9101576620293473,0.01405231985772461,0.048766905040765494,0.01405360051919537,3.717288676874375e-08
2385,-0.35746377302765087,0.2867259440113276,0.027323442663828117,0.08788127701403123,0.027323980300027893,2.269723491377107e-07
2386,0.5978750743998087,0.906051448655423,0.011717673527382812,0.04610265188527242,0.011718613813252244,7.439980864720752e-08
2387,0.039013703200608485,0.3497066853886743,0.02336365838660158,0.08328408454859479,0.02336430603932391,-2.9679939151511237e-07
2388,0.29705704849326553,0.572304935223623,0.025749060053789026,0.08730257982444214,0.025751110231777775,4.849326551426003e-08
2389,0.251463470526737,0.5897948169360515,0.023427537669433597,0.0694046428940643,0.023430926118755704,-5.294732630112264e-07
2390,0.6620285222413063,0.838382307943865,0.02409540807617186,0.05455631374994304,0.024102239511299313,-4.777586937176892e-07
2391,0.6418411244357014,0.8147940630028426,0.01554208191318358,0.056132349762969026,0.015544105147899324,1.244357014096309e-07
2392,0.816153650832043,0.9043095597374324,0.01788189130205076,0.04971560177215592,0.017883943214487077,-3.491679569922468e-07
2393,-0.17992327015033527,0.15827477729945288,0.023488587230175807,0.08779624953582967,0.02348940252572722,-2.701503352686707e-07
2394,0.5910706985252343,0.780960686486031,0.02937307596361329,0.0714893258878669,0.029375799774720768,-3.014747657070771e-07
2395,0.9197214494627908,0.9592491677976349,0.008547875764433588,0.020275127760321032,0.00854833928111991,4.494627907636328e-07
2396,0.3779854537454723,0.7307194210134017,0.01593284286941402,0.049755371932182935,0.015933092341010695,4.537454723063661e-07
2397,0.736622895746287,0.9179387386685262,0.009929419251074243,0.033904447899038785,0.009930561424527046,-1.0425371299582764e-07
2398,0.8823580586765778,0.9457578153782347,0.009894756990527345,0.031165987602001257,0.009896614599932674,5.867657781877256e-08
2399,0.2481665036055819,0.6011889534437118,0.03785932916025401,0.09351583029043743,0.037866661300815015,-4.963944180980118e-07
2400,-0.3328864330740142,0.3230853100899209,0.02963404699042973,0.09783966227890668,0.029635119162369414,-4.330740142055589e-07
2401,0.868946126337462,0.9478733378408409,0.012712395938730456,0.03699214128865572,0.012713552235924906,1.2633746204748775e-07
2402,0.8727967471447047,0.9368626891512308,0.010648002158203137,0.03332619267073509,0.01065023176292224,-2.528552953684482e-07
2403,0.8476038033775374,0.9291971424206846,0.01941272975712889,0.048496341216606426,0.019414921004714657,-1.966224626448465e-07
2404,0.5526990953746375,0.7595149720840839,0.02841535617773437,0.08007514157004876,0.028418890524315208,9.537463740993957e-08
2405,0.5516695751533209,0.750590235464768,0.024844322070214836,0.06714862823572298,0.024848627084917845,-4.248466790590655e-07
2406,0.6768190615478986,0.8500685344485507,0.014894134587119145,0.03986330295584675,0.014895284904541702,6.154789866652521e-08
2407,0.5598308798430008,0.7581096105988876,0.02295235969931648,0.062210312348096944,0.022957033365631558,-1.201569991282625e-07
2408,0.3260266941781178,0.6634408036623629,0.022235766024560545,0.07282258711266615,0.02223723208657923,-3.058218822071801e-07
2409,0.7546330123305325,0.8814421753373012,0.017378599976025387,0.04578250789348361,0.017380067592035427,1.2330532483950662e-08
2410,0.3476050967890414,0.6855094612065542,0.03699601876388668,0.09522951934010843,0.03699864627010982,9.678904139276412e-08
2411,0.8552151721837089,0.9256224748037541,0.008031916708789064,0.025232799033046493,0.008035015234840542,1.7218370895744073e-07
2412,0.6496375893697868,0.8505849849559071,0.015130118520800782,0.045148969036827746,0.015133601846151474,-4.10630213276697e-07
2413,0.535654783878383,0.7364064491344745,0.018964915950683572,0.05792857775616422,0.01896809851309259,-2.1612161704709365e-07
2414,0.3500694437937608,0.7038993274065357,0.014341541163544897,0.05175636673141538,0.014341902269840426,4.437937607959519e-07
2415,0.701553231421939,0.8527474101592811,0.025431278876953102,0.06549660061639556,0.025436940096904125,2.3142193905645314e-07
2416,0.5553190001335775,0.7888637089256906,0.02980775341591795,0.06741508501940789,0.029810794203377997,1.3357748240849787e-10
2417,0.40716056862865324,0.6483791282858156,0.024385726091210952,0.07720561486175118,0.024388685121599384,-4.313713467540836e-07
2418,0.7650368190535343,0.906868355154395,0.011429699905468743,0.04166317317732735,0.011431751808891723,-1.809464656998827e-07
2419,0.7154151344823869,0.8532106628994429,0.023035376170605488,0.06501590810397911,0.023038613035836628,1.344823868931755e-07
2420,0.3525828221238406,0.6513992152583455,0.01660005217314453,0.05211998390392904,0.016601964812461928,-1.7787615935738188e-07
2421,0.7613762575278955,0.8750701347334218,0.011640768215351564,0.034435742719164227,0.011641562681805974,2.575278954530802e-07
2422,0.576779789122269,0.7662755118563661,0.02605442327861328,0.07243005075488361,0.026065746084924665,-2.1087773094397022e-07
2423,-0.3008952376911911,0.6493780229071107,0.028715920416894528,0.07858425534538055,0.028719958129960053,-2.3769119106287206e-07
2424,0.6177936238368521,0.8066787462121107,0.017135736427734378,0.04844468554003135,0.017139048975711252,-3.76163147852715e-07
2425,0.31068248098627593,0.6259234356455822,0.02739872966215822,0.07720199907154712,0.02740045547875053,4.80986275919193e-07
2426,0.7474816676232714,0.8664939431034688,0.01687331096768559,0.05623874215866336,0.016874848651988076,-3.3237672858454914e-07
2427,0.4758671166891837,0.8160246047743701,0.020190152168281208,0.06983971399783735,0.020191388084761185,1.1668918370455472e-07
2428,0.9115728496713242,0.9549218852110597,0.010990966168945317,0.025068308988733523,0.010994161771584828,-1.5032867572983832e-07
2429,0.5834509034975546,0.768870475928387,0.02492327362612306,0.0650583932361087,0.0249255762039927,-9.650244547909637e-08
2430,0.25217374298228423,0.5211047815624003,0.02938140225263669,0.0853495091801051,0.0293879372306059,-2.570177157767972e-07
2431,0.8214118840762713,0.9112143137385582,0.009871697238476557,0.039154340294668355,0.009872474957894976,-1.15923728727374e-07
2432,0.5481606334894682,0.772049942766999,0.03168587210371094,0.09144469461542405,0.031691878865171094,-3.665105318129136e-07
2433,0.33900623912898,0.660718308476715,0.022492474356914045,0.06773508049200075,0.022493971973626608,2.391289800063312e-07
2434,0.5792036433864559,0.7933175323440675,0.02897444726562502,0.07174860812817736,0.028979756197571753,-3.5661354413907276e-07
2435,0.6786449718723206,0.8611175301434286,0.019450345361923856,0.05607139307327144,0.01945215360552836,-2.8127679407852213e-08
2436,0.9327372121081683,0.9699401557572608,0.009213872944521454,0.023286348040397038,0.009214665735106826,2.1210816825156797e-07
2437,0.873956967195574,0.9531213253319264,0.013673013462695302,0.033726289618861344,0.013676113856853208,-3.280442595343658e-08
2438,0.37221736040947506,0.7392324248300465,0.030527301188574208,0.07045609616358273,0.030530469891089356,3.604094750420117e-07
2439,0.8193473897252981,0.905615191438275,0.012669151130849621,0.0383145391381678,0.012670084204630274,3.897252980333832e-07
2440,0.7918382884336264,0.8922731283043963,0.013953184526220703,0.038966631479935884,0.013954216153048368,2.884336263164755e-07
2441,0.45894634652667143,0.7002670714198256,0.01634639384828124,0.05585759670144654,0.016347121530587903,3.4652667141310545e-07
2442,0.39411166389398555,0.6438704979690921,0.021652669593457016,0.06711301902096883,0.021653668856140555,-3.361060144646544e-07
2443,0.28967119399179775,0.5888182928573449,0.04227684160009764,0.1051310643401311,0.04228953469398325,1.939917977367145e-07
2444,0.31458200151419646,0.647415322235459,0.032018653423359376,0.0729024517721391,0.03202124302259001,1.5141964904152871e-09
2445,0.5988771355620219,0.7760465518822575,0.0170873992922949,0.06488211453806526,0.017088380960313503,1.355620219412046e-07
2446,0.5336249365189676,0.7395043437315105,0.020206153863203107,0.06094383631911578,0.020207430643236563,-6.348103243070113e-08
2447,0.37232152907762106,0.6556013374189399,0.03293400557446281,0.08775741663226257,0.0329372619346501,-4.7092237892565336e-07
2448,0.6992703662946811,0.8429796040555004,0.01955649531181641,0.048904523615779315,0.01956073915696991,3.6629468114224295e-07
2449,0.48789943781603473,0.7374216077597646,0.026693774828027303,0.0725384617003231,0.026696997865809848,4.378160347040527e-07
2450,0.7039984931281495,0.8632224700530872,0.013542075673203143,0.04807627353635111,0.013543270984964889,-5.06871850491919e-07
2451,0.7074750016630866,0.8693370198723408,0.015789272653818406,0.0617204927755168,0.01579081112728124,1.6630866683797763e-09
2452,0.6632077666178943,0.8400353638407272,0.02545080446103512,0.07252776334783845,0.025460377624126698,-2.3338210575207796e-07
2453,-0.1702213643180277,0.1747940078686421,0.018262546335166017,0.06387777768304975,0.01826373703091779,-3.643180276902136e-07
2454,0.687462584874396,0.8392983622275,0.02340506176601561,0.0640450377513778,0.023408323029965972,-4.1512560400303045e-07
2455,0.5457872008641992,0.9130452533271594,0.01567391945839844,0.04928547497601071,0.01567737869865984,2.008641991624316e-07
2456,0.5647365009007497,0.7667091415151958,0.02530230868908209,0.06479474295155942,0.025304382497097447,5.009007496559192e-07
2457,0.6042564694773838,0.8725042170110336,0.024083583997753892,0.06516671740642684,0.02409050422154227,-5.305226162821697e-07
2458,0.8315954145070575,0.9148381167758578,0.014491486368740227,0.03969399148299794,0.014492653510243016,4.1450705756673756e-07
2459,0.7675572794032495,0.8786719787996363,0.009019961078105477,0.03461656041798899,0.009020447893727608,2.794032494257692e-07
2460,0.8859626388692304,0.9534583719227344,0.010108492909501941,0.0313772743572753,0.010109203608856983,-3.611307695106092e-07
2461,0.6283172779259601,0.8007485218199113,0.013551079535136706,0.05807463904468787,0.013552078831685077,2.779259601348727e-07
2462,-0.03545933014843006,-0.017103393551060695,0.013699457838190422,0.07424623443620987,0.01369947986329628,-3.3014843005968464e-07
2463,0.5537902549541047,0.7920607267627423,0.020888960895947273,0.05873857729813003,0.02089070940466286,2.5495410471698676e-07
2464,0.8172236538325898,0.9242747813053934,0.016594381859863262,0.04758550466190504,0.01660164568581087,-3.4616741018123065e-07
2465,0.6712995688173757,0.8397302810568559,0.013134901204570322,0.0433072848370769,0.013135642640402189,-4.311826242719974e-07
2466,0.36218762073919886,0.7825516013635659,0.019014057922236316,0.052289914739611316,0.01901527004701256,-3.7926080115324723e-07
2467,0.46297455626667194,0.7028474842394035,0.030937180118242202,0.08427503346950718,0.030939120855658368,5.56266671947192e-07
2468,0.29571562522904704,0.5874111840458789,0.022857543095615256,0.06480304847809036,0.022858102983361217,-3.747709529378085e-07
2469,0.30864256796356593,0.5814626601609859,0.022683291817871102,0.07479880572011911,0.022686747864861315,-4.320364340726357e-07
2470,0.7961483406184874,0.9337631663941055,0.014945274165136722,0.04223941320063399,0.01494840725413254,3.406184874155116e-07
2471,0.6334367762700699,0.8867749808834786,0.012870537157695325,0.05270849081255972,0.012871370084776417,-2.2372993013775044e-07
2472,0.7417382507827844,0.9070512855987588,0.018333087367773417,0.05642909687002869,0.018335177073742454,2.5078278442780544e-07
2473,-0.24396092178075812,0.41469930630107066,0.031745226217216795,0.09314411860108486,0.031748280310665115,7.821924188911034e-08
2474,0.7761171751103056,0.9316149351272537,0.014939296403710925,0.04102438726201676,0.014940792716631098,1.7511030570016572e-07
2475,0.6975942550747289,0.8357561488996791,0.016231965431640644,0.058332620746379904,0.01623367646925734,2.5507472889430005e-07
2476,0.1636199139059189,0.4900121558194672,0.020994976921396492,0.0588228541806701,0.0209970351496779,-8.60940810865074e-08
2477,0.5727660643517516,0.8461837249053119,0.025578373379882797,0.07606042939578302,0.025586478160380823,6.435175159413831e-08
2478,-0.2198505670330526,0.4745250731250271,0.02661289419025391,0.08291793093664156,0.026613860228935075,4.3296694737793295e-07
2479,0.7321975105082668,0.8575556437867121,0.014563204739746101,0.03907475013855112,0.014565798419033703,-4.894917332576298e-07
2480,0.38403920223407473,0.6541439171339298,0.020737455028681677,0.07177616181515263,0.02073901670878532,2.0223407470876253e-07
2481,-0.06992535427104252,0.5426258132374783,0.026996935312519534,0.07754389386865163,0.026999173398198708,-3.542710425158413e-07
2482,0.8940476217982878,0.9457203438642166,0.011039390591552727,0.02791116052363364,0.011040201017491178,-3.782017121700676e-07
2483,0.16710669880994655,0.5607623309732406,0.031546126463867154,0.08788014235544846,0.03155166280258746,-3.011900534533041e-07
2484,0.49576732831419756,0.7349035146450031,0.03930145419707036,0.09226395494910714,0.03931009991106642,3.2831419755074975e-07
2485,0.7677649437508832,0.8776108747865107,0.012690726161718749,0.04696455950597062,0.012693555778708404,-5.6249116808793076e-08
2486,0.6738273516721114,0.8295628623974248,0.01725450924003906,0.054553879980614776,0.01726062261253415,3.5167211143161126e-07
2487,0.8241283046294056,0.9157463308439371,0.01843739887929688,0.043688703252428795,0.018440556948225995,3.046294055897292e-07
2488,0.622584013842298,0.8170858042913203,0.018466094147021467,0.059920781446493696,0.018467911516019835,1.3842297974520079e-08
2489,0.6504097838951162,0.8606786333457894,0.013937967021142575,0.036841645476779344,0.013938585690146936,-2.161048838766888e-07
2490,0.6014162910905194,0.7838942849293806,0.022843481129199233,0.06412745053125513,0.02284810879886422,2.910905194664082e-07
2491,0.7574142003676434,0.9145533810212245,0.012678324495019516,0.042338517288331434,0.012679293731169803,2.003676433659507e-07
2492,0.92275956542631,0.9649465546849226,0.004908237435869146,0.019630539640554664,0.004908468098381545,-4.34573690033524e-07
2493,0.8593424524879891,0.9312163649081876,0.011526412127431641,0.03620729478373751,0.011527360460437274,4.5248798907771004e-07
2494,0.5454786241823293,0.7460400407464781,0.018785038817861307,0.0690545778999776,0.018786601460693834,-3.758176707613359e-07
2495,0.6539621966910768,0.8209469473406349,0.02670737771884769,0.06765029624573084,0.02671272652561591,1.966910767592367e-07
2496,0.384843668106962,0.6378215472488726,0.018261901047363298,0.057925149317930795,0.01826250386321319,-3.3189303799696646e-07
2497,0.899154579618269,0.9512857403187002,0.012775699019316402,0.030279468701833782,0.012776837847366086,-4.203817310921565e-07
2498,0.893361563993936,0.9526106359333498,0.01264242557475585,0.03353924116862438,0.012643512804456204,-4.3600606403071396e-07
2499,0.8462822160462149,0.9351073547312664,0.014387445246904312,0.04070558771487534,0.014388864334979927,2.160462149181086e-07
2500,0.9138528556433063,0.9565555216025143,0.009301227590908191,0.02524098374934577,0.009301890054216336,-1.4435669370982396e-07
2501,0.6952604836628866,0.8414312845478787,0.019768381583691416,0.06363529883939766,0.019770489877099125,-5.163371133987127e-07
2502,-1.0948803139016734,0.15287448045191498,0.03647831833531155,0.11052922476607277,0.036478652037059286,-3.139016733211264e-07
2503,0.3431827466275369,0.6202960364620835,0.030154154850878932,0.08012417240311265,0.03015870510884551,-2.5337246312151507e-07
2504,0.5761503004334958,0.8272888841386975,0.02421670526428713,0.0578505684576242,0.02421902721871652,3.0043349574793154e-07
2505,0.35731609809007514,0.6536031226048638,0.03159488007510737,0.08410952533153503,0.031597409635121296,9.809007511796253e-08
2506,0.8890534599018455,0.9683137136117873,0.008997281275048839,0.028290043252425554,0.008997952562260892,4.599018454953807e-07
2507,-0.15676362635706753,0.6155654954113787,0.031207771583447244,0.09044474519570976,0.031209134701078486,3.736429324552315e-07
2508,0.8601779447851228,0.9298052970687701,0.01197143077929687,0.03652958592772313,0.011975187310532353,-5.521487722592866e-08
2509,0.880735833693959,0.9394148746947799,0.009044545625097659,0.025717959212143877,0.009045430481942314,-1.6630604093847978e-07
2510,0.8434355657469584,0.9219614341253635,0.009601449690693388,0.03511268219177317,0.009602086615150492,-4.3425304152577837e-07
2511,0.5211224037731399,0.7226309271892216,0.016298926618027367,0.05223663459649473,0.016300305541722654,4.037731399231248e-07
2512,0.7712068236100001,0.8923649912516807,0.019013337792187508,0.0443157631783007,0.0190176515337549,-1.763899998286078e-07
2513,0.6726254568780801,0.8351164931715555,0.01778223554687502,0.0538672159614172,0.017785489668992308,4.568780800351391e-07
2514,0.3877089078376914,0.6547186426238273,0.02822878371181638,0.08133302178738482,0.028235104264140366,-9.216230861808228e-08
2515,0.694001235478731,0.8483710708579183,0.013086660810546888,0.04211736356969181,0.013089624558103483,2.3547873106988249e-07
2516,0.39796984066635155,0.6702638309471532,0.019249175618261744,0.06340281775309259,0.019252374810412077,-1.59333648441784e-07
2517,-0.1444913428099437,0.5085135414661831,0.019287906766406238,0.07115408170841432,0.01928844943323624,-3.428099436819654e-07
2518,0.4405446041039207,0.6725059174709557,0.027562597847070276,0.07840645250754663,0.027570240287350667,-3.9589607930823334e-07
2519,0.7709076202279206,0.8782742912452722,0.021647591970019503,0.04885020217478607,0.021657628153889743,-3.797720794507242e-07
2520,0.5024707647614499,0.7162441103537768,0.018630344146679686,0.06672775885171228,0.018634086031407933,-2.3523855008367178e-07
2521,0.753301906459996,0.8713291885958148,0.017848130849902347,0.05034693315573209,0.017850169598097907,-9.354000407579832e-08
2522,0.626942106411736,0.7957140695479014,0.011765910572138678,0.04347491660705763,0.011766655997209094,1.0641173597836229e-07
2523,-0.19406993695223917,0.48317068363217913,0.028154246141162107,0.0782849885672352,0.028156320413345072,6.304776081766938e-08
2524,0.6622911416212374,0.8196296725669436,0.021474726562304678,0.06029982500921248,0.021481492233468832,1.4162123740391053e-07
2525,0.6953243975476476,0.834638625058289,0.017525213031396498,0.04806838437916325,0.01752688160665018,3.975476475792661e-07
2526,0.8196925951765361,0.9292343579193899,0.016687195119531255,0.04823451433602067,0.016689373137800667,-4.048234638620585e-07
2527,0.9005742845645875,0.9635462647462185,0.012010076779687509,0.032881497579014464,0.012012885489619353,2.845645875604319e-07
2528,0.6796682428400264,0.833947423728242,0.025020298614550796,0.06818011857493961,0.025032426928030378,2.4284002630992063e-07
2529,0.6116312717328544,0.7928197059026452,0.021377350499902335,0.05939235327990329,0.021382199561533557,2.717328543289099e-07
2530,0.9063628118757775,0.9541485785999894,0.011091828955537135,0.02719515886045849,0.011092703242029232,-1.881242225332258e-07
2531,0.8913250008918063,0.9449776014255136,0.015142721133251966,0.03582982628609011,0.015144161347236453,8.918062954776929e-10
2532,0.4203062421837692,0.6629677289675115,0.01852383136552734,0.0698929298959328,0.01852701771243619,2.4218376920570606e-07
2533,0.5857869437102938,0.8691244395996311,0.015519642511230482,0.04467193556062089,0.015521547863494928,-5.628970611848416e-08
2534,0.9307647333444952,0.9660645806822509,0.012263898265234356,0.03007179246331709,0.012265935618741725,-2.6665550478810474e-07
2535,0.33979546464212396,0.5970570738263249,0.02138506185742184,0.07269772062144506,0.021387480082048518,4.646421239429266e-07
2536,0.5937700290819439,0.787166352589278,0.020608701525585988,0.05841887504507404,0.02061262589128524,2.908194385309315e-08
2537,0.8333264641001923,0.9377715056099152,0.011828959512890638,0.032932967192464614,0.011831856204491219,4.641001922767174e-07
2538,0.5987663553813793,0.7841440936701913,0.02511153213447265,0.06447520275065123,0.025117012623928268,3.553813793244487e-07
2539,0.7460127644243031,0.8713759264640135,0.015471337794433593,0.04700245464631949,0.015476813850235888,-2.3557569694965252e-07
2540,0.3419884261037338,0.5985354242911228,0.017542059493935523,0.06128114801692623,0.017542827095246478,4.2610373379714517e-07
2541,-0.316333486224764,0.0025254660934845154,0.015506462486008794,0.06947071381817586,0.015506471627686324,5.137752360218073e-07
2542,0.36285188579519323,0.6524865397563435,0.01914807751679684,0.07488200861165999,0.01915197118914748,-1.1420480677815092e-07
2543,-0.027935560386777913,0.2879247899963075,0.027522896818427702,0.09015565147297958,0.02752340648723584,4.3961322208560527e-07
2544,0.6093385976551055,0.7838553585792146,0.019006657386269533,0.06455649901775633,0.019008396141289765,-4.023448945122965e-07
2545,0.18071114219175866,0.43338756256191274,0.021737187899316404,0.07745314044724792,0.021738160152659034,1.4219175864527145e-07
2546,0.1546950968375027,0.5591735625246439,0.033231331697851564,0.09070868230372436,0.03323418902918791,9.683750271105573e-08
2547,0.9204512151621869,0.9612248838005913,0.007931079538261714,0.021403894059611538,0.007931581009139752,2.1516218684514143e-07
2548,0.4822048826152038,0.7113139818680486,0.028266593104785187,0.07762867133618546,0.028273069735616416,-1.1738479621659081e-07
2549,0.8747322863213818,0.9376776462157158,0.010291409015957032,0.03593865559390219,0.01029235305219292,2.8632138182604905e-07
2550,0.6895905220297438,0.8669170050090386,0.029812010993945297,0.07905749584304156,0.029816654457828964,-4.779702561519272e-07
2551,0.688152396819504,0.8540637564674582,0.015892151375029282,0.04355568716543397,0.015893256961477673,3.968195040338074e-07
2552,0.8206950008607521,0.9104841567014463,0.009459615102207044,0.03853167055772524,0.009460289034750316,8.607521362336001e-10
2553,0.47290586753035435,0.7642573544541587,0.021246177235849605,0.06288497710640438,0.02124791522076144,-1.324696456417307e-07
2554,0.7460527587411353,0.8709551518508516,0.018341739853955066,0.04850382411991145,0.01834348035546107,-2.412588646638625e-07
2555,0.7734644606153454,0.8939601646360179,0.012514213809726563,0.03742684029220167,0.012515002167758716,-5.393846546075665e-07
2556,0.30074914225538907,0.6590047828103447,0.021371140931738287,0.05971409210050121,0.021374394321885704,1.422553890795264e-07
2557,0.6628025634568817,0.8637831626310554,0.012170687887890627,0.04387792109967584,0.012171438084214097,-4.365431183206425e-07
2558,0.8887295849429672,0.9518571092331024,0.007481095807988287,0.029555647223236028,0.007481622055482744,-4.150570328542713e-07
2559,0.8480760190229069,0.9223103349972707,0.010709885034716806,0.03581261964295733,0.010710613876674937,1.9022906805332696e-08
2560,0.899164140735501,0.9707399357432228,0.012570623335449217,0.03740157929217033,0.01257204019809352,1.4073550103077537e-07
2561,0.9261047902891558,0.9648769645832171,0.007785289256142574,0.024578180985917526,0.007785886577837713,-2.0971084413456964e-07
2562,0.40847861321604717,0.7298643823903362,0.043234651132421864,0.10916815864983823,0.043245834366802446,-3.867839528104433e-07
2563,0.4887688009701199,0.7228751285266517,0.028915449220996137,0.07590047624912832,0.028919005538594143,-1.9902988013242862e-07
2564,0.6993978624327508,0.8802629583296063,0.014075167937685547,0.047235442424139615,0.01407641951296606,-1.3756724914770757e-07
2565,0.0532974732679653,0.4857412081095738,0.04312777759658198,0.11047637081475407,0.04313134982986386,4.7326796530355875e-07
2566,0.663846281725263,0.8226056198383522,0.019767350028613257,0.05572296601273178,0.019770430665027653,2.8172526300718204e-07
2567,0.5474753344218578,0.7455534085139796,0.022658249720898433,0.06622093690729658,0.0226664949757768,3.3442185776166866e-07
2568,0.8708213703451015,0.9379042728491188,0.014510461153125001,0.040648494529649325,0.0145120947070657,3.7034510158573397e-07
2569,0.3678687304749272,0.623015799470504,0.027235254058300802,0.08273451538021849,0.027238990901917358,-2.695250728157461e-07
2570,0.41754298386548394,0.6886030961296122,0.03209349998808585,0.08398016448501773,0.032102210637232585,-1.6134516056531822e-08
2571,0.16580256561035223,0.46339840828682505,0.02366211576181644,0.08298640424113018,0.023665964638109816,-4.343896477798648e-07
2572,0.8260059985519337,0.9120719797326214,0.016951437421972654,0.0446695241982461,0.01695340453567297,-1.4480663335092459e-09
2573,0.6770918088399083,0.8271788735055647,0.021224825863281255,0.06063222831694109,0.021227181740819577,-1.911600917559042e-07
2574,0.5428540363959217,0.7874541540975388,0.031358020476660135,0.08205427571992115,0.0313636388083708,3.639592172088868e-08
2575,0.5260129376419738,0.7323037689744588,0.02665369098046876,0.07195832557121672,0.026657267210142877,-6.235802618714814e-08
2576,0.3003950310467509,0.648549403543683,0.04069060674628906,0.09936530395172892,0.04069482369856103,3.1046750892382846e-08
2577,0.5638980763461847,0.7674656908939511,0.03625832126005851,0.08218502255255634,0.036264954417594114,7.634618470753196e-08
2578,0.5588061832298508,0.7585143931573493,0.021354951278525436,0.06714485791329021,0.021356694713718066,1.8322985073648823e-07
2579,0.8085077337464057,0.9177698649272542,0.011494824315341792,0.03492688998302266,0.011495560713488983,-2.662535942832278e-07
2580,0.3242697607481454,0.6544342531841943,0.021546638075292956,0.06456980578310488,0.021550366226154017,-2.392518546057154e-07
2581,0.5610354146025165,0.7876439931387703,0.021450932750790994,0.067314360524543,0.021452707572117834,4.1460251654079627e-07
2582,0.4723258817432351,0.71047916350766,0.022019536990927728,0.06190226606656233,0.022021382069601105,-1.182567649360422e-07
2583,0.7956925217525175,0.8955474377882124,0.013476670126191411,0.041538001996778866,0.013477808643320729,-4.782474825049121e-07
2584,0.08663233255753289,0.6389094121746428,0.020188200492431623,0.07320074375024488,0.02018928974600146,3.325575328866348e-07
2585,0.5152278884302453,0.7323514042190488,0.02466363231855469,0.07173639268908068,0.024674881829124477,-1.1156975476822595e-07
2586,0.39139321992217957,0.6479663567400105,0.028126688152832077,0.08076209425835193,0.028131607746505246,2.1992217957844673e-07
2587,0.7221217058029255,0.8707764591118357,0.017875767652148416,0.051212172288359434,0.01788180933973005,-2.94197074590663e-07
