index,r2,pearson,mae,rmse,normalized_mae,saved_r2_difference
0,0.006156674010460272,0.6325976429592031,0.019701256390234394,0.06361344522391124,0.01970404512935681,-3.259895397277404e-07
1,0.7417325079694408,0.8691334045132926,0.013611998758398422,0.04461735949765987,0.013615287461646816,-4.920305591848972e-07
2,0.41344715548481326,0.6652647291841995,0.020280472567285147,0.07293934971472944,0.020284432997348827,1.5548481324678676e-07
3,0.1496244863550522,0.4165621431024585,0.02694815678632806,0.081371513190756,0.02695296801240663,-5.136449477971539e-07
4,0.5576241116660394,0.7557392405031115,0.018753393308691385,0.059299021354675185,0.018758831360715152,1.1166603941514808e-07
5,0.2599575772405791,0.523583463842105,0.01646997300725584,0.07235685065417947,0.016470387241118437,-4.227594209149643e-07
6,0.10654257715932236,0.44236409520756026,0.02970926003427738,0.0879633373386015,0.029713996145151557,-4.228406776385363e-07
7,0.4344336728010768,0.6598989705734251,0.009016388177050786,0.04386356293245305,0.009016642377118007,-3.27198923177896e-07
8,0.5620690268539236,0.7500481013713993,0.011107924623183593,0.04427663255997502,0.011108294202019088,2.6853923529301937e-08
9,0.5362823234805799,0.7571139136411484,0.016687358147167985,0.06333339067912082,0.01668967793229012,3.234805798779661e-07
10,0.9431636398636029,0.9746429536877204,0.008526761851171875,0.0242406742579178,0.008528114780296211,-3.6013639714838064e-07
11,0.20693255911247255,0.5115773467700369,0.02945165205888674,0.0810684874034279,0.029456183713068275,-4.4088752745863324e-07
12,0.3566027763046481,0.6778536799323599,0.014842344608007827,0.06296781940215011,0.014843597307871636,-2.2369535190858159e-07
13,0.5074822946087051,0.7347459749027704,0.014315474432626948,0.0444024020640171,0.014316877848443597,2.9460870509812054e-07
14,-0.016417880186811118,0.44840366222401046,0.016019353876249982,0.05912133620941936,0.016019914513503673,1.1981318888062975e-07
15,-0.42179134035509547,0.19011618507869865,0.025986234224374974,0.07597942703489427,0.0259869501705693,-3.4035509544061426e-07
16,0.584944496040954,0.7705157472032135,0.010685772725087897,0.05102935271016442,0.01068664863657996,-5.039590460498289e-07
17,0.45464074283656863,0.6776328833378914,0.021274556451445284,0.0625345356481123,0.02127572518745289,-2.571634313830451e-07
18,0.1971996286630987,0.4893442616616716,0.029648826611132776,0.09074479785734756,0.02965452099680357,-3.713369012836587e-07
19,0.027336072294855573,0.4047538766557224,0.016609000031337893,0.06389102820138687,0.01660927654822102,7.229485557425086e-08
20,0.16724408615995956,0.41106382630988086,0.010148704742021472,0.04906179493816615,0.010148898222545477,8.615995955585376e-08
21,0.28986381422302654,0.6002885002030361,0.026137273670283238,0.08128945036765123,0.026138734378039836,-1.8577697347144095e-07
22,0.23726127606735492,0.5386443157361599,0.036337825409082064,0.10107716777027878,0.03635068846006547,2.760673549206949e-07
23,0.17079743817881943,0.4841158815952829,0.030592655777177756,0.08269547728768835,0.030594412508649946,4.381788194229852e-07
24,0.6249137849005986,0.7916926811231799,0.008662311513046866,0.04236664248568096,0.008662506901520659,-2.1509940140163053e-07
25,0.786851025193484,0.8887765552019554,0.012165990098437503,0.02820081708506461,0.012167278355269023,2.5193484076702077e-08
26,0.25923399594892005,0.5916751227744642,0.03503569011464851,0.1024302087155651,0.03504001710124029,-4.051079971478799e-09
27,0.5783620388560732,0.7888097893729227,0.013993323531494134,0.04618127351706471,0.013993794384332169,3.8856073136805946e-08
28,0.1277208478642865,0.3747684692679348,0.01883241937255855,0.06599202780139575,0.01883433160717916,-1.5213571349925736e-07
29,0.4298306821016995,0.6829675304812293,0.012558571983984402,0.048567780366127945,0.012560117613217707,-3.178983005169833e-07
30,0.6612175635549209,0.8176123473545527,0.01454499823603515,0.04350599608597466,0.014546681198315039,-4.364450790772523e-07
31,0.07890914732052667,0.519245550593307,0.049079469748925755,0.12947916301336349,0.04909684383562187,1.4732052666666107e-07
32,0.1951028027460585,0.48129506774485653,0.019351442686982398,0.06656248170227318,0.019352200437098184,-1.9725394148628617e-07
33,0.7330706882474152,0.8573271541748476,0.013437064947929686,0.03594218924501998,0.01343826702846383,-3.117525848583824e-07
34,0.029869133621137522,0.28337294046368794,0.0312576408240234,0.10481106048533087,0.03126124990719006,1.3362113752274363e-07
35,0.9110161300079299,0.9614370207746268,0.008165935431445304,0.02479527556007176,0.008167602973373404,1.3000792986606058e-07
36,0.578697424664616,0.7744198166099,0.014669970945996084,0.04582759423238692,0.014673109974684146,4.2466461602774785e-07
37,0.7186846070442413,0.8477953816043517,0.015322354278808587,0.058354357249526395,0.01532574330640316,-3.929557587101229e-07
38,0.6272922319844085,0.7926405189009729,0.014560224025683586,0.05963372509196133,0.014562331956727684,2.3198440857186142e-07
39,0.25134824183842086,0.6328461479864853,0.025603810164453154,0.0827337816454454,0.0256074050011072,2.4183842084468665e-07
40,0.3730379641375038,0.7199634749905458,0.024379174962890677,0.07571411460626766,0.024381840410066143,-3.5862496194916105e-08
41,0.5443044782781441,0.7465719272983307,0.01799923347265626,0.05176371955602954,0.018001489466120027,4.782781440892947e-07
42,0.033970944357767596,0.3359105341366093,0.032494675341679644,0.09154303041003715,0.03249697849028709,-5.564223240495103e-08
43,0.29833932612104885,0.6319999758612649,0.016347678605175796,0.0657822752827247,0.016348439260943648,3.2612104883256166e-07
44,0.15373308655089668,0.45886377134636563,0.012080654370189445,0.06319751625114442,0.012080769941479127,8.655089667186644e-08
45,0.8359875317259471,0.9666400318991123,0.00763898047120117,0.024857202049279565,0.007639392710860815,-4.6827405286720136e-07
46,0.4640165355386203,0.7350335219202516,0.0216309211536133,0.06971682733264424,0.021634009388982967,-4.6446137969002876e-07
47,0.2246564979718848,0.5102165684302729,0.02283031901206058,0.08096819922381392,0.022831667482534748,4.979718848108217e-07
48,-0.004029367988042543,0.34906088134080915,0.02057214444389649,0.06087647040827123,0.02057283129296806,-3.6798804254299655e-07
49,0.9242284947031798,0.9659116041081373,0.007999352135058584,0.025518638849508484,0.008001189844341438,4.947031797541968e-07
50,-1.006323613542551,0.2776012128036092,0.02937680749279297,0.08239396182734142,0.029377879617357532,3.864574489309547e-07
51,0.32668375258028637,0.5828100161378441,0.026806399445605495,0.07110730281300287,0.02680998432925509,-2.474197136059786e-07
52,0.26591277611345643,0.5356569087640534,0.02677117917594723,0.0893378599056318,0.026773751184306565,-2.2388654358218574e-07
53,-0.06895995164153823,0.10881089912284282,0.02445797487285155,0.0832167059223344,0.024478837527595585,4.835846176276526e-08
54,0.12624652065038422,0.39906503954857725,0.03217903372187498,0.09652862302445175,0.03218549386868087,5.20650384222554e-07
55,0.5776324482573164,0.7700085709925296,0.01895200362021488,0.06035037639059212,0.018954348347027365,4.4825731637665456e-07
56,0.13093991704046481,0.415072119206166,0.030868922004394533,0.09396352823680097,0.03087387947261966,-8.295953518588917e-08
57,0.5182688891718119,0.7469147888619616,0.022015284863867148,0.06022175552348805,0.02201881936878986,-1.1082818807128803e-07
58,0.029612805334721104,0.2859911110038324,0.030462442572167982,0.09986391840211635,0.030466413841792488,-1.9466527889644425e-07
59,0.9152437458253058,0.9568941359076168,0.007846432357324207,0.02407062560871114,0.007847324256733592,-2.5417469418087535e-07
60,0.17117302945203938,0.6890797593359369,0.013875371507275401,0.05194995621380412,0.01387557857378326,2.945203939064278e-08
61,0.21876181818222573,0.5040363603627346,0.029318469141650413,0.09078025898232954,0.029320767305444265,-1.8181777428072365e-07
62,0.777894096873835,0.8843359517018344,0.015148723142089841,0.04806705268399226,0.015151138403244068,9.687383506484792e-08
63,0.323720660850923,0.5971911630189721,0.022468550150097695,0.08360103388608614,0.022471204266728925,-3.391490769888428e-07
64,0.2241959569286035,0.4940940217263851,0.024980940153320298,0.07896167739195965,0.024983765377470216,-4.3071396504945625e-08
65,0.47716516605070947,0.7520502709945805,0.018996527372636723,0.06028791099496841,0.018997732307987857,1.6605070946029699e-07
66,0.4866456991348299,0.7266825462098423,0.011431153723759748,0.047276507812291355,0.011431407126962324,-3.0086517011085334e-07
67,0.12741121305906278,0.36872360181052627,0.022428036895214814,0.08107998169761481,0.022428617756043184,2.1305906278135112e-07
68,0.3296714924523303,0.5877008577156326,0.020589641819726546,0.06818327770120314,0.020592181935381693,-5.075476697258274e-07
69,0.41869834033375364,0.7084410563171155,0.016744644474296865,0.0676340649700617,0.01674516993873425,3.403337536234119e-07
70,0.37454642799254223,0.6532269819640941,0.020787861671074208,0.06951501324815008,0.02078839895348168,4.2799254224012984e-07
71,0.24579704883185838,0.5114421442450289,0.02619020846585938,0.07908236849890694,0.026192168926130546,4.8831858390219196e-08
72,0.6746900188852012,0.8272779435292589,0.013992697746679675,0.05927752968254173,0.013994883207234153,1.8885201180651734e-08
73,0.6179896045883371,0.8550397671040023,0.023671856306250027,0.07727972533883344,0.023676743382601166,-3.9541166296785946e-07
74,0.42639639088402526,0.7605371759471395,0.02041102807717776,0.07568131822196567,0.020412979991432503,3.908840252586643e-07
75,0.5950551359092868,0.7759709036491493,0.019325067568359375,0.06135081303122557,0.01932828092405542,1.3590928682472025e-07
76,-0.5133648023210411,0.18740405384836584,0.013973220809580066,0.06288542273626795,0.013973404350385943,1.9767895886868558e-07
77,0.28091740774575746,0.5359868631869994,0.02316980379679687,0.07119109328160914,0.023172001506119037,4.077457574913623e-07
78,-0.07908703481339319,0.2841151938185426,0.02189760181171873,0.07631940529147285,0.021900961894524222,-3.48133931821204e-08
79,-0.14685352428054554,0.447620317928881,0.03485318523437501,0.0875449617120664,0.03486183261782891,4.7571945446800434e-07
80,0.382616344109698,0.6561282946891523,0.018713705864921937,0.07263503652096076,0.018714171902447688,3.441096980139058e-07
81,0.09130769830146845,0.3863041768980383,0.03537262475126947,0.10182708627804035,0.03538126095264102,-3.0169853154626836e-07
82,0.6421170275099364,0.8161726895479146,0.014040256035546856,0.042422377220540416,0.014042630290454688,2.7509936328939943e-08
83,0.44093399022890867,0.6686900227577054,0.014934392818310561,0.05825875364950746,0.014935687678955653,-9.771091324939363e-09
84,0.6044288439392548,0.8212683375323501,0.02142875258056641,0.06809462002275614,0.02143123906935634,-1.5606074521556934e-07
85,0.3068546873493916,0.6072252919154016,0.028775948136425804,0.09244361461120046,0.02878968433107218,-3.12650608402798e-07
86,-0.13781179285729972,0.2156989975748288,0.02460538044867191,0.08699442550003181,0.024605813862120844,2.071427002703352e-07
87,0.2090681844493607,0.5346780510279768,0.02177593240878908,0.06418554411663277,0.021777317379535827,1.844493607017217e-07
88,0.271525764786256,0.5628701998365242,0.01983757310019529,0.06355690914929817,0.019839661496371144,-2.3521374398205452e-07
89,0.2614081665968033,0.567463983351352,0.037251821147949275,0.09576617773772782,0.037258981437417786,1.665968033526255e-07
90,0.36337250085045647,0.6067493313147809,0.023635571124804685,0.07072750036389767,0.023641436735477098,-4.991495435313631e-07
91,0.4708660172804813,0.6959106897809949,0.011716622921708992,0.04942690343495814,0.011717003130493012,1.7280481268144854e-08
92,0.80651271725221,0.9075378458059283,0.013437244093554667,0.044361522675027666,0.013439518226688646,-2.8274779007020356e-07
93,0.6186667951425702,0.8769135045781286,0.011975637999375005,0.037867242107438664,0.011976023708895153,-2.0485742979747812e-07
94,0.19968004802363537,0.46583707952496456,0.017533909304062484,0.060107260820826944,0.01753540116023062,4.8023635373928286e-08
95,0.8646556617328623,0.9369327418799391,0.009859987674316402,0.02787249868092337,0.009860993580466154,-3.38267137633963e-07
96,0.25195377181381506,0.558588567752582,0.03638271025722661,0.11228158447807958,0.03639155787467346,-2.2818618494735432e-07
97,0.6138134221308041,0.8174012635091542,0.02272784859462893,0.06964466626372029,0.022732248225775693,4.2213080408970427e-07
98,0.2612062745002873,0.5850512594447519,0.016596200753193343,0.07013052963716025,0.01659780154077727,2.7450028733388976e-07
99,0.5159112926375439,0.7768900894866281,0.012878832255224607,0.05187134880230508,0.0128791105577352,2.9263754386388285e-07
100,0.052171211086170066,0.2567798870228532,0.010256104914806644,0.05267057673446949,0.010256181952876383,2.110861700641009e-07
101,0.7620469919351471,0.946198775991639,0.020163633383007855,0.06432253082407961,0.02016837563367573,-8.064852896616514e-09
102,0.2550060403579133,0.5392106135750834,0.022054295271572252,0.0778030242761836,0.022055385097624388,4.0357913289046365e-08
103,0.30563037661435977,0.6158234406174528,0.023372208590019518,0.08343489997929349,0.023372912541008928,3.766143597538907e-07
104,0.18399765708007343,0.6820200216139619,0.017782525330566394,0.06514227944515637,0.01778407199245646,-3.4291992656587666e-07
105,0.8013923269096821,0.8969042785594721,0.01716794710693359,0.04201791029445626,0.017172715956416514,3.2690968210236093e-07
106,0.39784853051816316,0.6939337306264307,0.026996685109472708,0.08426605792059834,0.026999992681476168,-4.6948183685113776e-07
107,0.14614712669100582,0.4188678607159984,0.0188179997903613,0.07862934029326286,0.018818335530543698,1.2669100582507475e-07
108,0.3241420961221433,0.6112779633041844,0.02263753611054687,0.0791665376337481,0.022641457753670987,9.612214330045887e-08
109,0.4941442731226122,0.8104403656211905,0.028864792192871164,0.07470835882739778,0.02886949762940283,2.7312261219325507e-07
110,0.6208659015717566,0.7917459293923638,0.023598952638574245,0.06700856566226848,0.023603436316652487,-9.842824344463708e-08
111,0.3064029887940529,0.5685785157194136,0.026403416796201146,0.08413891585299393,0.026405288005351326,-1.1205947059167443e-08
112,0.4662313408339557,0.748205449257814,0.026916965562402344,0.09269444597339388,0.026922312530203725,3.408339556698614e-07
113,0.24860248205515467,0.5430471316657207,0.023336608726689415,0.07802788310154063,0.02333752466875598,-5.179448453185298e-07
114,0.3247234870874386,0.6483315860296356,0.02653931182646485,0.07979030308017994,0.026542716378412285,4.870874386053714e-07
115,0.20702837194058954,0.5213049675507707,0.025921508526464836,0.07064546913181766,0.025926220718192627,3.719405895497019e-07
116,0.13439604708815855,0.40801552093207416,0.018900999564335944,0.07370808764489745,0.018901799230469817,4.7088158566799265e-08
117,-0.12368600416680975,0.15146519112512927,0.02815599827421876,0.09641945039904548,0.028158825516040577,-4.166809744465816e-09
118,0.0045112469672545785,0.28823208910855597,0.029296352763007804,0.08899631600042951,0.029297752747626502,2.469672545782689e-07
119,0.2965035643799867,0.562645040472072,0.025291073347265623,0.0796797738821893,0.02529537454492833,-4.356200132837884e-07
120,0.4198629232575284,0.6555886264215433,0.01178939064829102,0.051676023037385256,0.011789951962126859,-7.674247159972225e-08
121,0.4750485852543418,0.7212650728559358,0.022444444959472662,0.06029937419485371,0.022449986952026643,-4.1474565820598386e-07
122,0.7747366442326804,0.8854449235051225,0.01333204663507815,0.034240736542104876,0.013332583879011801,-3.557673196041833e-07
123,0.2207884750760548,0.5072503468095039,0.021511481336572286,0.07117709452363663,0.02151236918216575,4.750760548011268e-07
124,0.5888343927074178,0.8103974128211417,0.01751265801416016,0.05543551860405843,0.017517469702227485,3.927074178067258e-07
125,0.41264231694975695,0.6785222549927331,0.02113680606855473,0.06546569157644645,0.02113817227238471,3.1694975693996597e-07
126,0.3589752614459385,0.6948536576556124,0.02555475939355472,0.0725386491607424,0.025556464524701276,2.614459385097412e-07
127,0.020998737530430356,0.3729646805600988,0.013225770700419939,0.05897922361347915,0.013226058156626,-2.624695696444579e-07
128,0.2558989764012485,0.5424867056963607,0.022178204423144502,0.07235332946428244,0.022181514839000254,-2.359875150848012e-08
129,0.17128754679495128,0.464143744651784,0.024462544739179724,0.0748970747898469,0.024464802289239022,5.467949512893977e-07
130,0.2899764105444539,0.5650746741570964,0.032794961132128986,0.09618455557158843,0.032800038581381384,4.1054445387711525e-07
131,0.8704719620013215,0.9338836049139132,0.00848807917513672,0.024916577063028942,0.008488683911270504,-3.799867853704342e-08
132,0.11955426996696283,0.45812177414108834,0.015547359225390625,0.059076276853677875,0.015547772253670798,2.6996696284031785e-07
133,0.4789124898453806,0.8529514507963578,0.020787902870927702,0.06791203789218449,0.02078956782654351,-5.10154619381975e-07
134,0.7471776050511885,0.8764570600261853,0.014523186779296907,0.047195383276715595,0.014525113508006027,-3.9494881154400474e-07
135,0.5076105337430508,0.7246002120568545,0.015147774273144522,0.04857119576327712,0.015149382417961644,5.337430507568186e-07
136,0.43760889209223486,0.6742284058382635,0.029126977556249985,0.07328247964764487,0.029132307236114832,-1.0790776516778067e-07
137,0.23929791322666882,0.5135037445749496,0.0248899677216797,0.0775703378511011,0.024893040964241758,-8.677333118711772e-08
138,0.16040727077350936,0.6016738028230383,0.017994218302568372,0.05742642465776975,0.017995031919324504,2.707735093643304e-07
139,0.4158596863890961,0.6591805697214076,0.02369256256923826,0.07035140910711501,0.023698074584979432,-3.136109039125756e-07
140,0.26576368175644494,0.6829940986423133,0.014834564970439456,0.04949505520389234,0.014834977445416042,-3.1824355506415714e-07
141,0.9162182455565061,0.9625272996074247,0.008760382315234383,0.02939694151574945,0.008762451530484765,2.4555650612878566e-07
142,0.20906838269006522,0.48094300023994035,0.01684131137637694,0.06770047598149392,0.01684185488796012,3.826900652204035e-07
143,0.19898977354907643,0.46111818205707444,0.02024101295794918,0.06316708822697521,0.020241830585199915,-2.2645092356832208e-07
144,0.5035604464153944,0.7157328642689824,0.012645076736347651,0.04393929776344193,0.012645414795452531,4.4641539442835665e-07
145,0.14865909186119786,0.5218033658044039,0.023098596914550816,0.08525491941425095,0.023101081914103073,9.18611978428796e-08
146,0.8979751086895184,0.9483487300861014,0.01070050686162111,0.031070169394071322,0.010702085671826926,1.0868951838549634e-07
147,0.09748736132144631,0.3588893727957858,0.02816489749683593,0.09532916766747253,0.028166862284201285,3.613214463044079e-07
148,0.382756715806182,0.6564014476466944,0.02197294407024412,0.07177248734037185,0.02197488215310632,-2.841938180342396e-07
149,0.6473952792022226,0.8157552930268369,0.015637538624999992,0.04985829491284792,0.015639230821053292,2.7920222256394567e-07
150,0.27207874920016384,0.5526803862243914,0.01406120971184572,0.06402063581889181,0.014061724916994459,-2.507998361767072e-07
151,0.2579327026987177,0.5272431365255722,0.018422887400302724,0.06214438114435426,0.018423276553146795,-2.9730128231486574e-07
152,0.3027413839457015,0.583786942561774,0.030139557701123046,0.09543275720321673,0.030141683661589067,3.8394570150979135e-07
153,0.8055420005060767,0.9253432927358117,0.014510065788378892,0.045152877053848,0.01451259998584472,5.060767360731688e-10
154,0.02902560369212781,0.2382134414244742,0.014464660363007817,0.0589103422059059,0.014464890946966508,6.036921278117224e-07
155,0.5647595227088809,0.7615005152108686,0.011807930006289042,0.04628826489105571,0.01180844894251179,5.227088808457125e-07
156,0.09222010840889161,0.31969168632214073,0.026410113861718786,0.0908243265724511,0.02641302398531023,1.0840889161367606e-07
157,0.3116501096010881,0.6142839461837675,0.021068991288505808,0.06973004647130875,0.02107075853432277,1.096010880941023e-07
158,0.42951368402244505,0.6800033466286789,0.016044424381582007,0.0670891395179179,0.01604542909821585,-3.1597755495438307e-07
159,0.1457583267333754,0.4326334236743449,0.027400486936289086,0.0996736658416612,0.027401573396069513,3.2673337541089253e-07
160,0.09112513277042855,0.5218900173083836,0.0206483239811914,0.07302180395954655,0.02065015223395287,1.327704285541964e-07
161,0.2496063069532387,0.5578296922129649,0.0207650489077539,0.05901749537449102,0.020765548781443207,3.0695323871565705e-07
162,0.3953009343898256,0.6591506804003056,0.011491198280625007,0.05048823640856725,0.011491412867591644,-6.561017440454009e-08
163,0.4513447316422339,0.6960108641300484,0.017695107821582044,0.051345296068563744,0.017696965380013762,-2.683577661199976e-07
164,0.05733977391859868,0.35196897127966703,0.03589791133046878,0.10872894928581266,0.03590729488330021,-2.260814013221868e-07
165,0.04261141343171304,0.28390142486465153,0.015172145779492182,0.06809992144203175,0.015172365166126984,4.1343171303803716e-07
166,0.0535713951211777,0.48907538637064896,0.05167530308417967,0.13590564846105146,0.05168107022648731,3.9512117770007515e-07
167,-0.0352416796750914,0.3891146904698997,0.023210503677148456,0.07046569615185441,0.023213530210790277,3.20324908605063e-07
168,0.7365170873633541,0.8609050238707476,0.016685088267480466,0.04756931468311881,0.016689562079836368,8.736335410652885e-08
169,0.00337941376538875,0.21959443735718015,0.02529786455103513,0.09302339384506399,0.025300274813340566,-5.862346112500347e-07
170,0.4798056881822754,0.7192731344918393,0.016967114822753926,0.05900776952870922,0.016968848742140517,-3.118177245853282e-07
171,0.16290835014470406,0.46800568969134265,0.0292426734727539,0.07979521730045729,0.029246939627322433,3.5014470406435905e-07
172,0.7670554612183046,0.9128945088604818,0.01138803606494141,0.04056484799603811,0.011389471051733949,4.6121830454826096e-07
173,0.5796654990066186,0.7932778600021018,0.019326543175068343,0.05396682527851676,0.019328414309763498,4.990066185817099e-07
174,0.4688512254242281,0.7051638199663164,0.014559223828623047,0.06017951061176711,0.014559743587591144,2.254242280619323e-07
175,0.2060550726054372,0.4690381867640862,0.007712930732597659,0.04572667769185765,0.007713026397726852,7.26054372179874e-08
176,0.00224584426540686,0.19682552492056926,0.02179176159319336,0.0807561077329643,0.02179362561201702,-1.5573459314017005e-07
177,0.32009160809455195,0.5776032195660779,0.0219999583277344,0.07109080721443323,0.02200233700038751,-3.9190544803835436e-07
178,0.30207967338040265,0.5579304856034363,0.013057220753105447,0.05853663299370214,0.013057684775822984,-3.2661959736834945e-07
179,0.31664124939222016,0.588565965779999,0.029733955230956996,0.09590680813850401,0.029737746062031348,2.4939222015296636e-07
180,0.3921527354596811,0.6448856255225003,0.024184914057031232,0.06787041029569012,0.02418868617862944,-2.6454031887279683e-07
181,0.7721199217746222,0.889646518771811,0.010020461946064462,0.02878706735499133,0.01002075270501831,-7.822537784196726e-08
182,0.7829587033489899,0.945662478556565,0.016820706607714828,0.06047970514643328,0.016825520579280943,-2.9665101008991e-07
183,0.6750569653659049,0.8251246489325637,0.012395793437597655,0.03396208038805889,0.012396789600965031,-3.4634095147367816e-08
184,0.32094242557137553,0.608764064121224,0.024305478767626947,0.07639094157681849,0.024306514457513112,4.2557137552856616e-07
185,0.15425872318289124,0.5456491658161137,0.049323296128027244,0.1271196491046237,0.049333287435931794,-2.768171087630389e-07
186,0.37076642694014883,0.6147144060016713,0.019865794327929714,0.06137404462145477,0.019867852021495727,4.2694014884547826e-07
187,0.38498599913893117,0.6571027487614823,0.02598059305615235,0.07944759154415097,0.025987460593444884,-8.610688273513745e-10
188,0.39484544199348215,0.6486933233435351,0.013200376043554694,0.056760520555828566,0.013202470494035844,4.419934821475735e-07
189,0.4942635695600961,0.7192692973295991,0.018581906173242155,0.06036073027556699,0.018583914085248236,-4.304399038868034e-07
190,0.836053266342107,0.9163875216453286,0.009886623513085934,0.030656292453148035,0.00988761436970839,2.6634210692488836e-07
191,0.11607469544080151,0.4009844095594209,0.02121402524353516,0.06688948511856746,0.021215524989787904,-3.045591984857099e-07
192,0.7325605614409514,0.8807799746218595,0.017238409574511726,0.06031579317307371,0.01724147189957755,-4.385590486322144e-07
193,0.6656916718924986,0.86428077288766,0.014823907983251955,0.049454950269119266,0.014825143603377007,-3.281075013905621e-07
194,0.2894338671729987,0.5653759703074842,0.026499524088574224,0.08476987363161648,0.026502416906886858,-1.3282700134231717e-07
195,0.4891326500447908,0.7526579382453891,0.019102486062207037,0.06265506090218567,0.019106611456666395,-3.499552092001146e-07
196,0.6433598813408805,0.8270070542155963,0.014799783820234363,0.047668538785146375,0.014800959379180585,-1.1865911953012898e-07
197,0.739835935311357,0.880527532809506,0.015936282191992165,0.056424783265219804,0.015938834627406095,-6.468864299780108e-08
198,0.7448610429167941,0.8692057586563867,0.013412890378710941,0.03015608877641961,0.013415015550595426,4.291679411849714e-08
199,0.516928660579527,0.8002293003702515,0.012229260331933601,0.038396762131507695,0.012229444104890814,-3.394204729501027e-07
200,0.6387114764840167,0.8549412192161998,0.01679274352255855,0.05090498266056469,0.016794838912161103,4.764840166870954e-07
201,0.5894496369203284,0.8070172412469897,0.020876970877539036,0.06808621550078008,0.020879829284408413,-3.6307967166138155e-07
202,0.444153221170163,0.7657960868869126,0.04106039184550783,0.10789603555375253,0.041068392452964696,2.2117016296174796e-07
203,0.264792430968387,0.5190211948698008,0.0171176171330469,0.06136684102159113,0.017119012668796816,-5.690316129958184e-07
204,0.0959817024019256,0.4824049086261186,0.035268245937011757,0.08765084916096344,0.03527551826025015,-2.9759807439189156e-07
205,0.6179241606780019,0.8269490469113255,0.018819608784082027,0.050189979596835195,0.018823605129569057,1.606780019036691e-07
206,0.5105640721148623,0.7274656389820283,0.012094480598525387,0.04596944720195336,0.0120948549974227,7.211486230396247e-08
207,-0.7662679608108587,0.09738239859100312,0.017631452060263657,0.06839004842851462,0.017631720541998692,3.918914126543882e-08
208,0.7245316999473084,0.8549215755802108,0.017551461196289066,0.050109382660360975,0.017556337456728233,-3.0005269158195347e-07
209,-0.028660941243723093,0.2973128839586123,0.01891582415537111,0.06878688235534598,0.018918822832303322,5.8756276906379856e-08
210,0.815639771448383,0.9064480159933573,0.008799354815859368,0.04243583674185016,0.008799910396618276,-2.2855161707635574e-07
211,0.7428574886334963,0.8737840039682034,0.012580366048984387,0.03792591568423226,0.012581499920555822,-5.113665036970971e-07
212,0.4421142633231334,0.698954359757329,0.019634443741894523,0.07363458881357633,0.01963682271940279,2.633231334092656e-07
213,0.5966765426260103,0.7901329577167142,0.013688456129902358,0.0391697207363708,0.01368922751089109,-4.5737398968181964e-07
214,0.8441543859318881,0.935068163114679,0.011155193315527362,0.036563320167417576,0.011157341454097797,3.8593188811386625e-07
215,0.5396756311977826,0.7818972996151842,0.013255510739160155,0.047535903735185826,0.013257903626366708,-3.6880221743196273e-07
216,0.29159939484629327,0.5670258794012614,0.017494327976054713,0.06077134316592797,0.017494919250091116,-6.051537067564006e-07
217,0.7120738748160138,0.8499013421401285,0.012539664214550755,0.0555080211264117,0.01254151838774545,-1.2518398617711313e-07
218,0.3451755729334721,0.6210535610395446,0.019309300792773446,0.07177658818518792,0.019310251839862683,5.729334721094048e-07
219,0.9270131106763169,0.968160291227593,0.007729471824833973,0.021302386627278385,0.007730132213352916,1.1067631688899127e-07
220,0.10092026368727336,0.3891455666498359,0.035860768804589896,0.10034444443319658,0.03586967382057349,2.6368727336356645e-07
221,0.33636983792104647,0.626239260951087,0.02093399148261717,0.06487658229323935,0.02093904035428109,-1.6207895353614887e-07
222,0.2588978276988818,0.5355539937938907,0.026363168075927715,0.0841197761238535,0.02636522930085393,-1.7230111820643046e-07
223,0.2697581302635855,0.5370460200586294,0.018816876048730464,0.05755930290699602,0.01881888101795978,1.3026358552936657e-07
224,0.2690353779165737,0.5633459202166307,0.026801214453720735,0.08681061647857091,0.026803856399146068,3.779165737016754e-07
225,0.329925743329745,0.6424529616045983,0.029622193559130882,0.08606238075963349,0.02962479195526199,-2.5667025499442886e-07
226,0.525646324157067,0.7523810683815262,0.01407838440917968,0.043398954274279124,0.014079532937927396,3.241570670775573e-07
227,0.1756935271797767,0.4363754917154577,0.015188907413681648,0.06571025415293981,0.015189328099439195,5.271797767214537e-07
228,0.3334096998363887,0.7495160259013718,0.02138926426689454,0.07505066764080451,0.021392019201721,-3.001636112998085e-07
229,0.3291123338925114,0.577754656101403,0.02221511699755862,0.06629807272753746,0.02221743176512193,3.33892511361622e-07
230,0.4539847502641581,0.7518526335360994,0.023594574806347635,0.06775390842519095,0.02359752633302681,-2.49735841950649e-07
231,0.574629085277327,0.7845209820404909,0.028341543269433576,0.07041944435710859,0.028346644775408502,8.52773270887397e-08
232,-0.02236300777419098,0.38006069778551765,0.031804443128418,0.08932022606148851,0.03180973761112742,-7.774190978471207e-09
233,0.41578088548967873,0.6534604198020031,0.019407271586425797,0.058570131481275774,0.019410440682490968,-1.1451032128073635e-07
234,0.48133952584506656,0.7404225810539332,0.015108709558886732,0.059990093892694954,0.015110489796708983,5.258450665457381e-07
235,-0.1824681463350546,0.14928717769376024,0.01635003975691406,0.058886344355171996,0.016350318407869536,-1.4633505460159846e-07
236,0.11670875653523982,0.3601439295971981,0.018170492426289053,0.06572762446594967,0.01817128212985858,-2.434647601717854e-07
237,0.8534410612855299,0.9271882268659121,0.007370166177822266,0.021810079181445337,0.00737046337355276,6.128552987316738e-08
238,0.8367033404657747,0.926529095415496,0.0104413468517578,0.034990660831864404,0.010443641468088048,3.4046577468416217e-07
239,-0.012438240302236503,0.17473382121762548,0.017490613206181633,0.07437707284684694,0.01749087541556807,-2.4030223650349514e-07
240,0.24462245043239983,0.6504642609543887,0.03129581040048829,0.09672628236586092,0.031299424100537356,4.504323998233417e-07
241,0.16273734681919383,0.4184812280612775,0.02030573011982422,0.06688060411475917,0.020308065025384868,3.4681919383605653e-07
242,0.19830695848038604,0.5406639674955602,0.033801606672363274,0.10469098130737868,0.033809765668681276,-4.1519613969143165e-08
243,0.18369048355400686,0.47324539861611364,0.022432715174707057,0.08896214943290831,0.022434973867301585,-5.164459931372711e-07
244,0.6054003839720148,0.7854892834027077,0.017135310136328137,0.0458117803354948,0.01713704570605536,3.8397201473916454e-07
245,0.30615983427755966,0.5892094926979148,0.020144309177636738,0.06627396887845842,0.020148452402631706,-1.657224403261992e-07
246,0.47180246975012996,0.6994842982968195,0.01964943005976562,0.06792948082973166,0.01965144859761122,-5.302498700121561e-07
247,0.0950344563105675,0.39734727893910815,0.018515054827148415,0.06341489340479403,0.0185169314292675,-5.436894324889474e-07
248,0.5498827305189978,0.7429897770618393,0.015427665657138679,0.04725863741779799,0.015429185823843648,-2.694810021797167e-07
249,0.5638391301840544,0.769090522276672,0.014710379148925779,0.059701776684504174,0.014714739759050193,1.3018405442544179e-07
250,0.7493481363106711,0.8663173487397948,0.009919127325400396,0.046543489669229346,0.009919578422593778,1.363106710838835e-07
251,0.15385992062345677,0.48415042436444533,0.035743213970410186,0.10313061504802583,0.03574690174590845,-7.937654322720533e-08
252,0.24037771435728816,0.5347841675018826,0.024148428304277332,0.07477368776588385,0.024150280911691024,-2.8564271184472467e-07
253,0.6184875446073809,0.7875287996997582,0.019071783589160132,0.04784727132555791,0.019073976011092172,5.446073808590413e-07
254,0.17932807295325537,0.4471484724563673,0.01748988836412109,0.07104709247509684,0.01749120900409891,7.295325538114739e-08
255,0.9348333101223685,0.9669767698403017,0.006346213577695314,0.021928271106250393,0.006346782749746575,3.101223684520704e-07
256,0.07974962260281315,0.3047484264269337,0.016133277177714882,0.06615895305612228,0.016133556783386092,-3.773971868487047e-07
257,0.6554044144369604,0.8238839931623324,0.01862982459501951,0.0441529223941886,0.018634106308289045,4.144369604164311e-07
258,0.8763538746015225,0.9388341803004477,0.00957454038437501,0.03212311135435926,0.009576986583299953,-1.2539847749071242e-07
259,0.8663014395136253,0.9313318594976662,0.008746581612207035,0.03789630948937964,0.008747487913187255,4.3951362527216986e-07
260,-0.11557998457290264,0.5949633799998754,0.02267841668205073,0.0777942646320544,0.02268005139846579,1.5427097363462927e-08
261,0.7228902609171431,0.8687759736321429,0.014517542937597648,0.04838080908526379,0.014521170694874963,2.6091714311338166e-07
262,0.8772381051723833,0.9370408553354227,0.008676796708789061,0.03458032647854046,0.008677958981679517,1.0517238335783219e-07
263,0.7433712309684526,0.866023861529125,0.012812412320585947,0.030919121488573616,0.012813609142432512,2.3096845258585574e-07
264,0.40236719867969295,0.7293416972706253,0.023887254927246082,0.07472941919830307,0.023891836999313156,1.9867969297537869e-07
265,-0.2824874932103816,0.14913293854586862,0.016073894330546873,0.06838839413498644,0.016074166022209162,5.067896184374199e-07
266,0.15833437078868284,0.4377554827730627,0.032117038617509794,0.09586246248167894,0.032118419254098536,3.707886828407947e-07
267,-0.6328616844437993,0.1465780763622318,0.018649713106767586,0.07202360529710666,0.018650090545435035,3.155562007250978e-07
268,0.262588908700927,0.617021577727503,0.02231704741123049,0.0758670110170722,0.022319381732871662,-9.12990730239649e-08
269,0.2375292629681669,0.4999896103182406,0.01643786179190429,0.06800683121768894,0.01643881473487076,2.629681669086281e-07
270,0.4063323307530119,0.705786921499383,0.02693655024765625,0.07620891043060884,0.026944405961964353,3.307530118679125e-07
271,0.381395932097752,0.7309985823790183,0.025002809140039096,0.07291098597467895,0.02500750670014269,-6.790224799102518e-08
272,0.3682977489023015,0.641842923129943,0.017739873337919876,0.0644521509511683,0.0177401789329032,-2.5109769852260655e-07
273,0.2890818559534629,0.6559451643928109,0.02278205375550782,0.07823141914720273,0.022783200392062462,-1.4404653708721682e-07
274,0.5502353288467681,0.790256220275869,0.01559507856762694,0.05239352346177249,0.015595644378540732,3.288467680384599e-07
275,0.38361604802639837,0.6382555636880319,0.014750162947402336,0.056177231553246325,0.014750899458927266,4.8026398358214095e-08
276,0.07966420863458867,0.369687642968001,0.037113766825878886,0.10385949822265993,0.03711994861508147,2.0863458867481643e-07
277,0.7621443626577986,0.8849148039173188,0.011421805892353523,0.036845123751000165,0.011422385437690696,3.6265779856936575e-07
278,-0.23613418318663082,0.2913782598598425,0.02251441159822266,0.0734191149918869,0.022516405404530645,-1.8318663080885145e-07
279,-0.164573244103847,0.41075397830894456,0.020445185187177722,0.06676546446695646,0.020446166599289713,-2.4410384699691257e-07
280,0.06767287542443778,0.35772172162108956,0.030677728634648453,0.09853322931196838,0.030680287379206358,-1.2457556221312505e-07
281,0.29247511503212453,0.5957051254861928,0.02131755489267576,0.07894710112562456,0.021321774687236287,1.1503212454799794e-07
282,0.9060584878101721,0.9548677167157411,0.010358507963085926,0.028148453400853566,0.010359963764878098,4.878101720340311e-07
283,0.09862708474023751,0.3538866244422855,0.016640150237978532,0.06879777192767944,0.016640989147184437,8.474023750759674e-08
284,-2.0509982569430223,0.27033259699957385,0.026213002594130855,0.09949147812706564,0.026214069361265774,-2.569430224141911e-07
285,-0.10197567849861833,0.265550141090441,0.013215329077607387,0.06399086266489043,0.013215508400823204,3.215013816698642e-07
286,-0.18883122236622074,0.24016841099623804,0.01797286177402344,0.06601382905403919,0.017975001751907006,-2.223662207423427e-07
287,0.33989166177709584,0.6758549198929139,0.031072358931152354,0.09488039691984855,0.031077455655634096,-3.38222904183727e-07
288,0.2477846115729323,0.7045412916227987,0.03518165913134767,0.10936272126745085,0.035189506303279536,-3.884270677045887e-07
289,-0.2594644770532655,0.44710589450585,0.026168952488388655,0.08007707911840202,0.026170301301007053,5.229467345269079e-07
290,0.5486686496043424,0.7623465969473315,0.021644069006835923,0.06620784313642704,0.021648279233455737,-3.5039565760008884e-07
291,0.6117252093909462,0.797638419889874,0.015984173728027337,0.05417416889241915,0.015986135337137535,2.09390946248611e-07
292,0.4077082808039352,0.6564065762956547,0.024810960762890643,0.07202897321830173,0.02481554084815039,2.808039351598346e-07
293,0.18042331022014346,0.6007844584854335,0.024767983780869144,0.09244850606431933,0.02476858338616633,3.102201434623808e-07
294,0.0591799247728626,0.5521525067196423,0.017905438260742215,0.05892993197961983,0.017907579129734754,-7.522713740132358e-08
295,0.6529739738150411,0.8285374902593275,0.020089808686621094,0.04933079685749038,0.020095158900097776,-2.6184958978880957e-08
296,0.5022515271885399,0.7354734601730768,0.02182224925751959,0.06808355506761549,0.021825518945060404,-4.7281146009492403e-07
297,0.6774298303825996,0.8423841628993516,0.018707147750097658,0.05109479013656329,0.01871058460195921,-1.6961740034737716e-07
298,0.4392424523495615,0.6830513635509847,0.027685886817382835,0.09020345987777878,0.027689758092002942,4.5234956147499616e-07
299,0.4502604167767439,0.8111056748435832,0.02891888730224607,0.0839142645749706,0.028924019912965653,4.1677674389450914e-07
300,0.3119804335779026,0.5722968458499544,0.02281370631884766,0.06309190595614966,0.022819250399493493,4.335779026365394e-07
301,0.21093465176729242,0.4657580557812673,0.018442858845673822,0.06362391208520346,0.01844333572025087,-3.482327075865488e-07
302,0.4126284370256107,0.6891665263422081,0.02098661835615238,0.07071147294195393,0.02098881072138747,4.370256107000259e-07
303,-0.012452120430984648,0.3107310108211559,0.040034433737470704,0.11447175729261716,0.040038290555132104,-1.2043098464829816e-07
304,0.2738028153596124,0.5300682098520977,0.014379613472060532,0.05750976420785608,0.014380187010001221,-1.8464038764598456e-07
305,0.02455284754466336,0.6225128583099148,0.023209876307470675,0.07861646251260476,0.023212089616658604,-1.524553366397119e-07
306,0.30197002581558274,0.5820888812293388,0.010976364619697263,0.05123934290335388,0.010976574926811528,2.5815582727073405e-08
307,0.2412298985571979,0.5682915177993573,0.035634454144336004,0.10320293621597759,0.03564479923817794,-1.0144280210289125e-07
308,0.531820861058492,0.7497348916209589,0.018998648976142563,0.06450573327853312,0.018999236497512454,-1.3894150796556204e-07
309,0.44878906480992686,0.6841690739087802,0.03431130543408201,0.08771988394369573,0.034329244125673085,6.48099268696356e-08
310,0.0345829414174057,0.2852364088866573,0.009232988090976573,0.05465218577890108,0.009233142101633455,-5.858259430335799e-08
311,0.24743109458255652,0.5883172029362377,0.018124022399404326,0.0660359370086661,0.018125172159912696,9.458255650907077e-08
312,0.5164166501775698,0.7191016652562818,0.011511822109873022,0.04869981211016658,0.011512060993427319,-3.4982243024561654e-07
313,0.8429801145431982,0.9190997780873323,0.007847228544648432,0.025296660525879096,0.007847833043215777,1.1454319825965342e-07
314,0.32454181520525793,0.5891071247857884,0.017445313148476516,0.06811083430729864,0.01744611481350262,-1.847947420641205e-07
315,0.45133327703423376,0.7108215600684491,0.025834533227050756,0.06837473617144114,0.0258391596872501,2.770342337754528e-07
316,0.576690957616393,0.8464263906703637,0.018510708815234363,0.062421413142320595,0.01851378892282401,-4.238360695740795e-08
317,0.6531267955319284,0.8448194097320286,0.019273046965136736,0.06953928897051885,0.0192806999106751,-2.044680715851399e-07
318,0.6604598217009067,0.8642382213440157,0.01821518480517579,0.05685657353147972,0.01821746658294373,-1.7829909337852e-07
319,0.198688043417668,0.46688567239261725,0.025309308591962863,0.08515041534786572,0.02531182655804843,4.341766798865443e-08
320,0.727561796342918,0.8595667924571706,0.01367933789580081,0.05016281533054466,0.013681187937175852,-2.0365708208736066e-07
321,0.5627742542242696,0.7653339978838621,0.025437935068652377,0.07139868095431351,0.025446261199825133,2.5422426963572775e-07
322,0.31817746070617237,0.5825973673514582,0.016552170017529302,0.061658290154930434,0.016552791999282463,4.6070617237825573e-07
323,0.1518846487852168,0.40289792910369243,0.0094794566990039,0.051556640458700745,0.009479633024159596,-3.512147832007706e-07
324,0.5972864071731145,0.8226466144657125,0.018126790682324218,0.06974753128633635,0.01812971608243345,4.071731145582902e-07
325,0.37545684483117003,0.6277249439678082,0.022650732958984378,0.06712045761742774,0.022653134281830786,-1.5516882995170178e-07
326,0.21987205107872165,0.5212713915368182,0.020887204441699222,0.07590240943629017,0.020890115065609335,5.107872164122895e-08
327,0.4442275893507813,0.7598973783770548,0.03237794122597656,0.08349900809448918,0.03238314431968552,-4.106492186850552e-07
328,0.8624059496406943,0.9301194365269503,0.009586487453613289,0.03239140051611756,0.009587693450262853,-5.035930572550029e-08
329,0.572471416624522,0.7736967416259987,0.028727122982421915,0.093524660790411,0.028732969153230457,4.166245219927589e-07
330,0.2355877960985827,0.5374416510538925,0.02288713519921875,0.0766840796623175,0.02289062608607969,-2.0390141727832933e-07
331,0.21714875751875018,0.5142899811790284,0.027940064445693337,0.08959791328081794,0.02794127821677496,-2.4248124982917396e-07
332,0.5683857973322404,0.8219467903570465,0.00999078405218751,0.041071754049917635,0.009991297294438836,-2.0266775957455962e-07
333,-0.05282723905611464,0.40124937464337074,0.029198763602832023,0.07719842611937344,0.02920306317274325,-2.390561146398129e-07
334,0.5816564297921692,0.7872243911961014,0.01595508980224608,0.04476823790619075,0.01595723225854647,4.297921692986151e-07
335,0.3026849331551902,0.5715129528896277,0.03748515928164068,0.09680660770523927,0.037500704009715585,-6.684480979846086e-08
336,0.26396792193842555,0.5401015731737553,0.011461220757761726,0.05351946072824746,0.01146133223003716,-7.806157442669104e-08
337,-0.22857345552929575,0.1840492260002803,0.02256710284194336,0.08324160523725867,0.022567495846082194,-4.555292957564294e-07
338,0.7453173224419427,0.901925570763161,0.016499911232226567,0.06430740233704178,0.016502991408303483,3.224419427017011e-07
339,0.39966171337745593,0.6697239159969657,0.023963076972851532,0.08896189527912662,0.023966432002511202,-2.866225440878445e-07
340,0.8449470583029431,0.920033635081241,0.008936560424208985,0.023941682873222053,0.0089372645663492,5.83029431400206e-08
341,0.1660718056459809,0.48971382524496215,0.01202112001156252,0.06313667485310007,0.01202138108061673,-1.943540191007287e-07
342,0.7717996552208328,0.8800850324323034,0.013741712622851565,0.05340165146896835,0.01374418532823862,-3.447791672162026e-07
343,0.25258462278953486,0.5328785878616603,0.024497181541416037,0.07700847953068687,0.0244993859550053,-3.772104651411645e-07
344,0.4855180060081079,0.7003262963342343,0.025335026886132848,0.07402689795334304,0.025339122430753945,6.008107900079551e-09
345,0.28445406101871307,0.5589777025526428,0.028420098346875023,0.09167953053459756,0.02842302696461977,6.101871308228368e-08
346,-0.06902436538569345,0.108611816494002,0.02450351597626952,0.08336827441178675,0.024524465279715437,-3.653856934515698e-07
347,-0.0659525306631259,0.4894526669041477,0.027489376564843817,0.08071342836158367,0.02749473825051215,4.6933687410100067e-07
348,0.4080789352291977,0.709465652356098,0.02386299956035155,0.07120645883336763,0.02386586623273996,-6.477080233269206e-08
349,0.5426214288665395,0.7469254689267324,0.020439000632324213,0.07127261587817879,0.020441762422768867,4.2886653950358067e-07
350,0.28426126047152267,0.5629006041613259,0.0365113568603516,0.10015460895350733,0.03652310140780348,2.6047152268393603e-07
351,0.39914586891620485,0.6402258156864896,0.018384023415712897,0.06195839448936261,0.018384507884448512,-1.3108379515180957e-07
352,-0.030415819275631417,0.22437029539144454,0.03572685719775384,0.09986849080523252,0.035730916001133706,1.807243685814086e-07
353,0.6559426991060073,0.8432262521473185,0.01329789649208984,0.05095333724562674,0.013300345287822575,-3.0089399272181794e-07
354,0.40648628686407384,0.6467441317757855,0.02908095195322262,0.07314766377686083,0.029087209219848482,2.8686407382849666e-07
355,0.5861434478075842,0.7690644909782258,0.016470629095507776,0.04789441838771772,0.016474026858605155,4.4780758423623723e-07
356,0.4564030647312459,0.7847667373147104,0.01623312932246092,0.05096893320404168,0.016234615350022023,6.473124591899193e-08
357,0.873428467621568,0.939275127742146,0.010542571324218729,0.03572872100699838,0.010544187125998103,4.676215680232687e-07
358,0.3969391629001464,0.6335641707035673,0.01737919628063477,0.06445497592225669,0.01738071290026417,1.6290014642761363e-07
359,0.20245848345758222,0.4724928018688084,0.02497598511523438,0.07899005480428742,0.024976869487986844,-5.165424177833167e-07
360,0.2615736297549197,0.6118797205242685,0.02931243421533208,0.09045629088280124,0.029316206041332976,-3.7024508026117786e-07
361,0.042497415269156735,0.3181756554079037,0.030264230221933613,0.09869115749553878,0.03026626682813262,4.152691567352318e-07
362,0.28031226179057656,0.5714141129984314,0.018126820886425764,0.07119859071394635,0.018129862662206626,2.6179057655006943e-07
363,0.45392331251753304,0.6919427431541726,0.02013847966367188,0.057488940352830385,0.020140878780701425,3.125175330187524e-07
364,0.039723821099469925,0.2723127210287259,0.028298429540527394,0.09396365392902596,0.028301417406067203,-1.7890053007757478e-07
365,0.26635768363492396,0.6306370001681786,0.02016065592574215,0.08703676255188954,0.02016099884497794,-3.163650760251713e-07
366,0.22797896237718207,0.5801210716751373,0.02488968173486323,0.07000564602872582,0.024894035749014398,-3.762281791663824e-08
367,0.16232355494073492,0.4729013577462226,0.04648086216435543,0.13166634066046695,0.04648808660826431,-4.450592650806495e-07
368,0.45745309580277216,0.8349067489812209,0.023115476111425757,0.08081261813569558,0.023119193932121175,9.580277215981425e-08
369,-0.12581537690567446,0.3695539340737462,0.037450752825586006,0.10208490635285158,0.037458540737144316,6.230943255525201e-07
370,0.11813022861277267,0.3777558290992162,0.018770925483203117,0.06912502387167538,0.018771531223621324,2.2861277267083313e-07
371,-0.15976320702805769,0.34370629906666045,0.027783813226191355,0.07302356252849357,0.027784965365622843,-2.0702805769712285e-07
372,0.09659386281012627,0.3544767628457508,0.017796648565156243,0.06402522236414719,0.017797838019232085,-1.371898737251298e-07
373,0.4180784194621472,0.6658016138497714,0.014734747972656254,0.048205825825149456,0.014735180195276367,-5.805378527901084e-07
374,0.5368671219987196,0.792139476067375,0.019566267906542964,0.06360608539410001,0.019569429183444342,1.2199871957108144e-07
375,0.0803085027372431,0.343584974414428,0.022087274441181606,0.0762950919595786,0.02208921957301609,5.027372430993493e-07
376,0.5703248452199636,0.7826576541590851,0.018768723370888703,0.052564719599554596,0.0187705120878799,-1.5478003634328275e-07
377,0.43138149641823975,0.6960921704754578,0.021056882324804668,0.06801476522174736,0.02106039877326972,-5.03581760236127e-07
378,0.7514226256505566,0.9193185694312848,0.016770003692089815,0.06124372776053584,0.016773255378860118,-3.7434944333281095e-07
379,0.7810454623124031,0.8886184309352042,0.0138271616510742,0.05156474728373361,0.01383105410526757,4.6231240313776567e-07
380,0.2714735683691375,0.542905719621493,0.011425530425410132,0.05047542425334204,0.011425880321742847,-4.3163086249631277e-07
381,0.23177151450838906,0.5587131930388116,0.03154069023896482,0.09524320730384322,0.03154392692660844,-4.854916109409135e-07
382,0.4105086236780746,0.681194955455132,0.025092070820214914,0.08163332927872512,0.025095297535929137,-3.7632192539938103e-07
383,0.25376375496929815,0.5596945956151299,0.03616623777197268,0.10348918692199713,0.036178675313150506,-2.450307018397879e-07
384,0.1437315491855683,0.5138161646422161,0.025955532520605416,0.07276171912061354,0.02596089208706674,-4.50814431701696e-07
385,0.8103543316206505,0.9133446761700895,0.015000862408691388,0.036653479012826444,0.01500278786348523,3.3162065049552325e-07
386,0.49719606171849606,0.7198844983983139,0.013451041773720683,0.046449608137619516,0.013451701559639147,6.171849603608948e-08
387,0.42858375892935896,0.6801731171241727,0.018083777006152355,0.06374073683191911,0.01808524654962691,-2.4107064106049236e-07
388,-0.1096490755100128,0.3315982449450238,0.03813521557162108,0.10459416630653565,0.038137512530311134,-7.551001279804126e-08
389,0.6421811886701798,0.8703722719574224,0.018816215319628894,0.04947840040906107,0.018821391495903974,1.8867017981261114e-07
390,0.44886618245586707,0.7383566311515062,0.02982077102832033,0.08708377390091014,0.029825437173227925,1.824558670815435e-07
391,0.546972102675382,0.7473046386674211,0.02468264909726567,0.0761788259230384,0.02468647854281396,1.0267538197439308e-07
392,0.6558724325925731,0.8265740490552221,0.01151404343569337,0.03744970827158349,0.011514317757635641,4.3259257309635757e-07
393,0.7991514917007569,0.8951433597601401,0.011213317657031244,0.04671360967131553,0.011214913874601525,4.917007569993359e-07
394,0.3005863194944348,0.62935724076655,0.03202483298955081,0.09347589312327831,0.03203060660248273,3.19494434797285e-07
395,0.2635718290629603,0.5681629535922372,0.01916409724107424,0.06056427996875255,0.0191657448394703,-1.709370396896226e-07
396,0.6620865550468997,0.846619702519418,0.014650400215703118,0.04099973360432656,0.014651821679325968,-4.449531002537199e-07
397,0.33349326249736055,0.5841647331331572,0.013406302340732439,0.05681927479148937,0.013406796592477985,2.624973605702685e-07
398,0.8781429063173714,0.9408980950325608,0.010479019975683611,0.03594643434108973,0.010480192510101833,-9.368262865461219e-08
399,0.5341259093363682,0.7363819570684784,0.016964159785341847,0.06312903494679045,0.016965769374029254,-9.066363182430592e-08
400,0.4688308842268123,0.6936008765275847,0.012684637476425762,0.056088259152887406,0.012684904459288538,-1.1577318770328304e-07
401,0.7067571560140641,0.8586976880696887,0.012156821685087887,0.04254263974863479,0.012157250760907937,1.5601406411214214e-07
402,0.6482530318255697,0.8202411323707582,0.01179920228057618,0.03395770138852097,0.011800131969903606,3.1825569735133286e-08
403,0.7869490198477327,0.8935279119008221,0.01340328628486327,0.05413196883154082,0.013406784026330965,1.9847732679600938e-08
404,0.7433951436446207,0.8652998198806255,0.012130487387499991,0.03068354406402255,0.012131856529381799,1.4364462064264671e-07
405,0.1372722978138411,0.41200670462909633,0.017894670754931674,0.06615515323834634,0.01789563472226536,2.978138410880682e-07
406,0.2652713572866442,0.5743548029299428,0.02378936926357421,0.0898859374694489,0.023792400946025274,3.572866442147493e-07
407,0.6959681644713369,0.836840835586548,0.014125019799804687,0.03582147989172156,0.014126866381842296,1.6447133688313187e-07
408,0.13948692020972053,0.4483240370877473,0.035206130252832035,0.11097371072560464,0.03521055897003922,-7.979027946691808e-08
409,0.3669374561620631,0.7092063189490575,0.019061604258066397,0.06839632611166933,0.019063398893110383,-5.438379369060442e-07
410,0.3384697896066954,0.6052854091526628,0.02250740185039062,0.08680021263074099,0.022510280523590703,-2.1039330461158912e-07
411,0.7804722708526853,0.8882492352264351,0.015396695477832014,0.05421135679182298,0.015399412140485718,2.7085268528015405e-07
412,0.6012422870430889,0.8249242633954242,0.019963178278027308,0.05820852791250363,0.019966302307514484,2.870430888535225e-07
413,0.32537159763484325,0.5856673140472992,0.020086331123632825,0.060202670199538864,0.02008944806377721,-4.023651567486297e-07
414,0.2767904778917796,0.6935425504690347,0.020487766445507802,0.07414930988186191,0.020488376856948803,4.778917795933424e-07
415,0.7204296475826613,0.8620042383421382,0.017194789084374978,0.049034619440472715,0.01719717667503527,-3.5241733875590597e-07
416,0.8065820128837087,0.9241539149032153,0.009188064480664069,0.032387325902804714,0.009188986466810201,1.2883708655486714e-08
417,0.7341844823493104,0.8997585267251831,0.014073435037207038,0.050349435958293734,0.014075670818167364,-5.176506895354649e-07
418,0.7114321138348625,0.8627169654970912,0.00938776718542968,0.03693121023873374,0.009388479407870354,1.1383486253624397e-07
419,0.1594764009670554,0.490827627862467,0.02582916389263677,0.07696855983110275,0.02583170357971315,4.0096705539172106e-07
420,0.8477140974055786,0.9366088058674022,0.01191112500644529,0.032377878977191174,0.011913918808491962,9.740557860293819e-08
421,0.65534480470331,0.8122709599346646,0.01846002668955078,0.05329672690688506,0.018465550500179173,-1.9529668993101268e-07
422,0.17734569827227875,0.4589673300331696,0.026098746410234346,0.08985021102438268,0.026099857360058824,-3.0172772125247604e-07
423,0.843005446821907,0.928682796441286,0.009223378103222653,0.02320363105281259,0.009223690309367115,4.4682190702971525e-07
424,0.32913263805242887,0.5947100772509448,0.026389093550781235,0.0794153650902995,0.02639320853439908,-3.6194757113694465e-07
425,0.3361983040886729,0.5880778703988974,0.02238314390595699,0.06694202733594058,0.02238743499293308,3.040886729088754e-07
426,0.4735545337825998,0.7037363841312678,0.02674012981601565,0.09050733675079209,0.02674687405100636,-4.662174001857089e-07
427,0.10180637561392847,0.44786668299827437,0.014244516238486316,0.056533870376238894,0.014244770747811,3.7561392847440533e-07
428,0.2936557051332819,0.5565700873043729,0.022579627289287137,0.07809254472113648,0.022581490282332955,-2.948667180979747e-07
429,0.515813872989634,0.7841266646772524,0.017867513957265657,0.04578791698083644,0.017869178724112686,-1.27010366002267e-07
430,0.3453803503896705,0.7148202564035666,0.033909617100439535,0.09609348617023307,0.033911605640708886,3.5038967050038394e-07
431,0.932122086335761,0.9660002859489307,0.008110973775390634,0.023760908860717325,0.008112950085975103,8.633576098482365e-08
432,0.17755071991324278,0.471608954312109,0.0204569189781641,0.07375704126702241,0.0204588003972726,-2.800867572039234e-07
433,0.1076190016501759,0.3809685165898784,0.01968754700646483,0.07494965213379658,0.019688798249479268,1.6501758987041981e-09
434,0.5607364547386549,0.8041718761245327,0.01369759484835937,0.057227935911705205,0.013698364621384053,4.5473865484257914e-07
435,0.3157890395654571,0.6179736030944174,0.02851365127041015,0.074940876628011,0.028520754877786048,3.9565457132795245e-08
436,0.4449073744542962,0.7115548421271305,0.019384895920253907,0.0588003009827649,0.01938682207411529,3.744542961814368e-07
437,0.5745034116755849,0.8020072784587693,0.014728807748544927,0.05774151292454219,0.014730211405119932,4.1167558495480705e-07
438,0.09066523135841609,0.37318658644356983,0.03190147690244145,0.10004961616461108,0.0319067543817178,2.3135841609178698e-07
439,0.07975498617540921,0.35993962885165615,0.028639409315429725,0.09012139057864037,0.028646353870526525,-1.382459079157794e-08
440,0.697854453307276,0.9087440700828654,0.02078324030683594,0.06614864925130967,0.020790428493535438,-5.466927239794472e-07
441,0.6146863277649544,0.8014130049364893,0.017033885166503924,0.057605149148213505,0.017036480074559185,3.277649543997896e-07
442,0.5770997256602177,0.7740350746491452,0.018511709516113282,0.05938509950299814,0.018516180742335544,-2.7433978222468625e-07
443,0.7948067361569724,0.9315529638126335,0.011188203159804695,0.03293122066064826,0.011189057239565188,-2.6384302764803635e-07
444,0.21585175185868355,0.507368471421115,0.023461063720898415,0.07895490898109525,0.02346580490464908,-2.4814131643902115e-07
445,0.044837936182109295,0.3837063536750873,0.03918959452166021,0.11607689744999712,0.03919278105349062,-6.381789070808441e-08
446,0.2910989696136319,0.6362866530331225,0.030349797339453106,0.09286354298093097,0.030353841894788673,-3.038636808838646e-08
447,0.6458196012923254,0.8051502202593998,0.01864977177910155,0.04701839884539548,0.018652202659121844,-3.987076745426421e-07
448,0.6690802895704612,0.8289016040467148,0.01363261012226564,0.04164038304968196,0.013634034724829791,2.8957046116495633e-07
449,0.31818132440789404,0.5875094525873317,0.018750562183398416,0.06688494607324147,0.018751616923972123,3.244078940478623e-07
450,0.3570640557772765,0.6051799507515683,0.014009261962207017,0.053884027605068344,0.01401163569022326,5.5777276519730634e-08
451,0.5406585283141242,0.7498286097574779,0.019432766368847613,0.05529511871394018,0.01943504894343634,-4.7168587580248555e-07
452,0.2512693285825107,0.5808901920237737,0.029559071146679647,0.0844154154600757,0.029567408904667785,3.2858251070022604e-07
453,0.21358652474213236,0.471405839998694,0.01680204308693358,0.07307761008579937,0.01680303390051162,5.247421323573143e-07
454,0.2261008416869379,0.5029366307039604,0.023874032027148467,0.079211329377245,0.0238768337157152,-1.5831306210412066e-07
455,-0.006178487526501186,0.3740200470194378,0.02196930508271485,0.07506201591218128,0.021971726947078007,5.124734988133303e-07
456,0.6451035763107102,0.8087633893088427,0.010559657709902352,0.03343612210291157,0.010560122957028267,-4.2368928976355136e-07
457,0.4789754363682752,0.7860961837318258,0.010527470761396495,0.055577077411788564,0.010528030751984526,4.363682752361875e-07
458,0.9280668123551257,0.9745887812443057,0.009162022140429675,0.027203052660050197,0.009163473841780722,-1.8764487430544818e-07
459,-0.03346026148314496,0.2593323926550288,0.02144543553271481,0.06589960939680224,0.02144810332072939,-2.6148314496293734e-07
460,0.3825566939855851,0.6670482397262483,0.02154027178037105,0.0687354924547203,0.02154291007593932,-3.0601441486366454e-07
461,-0.26851322572448466,-0.007730297175641523,0.014711424038053724,0.07562787101845213,0.01471155579439434,-2.257244846592954e-07
462,0.29533998766707925,0.5762796907004961,0.025576809432714828,0.08646175557068739,0.02557884605650402,-1.2332920740210085e-08
463,0.7547723373137927,0.8782030833459379,0.012415901496318377,0.029807969293940518,0.012416630463282915,3.3731379267543105e-07
464,0.6577594022299903,0.8416730618189502,0.013715934637597646,0.046443423896352753,0.013717456398712437,4.022299903150284e-07
465,0.9159549721280679,0.9636190249620703,0.0072327060801757785,0.02604184148431424,0.007233511677818039,-2.7871932095635543e-08
466,0.7764020103537456,0.8825720036345884,0.013122369508984369,0.054116104507368985,0.013125624385568751,1.0353745527602598e-08
467,0.2806656461453093,0.5371678529615016,0.023137435426435538,0.07771385636555209,0.023138761283010355,-3.538546907155826e-07
468,0.8218045021261803,0.9225483612250858,0.008097376253642586,0.02380418782628673,0.008097507651170465,-4.978738197269905e-07
469,0.4848299358582915,0.7621318790466981,0.024709221382910165,0.07030372565061438,0.024712711578936626,-6.414170850010947e-08
470,0.5537740563158853,0.7858781321480497,0.020165478478125005,0.05593288712893874,0.020167931679116142,5.6315885288427125e-08
471,0.6116744176953015,0.81393173271702,0.020210162047197267,0.05514867593669662,0.02021177123707561,4.176953014578544e-07
472,-0.021362140771182814,0.682476749317105,0.029228057876367203,0.0650783047395137,0.029233692392855847,-1.407711828146918e-07
473,-0.1717022415819478,0.45746467371791866,0.021993563974531272,0.07551850932813446,0.021995035730996544,-2.4158194780743436e-07
474,0.7193656998594684,0.8526912652054934,0.015019059492382813,0.05542283065965981,0.015022952346457789,-3.001405315394834e-07
475,0.27815800094452237,0.5738866961575964,0.024092160137792976,0.07372895139591427,0.02409918964005876,9.445223492221544e-10
476,0.8504058465834275,0.9332575617509182,0.01132540737148438,0.03801730838340139,0.011327072789863966,-1.534165724459413e-07
477,0.3547015821305063,0.5976701005022712,0.021133083537841827,0.059711002846329964,0.021135134383493213,-4.178694937295724e-07
478,0.6376253008878298,0.8007328280535645,0.014722309640429735,0.03735785442100324,0.014724248894685559,3.0088782976278594e-07
479,0.6461300092670392,0.804549305178689,0.013446782978906235,0.050959973296906255,0.013448480716456728,9.267039247085052e-09
480,0.39546582680364084,0.6480592965625661,0.020040604786718774,0.0625185933890089,0.020045444175892616,-1.7319635914336828e-07
481,0.6428101000836812,0.804230866648574,0.015465729421386718,0.055550555903140036,0.015467471425248274,1.000836812314887e-07
482,0.4095828253801487,0.8255497608679649,0.02027361808714845,0.0708997190077608,0.020274294305823577,-1.7461985130085012e-07
483,0.8027800025129073,0.9059824204792044,0.014319612944531256,0.049595127489200024,0.014324519476349025,2.5129072156460097e-09
484,0.6419923266263066,0.8206617613747872,0.017141014811523417,0.061370364508786725,0.017143246018707346,3.2662630655710956e-07
485,0.4770779111371076,0.7823547108596267,0.010575029973945306,0.056067155688901735,0.010575596465816814,-8.886289237786116e-08
486,-0.045930092544442136,0.31119069635190716,0.02168946817802735,0.06587215946180772,0.021691805749921196,-9.254444213735447e-08
487,0.4455886979540231,0.6961968487790385,0.025641167016992213,0.08080241194256825,0.025643997937420917,-3.0204597689653667e-07
488,0.8126522456002656,0.9113925991600641,0.011298772403222662,0.03645563207901807,0.011299948848807275,2.4560026556930126e-07
489,0.3054251207429711,0.5745032079854926,0.014847541006835946,0.04938254293981179,0.01484874197264123,1.2074297112141252e-07
490,0.26652283332663806,0.5564069154198841,0.029232684420458985,0.09032660385197452,0.029235175338671624,-1.6667336194542415e-07
491,0.7423434803875936,0.863835775466452,0.01351059423828126,0.03285206533590033,0.013513073056133066,4.803875935932567e-07
492,0.3038103496952421,0.580972208510631,0.017940057798720734,0.0619180112783635,0.01794108291523988,3.4969524209671476e-07
493,0.08221501439880696,0.37449360156022415,0.02921054957685546,0.08624242280837048,0.02921454816037635,1.4398806966187117e-08
494,0.5393319066559461,0.845368679625163,0.026526589749609357,0.0697620508997819,0.026530197413403282,-9.334405393079948e-08
495,0.26194078767276563,0.5504806287767099,0.03232425462294924,0.10340765546837138,0.032328103393573795,-2.1232723435016254e-07
496,0.36066171866226737,0.6839262342849958,0.022962036266210895,0.075538566852806,0.022965713662593975,-2.813377326105204e-07
497,0.5223676097653831,0.7340858167223655,0.01379743580820311,0.03962388328845208,0.013799209553079379,-3.9023461695375516e-07
498,0.23883760439064394,0.5417176473286303,0.02882520115292968,0.08650571889043823,0.028834927266168323,-3.9560935605198466e-07
499,0.3542899628461449,0.6209463144552536,0.017903931542480447,0.06601282837953602,0.0179065275341471,-3.715385510361102e-08
500,0.3713638909954916,0.6188584129757995,0.016384315016796838,0.06080403176115184,0.016385389084458503,-1.0900450841955234e-07
501,0.8722720735866918,0.938353747464142,0.012282005557714845,0.040752599423230375,0.012283526214039449,7.358669174006849e-08
502,0.19958617355545805,0.48584176995157097,0.02557449119361328,0.08592384569112933,0.02557529102835957,1.735554580328813e-07
503,0.2201703592693316,0.5198617964866076,0.016577657346308575,0.06455174830813694,0.016578075891332793,3.5926933159013963e-07
504,0.3713882764717963,0.6554788895421042,0.022065577268261718,0.08078961089564549,0.022068234850891398,2.7647179628997876e-07
505,0.2219994880209979,0.49510047942574303,0.024453270522070303,0.07438909397211665,0.02445900938346816,4.880209978908034e-07
506,0.6142866779179872,0.8297456665085674,0.0201836510685547,0.05519656201297206,0.020186364556013775,-3.2208201283800975e-07
507,0.17330525076119374,0.7311700062757972,0.035370443776562475,0.09459583618992098,0.03537716109993151,2.507611937541121e-07
508,0.4641778254949138,0.7074102836508579,0.02353450684374997,0.07938760718528734,0.023542429483374292,-1.7450508615901583e-07
509,0.5085847541565267,0.7225184217951676,0.011294930941640642,0.03586104419250611,0.011295098919302093,-2.458434732455217e-07
510,0.8979819779649414,0.9625403880771634,0.009272708369531254,0.024334456611609035,0.009273820040887195,-2.2035058555580633e-08
511,0.390470421777802,0.6314947674250636,0.02303685196874999,0.0633517152708357,0.023040867079463602,4.2177780201768655e-07
512,-0.1580246053437817,0.18109441564869364,0.015329717003124995,0.06188845401651246,0.015329958967518148,3.946562182888247e-07
513,0.1386333010883768,0.41126271199275755,0.02056815006015623,0.06686407082990055,0.020569248198426114,3.0108837678621825e-07
514,0.7926554221631988,0.8929596112172499,0.01721003859648438,0.04651583379947019,0.017213008630550246,4.221631988432506e-07
515,0.5560555756523747,0.7572337739337267,0.026155529922753912,0.08005796322838098,0.026166603359779755,-4.243476252607792e-07
516,0.14793940932174177,0.4443929222072434,0.025694022308984387,0.08931786655707716,0.02569679355655838,4.093217417788786e-07
517,0.8973773366782329,0.969015757961846,0.009328553949023438,0.032159150996828666,0.009329916091582036,3.366782329594642e-07
518,0.5949100512969351,0.8027780228438027,0.022598602136718788,0.06598092104419163,0.022602141360830198,5.1296935033029456e-08
519,0.16257133417904956,0.4472630977932184,0.015285174433505855,0.061416531995668676,0.01528667080092061,3.3417904957144806e-07
520,0.767769533532126,0.9006834989976357,0.019656626794042977,0.052606946793250405,0.01966350460619836,-4.6646787399406975e-07
521,0.20929038013196577,0.48863630892108084,0.014505968322890608,0.05982697432880639,0.014506445580308136,3.8013196576591746e-07
522,0.1437809462375106,0.42063490687618943,0.019054108106796887,0.07483805047325648,0.019055775894790725,-5.376248940480721e-08
523,0.1431288785826199,0.4033304743095648,0.022500317231484355,0.07070575387287668,0.02250096516635216,-1.2141738009452396e-07
524,0.4783316791476897,0.719669540695934,0.015758390673535162,0.06898904126649666,0.015761739841501213,-3.208523102760097e-07
525,0.14938541822238516,0.466024822189906,0.02307752112399415,0.08861721980529533,0.02307826382244935,-5.817776148331344e-07
526,0.026544818154394023,0.29266615972637516,0.028846007929082,0.08958054276331916,0.028847056643344856,-1.818456059760054e-07
527,0.23624881215899696,0.5090347646970548,0.02652738116123049,0.07644174321411461,0.026530590821495836,-1.8784100302982054e-07
528,0.28717118088869054,0.7152119918572967,0.03284582231074225,0.09858208895440494,0.032850855797709626,1.8088869052634848e-07
529,0.12744406747512171,0.3796661150842928,0.02320457838513671,0.0718547967337065,0.023205327141217234,6.747512171223491e-08
530,0.5408667995990648,0.8065862688814477,0.015520656561435536,0.05306759498591846,0.015521449488496744,-2.0040093517970092e-07
531,0.6887823339820704,0.8497613044227112,0.013954911535253899,0.05294261966763231,0.013958782530385972,3.339820704439944e-07
532,0.4311383625073255,0.6622030346808059,0.016995035757480455,0.06629100597037853,0.016995967478627107,3.625073254909239e-07
533,0.15276117882646512,0.3950894512662311,0.01883593614907224,0.06847128184240406,0.018836996878826742,1.788264651081395e-07
534,0.7502028967321017,0.8756028268284167,0.01581659520488284,0.05599510524102285,0.015819294326101276,-1.032678982326729e-07
535,0.38254324475066925,0.6290437308414306,0.01569517001145506,0.06559046714256417,0.015696296231383144,2.4475066923157485e-07
536,0.17651606630820127,0.45883562343886675,0.015090353573066397,0.057567192175153846,0.015090643815946101,6.630820126307668e-08
537,0.5505515597131949,0.7632504372489954,0.018973501546152273,0.05499044267922543,0.01897534063597696,-4.402868051256448e-07
538,0.21176951260963528,0.4694704344072874,0.01850719127804682,0.06450348274261364,0.01850855872368073,5.126096352670029e-07
539,0.7767378967480449,0.8871637500748404,0.016603009197070324,0.05498844839298643,0.016605984456432816,-1.0325195509697238e-07
540,0.901520219026275,0.959649486813534,0.009814626722460928,0.030685417791554665,0.009816277921514988,2.1902627500569594e-07
541,0.16903964844228325,0.43122595017747134,0.021328391067412057,0.0802755810737362,0.0213295417665423,-3.515577167434447e-07
542,0.48905668383936707,0.6998748750623937,0.01896644701347653,0.06258809420728949,0.01897083584805497,-3.161606329515898e-07
543,0.9038630508913443,0.9549168449639168,0.010818393207714834,0.028654583392026336,0.010819936230164669,5.0891344360870505e-08
544,0.047034920521124346,0.4278258749220036,0.02517096991796876,0.07467820814538903,0.025174054172598638,-7.947887565445955e-08
545,0.18618839883743765,0.45156659956536743,0.01971697811860354,0.07320277175036762,0.019718649369970278,-6.011625623414396e-07
546,0.2757537272579683,0.5431513651927727,0.017105481458232444,0.06068406726162918,0.017106871056895418,-2.727420316817053e-07
547,0.14904958108146937,0.4088374189714962,0.011631998880068363,0.05270204070431314,0.01163249288330886,-4.189185306147092e-07
548,0.43084920194718324,0.7210214476505128,0.025459734800292996,0.07932261724792808,0.02546308832467368,2.0194718325372563e-07
549,0.05492197728427839,0.2732624053743967,0.01739594260684568,0.07646452171474803,0.01739635450433244,-2.2715721609278816e-08
550,0.8852886934752541,0.9417053009922183,0.007467795123134766,0.027533214070068205,0.007468152252266551,-3.065247459188569e-07
551,0.3396984577829151,0.6299862641218427,0.024466580167187474,0.08754419204275316,0.02447030917557946,4.577829150753665e-07
552,0.49850445202492966,0.7660872951642045,0.0220187999553711,0.07409735123336267,0.022022556419898587,4.5202492965357166e-07
553,0.456796547127023,0.7022019654859425,0.020882278062304672,0.06792871387610827,0.02088492540829902,-4.528729770081341e-07
554,-0.212461429034287,0.3043734528356665,0.013875132230888678,0.06340954767150339,0.013875352265669891,-4.2903428698615187e-07
555,0.24424622130745421,0.5671988889206097,0.02927521895751956,0.09546023658653822,0.029283103904703872,2.2130745422344056e-07
556,0.4046873261346542,0.6702739066675345,0.02018393639839842,0.0809145155008704,0.020184656218764176,3.2613465417163923e-07
557,0.3835924226758235,0.6600105751845469,0.022309975656894545,0.05494566826930914,0.022311915629541677,4.2267582350818955e-07
558,0.3489184690244608,0.6206745355296959,0.013899424518642583,0.050709544980542184,0.013899723056338397,4.6902446076968474e-07
559,0.12550050421469106,0.41746834981358305,0.021416860382421923,0.06335445443780975,0.021420404668981707,-4.957853089460063e-07
560,0.8395277562643556,0.9416253236245307,0.008441374453222647,0.03025410013858687,0.008442336736935166,-2.4373564444513107e-07
561,-0.07906539229073317,0.3657268675987538,0.01819109811455081,0.06481813340585528,0.018193744454721102,-3.9229073317548213e-07
562,0.2829505721909178,0.6295672511895781,0.014287920538574243,0.05913230061430427,0.014289751287208104,-4.278090822151803e-07
563,0.156142730773697,0.42165958468533377,0.02463990815838866,0.08406226104022144,0.024641383828357982,-2.69226303001302e-07
564,0.38507090303186786,0.6845622088950212,0.023407290963671883,0.07281940109969283,0.02341135203492284,-9.696813213500022e-08
565,0.5783807563896322,0.8091177188813142,0.013943881005957032,0.051288433105584286,0.013945889004785385,-2.436103678782331e-07
566,0.5995451194173356,0.7815693533715998,0.015935655910644504,0.05110253973160725,0.015938104044864867,1.194173355756334e-07
567,0.6399698431223874,0.8586255935950194,0.019513773920605458,0.06216253901418953,0.01952014728382989,-1.5687761267813016e-07
568,-0.27386774608535935,0.236016358035427,0.02084048909002931,0.06482877469019678,0.020840819197976587,2.5391464064661307e-07
569,0.6351410774772765,0.844432578991646,0.012966595273964855,0.04200243288151841,0.012967598096709762,7.7477276594351e-08
570,-0.050671888444947966,0.3459128549527746,0.017033952492041007,0.06579509972127959,0.017034558630696615,1.1155505203613858e-07
571,0.7165896440395623,0.8528432454343353,0.010861930958085946,0.03804608351372494,0.010862123668887502,-3.559604376812686e-07
572,0.9521310869072331,0.9766373876198597,0.00759865572978516,0.01920511610227888,0.007599643527651062,8.690723318771632e-08
573,0.29289977864373373,0.5747046397818699,0.025009770836230433,0.08252867062131637,0.02501261107574709,-2.2135626626118565e-07
574,0.3393699623823171,0.622491925205868,0.024394756158593767,0.07788070360226727,0.024399922337070248,-3.7617682913104744e-08
575,0.09298271225373356,0.39670068937786496,0.041966192954433566,0.10743547670734273,0.04197034595290248,-2.8774626643912615e-07
576,0.8409260145493561,0.9343047009872627,0.014284100919335938,0.046748565049803695,0.014287604059827595,1.454935616429509e-08
577,0.3286156188223134,0.6789081874468906,0.01774574702492186,0.07396499562881695,0.017746096354699068,-3.811776866369243e-07
578,0.6791057650992545,0.8488985037736483,0.014870265520996098,0.04215426061752194,0.014873242337982427,-2.3490074552157125e-07
579,0.5482685374716058,0.7418644419608579,0.014154808708046864,0.04090778756443681,0.014155698798144642,-4.6252839425164893e-07
580,0.17155768028845642,0.4457413486362855,0.02448670460468751,0.08044661948714403,0.024489612190220902,-3.1971154357268716e-07
581,0.20959105652875398,0.473435537022324,0.02158228079479493,0.07821331224725965,0.021582865183244065,5.652875398332036e-08
582,0.6865460762864345,0.8303491301626581,0.015510286465332033,0.04911237822023485,0.015512517837089028,7.628643450274808e-08
583,0.36341522252358316,0.653471851389013,0.025387051462206985,0.07330042258121724,0.02539310706309937,2.2252358317098597e-07
584,0.13597017805656464,0.4390295113508546,0.039806850009707,0.10605872411254845,0.03980998499984615,1.780565646314347e-07
585,0.1445400014345204,0.4301296661628122,0.017838242528974528,0.06931168804098813,0.01783939191510862,1.4345203913634919e-09
586,0.5119485428686952,0.7197416281434154,0.014990231530996097,0.04424103912526659,0.014991393390368703,-4.571313048096215e-07
587,0.012113353658281478,0.3354995934175779,0.01761721685176759,0.06412294424684356,0.017618088200478933,3.536582814777506e-07
588,0.9062006372846476,0.9539572240712352,0.007528649869423826,0.02436058014819677,0.007529143718910476,-3.6271535241994e-07
589,0.18713776004603333,0.51573284241198,0.038942956670800784,0.1122202311068093,0.038945892670012056,-2.39953966668649e-07
590,0.5933598124509553,0.7966344256154557,0.012022676879296878,0.05472112270152763,0.01202405745271586,-1.8754904473894385e-07
591,0.35999457384494804,0.6034016135832799,0.011296875637929677,0.05329341852638686,0.011297200019743528,-4.261550519690793e-07
592,0.45150085359571535,0.6750546398168168,0.014752942587832017,0.05902507975672079,0.014753647285319511,-1.4640428463996713e-07
593,0.6202477704316034,0.8150442249455693,0.01809980026220704,0.0628400864290013,0.018102022060949945,-2.2956839662580109e-07
594,0.20244285335505252,0.47907340273415056,0.030278936789453155,0.09856482423448956,0.03028515983558094,-1.466449474907261e-07
595,0.8485216350896891,0.9216673758845584,0.009297621814384757,0.023690534877305516,0.009298289738338546,-3.649103108571694e-07
596,0.9295968410373865,0.9702765209240191,0.0068292684618164,0.023980914961251446,0.006829863802876658,-1.5896261351677765e-07
597,0.28076764615800065,0.5338564004907942,0.01624703383457031,0.055137813480968356,0.01624745913439712,-3.5384199936761007e-07
598,0.6270738201824775,0.7932455620336585,0.010482559120537091,0.035886491338401535,0.01048269825686692,-1.7981752253870553e-07
599,0.3910754483041269,0.646057060262987,0.02001870937162108,0.07102616445183073,0.020020400371314574,4.483041268765753e-07
600,-0.34632070186811803,0.1321557329443161,0.01943048524968746,0.08003430607028947,0.019430787522207546,2.981318819594847e-07
601,0.27825424945508126,0.6158394768715432,0.02675965102480472,0.08863766946910513,0.026760896763281677,2.494550812581764e-07
602,-0.16304900464719996,0.045905269939892863,0.020003510550371043,0.08346678072013662,0.020003846397148625,-4.647199958185411e-09
603,0.5004352832074721,0.7112777911025264,0.0240108527123828,0.06905994957879155,0.024012611055277536,2.832074721403899e-07
604,0.3003465832144431,0.5684906980173314,0.026883562185195307,0.07746091832640074,0.02688576841306896,-4.1678555690038976e-07
605,0.7561151263762067,0.8916659110233133,0.02152891990576171,0.06309456777223753,0.02153329367515981,1.2637620672162342e-07
606,0.4372271905827402,0.6797784933805602,0.018849519159472656,0.060178313183316685,0.018852202253913156,1.9058274020045118e-07
607,0.6261920848055083,0.7924079697394724,0.022330702410546903,0.04918007214610717,0.022335976316500424,8.480550828249278e-08
608,0.7172786107083767,0.9202037209514389,0.017270740430664042,0.058741603623593534,0.017273605271917274,-3.892916232706156e-07
609,0.5150421025364745,0.7630144631540313,0.016080569695800802,0.06194094335362318,0.016082285648339596,1.0253647453328796e-07
610,0.07908948629011014,0.37434001764494185,0.023817141084794914,0.0774053863097688,0.023818141133513965,4.862901101382322e-07
611,0.23993682621302392,0.5151096914020274,0.015837134026865235,0.05029394405007351,0.015837471753348386,-1.7378697608760874e-07
612,0.25878960786476035,0.6903523666158599,0.04047254857060546,0.1074308229548133,0.04047740944603746,-3.9213523966852293e-07
613,0.7701168543825454,0.9198880701565341,0.010683342109179716,0.038476756727989614,0.010684490702614737,-1.456174546499156e-07
614,0.602338987810233,0.8089036657202852,0.027422668260253903,0.08827208649139003,0.02742817399441869,-1.2189766973591531e-08
615,0.36851568276794566,0.741824694614665,0.027547746277148438,0.08560048557564935,0.027551484655446882,-3.172320543476381e-07
616,0.24126107276743292,0.5467531845454208,0.032386741205175776,0.1040039318730958,0.03239233980972917,7.276743291262378e-08
617,0.6220100928740733,0.8021129191917512,0.01224839989192384,0.04201758927556663,0.012248724668205778,9.287407332081443e-08
618,0.8835640031313674,0.9402979749003163,0.009719061528906269,0.030877278619836784,0.009721089166321995,3.1313673876098846e-09
619,0.6635195820236188,0.8228401102931209,0.014913643232617166,0.04699715677592749,0.014915178099900785,-4.1797638117291314e-07
620,0.39947200709721153,0.6515714151953187,0.03523163745703122,0.09627775311558591,0.03523678223161037,7.097211540685322e-09
621,0.3998256198202116,0.6386367126412626,0.020253059317187495,0.06411954848575958,0.020255280104072577,-3.8017978842841416e-07
622,0.7875001976678287,0.9055527109199392,0.010205053016494148,0.03688374110232444,0.010205511536860334,1.9766782877184141e-07
623,0.07763118781785494,0.29263311138495424,0.015095216637392578,0.06918998790572571,0.015095392758208011,1.8781785493526826e-07
624,0.43279198593323287,0.7091250626101512,0.020998692510673867,0.0664645272977403,0.020999595782456946,-1.4066767139997438e-08
625,0.3659702866369836,0.6280951781553468,0.01736864804693357,0.06183980828395952,0.01736954729201946,2.866369835929916e-07
626,0.7629328315359609,0.8922733867511226,0.011683157998535143,0.03183687021425976,0.011684669710858254,-1.6846403905201868e-07
627,0.15326556404686054,0.47503953261181064,0.01580865150882814,0.05996365791357293,0.015809677909954602,-4.3595313947708547e-07
628,0.6114115754196054,0.8467585505309455,0.015808294062207035,0.0486766901082942,0.015810051018947724,-4.245803945090998e-07
629,0.2243166132903347,0.48243615024129394,0.019038642750966783,0.0684007758508234,0.019040296515722564,-3.8670966528986384e-07
630,0.20350728700787113,0.46100604586551447,0.020271603192236372,0.07779836017616873,0.020273086729689686,2.8700787113589143e-07
631,0.720014782599862,0.8535386670018572,0.013645776306738279,0.03495027980253324,0.013647166098651133,-2.1740013800286562e-07
632,0.6086775905304224,0.7843325998639303,0.017715400760058585,0.04691167116260462,0.017718188321875432,-4.094695776890589e-07
633,0.40320417179426626,0.6622395868097969,0.018719685286367173,0.06337283116281692,0.018721144373981334,1.7179426625713035e-07
634,0.8956099593367943,0.9515267543276631,0.010699767792089844,0.030315549356622135,0.010701544158527188,-4.0663205691515714e-08
635,0.778119583997892,0.8843590222817498,0.013276151581738288,0.03886405180798983,0.013277484643852026,-4.1600210798353743e-07
636,0.2703877204293468,0.5273105719173315,0.016403816395410168,0.06241881948711178,0.016404767807472263,-2.7957065323880315e-07
637,0.49120946613332817,0.7183571393207427,0.02159667235849605,0.07429513778553658,0.021599327926746792,-5.338666718146534e-07
638,0.21645636660913647,0.6187179813533502,0.027750737637988274,0.08721471881498656,0.027755719881300843,3.666091364651347e-07
639,0.2540347585569094,0.514922166678204,0.029794587283232393,0.08530648830604365,0.029796221221297166,-2.414430906316767e-07
640,0.13377366674366697,0.4117046019073781,0.0265260075799805,0.07346704824757308,0.026531728544970982,-3.3325633302938584e-07
641,0.10619617659109903,0.4503276002378923,0.024059891113281235,0.06672815181869417,0.024067091161455514,1.765910990353392e-07
642,0.5013008822436471,0.7117088427591788,0.0161667712203125,0.0522146347388407,0.01616876103212267,-1.1775635289090758e-07
643,0.18538171980949847,0.4812500614449847,0.015719865982988267,0.05096618288821936,0.015720983357068292,-2.801905015226147e-07
644,0.6565226238995003,0.8323265356185017,0.01372535530439455,0.03922199219503842,0.013727106704757689,-3.761004996327699e-07
645,0.05708747680774828,0.49846792552720354,0.018804932679726518,0.06907654951883901,0.0188059765859465,4.768077482841804e-07
646,0.12460753651443679,0.48414950216445124,0.030907153090371058,0.09765554700329832,0.030910216720954602,-4.6348556320685574e-07
647,0.29159007547873417,0.5588610052994039,0.023135406448642534,0.08135436802062826,0.02313666075342419,7.547873415170159e-08
648,0.21043461801447205,0.5288431562072433,0.020661696406162153,0.058779413640816076,0.02066275855253651,-3.8198552795853935e-07
649,0.5281742393310531,0.7386317168149872,0.022618699386230453,0.0615668773685852,0.02262274819531089,2.39331053086822e-07
650,0.4183370479186068,0.6598735306641517,0.017939233359570334,0.06884334701527105,0.017941529263509916,4.791860680475324e-08
651,0.19853021277199645,0.5158339669075039,0.033651004243457044,0.0988370398467518,0.033656037588018425,2.1277199643843225e-07
652,0.29848482119969555,0.5871045260767385,0.01898340568676758,0.05886035731123639,0.018984267722497894,-1.7880030445116546e-07
653,0.407413286693719,0.6630144482377607,0.025082698954169962,0.08643519530032576,0.025084200565153238,2.866937189871521e-07
654,-0.02362566667134436,0.24338071316979717,0.022169967830712872,0.09280743855033445,0.022170352153324042,3.3332865564256187e-07
655,0.3003793598759741,0.5683771001161886,0.017403937520068417,0.07077606873143681,0.01740548406660156,3.598759740763846e-07
656,0.19525619729122656,0.4895606099358442,0.01796531996856442,0.059021869277124606,0.01796623501963623,1.9729122655021136e-07
657,-0.09508030470215822,0.18408446966633768,0.02499276295266606,0.07940761623942105,0.024994727090559814,-3.047021582269771e-07
658,0.5823156441418134,0.772814668141947,0.014061364638369132,0.044302454553896906,0.014061844515265574,-3.5585818658478985e-07
659,-0.039750573887230356,0.3861851409766657,0.018485788498164093,0.05240772356019619,0.018486065880843193,4.261127696456035e-07
660,0.22693312948345912,0.5066419713749009,0.020820913299414077,0.06920979507998784,0.020825131975514173,1.2948345912144887e-07
661,0.4329910516575125,0.7331582607248411,0.029886759177441415,0.09511992929590396,0.02989111449216961,5.16575124898111e-08
662,0.031187092493894397,0.3810524644927644,0.03487944333271484,0.10983889103859584,0.0348822384918321,9.249389439774935e-08
663,-0.0018840375680020394,0.21820862201412225,0.031235746731738262,0.0969929984809149,0.031237902639642122,-3.756800203932355e-08
664,-0.3416245567115752,0.5518967176127992,0.019633115876269546,0.0657931483979811,0.019635168876512316,-5.567115752280749e-07
665,0.41752400915324017,0.6831542775099507,0.02254232491054691,0.06757654755926257,0.022547885446831742,9.153240165815646e-09
666,0.22322901421652508,0.6341090142199746,0.05368799412578121,0.12143138837536654,0.05371094328108333,1.4216525068277974e-08
667,0.4142787927609858,0.6444258305144331,0.018004157411318354,0.06719328560484149,0.018004643969897274,-2.072390142271452e-07
668,0.5791758546378125,0.7725109702836614,0.018188995350488305,0.05218391029475666,0.01819405223629675,-1.4536218750915708e-07
669,0.35795995768633415,0.6136647481433333,0.02240310141214843,0.07066743300801301,0.02240442627481963,-4.231366584894758e-08
670,0.6197361697906069,0.7991402062590552,0.010709913633984401,0.042977188393097776,0.010710327501709999,1.6979060690758274e-07
671,0.3911333825609684,0.6486316429653849,0.016950798528710908,0.05641333588399303,0.016954146711592587,3.8256096840383336e-07
672,0.23358478725739795,0.5111186421421581,0.028598536074697214,0.09232021585410492,0.02860111579809841,-2.127426020348544e-07
673,-0.25491991371140754,0.07945102143560652,0.03146319926557613,0.1012683816586774,0.03146576715379449,8.628859243797748e-08
674,0.49339355417696984,0.716452357074882,0.011667395079394523,0.046060766869532144,0.011667616815101494,-4.458230301596089e-07
675,0.7103157545161127,0.8584877010056161,0.02443119239091798,0.05712831310158341,0.0244338473581116,-2.4548388721790104e-07
676,0.3956418752410017,0.7076862464886223,0.021201681583007826,0.07079241808903004,0.021206683368019657,-1.247589982988906e-07
677,0.7227551965483454,0.8618898285804482,0.012140877942773406,0.05171113056121883,0.012144159995522227,1.9654834537696786e-07
678,0.7317351579443043,0.9088083958082654,0.019785224779882826,0.05395064412617651,0.019791763196668356,1.5794430430204898e-07
679,0.30017155966549613,0.562702628099668,0.01666935743699218,0.06681053097249139,0.016670755445043435,-4.4033450385949635e-07
680,0.6965868736593901,0.8372961463855657,0.014743379171679671,0.03333043609426433,0.014745745744431112,-1.2634060986282947e-07
681,0.28485024319406627,0.5899038454593749,0.02599039673776366,0.07727866389353881,0.02599287210811556,2.431940662739329e-07
682,0.5208060484420348,0.7286203240087856,0.022911967195410148,0.06266648389564954,0.022916290197725175,4.8442034827900216e-08
683,0.1980539255057615,0.5380867303629192,0.02609956297001951,0.08983861677519435,0.02610269339817175,-7.449423850003356e-08
684,0.2794960249554528,0.5472273841031278,0.027975893465039058,0.08451783640717282,0.027985096204410826,2.4955452759822805e-08
685,0.9099424225687305,0.9580967405247185,0.006833943373652339,0.017413348639467266,0.006834277165284856,4.2256873045154464e-07
686,-0.05914903050307663,0.6806713321634604,0.022251655397617205,0.06265453810255776,0.02225319739777083,-3.0503076627053094e-08
687,0.5954969228812296,0.8165412901363052,0.016348029959462884,0.051104669297473135,0.016348514224034237,-7.71187704806664e-08
688,0.19924454612084497,0.48895250701543835,0.014475362801464827,0.06458197202641859,0.01447568797839784,-4.538791550379173e-07
689,0.8658269540657764,0.9338559868962274,0.008279592276171886,0.03570515371280362,0.008280444928490973,-4.593422364695954e-08
690,0.12412727108202237,0.39886778303540377,0.02068055491494139,0.06953049239763455,0.02068474719401046,2.7108202237113854e-07
691,0.3351350747938141,0.6029427208909715,0.033184917646582095,0.09162397975309708,0.033189430181077804,7.479381408659336e-08
692,0.07621582203967048,0.34302531343046316,0.033954345538632816,0.09996043151101879,0.033956397579427026,-1.7796032952821506e-07
693,0.21956658579824095,0.6793707213256193,0.039013191984541035,0.11183208225935491,0.03901687409746876,-4.142017590580416e-07
694,0.7234489419190644,0.852263869834038,0.014506276573632815,0.034829013232479174,0.014508540777957477,-5.8080935616544593e-08
695,0.365729262695092,0.6602271264233747,0.030278144765527374,0.09089352146932098,0.030289669136523083,2.6269509195708807e-07
696,-0.26082747033472353,0.14750092540856755,0.017201013994267624,0.07283176054195495,0.017201236016641322,5.296652764719134e-07
697,0.8264570939316329,0.911601049975192,0.010884278092285165,0.039443202348201256,0.010885778745871287,9.39316329162665e-08
698,0.32987257999251196,0.5901278002269097,0.01981909960363282,0.065238727482236,0.019820125858830393,-4.200074880666982e-07
699,-0.052487229098257426,0.06722161477799342,0.019444559338867153,0.07864394004200718,0.019445120938460708,-2.2909825742739587e-07
700,0.5308542507141516,0.7586456850569265,0.027655920984863285,0.08514870501127207,0.0276653838270394,2.5071415155064614e-07
701,0.8061075405194569,0.9239440659860857,0.009749279438964841,0.03219676079847749,0.009750738016762111,-4.5948054316902187e-07
702,0.10925796812396493,0.42703065493173725,0.026965379673349613,0.07295840186210233,0.02696607626453727,-3.18760350614955e-08
703,0.4317381122589039,0.8481917906674078,0.027480600599414,0.08394573689280425,0.027484768579366273,1.1225890389487958e-07
704,-0.0965186063710004,0.41129440815155077,0.021304551382343755,0.057932027041120666,0.021306252560477693,3.9362899958983455e-07
705,0.537471277297737,0.7565361410812552,0.018627259808300812,0.06460176317164723,0.018628062270761518,2.772977369946972e-07
706,0.28627216414193357,0.5469325818593548,0.029786930005175755,0.08402872456715998,0.029792434336173967,1.6414193354519213e-07
707,-0.3686284480988351,0.2033982510804959,0.026604188303662124,0.08104333357788683,0.026604705908059304,5.519011648802419e-07
708,0.553655883492379,0.7485272230656195,0.025506964530371122,0.06814046507047276,0.02551116292031073,-1.1650762099524314e-07
709,0.3313349725054985,0.5821425474088472,0.02030205327578127,0.06515189071748115,0.02030440220476341,-2.7494501508851243e-08
710,0.35822740581812307,0.6234892470770304,0.02073526027637696,0.07536254775165806,0.020736009854932243,4.0581812305040543e-07
711,0.3864200638870331,0.6717071391350108,0.03697938006660156,0.10286376285629945,0.03699621440964892,6.388703310822308e-08
712,0.00027011933169229785,0.2974534122183611,0.020234714388007814,0.07180062348697544,0.02023565470650498,1.1933169229784478e-07
713,0.11741419198354763,0.39173803919731043,0.038567176295527326,0.10780378590799092,0.038569431542756265,1.9198354762883785e-07
714,0.754322801399874,0.8710542611457934,0.020310270166503868,0.05217207442838678,0.02031725161707558,-1.986001260112502e-07
715,0.12106755295075222,0.5500061419997161,0.024422510927138655,0.07186077100340757,0.0244243087814571,-4.47049247773168e-07
716,0.2536659284947058,0.5485836583754526,0.015798438614355464,0.05424799168650786,0.015800195948489304,-7.150529418575857e-08
717,0.7759444937055431,0.9076090855861355,0.012914931984179695,0.04252863050950296,0.012916768761614366,4.937055431142312e-07
718,0.7903119063677513,0.9071330103774107,0.016738543197265608,0.04918255767491708,0.01674150647572067,-9.363224873215614e-08
719,0.25315885852766773,0.535044161145529,0.01697925788660156,0.05599937743340863,0.016980315975936872,-1.4147233229344636e-07
720,0.8783449261043756,0.955411329482103,0.008138405540332036,0.027219962686426777,0.008139243765234744,-7.389562439730213e-08
721,0.7373257356392546,0.86544305335937,0.0094970780569043,0.032712664256605975,0.009497589493550696,-2.643607454055896e-07
722,0.9321497063927096,0.9694321471930191,0.0055709945339257804,0.020335922802126656,0.005571249115886867,-2.936072904802245e-07
723,0.6454475149737646,0.804103284645705,0.019255047510742147,0.046048893124657146,0.01925701525225737,5.149737646314989e-07
724,0.32730598760814866,0.5980736715179886,0.022817739913964866,0.0728944766404719,0.02282034049258299,-1.2391851322846037e-08
725,0.8140987614248822,0.9181296093305794,0.008243651333691409,0.02462366176202321,0.008243786855529348,-2.385751177724771e-07
726,0.34176868062230614,0.6053433807334578,0.01919523115416993,0.07673007552690135,0.019196294504301516,-3.1937769384704495e-07
727,-0.055656510478649945,0.23299016051928484,0.017450877235615198,0.06631985941369985,0.01745133135782457,-5.104786499482428e-07
728,0.31980934689667395,0.6189440022831659,0.020912832556640597,0.048173794990266805,0.020916485030906366,3.468966739417212e-07
729,0.5025675702372173,0.8201577838748833,0.01810702438720704,0.06274810576496116,0.018109401356602443,-4.2976278269435397e-07
730,0.6427970553378315,0.8897329754115008,0.012496083126181612,0.046190592905921646,0.012496933974307631,5.533783153932603e-08
731,0.3550561918318488,0.6112113336858187,0.021158800614746086,0.07390783409307537,0.021161337173445857,1.9183184879478787e-07
732,0.39847274924775244,0.6335602613771184,0.012868279160712898,0.049585310483342276,0.012868670705976278,-2.5075224757697967e-07
733,0.4612124074561166,0.718031214297451,0.024562559224511723,0.07708101717428137,0.024566085202090603,4.0745611656900493e-07
734,0.6202154218678129,0.7883829898795717,0.013114354520439454,0.03421356226224442,0.013114709539954554,4.2186781290531883e-07
735,0.6329578977628341,0.8019037220243976,0.019008034178027343,0.06564822573667958,0.019010888893026386,-1.0223716595536558e-07
736,0.4149833821153446,0.6564218915901039,0.014910308506523424,0.058196529113704557,0.014911183521761722,-6.178846554405482e-07
737,0.8661338858506047,0.9435871496759459,0.008936766592871091,0.035776079682290886,0.00893772724571487,-1.1414939526943613e-07
738,0.6434550198403434,0.8222957775069833,0.014593161834570307,0.05192086915717188,0.014594718008053691,1.984034336821594e-08
739,0.373293734067752,0.6161647857468242,0.015801079579667962,0.05864246202675233,0.015801434874299053,-2.6593224800031123e-07
740,0.7890624174357344,0.919022089155294,0.016773314846874988,0.04896696515106907,0.016775942357037932,4.174357343122992e-07
741,0.5259017324843513,0.7335787756755193,0.014580971641552736,0.04732673217651471,0.014581269730095145,-2.6751564863314314e-07
742,0.26914015463465946,0.5203962133158353,0.018035940876650388,0.06165392508212536,0.0180370589654371,1.5463465946607968e-07
743,0.3234210605652017,0.6265827968594638,0.017047942522460932,0.06402746757446219,0.017050553212800943,6.056520168717938e-08
744,-0.9403826442909977,0.13465251812378498,0.021774813816240246,0.07755265779904907,0.021775321674664054,3.55709002253235e-07
745,0.21573890245333782,0.5228398413518538,0.02086589496116213,0.07266198209551963,0.0208679621673707,-9.75466621644383e-08
746,0.800299240257746,0.9263751447813825,0.01153569484453126,0.04241994240471351,0.011537298529026794,2.402577460314248e-07
747,0.6838021219835264,0.8303953578290543,0.01562723262060547,0.051314138692876626,0.01563092730445552,1.2198352639103405e-07
748,0.17972718992509273,0.4336329864418858,0.006998048008297851,0.048123216700982,0.006998091980556879,1.899250927361873e-07
749,0.1443270737798812,0.55435824334527,0.02693813689980468,0.07672920660709129,0.02694096203954209,7.377988117673873e-08
750,0.4471591060272111,0.6783049305047456,0.014142760816025378,0.05576303916683641,0.014143489625802749,1.0602721112196178e-07
751,0.5404878528595758,0.7727661179934644,0.018243680943164014,0.0577837848299645,0.018247660978820194,-1.4714042417818263e-07
752,0.7004307847851732,0.8420306895033891,0.014413525254199231,0.04639913905907348,0.01441512526246925,-2.152148268486087e-07
753,0.6857403196996713,0.8296110491865651,0.014876736752050786,0.062497120720193956,0.01488074519028729,3.1969967129175103e-07
754,0.36077695624224815,0.6559709972246065,0.03150766892890617,0.09278926056227334,0.03151162095254561,-4.375775186638009e-08
755,0.3298544244808338,0.6293233890503268,0.03305215321503904,0.09760405464584715,0.03306427802796829,4.244808338160766e-07
756,0.764724693238008,0.8752979536116343,0.00940384336014648,0.028880392222987213,0.009404196375528319,-3.0676199203050203e-07
757,0.6770475115903029,0.8292724261988619,0.01563456873017576,0.03792108876443264,0.015635493424045348,5.115903028984903e-07
758,0.7830981374203732,0.8907307551972935,0.009493654890917955,0.03685915915237313,0.009495393383501752,1.374203731918655e-07
759,0.7126716293850103,0.8698055647287245,0.00864395594829102,0.03889434376599526,0.008644541947007442,-3.70614989697593e-07
760,0.6599064812471529,0.8190503605362089,0.017666686495019544,0.05934165116245669,0.0176723441917457,-5.187528471228831e-07
761,0.3760745679874222,0.6931901319069319,0.0146179543506836,0.05637789983185556,0.014618265779533408,-4.32012577766816e-07
762,0.15957959714746062,0.5092850385334596,0.0328477038714844,0.10202727518210462,0.032851554237898845,-4.028525393828808e-07
763,0.5629639234195235,0.8606179357004186,0.0054637559409921824,0.036577628469201054,0.005463783622672746,-7.658047651570854e-08
764,0.4425923027373099,0.6696155329954927,0.01712645482148438,0.07325543305477687,0.01712793698288665,3.027373098873909e-07
765,0.3290588526953888,0.5914669850629195,0.018816338102421913,0.06839389735583744,0.01881803834794092,-1.4730461117551386e-07
766,-0.38078351148336265,0.36839908433420365,0.026087009580175773,0.07882483617157408,0.02608979730632571,-5.114833626640447e-07
767,0.7185488324311629,0.8594154574427886,0.01729108742861328,0.05025735299117891,0.01729370114499386,-1.6756883713942017e-07
768,0.5917475894544522,0.770138872653302,0.015257319015966792,0.047957744272134555,0.015257847346700455,-4.105455478908837e-07
769,0.5937798437874368,0.7719067821153786,0.012497436519160176,0.03950297755433041,0.012498503354660928,-1.5621256321818322e-07
770,0.38671297490012535,0.6833057763773167,0.02177197079856446,0.05038970856519476,0.021773344006356252,-2.5099874623180085e-08
771,0.8846825443113087,0.9431201865847189,0.011286711821679694,0.03600841004210983,0.011288770019580466,-4.556886913364977e-07
772,0.8168343737259908,0.9077097815793997,0.011208951054687487,0.024169459530557175,0.011210091083957424,3.7372599082097224e-07
773,0.200597787193441,0.5531341167338341,0.021760864204687497,0.07154643117754632,0.02176346146053089,-2.128065589857009e-07
774,0.5414344651599837,0.7615771334651735,0.02248567313476564,0.06490076740337111,0.02249347512932575,4.6515998375351586e-07
775,0.6100921188017776,0.7892566099045205,0.019304380237988254,0.05136646071772522,0.019306459636362096,1.1880177763767819e-07
776,0.34045681799272076,0.6402901425121923,0.01797300143270508,0.06734437048958952,0.017974610757664204,-1.8200727924799764e-07
777,0.5170203350263831,0.7347341953797306,0.026897796916894545,0.09147076775776206,0.026902576207982528,3.3502638308036126e-07
778,-0.05207025596744641,0.31975468248572186,0.029720077246503922,0.08887095930228832,0.029721245621659894,-2.559674464122641e-07
779,0.2265700475052761,0.4942376836675087,0.026686251973828113,0.08168142230053191,0.026688967675038228,4.750527610175581e-08
780,0.5599418624959678,0.7548646442959785,0.014970510988671857,0.06063588593199568,0.014972471469113551,-1.375040322715293e-07
781,0.879939083975907,0.9384620772865874,0.014306212360156258,0.04224825181533284,0.014309079248574566,8.397590700592872e-08
782,0.5226106439585791,0.7357859543350915,0.015908181821875023,0.06724057351483279,0.01590999740077441,-3.5604142090139845e-07
783,0.15748488994022436,0.4990639730293886,0.02663501409941409,0.07956041605204954,0.02663946255400338,-1.1005977565425873e-07
784,-0.21040905873950355,0.10271258954415825,0.013795250844628897,0.056171550167929844,0.013795458674593374,-5.873950353896262e-08
785,0.5287937368921918,0.7805043748322343,0.01857666816533201,0.06035235899557881,0.018579583183024093,-2.631078082071525e-07
786,0.295765850499375,0.6213497854422015,0.034632229105273436,0.10373963974494506,0.034637459576421725,-1.4950062499075045e-07
787,0.3611591066202845,0.6011121048470425,0.016339888647832042,0.055804279025502425,0.016340323747841796,1.0662028449015537e-07
788,0.009684451351664736,0.3254405303842669,0.02521776145905272,0.07762899923426397,0.02521890250494103,4.513516647357968e-07
789,0.6322262818814766,0.8781943223008696,0.01933413894140623,0.0734819306291648,0.019337737609289272,2.81881476604795e-07
790,0.2977711165852269,0.5812976548060892,0.024952039894824217,0.07501932737239135,0.024957513916198507,1.1658522691693207e-07
791,0.9328349030628601,0.9806478381182484,0.006052583471875,0.021218345446756767,0.0060532070871914985,-9.693713987068975e-08
792,0.5865324385630217,0.7839221077311507,0.026882336479882807,0.07124963256923438,0.02688647490793953,4.385630216763303e-07
793,0.6724193386048288,0.8207736014041802,0.016238382752607396,0.041929496435337825,0.01623992262596837,3.386048288422927e-07
794,0.17716618982441001,0.44086874129945347,0.01727875516551758,0.07650101706842681,0.01727900527479918,1.8982441002401984e-07
795,0.6357059291692475,0.7990090325334963,0.016208020826074237,0.04213029399160099,0.016209413786262408,-7.083075248548454e-08
796,0.025625486397435893,0.34517047782310833,0.02015230044958981,0.06930766736299647,0.02015320643194666,-5.136025641068465e-07
797,0.5451752968989095,0.797425686224751,0.015180270068261727,0.05665949788590534,0.015182070772684483,2.968989095686325e-07
798,0.42173282513633914,0.6618721687023343,0.01938088349248048,0.06801668093091084,0.01938446251170119,-1.7486366088448335e-07
799,0.24401607172733986,0.5008909743583524,0.017195022158037074,0.05814268247417001,0.01719585925556089,7.172733984539548e-08
800,0.728821140289089,0.86008914416483,0.011702546436035159,0.03463597928827471,0.011704465103352137,1.4028908890129088e-07
801,0.5672812584133389,0.7628687006036667,0.015743144701562503,0.06178856774794064,0.015745138897406013,2.5841333883835915e-07
802,0.39170593525539943,0.6690564835818853,0.013045114371113272,0.060579652400452835,0.013046098118012604,-6.474460056971054e-08
803,0.21255505461784574,0.48105650923103016,0.03192563558277339,0.09126430795223965,0.031928117993628116,5.461784574611883e-08
804,0.09358921156667976,0.3461725351543611,0.012507792271767576,0.05261436419526485,0.012507951960289934,2.1156667975863463e-07
805,0.47186287169104846,0.688268957544399,0.014398572794628929,0.04911585531493224,0.014400849508452647,-1.2830895151916266e-07
806,0.30381597016666506,0.5783341339143746,0.029780944215917936,0.09702903222122965,0.029792480686712298,-2.983333491357598e-08
807,0.5644622519703171,0.7521284651839093,0.01157689373142579,0.04113264443069309,0.01157764032459268,2.5197031705559425e-07
808,0.6016488608474267,0.7896999598538675,0.018735607073242153,0.05111090864243338,0.018737682359630588,-1.3915257324192964e-07
809,0.563462354240517,0.757254453838305,0.022850269265136742,0.07011750183528943,0.022852867832743987,3.5424051703092374e-07
810,0.886421584126219,0.9420906724813735,0.00800895007412109,0.03327078699315404,0.008010107115670703,-4.158737810788793e-07
811,0.09913288114661978,0.42696347884529845,0.042766389295898384,0.11449179422780807,0.042771984880939654,-1.1885338022099567e-07
812,0.18802851842068602,0.7477531629735039,0.044890506218359334,0.11272561234141766,0.044904506334293055,-4.815793139822944e-07
813,0.9188697443844527,0.9594624946605899,0.010304551515136715,0.0311388334364331,0.010306182811762562,-2.556155472843713e-07
814,0.23226839922027198,0.531888395413701,0.010907507151978498,0.06041473336776681,0.01090760119419642,3.992202719793614e-07
815,0.2769054949361347,0.5531484189161123,0.028964025384169964,0.09031947230470228,0.028966821090837407,-5.050638652859263e-07
816,0.17915446833466087,0.48454881548180645,0.036625357652792935,0.10018891286915142,0.03662729792016876,4.6833466085804965e-07
817,0.6041362829262241,0.7990024358338247,0.016857192565820304,0.06775158259532103,0.016860015217301936,2.829262241155206e-07
818,0.7049015837305757,0.8874846598382448,0.013345484700781248,0.04735789914415103,0.013347190360927694,-4.162694243747822e-07
819,-0.24657043150655888,0.48332823295683613,0.030790920743652375,0.08507499770988032,0.030795973429774203,-4.315065588733624e-07
820,0.5154210074450988,0.7492863072984444,0.01822924422705079,0.05300497917176155,0.0182297886646113,7.445098759717439e-09
821,0.641541334686786,0.810437851108928,0.0203412108613281,0.053949554604533954,0.020346131160122714,3.3468678595216517e-07
822,-0.3386535317080881,0.26562663231982014,0.015357279599501962,0.06772975376349202,0.015357637513544353,4.682919119147755e-07
823,0.46701820117017256,0.7354940468025959,0.022363477312382803,0.06483821115270977,0.02236451836349194,2.0117017257570424e-07
824,0.3921413121622297,0.6809227071575615,0.027856922729687532,0.09033544522672551,0.027860654084800585,3.1216222967644924e-07
825,0.8648461294105023,0.9309373303203539,0.007641565950166019,0.0200974446564709,0.007641815779693469,1.2941050231418672e-07
826,0.07184098295023211,0.5286960379614706,0.02457337063420901,0.0667654553604958,0.024574613958295674,-1.7049767889187883e-08
827,-0.7075128268395832,0.30634769075224233,0.0238866042129297,0.08082185772391537,0.023887516332897856,1.7316041678316907e-07
828,0.2519266060617247,0.5281196977640144,0.023457152343164023,0.07054912143032359,0.023461663800573233,-3.939382753337384e-07
829,0.3175312317127654,0.63496580841333,0.021367274498720685,0.08308307323772826,0.02136922165279523,2.3171276541944508e-07
830,0.23342806554779272,0.5007731259240866,0.013245349761640626,0.061619506909806526,0.01324558593600101,6.554779272138767e-08
831,0.7343301709887374,0.8630694582038893,0.01738116270341795,0.047544772615947556,0.017386160819556025,1.7098873739129772e-07
832,0.11580395079762851,0.39499474614597574,0.022563449027646513,0.07549885963757327,0.022564100305201826,-4.9202371496526176e-08
833,0.4463428540659815,0.6848106475461245,0.020802227247460885,0.05104284997069295,0.020803376844145627,-1.4593401848062015e-07
834,0.46577979858148644,0.7083290562576622,0.01753283252737309,0.04862125576395376,0.017534565800440476,-2.0141851359012364e-07
835,0.3008284631692212,0.6334167372273056,0.026547414733007816,0.08488061197809274,0.026550370285712537,4.631692211987115e-07
836,0.4274212071398955,0.7266452576214256,0.03228541934228512,0.09255185589655701,0.032291227810844786,2.071398955139081e-07
837,0.5233689294650228,0.8104297936464703,0.015873252678613264,0.058694508400779145,0.01587429014236929,-7.053497719233803e-08
838,-0.0006298167454452663,0.2999055904332637,0.02289681619421875,0.0774405212507323,0.022897451781227342,1.8325455473369116e-07
839,0.8581827306980538,0.9751637841259915,0.007585558002167975,0.023314118815287724,0.007585973614297503,-2.693019461874613e-07
840,0.31823665816360414,0.5734691145706605,0.02285580092041016,0.06668281373874173,0.02285908575960427,-3.4183639585627645e-07
841,0.2100574159659604,0.4664204484354611,0.02097222934383788,0.07990063022147229,0.02097366008722912,4.159659603986121e-07
842,0.16991546697166993,0.5307368758554939,0.017169300640878887,0.06097159202060183,0.01717056895594398,4.669716699157167e-07
843,0.5345532565426504,0.7350406071303395,0.017393209573779288,0.0535553119790803,0.0173938971567951,2.565426504563817e-07
844,0.7065350182735157,0.8446440816411511,0.014474557964648424,0.050421817717617744,0.014477606905229845,1.8273515700606424e-08
845,0.3769420554350382,0.69482303473147,0.027294640453417927,0.08131223114845834,0.027298759249265316,5.543503822647011e-08
846,0.2970293288305641,0.6540006198787682,0.019595380179453146,0.06595627166408739,0.01959639616793802,3.288305641113709e-07
847,0.43400911480909854,0.6836649005861329,0.023525509978535204,0.07153274575970126,0.023526721852446985,1.1480909856143029e-07
848,0.19845811126711876,0.49122716490876306,0.03170582744716801,0.09365569465728861,0.03171304800396105,1.1126711876863205e-07
849,0.2675335643999994,0.5371772963973358,0.021972664763964835,0.07154360194044793,0.02197471463258839,-4.3560000057007997e-07
850,0.8561857466253794,0.9253431017368756,0.010232174228125003,0.034469617641668664,0.010233600173879791,-2.533746206179188e-07
851,0.22159537706371468,0.6972372770086368,0.017819770869921887,0.06070225321867889,0.01782329848745813,3.770637146960354e-07
852,0.34703278342886656,0.6624613016560551,0.013646912555507823,0.0567404511150967,0.01364821490215784,-2.1657113341566614e-07
853,0.2153559603695534,0.5234090466435553,0.022687069877148445,0.08103611103440253,0.022689371734331325,-3.9630446591054636e-08
854,0.16638600254206037,0.50942055112046,0.01954697970126957,0.07670165153365313,0.01954921129847708,2.5420603677606124e-09
855,0.43183037239080335,0.6772787866869275,0.023709927430761717,0.08238243695433344,0.02371268911250032,3.7239080336037844e-07
856,0.730805045480363,0.890885710050542,0.018069924745214853,0.0719779927169536,0.018073841921507416,4.548036292018054e-08
857,0.4242288915472746,0.6609898103151192,0.012411753261474614,0.05508951433367291,0.012412081560907777,-1.0845272541137874e-07
858,0.5213816491050949,0.7392498908164076,0.021293741625976595,0.05881357442697103,0.02129911401012885,-3.5089490513229293e-07
859,0.3171446806949366,0.591704573900531,0.021008283615312515,0.07165174109320006,0.021009848214927306,-3.193050633898409e-07
860,0.9023917173129014,0.9504774000352582,0.009748491082128921,0.03268253198111007,0.009749568587874987,-2.826870986183394e-07
861,0.24858479159005864,0.5570713215026267,0.041563456441992185,0.12141521912419076,0.041570236730511974,-2.08409941360177e-07
862,0.3868840939541953,0.6954453604543419,0.019285054841289055,0.051583355264581604,0.019285946000496063,9.395419531266214e-08
863,-0.22907426563318656,0.48198181368957327,0.020644353147675782,0.0730168632103716,0.020645745858489946,-2.6563318655803414e-07
864,0.2918656162047427,0.6418173520282288,0.017145866227343723,0.049708032815988595,0.01714760163321941,-3.8379525729714814e-07
865,0.6513513276406311,0.811643566068982,0.017602391906249997,0.0495608762305298,0.01760636129209475,3.2764063107038055e-07
866,0.3551298946853567,0.7056647896516403,0.027740235382812502,0.07841908526361346,0.027744392891185,-1.0531464328389362e-07
867,0.6814443465276405,0.8528564315447473,0.01115928284345704,0.032676131734445786,0.01116045956325178,3.465276404712725e-07
868,0.8297693266447355,0.9118210031533591,0.014635079929199225,0.04002934917726896,0.014638698463216866,3.266447354821622e-07
869,0.4849954527398228,0.7648745408212941,0.024543067339453137,0.06852302683720062,0.024551172231352964,4.5273982279825375e-07
870,0.7623851029342716,0.8734063010978965,0.02007494192939454,0.047990145855052214,0.020078359527204742,1.0293427166185865e-07
871,0.8126089003705277,0.9256235615788687,0.015903936810839816,0.05281944099140018,0.015907249027776727,-9.962947233876918e-08
872,-0.13978292550951,0.1337959584540819,0.02019684423912113,0.0854255489912293,0.020197336194929603,7.449048999852437e-08
873,0.4372187400194336,0.6658807753283986,0.015514260921679703,0.05303762261994084,0.015516643118969534,-2.5998056640830214e-07
874,-0.048718322243660905,0.033726391895311444,0.0074120991668935625,0.05306646894440675,0.007412124852441122,-3.222436609079393e-07
875,0.27012010500949335,0.6098756647337419,0.024141996222753898,0.06636752029851178,0.024147898971400312,1.0500949332303833e-07
876,0.1018201078365113,0.3995215381918978,0.024561338883808622,0.08857648099026767,0.024562090781479074,1.078365113038604e-07
877,0.889369856171234,0.9431338043269843,0.008354618084472664,0.030822227637483286,0.008355749517296578,-1.4382876600826933e-07
878,0.09642681672349329,0.38135794860374805,0.032791808303710895,0.09331421361163066,0.03279592197819443,-1.8327650670724172e-07
879,0.6357674327838114,0.8024759223921786,0.01902876010312502,0.05561974231092194,0.019031108846454415,4.327838114548399e-07
880,0.897784180827632,0.9743439744804516,0.01253410206113282,0.038538410262130576,0.012536823540996594,1.8082763197924123e-07
881,0.3161305242863639,0.5762715417984695,0.01680962990787106,0.05831494486283005,0.016810117533575156,-4.757136360944436e-07
882,0.37369793192517253,0.6171030210231427,0.013136901967509754,0.05951651638060664,0.013137293636870462,-6.80748274417553e-08
883,0.8141386880695438,0.9277468968929465,0.012586532559179674,0.04201003883726514,0.01258831109241821,-3.1193045613164827e-07
884,-0.3117213014526774,0.36662610160058207,0.018961204099101583,0.0637014090768938,0.018961680689189464,-3.0145267737591297e-07
885,0.6072952206638286,0.786269298574892,0.015149296095332027,0.046590122958408066,0.015149735044967198,2.2066382854291078e-07
886,0.5261381075416995,0.7825966572693924,0.017057815955468746,0.0524075859182097,0.017060305330393395,1.075416995455214e-07
887,0.9117066737433085,0.9581893325114076,0.010689012537988266,0.02865765260930945,0.010690576372604973,-3.2625669155184056e-07
888,0.7212726722016902,0.8887348684786628,0.008548872859501965,0.03277186217981701,0.00854908459895477,-3.277983098293191e-07
889,0.16226021055465067,0.5371663745270016,0.02532465451923824,0.06669956283252763,0.025328400422493284,2.105546506869782e-07
890,0.7530054644270803,0.8710246584511036,0.016464694506445297,0.05345789081935535,0.016469702929930528,4.644270802378614e-07
891,0.17390176639238686,0.4847836575770204,0.027654418366708962,0.09374083258406204,0.027655845661396075,-2.336076131426168e-07
892,0.36551641499747345,0.7305373102634969,0.020587446060341824,0.07130121449348673,0.020588261538940177,4.149974734413142e-07
893,0.7433329906699966,0.9082966600674419,0.011374119183886736,0.04194763632093252,0.011374734700469435,-9.33000343650292e-09
894,0.8250703093521066,0.9247604307243931,0.01560605720283203,0.045614456486160485,0.015610578480627853,3.093521065977711e-07
895,0.5058254912070268,0.7283502847575278,0.017372325034765615,0.058463701366003505,0.017376275464962728,4.91207026831475e-07
896,0.31991123544633016,0.724873986798076,0.03823511929999999,0.10629715963523012,0.03825270943355645,2.3544633015459837e-07
897,0.18330184662598303,0.47267777166712327,0.026634918820566386,0.09066140129554143,0.026636971442944354,-1.533740169590292e-07
898,0.6000336115429867,0.7960027373308399,0.019161230118652357,0.0522342601884648,0.01916330172330956,-3.8845701322287596e-07
899,0.5596438796516298,0.8046848424669343,0.016238372308593783,0.060446201975300484,0.0162413593771829,-1.2034837026941858e-07
900,0.11156771297301915,0.39775034507905177,0.01962823297613277,0.0768866417437669,0.019629059626498257,-2.870269808497028e-07
901,0.8532163644291945,0.9418816013542759,0.012939855063281247,0.04435518016379326,0.012942081669485782,3.6442919448820277e-07
902,0.20381387787504057,0.5830570265933305,0.029094191896484333,0.08355159277857248,0.029098518275820988,-1.2212495942298673e-07
903,0.534329056381796,0.7596500842528655,0.01770904370830078,0.053871524257106236,0.01771301523909782,5.638179589873005e-08
904,0.41048874114390344,0.7437454434962649,0.011117591728642568,0.04842534045153692,0.011117775112007108,-2.588560965577358e-07
905,0.32716229251998774,0.5794421912063638,0.02485910818564451,0.07112664463772204,0.02486394999732818,2.9251998773238697e-07
906,-0.054482028429185814,0.35484629677994445,0.02341704169228512,0.06780124066227405,0.023420306522828924,-2.842918581102971e-08
907,0.3468200900600772,0.5925607576738665,0.02419540137949219,0.0684758816004811,0.02419848638402507,9.006007717360376e-08
908,0.07494678833484658,0.2882809671774681,0.015043840411103503,0.06891544743759088,0.015044014502996812,-2.1166515341841663e-07
909,0.9419604361146672,0.9722782881507722,0.0068519594579882865,0.017652149576793223,0.006852622968141065,4.361146671572058e-07
910,0.026974333674784967,0.40334240312111624,0.02236024822597654,0.0676340436152674,0.02236318546489978,3.336747849656818e-07
911,0.6845356455408926,0.8295061366601392,0.01250191903574218,0.05288760500036054,0.01250356255401853,-3.5445910739895226e-07
912,0.7229246936498246,0.8528522287102451,0.015689827625292967,0.040163611688089934,0.01569152537144968,-3.063501754496656e-07
913,0.5584476348165797,0.7716237028269916,0.019317627989160164,0.062154776598933564,0.019323103708455133,-3.651834203921567e-07
914,0.1699485337075608,0.5306769071539804,0.030847421914023416,0.08860347578943946,0.030849636713714865,-4.6629243918849816e-07
915,0.13516579391455374,0.4577875606370712,0.02112319723618163,0.08438378814723681,0.021124404199294983,-2.0608544626377068e-07
916,0.044164826517995026,0.3175552014009974,0.02033042369807619,0.07051922619695973,0.020331534632240137,-1.7348200497674382e-07
917,0.12927158118116377,0.4938357903758568,0.020313296252021495,0.06022330702510311,0.020313672828310342,-4.1881883622307825e-07
918,0.6829002450496569,0.8282327030637119,0.014395064006640625,0.04523118185893962,0.014398012947180811,2.4504965689953195e-07
919,0.3158230014128197,0.5932607434178864,0.013618658004951188,0.06319832533754825,0.01361902818103237,1.4128196945684124e-09
920,0.08302919234212736,0.3893878431169844,0.02483721841908202,0.08281031228801071,0.02483892734175414,1.9234212735030898e-07
921,0.5834351072247498,0.7648788651900983,0.01627405295410153,0.0431131610863629,0.016275502452465763,1.0722474974578233e-07
922,0.562578310484048,0.8894978958891173,0.02647927150009765,0.08281744399697946,0.026490223355788656,3.104840480272486e-07
923,-0.38673717354006265,0.17946582946215298,0.014327441948427734,0.06685348974874827,0.014327674080388497,-1.7354006265346555e-07
924,0.3249650253751978,0.619137512762652,0.03194555397031244,0.10055693037842234,0.03194979818150287,2.5375197776345004e-08
925,0.2233585634298878,0.4935231814356635,0.01758119477280277,0.07024073400977789,0.017581610929533472,-4.3657011219999653e-07
926,0.3175767417218105,0.6515948240043707,0.022371418598925802,0.07788647981092632,0.022377055831306236,-2.582781895021924e-07
927,0.05580314276924192,0.38791702527041966,0.024893299930322306,0.06753353021231352,0.02489387057201955,1.4276924192174745e-07
928,0.6499461246793454,0.8118438863952087,0.01572405462275389,0.03652913136638229,0.01572596129491475,1.246793454035e-07
929,0.27042619786290545,0.6328670599842124,0.02531259019575199,0.07706016203384736,0.025314697877498658,1.9786290544887564e-07
930,0.2719777285231315,0.5579675078276589,0.021778473602343758,0.06904886112032851,0.02178226579897739,-2.714768684852764e-07
931,0.7158221915432179,0.8497174958496395,0.014453171257226564,0.041570115699996364,0.014456371201013375,1.9154321795333829e-07
932,0.25757788177741536,0.5212835573637743,0.018722364796484404,0.06326853654826806,0.018725249949291138,-1.1822258461080537e-07
933,0.08024426219349956,0.4996716348382847,0.02247006571192378,0.07173139275340806,0.022471459439028254,2.62193499564467e-07
934,0.20466308570814384,0.4940105544549066,0.0166761427039648,0.05311008194736901,0.01667642510454869,8.570814383213055e-08
935,0.4002336619864043,0.6929182939016759,0.011275528771621095,0.04243511951444911,0.011275878397933953,-3.3801359566876243e-07
936,0.2504548693859372,0.5076223518842609,0.018791481866796873,0.05772868174889635,0.018794325162520217,-1.3061406278769283e-07
937,0.5531995169814636,0.8047283099116832,0.028079536427929642,0.07218481920753511,0.02809037227498953,-4.830185363902118e-07
938,0.17891324816707188,0.4776426711493807,0.020427994996367178,0.07383791212997944,0.020429867197977743,2.4816707189234677e-07
939,0.55815548775602,0.7611058875582544,0.020362988362695296,0.06609164879311305,0.02037070126020134,4.877560200178266e-07
940,0.4765135499783949,0.8176207847777222,0.026022375791699234,0.07460944512996195,0.02602608724187036,-4.5002160509177713e-07
941,0.18509067400784252,0.4874041028793564,0.0465780377865235,0.11177754250982146,0.04659120866927958,-3.259921574905178e-07
942,0.6355068720202163,0.8246023493721893,0.011340099867226564,0.04118762731955315,0.011340879211085043,-1.2797978377054875e-07
943,0.37125041316810214,0.6678874999436084,0.0221211512839844,0.0680788823232507,0.022123860602927238,4.131681021202205e-07
944,-0.502725692364508,0.11835724564412864,0.01791583787499025,0.06791486969895871,0.017916261963302354,-6.923645080592067e-07
945,0.08493032082850016,0.3417799737039541,0.01718854568181642,0.07997859788851847,0.017188824171364102,3.208285001554678e-07
946,0.426853137000603,0.6885628520286692,0.01576802096572267,0.06161937069960865,0.015769732055768457,1.370006030287918e-07
947,-0.8917828277758608,0.15257312514156726,0.02056368059663089,0.07652085646031259,0.02056411663013991,1.7222413917217239e-07
948,0.5270332653239511,0.767339663515491,0.024296581451757848,0.06952610222798081,0.024299056701897748,2.653239511429817e-07
949,0.25511834694937197,0.6703457369114292,0.017998796523261758,0.07258913340819909,0.01799922149334085,3.469493719543415e-07
950,0.24852884699273148,0.6836250921145817,0.03375441557792974,0.09773623332494484,0.03376059597155945,-1.530072685218542e-07
951,0.5712298130402393,0.7866309801331558,0.023644634495507813,0.07901613770193015,0.023649324925243548,-1.869597606729556e-07
952,0.7691047650945526,0.877929149414464,0.01167440176404298,0.028676143534520027,0.011674864545516432,-2.3490544742710284e-07
953,0.8212805087344438,0.9233568406265734,0.016050531995507815,0.04771585765557147,0.016055908122066,-4.91265556235021e-07
954,0.7614223085535073,0.8900137898674179,0.013892547402148424,0.04971397480486758,0.013894457407904338,3.08553507299969e-07
955,0.47859914610516496,0.6925295279675701,0.02218597570156251,0.05735558301177155,0.0221918228740672,1.461051649664924e-07
956,0.4258094682119373,0.6632095824769346,0.016425001661914015,0.06342274001070408,0.016427389014933822,4.682119373322635e-07
957,0.6189558856538706,0.805889382627708,0.0142005455526758,0.045936966426361005,0.014201453814607325,-1.1434612934291266e-07
958,0.40815233298515585,0.7237168423919346,0.024639789605957044,0.09320113251556987,0.024644767607495035,3.3298515583757293e-07
959,0.8786499406676351,0.9410597029956748,0.006385643658671874,0.01946714304118171,0.006385818569818559,-5.933236491006966e-08
960,0.6304570142594667,0.8072917489036958,0.012870676335136732,0.034941019593871865,0.012870964929971746,1.4259466607491333e-08
961,0.12723915113884465,0.5373561134424962,0.026093253564707018,0.08637718320382773,0.026095000909453412,1.5113884466178007e-07
962,0.6293664484913342,0.8080975123644001,0.014501417119228538,0.04163161797731825,0.01450246150891824,4.4849133418178866e-07
963,0.16436870648918434,0.46341842666717226,0.03355796014783208,0.09460921229570453,0.03356087302588257,-2.9351081565209824e-07
964,-0.20242978319621985,0.2607363849201678,0.022103935415947264,0.08284572958746993,0.022104804276889236,2.1680378015087598e-07
965,-0.23739887980770846,0.3220908935191481,0.03164621168925778,0.08365035205970954,0.03165284476444808,1.2019229153614752e-07
966,0.24808742697889508,0.5142127263043307,0.02470800775859372,0.07735573562582135,0.024711532890885596,4.2697889507392617e-07
967,0.7242669174255254,0.865305545532171,0.011478154419726567,0.03472221656036426,0.011479447373991137,-8.257447459136813e-08
968,0.47308034061517557,0.6914800275638274,0.015615880451464842,0.04282398271751609,0.01561819079732764,3.40615175564718e-07
969,0.575056729571985,0.779531542106985,0.016187018258984415,0.03922092905511223,0.01618920542549416,-2.7042801509225e-07
970,0.11929653587114464,0.5839750508680576,0.018708522333144528,0.06455542693248437,0.018709573654584782,-4.6412885536251114e-07
971,0.1932882971891775,0.4876755353659824,0.019951329633037106,0.08315809785957874,0.01995236878432718,2.9718917751719864e-07
972,0.26363633020804456,0.5307696275004944,0.03386382778069342,0.08958075234215003,0.033866119912839936,3.3020804457439823e-07
973,0.10058770224858571,0.32965797244260636,0.011075187900361326,0.056848545026932575,0.01107533386185403,-2.977514142882276e-07
974,0.17837650966216734,0.47836796923237407,0.015650401161113287,0.05051939250620262,0.015651498394382787,5.096621673306156e-07
975,-0.17111629157326447,0.26293534730314816,0.017437280217480474,0.06938989420212725,0.017437896620097253,-2.915732644770408e-07
976,0.7817702525304663,0.8981342707962525,0.010141984064863288,0.028143653837959942,0.010142597674577331,2.5253046631590337e-07
977,0.7437700242001954,0.8667178184867762,0.016981466169140615,0.0531775591491534,0.016984210854980045,2.4200195403167868e-08
978,0.6077951866365447,0.7992678856546296,0.012658178182519525,0.05640029579460217,0.012660383545370826,1.8663654477446556e-07
979,0.38633608464946445,0.8061089087492366,0.0426878231651367,0.12140063651428779,0.042712680826305374,8.464946443798027e-08
980,0.37169347236494776,0.6225804645227976,0.025580608225585943,0.07676503564896697,0.025585013970108598,4.7236494776781157e-07
981,0.29694610564479573,0.5726062946239769,0.03137933640683591,0.096348091435987,0.031385557758805756,1.0564479574481922e-07
982,0.8000796619431918,0.9095116395539825,0.012389791742968784,0.030113377179161765,0.01239108654336159,-3.380568082134161e-07
983,0.366935460623824,0.6739403048281992,0.023603452221972673,0.07977689143004858,0.02360946350538701,4.6062382397238366e-07
984,0.568834865217392,0.8032769038204244,0.019608924667773434,0.0615441604443193,0.01961185861358914,-1.347826079634018e-07
985,0.3788313830013752,0.7334592710184259,0.02730394116308594,0.07246137859130133,0.027307325654873465,3.8300137522595534e-07
986,0.9124235966631808,0.9611111568743425,0.008929394857812478,0.02383486790577483,0.008931009251158441,-4.0333681916582265e-07
987,0.084146078135099,0.3548706761527176,0.029031861401464826,0.10270060998953982,0.02903553580787156,7.813509900200799e-08
988,0.903941595177703,0.9550462953728126,0.009449702248632815,0.028286452468679286,0.009451673004683846,-4.048222970176596e-07
989,0.04294949130645831,0.28480195000507064,0.019944695218779285,0.07375290231479631,0.01994566757466105,-5.086935416925842e-07
990,0.25624316659108226,0.5188318478333634,0.021614175847001954,0.0695507105700725,0.021615401227556008,1.665910822623573e-07
991,0.27386645824208145,0.5358146961767772,0.023203174843261776,0.07857272253053915,0.023207799222372483,4.582420814469579e-07
992,0.6714786647306016,0.8240845930324768,0.013668771310546848,0.03804430710097898,0.013669136676591743,-3.3526939846595383e-07
993,0.892166771018913,0.9505611924811176,0.008506820866308593,0.026418957689867427,0.0085077910429016,-2.2898108709146214e-07
994,0.6694769158818596,0.897414758670814,0.02035942450410158,0.06251590207561036,0.020366698001858887,-8.41181403421487e-08
995,0.08240491441613718,0.5613704091595807,0.02344024021015625,0.05984047670459222,0.02344458808638401,-8.558386282997432e-08
996,0.298321625745541,0.5796474574643955,0.02375442679082026,0.07251265558656303,0.023756839697006395,-3.7425445897909526e-07
997,0.8153541859594237,0.9234624651171764,0.009743840791601566,0.028791474697281154,0.009746180983178306,1.8595942363752727e-07
998,0.10454553670504474,0.4132353356055322,0.027782832469921838,0.07836112578121208,0.027787210561686072,5.367050447402377e-07
999,0.3610000388882494,0.6220475358113763,0.030695796014453134,0.09863419644960117,0.03070083524340982,3.888824939846103e-08
1000,0.32097757960708506,0.6041107759921516,0.018436798378124966,0.06220696572062113,0.018438941687516627,-4.2039291492379505e-07
1001,0.24751455323537852,0.5737482962805069,0.03345335593574217,0.0953645827859353,0.03346433781035621,-4.4676462149229046e-07
1002,0.6253372919892347,0.7925165436310483,0.026452570889257777,0.06352498943091345,0.026456901889388446,2.919892346797681e-07
1003,0.7025288209712599,0.8424533629830814,0.010825474374316418,0.052067147295655244,0.010826942102737915,-1.7902874005493175e-07
1004,0.10955232640134471,0.5242175211219714,0.022499505722167974,0.08142552941143236,0.022501687181309245,3.2640134471628723e-07
1005,0.68335342835701,0.8299273273504961,0.0140194821125,0.04843321904097071,0.01402110374989429,4.283570099739009e-07
1006,0.5371731955669892,0.7541697516118537,0.011801334466630859,0.038014549443939845,0.0118018719984695,1.9556698915845772e-07
1007,0.6859790772469482,0.8282531153395142,0.01505877909609377,0.05194792629545771,0.015060828944192885,7.724694817135003e-08
1008,0.47984616057534746,0.7144545504107285,0.01778231872294923,0.05642089702384452,0.017783626639865956,1.6057534746316549e-07
1009,0.6184168640778616,0.790697034930471,0.01838713358168948,0.05519523653403966,0.01838874149655591,-1.359221384333864e-07
1010,0.07681979853856369,0.3216508817087956,0.017748072316435538,0.06681792536685145,0.017748503592471397,-2.0146143631105673e-07
1011,0.7630799934524986,0.8769169066968776,0.013562761068261714,0.03569445848900213,0.013564561544060789,-6.547501429920999e-09
1012,0.7392628507847259,0.8625990461544452,0.010970250035976565,0.034087647047936834,0.010971343713716384,-1.4921527413669367e-07
1013,0.4063320204224923,0.6449424703995345,0.017328118419433592,0.057075084509816805,0.017330608564459053,2.0422492252869517e-08
1014,0.6702661348112049,0.8347410846863568,0.0246365632017578,0.07341196828179043,0.024644726528366474,1.348112048660255e-07
1015,0.30454974079189867,0.6755441019249026,0.02454514069658207,0.08166715698592854,0.024549127086944778,-2.592081013164105e-07
1016,0.03427332196582811,0.4374299677551934,0.017477872219863282,0.06430734847274991,0.017478448013250103,3.21965828109505e-07
1017,-0.06745031428519765,0.33416766383269053,0.024056236771484368,0.0793822247627788,0.02406098075475488,-3.142851976584149e-07
1018,0.05295184547180665,0.4331739550935123,0.03592667324361328,0.09265259776266677,0.03592823576366449,-1.5452819335237677e-07
1019,0.7429119318915356,0.870593188875142,0.008729824422167982,0.03404093802057095,0.008730055760788592,-6.810846442384388e-08
1020,0.5635975753006067,0.758370561147046,0.01636161901919923,0.052467897869536984,0.016362388248940953,-4.2469939331990503e-07
1021,0.6499638979268477,0.8104689682807028,0.014582542366376922,0.04091696568827334,0.014583740646864879,-1.020731522638485e-07
1022,0.1396492063119561,0.44051534102351303,0.034819123740625006,0.1120261809990199,0.034825960135803795,2.0631195610243402e-07
1023,0.757291752942041,0.9104239496998514,0.011661264959765624,0.042060212684011306,0.011662759249628205,-2.4705795897972394e-07
1024,0.3205315516412274,0.5785148935075701,0.02484378809060545,0.0852522442732151,0.024845064031974718,5.516412273642857e-07
1025,0.24760439287627534,0.531615712701005,0.018475624265292992,0.05755185821946712,0.01847655374569713,3.9287627534578817e-07
1026,0.9137537723827389,0.9560096752121242,0.007652924625781256,0.027472881943337312,0.007654414454985765,-2.2761726103937008e-07
1027,0.4816820848119423,0.7392200057548953,0.012074283615507801,0.04094460338745928,0.012074653384017945,8.481194230247624e-08
1028,0.6152008985365744,0.7886340162148099,0.018992635425390616,0.06745523450918009,0.018995378304830772,-1.0146342555028554e-07
1029,0.28676789835785077,0.5419810697784938,0.0124424137189453,0.05522624704847125,0.012443218338381247,-1.0164214925278969e-07
1030,0.3829003707755624,0.6586068458565012,0.019477352950849625,0.0664441050672855,0.019479193653421635,3.7077556236386755e-07
1031,0.47867898663271347,0.695118650306851,0.021457855975390606,0.06735516544797365,0.021461175072736538,-1.33672865554324e-08
1032,0.6589081813216411,0.8231027184429461,0.012078021044433613,0.049997166053428875,0.012079768616103465,1.8132164103512594e-07
1033,0.25433744308049366,0.6302506910096445,0.03935885439267577,0.10928355147883427,0.039372400230740755,-5.56919506344844e-07
1034,-0.22803513169260592,0.4550626022176967,0.017599403922773444,0.05775154654313217,0.017599689448167262,-1.3169260593137722e-07
1035,0.3346339143215614,0.6084460249690462,0.01525026874539061,0.06009084398193771,0.015250625981391316,-8.56784385661058e-08
1036,-0.14056976707002855,0.2861247250879859,0.022790490627207068,0.08227909820920679,0.022792174633183726,2.3292997144985783e-07
1037,0.7879017390961718,0.9049259241826548,0.02101015312666017,0.053440464077493546,0.021014187522843227,-2.609038282086473e-07
1038,0.6718154648031145,0.8239145998940995,0.012548847569921869,0.05072498810470298,0.012550377330394519,4.6480311444163647e-07
1039,0.24132219472417293,0.5023430469852778,0.014429848664423803,0.0719169870527449,0.014430110130804318,1.9472417292498712e-07
1040,0.5267050876266115,0.7942230341724282,0.01908695451347656,0.06290125397582823,0.01908977997272054,8.762661152239559e-08
1041,0.27097167442077574,0.5826171210060398,0.023724403932519535,0.08977017387207349,0.02372743386175961,-3.255792242473632e-07
1042,0.2086914432987066,0.6057346624487323,0.031737097811035155,0.09696735831550925,0.0317415779855824,-5.567012933971327e-07
1043,0.4562499193661912,0.6852606008921426,0.011680468586865219,0.049598726152349636,0.011680843627916684,-8.06338087966374e-08
1044,0.4165567461508394,0.680231561949406,0.022317559281933578,0.07075766552803171,0.02232153415564604,-2.5384916063631024e-07
1045,0.46565156470200975,0.6997024131057652,0.024266567204687475,0.08226879439925634,0.024274714816090302,-4.3529799026442717e-07
1046,0.6126421369019617,0.7833219816533994,0.01697632997226563,0.04238920367201694,0.016977100116681736,1.3690196165594415e-07
1047,0.2467580620617127,0.5143441399934656,0.02512411869287112,0.0751290142769472,0.025128274065091476,6.206171268563487e-08
1048,0.503178625396662,0.774754676852883,0.017873975809375022,0.0572283163236993,0.01787604064401575,-3.7460333801586643e-07
1049,0.6567797793206375,0.8183814181395681,0.013281063519589843,0.04164413968934881,0.013281904722915792,-2.2067936256142673e-07
1050,0.7056688740496024,0.8679048787909883,0.013035352281835947,0.039410400427009364,0.01303670681783672,-1.2595039755591841e-07
1051,0.09392718633303487,0.37979608155751177,0.031466709731835955,0.09869604978120929,0.031471858332733665,1.8633303487669561e-07
1052,0.3781784834101142,0.6978172849954938,0.03229619670498043,0.09092034022781052,0.03230227049767188,4.834101141604208e-07
1053,0.2450859469245249,0.5376862347978797,0.011550865533085937,0.057512495202901484,0.011551063222255815,-5.3075475098252056e-08
1054,0.41155769549311416,0.6560135602129215,0.013419975195673839,0.053069737860578,0.013420485374620126,-3.0450688581762364e-07
1055,0.8240179176100765,0.9458424851346972,0.012713686024023443,0.03524363700597247,0.01271597506484279,-8.238992355025232e-08
1056,0.17021282748224087,0.48167345176661075,0.034745625403515626,0.09401477099248448,0.034749766995420366,-1.7251775913385003e-07
1057,0.4149589255872197,0.6750465200212793,0.020169184020507817,0.0729424924470644,0.020171832638614398,-7.441278032649379e-08
1058,0.6979695669250903,0.845465296552816,0.012198395670312515,0.04791183361085372,0.012199634739634443,-4.3307490971145057e-07
1059,0.19669015737412598,0.4732310358177974,0.025969482465722667,0.0774941808843529,0.025972592636940274,1.5737412598082479e-07
1060,0.06900398048694756,0.3482185648216091,0.036088038889170004,0.1082361659186971,0.03609027774558002,-1.951305243774737e-08
1061,-0.41013020672168454,0.33581531371419027,0.030267578553203132,0.08128424308032428,0.030269076513802007,-2.0672168454805018e-07
1062,0.6103105579290378,0.7907296837093911,0.013583218335244122,0.04301430754610619,0.0135843734438603,5.579290377477619e-07
1063,0.26071257481295007,0.5747589874473626,0.03620677072685548,0.09602240585153242,0.03622397138262995,-4.2518704990168743e-07
1064,0.07340895250162538,0.4063534379986158,0.03447250705683597,0.09462986680102868,0.034478738526821255,-4.7498374622367834e-08
1065,0.8680482967973292,0.9339769108536058,0.010654921662695308,0.03430253162947329,0.010656822588344056,2.9679732915788293e-07
1066,0.18921310377029665,0.45281814179352836,0.014780214188398411,0.06338029169201771,0.014780526419480954,1.0377029666108761e-07
1067,0.8612364716181252,0.9348546770934525,0.013201884551953117,0.03704996283786137,0.013204176403492307,4.716181252195639e-07
1068,0.3168220178035134,0.7552345353502596,0.038430359444531194,0.10908193443038808,0.03843747352900689,1.780351338576125e-08
1069,0.24126066841902372,0.5005795167199645,0.027612935127636736,0.08341333738387934,0.02761831312023006,-3.315809762871602e-07
1070,0.4174835370062854,0.6700194720242743,0.024529384532617212,0.08393737269155012,0.02453456858145983,-4.6299371464497696e-07
1071,0.8520684788949568,0.9294121682671711,0.010795875686425772,0.04166781528696114,0.010797487707070737,4.788949568013123e-07
1072,0.6535072768835226,0.8151923185535627,0.02130822844306643,0.056761267937405095,0.02131173096424638,2.7688352266519445e-07
1073,0.16710228659876858,0.476214780160265,0.03234200074218754,0.09248086585054892,0.032348728329862415,2.865987685785054e-07
1074,0.5873932834557176,0.9182269502755248,0.035267047879785116,0.09266513130723979,0.035282349538408184,2.8345571756460686e-07
1075,0.7281707027304816,0.9002116332536448,0.013668797290722677,0.04505158267074569,0.013670664371278647,-2.9726951844555316e-07
1076,0.4223067451314533,0.6776392314201249,0.016166184255468754,0.04971675800962903,0.016169216424968044,-2.5486854671186165e-07
1077,0.3008298600511027,0.5661487812368331,0.023484995027832,0.07540848363056826,0.0234892507774029,-1.3994889730417626e-07
1078,0.3352616066789973,0.5865037066764845,0.01945310511367188,0.0674354623947762,0.019455321378279877,-3.933210027118328e-07
1079,0.4332239218300391,0.6631006121395016,0.018828620885351605,0.06073432571520428,0.018831810404598477,-7.816996089315964e-08
1080,0.8416065202711996,0.9177166411982891,0.007098694946044921,0.029596495508179915,0.007099136824220469,5.202711996776799e-07
1081,0.16122137351278687,0.44707605351646384,0.02606597982910148,0.07909432172917437,0.02606801427964384,3.7351278686648115e-07
1082,0.13999201829321462,0.6030416610350614,0.03382430928769534,0.09251511015182283,0.03383577865910824,1.8293214609776953e-08
1083,0.7526301000819398,0.8975765060112303,0.02853884836611326,0.06693947243253548,0.028554595343107985,1.0008193973565227e-07
1084,0.73809724179552,0.862977748177228,0.016137266804101564,0.058483948548432946,0.016142151396515137,2.417955200506583e-07
1085,0.5650481833339163,0.7601567958524419,0.019654327230664057,0.06925539288924018,0.01965679513539627,1.8333391627045614e-07
1086,0.18188480288715025,0.5071511077944608,0.025762263335351556,0.0898423657269314,0.02576623186068923,-1.9711284973689125e-07
1087,0.2902877978552252,0.6416502525938251,0.02019269064372068,0.05840958986143148,0.02019429402159386,-2.0214477480795523e-07
1088,0.17466184333234225,0.45490123331487126,0.02328157363099608,0.07445860535704381,0.023282964130591974,-1.5666765776356506e-07
1089,0.5414191385722362,0.7513025649248926,0.014955913317080077,0.04412988428126426,0.01495657725016338,1.3857223624125226e-07
1090,0.6114134458219787,0.8268432159536969,0.018580591028330106,0.049090319349811354,0.01858180536436193,4.4582197866738227e-07
1091,0.6667880393173828,0.8341275827417834,0.024200352257226564,0.06677019678884888,0.02421032129522669,3.9317382793946365e-08
1092,0.6470390447086447,0.8105092625438433,0.019957077740234412,0.07107010224246482,0.01996405393332355,4.4708644675317544e-08
1093,0.886261355502962,0.9464487327905501,0.007073203459794924,0.03116024814483669,0.00707370925143974,3.5550296206832144e-07
1094,0.43074940992570543,0.7650855682186735,0.022938570464052743,0.07042143596278681,0.02293979023509577,4.09925705435743e-07
1095,0.31381561155331583,0.588204417553323,0.025652257597949205,0.08333278815794556,0.025655200144219424,-3.8844668415194405e-07
1096,0.6686483677603026,0.8184154242648181,0.01417736369345706,0.05373405296260681,0.014179316481684301,3.677603025442622e-07
1097,0.1312647783366716,0.3903012570775891,0.018139431799121072,0.062332579632501404,0.018141387101406666,-2.2166332838691183e-07
1098,0.7885192504338259,0.895140828018242,0.012049261442285162,0.0524296969034566,0.012051551116481781,2.504338258990657e-07
1099,0.6048884975951709,0.7919826544930259,0.012421000643749996,0.05514382013958085,0.012423733648979807,4.975951709562665e-07
1100,0.3098047021684027,0.5843889226776889,0.01917501113888674,0.06327638821610662,0.019176276346069908,-2.978315972734791e-07
1101,0.6408478293597011,0.8153319515925991,0.016825173893955103,0.05017569520092417,0.01682619232381174,-1.7064029889102272e-07
1102,0.3749798287850824,0.6149288244128566,0.016879477421972672,0.057012960584134624,0.01688168723314332,-1.7121491757698948e-07
1103,-0.2477694772815311,0.1386170893294686,0.029798086703251927,0.08911572877042888,0.029798864827003686,-4.772815311027134e-07
1104,0.5852758884922724,0.7706106759560046,0.010446273540791029,0.04579518587923368,0.010446740533389103,-1.1150772760704086e-07
1105,-0.27279401603789477,0.4898895514075778,0.02745146751844725,0.06421583720605664,0.027452690255506167,-1.6037894789988627e-08
1106,0.7629550897366102,0.8769715328774358,0.011107765627880874,0.02974782091419006,0.011108287318041893,8.973661014266554e-08
1107,0.28466747556887406,0.548861662918006,0.030760250216210955,0.09396664278233013,0.030769311489213,4.755688740587516e-07
1108,0.8335381207748146,0.9209127330866996,0.012971114508105485,0.04408207931852355,0.012973221404667877,1.2077481459371597e-07
1109,0.32100256669317917,0.5752365782280002,0.014385527316230448,0.04556945712181406,0.014385831190156692,-4.333068208128843e-07
1110,0.09019112011756225,0.4165168445655748,0.025147370363994156,0.07795660817495909,0.025148515908820536,1.2011756225782655e-07
1111,0.831774882734272,0.9149323052374536,0.013034983664257812,0.050589374889000116,0.01303731078381706,-1.1726572801684654e-07
1112,0.8241850669520698,0.9163904258625226,0.010684294072587884,0.028582215827930586,0.01068502996299607,6.695206988815983e-08
1113,0.1633444477256627,0.4564006512828379,0.01944010998925784,0.07105161967007603,0.01944151619451302,-5.52274337289882e-07
1114,0.466180922127057,0.7732956156787584,0.021754401587695305,0.07012915471165336,0.02175779837166149,-7.787294303840397e-08
1115,0.5898080021665264,0.8141479042506518,0.01751300867470705,0.06533980586370691,0.01751561062742356,2.1665264027248554e-09
1116,0.7184927573836375,0.8563803650922298,0.01635742904277344,0.04347134967925155,0.016361733728200142,-2.426163625557365e-07
1117,0.7027057750634421,0.8470407553801872,0.011591114016884754,0.03702601940162781,0.011592055402603494,-2.24936557935429e-07
1118,0.279178194338386,0.5818078055432279,0.03340650222460942,0.09075491862531496,0.03341389645592533,1.943383859948078e-07
1119,0.39737144440615757,0.6509544246874682,0.026908352481640595,0.08666068567120203,0.026912139019600653,4.444061575958891e-07
1120,0.8357963146713351,0.9169986481882082,0.01700213972353515,0.04646145222657849,0.017005594947525543,3.146713350998809e-07
1121,0.7117797818649115,0.8520484030100013,0.014600044565429666,0.049112112447237115,0.014602148479487962,-2.181350884367106e-07
1122,0.5137117022793254,0.73655158266915,0.026772281957910184,0.07589262356105393,0.026775424675185667,-2.9772067455802187e-07
1123,0.7424795366533137,0.885822073289659,0.01285509549214845,0.03123687420206489,0.012855768026482948,-4.6334668635239495e-07
1124,-0.3453041781383097,0.2562927271956026,0.014419568512988269,0.06561399927004848,0.014420146306187933,-1.7813830971435962e-07
1125,0.02725382642181373,0.3132725273783537,0.026791653898828156,0.0943240126397318,0.02679377954367346,-1.7357818626884125e-07
1126,0.6234162751852628,0.8549391414349053,0.02028320773144535,0.055538448815130446,0.020287370141895786,2.751852627991269e-07
1127,0.6189108847655693,0.8161139084580853,0.013048114062207024,0.05533019181680064,0.013049790948599106,-1.1523443066430161e-07
1128,-0.09770835947924406,0.18373475887012006,0.039149284641406226,0.10734901698243436,0.039156086946467605,-3.5947924405255183e-07
1129,0.20050157202864782,0.48983540510582063,0.021712695231757752,0.07779271419102554,0.021713854045212092,-4.2797135219041493e-07
1130,0.3908940409402062,0.6756775398284137,0.021283889049511735,0.06344612153925881,0.021288205322551344,4.0940206169626236e-08
1131,0.07480067833936188,0.39276420739741624,0.018445597118144526,0.0673884487401686,0.018446201281041224,-3.216606381251097e-07
1132,0.23637782188023315,0.5386290497579946,0.01077614090974706,0.05989789788702934,0.010776233442063085,-1.7811976685266906e-07
1133,0.2713728708873522,0.5842592576168837,0.015404064322304666,0.054859146037193586,0.015404566239889674,-1.291126477953597e-07
1134,0.5074267530623496,0.7296438020400433,0.021333055284179673,0.07935832821857765,0.02133617831820779,-2.4693765032779424e-07
1135,0.2021197364022037,0.6816105377883237,0.030848153993554638,0.1026143588611666,0.03085194166483647,-2.635977962850422e-07
1136,0.14026531943642295,0.4825791282121568,0.027045033383544904,0.07271996449496726,0.027046898211189482,3.194364229519575e-07
1137,0.4283418492745247,0.6924519522546891,0.02481151233408202,0.06795668527201652,0.024815091873862185,-1.5072547532302139e-07
1138,0.8729322794667325,0.9400829131146083,0.008423799035859379,0.02151076850759273,0.00842425476041036,2.794667324224065e-07
1139,0.44728227731058456,0.671426167121664,0.015835397688085964,0.052621633510905215,0.015838239685976977,2.773105845510493e-07
1140,0.07677873886870323,0.4500670592682203,0.030163136398349603,0.0949588864541411,0.030164801366279668,-2.611312967665258e-07
1141,0.7022676885514494,0.9006480325785802,0.01336647230468751,0.03627456818055687,0.013367273435193502,-3.1144855061615573e-07
1142,0.34484269814391133,0.5986063785961061,0.020449553747753927,0.06776904578381446,0.020453678180824893,-3.018560886802746e-07
1143,0.3658978527481668,0.6749581640697453,0.017444185804326197,0.06447916758320624,0.01744483407651542,-1.4725183322683577e-07
1144,0.41041983639288193,0.7572063515530492,0.021555727297460907,0.07927831728436921,0.02155831927574575,-1.6360711807550388e-07
1145,0.5958913286847403,0.7768295920601908,0.015494502498261694,0.05360146341741978,0.015495758314339587,3.286847403138893e-07
1146,0.8986242749910942,0.9501645064424402,0.008959682041699227,0.029231396230056838,0.008960629232180719,2.749910942290157e-07
1147,0.8284112489881383,0.9119730531468566,0.00998718009341795,0.02332737978221208,0.009987472085653724,2.48988138329409e-07
1148,0.28887391885291636,0.6838279671367481,0.027301727016484326,0.08432325440629007,0.02730442474798523,-8.114708366369072e-08
1149,0.8877136882973037,0.9431615751839871,0.007196931611806647,0.030017766036027665,0.007197255321103855,-3.117026963206371e-07
1150,0.26731224389380515,0.5229798867018756,0.011592782541298825,0.04421708588925401,0.011592933578326867,2.4389380515188464e-07
1151,0.8913164441387567,0.9443328138200472,0.009351606754296872,0.028625616103013556,0.009353768892006913,4.44138756661161e-07
1152,0.8172458197947303,0.9078741236954455,0.009749356752832039,0.024997034713294494,0.009749681403280723,-1.802052697064127e-07
1153,0.04398949952194764,0.39764139329214,0.025136593977929673,0.06855226064392861,0.02514092136153312,-5.004780523620855e-07
1154,-0.24812024664186882,0.31039723424442484,0.017592492924599558,0.06864634370330551,0.017593363473429206,-2.466418688173988e-07
1155,0.8101587070238727,0.9191001008806564,0.01512335416542969,0.05372347372054021,0.01512626858292586,-2.9297612724743516e-07
1156,0.2363875278878096,0.6276087329496334,0.03251751300283208,0.10334410804991265,0.03252246673064934,5.27887809576022e-07
1157,0.23387119739668505,0.5107273703946712,0.021271471109599604,0.07401833616830736,0.021272248799403513,1.973966850532527e-07
1158,0.17511147858277631,0.4442416449021718,0.024574545498427684,0.08629763673718449,0.02457519062716338,4.78582776325398e-07
1159,0.465913405130727,0.7112185089827955,0.01585555885884766,0.06203812027536661,0.01585594535591936,4.051307269659077e-07
1160,0.47513520046181523,0.754286248806485,0.02258620522490238,0.07110539627873837,0.02259091925620993,2.0046181525845697e-07
1161,0.3178305026010396,0.5866395618904116,0.015587865638710929,0.05649373647852627,0.015588458519074437,5.026010396202985e-07
1162,0.14974658818355135,0.44374473854793994,0.03392417072275391,0.09637193429134615,0.03392753040425552,-4.1181644863663713e-07
1163,0.7041621715683288,0.8431765672418347,0.012323228459277337,0.0554577743860485,0.012325779529564304,1.7156832887721407e-07
1164,0.35012207446490995,0.602054374602918,0.0289348633075683,0.07863812684097812,0.02893667692913127,7.446490996043664e-08
1165,0.5203580845578747,0.7614659278074862,0.016481628195839853,0.05205869403199941,0.01648208119298542,8.455787470218468e-08
1166,0.2905684355466157,0.5642251063504276,0.016550386288740226,0.05690635000903644,0.016551330786624758,4.355466157179855e-07
1167,0.027938350503755816,0.46156850280283823,0.030169716834345706,0.10282749563249194,0.030172601406549236,3.5050375581449633e-07
1168,0.30798189758680783,0.6289238099750658,0.03186017474839842,0.09208813959608661,0.0318627974647922,-1.0241319214898681e-07
1169,0.3367425007670809,0.7020964285054851,0.02607874234541988,0.09178821852981288,0.026080642355424337,-4.992329191155775e-07
1170,-0.06814507000468528,0.18127642734963462,0.026913943001396448,0.10022204508709656,0.02691642681804016,-7.000468528473025e-08
1171,0.13065452175749648,0.4297797208519758,0.035899093561132765,0.10823915774536212,0.035915671804249545,5.217574964855309e-07
1172,0.5861215187900694,0.7757950930963579,0.014593710650195333,0.03996702351233599,0.014595404134503493,5.187900693481851e-07
1173,0.3876241418341063,0.67517387528953,0.015338865983759758,0.058607191548908456,0.015339235447805992,1.418341062930928e-07
1174,0.6138668579236557,0.83469778582367,0.02134061374902343,0.05643861077796607,0.02134355218201734,-1.4207634435603467e-07
1175,0.22464819894291255,0.5649237321638451,0.02303890513447269,0.07425836723494034,0.023040149601381902,1.9894291256039587e-07
1176,0.18206919302962898,0.4588267830623802,0.02420658267543948,0.07563669511010046,0.024208002602126185,1.93029628975383e-07
1177,0.13368048651459807,0.40953118826327733,0.012956291283261704,0.06716874741501597,0.012956487823075919,4.865145980803565e-07
1178,0.49562913554501364,0.7100361512130424,0.01614022866439455,0.05647528619835131,0.016141439649109433,1.3554501365753424e-07
1179,0.8146306590217814,0.9105837565583738,0.009688692337099633,0.02475859384809575,0.009689056525383795,-3.4097821854928156e-07
1180,-0.12381610613610983,0.3260893118125374,0.021132508492392586,0.0750932722323288,0.021134549974102752,-1.0613610983145616e-07
1181,0.2668506327717892,0.5205173655127313,0.015298495993740224,0.05552394818913303,0.01529896739332602,-3.6722821078472023e-07
1182,0.7783787874316122,0.8929149450858199,0.011613995798730466,0.035704849913064295,0.01161536894557801,-2.1256838789174282e-07
1183,0.7964320731406201,0.9041111671783051,0.009124742308867173,0.028902811395664467,0.009125023636722152,7.314062011598566e-08
1184,0.3867394886635208,0.7199784809761212,0.01900340340785155,0.06882846216040879,0.019004701915892867,4.886635208145584e-07
1185,0.13158376770368319,0.4904296229903787,0.015515588368369105,0.05723222870108041,0.015515863027693881,-2.322963168210901e-07
1186,0.22203530120080672,0.47381406564252465,0.007722490797258799,0.04884161799516191,0.007722562656901319,3.012008067126981e-07
1187,0.14262690843811754,0.6824866928571072,0.0562429763975586,0.1386964065784871,0.05625403184492579,-9.15618824648412e-08
1188,0.24018940864322402,0.5264234432373921,0.014730579091015645,0.05788017019716168,0.014730932884125341,4.086432240091309e-07
1189,0.4494341199535591,0.6704413877896281,0.013646901527128896,0.048114511703128984,0.013647181579304422,1.1995355908567262e-07
1190,-0.38663834931982066,0.3697086445279481,0.02877338496025392,0.07338400133214558,0.02877852420896219,-3.4931982068053813e-07
1191,0.08540783316370215,0.42375497087474384,0.03013850221953125,0.07893236585515016,0.03014481726634382,-1.6683629784630671e-07
1192,0.4571814006324191,0.6934782202318,0.0285470189505859,0.09083793807484644,0.028558098904664066,4.006324190730659e-07
1193,0.2474223460571473,0.5039672860378606,0.010514539938320319,0.04435428468947864,0.010514663649541806,3.4605714729907255e-07
1194,0.017838825427382243,0.5853143288126177,0.021214126057812543,0.05833524564036366,0.02121536050475009,-1.7457261775738475e-07
1195,0.16792689362702418,0.45122471679222226,0.018916611337841786,0.06915914910489732,0.018917179589864455,-1.0637297581661542e-07
1196,0.2623749522761609,0.5779803649658005,0.025757402948242223,0.07985661019494016,0.02576015635088996,-4.772383910278677e-08
1197,0.6744820169656676,0.8791162815884236,0.025825601346386725,0.06963963734746012,0.025831348036051766,1.696566753750517e-08
1198,0.5510527388641782,0.7691497585994421,0.014555623830859359,0.05552430781871814,0.014557221469902737,-2.6113582185516293e-07
1199,-0.03666057234609399,0.33273769595788066,0.0340795506533203,0.09887699117629548,0.03408366972274853,4.2765390600996156e-07
1200,0.5026732292796242,0.7541479269519955,0.02804946617539063,0.0733987359898746,0.028059551067057507,2.292796241754047e-07
1201,0.9190021966634934,0.9662722047004316,0.007550198808837901,0.024599280130786466,0.007550807138406878,1.9666349337921218e-07
1202,0.2727287473900185,0.589251327956096,0.014047211090732424,0.053643140676362715,0.014047446168282225,-2.5260998148812774e-07
1203,0.4157127420397232,0.65126706560989,0.01906870407373045,0.056527478049202225,0.019071992193895035,-2.5796027680602407e-07
1204,0.7582165234619683,0.8781725750355928,0.015091627855761708,0.03892832001211488,0.015095235905462117,-4.7653803170177866e-07
1205,0.7750262727559004,0.8820386067431,0.01547822593115233,0.040354247604267215,0.015480280851745827,2.7275590042119546e-07
1206,0.8857604185038708,0.9535379776591413,0.009621355620800793,0.033469310724727065,0.009622702675042434,4.1850387078046225e-07
1207,0.4362136977507878,0.7892005592185993,0.02084838832021487,0.07090655919842884,0.020851240244429053,-3.022492122140008e-07
1208,0.2534765103550163,0.5135623103315785,0.027833755299697234,0.08675017420044877,0.02783536920275422,5.103550163032544e-07
1209,-0.24408295634834998,0.2794803936430834,0.028870359824218764,0.0897483317372276,0.0288727933037935,4.365165001685156e-08
1210,-0.2825809753277877,0.30030172087272694,0.028495466470771464,0.09516685106173975,0.028496305867360874,2.4672212328713528e-08
1211,0.2379915738226498,0.5181817914423522,0.013448810565507816,0.05657134203980772,0.013449263464344257,-4.2617735021566183e-07
1212,0.7257963943847547,0.8522444830259095,0.013183065183593733,0.03742745312154049,0.013183870350505843,3.9438475474273815e-07
1213,0.909207389363509,0.9539386427235496,0.008976458323535157,0.026216571912316015,0.008977455776327624,3.8936350899021477e-07
1214,0.8271515850027401,0.9141600411314265,0.019728101188769557,0.05011243388352829,0.01973705780441632,-4.149972598899154e-07
1215,0.3633569656305119,0.6917427816176864,0.022308554238281285,0.0624446592823381,0.02231084321924136,-3.4369488088881184e-08
1216,0.008931725802802215,0.5052520416462153,0.018450971866250034,0.07068475129298885,0.018451730634626844,-2.741971977856389e-07
1217,0.3848623615512847,0.6775368636352282,0.020015486467812527,0.07198519433218822,0.020016432443208807,3.615512847443547e-07
1218,0.0248423759075439,0.40311822008938747,0.023251572960859335,0.0820072217860873,0.023252933454651306,3.759075439015158e-07
1219,0.29002448718695806,0.5389489397532887,0.017688191169775377,0.06054817686443645,0.01768889775155784,-5.128130419196353e-07
1220,-0.06099147700654162,0.3057399161173749,0.019796974073144513,0.059215924655832676,0.019797576707024006,-4.770065416201397e-07
1221,0.6378445769677021,0.8056464513934248,0.018165020429296908,0.06647342305479609,0.018168282940567455,-4.2303229785822793e-07
1222,0.49459201253952,0.7655284053643805,0.01710304854541019,0.057181537030132575,0.017103528058383517,1.2539520033438833e-08
1223,0.6541040076317675,0.8710328015476646,0.026506288778027336,0.07292372862110133,0.026513992612132935,7.63176744023042e-09
1224,0.12146211174347477,0.43849061291473906,0.03074799365843751,0.09261017887712235,0.030749364584725724,1.1174347476494706e-07
1225,0.3090552152939058,0.603794158034594,0.028021751185253897,0.08619680673040953,0.02802562266999259,2.1529390575869556e-07
1226,0.8083875087888052,0.9000097469111822,0.010641555834619142,0.03195039659382725,0.010642507391847553,-4.91211194830754e-07
1227,0.904693259091847,0.9520017654395535,0.0076860343661816445,0.027583828439608642,0.007686425804564118,2.590918469769221e-07
1228,0.7060307683673406,0.8785256305660448,0.02457026690761715,0.07263955742368172,0.024575530180104336,-2.31632659386527e-07
1229,0.7863136270327837,0.8915748943715944,0.00921556051922852,0.028102653177913522,0.009215999213601327,-3.7296721622226414e-07
1230,0.32816159702840986,0.5809555108461866,0.0276174146003906,0.07655617987966265,0.027621060624586743,-4.029715901521236e-07
1231,0.6753375927776225,0.8323292876597019,0.02165490504892578,0.05998634270722263,0.021660070271733303,-4.0722237748536116e-07
1232,0.45397507040677965,0.6769697795379805,0.018091322099941392,0.06603676483287343,0.018092076408721923,7.040677962866226e-08
1233,0.8244222102458957,0.9104112192709518,0.014834108084960926,0.04324468082796014,0.014839171860355407,2.1024589569318408e-07
1234,0.3143511035221216,0.6360532632636852,0.03211956901075199,0.09708639531413629,0.0321216516495159,1.0352212159725482e-07
1235,0.22203341232889207,0.4870587335827695,0.022771861470507818,0.07058986403180957,0.02277520145152316,4.123288920576673e-07
1236,0.8287682293600105,0.9183997049974463,0.015088603173925779,0.03956126165970749,0.015091155918405156,2.293600105396365e-07
1237,0.2083373194781606,0.49543977481331786,0.028666889350683615,0.08287720603768062,0.028673534522595124,3.1947816059307854e-07
1238,0.7517329235578936,0.892124789663488,0.01598976949472656,0.05530740648121117,0.015994874420446076,-7.644210642254734e-08
1239,0.2707256705678116,0.6321623273331527,0.04075114607636709,0.11372764712250803,0.04075876376296222,-3.2943218841730015e-07
1240,0.5139091401425278,0.7411292144511249,0.024053875322558583,0.07554544692859846,0.024057467971001244,1.401425278046986e-07
1241,0.9446849073796523,0.9807515127549977,0.008246271353027355,0.02418591828392325,0.008248068188083674,-9.26203477247256e-08
1242,0.445927753824527,0.6974253725223613,0.016991344136210933,0.0525660197994788,0.0169919192148029,-2.4617547300653797e-07
1243,0.48498085869171637,0.7426751552330938,0.0174950009694336,0.05194683766470569,0.01749711383166463,-1.41308283629904e-07
1244,-0.048247587868794906,0.4560512925688671,0.03225680895800785,0.08415925550919122,0.03226458622359099,-5.878687949073536e-07
1245,0.561512346610119,0.7705050685188808,0.0120273380226465,0.04452917509224373,0.012027678552326379,3.466101189397719e-07
1246,0.8717200786671131,0.9431489971502081,0.011094542061718738,0.03810308469812791,0.011096429006142303,7.866711304593821e-08
1247,0.24780882476335853,0.5110617349292802,0.02258619949573247,0.07262866937035403,0.022587186916743978,-1.7523664147534035e-07
1248,0.5746023238821393,0.8080281389923233,0.01914240188710934,0.060052984588708204,0.019145227481455737,3.238821393303226e-07
1249,0.4464957287281127,0.6985115518505801,0.018114235169482427,0.06090913170432054,0.018115325270049748,-2.712718872865949e-07
1250,0.48195213579507923,0.7738091161934652,0.022688196228417935,0.06292947127793598,0.022693161501231667,1.3579507923688894e-07
1251,0.5631413586404319,0.753500767396448,0.01404962145887697,0.0376643678339205,0.014050085172946048,3.586404319078085e-07
1252,0.5943268024620073,0.7892582689159711,0.012843788510449218,0.056997627341140736,0.01284539146501297,-1.975379927410259e-07
1253,-0.23353702739392768,0.18205488201002795,0.016690272082060573,0.06774247698121036,0.016690574402941187,-2.739392768180693e-08
1254,0.2633077247598491,0.5578483561335578,0.020920468968691423,0.06806874550964792,0.02092136848502157,-2.7524015089319676e-07
1255,0.6812783434342232,0.8304091216408942,0.012465895545800776,0.03168453209814395,0.012467247748478473,3.4343422317117955e-07
1256,0.12305730975504392,0.38862430411435933,0.02066001526416019,0.06652127663367288,0.020662864235085485,3.0975504392016795e-07
1257,0.742795476118074,0.8646363691762718,0.015412506657812504,0.04928756120893568,0.015414702830603007,-5.238819260622307e-07
1258,0.41562830977712617,0.6704688418712698,0.03378298449863279,0.0936293800225481,0.033788146628022916,3.09777126172861e-07
1259,0.1713571783313591,0.43709100977584325,0.018256278600107433,0.08097801185038407,0.01825670152499634,1.783313590963953e-07
1260,0.03931281172470469,0.41603243438083803,0.02591111327162106,0.08108655415199413,0.025912839193425123,-1.882752953125122e-07
1261,0.7853215287076807,0.8931529012281177,0.015537339537011733,0.0471619261568398,0.015539566753186415,5.287076806359536e-07
1262,-0.10595337723898135,0.37524708251771643,0.015896779545371106,0.062414857147817415,0.015897024221398975,-3.772389813444521e-07
1263,0.23649174824157004,0.49929699065891364,0.01766140690503903,0.05810129529795245,0.017662140341136,-2.5175842996438824e-07
1264,0.19359232869487364,0.5028897296702937,0.026961676311523467,0.07602844570561305,0.026970177492169185,3.2869487365250194e-07
1265,0.2261083153736836,0.5086733460467763,0.029847775198632777,0.0851517039731222,0.029856183350729138,3.1537368358480755e-07
1266,0.060811728369866036,0.5875481892909923,0.056818906146581964,0.1281761991783398,0.05684716939952515,-2.7163013396197533e-07
1267,0.24898189766324108,0.5271352208089284,0.020221463445751924,0.07467458481578253,0.020222007106728626,-1.0233675892812322e-07
1268,0.7450012094753877,0.8911247424112374,0.013388520841796876,0.054530493355157514,0.013390856924994525,2.0947538770244023e-07
1269,0.505587049192046,0.7113453117522442,0.015250474103144543,0.052394372789448265,0.015251754580519729,4.919204599218574e-08
1270,0.9310191568787397,0.9704984046119234,0.007738904825878907,0.020470065153735454,0.007740340666038763,1.5687873966552246e-07
1271,0.7731975239607298,0.9044990056521037,0.01333391324179687,0.052138735274411756,0.013336041846110449,-4.7603927022521475e-07
1272,0.09860485148257703,0.38069319910362776,0.01861929701258791,0.06738390069628437,0.01862010420509106,-1.4851742297095072e-07
1273,0.37598283536134036,0.6757988922725724,0.028551556973925776,0.07929646010017245,0.0285595575769865,-1.64638659649885e-07
1274,0.13272977821969745,0.4132679293611711,0.01444932012762696,0.06666571418628606,0.014449634127713313,-2.217803025394982e-07
1275,-0.8141173007376357,0.3385638122447496,0.034907408077539163,0.0867304551988822,0.03491352941428107,-3.007376356833902e-07
1276,0.18330389632304123,0.5310604804594086,0.03210791820026367,0.09478006162078774,0.03211048404018878,-1.0367695876811744e-07
1277,0.09310018233273376,0.3737350082973425,0.025717453328710938,0.08863261285551677,0.025721985007451962,1.8233273375856118e-07
1278,0.4467892695168455,0.696643484816793,0.019743045116279324,0.05909546847298249,0.019744995437681278,2.6951684550802213e-07
1279,0.5153463151868938,0.7496024957588211,0.024694374218945325,0.06348489210230218,0.024701221469170122,3.1518689380671816e-07
1280,0.7740123015639191,0.8888158893097483,0.014238221629199214,0.05014304681069997,0.014240430307123462,3.0156391905844515e-07
1281,0.8036105036624266,0.912438851253765,0.010979155151660185,0.037274778472114724,0.01098151982977893,-4.963375733746389e-07
1282,0.4880717525321874,0.7499929986230771,0.019526882475683596,0.04217592552513637,0.019528989198592674,-2.474678126307417e-07
1283,0.187992841288402,0.4551644546176728,0.019078867228681656,0.06868700189526294,0.01907984032953982,-1.587115980028475e-07
1284,0.11243322955732216,0.5193260572575231,0.02548769408521484,0.09080826356537355,0.025488637645268535,2.2955732215113045e-07
1285,0.7242678178741714,0.8858667074971235,0.020183248999999997,0.04551004241249375,0.020190392791024827,-1.8212582864052251e-07
1286,0.6412157622593859,0.8019051036715019,0.015244165870312503,0.053938298728757036,0.015246131024944801,-2.3774061408410319e-07
1287,0.14302245944427305,0.38741093630400236,0.00831832609401464,0.04932281847535485,0.008318361543494284,4.594442730432302e-07
1288,0.2376641925503793,0.5331300932330036,0.026042575911230485,0.08686269008618837,0.026045858775548516,1.925503793076544e-07
1289,0.48934091489221043,0.7030796138516283,0.015592455996386713,0.05057470090276142,0.015594228935462843,-8.510778959358589e-08
1290,0.020041330394457768,0.43706891388350994,0.034997679005566426,0.10640558232442426,0.035001252846989746,3.303944577683071e-07
1291,0.6742022739703797,0.8609824500072771,0.008491949966435534,0.035014094628296466,0.008492167549780235,2.7397037971610416e-07
1292,0.39522090341087424,0.7090507924046104,0.022206439426748055,0.0729611094062589,0.0222076426237229,-9.658912575316592e-08
1293,0.3759920708191916,0.6677319324851672,0.015453581293701179,0.05914472918474286,0.015453953337273625,7.081919162210681e-08
1294,0.4193295084664592,0.6847808759584455,0.02358673580937498,0.06588960830309701,0.023591825698585797,-4.91533540758482e-07
1295,0.4657951800355221,0.731524900698696,0.010859737791162111,0.0508748161412633,0.010860601094043926,1.800355221015515e-07
1296,0.8313578733963611,0.9209721326502796,0.012452372488671893,0.03695903565537951,0.012454032496626593,-1.2660363890582005e-07
1297,0.4374300422233386,0.707501370717629,0.018349193341757834,0.0665675934361793,0.018349749112720044,4.222333860326444e-08
1298,0.26087986357597426,0.566057344806101,0.021378552575488326,0.07497093768644836,0.02138188785492364,-1.3642402574287615e-07
1299,0.738533047886764,0.8607178660665767,0.014639068539648423,0.04521066286026322,0.014642916724520876,4.7886763998583604e-08
1300,-0.23425213230728414,0.028698300620017284,0.02551854030252929,0.09373258821332087,0.025520398950122376,-1.3230728415636328e-07
1301,0.39697144983503696,0.6410008373118038,0.02081075722861331,0.06608505932352461,0.02081300923992039,4.4983503694195903e-07
1302,0.7720140758288849,0.9085487400547085,0.00802929044589842,0.035358591750822885,0.008030108988634089,7.582888494894746e-08
1303,0.5466415893924107,0.7695668149212983,0.016293409890449202,0.046287779115029785,0.016294841131525146,-4.106075892629235e-07
1304,0.043074650627426325,0.3639639047907049,0.01892432510448241,0.059385032173256726,0.018924766367393122,-3.4937257367695373e-07
1305,0.5349259808250928,0.7662396124002326,0.023019404631445296,0.07384894738366808,0.023022121743693304,-1.917490721758952e-08
1306,0.14595667600067952,0.3948063014589211,0.009609512172753921,0.052643912398591404,0.009609694314131174,-3.2399932048399194e-07
1307,0.7634827717475738,0.8839099855600241,0.0165247698165039,0.06162957124661634,0.01652781092049102,-2.2825242618207398e-07
1308,0.39351218889241446,0.6493075434309472,0.012683836054179698,0.0492372606505052,0.012684113402086,1.8889241448771799e-07
1309,0.3907952416348197,0.6645901980063758,0.01795635266924805,0.0590191738147578,0.0179577266100624,2.416348197087359e-07
1310,0.6866301126458314,0.8315849618826237,0.017942465980957042,0.06041964312548593,0.017948687620700707,1.1264583144043883e-07
1311,0.3039807110785969,0.5642469737412956,0.020863773436728485,0.07953129102862351,0.02086506557497758,-2.8892140307990033e-07
1312,0.4074581316928737,0.6448669537154188,0.021501532222460942,0.0699152062923064,0.021503982678701516,1.3169287371717076e-07
1313,0.11042357571624017,0.37543840425305725,0.01649252605419922,0.06977268687026546,0.016492838482161796,-4.242837598200655e-07
1314,0.6006758222815387,0.7940160075528893,0.01780319087255859,0.060006643611880794,0.017805974133278352,-1.7771846128056268e-07
1315,0.29559939642570543,0.8161416558520995,0.023704722732285157,0.0605755424176652,0.023707038030369613,3.9642570542897104e-07
1316,0.6041088241887171,0.8711086024688204,0.009634356131455092,0.04060384281722761,0.009634614504742843,-1.7581128286536796e-07
1317,0.26024747960167827,0.5308824844624679,0.02165079458876956,0.0694713220069792,0.021653614562813048,-5.203983217128005e-07
1318,0.21335015998244122,0.49003404310211224,0.02758516306318356,0.08703534262190893,0.02758871097141448,1.5998244121129268e-07
1319,0.6278988086822965,0.810825171429432,0.015943923315283215,0.04548522504259788,0.015944997691619424,-1.913177034573721e-07
1320,0.2380926852052364,0.542767164022641,0.032417738936425744,0.09751626870362576,0.03242121336223995,-3.1479476358953207e-07
1321,0.4869181765717261,0.7032000383936268,0.01554430703095703,0.0590458379159828,0.015546012159544922,1.7657172607377092e-07
1322,0.5471216355653068,0.77673760056879,0.014006618806347647,0.04151428523056872,0.014008382234735208,-3.6443469320079913e-07
1323,0.8572043400204248,0.9316268567213658,0.011671600281542958,0.04165117421249597,0.011673472339959254,3.4002042481606765e-07
1324,0.32627395800715187,0.5808159205094543,0.019277070517197264,0.06959018493413895,0.019278353796433192,-4.1992848143213024e-08
1325,0.34301119364959265,0.6800397133670228,0.024172866480468746,0.08514033613567051,0.024175608700423144,1.936495926391224e-07
1326,0.3982017630643917,0.674781767418103,0.03289507503730471,0.0916682265145514,0.03290829781843541,-2.369356082998486e-07
1327,0.651313700665975,0.8234853226167401,0.01852538058583983,0.04953061526418567,0.018528172683263882,-2.99334024900233e-07
1328,0.46348159960117885,0.6922408525294619,0.023517604839453123,0.07566252225722495,0.0235228115667478,-4.003988211542797e-07
1329,0.38254495538681,0.6569074826162272,0.02042384448203125,0.05078952186960963,0.020427760794277473,-4.4613190031128624e-08
1330,0.5125086070488748,0.7388848121096668,0.015191857677900381,0.06202479509023648,0.01519319444078188,-3.929511251943296e-07
1331,0.6121985636219618,0.7948711140725385,0.01806902291171869,0.05667705535872924,0.018071426727723446,-4.363780382599103e-07
1332,0.3091105242378429,0.6448122674063803,0.018487646007822295,0.06280442721975239,0.018489043212615103,5.242378429137773e-07
1333,0.6513701231603131,0.8128189775225766,0.017743857014160147,0.05360047968435155,0.01774632218061911,1.231603130591452e-07
1334,0.8373133578751351,0.9479978246534418,0.012229880337207021,0.04607289226637084,0.012232145390479695,3.578751350818976e-07
1335,0.5675169408255725,0.7782331184173565,0.024268469914257802,0.07769008216694294,0.024276462461276866,-5.917442758018865e-08
1336,0.38953757589401683,0.7486498110094869,0.027430376311914053,0.08389034105857585,0.027434594863723218,-4.241059831655569e-07
1337,0.5577499289043497,0.7808772001629258,0.013333796534521486,0.04985935423817376,0.013334164746946982,-7.109565025587017e-08
1338,0.8391140914863243,0.9212027499223684,0.011854150522851575,0.036908538790441106,0.011857387673873995,9.148632429401005e-08
1339,0.21332154575435813,0.5494633199524662,0.016952410302939463,0.06819027789642722,0.01695368221921013,-4.5424564187879213e-07
1340,0.5251384516000007,0.7838769354883467,0.0177440917590527,0.04217633373267258,0.01774536070069401,4.5160000072819173e-07
1341,0.43617119080487055,0.838735844187757,0.03044199816845703,0.08551304366844645,0.03044721967176853,1.9080487057010487e-07
1342,0.8015001129375878,0.896393865182238,0.011107419633691416,0.04387628943109819,0.01111001810249732,1.1293758783725849e-07
1343,0.4054513923230264,0.7175397457753541,0.0211070619549805,0.06312411282277344,0.021111755640831575,3.9232302639913286e-07
1344,0.2878180668681565,0.6460259338121821,0.01927286827458014,0.08398583978409178,0.019273336322156186,6.68681564564011e-08
1345,-0.8426148804755815,0.1881022752300126,0.025011797138251947,0.07137085388064704,0.02501230718321707,1.1952441847373763e-07
1346,0.26913666483374576,0.5354361388752209,0.01920512154348633,0.06702409463200279,0.01920609297960268,-3.351662542505629e-07
1347,0.656878035361443,0.8313177491359034,0.026987135581542983,0.08040428873672169,0.02700103174623438,3.536144299598476e-08
1348,0.07128176149085863,0.38477975156997174,0.026878815904208958,0.084515254271055,0.026880076663939136,-2.3850914136758217e-07
1349,0.1807614147956047,0.49587555720733784,0.02257351868821292,0.06960498035437761,0.022574871629617015,-5.85204395303629e-07
1350,0.4457469446201666,0.7059606774995475,0.017329865950683598,0.052610310181617916,0.01733223224582352,-5.537983338577135e-08
1351,0.6287136498930221,0.8334331698037789,0.017189467019238257,0.055550266739719564,0.017193418006519193,-3.50106977853315e-07
1352,0.5197182672489662,0.7445913522363372,0.015843774458271467,0.05193771826308763,0.015844736287953142,2.6724896617924543e-07
1353,0.4047256849570682,0.6613589139685792,0.02269648369580081,0.07205345586803512,0.022702073575162452,-3.150429317977377e-07
1354,0.4151012869552132,0.6478480699629641,0.02620681367294925,0.06543496290228622,0.026209532985383175,2.869552132023223e-07
1355,0.2854174933314396,0.5502881789109408,0.016737212210742196,0.05850910546805691,0.016739563001141045,4.933314396438071e-07
1356,0.7523860570084057,0.87417030381258,0.012721074128222676,0.04028626357626143,0.012722391127251865,5.700840566280618e-08
1357,0.6682243305084159,0.8743651956253675,0.0119362067550879,0.04342138014462818,0.011936609137226986,3.305084158577998e-07
1358,0.6979422770345385,0.8396671867500467,0.014089559113203134,0.03225305798564623,0.01409030477607717,2.7703453853167304e-07
1359,0.25491468584397214,0.5592024110106706,0.02492891912589847,0.07514032747894404,0.02493001661503391,-3.1415602785855867e-07
1360,0.8144182301755787,0.9150156330547193,0.007644894679570316,0.031144188623786574,0.007645560294633373,2.301755787081916e-07
1361,0.8721496625218785,0.9411816356369981,0.008368871101796871,0.020773459749117158,0.00836922822078228,-3.374781214482425e-07
1362,0.4716418944060081,0.6881170109990145,0.01609030181183592,0.05022863203097776,0.016090785001375094,-1.0559399188370122e-07
1363,0.18335267465744898,0.4349361525944347,0.01772254120939456,0.06727946023011104,0.01772309694705137,-3.253425510107988e-07
1364,0.7249246884709042,0.8849871612370749,0.011475071105361345,0.02879930381568075,0.011475486495251009,-3.1152909585330235e-07
1365,0.48399034255341467,0.7107697540194735,0.032600396279492176,0.09095619379363477,0.032615559435720975,3.4255341468947265e-07
1366,0.6964612653891178,0.8817155306814992,0.02014292470683593,0.07010670768293695,0.02015110798917079,2.653891177928358e-07
1367,-0.0804905945479526,0.3994773120766632,0.020601588637499956,0.052960602685527894,0.020601923176472955,4.054520473945056e-07
1368,0.12297454863055313,0.40787921053150156,0.019767337389765667,0.08227115062117511,0.019767780686596476,-4.513694468744056e-07
1369,0.1496798269476215,0.4200951923935154,0.023218268484921808,0.07999646028034889,0.023219421435773237,-1.7305237851039657e-07
1370,0.6049468828898947,0.7996512763108852,0.014381415076777346,0.043241821680494966,0.014381736176362781,-1.1711010527992727e-07
1371,0.6241128705360295,0.825120222873032,0.010132478268603503,0.03782700336355317,0.0101326565353684,-1.2946397054403036e-07
1372,0.2753441579286098,0.5404748003305814,0.016853935037207078,0.06472713609355155,0.01685645007518458,1.5792860980079482e-07
1373,0.03719725033025345,0.30271232573626694,0.02284562777957033,0.07840311014848547,0.022846511229713814,2.503302534498375e-07
1374,0.06025026983894577,0.3056812791906971,0.01571870107868164,0.06751191449032369,0.015719201404671573,2.698389457711503e-07
1375,0.5050339992454673,0.7869409826983087,0.027662759375585967,0.07800271141189406,0.027667034377836595,-7.545326585756129e-10
1376,0.3440292378815999,0.6328319750036684,0.030354382147558614,0.07573592161338419,0.030361440128846597,2.3788159991822155e-07
1377,0.39000452628558124,0.7582725822341424,0.031176785083984394,0.09351005589202206,0.03118855237197043,5.26285581226027e-07
1378,0.4988781398077482,0.7183527604571565,0.012912079448740272,0.037968979129510166,0.012912272224574412,1.3980774821176212e-07
1379,-0.30852098010557416,0.12063672853803073,0.018997301977607416,0.07305643274173976,0.01899810536777738,1.989442582894796e-08
1380,0.4020855615607343,0.6801214002139556,0.029638426562988273,0.09250088052430415,0.029643218810242653,-4.38439265726398e-07
1381,0.012489605234710877,0.312677628103718,0.016024394411855467,0.056901630697188156,0.016024849064706668,-3.947652891227865e-07
1382,0.7332372509981102,0.8625212437265419,0.013661141938769529,0.05583088508787467,0.013664443806772331,2.5099811018503004e-07
1383,0.340095273480032,0.588842004470374,0.0173305008692383,0.05316292811765012,0.017333942093559214,2.734800320092212e-07
1384,0.6479367147014208,0.831646846069867,0.018771617239257837,0.048658777595336856,0.018775672946084978,-2.852985792056728e-07
1385,0.9024050940100973,0.9561300966133514,0.00886347789814452,0.026242495161504956,0.008864560637742215,9.401009726239806e-08
1386,0.8837303760512484,0.9428989073939071,0.01058733113125,0.028054859281371077,0.010588559070562574,3.760512483630407e-07
1387,0.1538694500916522,0.5100182199935066,0.01975806320166018,0.05598128799619116,0.019758917085633106,4.500916521987808e-07
1388,0.12715661714132798,0.4099497903619136,0.022703565862705083,0.07782106049809827,0.022705496371195667,-3.8285867201559576e-07
1389,0.9470003602668501,0.9733703855691723,0.008181076538867191,0.022733207143631702,0.008182427813634832,3.6026685013013093e-07
1390,0.39286363606331176,0.6824473472362668,0.017053965675312515,0.0682952791671853,0.017055484710119383,-3.639366882302042e-07
1391,0.6102346410127599,0.7992439224453335,0.015021379590722646,0.03943959728410517,0.015024041574447271,-3.589872400455718e-07
1392,0.4723258230437859,0.7636373420182431,0.016683358947763658,0.06052315528436311,0.016683780525375457,-1.7695621412627816e-07
1393,0.5442770375173502,0.7748756698464565,0.024641179485546862,0.07177743244541306,0.024646144557346362,3.751735022650138e-08
1394,0.06934648188200077,0.5071572498367356,0.020805810490859403,0.05834461374433194,0.020806426969477623,-5.181179992402862e-07
1395,0.4015699660818052,0.6387452492280327,0.012899189430654294,0.050896112411720415,0.01289962688022113,-3.391819480835778e-08
1396,0.44559914853797766,0.6928676692459591,0.032471813805761814,0.10020393262975409,0.03247783004446821,1.4853797764002863e-07
1397,0.8307155410891164,0.9312919589843852,0.011092050350292976,0.036674185575408455,0.011093473113734799,-4.589108836272615e-07
1398,-0.19962377410614818,0.30960732538287583,0.020923287235644537,0.06971920234964485,0.02092540236066737,2.2589385181848165e-07
1399,0.3441275042238612,0.5906375199563664,0.011362341282431639,0.053669312407321465,0.011362501107031334,5.042238611641103e-07
1400,0.17700238358401665,0.5380007331285936,0.020488258660253913,0.06988646806618035,0.02049191416978964,3.835840166610538e-07
1401,0.31197867957335046,0.6365963719570615,0.026327215702734386,0.07970045309238755,0.026328355468300518,-3.204266495471231e-07
1402,0.5533308140482753,0.7840910784317607,0.01154427393094726,0.03989809224421096,0.011544465194682484,-1.859517246849407e-07
1403,-0.14609239988995038,0.056423061177698894,0.01914256033375977,0.08086589876385868,0.01914295923512717,-3.998899503754316e-07
1404,0.6811115994262381,0.8407650688798298,0.011320512401396485,0.0401894397737042,0.011320787983451574,-4.005737619383609e-07
1405,0.7322312939031681,0.8614627605194346,0.019553094334570278,0.06021206902535428,0.01956056891892448,2.9390316813593387e-07
1406,0.15221103863457464,0.42826661985705444,0.03230824275820319,0.0960142642404255,0.03231206019870003,3.863457462283115e-08
1407,0.4489882887006612,0.6934430946042273,0.02519707591708985,0.08834885071613216,0.02520480354854709,2.887006612106724e-07
1408,0.22919649520783736,0.5362910170506082,0.018699302828847634,0.07541270431542545,0.018699856994060692,4.952078373476887e-07
1409,0.2665383701106444,0.5538805879418032,0.021055879108691403,0.06942315648161468,0.021059520807373448,3.701106444098379e-07
1410,0.84511024526039,0.9194793082275163,0.0078879388464453,0.024199403508787326,0.00788829959928997,2.452603899971706e-07
1411,0.36294919684692784,0.6381981337817054,0.02517814183878906,0.08124041640339956,0.02517985999257882,1.9684692781352098e-07
1412,0.7473681803247285,0.8675926356550471,0.013611891862890633,0.0512872229108438,0.013615470899094711,1.8032472848261705e-07
1413,-0.737032840302057,0.1139978616612086,0.024844516513681632,0.07044689508665722,0.024844996830576657,1.5969794309178553e-07
1414,0.335485804466247,0.6455289685358854,0.02279463693193358,0.07924701185504283,0.022795335822340876,-1.9553375302239218e-07
1415,0.5291196136751913,0.7358572795008277,0.015655739455869132,0.05176443702456232,0.015657021453568603,-3.863248086988236e-07
1416,0.11735356741693992,0.37417737991572914,0.021043456794941427,0.0861418449585552,0.02104446800772434,-4.3258306008098213e-07
1417,0.4442447133901809,0.6706620643173214,0.011102445450976583,0.04812109772805962,0.01110270687497958,-2.866098191001143e-07
1418,0.48624224385085346,0.7549242624489325,0.026976410629296878,0.07980012834383474,0.02698690923055113,2.438508534541306e-07
1419,0.17648940620937448,0.7613500709761571,0.04662796553173833,0.11130737159654411,0.04664304274138244,4.062093744705564e-07
1420,0.16415699962166885,0.42399702382186605,0.0323594100730078,0.09242964337563096,0.03236075612157114,-3.7833114419072444e-10
1421,0.4211094591294874,0.6600210765857772,0.012373465652861324,0.055403470393239895,0.012373793910186904,4.591294873734775e-07
1422,0.6152062816643775,0.8536737244874717,0.01908001296289061,0.05401745142692652,0.019082989201227103,2.8166437748833317e-07
1423,0.5216781121169778,0.78459941853952,0.025663060761035132,0.07402904289183876,0.02566773770262289,1.1211697781288166e-07
1424,0.7037226216763959,0.8434875333096105,0.01935897347041016,0.060141392888545316,0.01936426433156137,-3.783236041110527e-07
1425,0.3069518860831033,0.5993640059909966,0.015821118609228534,0.05898039486457708,0.01582201343933705,-1.1391689669348892e-07
1426,0.4657448566412402,0.7061049094250421,0.01939885388074217,0.058825461478717006,0.01940022649138696,-1.4335875980764357e-07
1427,-0.15254323218745736,0.229957813489263,0.02045339127275392,0.06303586660292672,0.020453695680197843,-2.3218745734410184e-07
1428,0.6452786204613399,0.8872815246085756,0.01159300089393554,0.040408598971989035,0.01159387111285828,-3.795386601668227e-07
1429,0.32936073787735354,0.5798120279690311,0.017893801189257777,0.06134074112526878,0.017895601948520325,-2.6212264647718087e-07
1430,0.46551660736792555,0.714789247352546,0.012986591575537101,0.05788139312139225,0.012986909568329503,-3.926320744640499e-07
1431,-0.5572035535930104,0.3337936555118209,0.02806278069892575,0.08479155217919648,0.028063439403414155,4.4640698959597103e-07
1432,0.5569712643747071,0.776000718799477,0.02484071554365232,0.08214787541955798,0.024850026953121766,2.643747071262581e-07
1433,0.48933333908583976,0.7058146518919457,0.015512815613867173,0.05959593692343052,0.01551453690208994,3.39085839740072e-07
1434,0.8617777367034253,0.928759704715458,0.01015776576321287,0.029393666927596446,0.010158718409628543,-2.6329657476509283e-07
1435,0.7931121233600287,0.8992961612076491,0.013274786424414079,0.03968565841032135,0.013276572649187671,1.2336002863655438e-07
1436,0.20682576238258588,0.529492858963912,0.014631919076171895,0.04793602230295371,0.014632193722009091,-2.3761741413386162e-07
1437,0.8236884517795742,0.9095824527273934,0.010697796545703145,0.03900138347432512,0.010699990971541527,4.5177957419539894e-07
1438,0.3218261084322962,0.5957073134939408,0.030127269154394513,0.08522958544446137,0.030130952850192357,1.0843229619750261e-07
1439,0.07444110254937586,0.37124215495354024,0.014642158660371095,0.04909752231958412,0.014642387151308417,1.0254937586606783e-07
1440,0.3091271720043227,0.6197029993187078,0.028166214961328085,0.09950385566849967,0.028170348075359213,1.7200432272934663e-07
1441,0.2938314256738226,0.6288507271648082,0.037253923790527374,0.10580589049360244,0.037263156628171444,4.256738225794088e-07
1442,0.7217229152744461,0.8798034876976699,0.0219395329158203,0.06052206406901121,0.021947962078942233,-8.472555390603986e-08
1443,0.3879025149837799,0.6438649913578692,0.016509230843935543,0.06112635464870229,0.01651070416407349,-4.850162200753516e-07
1444,0.24521183966026983,0.5727746705375012,0.01900091018388673,0.07287717901561601,0.019002511510519737,-1.6033973018747538e-07
1445,0.18291526162066718,0.5144807791881516,0.016432242858388662,0.062120288433661706,0.016432884460314295,2.6162066718571353e-07
1446,0.5893458213314099,0.7846592922378518,0.014449796837402341,0.05570204187651986,0.014451819386867716,-1.786685901450369e-07
1447,0.38693058325301777,0.6439917082327388,0.027954184367871074,0.09268335665921401,0.027959779396530136,-4.167469822569103e-07
1448,0.2885166753044809,0.5906778030407954,0.0332277782440234,0.10454852280052017,0.03323091933552869,-3.246955191382739e-07
1449,0.24144338263437337,0.5547968721406804,0.016763992038886715,0.05021127481053737,0.0167643529943504,3.82634373380375e-07
1450,0.5582014367131234,0.7513686510616987,0.016751105941933585,0.05306683314400499,0.01675158373378764,4.367131234417343e-07
1451,0.06084484595792161,0.48870278010444024,0.027057379244042983,0.08283242589389454,0.02706442450888324,-1.540420783915919e-07
1452,0.6678537119927159,0.8507667855997973,0.024804506588476563,0.0648595378779104,0.024813852783199215,-2.880072840216741e-07
1453,0.7503891675884783,0.8735382147513359,0.012373975537500002,0.030552820791489067,0.01237613852760661,1.6758847831699342e-07
1454,0.3716362726448744,0.6230113373424104,0.024033953191699202,0.07960766660324517,0.024042004019779482,2.726448743994858e-07
1455,0.1485148011874181,0.5387281087242212,0.03339687394951176,0.09644270739934539,0.03340405212288961,-1.988125818974673e-07
1456,0.6681751926227775,0.9297390256453381,0.01670614806728516,0.0635286179425865,0.016709176600531252,1.9262277750620171e-07
1457,0.30156907411837286,0.5575529988476741,0.01692266071542969,0.06931063440598019,0.01692392871489504,7.411837288362477e-08
1458,0.3815322197508494,0.7462122317398785,0.012333501715537114,0.05327444334754252,0.012334493788370073,2.1975084940617506e-07
1459,0.34181810128918566,0.5886102783572716,0.022991399808076154,0.0685821581147384,0.022992978543231558,1.0128918564999978e-07
1460,-0.027516404598185717,0.30246669586506925,0.027177781667744164,0.08384369017174018,0.02717843190873795,-4.0459818571869643e-07
1461,0.40216325455743307,0.6780772791667578,0.030380473412988288,0.08683673585753382,0.030384930192509613,2.545574330770073e-07
1462,0.1783499909550783,0.4380773028017805,0.015612733919599647,0.06459681248883727,0.015613079153976197,-9.044921700507302e-09
1463,0.5029663194901478,0.765049527689171,0.017976314427636694,0.05213778950339534,0.017979265497529366,3.194901477820977e-07
1464,0.6933365608913507,0.8731378241496726,0.010053145815742195,0.03727216694063126,0.010053851443294973,-4.3910864933049965e-07
1465,0.180518687905166,0.4698176497371164,0.024019081117685564,0.08869800970152912,0.024021178309958455,-3.12094834004073e-07
1466,0.8850324574401742,0.9409882091427895,0.008625911150000009,0.03230958210981029,0.008627064503978958,4.5744017418414273e-07
1467,0.4156419529835865,0.6677346762730597,0.028571456481640663,0.09586505463328215,0.028581624220109056,-4.701641348470176e-08
1468,0.33276370260249133,0.5998530673700131,0.012184090823164065,0.05328245250854693,0.01218437181865957,-2.973975086750791e-07
1469,0.8904439607724522,0.9452515391673304,0.01294202541591797,0.03464126242501346,0.012945319738295906,-3.922754776564119e-08
1470,0.289611005708148,0.6125029805218515,0.0321386738304687,0.09698117648312266,0.03214198243614313,5.70814800981978e-09
1471,0.31269662224215466,0.5898057626027713,0.02082268598818364,0.07226180488512274,0.020825254320983484,-3.7775784533788936e-07
1472,0.5166797227082368,0.7284103124972439,0.021472459261328156,0.07474401148959775,0.021478108579497873,-2.772917632176686e-07
1473,0.36061279072241736,0.6231686001601948,0.024377825424414024,0.07875748095010154,0.024381128192001538,-2.09277582652323e-07
1474,0.21697570078355177,0.48320278948625617,0.012262104464716797,0.05048858362869826,0.01226230054748616,-2.9921644822961113e-07
1475,0.3908941964433924,0.6279479570774475,0.016621481586328143,0.06263612730115785,0.016622276443474714,1.964433923862252e-07
1476,0.5406043738511146,0.7587677573706856,0.018556298250097636,0.06080876893476305,0.01856084158218054,3.7385111462118203e-07
1477,0.6412070495486669,0.8532675376902129,0.016373540030761715,0.05065999672795149,0.016375578732999448,4.9548666947174524e-08
1478,0.39431990939657535,0.6533440274620781,0.0195857146729297,0.0670869715686732,0.019586270919106544,-9.06034246517251e-08
1479,0.22549495882590487,0.4754203958582269,0.017787996507460938,0.06324527363557562,0.01778848856516046,-4.117409513337833e-08
1480,0.3647517424275566,0.6538160456208989,0.031454941472656275,0.09889255552147141,0.031461733315235954,-2.5757244342949903e-07
1481,0.23096641386476335,0.5188951221136217,0.022270084716796857,0.07330234539357934,0.022274689367312493,4.1386476334892564e-07
1482,0.5469445074735408,0.7430113000014541,0.015920428689238278,0.054446949184844724,0.01592140930045972,5.074735408561182e-07
1483,-0.17918541572037383,0.3072820576967699,0.027455009750595682,0.09099524283343692,0.02745596650811147,-4.1572037381976124e-07
1484,-0.3877201003786337,0.21766832230343292,0.015800002776396486,0.06798680080158956,0.015800298887269883,-1.003786336828405e-07
1485,0.17925589069474712,0.44205817300012584,0.015286339610498053,0.06580084521107855,0.01528676422009419,-1.0930525287666804e-07
1486,0.17788608278009366,0.48937001126870555,0.01965553642949215,0.06372537046043529,0.019657557295183547,8.278009366868844e-08
1487,0.5749745200278968,0.7623997995527443,0.020255545106933587,0.05069811290715077,0.0202581312336313,-4.799721031734094e-07
1488,-0.07822435456533272,0.23876617511297218,0.01878207174273434,0.07864100394247527,0.018782695889652656,-3.545653327191589e-07
1489,0.45349243402105566,0.7723923589797722,0.01546128352611329,0.05288814400157807,0.015461928515204244,4.3402105565082394e-07
1490,-0.14995080455456322,0.2250391649604758,0.015250703977265625,0.05751372946765121,0.01525091917902092,1.954454367791847e-07
1491,0.3220270645719693,0.755813963083862,0.029130866806542935,0.09751834725040165,0.02913447405065925,6.457196927156517e-08
1492,0.8005654547095389,0.9234535426680777,0.015039048655175784,0.05542409925903035,0.015042311421272695,4.5470953891069144e-07
1493,0.18714242791824676,0.5215896126382609,0.03516225652597657,0.10986519058915756,0.03516892857816042,4.2791824675370016e-07
1494,0.6891895963899188,0.8398756088003532,0.017202926057617203,0.05771700281545614,0.017206248668545716,-4.036100811344312e-07
1495,0.5046759219739401,0.7609806898665443,0.02161781242234376,0.06548426161462233,0.021619031371216228,-7.802605994644551e-08
1496,0.8651278783937535,0.9315815951029754,0.011602384950390643,0.038253767573053245,0.011605191132027131,-1.2160624651702534e-07
1497,-0.02734490415563573,0.03804406278262465,0.009151473057825201,0.05243658053991763,0.009151508296083107,9.584436427151344e-08
1498,0.3076142587801416,0.7486763590959797,0.016890688302431657,0.04878434841086391,0.016891936920118162,2.587801415931956e-07
1499,0.4669762427601464,0.7424396401769434,0.022503405020214837,0.06740278014386179,0.022506053710413303,2.427601463739215e-07
1500,0.3436745746255673,0.7487421760224499,0.021888845283125003,0.06692244945497262,0.02188993001496577,-4.25374432733161e-07
1501,0.8353177399235469,0.9320472796529875,0.01125845032597655,0.041794651270682416,0.011261219008155772,-2.6007645315129224e-07
1502,0.6417274395793265,0.8387461096753888,0.01971545171835935,0.06689790003323562,0.019718666137001007,4.3957932649441034e-07
1503,0.3076684160974037,0.5672805150826645,0.017380014979404303,0.05798659618937846,0.017380889975119784,4.1609740369930037e-07
1504,0.3564474417253144,0.8039676270177762,0.022560247973398454,0.08343204679672471,0.022561330549289518,4.417253143818023e-07
1505,0.03355009849099733,0.4725969145020144,0.022319632474316387,0.07389900780348736,0.022323006744117604,9.849099732311961e-08
1506,0.6063535868887397,0.8321459949575121,0.025822482439941445,0.06883063152085835,0.025830672560958078,-4.1311126020016076e-07
1507,0.33071206740014936,0.5888693450432364,0.021146741202734395,0.07329547842778877,0.021151189795001243,6.74001493505827e-08
1508,0.042037461547205224,0.2647694966210362,0.017550321984550744,0.07104583630382896,0.017550644432537035,-5.384527947752127e-07
1509,0.44959212930424175,0.711080581037005,0.019796130936611287,0.05857281910125839,0.019797196108712185,1.2930424175827682e-07
1510,0.6386660868781338,0.8012744206259172,0.014733969505566423,0.05962860289962822,0.014736113222480515,8.687813379815168e-08
1511,0.13446829648689707,0.4598211792340622,0.03184338684726559,0.0862062650721014,0.03185266590470509,2.964868970611878e-07
1512,0.6541361479474359,0.8466333850348368,0.016045789581054723,0.0464312521529815,0.016049238747027704,1.4794743585788694e-07
1513,0.5566668421913448,0.7521983977215826,0.019695409344628864,0.06896581582942402,0.019698404481120695,-1.5780865525449883e-07
1514,0.30664923344036654,0.5602496224968982,0.015237524315410159,0.05936734933200882,0.015237902719467422,2.3344036653716316e-07
1515,0.08775883776008264,0.3141157684123987,0.02615072415273436,0.09009094394236164,0.02615357043795905,-1.6223991736175059e-07
1516,-0.07812956913822688,0.3411312141424272,0.025032514658281244,0.08832672896051189,0.025033688456140166,4.308617731207942e-07
1517,0.6744228925912381,0.8252386351260317,0.019537936205468755,0.06316652622852735,0.019541498350945454,-1.0740876188464199e-07
1518,0.33248410831204833,0.6017830830699884,0.027805641333789016,0.08686587919789487,0.027808492638649828,1.0831204833028352e-07
1519,0.5263924263980118,0.7273799480632889,0.017335212984667978,0.050537363851441544,0.017337502400126163,4.263980117880095e-07
1520,0.25638950972376706,0.542355340859701,0.017027296394218728,0.06574040763685982,0.01702796691451842,-4.902762329450638e-07
1521,0.5259990853497227,0.7314947701595419,0.016065873910546886,0.05957963830110541,0.016066420601355373,8.534972273377406e-08
1522,0.5091353601807611,0.7434930576957176,0.02931348596855466,0.08274595321221812,0.029325035390345353,3.6018076110533315e-07
1523,0.3193180051633395,0.5922279575053225,0.01848930264452151,0.07233691540194759,0.018490543002349865,5.163339533709177e-09
1524,0.45887103858240774,0.6811962218146255,0.013137415335830094,0.0555985035668575,0.013138180687933416,3.85824077686614e-08
1525,0.5094021741586245,0.7579202207649722,0.017191511701259755,0.055359559052971644,0.017192869340829326,1.7415862452185848e-07
1526,-0.14082563514184354,0.5043302162704508,0.025552135686230493,0.06571415110422756,0.02555548760020621,3.648581564652531e-07
1527,0.4445429244631295,0.7391650924658927,0.024039578188085924,0.07623321923190395,0.024045035026042817,-7.553687053629687e-08
1528,0.9156763136400976,0.961512051792085,0.008995766404687496,0.023396262026204283,0.00899703671429526,3.1364009756007505e-07
1529,-1.5931587951445878,0.173296885600937,0.024954754309199235,0.08311089540555174,0.024955412203240955,2.0485541218917547e-07
1530,0.7746093764704638,0.9486977593678692,0.018629307191796878,0.059884470369906885,0.01863348103192089,3.7647046380318017e-07
1531,0.29819721225541684,0.5676544301141268,0.02392483133526364,0.0772928350670083,0.023925893102517394,2.1225541685376825e-07
1532,0.6769208881090949,0.8240929862655354,0.010553681365449197,0.03788185026094893,0.010554436521661555,-1.1189090509677868e-07
1533,-0.2384009638793283,0.08559516223950174,0.013122001874765612,0.06376216641143691,0.013122158098912977,3.612067170366551e-08
1534,0.7454688269638914,0.8636991291906406,0.014109937043554703,0.05150486129973836,0.014112141879443093,-1.7303610866381547e-07
1535,0.7659980804654157,0.8752332861108405,0.014232307700976558,0.04130906387105131,0.014234827541607075,8.046541577488853e-08
1536,0.05820924669024963,0.4326596108187532,0.016367858101503922,0.06149085154099946,0.016368680412773888,2.4669024963064334e-07
1537,0.8442443154590118,0.9253924445036283,0.011107639486035157,0.034448004139243184,0.011108975450311915,3.1545901180152214e-07
1538,0.6529884581656826,0.8548566552603035,0.017748028146259736,0.04908014848156044,0.01774968182962428,4.581656826152525e-07
1539,0.3087295122670878,0.6751821427269972,0.02414058795262701,0.0782567954606717,0.02414136966707579,-4.877329122243701e-07
1540,0.5643244339726727,0.7688600140813093,0.01675495779208981,0.04314664019259685,0.016758517408441875,4.339726726865223e-07
1541,0.7272186402485632,0.85525917147323,0.014522291214453132,0.052464957562966215,0.014524549347592655,-3.597514367514876e-07
1542,0.19435267901875442,0.5067017438846924,0.026394188380107438,0.0829450061682509,0.026396349451348725,-3.209812455828853e-07
1543,0.33714173161765815,0.5827673876022089,0.011082440074541,0.05209855663652762,0.011082701922768654,-2.6838234185033727e-07
1544,0.8358899643633222,0.9365728383147893,0.007786141225126951,0.028401206413546556,0.0077868759322113,-3.563667783090807e-08
1545,0.3348280843490622,0.5920132773199088,0.020173598830185522,0.07427844654225152,0.020175259714257678,8.434906217935634e-08
1546,0.22182662122376762,0.47348384644201963,0.016636565516191394,0.06319935371118354,0.016636966820460942,-3.7877623237925206e-07
1547,0.1901506144558719,0.4662989831458579,0.02555519855881836,0.08253387201732917,0.02555688159933345,-3.8554412809532757e-07
1548,0.5330807691263099,0.7542739479627897,0.012815355036787114,0.049235245490026426,0.012815654024073147,-2.3087369016572268e-07
1549,0.9132617613587949,0.9565258148431546,0.009912470407226566,0.0290776726830869,0.009914130751488844,-2.3864120513028553e-07
1550,0.6652060039353629,0.8240883897234146,0.01701005726845703,0.03947802575583758,0.017012031946870072,3.9353629244232025e-09
1551,0.41489916847875496,0.648184582804257,0.01871830636523434,0.06467953271042327,0.018720566751985957,1.6847875494718778e-07
1552,0.45153409230851793,0.6801683582909177,0.026454381822949215,0.07671416756665501,0.026457403954310517,9.23085179405092e-08
1553,0.7874007255044666,0.8887560685341855,0.014957511717578108,0.04946514660993399,0.014959948331130499,-2.7449553341440946e-07
1554,0.19340854501239624,0.6115983012626593,0.020447800900937507,0.062054138510037486,0.02044959558423495,-4.5498760375961567e-07
1555,0.5669377746929262,0.7675540111860112,0.016602580259218732,0.04544004232625095,0.01660338420056084,-2.2530707388668247e-07
1556,0.05099302577375353,0.43229126742392876,0.020933804997656257,0.07280182710301188,0.020934644268591714,2.5773753534186206e-08
1557,-0.37568906287499404,0.25285498168734316,0.02187918011378909,0.0780222338543308,0.021880685528584597,-6.287499404455943e-08
1558,0.6131675517980504,0.7900926026157962,0.013550122876806634,0.04286833159433447,0.01355051281327411,-4.482019496654388e-07
1559,0.32297261266674926,0.6616347805279428,0.018896799343105466,0.07266700804484173,0.018898565400246165,-3.8733325075090974e-07
1560,0.0006585803738685669,0.19569225301753979,0.021626787095576118,0.0803796105132349,0.021628621730220923,-4.196261314330348e-07
1561,0.169307763771939,0.5103656429580775,0.015037775429570329,0.07346806035253158,0.015037961949171874,-2.3622806097356452e-07
1562,0.41186488558269074,0.7244040357638172,0.0264008669625977,0.08560872483893149,0.026410675995946365,-1.1441730923822391e-07
1563,0.8815841488984071,0.9434830853383024,0.00951288341748047,0.0361983776489647,0.009514437143143374,1.4889840704856994e-07
1564,0.5138802786435215,0.7208520170510251,0.017947474002343762,0.05215401989475654,0.01794938574654616,2.7864352147854987e-07
1565,0.27776928975282567,0.5992644903403372,0.02487902807539062,0.0775789813788352,0.024881890535353397,2.897528256773363e-07
1566,0.2323028244039782,0.5022239364241079,0.010634093096718745,0.051896173047822125,0.010634398597999629,-1.755960218063901e-07
1567,0.9144955884586362,0.9579338958006691,0.00681229216210938,0.026490102026203353,0.006813041932604933,-4.115413637650889e-07
1568,0.23025550193449706,0.501882756756275,0.021704135504638643,0.0734900993776285,0.02170566764064688,-4.980655029240832e-07
1569,0.1876707250649775,0.5276204863265617,0.021520821303437507,0.08063049364019999,0.02152132426410281,-2.749350224984237e-07
1570,0.6373199551306642,0.8252173496641362,0.01809708818463867,0.04597944262079578,0.018098661672873204,-4.486933580238883e-08
1571,0.40341834009601363,0.657548508585168,0.02117140380436524,0.06243450237114612,0.021172233147202905,3.400960136290543e-07
1572,0.26783383118539517,0.5222609464384014,0.014069216708544911,0.06019832518885998,0.014070034177812041,-1.6881460485063116e-07
1573,0.9141545731767889,0.9573930520022651,0.008145874299609371,0.02439227012337918,0.008146782318784988,-4.268232111082071e-07
1574,0.14630235684563175,0.4045432658404601,0.02771599289677736,0.08667323435660727,0.027718830085349574,3.568456317659674e-07
1575,-0.026197424558090265,0.1222105198474559,0.015983149121093717,0.07172829325689618,0.01598330938046238,-4.245580902638435e-07
1576,0.24925673478359534,0.62956164648341,0.033624719411425835,0.09915114348413859,0.033630550289687276,-2.652164046712535e-07
1577,0.6241113690892099,0.8010949168322493,0.014428595700683586,0.03756780396957843,0.014431336816217999,3.6908920997280603e-07
1578,0.04301366852326638,0.39486360427879247,0.027021086609384747,0.07477028814627944,0.027022848395062138,-3.314767336171087e-07
1579,0.35616088474404095,0.6354774553997943,0.027861977987988274,0.07497113775411768,0.027866101206799776,-1.1525595905448327e-07
1580,0.16492384592886877,0.4484728244565125,0.01783522669126957,0.07197479638154075,0.017836024403358724,-1.5407113121423954e-07
1581,-0.020379102272609195,0.2005225832380846,0.02389351451968754,0.07586984955360877,0.02389539645229338,-1.022726091939874e-07
1582,0.6151536565015405,0.839537977452505,0.013124515081767606,0.0428313696325154,0.013124928400987869,-3.4349845945413904e-07
1583,0.8326767484538681,0.9192712967378498,0.010414342766406235,0.04138742365362161,0.010415471956673777,-2.5154613192412967e-07
1584,0.2050112655555717,0.4955001542968752,0.022370145882763662,0.0773304314245064,0.022371996597009627,2.6555557169904986e-07
1585,0.35527222320549845,0.6020180353428646,0.024769280085058624,0.0826367567036668,0.024772142075040124,2.232054984729892e-07
1586,0.46915320871694477,0.7678759633146333,0.014417092005761717,0.0491690735113138,0.014418957435309578,2.0871694478286074e-07
1587,-0.0889689364463262,0.3645169707131673,0.018206393519921885,0.06457338450103542,0.018209017521287278,6.355367380972421e-08
1588,0.9262259391260267,0.9632989482697385,0.008134495641015628,0.02627903651464408,0.008136258665751636,-6.08739733065633e-08
1589,-0.08483849333660531,0.3578080725733275,0.02547664792988282,0.07596745678136316,0.02548305331958557,5.066633946837484e-07
1590,0.24313542202486527,0.5291040652242667,0.02087271228978514,0.07263443280656356,0.020873390815673302,-5.779751347245732e-07
1591,0.3189126649322994,0.6653444678633875,0.02690678743193357,0.0855994043661947,0.026910597455849845,-3.350677005853342e-07
1592,0.36361144842676063,0.6294709507211603,0.018289925564746096,0.06570538207059894,0.018293382252987208,-5.515732393601702e-07
1593,0.19916147906857562,0.46770238578757645,0.02384257331275394,0.08282673424337321,0.02384334447995192,-5.209314243859176e-07
1594,0.38364272846121195,0.6615158716935309,0.018612417883789062,0.07306406004517085,0.01861480267083475,-2.715387880658504e-07
1595,0.27272030652752743,0.5814972488580571,0.02562273817578123,0.07948403574051309,0.025625885646997346,3.0652752741611167e-07
1596,0.8083906008488984,0.9013772222408931,0.011995754915332021,0.043974149879931694,0.0119988287968911,-3.991511016154803e-07
1597,0.513554874333346,0.7441745006174024,0.022282655139746105,0.06094856347014906,0.022286258999430507,-1.2566665397173438e-07
1598,0.001252885245350055,0.29170633744498337,0.03563005406554688,0.0992684509859618,0.035631748389389276,-1.1475464994502478e-07
1599,0.6456652152586253,0.8055425109641793,0.022912656531835933,0.0571221269103163,0.022920588476525297,2.1525862525795247e-07
1600,0.08109307300172885,0.5436648654658669,0.059258715259179744,0.1561703577821202,0.059272733361383355,7.300172885638112e-08
1601,0.9022388331481596,0.9535642804450204,0.009011978619531248,0.027660996586735244,0.009013102212681905,-1.6685184045517332e-07
1602,0.5428403609432052,0.765161057767968,0.017588077789648427,0.05787993689694279,0.017589934030760784,3.6094320521318224e-07
1603,0.16057143952777653,0.4425337720701481,0.0188950295731543,0.061397015302044194,0.018895444327401468,4.395277765356642e-07
1604,0.12674258817947615,0.6043946633068801,0.03740013216376951,0.09374300165870296,0.03741011008358269,-4.118205238490269e-07
1605,0.22991711449855035,0.519990441957425,0.023271964518027287,0.07774423862189067,0.023273122797144854,1.1449855033540679e-07
1606,0.7420677983179331,0.9728108317493417,0.005180730172363285,0.027914858021345468,0.0051808018014554875,-2.016820668249153e-07
1607,0.41058809155524356,0.6913565685881605,0.020319607817968745,0.0671173457307597,0.020323700377125244,9.155524355319855e-08
1608,0.11418884688404973,0.36304140744437124,0.01948780522432614,0.07433203745273544,0.019488243583912726,-1.53115950266014e-07
1609,-0.09881886397578965,0.3891894194044989,0.022670701504980472,0.05862964768184283,0.02267127089145507,1.360242103537468e-07
1610,0.44703815842848016,0.6823176179932698,0.02142704789892578,0.07205598658351413,0.021429350369047372,1.5842848016811573e-07
1611,0.23485428442844813,0.5466028539279362,0.023749350145117174,0.09649021240216749,0.023752633269716664,2.844284481273718e-07
1612,0.23222617222006436,0.5250084827557508,0.010044280492968771,0.04823928442031152,0.01004444243529549,1.7222006437611626e-07
1613,-0.03154213138616413,0.4749079461742996,0.01581975437762696,0.059672955874336076,0.015820209903959923,-1.3138616412888826e-07
1614,0.6596357188306061,0.8175305584094026,0.012302111097949216,0.03835846457981853,0.01230395204478364,-2.8116939387867745e-07
1615,0.6111337048492227,0.786251485588417,0.018428343010263654,0.04761774834897446,0.018429946418366542,-2.951507772630535e-07
1616,0.07555640687817111,0.4889610010425765,0.04406806435175783,0.12862664303844504,0.04407822413117419,4.068781711136227e-07
1617,0.5360416112337372,0.7728526046543328,0.029630760412500054,0.07139540096999986,0.029636628716897342,-3.8876626284878313e-07
1618,0.666847635412112,0.8176243752236025,0.010226892981855465,0.031747327304801856,0.010227275455980239,-3.6458788799098585e-07
1619,0.23059794967459313,0.5047724213706877,0.02525072966279292,0.08369190830404791,0.025253685818848976,-5.032540686955578e-08
1620,0.15929632497860802,0.5116857109825235,0.022313187022070313,0.05710289890540707,0.02231692992382603,3.249786080239403e-07
1621,0.8922205430227468,0.9446328898053982,0.009430348261914077,0.029185573989572756,0.009432586919462624,-4.569772532603267e-07
1622,0.7674418104668641,0.8858175397397151,0.014585326014843756,0.03637060040443188,0.01458757061892246,-1.8953313585257092e-07
1623,0.10520472814678294,0.39279989725533043,0.026362209049707038,0.09398182299243382,0.026365931159847988,-2.718532170625787e-07
1624,0.6104170151367485,0.8267197944868523,0.019602126401464807,0.05743935318938555,0.019605186947594007,1.513674852127167e-08
1625,0.21248375695469424,0.4772300245632016,0.019109734489404253,0.07033962767187502,0.01911013908219815,-2.430453057700177e-07
1626,0.34717227619479996,0.6891485836335708,0.03026666799365236,0.08077778283750088,0.030275026864992224,2.761947999752046e-07
1627,0.09840721050230472,0.4875386482339138,0.04161995935283203,0.10649968692583708,0.041624250234454124,2.10502304726079e-07
1628,0.20957873505236013,0.4849377077326773,0.018351579071494116,0.08346077859521978,0.01835194413405593,-2.6494763985529524e-07
1629,0.2991955109829435,0.6702855767695532,0.03165658269491209,0.0995896216459245,0.03165809634162838,-4.890170565152729e-07
1630,0.4832095139222281,0.7904193289352821,0.02908537796757816,0.0855868720052086,0.029090256569419312,5.139222281069777e-07
1631,0.3458568168107379,0.60374137720845,0.030592920804980432,0.08526053955783386,0.030602843924016444,-1.831892621484421e-07
1632,0.593142493343067,0.8035878212512427,0.021941816105761704,0.0555215019562084,0.021947324893088798,-5.066569329637005e-07
1633,0.5953500721679263,0.775972874156417,0.016481241396708993,0.042648136820493204,0.016482260739981762,7.216792630160285e-08
1634,0.2683425289864403,0.5511975150439614,0.01812152011368161,0.06303226480343309,0.018122270405759377,5.289864402624467e-07
1635,0.451563581136168,0.7441921173173336,0.02103439267587888,0.073190091992842,0.021036673760250396,-4.1886383200795407e-07
1636,-0.14579861433316377,0.18885587222341402,0.014262349736523437,0.060373950728913314,0.014262561304362688,3.856668362445248e-07
1637,0.5082433660831563,0.7219337880387546,0.02533653012265622,0.07178271183232056,0.025343942853384874,3.6608315634456545e-07
1638,0.6932553690407004,0.8435044973544024,0.014896461724609367,0.03906439797530774,0.014900713993514194,3.6904070044307957e-07
1639,0.265237045531887,0.5423661968786087,0.011460352644667967,0.05609811257212311,0.011460597342632372,4.553188698297461e-08
1640,0.39618172214616587,0.6391960702299304,0.030586088794824242,0.09237310653927921,0.03059169288398449,-2.7785383410749986e-07
1641,0.233863757527924,0.6572953867456427,0.032557835031738216,0.10122236713964225,0.03256458981667949,-2.4247207600081033e-07
1642,-0.0752002365109512,0.363481337634033,0.022411966919316392,0.06807716064745627,0.022412471722588992,-2.3651095119869847e-07
1643,0.652539499148841,0.8160741976178125,0.014847740900390623,0.04212668667922942,0.014850441304637458,4.991488410377443e-07
1644,0.37668442760049325,0.6977207692491649,0.028173536694238263,0.08885517584851713,0.028182556157781584,4.27600493235758e-07
1645,0.8095860568715695,0.9049258357626135,0.00889950516080078,0.02627034928108424,0.008899883418661905,5.6871569453775805e-08
1646,0.12205117923490871,0.5719368057881057,0.034372725442187474,0.0883593279545182,0.034378079209218884,1.7923490870652703e-07
1647,0.5294647523193157,0.732005030185024,0.016722942236142565,0.05266553318948275,0.016723640149434588,-2.476806842954815e-07
1648,0.45647137243272906,0.7141452502563047,0.02188284485742187,0.07681105281223967,0.021886088962353275,3.7243272904552427e-07
1649,0.17157108818073163,0.43420131950817975,0.01698131229004885,0.07408209666138069,0.016981685686070787,8.818073163330276e-08
1650,0.5139918535614336,0.7251993088770348,0.015925508185527366,0.05350494555534088,0.01592654267706555,-1.4643856638407726e-07
1651,0.18706559775647225,0.4758036072359578,0.031446766566894505,0.09119371026921816,0.03145029625880387,-4.02243527763968e-07
1652,0.7590413384962523,0.8769532248735487,0.012685536245605469,0.030717362349259106,0.012687927803267449,3.3849625236115344e-07
1653,0.5451715361139893,0.7906038349209891,0.01287872734817383,0.04514268048166977,0.0128796264347108,5.361139893134137e-07
1654,0.17072309717370093,0.48470279633143903,0.03250128033115235,0.09750349569774938,0.032502903930835804,9.717370091921751e-08
1655,0.4389423061579443,0.663675053005398,0.013083166281796869,0.05861898489030177,0.01308376638836792,3.061579442742435e-07
1656,0.39112663379294266,0.7131063419671394,0.031228580739648407,0.08762747877045898,0.031234263045446655,-3.662070573451359e-07
1657,0.34919656669638033,0.6083346337786522,0.03021914735068361,0.08233581714780545,0.03022432450847542,-4.3330361965132624e-07
1658,0.8381547405960592,0.9158840270674596,0.011871205035839853,0.035624908353561524,0.011872825553050458,-2.5940394077217377e-07
1659,0.34204807609908205,0.6375045184523769,0.026805357949121086,0.08197050073547263,0.026816272638688174,7.609908203587423e-08
1660,0.3127568374896076,0.607668144484377,0.018784528251894497,0.06969207285732247,0.018785318969739725,-1.6251039242076715e-07
1661,0.9392627326572905,0.9758883303361192,0.009515287592773442,0.024165633989317734,0.009516617107008069,-2.673427094146419e-07
1662,0.4815174463601105,0.7225595224680916,0.025256341255664075,0.0901452605616431,0.025260312012520415,4.4636011053977853e-07
1663,0.355538006325703,0.6227215799017481,0.016000343546386707,0.04686621102242304,0.0160023176915115,6.325702961440527e-09
1664,0.454068822021084,0.6959821981427587,0.02310630894570312,0.07530546843153303,0.02310962068607227,-1.779789159939149e-07
1665,0.26629671443669,0.5550720153917074,0.01829476850024413,0.058348318419802016,0.018295221749543844,-2.8556330999851554e-07
1666,0.5465222841513566,0.7507901540689432,0.014994669900136712,0.062182612990219314,0.014996054253687033,2.841513566664844e-07
1667,0.42348917201688485,0.6570222067663111,0.012043964655839848,0.041555971418975414,0.012045054896398016,1.720168848473591e-07
1668,0.28385558748832984,0.5949692165672965,0.022873898826855442,0.0658598354090031,0.022880584915873626,-4.1251167015587953e-07
1669,0.572215617778845,0.7777755819620006,0.016519372504785138,0.0665452241308797,0.01652600791014656,-3.822211549486809e-07
1670,0.21491312774305282,0.6866202796031485,0.019665717640400433,0.08261001539312926,0.019666129092203378,1.2774305283014264e-07
1671,0.8225579013164666,0.9193910421682112,0.013318348600195313,0.04823901223397156,0.013322268781698022,-9.86835334559899e-08
1672,0.1401765217408001,0.5854842338626046,0.023297513580078123,0.05509096307029846,0.02330119590301847,5.217408000912638e-07
1673,0.12762174118988168,0.5402413119529685,0.027377945457910172,0.09326147662956065,0.027380910205367294,-2.5881011833650547e-07
1674,0.47320102173024525,0.7811044038154156,0.026984778988281246,0.06880249180635659,0.02699358841874439,2.1730245269857562e-08
1675,0.7452180028167774,0.8658168215488775,0.012630642023828133,0.053994383202096034,0.012632691088010487,2.816777366909662e-09
1676,0.3332112562415982,0.6131390715358734,0.01760692070833009,0.06710979703605062,0.017607382837158323,2.56241598217688e-07
1677,0.47973543248669037,0.7198869493869196,0.01873212022527342,0.056369500126129915,0.01873380919188629,4.3248669034934295e-07
1678,-0.517149274851596,0.23533342105245655,0.023707182243945284,0.07143343828193802,0.023707906931122978,-2.7485159603823917e-07
1679,0.22534500961080206,0.5374382606064744,0.02091276887968754,0.07651315567388751,0.020915715862221095,9.610802070847413e-09
1680,0.4041862611725354,0.6733702056785971,0.014673182888271498,0.049003485903817465,0.014673751595927351,2.611725354317862e-07
1681,0.05642593533642737,0.34553544248748913,0.02123867476553709,0.07443881438945328,0.021240709081067684,-6.46635726284095e-08
1682,0.3867420778656062,0.6927941884864613,0.017104389210449225,0.04838727579632897,0.01710638265998655,7.786560624056804e-08
1683,-0.14539421764492566,0.07304440436110812,0.014577393475537105,0.06159866948966442,0.014577652232362865,-2.1764492566522797e-07
1684,0.5336805038636583,0.7575328780473498,0.01606461228396483,0.04244435856703804,0.01606544725956012,5.03863658241066e-07
1685,0.4187645921425517,0.6750716777291021,0.02285790176721679,0.08005162617763463,0.02285937875442515,-4.078574483146191e-07
1686,0.5230780879461252,0.728856396771415,0.009409165382822278,0.0441614145868865,0.00940963002376611,8.794612516016542e-08
1687,0.06309804457154322,0.30404049549131557,0.027360282464423798,0.1019786225487679,0.027361296994502283,4.4571543220128795e-08
1688,0.14981919873991112,0.4021640768382652,0.025497334924687434,0.08935266013401966,0.025499775007337803,1.9873991111141187e-07
1689,0.4507648855051021,0.7322899571990645,0.02999253927500003,0.08897686724126161,0.029997958769226986,-1.1449489795145595e-07
1690,0.1885676189067892,0.6114779227591726,0.020690799008857452,0.05351064378901826,0.020692089523785432,-3.8109321082169245e-07
1691,-0.08259610081736457,0.07005646046309322,0.009191268025468748,0.056416688364825655,0.009191384890067242,-1.0081736456779566e-07
1692,0.7854411995504661,0.8925885780786947,0.009071432377861344,0.030724977406350804,0.00907176859148515,1.99550466151166e-07
1693,0.5020262271171865,0.7144578670264659,0.017996326994296877,0.055766052151699205,0.017996949298748722,2.2711718650203494e-07
1694,0.40900403104374405,0.6950852731823435,0.0320319322751953,0.0858307222780756,0.03204217302418661,3.1043744075365254e-08
1695,0.41405311719520455,0.6507114339771061,0.020306803871357387,0.06365289736044238,0.020307540491038202,1.171952045408986e-07
1696,0.7464647878300563,0.8747514934818571,0.013692907810742177,0.04804083190447747,0.013694880991107184,-2.1216994372519338e-07
1697,0.9044135578830736,0.951745225188536,0.007701369069921876,0.02642460193744746,0.00770299289009448,-4.4211692640239164e-07
1698,0.35850633320940006,0.62761891644677,0.027587738140039095,0.08416424786475742,0.0275977739021722,3.332094000718655e-07
1699,0.22975697924055027,0.4953718959047914,0.030763513784667962,0.09568085935710594,0.030772543618322233,-2.0759449714802258e-08
1700,0.5243546824276853,0.784097814056337,0.017366370769433575,0.04114905341173472,0.01736912448432462,-3.17572314667558e-07
1701,0.3005573060460125,0.6283312521259645,0.032379285059179655,0.09186298245048115,0.032383647424702226,3.060460124770792e-07
1702,0.07110150821319539,0.5413642093689653,0.02003384915634766,0.0611825725699605,0.020036130195636753,-4.917868046128149e-07
1703,0.26773405144992013,0.6660159296986049,0.03536868633896486,0.09920724514322733,0.035381862990554014,5.144992010208682e-08
1704,0.452349092964481,0.695713468260129,0.021900178397363284,0.07355110575383193,0.021904495050489397,9.296448100215571e-08
1705,0.9244647894108987,0.9663913394166035,0.009764018359179684,0.028686949079120717,0.009765654062289674,-2.105891012682548e-07
1706,0.42452178194101775,0.6968744076230886,0.019428298136582034,0.07366162699799096,0.019429125058796497,-2.1805898225979448e-07
1707,0.5528034564421083,0.762632930131383,0.013185643747753887,0.040497079824575954,0.013186881941770133,4.5644210822093356e-07
1708,0.0883628331362949,0.43033251424452806,0.021084843517089873,0.06610537199171788,0.02108774134389477,-1.6686370510332615e-07
1709,0.360284198411577,0.6182101263879446,0.01964237389277341,0.06367225081825717,0.01964719721878431,1.9841157700151157e-07
1710,0.5184471962817729,0.7396336246197271,0.02093690312929686,0.06521778720208454,0.020940010528441234,1.9628177294617188e-07
1711,0.7936641895644557,0.9135444215281224,0.0124221919254883,0.04024684979827853,0.012423924999663735,1.895644556881848e-07
1712,0.4464911445838379,0.7762828971497683,0.024969318807773453,0.07449207965341878,0.024971186467734458,1.4458383784665685e-07
1713,0.513103801106435,0.7262556998113464,0.013547761324218744,0.05592777408977157,0.013550294074725662,-1.988935649510637e-07
1714,0.1904946754010577,0.45520268730217783,0.015393243583564474,0.06703850907917744,0.015393642462858287,-3.2459894230840725e-07
1715,-1.1397317839540837,0.22325869071219767,0.01955758573945312,0.07704245605755561,0.019557995371887182,2.1604591626811498e-07
1716,0.3669878778918797,0.6075395695419671,0.02554999798421879,0.07750798821778278,0.025550927710935593,-1.2210812028179419e-07
1717,0.13065408043247895,0.4084250144060994,0.030579253459716762,0.09574468493028564,0.030581391816138344,8.043247895495043e-08
1718,0.3708652767305888,0.6260933378232517,0.02278319368037107,0.07360016206891201,0.022786269195532807,2.767305887774185e-07
1719,0.8427889893226517,0.9194053653547766,0.01248339675380861,0.03848524634184844,0.012485410945249777,-1.0677348338816728e-08
1720,0.3708211280254353,0.6434255103598298,0.016287242053417923,0.04760759020948761,0.016289112258521483,1.2802543530865407e-07
1721,0.24382577331643973,0.5330770801290223,0.02740504934891599,0.08097963001341346,0.027406771097363936,-2.2668356025601355e-07
1722,0.5290319269100092,0.7488952069054736,0.023955126643652392,0.0711679689390554,0.02396262705614905,-7.308999072641598e-08
1723,0.2743880981918184,0.526584263136454,0.024557867958105477,0.07689612267605142,0.02456092106234434,9.819181839842983e-08
1724,0.3851879253868674,0.6420735569766284,0.021209623036191432,0.06803838442484934,0.02121165593075105,-7.461313256129642e-08
1725,0.22670567164703903,0.4933748700163108,0.026278147769824213,0.08052648211247984,0.026281098375019876,-3.2835296095989897e-07
1726,0.36810011578592594,0.6818761249157282,0.026365318176083972,0.06644488174990562,0.026367270789029236,1.1578592595817838e-07
1727,0.8337158411659596,0.9299677739871705,0.007900254136357435,0.03083436077110142,0.007900447221470425,-1.5883404036465265e-07
1728,-0.942687940396226,0.4088197355949554,0.029817961209140636,0.07550344257157218,0.029818743561129946,5.960377391645011e-08
1729,0.24878718780114484,0.5273284302616935,0.025623871202636744,0.08715403549910013,0.025629171538284652,1.8780114482974675e-07
1730,0.08729229683195572,0.495211741718693,0.042563837478124984,0.1239574923396916,0.04257334758062489,2.968319557233867e-07
1731,-0.13353680774578058,0.3284123152052496,0.022502480244599617,0.08567975986022998,0.022503396442256515,1.9225421940549658e-07
1732,0.40653441445972804,0.7800436816140125,0.01762911790224614,0.055117775730784316,0.017632972879202503,4.144597280375528e-07
1733,0.5686220719488368,0.7845985056708834,0.025930353341601566,0.07525747707561314,0.025941289231908166,7.194883688832476e-08
1734,0.6062039689577756,0.7899358638873604,0.016390147773828113,0.04228876606235611,0.016392383170336283,-3.1042224346577996e-08
1735,0.9172203734292821,0.9594964448241796,0.007635152035273445,0.01623904345810954,0.00763539161202501,3.7342928205230663e-07
1736,0.7118798611008625,0.8714749352949479,0.01871696154404298,0.0599915446245864,0.018723942453296852,-1.3889913741405024e-07
1737,0.595495884781632,0.7887956872022105,0.017820356015039073,0.052917935100348285,0.017824343046083598,-1.1521836806860364e-07
1738,0.5734699451432614,0.7602444933531637,0.020869047507226575,0.05248507180373616,0.020873525014019994,-5.485673859606521e-08
1739,-0.05552371928051558,0.12063889996086992,0.021491485074960924,0.08137596818132282,0.021493123863110496,2.807194844148264e-07
1740,0.240477501253074,0.534405083957359,0.02969199924677732,0.09977718460129804,0.029694972708327008,-4.987469260087085e-07
1741,0.31864960958712196,0.5997012436262149,0.01862856562449222,0.07696821847824685,0.018629992185031703,-3.9041287802632496e-07
1742,-0.013552369866203007,0.476903446866138,0.02539686398694333,0.06824612568277369,0.025398246566401383,-3.6986620300695494e-07
1743,0.19858088655784523,0.4726548840424658,0.02627377255595702,0.08631208346331087,0.026274916478062252,-1.1344215478104047e-07
1744,0.21984455267069314,0.5392793250504677,0.028798502458017586,0.08425757994913224,0.02880078691569917,-4.47329306874078e-07
1745,0.7678270706589982,0.9233826517897292,0.01872620988583985,0.06203748140267166,0.018732745622771337,7.065899820801747e-08
1746,0.2681784914095582,0.52510696945288,0.024661792356640698,0.07572010632320784,0.02466704706420837,-5.085904418167253e-07
1747,0.08614969906542702,0.4433928874394615,0.01587229521796876,0.050987883730360055,0.015872576738910297,-3.0093457298319137e-07
1748,0.8742172872733663,0.936118021728378,0.008049549762792969,0.030751692849185525,0.008050548277931264,2.872733663172866e-07
1749,0.4865374608772869,0.7973989861878544,0.01633799056953123,0.05644671967704093,0.01633934064889088,4.6087728688970486e-07
1750,-0.007671625763606027,0.35559055995108646,0.018716005554072275,0.06851293055192213,0.01871636733059728,3.74236393973007e-07
1751,0.8229040608352247,0.9102414272319023,0.011795370250000006,0.03807209557042914,0.01179697567328634,6.083522474664704e-08
1752,0.22638562405047558,0.5443996944685758,0.029608911392089873,0.0821044086318126,0.029612711073079438,-3.759495244282096e-07
1753,0.27697921938066095,0.6593985288948883,0.026354634198896502,0.07999995295129039,0.02635644388768236,2.1938066097071385e-07
1754,0.5437475581677036,0.7581519607655381,0.023839797543164096,0.06912971548514986,0.023846296312297715,-4.4183229641614474e-07
1755,-0.032625425125510255,0.26172501218002947,0.014148839999228502,0.055036921971216686,0.0141491834362739,-4.2512551025331025e-07
1756,0.4092242356506204,0.6574156362465394,0.02059462651179686,0.0642473270921702,0.02059633762751593,2.356506204059805e-07
1757,0.594862946080591,0.7936259890085473,0.01730028797568357,0.05484601443110584,0.017302130946765627,-5.39194090487527e-08
1758,0.6144053799146765,0.8573253428125122,0.0176454024259766,0.055769778592234455,0.01764777659018516,3.799146764960071e-07
1759,0.8679543813583168,0.9331561990651873,0.011006230643945307,0.033991755255593996,0.01100772201195283,3.8135831681440635e-07
1760,0.3285814720246044,0.577496537335332,0.018919377921386697,0.051090627429950075,0.01892102202291518,-5.27975395570035e-07
1761,0.3029408008564505,0.5653561382281389,0.021663394081162152,0.06875449876363535,0.02166420976032384,-1.9914354953964875e-07
1762,0.2841618446139291,0.5859534727441772,0.025975105237207016,0.07828548784910384,0.025979282170606834,-1.5538607089915502e-07
1763,0.4823695820032724,0.7132777982465571,0.020706684748632815,0.06966682905889421,0.020712590689102944,-4.179967276196628e-07
1764,-0.4249865947311451,0.1553101711515171,0.018433395225556617,0.06219527760751834,0.01843371346039303,-5.947311451093285e-07
1765,0.616437767606093,0.8598791729052292,0.013374918545429668,0.04822393155719547,0.013375284210987184,-2.3239390700702245e-07
1766,0.1441452513234588,0.43333867561252276,0.019822278827841797,0.07691786481017263,0.019823888211175287,2.513234587941948e-07
1767,-0.2286108173172714,0.3366366779673856,0.023349772306533196,0.07725787404845291,0.023350648122327903,1.8268272861110546e-07
1768,0.6580896025529859,0.8126706550687429,0.014624859058398441,0.04331852510378853,0.014626321349447571,-3.974470140777342e-07
1769,-0.8668071161433826,0.292859247544678,0.034486693272656264,0.09829540783708551,0.03449296873022641,-1.161433825780378e-07
1770,0.826066359673669,0.9097403881074124,0.010301722894335934,0.02655985833330779,0.010302990185825667,3.5967366907030396e-07
1771,0.6254393085362919,0.8044781184481373,0.018275271915429676,0.054496534881678854,0.018277182807686247,3.0853629195970456e-07
1772,0.2218041290295989,0.481726625196527,0.026465210178710945,0.08377974063691757,0.02647091592905053,1.2902959889427024e-07
1773,0.482425854773995,0.7066833162864139,0.022938965795703144,0.07389721375385169,0.022945028546829054,-1.452260049994436e-07
1774,0.43090583540743055,0.6983420255252755,0.028894253062304726,0.08916257980654876,0.02889912553000681,-1.6459256946266265e-07
1775,0.8976239287712354,0.9486870636308784,0.010934560138574212,0.034579013482510364,0.010937481053045574,-7.122876455323279e-08
1776,0.017385826070610455,0.42669589011142806,0.03186859675224609,0.09287051048315939,0.031875617401604654,-1.7392938954363668e-07
1777,0.8329758474307254,0.9147705889774341,0.011479587029296863,0.04042249891372704,0.011481298268582341,-1.5256927465845393e-07
1778,0.8924718476313994,0.9556481954957806,0.012518312830175788,0.03247380708704209,0.012520197258837433,-1.523686006255076e-07
1779,0.21723445148967657,0.5303747979821767,0.02612902966054691,0.07517270994715151,0.026132120188807097,4.514896765617227e-07
1780,0.3957297498127488,0.678900071116864,0.030511250347851553,0.08323586012609008,0.030519173048877107,-2.501872512494785e-07
1781,-0.025877520702868084,0.5601787364375685,0.0165098144390918,0.06305038440693175,0.016510561524499586,-5.207028680835613e-07
1782,0.3181201636539608,0.6115555463794229,0.016504184454785156,0.05877903350720513,0.016506841679939634,1.6365396077189232e-07
1783,0.02605399794724783,0.23824888440588537,0.01738502943065431,0.07210555635441651,0.01738533899243573,-2.0527521696345197e-09
1784,0.3616795292468865,0.7508111402216964,0.018240611039355484,0.0723030624441485,0.018244035559767478,5.292468865381039e-07
1785,0.3715952140464498,0.7108525029929479,0.03010317444111327,0.09137247810764908,0.030107714850105095,2.1404644978684217e-07
1786,0.9040795601405188,0.9613002039018503,0.006992275229609375,0.018254735612238945,0.006992634267534663,-4.3985948117164497e-07
1787,0.03207979740052236,0.32412411364904065,0.019803513977109357,0.06928231216768309,0.01980387790683445,-2.025994776388984e-07
1788,0.3341778648138126,0.6307562317866052,0.045491461902246046,0.12210033603062334,0.045519073877153794,-1.3518618735552934e-07
1789,0.4885314569284863,0.7132623707798393,0.015987723399091772,0.056283564467126034,0.015989238140526368,4.5692848632539196e-07
1790,0.7291954721284897,0.8748313593198083,0.011531241441210937,0.029564691472056932,0.011533136946867565,4.721284896369582e-07
1791,0.42365345493336926,0.7082538360811225,0.022364088178593776,0.07202586066599506,0.022366037651640774,4.549333692538404e-07
1792,0.726687566215928,0.8588789727614358,0.013595252668847636,0.03977541440179407,0.013597779914148695,-4.3378407199590185e-07
1793,0.12358548961342053,0.37646962529049477,0.01725331442458982,0.07198725903410552,0.01725362928313749,-5.103865794719997e-07
1794,0.5939551188236349,0.7834809401169732,0.011678733766494134,0.0414545798145157,0.011679045439573836,1.1882363493143089e-07
1795,0.36997862726474917,0.6157586738277565,0.02759512093808597,0.08245461963308551,0.027606781694828417,-3.727352508309245e-07
1796,0.7158876124527027,0.8462430340897136,0.01584664873251955,0.038903165562902325,0.01584894264508223,-3.875472972536542e-07
1797,0.7149259631804901,0.8638227133242757,0.01546375611091797,0.04477257543479571,0.01546440903063877,-3.681950988543292e-08
1798,0.16221781978333638,0.4336044699522749,0.015375266123476578,0.06605485520724373,0.015376287724032963,-1.802166636200031e-07
1799,0.6886552073184264,0.8525339801201645,0.014410857155683576,0.0441489873339295,0.014411994068606628,2.0731842642618403e-07
1800,0.805888922160184,0.9085863651701506,0.012279730461816393,0.042754272530836246,0.012282880257835664,-7.783981592623945e-08
1801,0.8313595113837825,0.9212507035801094,0.014352133831835935,0.045810361753719844,0.014354472535709262,-4.886162174866371e-07
1802,0.06547492107514297,0.3846096384972436,0.028042934222070322,0.08028247040892983,0.028045798693742807,-7.892485703875352e-08
1803,0.4141446926460419,0.6534811846280135,0.011465715247373064,0.042656558311424835,0.011465976721633976,-3.0735395806225085e-07
1804,0.7982511243464536,0.9191284882133153,0.012622647346269524,0.03971771736406006,0.012623657358151737,1.2434645357828344e-07
1805,0.03970681501906492,0.21860557700771677,0.01042390845586916,0.0597886769431042,0.010424303119568294,-1.8498093507651747e-07
1806,0.312684309835335,0.567206279580287,0.011205910297783213,0.0446549787409509,0.011206070951490255,3.0983533499950866e-07
1807,0.03329261005588835,0.4520336735656121,0.013217993950498046,0.053415501673728244,0.013218258395239865,-3.8994411165338416e-07
1808,0.19107834812983093,0.4643812997344776,0.024221765123515662,0.08312883274631319,0.024223467489463326,3.481298309349068e-07
1809,0.0320201929000129,0.3632627362163044,0.019398827144638645,0.07377091593888208,0.019399679992206483,1.9290001290056535e-07
1810,0.21952704019709235,0.5999194426397052,0.033986716739746105,0.10307713981541275,0.03399508751672128,4.019709234914792e-08
1811,0.2666983545804814,0.5363632878196698,0.022389681619169884,0.08423188971258293,0.022391591275507765,3.545804814208964e-07
1812,0.4546995265179563,0.7505317542047353,0.029268310710156262,0.08789963169129837,0.02927261486762855,-4.734820436835818e-07
1813,0.3859105827720467,0.6757240550785866,0.02607111601816405,0.08897298807435114,0.02607430982387034,-4.1722795329768303e-07
1814,0.6472272396106483,0.8420058427381889,0.02232165470664064,0.057942823896159255,0.022324810381097477,2.3961064832267454e-07
1815,0.5123921003703007,0.7617843299579304,0.020427793706835923,0.06662311241893616,0.020430511103740195,1.0037030073739572e-07
1816,0.24711060315393163,0.631227162459471,0.03698030307148435,0.09376996222011544,0.03699907716912086,-3.9684606836787317e-07
1817,0.6712657583578004,0.8234693421845326,0.018117632809960923,0.06187203493766247,0.01812019821870019,-2.416421995832252e-07
1818,0.5620825385855581,0.7518928756089575,0.012906280900781256,0.0462974439488605,0.012907084669602146,-4.6141444187686176e-07
1819,0.30147640543047893,0.5494654221621645,0.015224013869335952,0.05040161274548549,0.015225566059461118,4.0543047891139494e-07
1820,0.6918436696936132,0.8366425375920341,0.013835117521777334,0.033213824715540484,0.013837109691971015,-3.303063867976519e-07
1821,0.7465749102351062,0.9116264425097649,0.009771472700576165,0.03819327060011202,0.009772410589603542,-8.976489374035168e-08
1822,0.9451766936620303,0.972317718599527,0.007896811365820317,0.020658497236379827,0.007898231838331922,-3.0633796976875516e-07
1823,0.8598789307833783,0.9288061277095132,0.008163351851474598,0.020458199541016096,0.008163734922000386,-6.921662165648712e-08
1824,0.2592634337771643,0.56283402479915,0.016042591153710904,0.062066499463300874,0.0160432004545706,-5.662228356739796e-07
1825,-0.8484465846025813,0.4550730047749741,0.034678141207998024,0.08448202719835034,0.03467949803919727,-5.846025812328293e-07
1826,0.6545087590825038,0.8117473218877737,0.013011638150097654,0.04390546328324712,0.013014047738777226,-2.409174961748306e-07
1827,0.2956689162051792,0.5479847411827531,0.01821626700501955,0.07404328770636069,0.018217483696467533,-8.379482080433931e-08
1828,0.5695530881221821,0.7768083328133936,0.026134858282226607,0.0770032961167936,0.02613992238507422,8.812218210696443e-08
1829,0.1412842854148667,0.4649549310403547,0.016686765702031266,0.07615580841380043,0.016687040864326562,2.8541486671307403e-07
1830,0.15250924771916008,0.468776515387308,0.02437798336640625,0.07971457063656918,0.0243832839460935,2.477191600736006e-07
1831,0.12017895620578367,0.39244476180717236,0.017003702637294914,0.0610881748887402,0.017004725522039098,-4.379421632283442e-08
1832,0.8048386709242193,0.8986951740692128,0.01161741927411135,0.02809400706094834,0.011618420834502546,-3.290757806251321e-07
1833,0.6921955210021244,0.8372708933681173,0.015018309262207012,0.04927888038903748,0.015020505408800781,5.210021244428376e-07
1834,0.19983304429249427,0.5176119134402487,0.022069657479199187,0.08106223855613971,0.022075605154966853,4.429249425563775e-08
1835,0.8833705285630339,0.9605463331567141,0.012943740811132807,0.04052717944765118,0.01294621538699128,-4.7143696613183295e-07
1836,0.1978070567361695,0.5046020034482209,0.028464012423290986,0.08832004401800803,0.028466266765449423,5.6736169484761234e-08
1837,0.2802804585039076,0.5458889791548004,0.022733582723144526,0.0715179499625992,0.022736553604015816,4.5850390761881243e-07
1838,0.8366457815089179,0.916785191389673,0.01090417515205078,0.04298964443400048,0.010906715943514148,-2.1849108211569046e-07
1839,0.0004647618222264338,0.19361102310327946,0.02197727137588866,0.08176707789588031,0.02197916618046341,-2.3817777356621977e-07
1840,0.3003401941603585,0.5869267515284315,0.013629419014648429,0.05436690895950817,0.013630290142575182,1.9416035851316238e-07
1841,0.4879112284105728,0.7964252579391449,0.012184569341572271,0.05036222391692446,0.012184938957804725,2.2841057278899513e-07
1842,0.31248876681856674,0.5843923766117985,0.021186429432255894,0.0743980206007075,0.021187412598118908,-2.3318143327344387e-07
1843,0.41801326229481517,0.7031936773281797,0.03935309376953118,0.09490619382766052,0.039372750705878416,2.622948151453919e-07
1844,0.3292073042082305,0.6322955758969088,0.02643603603607425,0.0767917757995465,0.026437067435696574,3.0420823049492896e-07
1845,0.35045412633825046,0.6618921848506523,0.020051645180175746,0.05733809836859857,0.02005281237096416,1.2633825047236868e-07
1846,0.7327012016338564,0.8581463576451855,0.012650818820117189,0.05226051648023474,0.012652760173599457,2.0163385638927167e-07
1847,0.6509854096827565,0.8107295323657653,0.016453121671289036,0.04992928758082576,0.016455334913834944,4.096827564969985e-07
1848,-0.21485225252189055,0.2889274543126989,0.014924655511884755,0.0746195441260115,0.01492507504932661,-2.525218905646831e-07
1849,0.690425819595573,0.8518741885847586,0.015701623347363258,0.05614425856768109,0.015703843880310236,-1.804044269526628e-07
1850,0.15877835594675693,0.5210361265744478,0.03084112183757809,0.10251290448828472,0.03084263022231692,3.559467569302921e-07
1851,0.6024345222522907,0.8519654632751209,0.015740950227539036,0.0585758725427393,0.015742701984108154,-4.777477093931282e-07
1852,-0.2610828431127561,0.06322928417555998,0.018484715725146535,0.07470036705883168,0.018485000985866598,1.5688724391837994e-07
1853,0.5557640178985008,0.7569013533866334,0.014675738503955081,0.043607135085248286,0.014676849967566581,1.7898500792590255e-08
1854,0.18995178743618535,0.46684474252291464,0.02617557285025398,0.08539102884659915,0.02617810935198153,-2.1256381466105978e-07
1855,0.007310783815794419,0.47748910287938245,0.024808202634375012,0.0696594912531449,0.024810748919358333,-2.1618420558040807e-07
1856,0.07917671607576116,0.375692417417922,0.03437355397265628,0.1012729135660909,0.03437865075889735,-2.839242388419372e-07
1857,0.5822759234841279,0.7925818727063604,0.01451235531525391,0.048446412060522456,0.01451288647543373,-7.651587208279409e-08
1858,0.18321124307661785,0.44456342605808224,0.01573626920955075,0.060687970173498744,0.015736609018647058,2.430766178340704e-07
1859,0.8480996828216139,0.9225851010196127,0.012592270159863281,0.03286901439314212,0.012593875965946683,-3.171783861111166e-07
1860,0.5934379526858304,0.7743207176238234,0.00996671638819335,0.03418124800687017,0.009966831555031636,-4.731416958225765e-08
1861,0.08768840589428473,0.31764825263742247,0.014588463352158212,0.06440514781674915,0.014588651532779084,4.05894284724595e-07
1862,0.8305419581559683,0.9155378396866338,0.00915102534550785,0.025140308662215734,0.009152424072038598,-4.184403168405737e-08
1863,0.8356445362790351,0.9160787455924815,0.009262630170439453,0.028516064659835298,0.009263458696593774,-4.637209648494789e-07
1864,0.19355748324796995,0.48421931437700577,0.026970644338085915,0.07534093997206316,0.026974295824234776,4.832479699456993e-07
1865,0.09338969565089872,0.5792439688096633,0.02810147234492186,0.06796303282555573,0.028106076524984154,-3.043491012821864e-07
1866,0.3914047913136758,0.7091172957346635,0.02341886191993165,0.07928940876365384,0.0234202438166633,-2.086863242212189e-07
1867,0.1778612876844532,0.4819352073090559,0.04067160059765621,0.11206386421720582,0.04067601597105466,2.876844532040401e-07
1868,0.5509691995655539,0.7428538185470733,0.015135554924277324,0.05537666166562938,0.015136945755745696,1.9956555386002606e-07
1869,0.22194207970205015,0.5038655035470192,0.018327105872861325,0.06699026160651686,0.018327633644013724,7.970205015417342e-08
1870,0.26109917970669294,0.517913005202183,0.011497941669052726,0.05230764119098793,0.01149821126795727,1.7970669291544894e-07
1871,0.23355667104195577,0.4947471470524343,0.014574687811210903,0.07284936544663148,0.01457495312651589,-3.289580442211726e-07
1872,0.8832998017243032,0.9567353226575646,0.008697870520214835,0.028482609815490476,0.008698860863777023,-1.9827569675001655e-07
1873,0.09975750679757467,0.3466607645906288,0.021777248440322285,0.08382348450020131,0.021778347279247916,5.067975746703146e-07
1874,0.8984697962326194,0.9535245493823947,0.01127264843115235,0.03424965137809824,0.0112739091833972,-2.0376738063543343e-07
1875,0.4634411994401816,0.7490614706008254,0.021628974752050795,0.06408228307794506,0.021633786253223257,1.9944018159190335e-07
1876,0.08166468772100843,0.4781201099374607,0.022093721005175752,0.06513136543357838,0.0220949004543826,-3.122789915682711e-07
1877,0.19142587498873986,0.4647533026790022,0.02534579840546872,0.08030530270746379,0.025348596505224228,-1.2501126014918817e-07
1878,0.3985524670784034,0.6406654356643819,0.026778020079101565,0.07188723477883117,0.02678119314700305,4.670784033988795e-07
1879,0.1749652861643538,0.4627343698139434,0.024001238373730464,0.09521445024526587,0.024004959315260036,2.861643537965808e-07
1880,0.039552693510328196,0.2613768724759977,0.017404210038007833,0.07042012593322702,0.017404526565082117,-3.064896718016352e-07
1881,0.8317971123954977,0.9128807228778935,0.009955764822265631,0.024052126492752002,0.009957361520036134,1.1239549768671253e-07
1882,0.3280015774453766,0.6749202735844388,0.020104236740722675,0.066248038558129,0.020106311492909947,-4.2255462340268224e-07
1883,0.3865138308839797,0.7374022498997914,0.03116134553681642,0.09416709242036195,0.03116833545681514,-1.6911602029878736e-07
1884,0.6952113540066454,0.8374400837168762,0.017275685222167946,0.04267098169976826,0.017279491251293532,3.540066453311397e-07
1885,0.7727014678406582,0.8994115270860427,0.018107887721972676,0.056962528622887205,0.018111223307625053,4.678406582137029e-07
1886,0.8397908208501013,0.92425127475769,0.007233307991230465,0.025338711244778583,0.00723383226864951,-1.791498986936091e-07
1887,0.6739540922651152,0.8437425692223586,0.011220857814912093,0.03531337391127728,0.011221220590914339,9.226511510362911e-08
1888,0.12346557633607502,0.5274223152664776,0.036826232414257795,0.08610350439848574,0.03684148907908587,-4.236639249838303e-07
1889,0.647782038772139,0.8176279336801231,0.018741995984570305,0.0585460719089856,0.018744447402146005,3.877213905489896e-08
1890,0.44270479520896167,0.7055043618198031,0.02015338011336912,0.0597866446001274,0.020154479774435873,-2.0479103834958323e-07
1891,0.8238215163436683,0.9085627846432296,0.011087910851953143,0.03375439834028432,0.011089310391678295,-4.836563317622833e-07
1892,0.7689216192070758,0.8780486941265855,0.012230332421093748,0.0421803786204468,0.01223166278199507,-3.8079292419279653e-07
1893,0.5669704995424153,0.7617720384013555,0.016465440270087874,0.04921905708070216,0.016466562960185834,4.995424153220185e-07
1894,0.3307130162671166,0.5794025977371104,0.030491796276953115,0.08640006180225698,0.03049687862447151,1.62671165981898e-08
1895,0.11048129245916516,0.38677753533166154,0.019222575781640626,0.07981679681880355,0.019224672332126738,2.924591651631836e-07
1896,0.32462300614274486,0.6459300320456965,0.02808102850712891,0.09429235306004644,0.028085078645086282,6.142744868320449e-09
1897,0.3307865493590195,0.6049509144647386,0.024683973524609392,0.07708291236961545,0.02468915468197867,-4.5064098047609136e-07
1898,0.511036412558705,0.7629952501305363,0.021265413173964885,0.055509512188716637,0.021266640809520256,4.125587049763624e-07
1899,0.5390997761445411,0.7474401130703419,0.017230984780371085,0.06155323965227008,0.017234046394925907,-2.2385545894731962e-07
1900,0.3986382346324079,0.655956914169826,0.019817429060351548,0.058798396708993894,0.019820928724793005,2.3463240789167727e-07
1901,0.43946949178739014,0.8148675777620307,0.031362953997949264,0.08487277816750013,0.031369045813318834,-5.082126098843176e-07
1902,0.732144080395521,0.9224150944886889,0.016442160019238303,0.0599521618555876,0.0164453122649159,8.039552101823944e-08
1903,0.7299210021645962,0.8652953843621151,0.009167167557353528,0.02975263525724113,0.00916744731438438,2.164596168974242e-09
1904,0.18364411302373862,0.44007514845211826,0.02246630375661135,0.07585772078184894,0.022467657142672064,1.1302373861821202e-07
1905,0.0335956224380245,0.291034383397392,0.01837473311590823,0.0694798734971084,0.018375140083917024,-3.7756197550364856e-07
1906,0.8883550654231012,0.9447694120104082,0.013044581124511734,0.03524002389699227,0.01304673678855838,6.542310115875694e-08
1907,0.38294677459385396,0.6882958199039723,0.017586389549902343,0.06836658486859976,0.01758867458959712,-2.2540614602606368e-07
1908,0.2091880089589947,0.47259996500094126,0.021294333347138646,0.07838416505681381,0.021295120780013995,8.958994685004384e-09
1909,-0.057600141609969624,0.3219738288838068,0.02875971604362302,0.08612190770093224,0.028760867665578258,-1.4160996962553352e-07
1910,0.07656345569177136,0.3676275140452156,0.016883319732158213,0.0626976672721092,0.016884485818479653,4.55691771358846e-07
1911,0.5838936455292631,0.8591382070185064,0.015569430396582023,0.042303205140794116,0.015573490654771573,-3.544707368741129e-07
1912,0.8154550572425061,0.9378487743450717,0.012521870339550776,0.05072510667561677,0.012524906459540951,5.7242506068533316e-08
1913,0.14458202208352589,0.4302125166963938,0.018220258104003878,0.07065631054736259,0.018221465610282237,2.2083525896832157e-08
1914,0.8912807317163582,0.947073177941223,0.009382471564453123,0.02784606973557143,0.009384647161219737,-2.682836417466916e-07
1915,0.8419950827425267,0.9199136721217964,0.011379443785058601,0.04334570933934804,0.011380999681525061,8.274252660811499e-08
1916,0.16952774213527522,0.45573533625857143,0.025536505381543003,0.08351614854500038,0.025541469215390345,-2.578647247952759e-07
1917,0.2816461985382547,0.5858894746945079,0.025270997049414063,0.09741095118360422,0.025273778357955776,1.9853825466986663e-07
1918,0.1529727981853799,0.45596314219565776,0.02585825201347657,0.075785528867906,0.025860480602716264,-2.01814620098828e-07
1919,0.8492727155717748,0.9233618387228427,0.010638132016894534,0.03323631032290585,0.01064053335969451,-2.8442822519458844e-07
1920,0.34552606748312176,0.6471868190256529,0.02132600380297852,0.07433661712349297,0.02132662258512258,6.748312175730575e-08
1921,0.2706684281942837,0.5550026696832564,0.02300389552714844,0.07415537988207807,0.02300691198408489,-5.718057162762413e-07
1922,0.7341086771595677,0.8670359551828021,0.00886670282247067,0.04695576576700569,0.008866959073597766,-3.2284043227637227e-07
1923,0.34118149726968316,0.5890832517326138,0.01939011815927736,0.06532756095522382,0.019392278544433234,-5.027303168203545e-07
1924,0.4129728999637573,0.7425459185788509,0.02194721533422851,0.06777593110953202,0.021948481828353388,-1.0003624267840294e-07
1925,0.21630166823335284,0.5213376850029036,0.021928147675683594,0.06860022875023865,0.021931018027060892,-3.317666471547298e-07
1926,0.5129038447334717,0.7445477750221513,0.029809753102929677,0.07551126847560458,0.029817508985881758,-1.5526652830111232e-07
1927,0.5126792176605147,0.7575317570178363,0.017939903832470693,0.06358604651237694,0.017940743574808383,2.1766051472305037e-07
1928,0.2199188515313968,0.6313093826708746,0.03631116008496095,0.10909987730798473,0.03631749976214493,-1.484686032171556e-07
1929,-0.7197155298505282,0.16725740227266472,0.024469885948584003,0.06712650232413599,0.024470330241688,-5.298505282302912e-07
1930,0.8473065867086356,0.9411470568908631,0.009197700110839835,0.03210601338262693,0.009198701579919932,-4.1329136446499604e-07
1931,0.8498919970481194,0.9274287874404734,0.01076040789315429,0.026821145313026293,0.010760817836302106,-2.951880628820902e-09
1932,0.1740090177437662,0.4954239156155266,0.02574124455189452,0.08050714478085731,0.025742839066950324,1.774376620633511e-08
1933,0.20668316434855438,0.4675993013498007,0.016057119262216823,0.05703058807080278,0.016057578722534084,1.6434855437674756e-07
1934,0.33201312448032894,0.7009953161073926,0.025945102024804687,0.07566757242141088,0.025949904799450092,1.2448032893352945e-07
1935,0.2206635289797888,0.5523354048338929,0.02255503829951177,0.0687233668111488,0.02256068300496029,-4.7102021119571624e-07
1936,0.531385948030237,0.730273593935794,0.009713464521875007,0.038218253007862184,0.009713748450273884,-5.196976304855383e-08
1937,0.5085290220811881,0.7176267625231416,0.024314064145410152,0.0715350855338455,0.024322315449578486,2.2081188100209204e-08
1938,0.3887828437903703,0.6644821851969851,0.03360021040498045,0.1114909907513862,0.03360581299137214,-1.5620962967588525e-07
1939,0.1358293022814856,0.44623519278993096,0.020255706205976557,0.07691315773865719,0.020256197315252283,3.0228148559241497e-07
1940,-0.15086196067278768,0.3069673534672566,0.035339462325224565,0.10847281873473914,0.035341839723778135,3.932721232002834e-08
1941,0.36230299648537223,0.6411374269006618,0.02300176162695317,0.07478621242831845,0.023008046873165794,-3.514627755496491e-09
1942,0.25910331625554484,0.6317051151682832,0.021978381208007786,0.08206695425338897,0.02198060307770481,3.16255544807742e-07
1943,0.8605691242500934,0.9317223805271757,0.009765747738281259,0.023900155046798828,0.00976679956887743,1.2425009332517334e-07
1944,0.8712535311031501,0.9508692270053499,0.011833775051953124,0.0323582398622707,0.011836755198911605,-4.6889684990336633e-07
1945,0.6366856968253533,0.8090693203301695,0.012486288266113272,0.04278113838626666,0.012486576123023474,-3.031746467208052e-07
1946,0.24516076130819042,0.6182969040678208,0.02413593821298827,0.07669425642024577,0.024141516525615594,-2.3869180956759273e-07
1947,0.5636523379478231,0.779799263308692,0.012661989791494127,0.05572883841403631,0.012662922258824882,3.379478230591815e-07
1948,0.5546264438507779,0.7622576176599963,0.012922753476806657,0.05618747189053635,0.012923939824434787,4.438507779092049e-07
1949,0.5773446378626688,0.8214254243243087,0.02372338055810551,0.06203812106469854,0.023726636260698618,-3.621373312334697e-07
1950,0.23023013118779956,0.498331477455699,0.02669071081582032,0.07800906812723203,0.026694396385665623,1.3118779956799997e-07
1951,0.4685163697379202,0.7264293419945468,0.03451369033886723,0.08846510068688906,0.034531135323401844,3.697379202249884e-07
1952,0.845102170270037,0.9208760937680215,0.012618689925097668,0.043605911268595934,0.012620877232923764,1.7027003695879728e-07
1953,0.7676175172266402,0.8781309415336891,0.014321915504003918,0.036306480429300916,0.014325309768686068,5.172266401842762e-07
1954,0.6617587413875033,0.8274539349052104,0.020640454440332023,0.06162826071377805,0.020645719780184722,-2.5861249663972075e-07
1955,0.6813198337820763,0.8434754600719918,0.009767485879834016,0.04344826569112463,0.009768328981670973,-1.662179237582606e-07
1956,0.12375181110532252,0.37135716761357335,0.018406915449482374,0.07044455095593129,0.018407375939075144,-1.8889467748306465e-07
1957,0.8475148615503265,0.9243797777590331,0.012623032838964836,0.03844366648512115,0.012625018937506479,-1.3844967350351567e-07
1958,0.4437075083112806,0.6944126097395988,0.01691789420470705,0.05459749454755613,0.016918691409554966,5.083112805670531e-07
1959,0.878830814805426,0.9498268440797886,0.008049607717011704,0.024883332333356607,0.008049935676301617,-1.8519457400945072e-07
1960,0.4136412612404953,0.650636191145386,0.016994815179687484,0.05695362051079537,0.016996626754952185,2.61240495291748e-07
1961,0.12330180246268141,0.4769149299383118,0.025019141846093728,0.06589074723931902,0.025023251509777533,-1.9753731858584977e-07
1962,0.2061216549141447,0.46373220084633715,0.018936186590625032,0.062269278370891204,0.018938353297324413,-3.450858553077918e-07
1963,0.9182268094877502,0.960796044405861,0.007580459798828124,0.02631516091039262,0.007581396409847574,-1.9051224986466053e-07
1964,0.0009321023217716551,0.4592592643946223,0.024210764137001992,0.07563920836847877,0.024212045957338196,1.0232177165509036e-07
1965,0.5645530575803661,0.7875887696889221,0.022700452060644565,0.057403030299416735,0.022706910362360517,5.758036614178508e-08
1966,0.26270028209636076,0.5395343504536583,0.013157190513310558,0.052701449647523435,0.013157540123756514,2.8209636077081157e-07
1967,0.3716744566103162,0.6114248237706064,0.021112236309472638,0.07081196405588805,0.02111708805548028,4.5661031616850423e-07
1968,0.21845140899247317,0.5489592728063923,0.04632702613079113,0.12005059519266212,0.04632944615358061,4.089924731665029e-07
1969,0.2566245506031516,0.5209315404718369,0.016273754638574202,0.058988693684602946,0.01627559341931241,-4.493968484009514e-07
1970,0.3097497151778339,0.5711123710812833,0.013396257603515626,0.05378527872691594,0.013396544859330667,-2.8482216613001654e-07
1971,0.5909736925103515,0.824712713559448,0.0131346883897461,0.05032784511934649,0.013136095155194023,-3.074896485211198e-07
1972,0.6664856926742535,0.8181435763856246,0.010464894602158206,0.03866404928973297,0.010465883929397672,-3.07325746518039e-07
1973,0.3164330488598096,0.606699509954477,0.024053929813574234,0.07833747203433199,0.02405728609126567,4.8859809587131764e-08
1974,0.16170530666374483,0.46500136739242454,0.03247993267993161,0.11290157669953627,0.032481253163378146,3.0666374484233927e-07
1975,0.2218947965491056,0.4817083683828324,0.020723992471894558,0.07107765185800595,0.020724993918108177,-2.034508944093183e-07
1976,0.30674052059197654,0.680239290741709,0.03321655672460938,0.100922017794308,0.03322328641357134,-4.794080234460374e-07
1977,0.41044873508513546,0.6596868501361957,0.012289995478925777,0.044333563898762716,0.012290221862354437,-2.6491486454505164e-07
1978,-0.08429443645377388,0.34977881245367626,0.023358426343359363,0.06711117140458969,0.023361596997993207,5.63546226114986e-07
1979,0.3424112574461913,0.5901414361055097,0.011406068041123063,0.053692154775118725,0.011406228281407011,2.5744619125411816e-07
1980,0.8527342014541142,0.9275272121514496,0.008661014846015613,0.021361520782847022,0.008661366826207629,2.0145411416816472e-07
1981,0.6509149517658241,0.825104812264732,0.016955997088476563,0.05633017636293921,0.016958723871512628,-4.823417587562773e-08
1982,0.7340746142325711,0.8678582560166955,0.010896026687666007,0.030250828426251614,0.010896237777320558,-3.857674288898494e-07
1983,-0.5742244029792976,0.4491221232999929,0.025549137752929718,0.07626805400592156,0.02555293763062831,-4.029792975979163e-07
1984,0.2668598579456516,0.5272346518409399,0.023363264595458958,0.07840619377744677,0.02336505609968652,-1.420543483954262e-07
1985,0.3034566858988167,0.6852162324296919,0.0249637696794922,0.08683500490342588,0.024966361080416992,-3.141011832852314e-07
1986,0.2439508184250706,0.504135201078297,0.02119877873457029,0.06992360060744408,0.021202752878916976,-1.815749293976321e-07
1987,0.834244208483891,0.9393485617143702,0.011377177149511713,0.04028410992102775,0.011378868150590816,2.0848389103989007e-07
1988,0.038345106369723436,0.43773843706519205,0.01723485057669918,0.06529890022415782,0.01723549713707393,1.0636972343908146e-07
1989,0.30291926046342577,0.6592815995819208,0.012892559702988275,0.0665624282618572,0.012892727675504013,2.604634257719063e-07
1990,-0.20200652324857593,0.20900971185214434,0.02668785217818363,0.09560219447987688,0.026689655573389343,-5.232485759398831e-07
1991,0.6641515635294752,0.8373870675306936,0.010175300312070307,0.038278730739816136,0.010175485684591295,-4.3647052472284287e-07
1992,0.23394672832878638,0.5752711297021964,0.024264373533789074,0.07512023588260942,0.024270043195477858,-2.7167121360860413e-07
1993,0.6082875099459492,0.8677461748695239,0.0235561628734375,0.07600376051520788,0.023561105265284002,-4.900540508945284e-07
1994,0.19588698353645806,0.4803148543258573,0.021876134387128883,0.0709256203323545,0.021877655438780442,-1.6463541946398763e-08
1995,0.1871888739065114,0.467358050346906,0.015903266850263654,0.05281105544061752,0.015903958316519834,-1.2609348859493608e-07
1996,-0.23818918847963788,0.27959737831214576,0.023789984015742192,0.07448105870305184,0.02379153473322535,-1.8847963786927657e-07
1997,0.5536706093763679,0.8243399659982992,0.022933857401054723,0.06466010654609784,0.02293470913950343,-3.9062363210717876e-07
1998,0.4000325279907976,0.647668767506775,0.01925491436357419,0.0655854358545324,0.01925558413883719,-4.720092024457223e-07
1999,-0.008861355222357536,0.34961619445694697,0.025008682105722702,0.08085347576270377,0.02501031425031892,-3.552223575356561e-07
2000,0.19838926287562952,0.48386348912994626,0.02826887460481448,0.09523643482858295,0.028270998774578403,2.628756295142143e-07
2001,0.7740670932523268,0.8842519645398845,0.011669951377148425,0.03883544114695033,0.011671441187595968,9.325232686041574e-08
2002,0.8414171868103548,0.931682265301695,0.01306693313154296,0.04291489738422184,0.01306983408185515,1.8681035485190733e-07
2003,0.3657063464578405,0.7132746386775171,0.03086347131289064,0.0967687864643329,0.030870063673641267,3.464578405276697e-07
2004,0.4626411932659228,0.6831729350403934,0.020268751283398435,0.061344105922046185,0.020271614413783653,1.9326592276547316e-07
2005,0.5116549751113619,0.7154520903139023,0.015837090173154298,0.05088951130362875,0.01583837731594868,-2.488863803939978e-08
2006,0.5229892152734853,0.7272454869900016,0.017900260560644535,0.04819336914500559,0.017902179758454886,2.1527348526007017e-07
2007,0.6952195594310233,0.8392153638305636,0.021096090436230532,0.05320059500563199,0.021099153617682494,-4.4056897663402594e-07
2008,-0.08676426876836696,0.28787305584130557,0.020141240811884748,0.07983304411455874,0.020141726093541125,-2.6876836696498874e-07
2009,0.8670786032534121,0.9393683703848842,0.009934503643652339,0.030586415738219238,0.009936678454655673,-3.967465879162191e-07
2010,0.3144282208695357,0.6268050813547332,0.01734838352747069,0.061318595125810095,0.01734938032449315,2.208695357164281e-07
2011,0.32653494757694934,0.6105036111049953,0.022556968450488303,0.07567045858775574,0.022562986691722676,-5.242305067820752e-08
2012,0.7631444436282382,0.8833939062577789,0.012621293650390643,0.034130666002237776,0.012622700546299052,4.436282381448109e-07
2013,0.14113353312684218,0.4435502829695669,0.019264927794228448,0.07376359324378821,0.01926537644862703,-4.6687315782834027e-07
2014,0.664263744659481,0.8279985680936137,0.014766032593915986,0.041694691227728065,0.014767296567439258,-2.5534051895093057e-07
2015,0.7820111693222365,0.916797728418133,0.009093912587792978,0.025729544409967664,0.00909489264341985,1.693222364540503e-07
2016,0.5767080526576094,0.8093591908258659,0.019051158667089826,0.05983939996958134,0.019053968456737503,5.2657609383999215e-08
2017,0.2408055487801951,0.5383053381319647,0.0172437186663086,0.061986622869439546,0.0172457441427421,-4.512198048811644e-07
2018,0.3304824477268379,0.6249791836092018,0.03890520487636717,0.10290466367165019,0.03891220445818219,4.477268378821897e-07
2019,0.2014397284777255,0.5209744418177671,0.0336582615192383,0.09288652360598793,0.03366303915280267,-2.7152227449755983e-07
2020,0.4328189161695245,0.7110560298034978,0.021264750943749987,0.06305085936354991,0.021270350171999613,-8.383047550575284e-08
2021,0.5094703665380615,0.7634593186924677,0.014622472495625032,0.052437742414170326,0.01462320948929776,3.66538061569166e-07
2022,0.43789245387659237,0.6666630760446534,0.02153574077343754,0.054469147158070774,0.021539828065666122,4.538765923656207e-07
2023,-0.19656085780292432,0.28700374656627964,0.022526513939667977,0.05907506636634285,0.02252693367298491,1.421970756976254e-07
2024,0.6246122975727812,0.8155560817221998,0.012776083242480444,0.041069445712414776,0.01277634253835226,2.9757278130482234e-07
2025,0.48400967278499807,0.7678614171105692,0.02165397788125003,0.07084214003912942,0.02165704368483962,-3.27215001927339e-07
2026,0.110176369879599,0.36355322724548567,0.02690044737275397,0.09013666812060209,0.026906654746075887,3.698795990048076e-07
2027,0.28819126247287197,0.6117929301209984,0.021658911866220702,0.0782696762793484,0.021659684714311463,2.624728719924363e-07
2028,0.5668167175780641,0.7644761809493662,0.01334119876923828,0.04525935187218864,0.01334264328916575,-2.824219359487401e-07
2029,0.7032246633154482,0.8524899633263218,0.01501184337412111,0.045090581674288345,0.015015074436457434,-3.3668455179380885e-07
2030,0.5584201994335521,0.806024103967407,0.02477514820849617,0.0759293714208756,0.024783289536457195,1.994335521171564e-07
2031,0.15229757424832957,0.4535063088561012,0.02860187499443361,0.08789027412606136,0.028609705287668732,-4.2575167041869477e-07
2032,0.8809055014825874,0.9526178046901496,0.00918519470888673,0.02966614666388599,0.00918635694104511,-4.985174125726743e-07
2033,0.9311390050440299,0.9658817314155508,0.009490554171093755,0.029679781984029298,0.009493195795221713,5.044029860457044e-09
2034,0.586867632906472,0.8446556322257636,0.01851604666591793,0.05557390414264056,0.018518376536943548,-3.6709352790875727e-07
2035,0.6498638035543987,0.8585742400206583,0.02754831565898438,0.07728012438470723,0.027560738223522896,-1.9644560134146616e-07
2036,0.9471569496935234,0.9732875011242328,0.006809080329003892,0.018369500404564774,0.0068102539169065295,-5.0306476651051923e-08
2037,0.1620224273314551,0.4870768026799267,0.02581641112661131,0.08773821284458527,0.025817053572113606,-5.726685448903535e-07
2038,0.8151628951752352,0.9123489468800682,0.0126214437051758,0.046350981999895874,0.01262333893036345,-1.0482476475726088e-07
2039,0.2220142635117044,0.47877745172679653,0.01239658155176757,0.04570790177895693,0.012396762897069803,2.6351170440142013e-07
2040,0.179764291236435,0.46503171975875723,0.026718986683203185,0.08733697518700495,0.02672637455068737,2.912364349960672e-07
2041,0.7012311670066821,0.8523069045033486,0.017816436577343726,0.06039729666729573,0.017819395316869897,1.6700668203917246e-07
2042,0.326279078792182,0.6158379918199747,0.026993887971679703,0.08581058793012325,0.026996676901182327,7.879218200113058e-08
2043,-0.1756116115456765,0.39743143818789106,0.0204281203334668,0.0666171076231282,0.020429976845505505,-6.115456765154459e-07
2044,0.3896618904843685,0.6304905724567427,0.017525566858300774,0.061051013514805234,0.017528964155608253,-1.0951563150785049e-07
2045,0.22588679683484125,0.5093996362516721,0.020526396524316398,0.07218443847830128,0.02052680617532402,-2.0316515875196117e-07
2046,0.24639518605417987,0.556964823913857,0.02804546472393554,0.08491936482239316,0.028047798106086246,1.8605417986816697e-07
2047,0.517751531625784,0.8849260247745866,0.03194038749785154,0.08251476792844041,0.03194721402327013,-4.683742159672377e-07
2048,0.5470146732827876,0.8198002317960668,0.01533590170851562,0.05007208738548607,0.015337191367539629,-3.26717212395522e-07
2049,0.21458701432117855,0.4780539034556048,0.02335534602995118,0.0767001312411527,0.023357104944680455,1.4321178548604152e-08
2050,0.8346974550945562,0.9215010175401376,0.011198885913574232,0.03596390432420559,0.011200459397792226,4.5509455615100336e-07
2051,0.3631538761554415,0.6206560138746194,0.013803937366074206,0.050071086156623576,0.013804338380171543,-1.2384455849723253e-07
2052,0.7323306853762678,0.8584612194341319,0.009703871609667946,0.032137548953334996,0.009705476225757825,-3.1462373217827633e-07
2053,0.4425153902246748,0.7055282651852598,0.01784514508164065,0.059390383943979476,0.017847006902817156,3.9022467479554734e-07
2054,0.1881470336183626,0.5352749769399985,0.025932349415605477,0.08567750841601046,0.025934020824087217,3.361836259374584e-08
2055,0.7924094111369001,0.8908047521701936,0.010487981904091802,0.033897885287106085,0.010488841863363383,4.111369000803222e-07
2056,0.09228931007888452,0.37362115889227654,0.027470553020078125,0.09080039791079307,0.027472645911793245,3.1007888452727617e-07
2057,0.21050167582195833,0.5048962439466923,0.010726280535205083,0.055096697225476145,0.010726450936999105,-3.241780416607387e-07
2058,0.05967641317898986,0.36401893925112616,0.016691682062714836,0.06770625763249069,0.016692063208451534,-5.868210101386828e-07
2059,0.12322719597059162,0.5218336774627934,0.04175006060053723,0.11935623565949462,0.041753635856651254,1.959705916154686e-07
2060,0.03796390060361743,0.3776935967931591,0.034572062454199186,0.09587870181101017,0.03457721254329056,-9.939638256906136e-08
2061,0.3789321484548077,0.626128528576594,0.026041853568066386,0.07731667578660407,0.026045401803476656,1.484548077246295e-07
2062,0.6135269674747569,0.7850221557815209,0.015407126418642567,0.038533241211615506,0.015407592429595699,-3.25252431654377e-08
2063,0.6602006765295382,0.8205586714125499,0.014126471400390627,0.039518597210806944,0.014127504379494097,-3.2347046186043116e-07
2064,0.8464076770648927,0.9310405424914653,0.014668445799999997,0.053059709170830444,0.014671437014045564,-3.229351073219533e-07
2065,-0.03737297298825837,0.3258601153976993,0.025053889467998077,0.09116726867664247,0.025054419835490893,2.701174163510789e-08
2066,0.2514493532931734,0.5274479624883233,0.0266558340195215,0.07949613855243404,0.02665815557885594,3.5329317343846256e-07
2067,-0.08507477676131092,0.34202302704492055,0.013374010254716795,0.060569485130340044,0.013374232602938727,2.2323868907603295e-07
2068,0.25463924654033765,0.523776450648068,0.01826763819914062,0.06935505623429629,0.018268304200678324,2.4654033764504035e-07
2069,0.18455139846765622,0.5604194403992276,0.03469341939248048,0.08799688976662591,0.03470423100979235,3.984676562318601e-07
2070,0.5364672576988929,0.7944045043677364,0.01952118646748047,0.060327707802443085,0.01952385282444162,2.576988928915114e-07
2071,0.03838595419023372,0.270920667166064,0.014921273723124996,0.06884682710380759,0.0149214906789136,-4.580976628587585e-08
2072,0.1748201737203977,0.5370009417274912,0.02125752865662112,0.07375393958267809,0.021259356242479138,1.7372039770591208e-07
2073,0.13854332862152163,0.3979546791539779,0.016566812047685547,0.08033463547220004,0.016567052345987335,3.286215216335986e-07
2074,-1.5876760093057771,0.19933742955106945,0.02162988900434569,0.0885883036855088,0.021630415187339665,-9.30577703783797e-09
2075,0.09830441118870925,0.4217602563425922,0.03818423266816398,0.10628398598828423,0.03818911519618766,4.11188709248389e-07
2076,0.3417158001536208,0.6063241769278236,0.01932650920468748,0.06719834985048127,0.019329667749716454,-1.9984637922298987e-07
2077,0.6991927972296459,0.8562115851960319,0.016232549836035146,0.05496108971941603,0.016234850280226667,-2.027703540630199e-07
2078,0.6034408811762706,0.7952950660470004,0.01915573306611325,0.06135342751861021,0.01915859636815282,-1.1882372941141028e-07
2079,0.23805936606556488,0.5379254341743396,0.016810479393066395,0.05596028303643427,0.01681226772911578,3.6606556488849584e-07
2080,0.13594140753497397,0.4374621287751286,0.03207080921054689,0.09757812349986496,0.03207651452546417,4.075349739618428e-07
2081,0.641887882646448,0.8022036599944162,0.01294578248671877,0.042459903822008725,0.012947958672144327,-1.173535519871649e-07
2082,0.256102329545553,0.533464187300002,0.021454445922236325,0.07845303298021201,0.0214558195684332,3.2954555301278887e-07
2083,0.16498676858059425,0.44873211912649236,0.018860088046386694,0.06559515741383579,0.01886218449897258,-2.3141940574955555e-07
2084,0.16087904652459406,0.4018366007900798,0.013349414131748035,0.06247389086498294,0.013349521804892609,4.652459406617737e-08
2085,0.8431644837407568,0.9306057348849446,0.011316186029785149,0.04348171805002679,0.011318055835990368,-5.162592432439439e-07
2086,0.5582929765702842,0.7473807039603235,0.01014255281495118,0.048268627505056484,0.010142714009757841,-2.3429715834133447e-08
2087,0.14491900145871128,0.40057108333595953,0.015194707551376944,0.061132824855751916,0.015195144925237491,1.45871129064723e-09
2088,0.540504568297438,0.7597864602403275,0.012925968104248049,0.03889451353374979,0.012926526793777421,-4.317025620315107e-07
2089,0.8829520242830733,0.947811126457183,0.008370670155644536,0.024012077797546907,0.008371471112969925,2.428307332991153e-08
2090,0.2577173430158386,0.605470873236023,0.030368503003417983,0.08906650437611081,0.030375956096607377,3.4301583862195173e-07
2091,0.27605399627130933,0.5461992905732761,0.02606414547626951,0.0808195833975986,0.02606831802078172,-3.728690689541736e-09
2092,0.007414049664127065,0.3841745311805407,0.023180011438603532,0.08414405578059264,0.023181124356270483,4.9664127065203456e-08
2093,0.2854053101088796,0.7308496306381602,0.01741183969707029,0.06929062179615961,0.017413867287673475,3.1010887957538813e-07
2094,0.8880509554055467,0.9424215658764077,0.010933454465527332,0.02898215611780195,0.01093490086969846,-4.459445335225354e-08
2095,0.4955767439289738,0.7091887371363722,0.014759917415312516,0.05754410623885372,0.014760381917741691,-2.5607102621671984e-07
2096,0.3999427480904222,0.6427295843849329,0.015507513962900383,0.06353381469705988,0.015508786354911935,-2.519095778086289e-07
2097,-0.010816806894030417,0.3934781796858448,0.01902187763797857,0.06191886303301692,0.019022238347363454,1.9310596958282966e-07
2098,0.2650178329473083,0.5474269462839242,0.02491029491081056,0.08770109776113671,0.024911952782584273,-1.6705269167971437e-07
2099,0.699367720504809,0.8573718865684252,0.012487218713378885,0.03892656600730619,0.012488112929825351,-2.794951909912413e-07
2100,0.8434701425234468,0.9257706185137106,0.008116573192324205,0.024708313909193296,0.008116761041284682,1.4252344671117356e-07
2101,0.44531370318963615,0.6801478511535106,0.019975503626367172,0.07223320360843741,0.01997791737432667,-2.9681036384232584e-07
2102,0.2824321813605103,0.5546966448317131,0.024374625874628915,0.07427500778460938,0.024376484653006805,1.8136051027628497e-07
2103,0.671155733200214,0.8371958554801308,0.01308709708935546,0.036348863090488105,0.013088994515811952,-2.6679978593069364e-07
2104,-0.005955553818818293,0.3080836425394323,0.034767751229101584,0.0936888841244993,0.034776690716557035,4.461811817070907e-07
2105,0.6534075058950783,0.8354463714381815,0.01673304640068357,0.05764947174822089,0.01673512903393943,-4.941049216444782e-07
2106,0.6620528165386268,0.8235106483023144,0.014547883322558599,0.06164638784363136,0.014550130852171071,-1.8346137320435218e-07
2107,0.5161112745374492,0.759157423849444,0.020167527873535193,0.06913306023722397,0.020172254965126375,2.7453744921857037e-07
2108,0.04433732891953035,0.3190118936055518,0.01666254852276368,0.0721481469966409,0.016662753218355118,3.2891953034852595e-07
2109,-0.4569657718026561,0.261655912666201,0.025315334706220705,0.07590893199684254,0.025316062829604885,2.2819734390999713e-07
2110,-0.488484613770211,0.24503176415255803,0.02410921158985348,0.08033032347761308,0.024109792044669655,3.8622978898450455e-07
2111,0.6347862853935075,0.834756400542106,0.017179739297070347,0.06031091803500549,0.017183832489406088,2.8539350749312575e-07
2112,0.30165423004229586,0.6190141367770152,0.020414964120898427,0.05428805314499049,0.020418486487458344,2.3004229587897385e-07
2113,0.20370489758408783,0.5463428143838367,0.03421253820249032,0.10237902492925707,0.034214819960093006,-1.0241591216764157e-07
2114,0.7847719066845896,0.8923298342429445,0.01418721330263672,0.049749728724612016,0.0141892521974338,-9.331541039880875e-08
2115,0.2774601693358639,0.6326331951542149,0.02058989834794918,0.07346161674715102,0.0205904030897658,1.6933586394207722e-07
2116,0.9129045071022561,0.9664494103580311,0.006833726594921874,0.022035705328125755,0.0068344993068307535,-4.928977438423132e-07
2117,-0.2552487225447795,0.20060669675457762,0.019232149997910113,0.06755777346718213,0.01923396800679925,2.7745522052091687e-07
2118,0.7787727911203075,0.8847793899588546,0.01117198921523438,0.036822621984968995,0.011173358704760088,-2.08879692542574e-07
2119,0.8643675773256094,0.9323160026148483,0.016511294971777335,0.0450184446233754,0.0165147625682164,-4.226743905988428e-07
2120,0.48405839818707097,0.7190233422166725,0.017194098915722683,0.05609885005372739,0.017195835218755142,3.9818707098238093e-07
2121,0.48457675959363766,0.7486551906035904,0.02475951466992184,0.08822025462793837,0.024768228360526775,-2.404063623173691e-07
2122,0.3209990947949326,0.5804481275049082,0.014938677593076178,0.061306068073654796,0.014939059533139294,9.479493262576355e-08
2123,0.19837978535045886,0.5273006522883654,0.03373668709003908,0.10479119697638654,0.03374516919815484,-2.1464954114147616e-07
2124,0.23187500376789183,0.5347045096001897,0.01680586735296873,0.07035628476369317,0.016806924431875918,3.767891831873982e-09
2125,0.4459958531489454,0.7545641608799227,0.015547700454287114,0.04214883594263754,0.015548258375241078,-1.4685105459433245e-07
2126,0.2626457333458089,0.6072533613575023,0.028724052239160157,0.08725977188853806,0.028728026431244617,-2.6665419111671085e-07
2127,0.3105702564315097,0.5610625122402022,0.024395023372558555,0.07766616200648976,0.024398479697790264,2.5643150969312245e-07
2128,0.3294827070060147,0.5784410737088334,0.02157398824746101,0.06795811252484478,0.021576430321785904,-2.929939853513197e-07
2129,0.4965832316826124,0.7608223658046668,0.016566087276054665,0.05185953248297884,0.01656673402710369,2.3168261242823007e-07
2130,0.6150079902126717,0.7885125922249531,0.014475564917529321,0.03879753941592503,0.014476448665778718,-9.787328281163354e-09
2131,0.23762790237261722,0.5381817463121906,0.02487837592509766,0.06667137219363393,0.024884575623476256,-9.762738278906724e-08
2132,-0.39332397506221994,0.3450706408545104,0.03270615506891603,0.09405243981009599,0.03270829097395823,2.4937780063183368e-08
2133,0.2117891678682089,0.5122210263972009,0.02937273774899415,0.09141117640600134,0.029374938158930525,1.6786820888903264e-07
2134,0.04863672373528338,0.27983290445742587,0.01724957962100584,0.07112888027838395,0.017250433315797408,-2.7626471661712504e-07
2135,0.3786104879562362,0.643765356859988,0.012815745286621114,0.04315215880317244,0.01281713624454292,4.879562361947976e-07
2136,0.10246088786783325,0.4452435994922418,0.01678979969709959,0.05699265076609058,0.016790745095300773,-1.1213216674632598e-07
2137,0.2489292594971435,0.55998520096251,0.02631517282500001,0.07814282012050955,0.02631959149488205,2.594971434954907e-07
2138,0.3866682025575159,0.6927506059635968,0.02300444641357424,0.07266141589974971,0.02301009440922067,2.0255751587150428e-07
2139,-0.011674088016620177,0.47775377675044306,0.052071140490820234,0.12370986220340438,0.052093932909654105,-8.801662017624001e-08
2140,0.15574097504793283,0.42980986337350774,0.03362344295682614,0.09949795821907077,0.03362549215652532,-2.4952067162464786e-08
2141,0.4386585162278376,0.6777421875823388,0.01681449055591793,0.06679953715882678,0.016814957375959446,5.162278375880902e-07
2142,0.46184803262851204,0.821745670936299,0.024011166444892564,0.07873364621932226,0.02401288177460577,3.262851205887429e-08
2143,0.4343985729388281,0.6642350350845593,0.01631824944123048,0.0532445800364223,0.01631875159271599,-4.2706117187041315e-07
2144,0.5982636277107702,0.7978342106688474,0.02360280302402341,0.07225249940114477,0.023608025350589607,-3.7228922977750045e-07
2145,0.38919772227721516,0.6922811738252065,0.027523330909746117,0.07461903267494159,0.02752497608279633,-2.7772278482496304e-07
2146,0.32084393640370057,0.7330231863934831,0.027051747652519508,0.08870121145078713,0.02705366602743644,-6.35962994488537e-08
2147,0.20648811687210367,0.46138161173623915,0.018621736962421868,0.0652669841550072,0.018623396015178203,1.168721036615139e-07
2148,0.7181450332975768,0.854609645913472,0.013279831792871096,0.03554659634135672,0.013281207939841111,3.3297576806923246e-08
2149,0.38474606504179276,0.6267281981984546,0.01674188423366213,0.06362636717947517,0.016742411397784207,6.504179278499223e-08
2150,0.613744399236215,0.7978793201709199,0.014850208909375004,0.05476228726358895,0.014852261269098475,3.9923621508730633e-07
2151,0.7411793352713156,0.880898708952046,0.014384385148632795,0.054953301987077596,0.01438680484519818,3.3527131559907275e-07
2152,0.23951265911748476,0.5461418601129668,0.02640020650875973,0.07055498013885476,0.026402456728628988,-3.408825152428907e-07
2153,0.3357148725580882,0.614336038313954,0.014427488215820326,0.05821091611256918,0.014430403786550814,-1.2744191180136255e-07
2154,0.7353627973148049,0.9014858655093472,0.01301657336544924,0.03959470505800937,0.013016962690957892,-2.0268519507204985e-07
2155,0.4608918439207539,0.6887390915749133,0.02111668925029297,0.07029293714559699,0.021120709784383383,-1.5607924613858515e-07
2156,0.5011989256010185,0.7871436091520685,0.014568564595019528,0.05273493665776351,0.014570210510107675,-7.439898142003187e-08
2157,0.8776777667749849,0.9460878717609694,0.010879223009082034,0.03453401497947793,0.010881847309112826,-2.3322501507827553e-07
2158,0.6294358320504547,0.8237731506299303,0.014161011140742181,0.04692805507590021,0.014161554421304137,-1.6794954527110662e-07
2159,0.2868101836119905,0.5764586121357497,0.024864651820966806,0.08431530366761802,0.02486616041585795,1.8361199050076493e-07
2160,0.2616907398773334,0.6497471322053885,0.041917783110058546,0.11709416375047524,0.04193404754909922,-2.601226666287815e-07
2161,0.26915252758818065,0.6031851613794161,0.03222835264369137,0.10458919685492654,0.032231273002016246,-4.7241181932999865e-07
2162,-0.238340420191673,0.1472111716817446,0.012637871062421877,0.06161360808953986,0.012638066881432602,-4.2019167301177163e-07
2163,0.47731441852962675,0.713053583302033,0.02256039836035154,0.06741431672178867,0.022563677331992365,4.1852962673338823e-07
2164,0.759607259398431,0.8715704218645838,0.01352731248955079,0.0405556304940149,0.013528942417299293,2.5939843095734716e-07
2165,0.7585298652109089,0.8791810997518446,0.008971229015273412,0.029045978190828135,0.008971675566967244,-1.347890911107541e-07
2166,0.1659223666054056,0.5183765826711607,0.026307650247851606,0.07771144930270292,0.026313938184417855,3.666054056161716e-07
2167,0.5814945917874097,0.7691722343261503,0.021269039541308595,0.0736667691351961,0.021272414701333044,-4.0821259028600565e-07
2168,0.8921445672545644,0.9606236468189036,0.009867150778320309,0.028887607722776747,0.009868465482923647,-4.32745435596793e-07
2169,0.23735825399614874,0.6906703897756561,0.028151846031640632,0.0940877645034551,0.028155538655875334,2.539961487246778e-07
2170,0.30045712296089155,0.5765142053076188,0.013280496619804677,0.05723148412767214,0.013280744691764426,1.2296089157981527e-07
2171,0.7605970314505889,0.9098958600293434,0.0167453669044922,0.06212039354983222,0.016748647095203368,3.145058891096397e-08
2172,0.01531818250857242,0.3895833829433288,0.022173414999121083,0.07015243045427129,0.022174456674824133,1.8250857241990104e-07
2173,0.1804079640758135,0.5245072282230131,0.016693846544531245,0.07884019729482351,0.01669410154993736,-3.592418651443552e-08
2174,0.5919073424346581,0.810993264100259,0.021821018459472652,0.0687452842038527,0.02182353152423944,3.4243465818484253e-07
2175,0.7331493643128206,0.8693196678321808,0.009149021659345726,0.029763765607218287,0.009149302644311179,3.6431282057769465e-07
2176,0.37445900392875553,0.6600896017974291,0.02789253279912108,0.07543022829938742,0.027898028068996026,3.928755543114448e-09
2177,0.13996869576263904,0.48485503383276296,0.032633545175097596,0.10157584216511235,0.032636938231952864,-3.042373609707383e-07
2178,0.8032608138356271,0.9026024027367409,0.013861397747363292,0.035853855303839346,0.013864848095227908,-1.8616437291729682e-07
2179,0.6082495297148135,0.7916099447165026,0.02812693264335937,0.07824153129246915,0.028131957905637578,-4.7028518646019535e-07
2180,0.8550649466809781,0.9493647198791645,0.011378921729101557,0.03709841928331234,0.011380391948280884,-5.331902186433979e-08
2181,0.7352780788580722,0.9096170353762523,0.015530133075488286,0.04937869767776642,0.015534307833726474,7.885807218332985e-08
2182,0.5406040724438399,0.7780517182550488,0.02002517388574222,0.06785727818249031,0.02002783164108727,7.244383992688341e-08
2183,0.1963869723396272,0.48497215727218546,0.026247156144960957,0.08777542328696795,0.02624818650387311,-2.7660372797777555e-08
2184,0.7722885585552008,0.8795798845681331,0.015186289774902351,0.05130120703135615,0.015188802592176637,-4.414447991596404e-07
2185,0.2220867880305175,0.5809558761271754,0.02082747035161134,0.08426359046151738,0.02082790126193506,-2.119694824942453e-07
2186,0.324616687196304,0.5851951119524359,0.01635437762032229,0.06944653309651566,0.01635491393736564,-3.128036960009517e-07
2187,0.15757393867157066,0.48358358811200786,0.03346423063535159,0.08525475202818379,0.03347250030776337,-6.13284293349281e-08
2188,0.7483352014036126,0.8707743279018507,0.01336909523193362,0.040656989544563656,0.013370905028053154,2.0140361267628748e-07
2189,0.3516219463261565,0.6058895118605084,0.01691448087921875,0.048970400694627034,0.016915122228764394,-5.367384348087256e-08
2190,0.4119901460149782,0.7062148065294881,0.022119047744628945,0.06565138728229285,0.022125153671963133,1.4601497816402187e-07
2191,0.7202078726956745,0.863955976612609,0.016795233101562505,0.05578417392398128,0.016798286563067304,-1.2730432541463443e-07
2192,0.3482493776826525,0.6019843190082953,0.018885932895996087,0.06383329274245766,0.018889739539307282,3.776826525414556e-07
2193,0.17667096164508855,0.45319806983384575,0.01628348269801759,0.06694546757635296,0.016283901936517606,-3.835491144132952e-08
2194,0.5268670215555852,0.7273913846287314,0.010779442750966811,0.04143483181662422,0.010779606833075609,2.1555585205668137e-08
2195,0.8686198007205235,0.939127521472477,0.010655644097167983,0.032186579642629276,0.01065719598952222,-1.9927947647602196e-07
2196,0.6418446759405452,0.8026281149482711,0.012007628659082023,0.034619065505654474,0.0120088944325819,-3.2405945482594234e-07
2197,0.15130411297738033,0.4712041557925564,0.025042205611289045,0.08740320753828006,0.025044503557942088,1.129773803398848e-07
2198,-0.3572448215641344,0.4180355086224486,0.021789834023437506,0.07639611594804906,0.021790927434212286,1.7843586558319302e-07
2199,0.7880382034694381,0.9055881063778275,0.013414023821777357,0.052339977156859,0.013416209908659849,2.0346943807592055e-07
2200,0.577882848242322,0.7916419870050162,0.018221137903417967,0.04902597977188415,0.01822341760740211,-1.5175767809072482e-07
2201,0.8826985393908185,0.9401956761866976,0.010766666783203127,0.03348770473949281,0.010769247367334298,-4.606091814629565e-07
2202,0.8965393688891882,0.9515235456830475,0.011944682524121078,0.03636865683813179,0.011947969945922253,3.688891881958867e-07
2203,0.24359294024462153,0.5543283178996786,0.03501736295126947,0.10038321306313622,0.035026298955229934,-5.97553784786875e-08
2204,0.35691364058840236,0.6123878019583672,0.017000922818085944,0.058217109220404566,0.017002270313467027,-3.5941159765018327e-07
2205,-1.0494310573172956,0.25236312366538133,0.034985107331835914,0.07864673506934251,0.034989174637944945,-5.7317295576453375e-08
2206,0.31061203829522865,0.5709673575656637,0.02605233477473637,0.07474892796248658,0.02605393878469603,3.829522865483881e-08
2207,0.34962027852022515,0.6700940204977864,0.02496121974609379,0.07702973741655622,0.0249705302405199,2.7852022516094976e-07
2208,0.2742334406388657,0.5646925928184998,0.02869340414083009,0.08826480090714145,0.028695459355541866,4.4063886567302646e-07
2209,0.31462180334231804,0.5969196201691126,0.020752401590625028,0.06874128844644,0.020754806778012343,-1.9665768197230094e-07
2210,0.6317116992470903,0.8035769327658129,0.01588772716624026,0.042680736786427406,0.015888637665098314,-3.0075290979869607e-07
2211,0.33940873809761996,0.6942542730109633,0.02553173860322269,0.08819481508624528,0.02553949195370057,-2.619023800609632e-07
2212,0.40655156575990736,0.6652955817874996,0.02187430603365234,0.06650675614891033,0.021876073243664446,-4.3424009266157526e-07
2213,0.11987231697413891,0.40336335521754835,0.019209132724189462,0.06960916791530637,0.019210223110860902,3.1697413890863224e-07
2214,0.4213551240038069,0.6548638350943521,0.014407266415429677,0.05508811648716553,0.014409505700166851,1.2400380694499447e-07
2215,0.7476602612492858,0.9204961059512273,0.023192597387792942,0.06820937605372575,0.02320339684965475,2.612492857601012e-07
2216,0.7121163898182196,0.8502550892225245,0.012241916982919923,0.034704095621392254,0.01224227764886663,3.898182195927191e-07
2217,0.2498677049033835,0.5750739938500193,0.03648273458876952,0.09583236079882163,0.03648902918713189,-2.9509661650384267e-07
2218,-0.14295479314800397,0.27079476493143034,0.014819617063232426,0.06524026352086877,0.014819874315947322,2.0685199603187598e-07
2219,0.48406684490032936,0.7523886950715587,0.0246866049442383,0.08725173218798875,0.024689976390142344,-1.5509967066229535e-07
2220,0.41684302357991154,0.6741564248502226,0.016856086693652357,0.05563915805788204,0.016856458778235054,2.3579911523352592e-08
2221,0.20383650262463493,0.4779452531843274,0.02625869026388676,0.08313478454059933,0.026261264241480217,-4.973753650605595e-07
2222,0.24120323529643584,0.5430795477969911,0.025898976440283213,0.08586694283710794,0.025901130634468954,2.3529643583541926e-07
2223,-0.19519902715068138,0.4096086825191892,0.022273643186220722,0.06972138209408182,0.022274983574001792,-2.7150681369825236e-08
2224,0.815019276229403,0.90423388864208,0.011536919949414057,0.03780225275962114,0.011538385371663639,2.7622940290683573e-07
2225,0.36522454257856163,0.6094674420652197,0.014604452553320312,0.04660718765370322,0.014606022315120197,-4.5742143839344607e-07
2226,-0.04224841333976159,0.4682959600392524,0.029648017654101577,0.07904424525721403,0.02965481689569201,-4.1333976159158015e-07
2227,0.5822077168915654,0.7745054191916992,0.01203343758845705,0.052860754009560355,0.012034548181692811,-2.831084345844559e-07
2228,-0.16477113960904521,0.1275010547462448,0.025780381483740247,0.09266027815666929,0.02578085442397574,-1.3960904521326256e-07
2229,0.07711595268964166,0.4143797643216341,0.014407396792011713,0.05612215304313995,0.014407587096498862,-4.7310358339269776e-08
2230,0.8513731805068421,0.9246216573748931,0.009685683847011718,0.040158822072733864,0.009686605103988987,1.805068420290823e-07
2231,0.5238541500392702,0.73115242367451,0.014616152008730473,0.04741048594860934,0.0146164507235261,1.50039270119251e-07
2232,0.8386661688304408,0.9161123625728962,0.00913253240712891,0.026778488976179703,0.009133153475082282,1.688304407387875e-07
2233,-0.08158125186258447,0.11649473694241458,0.012418037977392566,0.05487495050766934,0.012418410300954476,-2.518625844688538e-07
2234,0.33834986553786406,0.6355570815290711,0.019550946895214864,0.06957047940664453,0.0195533217419517,-1.3446213592560596e-07
2235,0.7126997834680414,0.8448105516680964,0.01632303148076174,0.05465164140359884,0.01632548039587636,-2.1653195858561958e-07
2236,0.12304873926886706,0.5088178343442838,0.021365041399414076,0.06399048897616204,0.021368600335526237,-2.6073113294777794e-07
2237,0.9029297698288351,0.9557583313970014,0.0076271809507812436,0.024294001982538924,0.007628624467328862,-2.301711649055349e-07
2238,0.646553542629903,0.8046875851031169,0.012682003587499994,0.04138749410360233,0.01268411331831047,-4.573700969068284e-07
2239,0.39556601555548354,0.6648595843857207,0.022367825683290984,0.06916737327909966,0.0223700454168154,1.5555483567908368e-08
2240,0.30569608268078374,0.5609300740030743,0.01718200152136717,0.0628039614414525,0.01718350634992409,8.268078371953536e-08
2241,0.740024863066529,0.8977348952296946,0.013762772589619148,0.038857681620406974,0.013763863718539047,-1.3693347100662834e-07
2242,0.2793519365918472,0.7009496582378963,0.0191875382628711,0.07101542962556136,0.019187952405082438,-6.340815278393919e-08
2243,0.09569355350927122,0.5492062462824226,0.019794870893056607,0.06144775736692911,0.019795324549833584,-4.4649072877822604e-07
2244,0.3674667642630495,0.6753903647544346,0.02191278543383788,0.07200664331172613,0.021914564513190616,-2.357369505157081e-07
2245,0.15251056366995097,0.5482949407441134,0.027190456847753862,0.07696846478808565,0.02719574173097466,-4.363300490362043e-07
2246,0.7397337466345815,0.8611344653678341,0.014526319353906251,0.03768678626254678,0.014527883690271828,-2.533654185343792e-07
2247,-0.10994255327309488,0.15672808010371106,0.02905206024767581,0.0931139867359033,0.029052979417122714,4.46726905120598e-07
2248,0.630681050559806,0.8034714544461323,0.01820201900917969,0.044632126939930315,0.018204403893495723,5.055980589752096e-08
2249,-0.5819600967755783,0.5375383930801014,0.0333401051813671,0.06954106187696918,0.03334158586719199,-9.677557821774485e-08
2250,0.3294769398989429,0.6105252282413834,0.023860900394062478,0.08603268431913712,0.02386236796190633,-6.010105713105673e-08
2251,0.5123867582700645,0.7499406138947887,0.020010138030273437,0.06592663207928269,0.020014332419908642,-2.417299355128577e-07
2252,0.04757783354051082,0.3501223805360118,0.0223044433137793,0.0700137712744161,0.022305477856563904,-1.6645948918564413e-07
2253,0.45511483105866224,0.6783119826328096,0.015847777468945314,0.051825281189305905,0.015849650653567943,-1.689413377525817e-07
2254,0.09089309433417525,0.4923135087294535,0.024601086772558567,0.06782254544314992,0.024602407002668684,9.433417524906673e-08
2255,0.49455984533268527,0.791061733829572,0.013350122155839843,0.05500060124702638,0.013350639400863708,-1.5466731473345874e-07
2256,0.536555403303592,0.7482572637514847,0.017789198280761687,0.0535591661371858,0.017793013227348723,4.0330359196705245e-07
2257,0.06317338485176127,0.33619210396231836,0.026679042999902366,0.09505525669541479,0.026679872010492208,3.848517612647928e-07
2258,0.27674693490631874,0.5850764420243487,0.031084569010224633,0.09854545568853287,0.03108723137543315,-6.509368127849413e-08
2259,-0.019535327275033376,0.5158897679786051,0.026222665437695292,0.07452695873610972,0.026224576936356107,-3.2727503337590114e-07
2260,0.7690675546558999,0.8805829747277516,0.011056697989160152,0.03267370266067074,0.011058703306959745,-4.4534410004182234e-07
2261,0.8261774950363849,0.9112187003357396,0.009178230030947268,0.03036068027664478,0.00917909248920667,4.950363848843509e-07
2262,0.30070022591032197,0.5539495746027897,0.014312681382646497,0.05355903164049268,0.014313097040280392,2.259103219492964e-07
2263,0.3411915408095656,0.5961735374270086,0.019777497237402377,0.06841538127175464,0.019780261283641524,-4.591904343986819e-07
2264,0.48092392821951735,0.7016142333543653,0.018838310204199245,0.07087798833710154,0.01884105483906492,-7.17804826688706e-08
2265,0.4428653924582726,0.7185911207307113,0.018612788371660166,0.06012403452263659,0.018613549454941355,3.924582726022585e-07
2266,0.25301526962721255,0.5448909777874309,0.024808937659374985,0.08513674487752433,0.024811829363952938,2.696272125568555e-07
2267,0.2402959728282128,0.5453629949696283,0.022522998721201167,0.07491687338793539,0.02252450321183169,-2.717178720912372e-08
2268,0.5845064655884733,0.7843725404327899,0.016120191472988245,0.052196356981006005,0.016121532249075282,4.655884733306692e-07
2269,0.027863235837696232,0.36639415138295495,0.015854164054414057,0.06521093161152683,0.015855303049758053,2.358376962330322e-07
2270,0.19051421595839313,0.4652529918252347,0.019113500355410158,0.06706942544640271,0.019114764328185298,2.159583931404807e-07
2271,0.5324742027726026,0.8407515970390841,0.026863645983007826,0.08425073648256523,0.02687234748022411,2.0277260259771168e-07
2272,0.3260941450920283,0.5818228626005713,0.01679503193536134,0.06221006961075932,0.016796374806366927,1.4509202828083545e-07
2273,-0.6065053147510209,0.2188452893703309,0.0220305005555371,0.06916769037310352,0.022031064520165636,-3.1475102091338414e-07
2274,0.19329674412423126,0.494485979103882,0.0174713398079883,0.05262969339549766,0.017472013299763042,-2.5587576873986606e-07
2275,0.1439431252884552,0.42087562022660946,0.026410539562636736,0.08458126129749959,0.02641251341862766,1.2528845522163934e-07
2276,0.13937408926481842,0.4417401145488915,0.021273686760029303,0.07535050325621001,0.021274501126870682,8.926481842586043e-08
2277,0.4335901909956704,0.6641972017668302,0.020556507536328112,0.05578073978915059,0.020560721018157424,1.9099567044600363e-07
2278,0.2021157855597424,0.5810575676878795,0.02190766365966796,0.07189637848896258,0.02191319907180665,-2.1444025757877405e-07
2279,0.21193609780127387,0.4850502113059786,0.02531987018999023,0.08331918260453267,0.02532171932474982,9.780127385727866e-08
2280,0.38928338237065374,0.6442343549375508,0.019267032067968804,0.06836910673870529,0.01927098943695234,3.823706537509075e-07
2281,0.9157316318632372,0.9633631591641387,0.007680667345898432,0.02854950074941043,0.00768238413980573,-3.681367627406118e-07
2282,0.31557759476088354,0.6730789030532106,0.01558722412320312,0.06581595083995496,0.015587732329884392,-4.052391164854896e-07
2283,0.8784049120860016,0.9439491524757063,0.010612268749999985,0.03550712911177016,0.010615048868451304,-8.791399841445724e-08
2284,0.39798727711860427,0.6538457346247412,0.016084663513291016,0.06407794528962624,0.01608561692839595,2.7711860428603075e-07
2285,0.5002225201323407,0.7684704220734748,0.024758690031640627,0.08753984299021518,0.024762125774115573,-4.798676592754347e-07
2286,0.367008214017972,0.6150127898393606,0.017264072063457016,0.05435307742499993,0.017264603039085818,2.1401797201114903e-07
2287,0.5701338663368891,0.7560307369802433,0.018458079485888713,0.04684276509553719,0.018459654381455075,-1.3366311091278504e-07
2288,0.8237549666382145,0.9122830994500954,0.014994103302246117,0.04068290744141318,0.014996481538766367,-3.336178555635172e-08
2289,0.9317901982458188,0.9654360603254564,0.007545359077343751,0.023241821160445535,0.007546533526999531,1.9824581876104475e-07
2290,0.18749479898233734,0.5330255430022326,0.014882877365478522,0.07822723028724307,0.014883099273828174,-2.0101766265434584e-07
2291,0.29545816117123447,0.6108906229269861,0.039265264264941396,0.10130368162794792,0.039270009484026404,1.6117123446957038e-07
2292,0.6140500169164974,0.8216903143999205,0.01842305560439453,0.05588657482689767,0.01842559956243652,1.6916497425079058e-08
2293,0.6372303362377448,0.8218364848284987,0.019770389509667967,0.06753227547788736,0.019775971582197006,3.362377448690168e-07
2294,0.22054534811048931,0.4927639213726358,0.017632193049785163,0.06158386703964694,0.01763332910963471,3.4811048932326116e-07
2295,0.679734957605199,0.9127170128430425,0.024360370281640648,0.0698906115743006,0.02436951464470299,-4.239480100309834e-08
2296,-0.03268717600747495,0.4072154869459189,0.021611161532207015,0.06967954195923895,0.021611748582075152,-1.7600747494878055e-07
2297,0.5458990646415723,0.7514645049588364,0.02092141108164063,0.05773951230289199,0.020924240394654074,6.464157231711454e-08
2298,0.3239297784897963,0.61135249210205,0.021783777033398483,0.07197924285690577,0.02179016233104929,-2.2151020367955354e-07
2299,0.8029425990648102,0.9231865694605762,0.014601828222949236,0.045144167766550294,0.01460437007558953,-4.009351897149571e-07
2300,0.6300291195461734,0.8471899358408098,0.008839620906308614,0.034709039101353964,0.008839963778447703,1.1954617340492746e-07
2301,0.37543959979804165,0.681342905611254,0.038144682402148404,0.10154199835911468,0.03816312111256217,-4.002019583504435e-07
2302,-0.015557740193270053,0.2901980731788775,0.015069049055351573,0.06094850786815622,0.015069353482512595,2.59806729947451e-07
2303,0.8896009408898679,0.9448400363976637,0.011700690967089849,0.03449727010418007,0.01170287854170471,-5.911013212234195e-08
2304,0.3738836751133867,0.677119886915506,0.021659978199316407,0.06471534574636573,0.021663019210627157,-3.248866132787853e-07
2305,0.6144634881798132,0.8628736270627994,0.025936028199707032,0.07513867319159395,0.025947617760264413,4.881798132405635e-07
2306,0.22146448201091584,0.49232284647807173,0.024736245136718786,0.08216549710277538,0.024738768520794426,-5.179890841533474e-07
2307,0.06835001013387121,0.4239488420506704,0.021735520861416023,0.07252220092934519,0.021737016420531965,1.013387121440168e-08
2308,0.501585792067857,0.730308499903248,0.014034502989550786,0.04458315042813729,0.0140359896268317,-2.079321429482306e-07
2309,0.4726223030031843,0.6973088863967414,0.0126476087304297,0.04963857748478927,0.012647963082972771,3.030031843209713e-07
2310,0.7376953206273552,0.8594084279138495,0.010221046745898427,0.0466086315737486,0.010222323672571148,3.206273552214256e-07
2311,0.16322988643101688,0.5593771317504609,0.02245005592957027,0.0692016947643056,0.022451380900957333,-1.1356898310665997e-07
2312,0.3753921168818286,0.6221160392755015,0.021819330193662057,0.07884706292688282,0.02182083456367467,1.1688182860458696e-07
2313,0.435788504424673,0.7638191860631128,0.02224758739628905,0.07316482778472923,0.022253391218689907,-4.955753269975105e-07
2314,0.24684353633643363,0.5008212217133958,0.017922947954755887,0.0682077548126807,0.017923585050199618,-4.636635663746169e-07
2315,0.915648836404514,0.9671502087838326,0.00846075607201174,0.031096109275001445,0.008461579814422096,-1.6359548604683027e-07
2316,0.4656114030719858,0.6836610634639504,0.014756637961855485,0.04794278540851592,0.014757069497378681,4.0307198578837244e-07
2317,0.538765115019491,0.734594463518114,0.01802375100410158,0.050480194722760836,0.018027364726368955,1.1501949093162267e-07
2318,0.7779803371313172,0.8906181903562385,0.0126384237626953,0.036471379598348126,0.012640620338460258,3.3713131719625977e-07
2319,0.7343819838138408,0.8733735880104324,0.02269246914980464,0.061317167568805134,0.022696820025798214,-1.6186159190745286e-08
2320,0.39710777892651905,0.680911488424801,0.03383702218408199,0.09635270700856259,0.033851383223812946,-2.2107348096600532e-07
2321,0.31925667088144993,0.5769048836292956,0.013552735041191423,0.05617704833079996,0.013553044280054048,-3.2911855007977664e-07
2322,0.3190334772026383,0.5709976441813917,0.017441279062363292,0.060425590459592386,0.017441971666488296,4.772026382937611e-07
2323,0.5099022297493576,0.7221465238065329,0.01630178388603515,0.05880115400947464,0.016304772043672342,2.2974935764974447e-07
2324,0.2915151653602227,0.6380561108749374,0.024073954521972668,0.07989355207006661,0.024079948904989244,1.6536022268143213e-07
2325,0.46507923698927645,0.6848914515611371,0.014865455996699197,0.05493419241591903,0.014866640875410286,2.3698927642534784e-07
2326,0.411760810122741,0.6607603460591338,0.021626506747568316,0.06250805668441708,0.02162841437176935,-1.8987725897146035e-07
2327,0.41349864045779006,0.6895222926417854,0.023933345299609374,0.07004959141307798,0.023941029898568524,-3.595422099489376e-07
2328,0.046296609643546205,0.3790793166128785,0.020372280330039037,0.07593326958022968,0.020373146364579785,-3.903564537929838e-07
2329,-0.04084063437982488,0.29425690525020287,0.015187039929306652,0.05745291218405603,0.015187333790698773,3.6562017512176137e-07
2330,0.33498949564257097,0.6104490186743762,0.015191528406875002,0.05975404215639036,0.015191882111262581,4.95642570985666e-07
2331,0.16560864393902575,0.45764798604013,0.020912200242626966,0.07731000457547299,0.020913519456559254,-3.5606097426033045e-07
2332,0.3105695124030883,0.6053164038132892,0.023323839545927733,0.08540690832664617,0.02332593971813686,-4.875969117357215e-07
2333,0.6445298355850433,0.8082846009933138,0.017299100621386704,0.05017570676011192,0.01730352394543781,-1.6441495676033924e-07
2334,0.5780214910066361,0.7625511659059012,0.012731844822167975,0.05413632536317791,0.012733187007037287,-5.089933639013111e-07
2335,0.8226204529413389,0.9128866707027655,0.009707851854687496,0.03572529862798161,0.00970908937133513,4.529413388798531e-07
2336,0.7436152775096287,0.8724883143846849,0.010797625459951183,0.02939743352439851,0.010797832618097615,2.775096287210843e-07
2337,-1.213878055513287,0.4166020631030247,0.025141751131582027,0.08867525268368172,0.025143137485211096,-5.55132870783126e-08
2338,0.8737181936439936,0.9348029785950671,0.009831628469130852,0.02803917942622233,0.009832600253233442,1.9364399361787576e-07
2339,0.4742737558549748,0.7125048356013953,0.01823279218837886,0.059071140050553854,0.01823549343937527,-2.441450251966515e-07
2340,0.3894360298274797,0.6339335359466227,0.01959680476106443,0.06069383473974577,0.019598133579390935,2.982747970836641e-08
2341,0.9255052295197185,0.9622901200671314,0.010854478236523447,0.03279183847384509,0.010857727208351048,2.2951971845319719e-07
2342,0.054971238750698315,0.368418617435682,0.021429426161982384,0.06618115328601956,0.021431385569699493,2.3875069831563733e-07
2343,0.17795100434503985,0.4640740389151649,0.029239619060615226,0.09204992121511017,0.02924235620100854,4.345039855691013e-09
2344,0.009678758154039957,0.45130786654842375,0.025168435778964833,0.08098412955750828,0.025170707896983318,-2.4184596004311887e-07
2345,0.8333499464501797,0.9183548090614126,0.010916236305664058,0.03394601802893778,0.010917328918492617,-5.3549820355769384e-08
2346,0.8268877463239608,0.9094374003634351,0.009785190006445316,0.029492349687511455,0.009786138515296791,-2.536760391746995e-07
2347,0.21892155987610362,0.46935859670441754,0.017906549617197343,0.06282495862847365,0.017907039404450736,-4.4012389638359295e-07
2348,0.2181144788024857,0.47329079540413815,0.012084111635478543,0.058637464294791504,0.01208443984149313,4.788024856872131e-07
2349,0.23531021037625433,0.5058378220718655,0.020310201041064457,0.07379231441944333,0.020311551642863516,2.1037625433373286e-07
2350,0.48921962904446203,0.7200851586129663,0.028254233826464855,0.08735290465140866,0.028264420552573808,-3.709555379538543e-07
2351,-0.004559229577160151,0.35650055332675834,0.028083618246113294,0.0837613127084179,0.02808467573413613,-2.2957716015129664e-07
2352,0.24379222584592009,0.5205931692390069,0.02411798835927734,0.07530514295940209,0.024121353857404396,2.2584592007657278e-07
2353,0.3574252392732804,0.7296638700748423,0.02248647644944336,0.0802106523421541,0.022487180926048435,2.392732804112896e-07
2354,0.5695017208961981,0.7741808808081793,0.017197188595410143,0.06609211741044443,0.017203312286451628,-2.7910380184792416e-07
2355,0.21475416153497584,0.5697308852030571,0.02387139385454103,0.08251518304546036,0.023873656737477607,1.615349758399276e-07
2356,0.0782936443500265,0.35202668068195675,0.014033413400234397,0.05705087187517833,0.014033732643233335,-3.556499734991281e-07
2357,0.38501767975486567,0.6404922626475675,0.008788724067167955,0.0418197595228435,0.00878890689277869,-3.2024513435535695e-07
2358,0.6302796156707224,0.8023379886185408,0.018959697953222644,0.05983905809272565,0.018965131575313245,-3.8432927751408386e-07
2359,0.23194430266945765,0.6082715283840558,0.013160724835488271,0.049278615511413666,0.013160897764157313,3.026694576357958e-07
2360,0.6517847544081864,0.8089378766369624,0.014204870498632834,0.03777854803250422,0.01420644314478574,-2.455918135524371e-07
2361,0.401516455071277,0.780538548457786,0.027215945567285144,0.08792369026951703,0.027221225711990458,4.55071276994623e-07
2362,-0.12746991443411915,0.2933159974061524,0.020358208086640572,0.05878047715584074,0.020358662622692925,8.55658808529558e-08
2363,0.7370110988948765,0.8640418885067065,0.013835796095507807,0.04108080800376718,0.013837308794256388,9.889487651015827e-08
2364,0.18610033156133576,0.5011895812323205,0.02812208964726559,0.08015981315499444,0.028128526033469683,3.315613357757208e-07
2365,0.2510966329101889,0.5297304226716375,0.017002290548886693,0.06097176524469546,0.017002947585458793,-3.6708981110411543e-07
2366,0.489782620849048,0.7927882357031221,0.023328594764453092,0.07857082330123911,0.023332692395893195,-3.7915095202345483e-07
2367,0.6089753512534312,0.8891823492525988,0.009486189747548827,0.04032413819177325,0.009486466707221097,3.5125343111896967e-07
2368,-0.42036110913635194,0.3958934075217727,0.021407164776718727,0.07128559847070963,0.021408230682890723,-1.0913635195564098e-07
2369,0.3116094977672793,0.5861392507543,0.020134844195800763,0.06443888733435577,0.02013900743412648,-5.022327206893884e-07
2370,0.6694968533431014,0.8238771238567174,0.012868608428222662,0.04430134106685284,0.012870194413271073,-1.4665689862525255e-07
2371,0.5031210733411855,0.710843782956785,0.01955709776769532,0.05930016783212207,0.0195580793728349,7.334118545809787e-08
2372,0.6060332817874932,0.7810554653968006,0.014420599918818361,0.046501956205388245,0.014421765677008772,2.81787493117136e-07
2373,0.19463037240388315,0.4622072767158855,0.027008242013085947,0.08756021809652981,0.02701193759190132,3.7240388314763173e-07
2374,0.31827684233418596,0.5947714380931961,0.03279014403037109,0.08491843130658058,0.03279583473737805,-1.576658140156617e-07
2375,0.1565273260625829,0.5302817989549019,0.03354907553370117,0.0954234187445783,0.03355215324688335,3.260625829060171e-07
2376,0.7589158477988762,0.8760514751555577,0.010977364900156238,0.029125649063568487,0.010977847268302105,-1.5220112381530981e-07
2377,0.5905184833643571,0.7794974402253266,0.016715263574785144,0.041157471419023,0.016716789211656556,4.83364357095617e-07
2378,0.49878725586071126,0.794781215045718,0.019363390634912128,0.051475591383572675,0.01936461492686634,2.5586071128458343e-07
2379,0.11810133494917463,0.4592548075372266,0.025681882715820278,0.0785504912664896,0.0256838003698069,3.3494917463239293e-07
2380,0.17602523519203195,0.46078567892909345,0.03150212687070318,0.09895662470314888,0.031509813144500014,2.351920319609846e-07
2381,0.2792319061731148,0.6514808257166541,0.029927215020898422,0.09074365651342443,0.02993176007485686,-9.38268852057611e-08
2382,0.1265889202399616,0.3627377787017529,0.019961736346679703,0.08035171510714513,0.01996203404428619,-7.976003840726165e-08
2383,0.44483882691591925,0.7416173496547787,0.04362216502099618,0.10410020180898659,0.043646647599729686,-1.730840807345757e-07
2384,0.7157813526595851,0.8519960946359098,0.019970044702929658,0.06076997709088814,0.01997344065322187,3.526595850900094e-07
2385,-0.2368611923249746,0.11809019365378218,0.029400238933007854,0.09965515262288571,0.029403313117021858,-1.9232497461274534e-07
2386,0.8580301117625543,0.9319184141439265,0.013335159964648437,0.04172019252043722,0.013337410783424765,1.1176255432232551e-07
2387,-0.4563420756719072,0.14758357117488088,0.015935164598281246,0.0666310256355136,0.01593539022890568,-7.567190718482664e-08
2388,0.19637144911952142,0.45647403174860873,0.018381842996337886,0.06143876234369313,0.01838232188799213,4.491195214340049e-07
2389,0.5467350387324366,0.7801103168293546,0.016767581377539025,0.05508279388037163,0.016770524876337324,3.873243659135994e-08
2390,-0.3955982485011613,0.3050427350636021,0.036486873134277384,0.08871587481887598,0.03649439122703201,-2.4850116131514e-07
2391,0.7118376628528393,0.8506522190510466,0.015528096378027366,0.05696812790263678,0.015531759287181219,-3.371471606339327e-07
2392,0.5545500037935134,0.8607739767820582,0.02378786228994142,0.08035980957078867,0.02379284557772488,3.7935133923028275e-09
2393,-0.23919644680378793,0.1850802207726743,0.022116986123437536,0.08158652060891508,0.02211736153203115,5.531962120608469e-07
2394,0.3641341733022241,0.7078498285140526,0.031433590295488235,0.07534040951421042,0.03143633715767511,1.7330222407130336e-07
2395,-0.024710848391270135,0.3750702700858231,0.02611553861598632,0.08584644376900363,0.02611805574360861,1.5160872986544338e-07
2396,0.2334939233219413,0.757566904920402,0.027125245305400416,0.09793689254856268,0.02712616524779176,-7.667805870803512e-08
2397,0.838017775461027,0.9169690094614952,0.010569140815625011,0.036942923400443854,0.010571660459893191,-2.2453897308150061e-07
2398,0.8206465765237635,0.9231662752868505,0.013794282491308598,0.041267153793279505,0.013798302281720819,-4.2347623652183586e-07
2399,0.5175312257250824,0.7475612366354017,0.02233842754062498,0.06749248004315346,0.022341961406642002,2.2572508240337186e-07
2400,0.10079075154098804,0.44166481924434137,0.035122250952148465,0.10609767213343085,0.03512841799533931,-2.4845901196168807e-07
2401,0.32044198702103066,0.6261066767388601,0.021098772836884782,0.07368874496655368,0.021100842999233784,-1.2978969343713231e-08
2402,0.8575902836216969,0.9429468275183721,0.008963738244824222,0.025603968685754243,0.008965501681901737,2.8362169690598904e-07
2403,0.602692820745662,0.7956376940061592,0.02184890931943358,0.060804118839802176,0.02185169072936942,-1.792543380396694e-07
2404,0.6288273778104401,0.7988300062880059,0.01643343456425781,0.04339326788804616,0.016434315365498404,3.7781044004425723e-07
2405,0.24900600299439846,0.5517319175094462,0.027210937104687482,0.08162957585611476,0.027214515946885624,2.994398451416913e-09
2406,0.48171482327301895,0.7095952349932326,0.019372033760507813,0.06861492600356296,0.019373732730506483,-1.7672698104931328e-07
2407,0.689459097271697,0.8419911884878852,0.01678218243691406,0.04266119274837411,0.01678387373444318,9.727169691942095e-08
2408,0.3645123523727133,0.6241376890392548,0.0188857359736035,0.0652138090908521,0.018887258892006844,3.5237271328592e-07
2409,0.33071852011265557,0.6035992369375258,0.028401442556738307,0.08594562731000115,0.028404988476431768,-4.798873444178398e-07
2410,0.22038046593898686,0.4915810975393433,0.02676034413837894,0.08761613714249299,0.026761161290438942,4.659389868655328e-07
2411,0.4878231200997686,0.7025174211411218,0.014085235101171866,0.05489795675399871,0.014087457379259748,1.20099768574633e-07
2412,0.7163724621141009,0.8527965676040207,0.015757221764257794,0.04136714245866888,0.015760775860192283,4.6211410087426685e-07
2413,0.7991836198889446,0.912175525731769,0.009646407436816405,0.024495729182841017,0.009647087772406183,-3.8011105540913803e-07
2414,0.30546165521148205,0.6071785526953684,0.01362583270433593,0.06043728157025978,0.013626099046063368,-3.447885179586052e-07
2415,0.21539613606892472,0.5426438438886618,0.02090257279046872,0.06361161147330034,0.020904225831635342,1.3606892471096366e-07
2416,0.026022834520037064,0.3798659086209639,0.03339031889154295,0.0887375843617031,0.033392762250308565,-1.6547996293733713e-07
2417,0.49861693071437097,0.759908460545385,0.02161625659697268,0.0699506658257887,0.02161930225076814,-6.928562901187263e-08
2418,0.754745282420763,0.9133342140530161,0.01598237862626953,0.059306430021380176,0.015987062971610247,2.824207629981146e-07
2419,0.5898036882079698,0.801842570637306,0.01744561947791012,0.047615682003217134,0.0174465775584614,-3.1179203019426893e-07
2420,0.46903169809372824,0.7160543716269614,0.01945848105400386,0.06689758905606023,0.01946093545161427,-3.0190627176018836e-07
2421,0.5910959897132548,0.8227413711737241,0.020056779719628964,0.05877993066827664,0.02005990691869824,-1.0286745122378704e-08
2422,0.7785265067392251,0.8843838886185246,0.011208894313476566,0.030924937902902336,0.011210835798172508,5.067392250257541e-07
2423,0.4954341957709789,0.7178497913685281,0.022908052694140642,0.06317096807598789,0.022913392025451215,1.9577097892797823e-07
2424,0.2861373114454532,0.583349843832727,0.02000739451282229,0.060000845916331404,0.02000885841792939,3.1144545320493933e-07
2425,0.3885252920968604,0.7556771411288162,0.027845150075820325,0.08740130608942231,0.02784704407219455,2.920968603659091e-07
2426,0.5317427752525303,0.7516254303341162,0.028502155049511733,0.10007118058564277,0.028508009354534746,-2.2474746963485615e-07
2427,0.17485821664745616,0.45174270520451576,0.01722166356427739,0.07096061793906729,0.017222037672574037,2.166474561415832e-07
2428,0.4994194028930622,0.7161401584655548,0.019696999531640627,0.05826776613308148,0.01970322342723359,4.028930621902127e-07
2429,0.3045493193861264,0.6238954150345808,0.026797844750957034,0.08807822623964835,0.02679940647377357,3.1938612637949504e-07
2430,0.19625280256096223,0.4955217217134306,0.02902954785488276,0.09290784597352922,0.029033303289436607,-1.9743903778568495e-07
2431,-0.9412147551472205,0.43207635542363054,0.021550586341367202,0.08565359759465051,0.021551626130604212,2.4485277949626294e-07
2432,-0.09265147381331618,0.6019398701178963,0.030258441453125038,0.07568271978291768,0.030263686089396957,-4.7381331617912803e-07
2433,0.5640884163451063,0.7731445111190477,0.018358526938222673,0.05159563197071128,0.01835971585669003,4.1634510627996946e-07
2434,0.5562026317874535,0.7769425553590763,0.019717402026757806,0.04766151007338757,0.019720357996015365,-3.682125464532504e-07
2435,0.13404999500889125,0.4165615920324145,0.015588816927109369,0.061831052322170676,0.015589499121096587,-4.9911087485199346e-09
2436,0.8475617528943122,0.9318212486314028,0.010420459984570305,0.0352721963214477,0.010421955747828017,-2.471056878006195e-07
2437,0.46184856755986825,0.9113010849306004,0.0383237704061523,0.10701962451659135,0.03834389567142536,-4.324401317590265e-07
2438,0.22960934580302939,0.5176627463451111,0.032717027354003905,0.08611191065915284,0.03272247719750271,3.458030293779224e-07
2439,0.5305167392352994,0.8189590859192205,0.024994539257519547,0.0774784627798545,0.024998910967073826,-2.607647006103164e-07
2440,0.30454846721902495,0.5795098847935677,0.01311236825871097,0.054563494491082436,0.013112890816326765,-5.327809750599322e-07
2441,0.4619183300039085,0.6822978990223861,0.011784920313593735,0.041388515035892796,0.011785211682446315,3.3000390847748307e-07
2442,0.46560175831631534,0.7173369368765266,0.017239953399706943,0.06379932294000577,0.017240388319190184,-2.416836846763637e-07
2443,0.2567904870085105,0.5798881789800093,0.033392995937011775,0.10018065116005415,0.03339981132549186,4.870085104635713e-07
2444,0.3951618104911112,0.6792674119811499,0.030566095997851525,0.07815452462551058,0.030571931005518325,-1.8950888880375771e-07
2445,0.8343477988674419,0.9261640411933351,0.009110434534609364,0.025630497631776543,0.009110681288392486,-2.011325580530965e-07
2446,0.36833035064321307,0.6396638020360149,0.021584988681367226,0.07357497840460958,0.021586486179518197,3.5064321307620716e-07
2447,0.10130566070710245,0.3712983407425444,0.025808755791171884,0.08760217185909239,0.025809877907360054,-3.3929289754153213e-07
2448,0.29617283227432467,0.74079347754526,0.0332533706446289,0.10476736274454679,0.03326085005854676,-1.677256753485068e-07
2449,0.5532440093931696,0.7508907237370348,0.01698522563873046,0.04936554786659081,0.016986783874635543,9.393169686511271e-09
2450,0.6907800192699702,0.8322147668000325,0.015261336998437501,0.05193363052472016,0.015263442300297423,1.9269970286117655e-08
2451,0.7245208052477641,0.9225311382083495,0.010891064126123052,0.04399155608111459,0.01089175446490836,-1.947522358936027e-07
2452,0.3281150112172061,0.5892033695112022,0.024573192582617167,0.07848804234655656,0.024575966435084744,1.1217206108415922e-08
2453,0.06318712106640523,0.3117455216909549,0.01860497372795897,0.06828132922381287,0.018606595274316597,1.2106640523423806e-07
2454,-0.5272819308348828,0.1254964649786001,0.017529860145156232,0.06591104554679009,0.017530263596810203,6.916511718912943e-08
2455,0.6925068151027194,0.8584030615041391,0.015842520968945353,0.05715612952506236,0.015847273093897475,-1.8489728059734034e-07
2456,0.15617240200874383,0.44937581127671206,0.02751981498636717,0.08902979576357392,0.02752129977039745,4.0200874382168017e-07
2457,0.5763278298649614,0.8412690080962649,0.027718867829003915,0.0809694021182574,0.027730307790008714,-1.7013503850193956e-07
2458,0.25402856574290356,0.6133425055519376,0.019401529862841792,0.07046617960532879,0.019403439397030247,-4.3425709644884236e-07
2459,0.7578278347855929,0.8876588383029271,0.01054099938164063,0.03979214207764072,0.010542201065001406,-1.6521440704408974e-07
2460,0.9288903428610195,0.9644493722685635,0.009280160104687487,0.026547986042868975,0.009282063627598742,3.428610194644577e-07
2461,0.396808022735039,0.6513716807064214,0.016502484960937508,0.07344138741031588,0.0165041555577747,2.273503901806251e-08
2462,-0.2463490365826544,-0.018160079711221553,0.012469752740793935,0.06420650493463949,0.0124698181487186,-3.6582654378003454e-08
2463,0.35264465864817673,0.6407242661260301,0.02608018458369139,0.08128986971396372,0.026084447554521443,-3.4135182325201185e-07
2464,0.33909331440481505,0.5861070515769996,0.02115140593066407,0.06885035469257625,0.021155951674035153,3.1440481507161167e-07
2465,0.21859393517335557,0.5242626329551162,0.017853391944638655,0.07050214584838448,0.017853926800079984,-6.482664444140696e-08
2466,-0.35403527724366124,0.18899192949331378,0.015601054919101572,0.059681580059406096,0.015601374792996857,-2.7724366125081445e-07
2467,0.1592530198467622,0.5937603951942597,0.03739450907385745,0.11126641349646217,0.037396214261947815,1.9846762205899537e-08
2468,0.2913755485693106,0.5960664963182297,0.029728088734277326,0.0903101826103378,0.029731918972524495,-4.514306894409792e-07
2469,0.21645451719517161,0.47562452069227934,0.020096443207392605,0.07111600482858955,0.02009839155773023,-4.828048283944675e-07
2470,0.5565504259723915,0.7466482449380143,0.01309277262822264,0.04516044144487686,0.013094642159449993,4.25972391471241e-07
2471,0.7063881844000578,0.8504460974106236,0.010022213315917973,0.047210365010504296,0.010023432273535502,1.8440005777886626e-07
2472,0.4520862567491033,0.7295134309795944,0.01975110559659178,0.06977180047985927,0.019752537796615153,2.567491033111935e-07
2473,0.05711848833042987,0.4227551966211215,0.019794053413378938,0.06892703003731616,0.019796562334665733,-5.116695701301577e-07
2474,0.3188093951216582,0.6103390306298275,0.021948468479492163,0.0757757075176357,0.021951124416278885,3.9512165816990574e-07
2475,0.4710084845339352,0.7304439237052296,0.016478950634082026,0.06487656513480673,0.016481186198213982,4.845339351966516e-07
2476,0.3329406115819801,0.6742826915091777,0.028761701151855463,0.07987155857461019,0.028767925958551165,-3.884180199142939e-07
2477,0.36565120707757925,0.621995530560869,0.013825378787050778,0.05495315513809437,0.013826419103139271,2.070775792506474e-07
2478,0.46893840029405265,0.7755407356006288,0.019852887372421902,0.06703052490102789,0.019853645717561035,4.002940526270926e-07
2479,0.35490131719775186,0.6282627281038875,0.015919241979716815,0.06721783097832174,0.015920528848163213,3.1719775184235743e-07
2480,0.4150997364718241,0.6486039553760036,0.0182868766541992,0.06005725202180184,0.018289033231157294,-2.6352817594776923e-07
2481,0.18133565835493248,0.4398059157668047,0.01772272461312502,0.0654329057631791,0.0177235834894736,-3.4164506751421797e-07
2482,0.7275795595528042,0.8639210439873092,0.020153647337792957,0.05689615952769732,0.02015692547470845,-4.404471958263656e-07
2483,0.3915835094195691,0.6858743326412351,0.03190848354072267,0.09005850801332664,0.03191427486461097,5.09419569083569e-07
2484,-0.7186802793831124,0.22654185443139568,0.029216420281796884,0.07115929133295465,0.029218288899771874,-2.7938311242259317e-07
2485,0.45019185169469056,0.7014258320340959,0.02127216235888674,0.05909924927240028,0.02127668493742004,-1.4830530942200326e-07
2486,0.4981840506298373,0.7720467310668498,0.015441735450390633,0.05174734650042137,0.015444448193582483,5.062983726711323e-08
2487,0.5578390882279107,0.7478278308467027,0.012987762996289075,0.04388422831256667,0.012989366576457849,8.822791075502323e-08
2488,0.4075865545550199,0.6767281847807378,0.01780814560296874,0.06875941696553906,0.01780962289355623,-4.4544498006837685e-07
2489,0.2961358799392716,0.5545110183804869,0.023496611913593708,0.07361457371537014,0.023498134440672534,-1.2006072841463933e-07
2490,0.5717895853739186,0.795704825500779,0.0211883434638672,0.053931433224527425,0.021193282742791964,-4.1462608146858315e-07
2491,0.14676227004213138,0.5045348487148045,0.02106934413250974,0.07226436594566928,0.021070876614626706,2.700421313783785e-07
2492,0.9808392844630907,0.9906322577727501,0.003254394886210942,0.009489181889005315,0.0032544855216800296,2.8446309063845376e-07
2493,0.5449834127389059,0.7488873095797954,0.018418850803037113,0.06093852747085323,0.01842051213723764,4.127389059416231e-07
2494,-0.16178218335797911,0.19325561043422945,0.018536989582802775,0.06698665801063458,0.018537509208650278,-1.83357979105514e-07
2495,0.2180858746161739,0.5168235684466946,0.02231696334951172,0.06724705695319452,0.02231952802175007,-1.2538382609950105e-07
2496,0.3514787846202453,0.712810170841954,0.022400466709033215,0.08260449927529598,0.022401180808274725,-2.1537975469776427e-07
2497,0.31382432615869815,0.617541593507182,0.02676708475546878,0.08722219105290986,0.026770249994871473,3.2615869816066123e-07
2498,0.8311973527525818,0.9144688195277195,0.007793947203027342,0.021970611281549278,0.007794125184681819,3.527525818114441e-07
2499,0.8426156241866434,0.9499199210610924,0.015409677500292974,0.04399141247305088,0.015412486319578561,-3.758133566567068e-07
2500,0.21816509772110948,0.494776166549349,0.01695972879770506,0.06471498207006797,0.016960842214919784,9.772110948214063e-08
2501,0.3010668472520944,0.6118095474433218,0.01639591636938476,0.055640759306871165,0.016397153925392607,-1.5274790554631323e-07
2502,0.13060668210008985,0.48088076737278296,0.024368483096650354,0.07540694106420925,0.024370278902779145,-3.1789991014608e-07
2503,0.3877411170554894,0.6961920439044369,0.021607753242285147,0.050324683651755325,0.021610051801928074,1.1705548941254307e-07
2504,0.25917029621978027,0.693794642997103,0.025682255681865246,0.0865866662801642,0.025683777658353182,2.962197802602873e-07
2505,0.12009279020532537,0.4294940866347629,0.03547697944658203,0.10075842095916761,0.03548082804490389,-2.0979467463266843e-07
2506,0.7804279336675993,0.9490634578395818,0.016554108935839848,0.05566203638911145,0.016557484480397393,-6.633240068332213e-08
2507,0.38263731053011474,0.7589210953762743,0.030331996427050804,0.08470532217162327,0.030336309279468447,3.10530114733254e-07
2508,0.7648347721264664,0.915093105044785,0.016680068879296885,0.0536731777100568,0.016685418619950862,-2.278735335980997e-07
2509,0.5692309405167677,0.7582049504189341,0.013433046312695323,0.056830625713372294,0.01343441838999712,-5.948323233972985e-08
2510,0.7049059128310681,0.8411145391061511,0.009054031557841792,0.034437369931861556,0.009054745599233943,-8.716893196147879e-08
2511,0.5153723042425178,0.7774634813561114,0.015197309131933586,0.05861392795175697,0.015199031610827784,3.0424251773464306e-07
2512,0.18112646131381194,0.5004008327346219,0.02210326747164067,0.08676469989893137,0.022105157818527194,4.6131381192804355e-07
2513,0.7049828466138712,0.8511096058095421,0.012585711573027356,0.03399503897530617,0.012586582698848953,-1.5338612879833846e-07
2514,0.39888455809610956,0.6692035447930413,0.028452334169140604,0.080939815212918,0.028456510637300352,-4.419038904246442e-07
2515,0.7151435717156807,0.8709306735123663,0.010365172770185544,0.03425696062809822,0.010365891691213524,-4.282843193426089e-07
2516,0.20157608640066538,0.4688797937924468,0.020628518058037146,0.07469771911233702,0.020630160647519425,8.640066537224378e-08
2517,0.16149464444070694,0.4258204336490219,0.02161979603310544,0.07614396168155974,0.021620554090162274,-3.5555929306374523e-07
2518,0.3286888960280312,0.670337887659712,0.02753217446083985,0.08951025352239037,0.027538681449201546,-1.0397196881228865e-07
2519,0.45818981034282913,0.7859983319895946,0.039633257445703174,0.10092648995164105,0.03965758087565864,-1.8965717085706046e-07
2520,0.667880223691918,0.8538109827396025,0.013130000262919925,0.037682982036265286,0.013131235444571964,2.2369191798876642e-07
2521,0.6239255303625948,0.7974195280238462,0.01959042864843749,0.06736753163726339,0.019594094090146612,-4.696374051871288e-07
2522,0.005616790727903553,0.4672289702449271,0.014437333149580062,0.05952677100186014,0.014437822786971904,-2.0927209644621553e-07
2523,0.23937421390582525,0.4955510462999373,0.018212395042128883,0.06704291866265191,0.018214054783481922,2.139058252470516e-07
2524,0.6417328091648264,0.8107420853357192,0.017684419229755857,0.05287537876132292,0.017686096793885,-1.908351735524505e-07
2525,0.03848293927593882,0.37258153807304795,0.0217852672299707,0.07596580274257553,0.021786385320555043,-6.072406118218243e-08
2526,0.08092555024777404,0.6004086686251267,0.027323899170117138,0.0786053154932582,0.02732756359963739,-4.4975222596166375e-07
2527,0.2924757007230321,0.6566908099025855,0.02396800515371095,0.0803978107749963,0.023974151234248984,-2.992769679299734e-07
2528,-0.9343778206452464,0.2899424686317501,0.035001364074902355,0.09863229162022188,0.03500764984196284,1.7935475360442155e-07
2529,0.2234820292046028,0.620900930069064,0.030481096225195275,0.09838405575395039,0.030487931881719367,2.9204602819410397e-08
2530,0.24156423471298505,0.5241818693251633,0.01650482774773435,0.06280252306010163,0.016505743951045447,2.3471298504773586e-07
2531,0.44080312649067943,0.6987979498538379,0.03474773964375002,0.09863387348026731,0.03475396859058971,1.2649067943071302e-07
2532,0.033850162073234435,0.32815556898069087,0.014753064008212894,0.06333153885544439,0.01475371998014364,1.6207323443734323e-07
2533,0.49908902344090833,0.7882920434990193,0.030632480669628887,0.08797792922365333,0.030645061972241032,2.34409083255116e-08
2534,0.7580996156922462,0.89516475656194,0.020004277347460915,0.06009319975530504,0.020012467535853572,-3.8430775384235005e-07
2535,0.34652285773904445,0.6165551934356293,0.020777710355761744,0.07536148414302264,0.020781104849489605,-1.422609555712384e-07
2536,0.3946959244712934,0.6354065247302108,0.020159325285927704,0.07135445131893901,0.020161326796806735,-7.552870656679644e-08
2537,0.7048539114467445,0.8450616259439595,0.01999796793515626,0.0636513370596516,0.020004466408073834,-8.8553255506163e-08
2538,0.16332761343248348,0.4458919599818916,0.027446813709375,0.08982043882056652,0.027454519355595272,-3.8656751652488275e-07
2539,0.4934530545594865,0.7084409467610739,0.016180648865332048,0.04627337066484648,0.01618372718340821,5.45594865397625e-08
2540,0.23524457891365835,0.5213466817438279,0.017239364439785167,0.06536931746883706,0.017239743839827373,-4.2108634165649583e-07
2541,-0.10708870138936089,0.008936272013274417,0.011512180376816393,0.06704104990954105,0.011512284707713928,2.986106391184018e-07
2542,0.32093488831275074,0.6042834577169521,0.021082321571884718,0.07829319238622201,0.02108433310391944,-1.1168724928234397e-07
2543,-0.4109217546640185,0.05296360193536285,0.015719631533105457,0.06472637039239969,0.015719870193432323,2.4533598153020364e-07
2544,0.22540086606363496,0.5751145424400551,0.02273946152661132,0.0835759921416065,0.022740374799847404,-1.339363650265657e-07
2545,0.21564826191920083,0.4796218086440762,0.02734700984057613,0.08728739638717863,0.02734964833444801,2.619192008279647e-07
2546,0.3063978225325178,0.6122378271262798,0.021904039469433565,0.07026304126363644,0.021906218798000386,-1.7746748220970332e-07
2547,0.7407938663750075,0.8879086216051514,0.014309448403515633,0.04841567807454806,0.014311650074846352,-1.3362499240443526e-07
2548,0.3563566023472131,0.6398947573874029,0.021832110835312505,0.0630574540400462,0.021833809410270875,-3.9765278686543226e-07
2549,0.7344532084732233,0.862448487980042,0.018175786378710944,0.06170622224081476,0.01817924700562188,2.0847322323991335e-07
2550,0.3457202839300558,0.6029860610741361,0.01589549940705077,0.058333295431017965,0.015896057991190406,2.8393005579996355e-07
2551,0.02022938673457908,0.2637471511953391,0.013281626460136718,0.05635616520684439,0.013281983325113392,3.8673457907964504e-07
2552,0.7846837431556986,0.8859026426376141,0.010014818484658216,0.04403959918048394,0.010015576997555956,-2.568443014938637e-07
2553,0.17230843780572236,0.4470450504791055,0.01648295904377929,0.05995048437674267,0.016483309296794372,4.378057223697329e-07
2554,0.5396226355356029,0.7519112314760305,0.026843836182128877,0.07761169059143873,0.02684811952574839,-3.644643971068007e-07
2555,0.7217218183328269,0.8640582100119272,0.010374253709970702,0.03312428802590321,0.010374732444114538,-1.8166717308254476e-07
2556,0.2613361795205983,0.5346344383136782,0.023005590264941398,0.0731000693323386,0.023008290490303392,1.7952059827575084e-07
2557,0.5948412628687829,0.820471500552694,0.018285133186328087,0.07038158217700229,0.018288101396391403,2.6286878296311045e-07
2558,0.8913051782819655,0.9508867887247138,0.008385644371875006,0.03429836633810139,0.008386546471584877,1.782819655238299e-07
2559,0.7090375991251867,0.8587222431823184,0.014912331743554674,0.048229073957469934,0.014914070758507479,-4.0087481323336505e-07
2560,0.19865233710457575,0.6081309375322123,0.01850417575632811,0.0707647619091706,0.018505663968685446,3.37104575753866e-07
2561,0.9415125188020881,0.9705880218170136,0.006389706980156246,0.01621312453449724,0.006390185997956128,-4.811979119612175e-07
2562,0.5246047631504998,0.7311953915337537,0.020531611656738308,0.055493706391202505,0.02053497058651911,-2.3684950023472595e-07
2563,0.2467257097899902,0.5304824925956327,0.0311940255104492,0.08679462534793532,0.031199638977573718,-2.9021000980122835e-07
2564,0.7186927364542209,0.8516735043321674,0.011666235857812507,0.04822356251671172,0.011667879997451556,-2.6354577908893617e-07
2565,0.10620912393756454,0.46001255226495247,0.051050919141601564,0.12132121708141601,0.05105763920511235,1.2393756454454063e-07
2566,0.3023297420025999,0.6359810577255353,0.029982298894726575,0.08587633931777652,0.029990675407331475,-2.579974001104546e-07
2567,0.33633910976033654,0.6006800086199903,0.018089450530078082,0.06075469012815296,0.018092751918139135,1.0976033654186423e-07
2568,0.49083814590131025,0.7296954004151248,0.018365175815302778,0.06538949969323142,0.01836663131279576,1.4590131025560282e-07
2569,0.2362156936612585,0.5393740004405759,0.023498062819580154,0.08116780475484839,0.02349896419731364,-3.0633874151253515e-07
2570,0.5265746647771845,0.7693496564193898,0.02069440824042965,0.05597387619259912,0.020698017678731168,-3.35222815506242e-07
2571,0.2621345959613933,0.6630042727133714,0.015745119448945303,0.05119891988887422,0.015746003209908762,-4.0403860668281055e-07
2572,-0.26628840472836357,0.2687476182756334,0.017098925341025424,0.06641090830312638,0.01709988249070295,-4.0472836354554786e-07
2573,-0.17267049804343237,0.3108980871652528,0.02749676243700193,0.07871542679362559,0.027497909292304782,-4.980434323842431e-07
2574,0.4036692653485159,0.6778747414321626,0.021158511124999977,0.06280256089243326,0.0211620744839823,2.653485158821134e-07
2575,0.5827394118901932,0.8389331789960045,0.016184477463574213,0.03866232555838669,0.016186102786229662,4.1189019317489084e-07
2576,0.5022265814443292,0.7087446670083706,0.02960865577070314,0.08125367661385145,0.02961514702297215,-4.185556707891891e-07
2577,0.2327442929586725,0.5523389807619801,0.02956115153203125,0.08051773092290596,0.029563767403350313,2.9295867248757546e-07
2578,0.36236048209619587,0.6113278822908229,0.019999867634335908,0.06153101966728063,0.02000143832428586,-5.179038041203121e-07
2579,-0.20086410966946344,0.342975743420038,0.02763948298993162,0.0917710092557391,0.02764073709937433,-1.0966946345503104e-07
2580,0.5323686239377255,0.759506312225584,0.01654486207177734,0.05377652120015928,0.01654687798619584,-3.760622744319875e-07
2581,-0.21497077203948867,0.4852907159080385,0.023235515814560553,0.06997555536508139,0.023236774960556875,2.2796051132867312e-07
2582,-0.0441012416887514,0.35902451809902103,0.019870872871582044,0.06499686399493886,0.01987294278563294,-2.416887514011812e-07
2583,0.622024790029725,0.8040613521631453,0.021480094645703166,0.07258138233627925,0.021484279226853722,-2.0997027505575971e-07
2584,0.3402429775061553,0.5950989531541269,0.021300861423046887,0.07189267963157155,0.02130450634499348,-2.249384473129723e-08
2585,0.239515055762064,0.5928354139508568,0.04828529694921872,0.11560729108611109,0.04831326339577158,5.576206399404704e-08
2586,0.2455544006796977,0.5085982209853337,0.02072201961230471,0.06608629130491492,0.020725463297254883,4.0067969769852496e-07
2587,0.2223054983247914,0.4941047199867745,0.024771618305468715,0.08101397149357882,0.02477843929937198,4.983247914036593e-07
