index,r2,pearson,mae,rmse,normalized_mae,saved_r2_difference
0,0.8103436118752978,0.9197194699187108,0.016977939891992196,0.050820943672698335,0.016981311784468548,-3.881247021553236e-07
1,0.608266343682277,0.8319332527633485,0.011844659188691412,0.042029553715778635,0.011845439238109752,3.436822770819248e-07
2,0.42899787400985845,0.6832778896885279,0.01912656161565433,0.06267034937814157,0.01912764046775155,-1.2599014154179855e-07
3,0.6779832303187925,0.8608297598937928,0.015603866284667985,0.036460891525689744,0.015605740618387251,2.3031879248236464e-07
4,0.7079397338900264,0.8485230574983563,0.012906955398242208,0.04224798251350249,0.012908806554665043,-2.6610997361231625e-07
5,0.4244256922609938,0.6747699495276777,0.024583295359082054,0.0772116841421106,0.02458994335108579,-3.07739006222274e-07
6,0.6627630870445874,0.8348152176047962,0.008662826376464833,0.03188615088333746,0.008663005445465414,8.704458742680998e-08
7,0.8120311652250776,0.9020863806253006,0.007185379336289061,0.02655463809947517,0.007185688248380147,1.6522507761962402e-07
8,0.9661868589398226,0.9852444517646747,0.004869592785312497,0.011408649395776568,0.004869844867670036,-1.410601774276543e-07
9,0.007237674549606221,0.3963288033151371,0.030255551489648445,0.0960904627715805,0.030262442601899475,-3.254503937785008e-07
10,0.8822651383730006,0.940357820404759,0.008624769632031244,0.019255539901330977,0.008625817738755627,1.3837300061325664e-07
11,0.9023238769379546,0.9525386136681614,0.00719621045331055,0.020218432433370324,0.007196781740897988,-1.230620454428788e-07
12,0.16718518257471138,0.5872090782178737,0.02201054203072263,0.06916168576984498,0.022012332186059018,1.8257471137705927e-07
13,0.6349322114553899,0.8031947175260257,0.012463431035253898,0.05439504957767815,0.01246482395938764,2.114553898646676e-07
14,0.7908302597469365,0.892058944323786,0.009838874937519514,0.02542084845923094,0.009839012272322223,2.5974693651509284e-07
15,0.2745294197297068,0.5379877217133527,0.01920544982978514,0.07202780902719393,0.019207837456178562,4.1972970676873445e-07
16,0.461693336326336,0.8147408809042574,0.023722664306347684,0.07978531725148415,0.023728285366307306,3.363263360034452e-07
17,0.6192075795040208,0.8150254930429688,0.014330484237822246,0.03662683094442812,0.014331387519094447,-4.2049597914761705e-07
18,0.09473523914337423,0.32888001366459074,0.017923471964521497,0.07585411272767728,0.017923988529748407,2.391433742282567e-07
19,0.385963174779425,0.6612273592556707,0.019285432291503934,0.05680273083822148,0.019288377399129926,1.7477942498844712e-07
20,0.7018262385524958,0.8385516388985189,0.014154382001074235,0.045162876614405954,0.014156034675654513,2.385524958681273e-07
21,0.675953542567053,0.8318595253857407,0.013855941194941396,0.040316853799981456,0.013856774301487124,-4.5743294707634163e-07
22,0.3936570030636759,0.6563247277791122,0.028654076170996065,0.0875779954810567,0.028662655760878702,3.063675924064313e-09
23,0.5859051685010973,0.8051686676099294,0.029182816718164046,0.08606314977118763,0.02918912165892865,1.6850109729737994e-07
24,0.6435864611104217,0.8088570068216477,0.0167433540615332,0.0511913808926544,0.01674489449805561,-5.388895782942882e-07
25,0.4649548042113917,0.6884182513533468,0.024331475695507827,0.07382043115355773,0.02433722721506665,-1.957886083259197e-07
26,0.8750024918989935,0.9359834472574563,0.007814522737695314,0.020388725310648413,0.007815351646395493,-5.08101006491124e-07
27,0.6653551292159217,0.8264870880158377,0.016470966247949206,0.05994889806682733,0.01647541772788477,1.2921592162928874e-07
28,0.7722235539536595,0.8799395469087757,0.015984395995410156,0.05566944508134252,0.01599003334402672,-4.460463405298043e-07
29,0.014417908497832421,0.2777060074486588,0.0117308708970215,0.062328777477130656,0.011731101614708554,-9.15021675790273e-08
30,0.520133150746608,0.7447675698276217,0.010058967160468744,0.04282641143857385,0.01005975319014879,1.5074660808522822e-07
31,0.7902213026092617,0.89997456328716,0.009224478923437494,0.030128143978286483,0.00922637814662248,3.0260926175973424e-07
32,0.8871398366128271,0.9447266871559034,0.007299905055830077,0.019626549405601663,0.007300239333862177,-1.633871729023184e-07
33,0.6300627058079702,0.837298167230667,0.02348889716826169,0.07735557274007822,0.023498701547957638,-2.9419202984826143e-07
34,0.5607530677312329,0.7591430175538829,0.020269978061035178,0.07580581532435322,0.020275864669693684,6.773123295555905e-08
35,0.668688268770816,0.8431147600872985,0.015804739906982397,0.045958369715278315,0.015805854014530434,2.687708160475921e-07
36,0.1249869166894273,0.4188998151009956,0.020850310042187514,0.07369290900625582,0.020853688206213316,-8.331057270438702e-08
37,0.551858964937862,0.7726006035334029,0.02422625311650388,0.07988867913358422,0.024230259994639333,-3.5062137970776064e-08
38,0.7511805977868722,0.8926262017936898,0.017207591808300785,0.055868108360715305,0.017211320916358446,-4.0221312780364116e-07
39,0.24298548822002952,0.5194344457554971,0.026415492560058602,0.08371977058841279,0.026421590583900593,4.882200295153183e-07
40,0.5746323169795899,0.7648759372623287,0.013483340056816432,0.05068712535757364,0.013483872198911472,3.169795899093941e-07
41,0.43626171526431534,0.696431693095587,0.013235974045664055,0.046600250484356426,0.013236280056016847,-2.8473568464137955e-07
42,0.6859439287989656,0.8289213980456346,0.010728858442304689,0.03366305247020061,0.010729575400794743,-7.120103440172443e-08
43,0.5976268740176922,0.7846741282587513,0.0132101374905957,0.04674985489090337,0.013211258385016767,-1.259823078081368e-07
44,0.54695798134732,0.8222510333434083,0.016320440133281232,0.062460358504177464,0.01632173128162495,-1.865268006717713e-08
45,0.812021512847567,0.9049842287954234,0.013828218646582019,0.03915747050762176,0.01383011193358528,5.128475669691213e-07
46,-0.015767886919373586,0.599243200607961,0.022704794079394543,0.06703746448454394,0.022709863302409344,1.1308062641476879e-07
47,0.951681563811688,0.9765062963249487,0.005214876563935542,0.016195245854374037,0.005215258287255905,-4.361883120251875e-07
48,0.8706820511980411,0.9380416263353757,0.009025712383886723,0.02179465259890124,0.009026632151667153,5.119804113995485e-08
49,0.3353323860537396,0.5890048458783731,0.021457659860546912,0.06903563753161517,0.021462256052043646,3.860537395872221e-07
50,0.5468394061165522,0.7750153018276842,0.023686550681054713,0.06977898739452802,0.02369024338589737,4.0611655227618115e-07
51,0.8422451761936154,0.9193022865839667,0.010618124396171864,0.02955015829351333,0.010618822244250677,1.7619361536436173e-07
52,0.9232051101743982,0.9658264061053649,0.005835478820624997,0.015161729817491166,0.005835725788131849,1.1017439816018992e-07
53,0.33186839448081096,0.6868092185120891,0.01942613739174805,0.061435250267582425,0.019428002853622492,3.9448081096127297e-07
54,0.42826071101681196,0.7004040643021536,0.013411364486181647,0.05113271687349778,0.013412229976711432,-2.889831880459326e-07
55,0.10118975069263114,0.47998488845341214,0.015311689127529305,0.05514482466051847,0.015312145567889023,-2.493073688603076e-07
56,0.6988830369964453,0.8388219965858452,0.01490699052402344,0.039106560965953545,0.014910111089502572,3.699644524068901e-08
57,0.817239903748022,0.9196656008519158,0.01073737759042969,0.034050187746152184,0.010738633152491742,-9.62519779434956e-08
58,0.8591080057598497,0.9282947613448943,0.00748818208629882,0.020677762336714145,0.007488418239783398,5.759849708297793e-09
59,0.5608630453253347,0.8039924044274722,0.02437790512451169,0.0734213214529759,0.024386507121048888,4.5325334707690956e-08
60,0.7866957733252851,0.8997446836390391,0.015234133014453137,0.043745718490279084,0.015237334136081514,-2.2667471488713176e-07
61,0.6452400497553022,0.8527838996596052,0.020782163841308574,0.06126198140122927,0.020788523535030537,4.975530221162927e-08
62,0.527552767127137,0.8132739648604322,0.02231767423720701,0.06202103963661612,0.022322477074406908,-2.3287286310402777e-07
63,0.5937131340280525,0.8014790232685356,0.0227692006178711,0.062492891004817294,0.02277272477445721,1.3402805243423188e-07
64,0.7279667577920699,0.8754159955891742,0.015608593630175777,0.048085551539515575,0.01561062842875958,-2.422079301567237e-07
65,0.9159040612404334,0.9579399156256383,0.008188975174414064,0.024867552436258197,0.008190119286575707,6.124043339106322e-08
66,0.7917073717205418,0.9128465959001067,0.016607746282714858,0.05151074873916283,0.016610876718708634,3.7172054179190894e-07
67,0.46965156314141887,0.6938062048817908,0.0196579102642578,0.08219842039120996,0.019664319865049268,-4.3685858114317355e-07
68,0.6902005729299647,0.8352751421912741,0.01441035562357422,0.04139235026520971,0.014411506024636707,-4.2707003522490794e-07
69,0.5038591601366615,0.8108094978517878,0.027228590637724596,0.08012722439849182,0.02723085486451729,1.6013666159775397e-07
70,0.8455602175570429,0.9485882154049813,0.01672537229863281,0.047597248090499956,0.016730398605593732,2.1755704293635603e-07
71,0.5698265901794355,0.7551315035628047,0.019820817534374938,0.058462391298597455,0.019825285547083512,-4.098205644842423e-07
72,0.47598266571574765,0.7001266236799703,0.015668574520410164,0.05651472085078698,0.015672970352885573,-3.3428425233461567e-07
73,0.21696553317284195,0.722459798880836,0.027777695562695343,0.09351548367210519,0.027782027375298536,-4.668271580410277e-07
74,0.48850368321398063,0.709337188077043,0.016359697879980456,0.06353306566809203,0.016363833539449396,-3.167860193609151e-07
75,0.7388555248628013,0.8663782596309757,0.019503729513574243,0.059235737915389414,0.019511176437938958,-4.7513719869662907e-07
76,0.8148507177445916,0.9033027303273229,0.013142084681542978,0.04088029439011399,0.013144414883980365,-2.8225540837922836e-07
77,0.5692329618610003,0.7606230699604535,0.02035999956220703,0.06825199825491521,0.02036291511013846,-3.8138999736148094e-08
78,-0.6022909699816505,0.3714051936296282,0.019281520612490246,0.07048716869815289,0.019282050708458065,3.001834947280457e-08
79,0.7564752199401766,0.9095290169482091,0.020220031882226534,0.05998156778268813,0.020224409714581698,2.199401766267428e-07
80,0.5517564950942062,0.8069799960236721,0.015820763471357448,0.05778473391868502,0.015821591048947203,-5.049057938411039e-07
81,0.8893150890070773,0.9492139555114859,0.008288907940917975,0.020129051995775193,0.008290208216138573,8.900707737513613e-08
82,-0.03630678855129621,0.4965474570400537,0.019084462992226544,0.06891436702928365,0.019085521079010168,2.114487037893631e-07
83,0.42176190922916335,0.6681431960739618,0.026451277019433624,0.07810747474489506,0.0264597089534076,-9.077083668040942e-08
84,0.8196362618094012,0.9253588259836132,0.010149320497656244,0.031081494717416884,0.010150661167546336,2.6180940115860807e-07
85,0.8343333624072726,0.9353139254989383,0.009468165221679698,0.025105350019262573,0.0094703461306435,3.624072726360339e-07
86,0.5015910006633704,0.7170953423999932,0.013624599279570299,0.05317396926288423,0.013625170945690102,6.633703586444994e-10
87,0.6594326128808469,0.8674699643226178,0.021680665890234412,0.07077929603345987,0.021684664420919507,-3.8711915317790613e-07
88,0.4791336427507079,0.703741594878478,0.019825678898828105,0.0525131188199329,0.019827775945878246,-3.5724929209335343e-07
89,0.890942168714228,0.9461954688088918,0.0073825776667480435,0.017407442020362086,0.0073828353510315544,1.6871422803266256e-07
90,0.7350278044602638,0.8626055135191147,0.020576308084570293,0.05403865407277518,0.020585995650321976,-1.9553973618080533e-07
91,0.7422857767468427,0.866459304639367,0.010289082377910156,0.03173570989702348,0.010290015765174684,-2.2325315729432305e-07
92,0.6126789996724797,0.8182916244544673,0.017311758180566402,0.05121057029583958,0.017316202628129367,-3.275202331565197e-10
93,0.8494807594313789,0.925458787515871,0.010642877456835943,0.024020881979640106,0.010644516900846621,-2.405686211348623e-07
94,0.8005593358387233,0.8977106631527748,0.012039453553564481,0.027292214202838085,0.01204003848355689,3.3583872327547226e-07
95,0.39297774369063043,0.6556633403301106,0.023697932059277328,0.07602404845378857,0.023703763130488772,-2.563093695617802e-07
96,0.868398148583448,0.9545773717622253,0.014682434245507841,0.04035943082503475,0.01468548742736578,1.4858344798973633e-07
97,0.24415125835280238,0.5288194525486327,0.02504715342207028,0.0925649958082546,0.025050825254297176,2.5835280237362923e-07
98,0.8186549783233719,0.9139035546411562,0.010605692004003908,0.036415624987871195,0.010606930427833634,-2.1676628159106315e-08
99,0.6507405138803823,0.8187106270685213,0.01519500350385745,0.04447873556230559,0.015195468178083286,-4.86119617670866e-07
100,0.43119707303547905,0.658703625582958,0.019666472916601552,0.06355670466766015,0.01967040839291209,7.303547905346264e-08
101,0.5655309894010454,0.796899371244878,0.03255950987812499,0.09661448298118337,0.03257578223059216,-1.0598954602869526e-08
102,0.8895124414335953,0.9683265301198495,0.013889612822070317,0.03537763502287422,0.013892251824789908,4.414335953439874e-07
103,0.7633854105638586,0.8740887653465949,0.011877326843525386,0.03229537094904174,0.011877792923724928,4.1056385857718425e-07
104,0.6648794020167326,0.8209882905586672,0.013776419107500009,0.03713658291352323,0.013777707891793896,4.0201673257023174e-07
105,0.9228131982797073,0.9628163005569188,0.009181236772460934,0.025440937776226503,0.009182651279083145,1.982797073196707e-07
106,0.7643849825847877,0.8767449644524614,0.011842110753710914,0.03352575679204528,0.011844284387170936,-1.7415212272275937e-08
107,0.4208234875187251,0.6672404512041015,0.013720611181054656,0.05810166230918299,0.013722471528286262,4.875187251118795e-07
108,0.8163975070107897,0.9063001783021446,0.01369821222314453,0.044953506847653785,0.013702303086838013,-4.929892102323308e-07
109,0.7317835883716353,0.8592047427269915,0.01890583471386716,0.06013094115060392,0.018912755806594173,-4.116283647270791e-07
110,0.7591841717187379,0.887269087601746,0.008732039532841815,0.0281681483903355,0.008732427069397376,1.717187378957874e-07
111,0.3963539829932158,0.642484381421341,0.02148825244179683,0.06999249662912593,0.021493988699467174,-1.7006784203132952e-08
112,0.5293137123922349,0.7669817172932144,0.025195025132714904,0.06663770392888783,0.025201795753915505,-2.876077650482145e-07
113,0.695515693494098,0.851588166199234,0.023385663421386732,0.0723944749489177,0.02339566294764979,-3.0650590199243766e-07
114,0.7032387558041207,0.8476597076804278,0.0181221340805664,0.05593983714033863,0.01812650612133684,-2.4419587929536135e-07
115,0.43026964378536015,0.6735072530685566,0.012753663902402344,0.054973244957362215,0.012754536217913445,-3.5621463984059076e-07
116,0.5724067381227346,0.7725453508180026,0.01900409909853516,0.06701446932361135,0.019006165024959193,-2.618772654283674e-07
117,0.9638275835885342,0.9821897832270126,0.004582065086591804,0.009938426555535092,0.0045822102396941376,-4.1641146586446354e-07
118,0.4931190339288465,0.7066763989685296,0.012720369405107427,0.047264407354578236,0.012720642086572084,3.392884651010064e-08
119,0.62675274054078,0.7945979708106641,0.014156102347177743,0.03849375599768823,0.014156749690039468,-2.594592199978152e-07
120,0.4274193207461695,0.6807119028961462,0.01954316979921876,0.07473552055213878,0.019547740094083915,3.2074616951316415e-07
121,0.5578070930193997,0.7483648075733991,0.014734873613886708,0.04816146981619243,0.014735527771707602,9.301939962735872e-08
122,0.9008363600699775,0.9575404987119901,0.006761245858369131,0.017647821750666096,0.006761392244810103,3.600699775008209e-07
123,0.825312299963725,0.9091652453566536,0.00957554756820311,0.04167294272144352,0.009576133026929293,2.9996372497009816e-07
124,0.4566739237397831,0.6852598865967012,0.015678887759179676,0.05961575922154641,0.015680208449824696,-7.626021691908846e-08
125,0.7430004435314118,0.8676976011491966,0.012649064203124989,0.03901339272053392,0.012651060446845653,4.4353141182007505e-07
126,0.6214417732051275,0.8163208368081274,0.016980277340917956,0.0628534135468682,0.016982999212995023,-2.267948725487301e-07
127,0.6717895319799858,0.8580660173334502,0.021934275471875028,0.07437272125399304,0.021938563322393117,-4.680200141882196e-07
128,0.5070168434114314,0.7164115416579241,0.013446677749179676,0.038736875033834675,0.013447829973103035,-1.5658856866718196e-07
129,0.6896216620893967,0.8987662251152334,0.02570365654394529,0.07825889478075558,0.0257120006486774,-3.379106032763701e-07
130,0.40484346304557306,0.6645624651219246,0.015787910640058623,0.05426060738325144,0.015789349486846068,-5.369544269218096e-07
131,0.8481961581878058,0.954265964781443,0.007756748092412111,0.0208854622053456,0.007757348708781842,1.5818780585430403e-07
132,0.057877620370960225,0.4813129115391107,0.016965960386435577,0.053459499484338174,0.01696678294574385,-3.7962903977339924e-07
133,0.7680397550879959,0.8813447261419586,0.01775223979658203,0.052376083084977015,0.017757975610273563,-2.4491200401044466e-07
134,0.8486305048234775,0.9360302056898948,0.010796314286523442,0.03900030704139985,0.010798131531074135,5.048234774651661e-07
135,0.7620380670590452,0.8836047368741177,0.01540750803281248,0.051794901904305794,0.01541219722772585,6.705904520565298e-08
136,0.69241446177603,0.8335208984341738,0.010229002165136721,0.036205037503287824,0.010230547317435825,4.61776030080685e-07
137,0.35345218731648465,0.6156872681290206,0.027712040948242186,0.08495453306667135,0.02772286689964827,1.8731648465664108e-07
138,0.5058467424820703,0.784155518231985,0.015570087757031238,0.03940635440676617,0.015570929860322921,-2.5751792975814425e-07
139,0.6957868391423951,0.8636707673986779,0.017282596569726572,0.05591882228859094,0.01728656245634262,-1.6085760490280876e-07
140,0.8339417207600057,0.9253910503769048,0.013126770862109392,0.03590428688859231,0.013128637079490149,-2.7923999423862256e-07
141,0.5523532342882496,0.7495569489200853,0.013987528823144536,0.04864840729890594,0.013990615137454181,2.3428824957871797e-07
142,0.5319568807500223,0.7487853326020918,0.020905498731249996,0.06643805489839463,0.020913693799810097,-1.1924997767032153e-07
143,0.37735387267146936,0.629522199664633,0.026423119396874955,0.0907692196312247,0.02643124842247978,-1.2732853066355077e-07
144,0.9081646476820635,0.9614502756658849,0.008428664647558575,0.029227268308383982,0.008429982456979178,-3.523179364917084e-07
145,0.8855036293471392,0.9514359317411359,0.008660662817666016,0.02364863629078485,0.00866147623231642,-3.706528607372306e-07
146,0.028788179098677813,0.4191325551917375,0.0295107524933594,0.08508815335942904,0.029517045179090446,1.7909867781190636e-07
147,0.7421530392847522,0.8700449969403237,0.017195359830175786,0.05074803239013402,0.01719790864278661,3.928475222902961e-08
148,0.6787126697316732,0.8283168812558288,0.021501277606738266,0.06624514505629493,0.02150559300290204,-3.302683267980555e-07
149,0.5087709189499312,0.7628982918287072,0.022307072926074208,0.07077789548261872,0.022312679006756066,-8.105006876757415e-08
150,0.6688304707888073,0.835856556480324,0.014340388630175767,0.04244725030516888,0.014343614468907704,-5.292111926458176e-07
151,0.8567134796278961,0.9257733888946262,0.008300141152568358,0.021126459063971592,0.008300315460106055,4.796278961771705e-07
152,0.38057510628343183,0.6749923322581464,0.02801622056503906,0.0878400683645631,0.028024941099973607,1.0628343183327615e-07
153,0.6905810208496266,0.8649072429966095,0.01482444897849611,0.04235857497355388,0.014825209404552299,2.0849626580776714e-08
154,0.6407010608277857,0.8041977954500727,0.0128354380377246,0.03875110716406703,0.012835756689491858,6.082778569727054e-08
155,0.604590927967512,0.8210616461350086,0.014150463208105472,0.05048868121581693,0.014154155929723862,-7.203248797438278e-08
156,0.38878409041577566,0.7219451456130105,0.0211471088261719,0.04760510255722177,0.0211498045844942,9.041577564428138e-08
157,0.6499426727512088,0.8156584730848447,0.016104062155957027,0.05833145586958255,0.016108888955786403,-3.272487912875377e-07
158,0.6391188903948202,0.8190326025533019,0.019251354471972626,0.06884734834851003,0.019254501125340884,-1.0960517982105955e-07
159,0.7165846662673677,0.8493105018756146,0.014892552612988287,0.037389198906054535,0.014895033777071756,-3.337326323071821e-07
160,0.7172651382489715,0.8825057049197109,0.015283898772861331,0.033120689898025094,0.015284617090560271,1.3824897149294912e-07
161,0.8160719533250046,0.907728486072453,0.011259139500292992,0.03475573898037094,0.011260309760639764,-4.667499542421183e-08
162,0.6857279239836728,0.8281642998453782,0.01123762262557619,0.046523159792717546,0.011238642543850461,-7.6016327232864e-08
163,0.6214445997473805,0.8148639288477717,0.01844812430527344,0.05792410709664218,0.018450743377225392,-4.0025261949239166e-07
164,0.8776097896498579,0.9419215242951268,0.010430880979882822,0.035961557497017,0.010432566124120923,-2.103501420824827e-07
165,0.8542232278505049,0.9488912787739218,0.011242141948564452,0.030148337495527425,0.011242973258504374,2.278505049080337e-07
166,0.5827038956030808,0.7875482334678062,0.025891605772851593,0.0731288819748055,0.02590164063049745,-1.0439691922048411e-07
167,0.18775605016678976,0.5367185601499483,0.027151756729980454,0.09183468179792488,0.027156283886176406,5.016678975011679e-08
168,0.6350966180113913,0.8347475802326646,0.0283441800696289,0.07615641417209983,0.02835843945582931,-3.8198860874416596e-07
169,0.6120199028023983,0.8249728789577994,0.019908064800878936,0.06839750079018117,0.01991461788910983,-9.719760174498049e-08
170,0.8213048798336897,0.9072962886106194,0.01156724350791014,0.04026057015239804,0.011569432355427157,-1.2016631023570312e-07
171,0.8879653329157506,0.9466664128957576,0.008743663915097658,0.01797151561832377,0.008744033464708619,3.3291575063376655e-07
172,0.5485052511834547,0.7718734313501819,0.027485743364648398,0.07825732248369703,0.027497386074132123,2.5118345470254155e-07
173,0.3119157472614832,0.6019100313509895,0.019766867493359402,0.06486583823111501,0.019770035246106887,-2.5273851683715876e-07
174,0.5599438031693151,0.7483036656162806,0.01614068140102542,0.053809376250578286,0.016141980807397382,-1.9683068486209265e-07
175,0.7667554280574552,0.9006066864264075,0.008362885261982403,0.029693192221259816,0.008363085481608348,4.28057455259534e-07
176,0.9652956267721561,0.9874605197899478,0.005512753672363281,0.017029890353059247,0.005513441264650278,-3.7322784396387476e-07
177,0.9061254729502934,0.9721853920333523,0.008954848256445299,0.02895788228927677,0.008956091981773934,4.729502934841534e-07
178,0.6065741866679557,0.7837875230445688,0.012411075797216802,0.04149671812765567,0.01241215080279926,1.8666795575938977e-07
179,0.8298344727797984,0.9116199565521369,0.009859643757763681,0.0344772182054834,0.009860534650561406,4.7277979842164086e-07
180,0.6731463205346069,0.8617722232473569,0.010792862447578155,0.032814372671362516,0.010793241462289818,3.205346068568815e-07
181,0.560706650804758,0.8089768929551803,0.025049203879687544,0.07542918227283799,0.025057209806058117,-3.491952419443223e-07
182,0.297618214873257,0.589416413902968,0.01583616872514649,0.060640585750382864,0.015837323265379042,2.1487325702063131e-07
183,0.8951391535786839,0.9469521536740766,0.009623801986328142,0.023126288313721537,0.00962676570167059,1.53578683881328e-07
184,0.5701243487074481,0.8089675338332474,0.015407517850908213,0.060020754541206145,0.015408371339394914,3.4870744813897403e-07
185,0.7240522614216434,0.8782153788097484,0.021684704613476567,0.05647971856466559,0.021692066432275045,2.6142164333275986e-07
186,0.7189435201666023,0.886802732444009,0.013275168481347634,0.04614648531948436,0.013276929130936609,5.201666023468832e-07
187,0.31604956265278417,0.5856438806080245,0.026172659913867167,0.0870104587203925,0.026180399950141386,-4.3734721583144065e-07
188,0.5946225751222692,0.7763158955745098,0.014392751314462892,0.05637083483023076,0.014393777502133123,-4.248777307758189e-07
189,0.7158888924937677,0.8938326094811339,0.0207780514981445,0.05875352590808107,0.020786148176783533,-1.0750623224975442e-07
190,0.717512394623901,0.8754786729014282,0.01903128378076173,0.05809690338798076,0.019036452396506583,3.946239010010899e-07
191,0.7895217550294045,0.8944723590880728,0.011307274494335936,0.036641147880143825,0.01130967990717861,-2.4497059547545774e-07
192,0.37019731518392995,0.6360077802012943,0.02725743591533208,0.09043805953887923,0.027265917780675743,3.151839299553316e-07
193,0.18294495553072532,0.4865899121754461,0.021452260119531264,0.07727865794108345,0.021455478836137493,-4.4469274679270754e-08
194,0.682007645340114,0.8523460531084772,0.014884351427636718,0.04141514147650114,0.01488831357264208,-3.546598859038852e-07
195,0.8807756016679018,0.9407860054931838,0.011267041391601597,0.037278873608179726,0.01126900609886581,-3.983320981948424e-07
196,0.9153591597836186,0.9578288808426443,0.006257168437500001,0.016137425420101187,0.006257372315580229,1.5978361855850665e-07
197,0.4888932059641995,0.7257547533910128,0.02065867483291014,0.06695304301448309,0.020667225246338215,2.0596419947338518e-07
198,0.8011517630500318,0.947209223741466,0.017738896731347667,0.05520595951154536,0.017743065608331176,-2.3694996820200487e-07
199,0.5972101471074388,0.7844214512879015,0.01303629453049804,0.03842984953322731,0.013037175088811977,1.471074387859872e-07
200,0.5881182062391833,0.8110758796670142,0.013142261071874996,0.05303033580644351,0.01314494923634024,2.0623918328688262e-07
201,0.7502228663279508,0.8683218394178116,0.013977990820195301,0.037297747596612266,0.013979268036578634,-1.33672049207334e-07
202,-0.5052212667493277,0.3793799083201401,0.02477344398632812,0.0751291344210258,0.02477669190092768,-2.6674932762649206e-07
203,0.7740985850427993,0.9187597857090213,0.011558549651533218,0.03311392494301216,0.011558917860977267,-4.149572007117186e-07
204,0.7867172328398697,0.9138403811954423,0.01682412199414061,0.05470843802268422,0.01682725506244341,2.3283986971822657e-07
205,0.8086704984109867,0.9017238220967713,0.01503677713925782,0.04582036526564234,0.015042137120524327,-5.015890133241996e-07
206,0.27223461259958937,0.5461998934400853,0.01853877949130861,0.0652757215802582,0.018541852957333668,-3.874004106396711e-07
207,0.8869948381867206,0.9421553771107585,0.009260028160058598,0.02704539613320113,0.009261077802281739,-1.6181327933129097e-07
208,0.48450598978778325,0.70690538442249,0.021080537305566423,0.061111025179157126,0.0210856351310751,-1.0212216738914037e-08
209,0.6812650402151227,0.8326008761756009,0.012923436481230465,0.0384624324425568,0.012924065643873625,4.021512267637917e-08
210,0.7813526451330222,0.9261810251230794,0.009320261047841803,0.03276765564339188,0.009320997760210305,-3.5486697780306997e-07
211,0.5070340662207095,0.7175258171850172,0.01895445821708984,0.06140201308545299,0.018958875917665905,6.622070947148728e-08
212,0.602279781532215,0.8470773230758427,0.016216567888574215,0.054637801356594184,0.016219019996794273,-2.1846778508471942e-07
213,0.7325425048420785,0.8690133674048344,0.014059329912988265,0.04506262383659383,0.014063128062927121,-4.951579215539681e-07
214,0.7251250568622571,0.8674827900739739,0.01130653806195313,0.03420359993958304,0.01130736661896647,5.6862257125089855e-08
215,0.5485159577090795,0.7541383805643942,0.01839307112900394,0.04658955599906179,0.0183959373374543,-4.229092054330863e-08
216,0.6413587575284063,0.8080153802739961,0.018262131594921877,0.05769165598488345,0.018264592144155302,-2.4247159369217286e-07
217,0.46261961395783013,0.6890251856808011,0.017610166522822282,0.04810791869693233,0.017611717030915405,-3.860421698420602e-07
218,0.7440481015787391,0.8664308871844857,0.013847399984960951,0.03495302937717652,0.013850091927608258,1.0157873908678283e-07
219,0.6741492524372819,0.8281437731331314,0.01833775740292971,0.05569650661947107,0.01834050547090745,2.524372818557552e-07
220,0.49888121912242844,0.7281338758653407,0.02057629841767581,0.06988841651401488,0.02057936571657158,2.1912242842425655e-07
221,0.35403495350984504,0.6034995940933332,0.025988111131347674,0.08040775241068861,0.025992429219823806,-4.64901549479535e-08
222,0.8488864117534637,0.9286856673984755,0.010510960520800795,0.023477815460452144,0.010512864121902372,4.1175346365829313e-07
223,0.002318067914534372,0.2535859380693216,0.014383115657607425,0.060898046561025085,0.01438354458986598,6.791453437170539e-08
224,0.6616552629532598,0.816687554520068,0.013529399025898389,0.05287154724432106,0.013530061967409747,2.629532598330542e-07
225,0.4756549344143024,0.8033914576916201,0.03579054367822266,0.10186675227595562,0.035806966020406214,-6.558569759507193e-08
226,0.818468928228445,0.9104429834822586,0.010158553933847658,0.025450502478582118,0.010159024829944498,-7.177155503246269e-08
227,0.9216866073523851,0.96087136568553,0.00942456813798829,0.02717157129669209,0.009426154975564113,-3.9264761497737055e-07
228,0.5871706641149586,0.8201801996999749,0.022369211385156244,0.06481575759401124,0.022372912381678448,-3.358850414469927e-07
229,0.202209695977281,0.5251615800606398,0.013231560471191397,0.05553570461364486,0.013231805789796965,-3.0402271899987454e-07
230,0.7066915784061748,0.8469093838494054,0.016190903066406224,0.0478040910611019,0.016192842530115298,-4.215938251839191e-07
231,0.5953114202477063,0.7743066791883756,0.0158475446640625,0.04580618177539074,0.015849927678499066,4.2024770630089137e-07
232,0.3431100317425285,0.6532187376746884,0.027071693864160157,0.07760389065012566,0.027072936406086014,3.17425284945827e-08
233,0.6349462644435908,0.8034281050872238,0.015743828160156254,0.05489372827929543,0.01574616398391242,2.6444359080279867e-07
234,0.5434649896847054,0.74062048229961,0.018683634519824206,0.06473020388171544,0.01868876709442417,-1.0315294618479243e-08
235,0.6842667278951744,0.8454052459403723,0.023540228275976585,0.07139427681074582,0.023545329517597614,-2.721048255605041e-07
236,0.455700543520429,0.7518152912405093,0.0313186965664062,0.08812089597851615,0.03132384577124953,-4.56479571031565e-07
237,0.5856030744016052,0.8334264649567833,0.028911764353906282,0.08163965801469027,0.028915583859643233,7.440160521010597e-08
238,0.7031317752291306,0.8394605792953465,0.01323436389218751,0.03608581211429905,0.013236164228919352,-2.2477086936145696e-07
239,0.6428373950951194,0.8094302713996198,0.009559302752382797,0.0437061658213128,0.009559665284334148,3.950951193987251e-07
240,0.41769531343036803,0.6521419513791791,0.01872862324553711,0.06820884267481093,0.018730033511985076,3.134303680485395e-07
241,0.8996124728320921,0.9498764735945274,0.009976608502246105,0.02942708990769083,0.009978082821855914,4.7283209214654676e-07
242,0.8842136300139768,0.9418010829956698,0.009597234495654292,0.023072708870650663,0.009598019478123566,-3.699860232631025e-07
243,0.9176207670387341,0.9584423759982001,0.006972597135664057,0.022007021892253273,0.006973279744927794,-2.3296126594463118e-07
244,0.18112230902248605,0.5637262975075401,0.017689123364023417,0.060271832167548334,0.017689885364503534,3.090224860446966e-07
245,0.82806163343408,0.9519358832447891,0.0095903162372461,0.03203489505832523,0.009590830492685793,-3.6656591995143373e-07
246,0.423322220984939,0.6608016448829315,0.020674957910644522,0.06441446287050295,0.02067958543731271,2.2098493901445693e-07
247,0.8743707816231455,0.9446543456072906,0.0078104782063183565,0.020048691211957237,0.007810860223541273,-2.1837685448833355e-07
248,0.7926530503026035,0.8936274791847746,0.009438349937001945,0.029638164764873066,0.009438603224751062,5.0302603415985914e-08
249,0.7976759069431889,0.9128767045277062,0.009638708592431645,0.02736096510269076,0.009639175374222337,-9.305681114568642e-08
250,0.7772490155963573,0.8922844639844544,0.019708285711718756,0.0597214920909902,0.019712263810167437,1.5596357316738363e-08
251,0.8925794691744721,0.9514262741666496,0.01043503098154297,0.030132743831681616,0.010436608705597872,4.691744720508595e-07
252,0.8447262494231897,0.92637192262002,0.008805250652441428,0.021974196280621566,0.008805703093957304,2.4942318976872713e-07
253,0.867495230389194,0.9327269232091657,0.00914179097412111,0.01996842315632577,0.009142769967300776,2.3038919394480217e-07
254,0.8896887044765149,0.9441273107655733,0.010689893514453135,0.029473193021801087,0.010691535731133977,-2.955234850166022e-07
255,-0.05133849844553251,0.4905152017465766,0.019197206729404354,0.06283918868636994,0.01919881973149128,-4.984455325082737e-07
256,0.5423597736766643,0.7708223567965307,0.017782269461816404,0.0572452686011054,0.017787090277328468,-2.2632333562810913e-07
257,0.7984299933878122,0.8957600020789974,0.008335512374160163,0.027543133804348117,0.008335862515979967,-6.612187797294666e-09
258,0.9498023337481943,0.9753910996684747,0.005123709513447274,0.01179587349737994,0.0051238518545641785,3.3374819430331826e-07
259,0.9102189312003707,0.9659642879412371,0.006086388945615238,0.016107228387817498,0.006086617043049714,-6.879962932693218e-08
260,0.6527526544634004,0.8633540306980315,0.02768324562177729,0.08048171911306562,0.027695939828691063,-3.4553659966629624e-07
261,0.6032092017440666,0.7841891839599066,0.016447204057792965,0.03764888184519644,0.016448616765830835,2.0174406656359167e-07
262,0.6074384707135199,0.8109103200138846,0.02554048461152342,0.07607259899087032,0.025544406061019875,-5.292864800887642e-07
263,0.702809722023384,0.8652478931053571,0.01733896335087895,0.05738520554991311,0.017341567097002415,-2.7797661605877266e-07
264,0.7881840751892295,0.9099828551505577,0.016648514210742187,0.056338805585768925,0.016656585340725814,7.518922950922047e-08
265,0.606897329131735,0.8032727728428497,0.014342561635058591,0.05500690616238536,0.014346069999472922,3.291317349773948e-07
266,0.4277426223124403,0.7783492743072662,0.010556959722001928,0.041074753615706595,0.010557199666563809,-3.776875596717133e-07
267,0.016225697408272288,0.564560210879425,0.014261536196542957,0.06329538495425058,0.014262376958244942,-3.0259172771260334e-07
268,0.5740970443738755,0.7655927197634496,0.024111096129199254,0.07423856365184095,0.024120537435791393,4.437387557398864e-08
269,0.5782633091552127,0.8390787453974655,0.024351419021484366,0.0803084053074877,0.024360942486144073,3.0915521276320135e-07
270,0.7512542624696658,0.8697274092252645,0.009405725499716801,0.04046506534560349,0.009406633559586776,2.624696657793635e-07
271,0.42366167969783153,0.6643932850773089,0.018182451880859336,0.06275034128127809,0.018186536160409283,-3.2030216845502224e-07
272,0.5935679902004609,0.7705286896928782,0.01389687253409179,0.04143345438101868,0.013897398566053626,-9.799539069099694e-09
273,0.6518389260654148,0.8278288506216973,0.014191280095507802,0.03146286336932089,0.014192215999488823,-7.393458512083839e-08
274,0.7081054706463981,0.8418959904399962,0.011509406099023437,0.03277518509467767,0.011510564844565209,4.7064639807636865e-07
275,0.4963755356761116,0.7501000998147934,0.017448438162363276,0.05865022540412387,0.017449894290953748,-4.643238883939027e-07
276,0.6411864304897409,0.8171601997798549,0.02246230274121093,0.07056473936119079,0.022469935708714375,4.3048974085468927e-07
277,0.7509994867361671,0.8766327353277105,0.017422283989062495,0.04509691203331882,0.017424496391308896,-5.132638328797512e-07
278,0.6676630821155097,0.8425303741051318,0.022224905596093716,0.07483508246813385,0.022229418548182053,8.211550972525572e-08
279,0.8725287223216038,0.9341143462612117,0.011858287207617172,0.03033393076599089,0.011859866657219113,-2.7767839616554824e-07
280,0.7130596424815809,0.8546200987844449,0.012491864239091797,0.03790324546922799,0.012492583133158224,-3.575184190918179e-07
281,0.3183316565908654,0.6376541702370878,0.031020551986230466,0.08346119949388754,0.031028353230987692,-3.4340913462882483e-07
282,0.9196227999945438,0.9594760541697837,0.008145492909277347,0.022984849836808263,0.008146657530183224,-2.0000545619680565e-07
283,0.929683888758919,0.9670462391669689,0.006046623609003907,0.013749237235773912,0.006046811388861629,-1.1124108090232454e-07
284,0.5949979463143487,0.7758364293771722,0.017954783677050782,0.06288746505207463,0.017958601833836352,-5.3685651368873266e-08
285,0.8827146191749313,0.9396914787583208,0.009979708717226551,0.02470344304889698,0.009980236473129274,-3.808250687020731e-07
286,0.8009900611207981,0.8988906603910537,0.010412198354794936,0.02691523280594486,0.010412655888977228,6.112079808939797e-08
287,0.7297754148340856,0.8853059571517361,0.008107121625380846,0.03080875314830496,0.008107269834948206,4.1483408563802726e-07
288,0.4071673939343745,0.7569431035778209,0.03273985409182621,0.09358554264115015,0.0327430868829352,3.939343745096302e-07
289,0.5743926172394986,0.763784432541791,0.020301406104003876,0.06065983692200597,0.02030696220664399,-3.827605014050661e-07
290,0.8240658218020656,0.9125121893506173,0.008962336284140612,0.022766312046002407,0.008962755290799394,-1.7819793440843057e-07
291,0.794302730767359,0.8933763800536415,0.011312983136230482,0.028639307084319263,0.011314278252244892,-2.6923264095923827e-07
292,0.7437993707070744,0.8908564966983974,0.01125699960010742,0.03367856542881864,0.01125771762139009,3.7070707437081296e-07
293,0.8015534479567921,0.9277279974390842,0.00868348764993164,0.029730815858565338,0.00868375217656138,4.479567921045202e-07
294,0.5363789713457383,0.7821513397936636,0.026845910653515655,0.08263289035570254,0.02685599565997548,-2.8654261741145604e-08
295,0.4914339907002697,0.7314291080438712,0.021844387784960964,0.06952827602293202,0.02185023319211987,-9.2997302636455e-09
296,0.7368496001702425,0.8604109046606894,0.013534314741777343,0.033373909491625046,0.013535022710089226,-3.998297575247278e-07
297,0.6879314207385252,0.8388374435874905,0.013063075507255849,0.03271340532771959,0.013063586755165132,4.207385252419371e-07
298,0.6680015865188388,0.829604231966498,0.020319972098632767,0.06617417777655751,0.02032676831906474,-4.134811611988809e-07
299,0.7854883499900127,0.9144320817371661,0.009907579376884771,0.030274650822086236,0.009908114136233796,3.499900127490463e-07
300,0.7696416074166468,0.8774643732078506,0.008044562936542978,0.029966061253872793,0.008044793175868889,-3.925833532703038e-07
301,0.5404849874632314,0.7402326952127969,0.019821272051855496,0.06859425710633982,0.019825998078112566,-1.2536768623228056e-08
302,0.6572898839665906,0.9125540669270532,0.019828324596289044,0.05767323596416567,0.019832695367342758,-1.1603340943633356e-07
303,0.1760034372022865,0.4758385367263138,0.028793087943974578,0.09134855774253799,0.02879550265362379,4.372022865128944e-07
304,0.15821180546866387,0.4491906159373426,0.012072182858007822,0.05016622794071372,0.012072510112006257,-1.9453133612290507e-07
305,0.5171472475230361,0.7322730349934369,0.026194455652343754,0.06779737263552513,0.02620135725229242,2.475230360676761e-07
306,0.5855547874124913,0.7673263546833108,0.014417526179228512,0.04122814627670737,0.014418608418060088,-2.1258750870778442e-07
307,0.5956787448782301,0.7962582057700264,0.025908039664746082,0.06773432217918936,0.025914298825675773,-2.5512176982100954e-07
308,0.7283895179807869,0.8725268765472107,0.013641326250292966,0.042656088804724115,0.01364333120739488,-4.820192130994272e-07
309,0.6880306725293046,0.8302716497974152,0.014752655112597652,0.0445698874357318,0.014756090023428432,-3.274706953382278e-07
310,0.37442419865747734,0.6352200922849225,0.0213595145756836,0.07301193041592302,0.021362952628873815,1.9865747735714478e-07
311,0.7043062691149832,0.840306314701015,0.0138710265968457,0.03487901319321015,0.013871791392678755,2.691149831868245e-07
312,0.6637082315694036,0.8158832552407768,0.013280270340039072,0.04285923300633939,0.013281646804756317,2.3156940365254286e-07
313,0.8245673785280505,0.9195331079656007,0.008728971200400414,0.027805401326264186,0.00872959148344378,3.785280504597921e-07
314,0.9053896850061222,0.95367600654991,0.006646478143164058,0.01772452592110433,0.0066471561258355525,-3.149938778701511e-07
315,0.47496679379347884,0.6916734742470785,0.013834253718847651,0.054501358185688006,0.013836394773644041,-2.062065211361208e-07
316,0.7400501365734344,0.8856045565724551,0.017761913746777346,0.06665749646838291,0.01776825903550407,1.365734344505043e-07
317,0.3769598008086301,0.6196722458524779,0.016964165071484353,0.05396532887157946,0.016966135538825193,-1.9919136989843267e-07
318,0.6789080350591332,0.8247535868011265,0.01544062466015624,0.04709033578716371,0.015442199276508946,3.505913326318222e-08
319,0.564510513815731,0.7707374264685322,0.020210323277724658,0.06696774015135105,0.0202122955003409,-4.861842689551921e-07
320,0.857974127805798,0.951438630633293,0.007525459687939462,0.023874170816391687,0.007525856096605053,1.2780579794480218e-07
321,0.5182939988413133,0.7310662092065698,0.021999390375390577,0.0680125261862384,0.022002707807256966,-1.1586867021406988e-09
322,0.6990733961896802,0.8505820881346325,0.02279010608701174,0.06538455354766962,0.022793991856303056,3.9618968017407497e-07
323,0.9160376109857649,0.957635901553099,0.006099148647021498,0.015240745698531047,0.006099404132152441,-3.8901423515813605e-07
324,0.8201690842185207,0.9063441974173325,0.009997294616972645,0.027052133013325666,0.009997554959002383,8.421852071283098e-08
325,0.7374309774974463,0.8710445330507067,0.013509561851464864,0.05017863957682709,0.013512604176459901,-2.2502553598258146e-08
326,0.9189462132401799,0.9686723456376621,0.008376953365234367,0.02094952916722876,0.008378322688970522,2.132401798471406e-07
327,0.2993806690939581,0.5631918228489668,0.023824760665136703,0.08470225789888573,0.02383106699937112,-3.3090604190100237e-07
328,0.4654157434155217,0.7774035382071662,0.022439021697753924,0.06124434420994516,0.022444342373756955,-2.565844782753679e-07
329,0.9522842498834778,0.9758650162109008,0.0072842611545312535,0.01777315465269532,0.007284965084170466,2.498834777986403e-07
330,0.6683051266158678,0.8438374017375995,0.012883054482148418,0.041295497821425955,0.012883646056401623,1.266158677903917e-07
331,0.70985315272103,0.8784613030799528,0.0175538364176758,0.050421866826047664,0.01755755564697879,1.5272103004448923e-07
332,0.9151521191935179,0.9666202589086677,0.009570069761621112,0.026327384199555184,0.009571481216270076,1.1919351794453803e-07
333,0.9023614499619301,0.9507517129881293,0.00671823297738282,0.017637716833442525,0.006718464764081257,4.499619301601143e-07
334,0.6324418908464038,0.7966067612765521,0.011880071025976569,0.037899567178960945,0.011882022138374047,-1.0915359616170406e-07
335,0.43664240523113373,0.6830799117012265,0.021482137102734413,0.06721622629868997,0.02148632077300835,4.0523113375989794e-07
336,0.7098689173044384,0.8442032680873639,0.011743431936005837,0.035654692648971066,0.011744187891881596,-8.269556162066038e-08
337,0.6114551415197784,0.8341891801937259,0.0179390534254883,0.05885797668776222,0.01794187993901663,1.4151977845155983e-07
338,0.17378719586850244,0.48446982694409635,0.02542638577146482,0.09428238837076652,0.02542844217924666,1.9586850244501797e-07
339,0.5784608755981353,0.8249244078060298,0.020876615541445362,0.06349457152556061,0.020877821325610325,-1.2440186469842018e-07
340,0.6838465652773319,0.8298396554504314,0.019892847062890632,0.062330219319096054,0.01989931836500143,-4.3472266808564086e-07
341,0.7085805922983068,0.8611252565887325,0.014544680574707015,0.054033421662635625,0.014547145464855298,-4.0770169318360416e-07
342,0.09555791749076459,0.48096527609587475,0.023841001041894554,0.07110412786634047,0.023845757288028315,-8.250923541619493e-08
343,-0.8089683358349622,0.28826625675628975,0.03699946611694334,0.10780189274939377,0.03700126798767121,-3.3583496217293174e-07
344,0.3511019784170455,0.6203611556744736,0.014004767230517554,0.04560333221345444,0.01400523067788602,-2.15829545346935e-08
345,0.7543304521290819,0.8902652385863272,0.01572804960966798,0.04433549262359851,0.01573175744016446,4.5212908195146895e-07
346,0.6090025715887936,0.8035697499722055,0.009952589380732419,0.03577064962517359,0.009953092958465961,-4.284112063990264e-07
347,0.726492727135279,0.8659064299648923,0.018476776745507805,0.06082628211834797,0.018483781453594743,-2.7286472104037784e-07
348,0.5190220185752323,0.852506397989943,0.027193806750195323,0.08118506202940712,0.027211347369747025,1.857523235226921e-08
349,0.5211310023873728,0.7233049069258791,0.016192561524707022,0.045504250266704405,0.016195042619811913,2.3873727439394088e-09
350,0.7528810881423588,0.8819106576516506,0.012611312853710942,0.04061645189882612,0.012614509596242352,8.814235874510246e-08
351,0.4772650928621609,0.7874769877143616,0.032397061957421876,0.09393378406413029,0.03240254939072604,9.286216090531596e-08
352,0.6782224553410204,0.8787548093343558,0.012412185010498046,0.037693316713717825,0.01241331017155196,4.5534102044442193e-07
353,0.7593407608079872,0.8876845183565372,0.019992463576367178,0.05238415268954844,0.019995752163749762,-2.3919201286304315e-07
354,0.43657320519530685,0.7238138014201951,0.020331716372998056,0.06667790736727089,0.020332736382611495,2.0519530685714216e-07
355,0.7712297658999835,0.8841727718641065,0.014062901501562492,0.048525319585318735,0.01406537983414811,-2.34100016482941e-07
356,0.6941462006996124,0.8467561494349855,0.012843431388085934,0.03814357088726212,0.012846051055016272,2.006996123737892e-07
357,0.7699355608963546,0.8796364623830863,0.01509707022216796,0.05226106932351922,0.015103494171709472,-4.3910364533328305e-07
358,0.41740539656197917,0.7588279331966366,0.021217812186005814,0.06788518646085283,0.021219570864887877,3.96561979143506e-07
359,0.7118835410525566,0.85697505036316,0.01748380567822266,0.05603213781066345,0.01748951340190879,-4.589474433824847e-07
360,0.8747698165304935,0.9399284872735855,0.00811195910933594,0.018417651646672112,0.008112167446101413,-1.8346950658720829e-07
361,0.6039139261906479,0.7771517608000845,0.011748824668125017,0.045449612546634655,0.011749226640068838,-7.380935207468298e-08
362,0.6118403077644239,0.801616846958504,0.01385603456543947,0.051037344763583604,0.013857231961647514,3.0776442383473324e-07
363,0.8628549649795183,0.9437100404362037,0.009404414824511721,0.029798068724373527,0.009405839706703634,-3.502048173675831e-08
364,0.8935744463183333,0.9731698508782581,0.00996620522548829,0.026574519741545358,0.009967569059056691,4.463183332914511e-07
365,0.9556408316097915,0.9780771977498921,0.005560912117441399,0.012906910603683314,0.005561253543762376,-1.68390208443725e-07
366,0.17397215393819598,0.5274629896814917,0.016068664806796897,0.05264607557249892,0.016069137220630293,1.539381959958508e-07
367,0.09546943169844635,0.5522939961511331,0.014719436946142583,0.05489862657430659,0.014720597486251909,4.316984463514917e-07
368,0.7381648012902027,0.8623184715827124,0.00968309617249999,0.029453103411896484,0.009683291257508306,-1.9870979728331406e-07
369,-0.09061043116311462,0.2652733045518436,0.030041214656845703,0.09540282910515965,0.030042945043355657,-4.31163114628097e-07
370,0.8138216907357236,0.9065912406781929,0.010385617778613297,0.024155285345414373,0.010386904130213637,-3.092642764102038e-07
371,0.9067951944435965,0.9567898452185114,0.007330520225527341,0.017492987126305974,0.007331009174075354,1.9444359644626985e-07
372,0.5270116453169843,0.7642103245834307,0.018258621651855468,0.06951640963147356,0.018262644123409628,-3.546830157352687e-07
373,0.667187625212549,0.8530119040797245,0.015712933448007803,0.04858578577320736,0.015713824076914525,-3.747874509629767e-07
374,0.11099271110789533,0.3796612365533159,0.021868791304902355,0.08592843423834873,0.021870786342941716,-2.8889210466898074e-07
375,0.5465530064780177,0.7396858206552825,0.013359856260429718,0.050035272277652545,0.01336062917763747,6.478017788857926e-09
376,0.93087363083853,0.9682930052051545,0.010797327040136728,0.02923253027241621,0.01079958120972368,-3.691614699485868e-07
377,0.4580188896819787,0.7131142284341532,0.018401237278974625,0.061733404411040145,0.018402953427441457,-1.1031802132910329e-07
378,0.9000914806893403,0.9507578138613922,0.010302367245019527,0.027361554569110987,0.010303844888503453,4.806893403319634e-07
379,0.283463262778858,0.5602801077889811,0.02047718022021485,0.06543531641347387,0.020480894840112,2.627788580067403e-07
380,0.5822318831589919,0.7938538691893473,0.01687896914775391,0.05359918311466305,0.016882152625403775,-1.1684100809095099e-07
381,0.7199580860526513,0.8517768800754982,0.011879021794775386,0.03493385737782627,0.01187976598976687,8.605265133798667e-08
382,0.4924274986966646,0.705873201907888,0.018053115300878886,0.05791793181480395,0.01805691126268404,4.986966645748048e-07
383,0.3967903712821803,0.6382589146665977,0.011307371721601569,0.051308413331284,0.011308358748399703,3.712821803336652e-07
384,0.8348071946562594,0.9229180956681048,0.013321312613378895,0.04017721670492404,0.013324911838627905,1.946562594445922e-07
385,0.5817859212101764,0.8252229853205381,0.017618927490625002,0.04985494744767525,0.017622225268043877,-7.878982366538168e-08
386,0.49591059124758374,0.7203090909525685,0.02258466802988283,0.07427426591615936,0.022591452518689912,-4.087524162477152e-07
387,0.8735271768836581,0.9361233365491488,0.008020141972021494,0.02081749206810322,0.008020496055828453,1.7688365805401673e-07
388,0.7757724778869599,0.8942571881690595,0.01479249270683595,0.054206519804879096,0.014797087480683946,4.778869598931479e-07
389,0.10354456991442351,0.45697108548038445,0.01605854854874025,0.0592522772065511,0.016059852368979013,-4.3008557648605006e-07
390,0.6131527845930655,0.7860258040546235,0.010830295492441393,0.0439544543521092,0.010830579450739548,-2.1540693440069703e-07
391,0.5672283577561453,0.7545041718298353,0.013969923330820288,0.05222866290445585,0.013970287999762597,3.577561453749212e-07
392,0.4733743725717309,0.700940316545016,0.018236463995703136,0.07291713931232913,0.01824090357808548,3.725717308555865e-07
393,0.5028310030622263,0.7449222611602521,0.023533660084277354,0.0804004451663987,0.023537013108322232,3.0622262503499087e-09
394,0.9122264628400187,0.9602406677958936,0.006497830822910151,0.015841054922901894,0.006497967865962159,4.628400187556281e-07
395,0.7280931420400294,0.8959727192033896,0.024391369997460947,0.06588620677926708,0.024403779160539516,1.420400294049884e-07
396,0.2458685774053071,0.519705765044194,0.017922952912109345,0.06833537262141037,0.01792599027576828,-4.225946929059532e-07
397,0.8798928627460028,0.9445211374078352,0.008239006351650383,0.018662277760868706,0.008239426100232084,-1.3725399727881893e-07
398,0.5088028219378531,0.7726875441116582,0.020867007484179717,0.07029636109518446,0.020872200744453007,-1.7806214691606925e-07
399,0.28970329280964324,0.594153060462773,0.020453035852246105,0.06252115076608034,0.020456010293198004,2.9280964325417713e-07
400,0.2580739957658449,0.5361319814735666,0.0243661832666992,0.07894334074702106,0.02437230180876955,-4.234155137616824e-09
401,0.6274759507283088,0.7941930626193392,0.01062481769970703,0.039040577097851165,0.010625125760353276,-4.92716912825486e-08
402,0.8324536137600855,0.9227636434695997,0.015416288137499979,0.04618390205369441,0.01541952492861732,-3.862399144960449e-07
403,0.7933654082132845,0.8981212442471332,0.018653094152343758,0.049105495568420664,0.01865658804994554,4.0821328450846295e-07
404,0.7648466718317901,0.8831638381874252,0.010690282073339859,0.029131187990116852,0.010691404177904807,-3.2816820993986084e-07
405,0.7792111449519505,0.888477800745577,0.013552951328320297,0.04463056789197737,0.01355662053747739,1.4495195055364007e-07
406,0.8859948893802806,0.9506362623905983,0.007472908590966803,0.018074393812321163,0.007473162216566009,-1.1061971938453041e-07
407,0.35475513413363124,0.6086397622364113,0.019605709042285133,0.07840908302727936,0.019607921713897275,1.341336312576935e-07
408,0.6673194038441688,0.8327459586744576,0.021120036019628897,0.058839708469775216,0.021123217313457215,4.0384416877259355e-07
409,0.7428250662385579,0.8622667044014058,0.011815081022841786,0.03117432980566024,0.01181546375891439,6.623855797194267e-08
410,0.5878702616013305,0.8313621086183876,0.029555450571875013,0.08350432752195187,0.029568120686040894,2.616013304868048e-07
411,0.6940552426128035,0.8543994908809173,0.02212951689833982,0.07175568401373757,0.022134448770048405,2.4261280351378645e-07
412,0.47240075852339314,0.7055537672053684,0.024418502071679702,0.07388375629926706,0.024421744458773213,-2.4147660687701133e-07
413,0.3692752672447561,0.6364721645035167,0.017849681049062496,0.06675231485653287,0.017850517895978885,2.6724475610251375e-07
414,0.6529590476124854,0.8081526882692484,0.009740926374833979,0.03828050461156368,0.009741683000831634,4.76124853987514e-08
415,0.4499975625282533,0.7246808323468298,0.015741139927441417,0.05825950055713024,0.015743196352552894,5.625282533117115e-07
416,0.8035023324360564,0.8985957553208777,0.009022518866308588,0.027952713942515424,0.009023972504650663,3.3243605634947215e-07
417,0.8929873231187474,0.9481660253251137,0.007819735544042966,0.017676500049160493,0.007820443600906645,3.231187474250774e-07
418,0.7714943187230643,0.9136563233502891,0.010911378394619146,0.02555398052023402,0.01091189420138571,3.1872306427427333e-07
419,0.5429324317235353,0.7487732064669469,0.021726675487597633,0.06804870532723821,0.021736765522432696,4.317235353656912e-07
420,0.880120931280905,0.945307554085417,0.010161863605175785,0.025985274157471972,0.010164017443817073,-6.87190950809935e-08
421,0.8530048818424231,0.9368363610586482,0.009324461101708963,0.022176252054458372,0.009324922699556473,-1.1815757694488838e-07
422,0.7450202141369798,0.8651562437888812,0.014998134999609407,0.042562881120831654,0.015000549558568936,2.1413697981476076e-07
423,0.36891125966631244,0.797120890725568,0.02258869165654298,0.047690149655798764,0.022592329116418505,2.5966631245211147e-07
424,0.6857198962365334,0.8625972694755764,0.025563864105956957,0.07258313240883998,0.025575163307734416,-1.037634665967957e-07
425,0.7164193309751017,0.8587035888440594,0.023351162257910122,0.06295749495039085,0.023361131938676345,3.3097510165891464e-07
426,0.7715238770735363,0.8943610383242735,0.017896268611621108,0.05463041447571758,0.017899775358401548,-1.2292646367484394e-07
427,0.577714654580142,0.8191897201161854,0.023425466449121024,0.07309665346502682,0.023434718642427556,-3.4541985793890007e-07
428,0.25773922011074013,0.6661502076597356,0.01708590767871092,0.06840011372439461,0.017088505521168064,2.2011074013450482e-07
429,0.7307780100652663,0.8595388725733303,0.015556179456542961,0.04419940266606078,0.015557881748622885,1.0065266287107022e-08
430,0.5507946489769509,0.8002021448328628,0.026608281506250022,0.0736476814465193,0.026621679864955054,-3.510230491832189e-07
431,0.7617465958136607,0.8892007140508706,0.01018751425060548,0.027560713390002343,0.010187979686012321,-4.041863392867384e-07
432,0.44807334879123495,0.7836074797029993,0.02146502357480468,0.07595955540802982,0.021467850611648177,3.487912349497968e-07
433,0.7302295660076469,0.907717648368902,0.017810720168066403,0.06341665126866466,0.017813888581917358,-4.339923531659906e-07
434,0.4887907742241775,0.7667512233453269,0.023286139151464814,0.0732667600847497,0.023291217699002723,-2.257758224821771e-07
435,0.40532638976767754,0.7253992625718416,0.03267780657763665,0.08890699363759655,0.032689345079602514,3.897676775221903e-07
436,0.5180631953882368,0.721858240326475,0.018461777741601525,0.05989391436710575,0.018468563815915193,1.9538823670117722e-07
437,0.884251200916987,0.9476722950111339,0.006959626048242193,0.019338672142316785,0.006959802181069557,2.0091698693658344e-07
438,0.8702275076073924,0.9400392189814644,0.012276301640722636,0.041803634936858285,0.01227883993233652,-4.923926075761642e-07
439,0.5100062354645925,0.7350981546503886,0.015411990631240243,0.05935485741462688,0.015413431107008168,2.3546459249068619e-07
440,0.7201293653883688,0.8496415472529865,0.012109550943261733,0.04251670563166819,0.012110991120559734,3.653883687837478e-07
441,0.8096940738123459,0.9017036170049306,0.01644623734970702,0.0425628404822985,0.016450330833581314,7.381234590209118e-08
442,0.8957572013267713,0.9465553235843543,0.006592747843750003,0.01793998145973306,0.006593421504174559,2.013267712541733e-07
443,0.7011382046255039,0.9195532235342836,0.018529653366601558,0.05352864734319346,0.018532719006354337,2.0462550387456702e-07
444,0.7443572918381388,0.8725234772044969,0.013463305123925793,0.04615231223387508,0.013465111676019851,2.9183813876620945e-07
445,0.7240350037411394,0.9322129162467521,0.013356120549462872,0.046186301852139205,0.013356660695893445,3.741139398272253e-09
446,0.5879637934429809,0.7782648473764349,0.016519006364746087,0.0512914667161008,0.016523293316673803,-2.0655701915561764e-07
447,-0.08953435569330792,0.3784975883299455,0.01595565628596681,0.06490541643586402,0.01595652555822617,-3.556933079185143e-07
448,0.6349891717460752,0.8158096400359779,0.016871848224609368,0.05309619568120612,0.01687371699214099,1.7174607513936735e-07
449,0.1903757921663909,0.46757571710739704,0.032250978241601606,0.09013734108141461,0.03225885436025142,-2.0783360910048287e-07
450,0.760201303927695,0.8839051975297764,0.01071376022587889,0.030681663543159373,0.01071508276711467,3.039276950111969e-07
451,0.3225661377945853,0.5793781849289388,0.01608708798369142,0.0588680724732798,0.016089876750316253,1.3779458529761257e-07
452,0.7353531421306845,0.8577305395667847,0.015720538922851572,0.05082570804083014,0.015724988059768272,1.4213068444401955e-07
453,0.2489336924797073,0.6330089230262476,0.03472795762103516,0.10408700611729531,0.03472991275988083,-3.075202926750009e-07
454,0.6853061659980634,0.8524001711073995,0.01966146450566409,0.059175762956271125,0.01966426667153049,1.6599806340611423e-07
455,0.3045148053479815,0.5788986624203608,0.019270033417333972,0.07115811185791217,0.019271621081507487,-1.9465201850366043e-07
456,0.379123794143171,0.6247253753578655,0.017399260015136725,0.061430099195142245,0.017402485525803216,-2.0585682902751756e-07
457,0.9101511802143176,0.954403913768839,0.0072116898064843735,0.01607044408287446,0.007212058171226301,1.802143175799742e-07
458,0.7707485467608538,0.9043350642900209,0.009117304514062513,0.025454982011422548,0.009117594442351138,-4.532391462142016e-07
459,0.8801566398224951,0.9453465446483904,0.008163660297783192,0.020098959620876246,0.008164042040306595,-3.601775048212019e-07
460,0.5334564225882743,0.7405406301038772,0.01743224984077149,0.05559257171675362,0.017433469564055466,4.2258827426255863e-07
461,0.06029530961158036,0.5394762242005835,0.017069141940371124,0.05459336059093462,0.017069936149705672,3.0961158035969216e-07
462,0.4823225782173802,0.8043222276423309,0.03712061018837893,0.09703575613499686,0.037135540610466,-4.2178261977499076e-07
463,0.5857078808912872,0.7681431151329038,0.010921480398769532,0.041465438854417835,0.010922100585676563,-1.1910871278164592e-07
464,0.4334163268672636,0.6865939052920097,0.02264229412412111,0.07566031691321166,0.022648282941634516,3.268672635892145e-07
465,0.7668088790916416,0.9061312318419492,0.011483019768603522,0.025331847256083874,0.01148397254741053,-1.2090835832534452e-07
466,0.5121493474402996,0.7667950053473023,0.030116590182714842,0.09004587858227349,0.03012807354313792,3.474402996417325e-07
467,0.47789964173704147,0.6949243706976623,0.01687251229482417,0.06468155189818305,0.01687306717103747,-3.582629585219266e-07
468,0.6073800010309816,0.8169569577967783,0.023697394056640612,0.07089096343124336,0.023702663246380137,1.0309815223763508e-09
469,0.7819168210618838,0.9155063905604635,0.017814119749023454,0.049559258961226406,0.017818331086630116,-1.7893811621316758e-07
470,0.8388136597740932,0.9196461743775739,0.010374741512988301,0.03699848678606113,0.010376220704469424,-3.402259067808444e-07
471,0.6581554104946448,0.8121442048179667,0.011550644906767599,0.0397486378620236,0.011551122607947988,4.1049464472031616e-07
472,0.7705933618431287,0.9170702375027926,0.008067320131152331,0.027303426235058745,0.008067927306741506,3.618431286822599e-07
473,0.5931918065108811,0.7948368193235502,0.012761759775087885,0.03777774175122237,0.012762810101393568,-1.934891189492305e-07
474,0.48774198898404486,0.7031807981800158,0.009881335388535164,0.036803526781817766,0.009881519204160139,-1.1015955148074852e-08
475,0.6234073452622729,0.805225191198872,0.015139023646289072,0.043670944468162116,0.015141243437367953,3.4526227288278477e-07
476,0.47971131878546425,0.7062277927553452,0.011675236208613281,0.040777088707050824,0.01167570670234788,3.187854642483501e-07
477,0.5564765313599049,0.7671028293914178,0.01922585072324219,0.07028856862360792,0.019228560419667952,5.313599049650009e-07
478,0.681866836792806,0.8257539649153097,0.01629801317285154,0.05048076477241688,0.016302286047671033,-1.632071939816626e-07
479,0.3634584696228552,0.620367981544297,0.018417124604394562,0.0532006632620365,0.018419346353319436,4.6962285521479075e-07
480,-0.23467534072642682,0.419711118620312,0.022976817809062466,0.07858479943134374,0.022978922075587462,-3.4072642682292376e-07
481,0.7899834594670883,0.8926444789403585,0.01829993439472658,0.05411454869347464,0.018303943165114297,4.5946708826516414e-07
482,0.43454011505198376,0.7292464275955423,0.020576822243945296,0.06586353722676178,0.020582204109549165,1.1505198377337322e-07
483,0.9427305215008818,0.9718584600406363,0.007051335673242194,0.016587623672860246,0.007052173611805532,-4.784991182171794e-07
484,0.732529570890996,0.9180229671098014,0.01599331161083988,0.055182753627022914,0.01599617748279846,-4.291090039965084e-07
485,0.7721139795141422,0.9123682054220038,0.01693582546152342,0.058661510200536,0.016939231102406173,-2.048585778791079e-08
486,0.7372173021446072,0.8911531057525875,0.015464491813574217,0.052792499543729186,0.01546693189995115,3.0214460722266523e-07
487,0.7996085829791617,0.9174495893312467,0.015419369896972655,0.04860139535983757,0.015424310684665427,-4.1702083830585934e-07
488,0.9052641296354027,0.9542276452178582,0.007241608137392581,0.016898797910834363,0.007241906500174596,1.29635402745798e-07
489,-0.014141941418454484,0.3824865539237202,0.02781153034931641,0.07391660053268488,0.02781603750426379,5.858154551556527e-08
490,0.5420934175317925,0.7415851539870593,0.022660971328906248,0.0648103969107453,0.02266730577550713,4.175317924737243e-07
491,0.4021185796580323,0.6345674465664023,0.014226947489902336,0.06029854449364314,0.014227876608233284,-4.203419676773734e-07
492,0.6856261211880497,0.8436224829063252,0.016852331366113287,0.053300469719572446,0.016857289460746872,1.2118804970651098e-07
493,0.5983656429513928,0.809673335549332,0.031212127426171847,0.08113361426775018,0.03122533827976165,-3.570486071247103e-07
494,0.4898453769088593,0.7150563620725916,0.013517202143212878,0.05400990646854495,0.013517790373240416,3.7690885934527074e-07
495,0.6464338842027286,0.8190263636912251,0.011462070315468758,0.044402130235347344,0.011463002259501165,-1.1579727132726703e-07
496,0.6378774589016011,0.9073525598043142,0.02832740694326174,0.07908468693135573,0.028336339070224408,4.589016010525526e-07
497,0.19986020086538137,0.6108387397837559,0.02310471586572264,0.08222933580445854,0.023107054350458428,2.0086538135566379e-07
498,0.4009499979065022,0.7261793037277937,0.023111203837597696,0.0749463742139587,0.023113638944981012,-2.0934977640330033e-09
499,0.7039025068184763,0.8479871148004643,0.011781732701845727,0.03461866949470292,0.011781963366414662,-4.931815236197679e-07
500,0.7796378207646961,0.8832523950474881,0.01331153573907226,0.030451608725334204,0.01331246053413938,-1.79235303932046e-07
501,0.849244786881966,0.9238335327991479,0.008646970079199233,0.021723920939588144,0.008648073543979994,-2.1311803399814977e-07
502,0.39001420936475417,0.6504633256317504,0.021258109532031264,0.07291057264588265,0.021260407839521815,2.093647541445698e-07
503,0.7752720698645595,0.8885362453565061,0.011515927383486325,0.0259048492501166,0.011516366801402179,6.986455958202242e-08
504,0.8458973004618779,0.9613327386230341,0.016043796539453103,0.04383961603146378,0.0160482104183839,3.0046187793342227e-07
505,0.9377895090972602,0.9686061596821836,0.009482633432812512,0.025462155703452158,0.009485081940319832,5.090972602372901e-07
506,0.5269006969899378,0.726116558446327,0.021224136541699214,0.0640850981631114,0.02122969449694821,-3.0301006215260884e-07
507,0.6776989414395425,0.9414256610452317,0.021673130944042947,0.06368981889030481,0.02167651323228219,-5.856045759422557e-08
508,0.5222591966155177,0.847861232226966,0.018724151430078145,0.06107165468142615,0.018726160241465725,1.9661551764471596e-07
509,0.7728963936787343,0.9214328017313297,0.011162634116210948,0.03537483554251705,0.011163806321456604,3.9367873427842426e-07
510,0.8970358912882073,0.9471972442811919,0.00723619510257812,0.018887833628353806,0.007236474592304955,-1.087117926790171e-07
511,0.7862046913977392,0.9067521165234562,0.009232611957978535,0.025865126802357,0.009233007925679736,-3.0860226085671627e-07
512,0.3787148817392135,0.7426843990182694,0.041029523877929686,0.11866112884828092,0.04104847637816794,-1.182607864969043e-07
513,0.49161321647022416,0.7062467058806162,0.022627253900878885,0.06811533754221391,0.022632561829601047,2.1647022413473493e-07
514,0.475894310243806,0.6970076662418058,0.019917639845537113,0.07249909305659458,0.019919515670510902,3.102438060342827e-07
515,0.41449149093443505,0.6643192111188421,0.012999831806640631,0.049134721217771425,0.013000653269688318,-5.090655649797604e-07
516,0.6095976286827324,0.78085680145021,0.011006329173857419,0.04674278004615307,0.011006948553674416,-3.7131726760009087e-07
517,0.8508737037057479,0.9315805787318228,0.009900987564550783,0.02724521946066899,0.00990203677941691,-2.962942521334e-07
518,0.957333526369541,0.9805202494688283,0.00604906451274414,0.01612797525429164,0.006049548596594416,-4.7363045896364753e-07
519,0.25819890159293,0.53120838916716,0.020772539453613258,0.07070671251457727,0.020775964265364984,-9.840706999275639e-08
520,0.7285026608208365,0.8592591492796635,0.014401522176953138,0.0389384663710696,0.014405420015668564,-3.3917916353320976e-07
521,0.6632711567822325,0.8348356323112457,0.018007335899707023,0.0522575907002845,0.018009759305526004,1.567822324188839e-07
522,0.883330054448628,0.9464186917229186,0.010847971251464845,0.031074831621910864,0.010849811184145075,5.444862805070727e-08
523,0.5451279928381737,0.76772728071599,0.011840555072763664,0.0473414781690538,0.011841083495442358,-7.16182624316275e-09
524,0.544774201001331,0.76404579637367,0.012790301552871072,0.05339361397161661,0.01279087371116411,2.0100133102385342e-07
525,0.920720990213145,0.9617354246704217,0.0072552339796777285,0.019272474501394802,0.007255673346251643,-9.786854993087957e-09
526,0.8149293053662067,0.9045984618757107,0.012855926872070319,0.04889084447841506,0.012858263416550364,3.053662066543339e-07
527,0.6723434298905053,0.8568000526023617,0.027336054804296895,0.07947286893984248,0.02734167447262546,4.298905053046198e-07
528,0.11048100497291458,0.3763012114246155,0.022582652806669948,0.08631465808554045,0.022583356359520627,4.972914580125831e-09
529,0.46366502897939754,0.8104100598721652,0.0254881343738281,0.07574543554835336,0.025491681559161233,2.8979397548312136e-08
530,0.5564790832656947,0.7630581488065433,0.019958774787207083,0.06737398275365138,0.019961381338393834,8.326569478356305e-08
531,0.9255309265457297,0.9688110098432009,0.006315002466113277,0.020941740522829343,0.006315688277229769,-7.345427033289553e-08
532,0.8594994439933079,0.9291066642042126,0.008474236989199229,0.020734769930752284,0.008474365985574543,4.439933078970171e-07
533,0.8603196325155131,0.9290022111083085,0.009075919189287117,0.021512814550272152,0.009076823330842188,-3.674844868406524e-07
534,0.7296029640858688,0.8634548812116755,0.010643714198466785,0.03526556411613897,0.010644299833899612,-3.591413122450149e-08
535,0.9148204845850532,0.9578172295730991,0.009111957486035159,0.024300015478888798,0.009113121374710714,4.845850531953744e-07
536,0.8801639700551818,0.9428406104469426,0.01201149309091796,0.03440905016800821,0.012013421579054518,-2.994481818063832e-08
537,0.5833432244469098,0.7657688510661034,0.021746722881738297,0.06868285952606447,0.0217542375589649,2.2444690983558502e-07
538,0.7037681702653118,0.8581613650286666,0.012236914613730464,0.03454994134980029,0.012237612181732917,1.7026531184960447e-07
539,0.8852103012896262,0.9596741776453014,0.007662441053945311,0.02356238847651489,0.007662854762355133,3.0128962613673593e-07
540,0.6605843666569828,0.837070927756345,0.016198717345722646,0.04544131025039876,0.016200081937916576,3.6665698288640414e-07
541,0.484196644236381,0.706564699932796,0.022614556979492193,0.07157331474728783,0.022620590101243683,-3.557636190087976e-07
542,0.7369463868195807,0.8666969333696272,0.01079210012490235,0.03330906697789458,0.01079385362852033,3.868195806999708e-07
543,0.6800835701318416,0.833439751278638,0.020304083891699232,0.06425874694677484,0.020307571877599025,-4.2986815840251325e-07
544,0.524811620645944,0.7708200906474677,0.02596774940312499,0.08001093844991565,0.025976170994654223,-3.79354055946024e-07
545,0.6177487263795265,0.8155010611018659,0.01495753945042968,0.051878726707401096,0.014958656776676967,-2.736204735009906e-07
546,0.5062057037297804,0.7227221046620214,0.01628822352102542,0.06100577845194428,0.016289484629794394,-2.9627021969069745e-07
547,0.5771365360652956,0.7660434420025765,0.014360511755341811,0.04759190802990279,0.01436145273797485,-4.639347044310682e-07
548,0.5056897216175831,0.717774028879416,0.022070137226757783,0.06962992754163375,0.02207623522600259,-2.783824168961502e-07
549,0.7371839996484807,0.863419054594859,0.01668900830214839,0.05997563275411505,0.016692022228704827,-3.515192581460269e-10
550,0.7161142163235523,0.8480569724170356,0.015839784950000012,0.04614262526309466,0.01584302596732796,2.1632355229339595e-07
551,0.683150079157155,0.8286785172942355,0.01249860115773437,0.032716060754854705,0.012499046183773935,7.915715494188902e-08
552,0.5637485972615812,0.7786401169332122,0.02008069621181641,0.06874979891272863,0.020083035158406492,-4.027384187255123e-07
553,0.6598010943266874,0.8153182772337384,0.013583266915107434,0.043644995173373655,0.013584125837210661,9.432668746089945e-08
554,0.8790350486701634,0.950634416933971,0.0077858420513378865,0.018849819636537524,0.007786086355992364,4.867016334397789e-08
555,0.5289621014219226,0.7539244617059023,0.020733451660742204,0.0718417550036172,0.020738436967383263,1.0142192252704518e-07
556,0.6842386303372363,0.8484540612698623,0.016419513042968747,0.054830984703743126,0.016421607576318928,-3.6966276373284757e-07
557,0.4647188146715391,0.8111526907668483,0.034356191153906174,0.09956496721615982,0.034361747187277074,-1.8532846091101618e-07
558,0.6798104983719677,0.8401648739088337,0.013130424472558598,0.03571901744582673,0.013131861728561064,-5.016280323344446e-07
559,0.6057727881714344,0.7790929389635427,0.013728425251171877,0.040748093198449874,0.013730418138982242,-2.1182856557722118e-07
560,0.4041690017982642,0.7226948465804495,0.020328664329003925,0.06400448033430793,0.0203336923488796,1.798264204211364e-09
561,0.519345574802192,0.7895792866493843,0.014900196804394516,0.05396742983828028,0.014902447275116094,-4.2519780796279605e-07
562,0.4390900363900041,0.6716994910543916,0.02704143300156249,0.07746183058443765,0.027048905453741313,3.6390004121145125e-08
563,0.8013551584906952,0.9033045509774245,0.011691890690556664,0.03394399245230657,0.011693039890234482,1.5849069512352543e-07
564,0.8374593430308652,0.9237567131797279,0.014160622680175773,0.04855933837468273,0.014165040601940574,3.430308652685454e-07
565,0.6249609149725137,0.8519406220073257,0.01576974271642579,0.04918218641695514,0.015770589174728095,-8.502748627403633e-08
566,0.8507761453342616,0.9306057919147798,0.012596832920117203,0.04113627100746389,0.012599208174499013,1.4533426162532948e-07
567,0.6922525317211077,0.8356468792310847,0.0140560597852539,0.04305742540012066,0.014060311468778631,-4.682788923293657e-07
568,0.6053636692241269,0.7972191374647646,0.01564527918271487,0.04781895881053719,0.015648531977333163,-3.307758731363464e-07
569,0.6475980909167922,0.806098454822682,0.016257141277050777,0.04998736266567119,0.01625995721383897,9.091679220585291e-08
570,0.4125270516694325,0.7569566142122304,0.02751485182617188,0.08564615457083602,0.02751834822769448,5.166943251033729e-08
571,0.4715593302182638,0.7512593065765913,0.03017332433906251,0.08124631129180122,0.030186360811016423,3.3021826378876185e-07
572,0.7594826044376752,0.8852035319951602,0.016954452238378926,0.05316232935225919,0.016957396810635326,-3.955623247842155e-07
573,0.8949646130678409,0.9475461388097962,0.008308397813417965,0.019167720326120415,0.008308762824763656,-3.8693215909102463e-07
574,0.810392543779084,0.9002627397393884,0.010956294702636721,0.02732575145361815,0.010958817952936276,-4.5622091604524684e-07
575,0.7887103704932295,0.8922067166029561,0.014025010646582011,0.05283349187083683,0.01402761237309855,3.704932294290586e-07
576,0.5868409207449583,0.7732758271405927,0.015157264456865232,0.048868552534027436,0.015158087235263486,-7.925504164063568e-08
577,0.6696856108195262,0.8244524694901615,0.008575457549882811,0.03893103206010334,0.008576250588484914,-3.891804738476168e-07
578,0.6587169462345548,0.8208161738484624,0.01965737258955081,0.0679474211925785,0.019661174529853172,-5.376544520707682e-08
579,0.8783765483467316,0.9394062611689595,0.007090387470556642,0.0185361243235305,0.007090587741016623,-4.516532683407348e-07
580,0.8424918630284279,0.9239856075420353,0.010792456945205057,0.027723361180115404,0.010793239914459147,-1.3697157208447663e-07
581,0.9181910555622026,0.9653281208762958,0.007294106425644523,0.01780688518284727,0.007294405285307019,5.5562202616599166e-08
582,0.6592742550839443,0.8521782110307282,0.016936860292871083,0.05113050728491142,0.016942893770860275,2.5508394430051595e-07
583,0.814964000632326,0.9173165995066062,0.017814904837792956,0.052214836957212615,0.01781923344856189,6.323259693630234e-10
584,0.723672446162686,0.8592375130943103,0.010420688659160146,0.03132965220087225,0.010421194179096977,4.46162686018603e-07
585,0.5709435801081795,0.804589617326141,0.026414179504003963,0.07817007094966696,0.02642482471821687,-4.198918205355895e-07
586,0.7503888698310002,0.8733913831558043,0.011354975278447282,0.030968359628249533,0.011355686446366527,-1.3016899980122787e-07
587,0.6508426883995724,0.8203414303754089,0.01176412400349611,0.032795512214116924,0.011764471165510942,-3.116004275716122e-07
588,0.8243142828651655,0.9292685124759301,0.012294827277929677,0.03164642859654987,0.012297425993355702,2.828651655129022e-07
589,0.9122275639963945,0.9557912581768142,0.009708770267187496,0.0277059139175243,0.009710752993196441,-4.3600360555284823e-07
590,0.6380595965980452,0.8057105831424075,0.013589240769687518,0.04169827107060166,0.013590069064419591,-4.034019547294321e-07
591,0.6550534920357051,0.8169237088731236,0.015845223428515624,0.04945503727103814,0.0158476981384966,4.920357050686164e-07
592,0.34881107853405924,0.666459363488983,0.020779043106542962,0.06857776259199475,0.020781547544869616,7.853405925573043e-08
593,0.6465954975218682,0.8376357940833232,0.025697682292382725,0.07608559904705499,0.025702710978950605,4.975218681479987e-07
594,0.7332078007546887,0.8575394354586108,0.013433765725126943,0.03626735571730096,0.013434544852151462,-1.9924531124981826e-07
595,0.8387331850013976,0.9173420214775263,0.014335200866210948,0.037304963705136834,0.014338327378643177,1.850013976456566e-07
596,0.4800511519611075,0.6959456898446954,0.015232785355498057,0.05299253901554631,0.015234075529202284,1.5196110747517366e-07
597,0.49545863424952286,0.7102585137854645,0.019970243657910173,0.07243258824101445,0.019975823918304828,-3.657504771270581e-07
598,0.35869291765575084,0.6197709919716142,0.02067210032167975,0.07800183579005993,0.020674607326631636,-8.23442491415527e-08
599,0.851645077629438,0.9582151748150896,0.009772131032031237,0.03353412413626063,0.009773356821103774,7.762943798894639e-08
600,0.5963201708147509,0.8554330191976492,0.025545755384179678,0.08083538834419089,0.025555297867846608,1.7081475089941733e-07
601,0.617696861217753,0.7886575140650998,0.01887886181591793,0.0570646622919396,0.01888237608857304,-1.3878224702779107e-07
602,0.7168838478903874,0.9216555408206429,0.02585357686191401,0.07382836785481454,0.025860124172114116,-1.5210961257228206e-07
603,0.8521398000256493,0.9293516430083086,0.009494476984667962,0.03332831091502219,0.00949651636250646,-1.9997435074525782e-07
604,0.8068328157476169,0.9008240991371992,0.011291301915400379,0.025956150726010426,0.011291856982890647,-1.8425238312858028e-07
605,0.9030202812508014,0.9507746390283797,0.01068693109951171,0.02945221453081328,0.010688751445188832,2.81250801315025e-07
606,0.25519361320208955,0.5214460489758549,0.014801244899941418,0.05673786939399969,0.014801953270802278,-3.867979104232866e-07
607,0.7955691805068801,0.9155436945292927,0.008186534766376945,0.025801422155956873,0.008186687090578558,1.8050688010973204e-07
608,0.8023374292624654,0.911262892758527,0.00915774350039063,0.024685694563110743,0.00915803265684638,4.2926246546226565e-07
609,0.5431314775067224,0.7392472543339518,0.0196030759734375,0.06458277097537785,0.019605887332203257,4.775067223850016e-07
610,0.8314836964658603,0.9345329240753604,0.010507086097558611,0.03379433312277394,0.010508147659007122,-3.0353413971173637e-07
611,0.33363278507622773,0.6142464057995147,0.020374088198378923,0.06354904861266925,0.02037571431465719,-2.1492377227927406e-07
612,0.8028430054090963,0.9216129933782791,0.008266585944121099,0.026656936042826658,0.00826676226829088,5.409096281994152e-09
613,0.5250001547824412,0.730017744517098,0.015300833083007795,0.047381470253687934,0.015305766396307083,1.5478244119737639e-07
614,0.597997960553841,0.7783812557369191,0.017258720465332045,0.05939968867605091,0.017260652874820384,-3.944615900586257e-08
615,0.48985791056604333,0.7219616319723479,0.032804385254687526,0.09313443871603605,0.03281783355983959,-8.943395668481458e-08
616,0.4902556898292795,0.7263331487233972,0.01753587341397458,0.05860864785174342,0.017537475675808645,-3.10170720552172e-07
617,0.33057689876415386,0.6883551146500013,0.022649366881054716,0.060998573941658564,0.022654520675766752,-1.0123584615051584e-07
618,0.5796456891030202,0.8003910061205033,0.02693161671826169,0.07865320352950346,0.026942284995578363,-3.108969798271133e-07
619,0.7513492795282806,0.8677621347198313,0.011475140506425766,0.03864631061579285,0.011475523786051338,2.7952828052235645e-07
620,0.6565794568531862,0.8844585047834069,0.027848316315136696,0.08077296535560344,0.027861076233916284,4.568531861703917e-07
621,0.7963653270834359,0.9024585701767989,0.013325108908300794,0.03744137582539683,0.013329279654566916,3.2708343589149536e-07
622,0.59482680957033,0.8470359904550168,0.021326940037011702,0.061523565448249794,0.02133338938942483,-1.9042967003279898e-07
623,0.8036499699350883,0.9376701040584183,0.013159192365722659,0.049095846349153885,0.013161483252181385,-3.006491167134584e-08
624,0.5065312611763365,0.7281399206959077,0.01220978976220704,0.05062271038449956,0.012210191603519972,2.6117633655786676e-07
625,0.830942931880147,0.9455222128205911,0.01657577100878904,0.054041762708590006,0.016579606070628448,-6.811985298060819e-08
626,0.7747013735953308,0.8823269944829678,0.01307880802186524,0.03302112300861139,0.013079752560893113,3.7359533078262785e-07
627,0.790906104401304,0.8977627786422531,0.015840115508984374,0.046876766441896964,0.015842857470349626,1.0440130404631986e-07
628,0.8642772732743932,0.9577935992355326,0.01064047797724609,0.028877451795883108,0.010642417176778022,2.732743932254422e-07
629,0.6948512969435278,0.8474489072458113,0.011524033852558617,0.038842615635708386,0.011525064806601025,2.9694352776665767e-07
630,0.4253542082046994,0.796157472469772,0.03482213801279294,0.09694262074891591,0.03482795468174627,2.08204699370107e-07
631,0.8465815074591188,0.9206208544993564,0.009971158614160149,0.024372866019973096,0.009972683241963253,-4.92540881191772e-07
632,0.4894481949219889,0.7071791349498899,0.01740425333601565,0.06353290877601209,0.017405049252035048,1.9492198888304557e-07
633,0.15577515453278046,0.428251163836025,0.01755367245361329,0.07107301285628335,0.017554801212234104,1.5453278046084762e-07
634,0.37047259100899466,0.6261433356397751,0.02438732300976565,0.08344891319380227,0.02439234685264495,5.910089946326025e-07
635,0.8552213705480203,0.9258515935300068,0.009899605863164055,0.024013391224691833,0.009900203147271028,3.705480202675915e-07
636,0.794885080826143,0.9299495565560684,0.018431303284472636,0.050048680883385745,0.0184349245322817,8.082614300075619e-08
637,0.20676682030140725,0.5605355691312333,0.022737859766113245,0.06975550828261703,0.022742893898854886,-1.7969859275601685e-07
638,0.610652245897781,0.8123062618119588,0.028923803718554703,0.09834843710154252,0.028931189996016633,2.4589778102601656e-07
639,0.30646372994703996,0.5661699953395146,0.015723620215039064,0.05528137528436044,0.01572590405820622,-2.700529600496715e-07
640,0.14693613522252646,0.6002929945653607,0.022188208620576133,0.0735153361363228,0.02219014134105708,1.352225264539264e-07
641,0.7784300811622822,0.917823681093599,0.01799662615751954,0.051584956092707974,0.017999887883003034,8.116228222831978e-08
642,0.5347956832866037,0.7531049812948183,0.02311265302714845,0.06490684663931919,0.023117508920002618,-3.1671339639771645e-07
643,0.36623854218849317,0.6395055664729453,0.014811053481933588,0.056811542668738536,0.014814520215957708,-4.5781150681545313e-07
644,0.7437185848151089,0.8885831508640513,0.011077512653906234,0.03128121315279375,0.011078979327966098,-4.1518489113379076e-07
645,0.4652946203564531,0.789417868849997,0.016683900109765625,0.05211319236085563,0.01668886873645471,-3.796435469327619e-07
646,0.9415235286055245,0.9711757638222611,0.005521170258251944,0.012763727849135176,0.005521303975897071,-4.713944755652122e-07
647,0.34850754685268204,0.5943830180402063,0.016854702140556645,0.053786590422961016,0.01685511088087218,-4.5314731794698915e-07
648,0.7355085766922487,0.8737407764342983,0.009761046556435546,0.03360847065622209,0.009761806148635994,-4.233077512960648e-07
649,0.8880048283921035,0.9493120984098389,0.006801518787734381,0.017199110304458157,0.006801648451571785,-1.716078965596779e-07
650,0.47999209237173457,0.7050765682229964,0.022306012935644586,0.06838028921430477,0.022310794022787538,9.237173459464287e-08
651,0.5102103117093006,0.8474773321419039,0.03331555032265625,0.0863018489128551,0.033322628502137845,3.1170930059332136e-07
652,0.7553622988121403,0.8846890745860654,0.01554284180019531,0.05774251863831397,0.015545466548067325,2.98812140364646e-07
653,0.7644341728697153,0.8798648380414174,0.01277178155435545,0.03179043881496193,0.012772387611555603,1.728697153202674e-07
654,0.56560813110614,0.8273214712021015,0.020797540903515616,0.05919618114417298,0.02080034635647055,1.3110614005551469e-07
655,0.6909364920080447,0.8711442676042682,0.02101266655214843,0.06235670497157248,0.021016319098037497,-5.079919552786194e-07
656,0.7763408166940674,0.8861507654983719,0.017446423630468732,0.05882773036355501,0.01745251544145508,-1.8330593254400895e-07
657,0.6293291340715281,0.7956315966762268,0.014888322149218732,0.05291473118291755,0.01489215843922582,1.340715281017424e-07
658,0.8214239531404467,0.9144898188534774,0.010914636403515627,0.02995377739204655,0.010915796483061603,-4.685955334871039e-08
659,0.47936102536073855,0.6977950067781671,0.016962438689941416,0.05976734292614058,0.016964782216832196,2.5360738564739194e-08
660,0.9262732427611067,0.964586960718302,0.00749301213472656,0.01871724905142838,0.007493635327771451,2.4276110666132666e-07
661,0.9166917125138406,0.957662463252182,0.006087434999414052,0.015652490127759062,0.006087997273813947,-2.8748615932272514e-07
662,0.9815757409969076,0.9908134427773541,0.002886328540781259,0.007174338007712792,0.0028864145235773546,-2.590030924176645e-07
663,0.46609858417195216,0.7915847395816188,0.01102267626669923,0.03856683731302355,0.011023471593639504,-4.1582804782835936e-07
664,0.41699597088798024,0.7526398049638849,0.024749758215898435,0.060781453353017295,0.024751209129054947,-2.9112019739319095e-08
665,0.572033944814722,0.7816589580915544,0.019446840908105462,0.06722712491078274,0.019449393576829423,-5.518527801395834e-08
666,0.3319258720250722,0.6019600816508586,0.02571520485712892,0.07613067726344447,0.02572115926949018,-1.279749278215725e-07
667,0.8968525182281035,0.9478967679368331,0.00851419606367185,0.028611228400165334,0.008515298732696054,-4.817718964877926e-07
668,0.8853230084716687,0.9477319698192634,0.01172010199814453,0.03337456572402824,0.011721815699467434,8.47166869988314e-09
669,0.8752228998357465,0.9369958173081749,0.008385614763242205,0.023794795605908935,0.008385985411889311,-1.0016425344705482e-07
670,0.2386822336898241,0.5540738391031654,0.030489680925,0.09718702844020534,0.030498597101416662,2.3368982410287842e-07
671,0.8660677159955568,0.9324339561292732,0.00824026645782226,0.024094890047579785,0.008240735612871992,-2.840044431851041e-07
672,0.8606571735301889,0.9359671298129232,0.009223214288320318,0.023985688026918566,0.009223861593930315,1.7353018888499605e-07
673,0.7265079866141102,0.8716126293466655,0.009207385379501947,0.028966049114150964,0.009207793421025842,-1.3385889841011078e-08
674,0.5017752851656105,0.7491116811493375,0.015510543787207044,0.04789194539160461,0.015511277951348646,2.85165610569571e-07
675,0.6285280095755474,0.8423737499579996,0.021896683067382818,0.067598245152746,0.021905025462709633,9.575547466056378e-09
676,0.9365949048323519,0.9703240914607243,0.007985158723828116,0.021833477240908655,0.007987078050631995,-9.516764809536227e-08
677,0.573284437191271,0.8000666713774278,0.03189424832294922,0.08812047616862322,0.03190926547423041,4.371912709633108e-07
678,0.6287528361933221,0.7933166491601148,0.009997157095029309,0.041808900864272955,0.00999755563858704,-1.638066778886227e-07
679,-0.2525629535930143,0.5036177129901067,0.025208705088486327,0.08178056792206853,0.02521056882516575,4.6406985698688175e-08
680,0.6248970623020659,0.8381182583595119,0.019369273995898457,0.05779730080261997,0.019373477434111816,6.230206583968112e-08
681,0.8378265557779192,0.9164119864820257,0.013097140387597716,0.03591487009314961,0.013100195531358287,-4.4422208078653824e-07
682,0.3923680909763143,0.6406354486442449,0.02225167456640623,0.07248996041072618,0.022257133729395976,9.097631431531639e-08
683,0.7803181168500614,0.8900726730649973,0.01054021371973633,0.02733531836642683,0.010540710758203342,1.168500614046053e-07
684,0.8466641227790133,0.9415561174511741,0.015456606398632805,0.043389613556435225,0.015462231317175184,1.2277901328960894e-07
685,-0.006054864484891009,0.2773813794166151,0.030120480986132753,0.09411852333493119,0.030126568315336697,1.355151089902501e-07
686,0.47731337224780435,0.7212681459114797,0.019591965007031278,0.06381712782645692,0.01959670250790289,3.722478043588495e-07
687,0.8773405452466356,0.9409567414047206,0.00945574948857421,0.022020176236836282,0.009456314955310081,-4.54753364409477e-07
688,0.46720848103890356,0.7267279347672909,0.02237890556896484,0.06973656205475258,0.022380909388406086,-5.18961096429571e-07
689,0.5835831001642233,0.7720735210230176,0.02161321863652342,0.07001983470728955,0.02162007374573609,1.0016422336001085e-07
690,0.7512431701356366,0.8688152164127431,0.01219882740234374,0.047177934911218855,0.01220143333933105,1.7013563657908293e-07
691,0.2790432739020896,0.5443263129738678,0.018523777551855494,0.0774783732646701,0.018526222766861954,2.739020896203037e-07
692,0.8566462552695188,0.9315172746578295,0.008420283554667977,0.020071608076007198,0.00842053237702104,2.5526951874521586e-07
693,0.26502380388976243,0.5348916614758754,0.015345598690634761,0.06125336842818514,0.015346816781908749,-1.9611023754917412e-07
694,0.8608463576654484,0.9315791235715718,0.009456305167128917,0.02149843475945721,0.009457102286988197,3.576654483694597e-07
695,0.10107608843641125,0.560547594184844,0.027424578885937523,0.09153546673222082,0.027427323085607868,8.84364112496705e-08
696,0.495696060039131,0.7178287419088508,0.01935105241513674,0.07630513121849311,0.019354106390548406,6.003913100016689e-08
697,0.5028900066162256,0.7825450022287574,0.023388971137695308,0.07231223402984473,0.023399875304087946,6.616225678435228e-09
698,0.6221672148861237,0.8016031526541152,0.025622078408593735,0.07489977242069414,0.025631954357033176,2.1488612367281945e-07
699,0.6310047789083315,0.8006609230327262,0.011422389584267563,0.04033910960903092,0.011422784031505082,-2.2109166852857243e-07
700,0.4741052208091515,0.7693854210768424,0.036578109172949284,0.10298389535745285,0.03659384104086318,2.20809151518786e-07
701,0.7352641968742368,0.9051603380755673,0.008273399310546877,0.027869404885409375,0.008273762912227634,1.9687423680192495e-07
702,0.8594045034104607,0.9309018742565317,0.01095976707783204,0.034381140283251226,0.010962682648229334,-4.965895392672337e-07
703,0.5874068148781785,0.7888492206778013,0.016978249199804684,0.06286660493464336,0.016981791584547427,-1.8512182153873624e-07
704,0.5167305708062258,0.7699121745585156,0.030702332830761698,0.08807449367785736,0.030714952775553448,-4.2919377429839756e-07
705,0.4370152817767954,0.6987328783031458,0.0196543779288086,0.07044332481216371,0.01965677787002934,2.817767953966488e-07
706,0.5533603842043012,0.7873928340950864,0.026394886395898473,0.08423569809204956,0.026406310851272107,3.8420430126251404e-07
707,0.8746403802034375,0.9380847100851893,0.013558433379003927,0.03619333204995899,0.013560728609617257,3.802034375111063e-07
708,0.8588577265643008,0.9272557772238064,0.009207434139648448,0.027000731142067937,0.009208218723714828,-2.7343569919402455e-07
709,0.5394460774809382,0.7411890129418042,0.021031416805175784,0.060082509561840546,0.02103415557843703,7.748093822090851e-08
710,0.5033582698501728,0.735603238390214,0.0177296089203125,0.0587978817758385,0.017734078576688586,2.6985017287373125e-07
711,0.7080688842640983,0.8554679038589722,0.012789937119179676,0.0370567872639896,0.012790658211850261,-1.1573590164015712e-07
712,0.7163151731893613,0.8469046217630242,0.008199946588164052,0.04033925650705286,0.008200553886004472,1.7318936129662177e-07
713,0.6596933359572505,0.8790068523728166,0.021881203151562553,0.06040047005667,0.021889237335644674,3.3595725057455894e-07
714,0.3684817332798287,0.6156638885495581,0.017208028983300785,0.05785770359974472,0.01721245648323837,-2.6672017128248626e-07
715,0.6181468342810463,0.8012700305338847,0.014457915392353504,0.04180015605241024,0.01445851038477989,-1.6571895367079037e-07
716,0.5112639599191597,0.7403358363804173,0.021967646474414064,0.06480793518522464,0.021970897661937383,-4.0080840313372335e-08
717,-0.35851612519083353,0.35858241949729625,0.020362134800292933,0.0726045656224686,0.020364164127940194,-1.2519083353312865e-07
718,0.6979295034485327,0.8433112177606518,0.017055785445019542,0.05378373132678792,0.017058656471491393,-4.96551467388251e-07
719,-0.3472984614806518,0.5686744276370588,0.023828360865722622,0.07376236235835715,0.02382984501778104,-4.614806518032921e-07
720,0.7436937431424785,0.8638895317774586,0.014276460051757825,0.03682373452454533,0.014278322554703331,-2.5685752147452945e-07
721,0.7643738210998616,0.8868169578109167,0.010295792112597653,0.03890300885051043,0.010296828356572339,-1.78900138370075e-07
722,0.668735918880677,0.8194332235981249,0.010520815792187497,0.041106544814300906,0.01052171843368239,-8.111932303656033e-08
723,0.31804403564369144,0.571323569313593,0.01614716447681642,0.05543668378584187,0.016147585389627215,3.5643691442821535e-08
724,0.4222483021352653,0.7613936300772819,0.03903307766767578,0.09924806910709542,0.03905188571972045,3.0213526530653567e-07
725,0.5748280900761162,0.760483590189625,0.014749581761777377,0.052157487008815194,0.014750729196515362,9.007611623257361e-08
726,0.7528651560270496,0.8924380913104359,0.015607871920703132,0.054327298298736,0.015610219902270314,1.5602704961370506e-07
727,0.7385661096388796,0.8604773732962568,0.01243714879316406,0.03137241863102443,0.012438092609064375,1.0963887964177133e-07
728,0.8040238431342669,0.9226743903211345,0.017165789510937498,0.05012865715637632,0.017169254087852182,-1.5686573306972207e-07
729,0.7595951598662414,0.8836782446466444,0.021766268515917977,0.059954985391010115,0.021775092889731614,1.5986624135599925e-07
730,0.035571883148478256,0.3577758145601346,0.02515390898261716,0.08558378554680475,0.025156707374494765,-1.1685152174339963e-07
731,-0.11823972351098466,0.3379350789509245,0.01639599724206054,0.061359418012734986,0.016397318958613457,2.7648901533561254e-07
732,0.4336776977000706,0.6838627007070327,0.021775659718457047,0.0764194768960851,0.02178199565010435,-3.0229992942221173e-07
733,0.8119983800237305,0.9255604349010332,0.010772810532080087,0.030140848833056438,0.010773204638529493,3.8002373048406923e-07
734,0.9038976639636461,0.9516822941124117,0.009294569950292975,0.024022971018514926,0.009296274857353733,-3.360363538540412e-07
735,0.5645742805575852,0.7985911440857233,0.014509015216796867,0.057390938150884016,0.014510956193590748,2.805575851638764e-07
736,0.6746943834351706,0.8367133571007569,0.021829446640039152,0.06133982470992927,0.02183719727716178,3.8343517061445453e-07
737,0.9607876749257604,0.9811712551991298,0.005240383875117183,0.012189612956602713,0.005240718901803664,-3.2507423952665704e-07
738,0.7654132554113519,0.8861106301240285,0.011994650410566412,0.03653625197174648,0.01199578981482753,2.5541135184603547e-07
739,0.6651109942204363,0.8157604282126821,0.014873054966582039,0.04427414335638001,0.014873563311510508,-5.779563716501457e-09
740,0.3561243677645489,0.6497426068946504,0.029806569736523455,0.09307475201043472,0.02981462907201813,3.6776454892528676e-07
741,0.5786089383886684,0.7863310333828113,0.025906733344824195,0.0737462404693197,0.02591106538993567,-6.161133159210408e-08
742,-0.3610252960528493,0.2841172834863745,0.02034648789214844,0.06429556128815268,0.020347777655569003,-2.9605284929123954e-07
743,0.8326256308920532,0.9159464773088661,0.009691686421044919,0.025567206026171033,0.00969235118316318,-3.691079467627034e-07
744,0.7501431026762756,0.8975603419910935,0.009859692957207039,0.033482383528050844,0.009860413657996633,1.026762755929056e-07
745,0.6236013853582595,0.8011562180047483,0.024035343871289087,0.07423903762959454,0.024040439059640442,3.8535825952479286e-07
746,0.6146195126790615,0.8031577555601295,0.014495737325097667,0.0416680541563847,0.014499290833043965,-4.873209386024868e-07
747,0.7158999664080858,0.868882714945945,0.021160563437206997,0.06729377165814557,0.0211685149368368,-3.3591914139208257e-08
748,0.24268922905975698,0.564371472182903,0.023583148244189465,0.07936122844400942,0.0235852898175148,2.2905975699538672e-07
749,0.6998342483603597,0.8482070325349614,0.02028326509550781,0.05659745364507586,0.020286828046773474,2.4836035972253256e-07
750,0.6565968482960474,0.8159020932058287,0.017495079581542936,0.05647856956763899,0.01750063730618398,-1.5170395262220637e-07
751,0.8665358255738906,0.944204039111297,0.013771335087988263,0.03666839372179759,0.013773860355866028,-1.744261093339361e-07
752,0.2208889543616901,0.5039567809990594,0.017616851544345686,0.06912435199892845,0.017617395139466977,-4.563830990900186e-08
753,0.5110379299618835,0.7247755443959619,0.021275219903124976,0.07681953430363139,0.021281789968375896,-7.003811652861458e-08
754,0.7786407489342653,0.9244389320087238,0.008223933766757816,0.026149200620895978,0.008224433285115377,-2.510657347576384e-07
755,0.8114061346722274,0.9178345318588083,0.012439745840722658,0.041131931424908126,0.012441328426219655,1.3467222748086982e-07
756,0.537010976132538,0.7671805461244569,0.014979301531884794,0.044131457596816456,0.01498018472537673,-2.3867462006776918e-08
757,0.5257194539218144,0.7274816243946437,0.019143522754394487,0.0704071118685894,0.019148567132283842,4.539218143584378e-07
758,0.6391709880495569,0.826891532745591,0.015282586113085915,0.03762225948067624,0.015284767932699037,-1.1950443190578142e-08
759,0.8645590888061125,0.9307654353227177,0.010156818844042976,0.03615436974795191,0.010159361984299823,8.880611257477966e-08
760,0.7910147924075053,0.8901710346923367,0.008355354489404294,0.02623865094864949,0.008355599173266476,-2.0759249474977537e-07
761,0.8940538904612036,0.9471107004151169,0.007018859124287102,0.01738048638405651,0.007019103367676032,-1.0953879636677044e-07
762,0.7757733084476552,0.8908984695993111,0.013876972024218738,0.03847428637791598,0.013878483717239912,3.0844765519510986e-07
763,0.6605200283948189,0.8233923987697731,0.01033747988965822,0.035290889762282486,0.010337773912281968,2.8394818940569166e-08
764,0.5137985275761449,0.7234321623074044,0.014538873217675751,0.05437416985502715,0.014540356006830438,-4.724238551467863e-07
765,0.6732639325400596,0.8466744101145576,0.014505804984765617,0.04105018292015518,0.014509877088907405,-6.745994041157388e-08
766,0.7658617037451649,0.9120177508268504,0.00903343905099612,0.02852912135058699,0.009033830758078466,-2.962548351082006e-07
767,0.6353786497577751,0.7995330208116369,0.011489957646337888,0.03813975680842234,0.011490321415780816,-3.5024222488910794e-07
768,0.8544760537761549,0.9311376921771923,0.008740608715136714,0.024641281341880872,0.008741809832814295,5.377615486246157e-08
769,0.885970707142506,0.9426751702215966,0.007122164010742187,0.018662714207963844,0.007122791519201715,-2.9285749392204963e-07
770,0.7228616640645527,0.8894695957321661,0.022631916172753917,0.07147527190465974,0.022640690760375833,-3.3593544734866754e-07
771,0.5967011017387206,0.7809703967673796,0.014536218127929677,0.05564486198088903,0.014538945869705756,1.0173872055929678e-07
772,0.722520321238808,0.8783231784550171,0.010070671606875007,0.03024846896648462,0.010071485088883537,3.2123880799872495e-07
773,0.6774274025293087,0.8385924027833165,0.012719111138671862,0.03617682614161335,0.012721673316754206,4.0252930866291337e-07
774,0.4232020827942924,0.6606190867474038,0.014005213527099606,0.05361368062620624,0.014005869957013925,8.279429236646152e-08
775,0.403854630276014,0.8158361987085254,0.029634768760058657,0.08589399972988249,0.029641818251379744,-3.6972398603785095e-07
776,0.9211471170567613,0.9619345586141679,0.005562944880136715,0.014947973607712071,0.005563090137927675,1.1705676128404008e-07
777,0.7097227386006439,0.8466472011338292,0.012743391336767572,0.03134079082137134,0.012743848917661685,-2.613993560496297e-07
778,0.7821745320829389,0.9141723174199872,0.018512047182031234,0.049750838827126165,0.0185166018309415,5.32082938820011e-07
779,0.7674828600142258,0.8777370160547868,0.010149252503613293,0.02847325053382305,0.010149571574781427,-1.3998577419460645e-07
780,0.899462157370672,0.9565615462972096,0.008976106170019522,0.03725978422224428,0.00897770841176429,1.573706720492396e-07
781,0.7805332592786736,0.8961692892784382,0.015974663667675804,0.04991569097629987,0.01597723352100832,2.592786735311492e-07
782,0.8316147738673632,0.9291474312318223,0.012140219520507816,0.03715142641212341,0.012142646344949258,-2.2613263683801677e-07
783,0.9449731445968257,0.973627990642259,0.0058030503691406145,0.012373728555239888,0.005803187642035458,1.4459682573519927e-07
784,0.5415435770801298,0.7477781059517531,0.017046341348339884,0.06245313458917367,0.017048150862939888,-4.2291987023546085e-07
785,0.7774615035291117,0.9025225899754451,0.015981794864941397,0.0470731212175696,0.015984450689415668,-4.964708882893021e-07
786,0.5713536319716728,0.8175853248981129,0.01745125260896486,0.05136151665510186,0.017452794298756794,-3.6802832725779666e-07
787,0.842198741165201,0.9193929437011021,0.011296425382666014,0.02743500220849286,0.01129725385785285,-2.588347990384321e-07
788,0.882604043998712,0.9399989011264465,0.006571119057460935,0.01922284944389723,0.00657129117896222,4.399871189608717e-08
789,0.4392570380506805,0.7687926241571004,0.023810527515566386,0.07817110513733141,0.02381162414110502,3.805068049533844e-08
790,0.5267366677399563,0.7503713597711495,0.022963845433984408,0.06960208733843243,0.022966964926588954,-3.3226004370057183e-07
791,0.5261944561624841,0.8131260040294511,0.031013952514062523,0.08272124969882043,0.031019012958938545,4.561624840082601e-07
792,0.6684343879871587,0.8216236739166904,0.014987820506054664,0.04387796184646121,0.014992875097515627,3.879871587342265e-07
793,0.7189810333713297,0.8480936820673562,0.011103737395205086,0.03540065662221317,0.011104478164172074,3.337132969960521e-08
794,0.9429504559360321,0.9716267875905047,0.00578688619264648,0.012709701555689823,0.005787149986452424,4.559360321509942e-07
795,0.7899159431580318,0.8922151235532704,0.011482847710537075,0.035941163840700764,0.011483483214766287,-5.684196813238174e-08
796,0.7641091929278756,0.8750640727222718,0.011034250108974632,0.036147812510718545,0.011035296475345012,1.929278755641306e-07
797,0.5151762872780513,0.7764818039908506,0.0225187915242188,0.07590725535628383,0.022527703102848105,2.8727805134742823e-07
798,0.5676688753432326,0.7664147658583242,0.016597377150390686,0.06496994257788571,0.016599463888915516,-1.2465676735295972e-07
799,0.8357435357265196,0.923283038519565,0.013621489890429689,0.040856472192207956,0.013627541228730142,-4.642734804383153e-07
800,0.767976994070886,0.8768989953360125,0.010850191888183617,0.027200656369448798,0.010851684431030597,-5.929113977565237e-09
801,0.7328927055751078,0.8699955728033946,0.017285846563671867,0.049685528416546984,0.01729003653776023,-2.944248922442938e-07
802,0.4785691949547872,0.6970900963268646,0.01876365872323244,0.06932565110224281,0.018765492970979975,1.9495478720266135e-07
803,0.7627425690285674,0.9117389567065977,0.01965273639277344,0.05908580367174094,0.019656831793427757,-4.3097143254122727e-07
804,0.9158637084072737,0.960678923140097,0.006497255665332028,0.01673472313227028,0.0064981791813587386,-2.915927262980844e-07
805,0.6769548629314774,0.8315718568774182,0.023257399585351578,0.0652047883073448,0.023266071967145186,-1.3706852253214663e-07
806,0.8198584218099835,0.9334607741470171,0.012074085668652342,0.03588214122872867,0.012075660596836004,4.2180998349738985e-07
807,0.42746466982068454,0.6749889589321763,0.013865460486435527,0.04650728595753258,0.013866769499214842,-3.301793154442123e-07
808,0.8909648752974095,0.9466783378337537,0.00785289584861329,0.01892028135815718,0.007853292641564244,-1.247025904760335e-07
809,0.3915741545659942,0.6439671473570815,0.0248467900374023,0.07424795063191497,0.024852548407661924,1.545659942259192e-07
810,0.9523953964531978,0.978186687147828,0.00635076384697266,0.01753945782119221,0.006351546835814309,3.964531978262187e-07
811,0.6847456960727984,0.8377176831591215,0.01471284013291014,0.04039065377979005,0.014715431541006114,-3.0392720151706243e-07
812,0.6172949033146838,0.7891536292376203,0.016835472724316413,0.057302948505331096,0.016839225126725976,-9.66853161976644e-08
813,0.40011977539375,0.7082228987415339,0.01399611627501952,0.050673646005283596,0.013996426901640747,-2.246062499877688e-07
814,0.44787529858645647,0.709948339366933,0.020426019994042966,0.0749965240257483,0.020431036520422594,2.9858645644864623e-07
815,0.8564672381472731,0.9263889683505571,0.008775232490410146,0.021330026387676844,0.008775647858145975,2.3814727312387873e-07
816,0.44985834346088915,0.6923468934115453,0.019850695049218735,0.06948438252076189,0.01985316789826732,3.434608891739188e-07
817,0.9109252489107876,0.9549224269382981,0.006904821817871089,0.017413840144755107,0.006905559945577556,2.4891078764799346e-07
818,-0.2391787726293102,0.3326505797060062,0.024564332756806615,0.08118217823411802,0.024565987523937165,2.2737068980371866e-07
819,0.5055281185432711,0.7237511648192299,0.020936728854570343,0.06848227026317188,0.02093817598194661,1.1854327108817841e-07
820,0.8816149046050246,0.9543154646754101,0.011161591794531236,0.02883805273854423,0.011163023597426911,-9.539497547450537e-08
821,0.06309792511999068,0.3645918714435383,0.013785333820253912,0.05239201252434968,0.01378571964118951,-7.488000931810124e-08
822,0.7623553111128437,0.8767754705104404,0.01557227351103513,0.04458410636978415,0.015577971976802565,3.111128437094379e-07
823,0.3987416798121771,0.695999339406667,0.01847032920397464,0.05047348787472577,0.018470945554122584,-3.2018782286646896e-07
824,0.6455888297927834,0.8077176205786847,0.01786959274462893,0.05616373914785373,0.01787201115479598,-1.702072165432611e-07
825,0.57716300308938,0.819528369081535,0.017661554937207044,0.05857432121381145,0.017665736318065405,3.0893799740638883e-09
826,0.7933116344968923,0.8965533629658226,0.014953121697656257,0.05448077187047688,0.014958214736425859,-3.6550310766880756e-07
827,0.8887206844079683,0.9438886530780858,0.009983858995195303,0.023219217413863,0.009984707917528044,-3.1559203172992767e-07
828,0.671069853622412,0.875269173958167,0.014947540860458965,0.03716487489951905,0.01494842058831468,-1.4637758805058354e-07
829,0.8898418515197656,0.9449920430554517,0.007953576516992194,0.018581245239774807,0.007953930990687634,-1.4848023444091751e-07
830,0.8649638335830907,0.9721995255310053,0.01018873870815429,0.030088073928999804,0.010189545427712209,-1.6641690925300878e-07
831,0.881529213831783,0.9410674878350419,0.007526024081562504,0.019628422632226583,0.007526274903629934,2.1383178294698268e-07
832,0.673895687643356,0.8234580058345614,0.00996836359192383,0.04541372448347051,0.009969172424678138,-3.123566441054493e-07
833,0.32171173704176304,0.6536311023062059,0.013572466779375006,0.056804989791602846,0.013573053514382212,-2.6295823696287357e-07
834,0.8737754709654808,0.9365465865858063,0.010105435333203126,0.022973430875652952,0.010107809993349854,4.7096548083658263e-07
835,0.5627180857131391,0.8336498250268762,0.026041849606640625,0.07589830206739863,0.026047462808828463,8.571313903082967e-08
836,0.3917068854048036,0.6336917788588414,0.016105696645957027,0.06162529662010212,0.016107152279751066,-1.1459519644319016e-07
837,0.2500512530366753,0.5280401261073886,0.01843813336250004,0.07561659758840505,0.0184402874886554,2.5303667527953877e-07
838,0.7199633229148261,0.8492638985901795,0.01256283860348633,0.04045361414876706,0.012563931064304822,3.2291482610080635e-07
839,0.8081442003574296,0.8990372362168665,0.00904738444351564,0.025411876869883974,0.0090476891916735,2.0035742964719105e-07
840,0.8308095375660461,0.9232858376756433,0.008688007061201163,0.025701987829743977,0.008688407892992855,-4.624339539072153e-07
841,0.26717652560189664,0.5563703915041046,0.02228443821250007,0.07636132619636676,0.022290645410510276,5.256018966171006e-07
842,0.6799217002590667,0.8657151536237929,0.008059029883906254,0.032269242950995175,0.00805955449078548,-2.9974093329609985e-07
843,0.4044321963481282,0.6896148557489508,0.024729798150195277,0.08553015727206087,0.024735632076229648,1.9634812820079617e-07
844,0.5412294269154645,0.808272660373273,0.015698087087988265,0.05163527471413935,0.01570097343561727,4.269154645353268e-07
845,0.39664743941072367,0.647045667869445,0.018542729734648458,0.07243806793129408,0.01854418512847236,4.394107236405098e-07
846,0.05947720604856155,0.39251875189137864,0.017698889339414128,0.0645152038390875,0.017699186122729877,2.0604856154626816e-07
847,0.4730086333353283,0.7445237506774016,0.025244929532812453,0.08266567673533189,0.025254996219764642,-3.666646717359612e-07
848,0.35284548160334117,0.795382516087957,0.035758278312304666,0.09990209238212501,0.03576317078201767,4.816033411514375e-07
849,0.861086319368939,0.9294197120731186,0.008587679834189465,0.02254016832972973,0.00858795052458653,3.1936893896133967e-07
850,0.7944367016563205,0.9355653784928166,0.012285973108300785,0.04027540384434012,0.012287578034331888,-2.9834367942793705e-07
851,0.8229352387167506,0.9138223733892243,0.013867491962109383,0.04543627755191819,0.013869786651735936,2.3871675058906305e-07
852,0.32214956468228106,0.5896474015365101,0.028504200921874976,0.08981623972543772,0.02850736216883281,-4.3531771892757476e-07
853,0.6923539076665115,0.8520630139606388,0.01082349785247071,0.040004198802992476,0.010823801371344003,-9.233348852166756e-08
854,0.7912468516898008,0.9296242210358251,0.016095000211914078,0.0520207922355296,0.016097979049568924,-1.4831019923278177e-07
855,0.8592065577796324,0.9411734176666395,0.011889361103124996,0.038453123434011145,0.011891479476251002,-4.422203676579528e-07
856,0.4147423703909837,0.7009727414333149,0.017448776147753902,0.0619508541820242,0.01745300055927427,3.703909837171615e-07
857,0.8223229064712687,0.9197522813488304,0.00902878650382812,0.02358446541520704,0.009029251380072389,-9.352873131529549e-08
858,0.8539840147137361,0.9312244115980083,0.008967536087050781,0.022659802490285395,0.00896796470455658,1.4713736118387999e-08
859,0.5629091686371234,0.7547825032163669,0.010707563371269508,0.051514057308037896,0.01070818799036901,1.6863712337666925e-07
860,0.9543526701083525,0.9815073038391843,0.009569380284472656,0.02379961823914523,0.009571440832869453,-3.2989164755470313e-07
861,0.7729610642869134,0.8901589659247572,0.009713571092695335,0.0320080918367989,0.009713960436195065,6.428691334825487e-08
862,0.5323552912426477,0.7327950088193226,0.01888382962792968,0.06328337401120492,0.01888586023939979,2.9124264766533514e-07
863,0.48467820032464337,0.7578745777251064,0.02305795547285157,0.08081743388177262,0.0230614081600032,2.003246433734951e-07
864,0.6072243991141166,0.780881028944081,0.01355625052265627,0.042675645701742336,0.01355785034086178,3.9911411664483865e-07
865,0.7461167692566484,0.8649991351412352,0.010558784407558591,0.031277859109836825,0.010559166516974557,-2.3074335164796622e-07
866,0.21090251364531332,0.6749629049884417,0.028823838935839882,0.08782822504291776,0.028830419588666587,5.136453133103291e-07
867,0.9153563764069426,0.959982599960126,0.008211094348388666,0.017730790389670133,0.008211513364507247,3.7640694261487084e-07
868,0.9327404914699855,0.965787562940937,0.005620697110322267,0.014550826560986437,0.005621199155245755,-5.085300145424299e-07
869,0.43121520911645805,0.6674417237771241,0.022391843600390645,0.07291444360190086,0.02240241877418509,2.0911645803867174e-07
870,0.7626939570758348,0.9065896533526324,0.018503786902246105,0.05922232150596314,0.01850719343991094,-4.292416522222453e-08
871,0.7276806509127142,0.8948995836077587,0.021044654760937462,0.0649197145370631,0.02104911455050249,-3.4908728585580917e-07
872,0.6064832995632259,0.7968287861984454,0.015589610202343734,0.04648575909632468,0.015591677459201352,2.9956322589175244e-07
873,-0.1387242384133951,0.3805338346350552,0.022546790035937517,0.08233495143323101,0.022550114416650037,-2.3841339510943804e-07
874,0.8533755157681926,0.9438885432792207,0.009625655000390624,0.029966211022833984,0.009626842015040866,-4.842318074294027e-07
875,0.7950772847395081,0.9106716758183828,0.011965248749941405,0.030538685761028205,0.011966116123441506,2.847395080829429e-07
876,0.7375192598902092,0.8788407310176023,0.012823789345634735,0.03670942724987116,0.012824804900382427,2.598902091310862e-07
877,0.4827263350321409,0.8494717517221714,0.020448533740537077,0.0660046837340487,0.020449865459906666,3.3503214091901157e-07
878,0.8818065721506156,0.940188943172742,0.008136515543232432,0.02032686783365883,0.008136906004953808,-4.278493843656861e-07
879,0.517918556268691,0.7970503531988318,0.026627871941894515,0.0828057633095783,0.02663777108903306,-4.4373130902997104e-07
880,0.914878502872156,0.9590232648590032,0.007964022562695326,0.022174520435662832,0.007964790888239558,5.028721560274008e-07
881,0.5080735202355213,0.7320645958218307,0.018337985862597668,0.06728152006430431,0.018340521683649372,-4.797644787002397e-07
882,0.33473084547236365,0.6854117542713499,0.018087424081543006,0.04796586463574395,0.01808961352535474,-1.5452763635348532e-07
883,0.7701384651118589,0.8826649535555978,0.01407881064716798,0.03945285742419482,0.014081626082425696,4.6511185891606743e-07
884,0.8827350325351375,0.9398385846173042,0.006993916336865241,0.019138094701813484,0.006994247719845888,3.253513747303316e-08
885,0.7823641581278257,0.8982793664572919,0.010158790661152342,0.02859248003236585,0.010159357519572866,1.5812782572233175e-07
886,0.8726123459430092,0.9381002916694067,0.00703263057724609,0.019691136902363696,0.00703347031944451,3.4594300912793585e-07
887,0.7737250011566412,0.90855721602452,0.01943527477011719,0.0565491168979714,0.01944008853650465,1.1566412272401294e-09
888,0.9061901073814522,0.957621363687511,0.00802050469775392,0.02969507322510754,0.008021648508625589,1.0738145217459305e-07
889,0.7011319200673247,0.8515978061985502,0.00860796143121095,0.02878758584974147,0.00860881444798722,-7.993267525652215e-08
890,0.7733246811462714,0.9124696206123271,0.014192877032519525,0.04962644885964278,0.014194966772942937,-3.188537286424875e-07
891,0.8127502143034149,0.9041988009283377,0.01420365931230466,0.040747286381662584,0.014207817744490588,2.1430341490269456e-07
892,0.8995995534339019,0.9558025984397963,0.008056424194365239,0.017694986398352232,0.00805689432236698,-4.465660981001207e-07
893,-0.09727748983283835,0.3732961181537095,0.022617333424433592,0.07530175779319136,0.022617785740114915,5.10167161654751e-07
894,0.5230613826521225,0.7339502541759416,0.022209484720117162,0.07302707065611201,0.022216937291755463,3.8265212254362524e-07
895,0.7544411250816273,0.9049967253334738,0.013177223012011713,0.039388532060978164,0.013180278739696974,1.2508162727797867e-07
896,0.8808807306652864,0.955943319635549,0.008755867751074231,0.025954074391892814,0.008756756814085456,-2.69334713642877e-07
897,0.8073261097962126,0.9207740057116118,0.012773598233398454,0.04153281106168958,0.012775689534565987,1.0979621256623773e-07
898,0.4616982419331236,0.712342705989874,0.020108939354296865,0.067290044775025,0.020111469781435912,2.4193312359033214e-07
899,0.7595525176462724,0.8733980069382413,0.010375149395771497,0.03125843794582832,0.010375756318270547,5.176462724021391e-07
900,0.6265554949485541,0.7961883600131051,0.017905792160253908,0.05565759592439045,0.017911186698032707,-5.050514458870836e-07
901,0.8264325233817779,0.9094472913801589,0.008772830104492193,0.024851406522054583,0.008774090008540653,-4.766182221116466e-07
902,0.915546545396144,0.9599317517904375,0.007173821660546877,0.017963116226892884,0.007174309854181451,-4.5460385600382125e-07
903,0.5317786352891403,0.7436908557019108,0.01680541832324226,0.060716982283103925,0.016807376715415663,-3.647108597348847e-07
904,0.8318090139228531,0.9253450542202813,0.017704749210742173,0.04919676175046292,0.01770872149479073,1.3922853092651621e-08
905,0.619548225845998,0.7976870750521641,0.018048254319726537,0.05200422537451032,0.018050541070572603,2.258459980142291e-07
906,0.5037564168498182,0.7242418922273272,0.01794698655693356,0.05763856685861721,0.017950887027987056,4.1684981821887845e-07
907,0.565203642323027,0.7843653662933253,0.028534609521777315,0.07911860659484225,0.02854380940848262,-3.576769730395668e-07
908,0.5039704857295211,0.7379828973097347,0.02171171329853512,0.0635291108600594,0.021718090787661397,-5.142704788685393e-07
909,0.6482814863214512,0.8588802432926076,0.027504815545410122,0.07351317708946595,0.027510559131169128,4.863214512207392e-07
910,0.5331488348119882,0.7534905860180149,0.011618973919501951,0.049729528772295965,0.011619318092534532,-1.6518801182474618e-07
911,0.7323968150836059,0.8976516574102258,0.021847283947656244,0.06241600426993561,0.021852373367598793,-1.8491639408590999e-07
912,0.4549607957336653,0.7530226084067628,0.016769132489746097,0.05602592596560205,0.016772934199402102,-2.0426633468018096e-07
913,0.5879507978599722,0.7821742277459053,0.023725136155761682,0.0839730318055553,0.02372997815576546,-2.0214002782736884e-07
914,0.5712632590675335,0.7997791122516293,0.018420449302343735,0.06334157414579945,0.018423083396119238,2.5906753353677203e-07
915,0.7447192466812157,0.8736340932865253,0.00839391364322266,0.0361394102724121,0.008394203200590528,2.4668121567650303e-07
916,0.42340072475385515,0.6837042331139181,0.029953776272851527,0.09729949120149549,0.029967562883120222,-2.752461448762844e-07
917,0.7331307910495438,0.8779478524147478,0.01305400083281252,0.03629453763168623,0.01305808811755221,-2.0895045615976215e-07
918,0.4746321697380895,0.8790426301795992,0.013543609520976569,0.045562225549723695,0.013544557318170157,1.6973808952824854e-07
919,0.7742730178042952,0.8839607996027488,0.01568548371835937,0.04861981829210175,0.015687769018423357,1.780429526032634e-08
920,0.6889810388065312,0.852671305289705,0.021037547156152355,0.06226790408504209,0.02104477305575714,3.880653121068889e-08
921,0.7239759484875004,0.8572937232575253,0.010550268081777335,0.03457902068267448,0.010551215243056248,-5.151249959922666e-08
922,0.6323901230496776,0.8216576722909951,0.015241935429003917,0.053736694247617095,0.015243581990426702,1.2304967755838447e-07
923,0.9308775903037574,0.9758957145424725,0.006699584954736319,0.017424259424420035,0.006700047359911873,-4.096962425981232e-07
924,0.7352998580732198,0.8910663911007607,0.020723161361523447,0.06348227679056409,0.020729362940159018,-1.4192678010616078e-07
925,0.8386894611178266,0.916760697448355,0.009443838358232433,0.025894530389387688,0.009444620284484787,4.611178265889748e-07
926,0.730274353301512,0.8588107222412001,0.012615932474609381,0.041147582699008645,0.012617200618088024,3.5330151204604476e-07
927,0.5224821480619908,0.7731776379558365,0.015531450048535168,0.053192626615842814,0.015533738447815821,1.4806199077899151e-07
928,0.2937578130540651,0.764855708901749,0.02619873244033208,0.08848866288604891,0.026203326449450517,-1.869459348990965e-07
929,0.3813857291735384,0.6242000309976414,0.0168034669157129,0.06426309010738156,0.016803997193402895,-2.708264615902678e-07
930,0.8962165812155685,0.9473196918479456,0.010449263818749999,0.029508290807271374,0.010450882862207394,-4.187844315772793e-07
931,0.8458467254388333,0.9224011533575918,0.008842510224394522,0.022270680987450213,0.008842925265411698,-2.7456116669100084e-07
932,0.5260308284484192,0.7346397972910494,0.02015114504101562,0.07258768272361325,0.02015383240139722,-1.715515808298207e-07
933,0.14344593547945117,0.4907563764564475,0.028289466218066422,0.09296354789763651,0.028293322855440856,-6.452054882033487e-08
934,0.8010897911570636,0.9209655168575905,0.017550520987695314,0.05117041198290499,0.017554285340931824,-2.0884293638889773e-07
935,0.3169114446925918,0.7892580121957792,0.01570513661904296,0.04683149217522333,0.01570699755898255,4.446925918055733e-07
936,0.7534949477594017,0.8691528481587297,0.009230103014228512,0.03215295730189597,0.009230778462780974,-5.2240598291675155e-08
937,0.812267448112882,0.9027592806662289,0.01225015520032227,0.03208560693084913,0.012251169156698912,4.4811288202328825e-07
938,0.4785747336212762,0.7052920956510986,0.02137912252949217,0.07021346319162688,0.021384742903976253,-2.6637872374557503e-07
939,0.7240197637935626,0.8916410898193201,0.008164551914628908,0.029975507215609678,0.00816472732162997,-2.3620643740951408e-07
940,0.7395054659045781,0.870611741987156,0.021572880542675796,0.06080058644890572,0.02158139223514078,4.6590457813966424e-07
941,0.7237716938387705,0.8567855951946136,0.01508487852060546,0.04565727431831222,0.015088178794164735,-3.061612294796845e-07
942,0.6311661818150218,0.8542701528877885,0.02870733145908202,0.08252721923154556,0.02872124877673977,1.81815021815801e-07
943,0.3751840740005621,0.6783278108471013,0.019605498471484375,0.0621050815212191,0.019610427462219037,7.400056206696703e-08
944,0.6823008411578078,0.8541319316738338,0.016930212644238274,0.050704001975235585,0.0169335452116565,-1.5884219228823326e-07
945,0.5094697604966311,0.7409243884370296,0.016304345089853536,0.05449058025601635,0.01630517401473587,-2.3950336891509494e-07
946,-0.15148926217798597,0.05541732796335349,0.017762188165175774,0.07898830835798118,0.01776258500672532,-2.6217798596017694e-07
947,0.7936075410977541,0.8909750024489757,0.011034400562900394,0.027108494483664414,0.011034783569534351,-4.589022458700853e-07
948,0.5305787004315601,0.7317292780144157,0.01624403741533203,0.05400920026676501,0.01624789670837121,-2.995684399431653e-07
949,0.8476846049079115,0.9239210848261966,0.009327379908203134,0.024128214017983308,0.00932959067319895,-3.950920884898679e-07
950,0.7619672496454888,0.9275363099203704,0.020392064253320318,0.05838494430047825,0.02039760980453166,2.496454888367694e-07
951,0.3336411282675974,0.5898685657075139,0.02305408747460937,0.07697564522905272,0.023057498905356414,1.282675973768299e-07
952,0.5633485220422634,0.79444704270011,0.016731037949999982,0.059560514118330916,0.016733930058398044,-4.779577366109677e-07
953,-0.1251153198850783,0.41768210223548485,0.017139713443408196,0.06097596641207324,0.017140228988415527,-3.1988507828706325e-07
954,0.7709089248791733,0.8800724564390353,0.01271323506243165,0.03258853985120131,0.012714084137068449,-7.512082667027187e-08
955,0.28273427440154564,0.5871896410273733,0.018600292645351523,0.062105801466085624,0.01860092926382966,2.7440154565239183e-07
956,0.3626021908559677,0.6422444155251306,0.02177546038330077,0.06819117698894035,0.02178084072142512,1.9085596769663482e-07
957,0.7255003582123702,0.8594697303806453,0.01260602231147462,0.03864161342775196,0.012606722503592334,3.582123702106088e-07
958,0.6645733959251247,0.8406855870968648,0.01229267893027342,0.038381920730993696,0.012294083803506039,3.9592512468544783e-07
959,0.811689071285151,0.9276255351453085,0.008602163681435557,0.028561196823643706,0.00860231371086204,7.128515100429667e-08
960,0.7263893555605627,0.8563309160752911,0.011079301937236318,0.028485252973628417,0.011079584498217837,3.5556056277030734e-07
961,0.8216758860054065,0.9306145492187088,0.006914209962353514,0.024172465936274458,0.006914529279671802,-1.1399459343142126e-07
962,0.7331430289055128,0.8704248485287532,0.014860502158203118,0.041508022927115126,0.014867239363685239,2.8905512761134844e-08
963,0.893712207821415,0.9632008730980245,0.007010253328671868,0.022024782246941852,0.007010796496720599,2.078214150769142e-07
964,0.7250488751604678,0.8573008570644874,0.012854194250488251,0.0372882500640157,0.01285702495981671,-1.248395322672735e-07
965,0.3467517632622218,0.5942538890661081,0.01443449265999999,0.05634201385153787,0.014435147922464614,-2.3673777821420217e-07
966,0.35758546455282836,0.6172280956450726,0.01584588185283201,0.058265452482051325,0.015847546902288127,-5.354471716567666e-07
967,0.8633767464527269,0.9345852595342267,0.013392588024902336,0.03958059156540328,0.013394910025857862,-2.535472730658128e-07
968,0.3496654405399585,0.6549185582580904,0.024279880645703106,0.08657513303716877,0.024282516092737443,-5.594600414604578e-07
969,0.4406190713319855,0.6655619986701784,0.016331186831347648,0.05079294312656516,0.01633412138692778,7.133198554054587e-08
970,0.8901119292837537,0.9442370586418553,0.009061699815039065,0.03162912823723189,0.009063013926681995,-7.071624630317075e-08
971,0.9282224886446043,0.9648637958555847,0.00517909707041992,0.015238802329381775,0.005179346756523738,4.886446043350645e-07
972,0.44715109201112435,0.688931430607265,0.01596462373378906,0.06506785290836019,0.015968175166126416,9.201112433077085e-08
973,0.33955591964422294,0.589430386654057,0.020337748938378895,0.0721061784704227,0.020341912578002715,-8.035577708787045e-08
974,0.8156291129061867,0.9065318322249732,0.010859025679755887,0.030989082262052027,0.010859836971804546,1.129061866222969e-07
975,0.3598604141258376,0.6904286380879954,0.023036790476015638,0.07419528416631077,0.02303840437061243,4.141258375667256e-07
976,0.664568309186736,0.8175184609098145,0.013361489824970691,0.043212030547517884,0.013362380570746827,3.0918673599167334e-07
977,0.2630125248839661,0.5353688140145401,0.018914797921972634,0.06260291056561788,0.018917535489883897,-4.75116033904488e-07
978,0.13434203578966286,0.563832404465838,0.02084928361074216,0.07523708430208456,0.02085364088307793,3.578966287220986e-08
979,0.49498711629893044,0.7170871313516123,0.01511362192958986,0.05658848261037618,0.015117890912066664,1.1629893043041406e-07
980,0.5288150871683178,0.7618855652304118,0.022769893235253916,0.06636338019501063,0.02277264512495884,8.716831778610157e-08
981,0.8326539753583097,0.9154705166912804,0.008490190060253904,0.025142126746488913,0.008490654683821755,-2.464169035487629e-08
982,0.7383618850631819,0.863944302015297,0.01600059630146481,0.058509948833412206,0.016003057025931154,-1.1493681806307166e-07
983,0.23138208261524962,0.6636553614741795,0.017946006949824216,0.04808254315506336,0.017947169044813374,8.261524961361566e-08
984,0.23620615016568824,0.49206535104133886,0.01392694836853515,0.054327382368097143,0.013927605093973349,1.5016568824521848e-07
985,0.8194507649853608,0.9055153770656251,0.00994634940224611,0.026135264809823002,0.009947690443431405,-2.3501463919384236e-07
986,0.964918219985894,0.9831114336741484,0.007162272538574216,0.017964478216019868,0.0071633816019673596,2.1998589394556234e-07
987,0.6142203854397728,0.8018284219248032,0.01551892816240235,0.051404415045120784,0.015521147560782246,3.8543977276539465e-07
988,0.5364424025032741,0.734641315195173,0.018137988598828116,0.06596057118473604,0.01814305586724517,4.025032741550305e-07
989,0.7145755854738955,0.8781546014557199,0.020015789597265604,0.058884829210172275,0.02001948327400954,-4.145261044419257e-07
990,0.45980982206233134,0.7727697404646615,0.019851566899804666,0.0698580961748522,0.019856814446258607,-1.7793766865503713e-07
991,0.35681330599436345,0.6560774185462408,0.025350297034863356,0.07840430296739001,0.02535758288968834,3.059943634586837e-07
992,0.4835629021086191,0.7023050371885524,0.017691148124218747,0.05752335732117289,0.01769405233395977,-9.789138094573602e-08
993,0.9289193581584728,0.9652992542759359,0.007920167802343735,0.022806297721797247,0.00792130185077042,3.5815847276854385e-07
994,0.880956811540681,0.939368763371826,0.009125161097363275,0.02290536109707956,0.009126356201008882,-1.8845931903932467e-07
995,0.6948614254902361,0.83484600757741,0.013884179733007826,0.03679112498608854,0.013886447569031022,4.254902361555679e-07
996,0.8863092046608547,0.9478611233734513,0.00857433966389648,0.018053839624340807,0.008575166672521757,2.046608547079387e-07
997,0.926364013914149,0.9641698934955046,0.006096587092353521,0.01673413528201685,0.006096930559522311,1.3914149055160863e-08
998,0.49845277615730077,0.7239749586421752,0.027775186280468777,0.07819942898046044,0.02778273339331651,-2.2384269920960875e-07
999,0.5593443561158995,0.7525702924135528,0.017579399532031234,0.04742897230757245,0.01758165593889828,3.561158995468716e-07
1000,0.7326156992257822,0.8597504172593919,0.0169505726512695,0.05308515106573456,0.016954622769861302,-3.007742178651185e-07
1001,0.9214243279981961,0.963206958825838,0.008907565130859385,0.023990422294125683,0.008908638858811666,3.2799819604800717e-07
1002,0.5480470630699177,0.7784480248109401,0.022547181176464808,0.07767113671972753,0.022554436289051228,6.306991773286086e-08
1003,0.7558486857661423,0.8715379867303151,0.010975167257695312,0.029054985765310553,0.010975653555648132,-3.1423385771223167e-07
1004,0.5084106466009173,0.8104617653222667,0.03595005470751954,0.09755230896041053,0.035958884818022,-3.533990826642963e-07
1005,-0.034524123265119666,0.47625580933853895,0.019061506407509768,0.06345545136949308,0.019062258767985556,-1.2326511966698206e-07
1006,0.8085458244352849,0.9190539075998586,0.010027450420419925,0.02376583421252299,0.0100281523525765,-1.755647150991635e-07
1007,0.9189507983244849,0.9586268200945565,0.006195625824140623,0.01612050213529141,0.006195794284441487,-2.0167551506578008e-07
1008,0.6273445869183564,0.7944706635690031,0.012238467253378895,0.04726778726271451,0.012238976922318769,-4.1308164366871125e-07
1009,0.37239141317664093,0.627609765488324,0.014754877829677755,0.05660279869721891,0.014756167022868341,4.13176640901014e-07
1010,0.49405244651906,0.7220667861156955,0.01995742592871089,0.0647768203237941,0.019960118317134498,4.4651906000447994e-07
1011,0.36919707594239515,0.6226167869902179,0.018850129439384765,0.07154152664810652,0.01885103747708261,7.594239515018586e-08
1012,0.9264747500324403,0.9629736724270895,0.00610934110794922,0.014631987731780665,0.006109560248711001,-2.4996755976225415e-07
1013,0.6981005132004432,0.8383394966519807,0.020266180929785157,0.05991572141127075,0.020269968484881384,-4.867995567758854e-07
1014,0.8281333936400395,0.9179817046225599,0.008520535605566393,0.03435428872450685,0.008521460033150147,3.936400394533024e-07
1015,0.5432073516122342,0.7769974459698658,0.017378894943261714,0.05431204081227646,0.0173829138051401,3.5161223421731336e-07
1016,0.734753531176286,0.8667434504700774,0.01328063659003908,0.03778790765005075,0.013283172196183168,-4.6882371407264145e-07
1017,0.6206343977428546,0.796497157344552,0.018022743830605474,0.0496257325230213,0.01802363725112936,3.9774285454097225e-07
1018,0.7616441551773545,0.8847773919701798,0.011419432605947265,0.034783519446368705,0.011420153191689911,1.551773545216406e-07
1019,0.8701542199103101,0.9359951418706003,0.008284473621044926,0.021428698149543155,0.008284830669492598,2.1991031007306816e-07
1020,0.33409784506440954,0.6828153194885419,0.017126703059306646,0.04595670373183313,0.01712772202277289,-1.549355904684191e-07
1021,0.4733558033872832,0.7917551666105384,0.025492274898828104,0.07954314233269076,0.025496358859696804,-1.9661271677406944e-07
1022,0.6614910096289535,0.8425705450939116,0.019498252253222673,0.07168857104739744,0.019501561506347336,9.628953412388341e-09
1023,0.4603792307157495,0.6973894304262004,0.01541789389152344,0.060232411510358706,0.015418705408518127,2.307157495051726e-07
1024,0.889065446648538,0.9435037313284044,0.007325796597265627,0.02106463948020418,0.0073270070796493435,4.4664853804388116e-07
1025,0.820355592249313,0.9128004802554943,0.008955887896582014,0.027810264078627148,0.008956897399825877,-4.0775068699261396e-07
1026,0.8078782195241567,0.9009380036320286,0.013044619217285147,0.03445966539986344,0.013047724533971513,2.1952415674153514e-07
1027,0.7521737172512841,0.8707782517137093,0.010958442373808566,0.035385759228975154,0.010959267196861489,-2.827487158851838e-07
1028,0.7895402723393927,0.8924164842523069,0.013549228256250006,0.04711396865926904,0.013551167490653288,2.7233939270399077e-07
1029,0.5931586554204953,0.7824953520124003,0.018840331169921835,0.06098569714225104,0.01884303813063082,-3.44579504707454e-07
1030,0.5708894173469742,0.7984292633937244,0.01982476553691407,0.06158047026617258,0.019827269617965014,4.1734697420192646e-07
1031,0.32916432812737517,0.608168494014629,0.02117783353476562,0.07546396901491706,0.021181790769871724,3.28127375159859e-07
1032,0.5348618820786641,0.7993516092957355,0.017187971392382838,0.06475214469757958,0.017190348822782132,-1.1792133580712516e-07
1033,0.6901485617353197,0.8449040123239183,0.01620175756142581,0.04965742465177813,0.016204924272630424,-4.38264680324707e-07
1034,0.2773882952433899,0.537200760016113,0.014807281344531251,0.06157107533672002,0.014808951859460386,2.9524338990283283e-07
1035,0.9128971975901904,0.9556454975202866,0.006140673279726571,0.017088780307936976,0.006141043233795769,1.9759019043164017e-07
1036,0.4032239299443082,0.6906341817343025,0.013731134017792983,0.05415967036488178,0.013731441086183072,-7.00556918031836e-08
1037,0.374647241749246,0.6269794933090865,0.021900200561289045,0.0710790648085524,0.02190116799457449,2.4174924601050307e-07
1038,0.4523517391433428,0.6838078398802974,0.023427267879199184,0.08168279292661526,0.023434871384150437,-2.6085665716379935e-07
1039,0.9082281021225522,0.9534671733853699,0.009029421411914075,0.0287560061915946,0.009030666142945088,1.0212255219244071e-07
1040,0.8170726000880217,0.906538898281983,0.015696495887597632,0.04874785264089802,0.01570070694437584,-3.999119783104632e-07
1041,0.6500785000029685,0.8263774381095127,0.017794407108789066,0.0698317584690573,0.017800895857525346,-4.999970314445434e-07
1042,0.5826713226131366,0.7708152241853632,0.01291144021345704,0.04726274933159844,0.01291271008397276,3.2261313653858537e-07
1043,0.8454370430113828,0.9458303466988552,0.009425826464472653,0.022419529455432373,0.00942628204978665,4.301138278872685e-08
1044,0.8945506234485104,0.9505967976439631,0.005864233485722652,0.019251337872952107,0.005864494669906808,-3.7655148954485185e-07
1045,0.7841688933576254,0.9246208068576471,0.020434607020996115,0.06053972502222763,0.020440739287752065,-1.0664237459767634e-07
1046,0.678642059235895,0.8290622319831157,0.01588363271572267,0.04384486908786559,0.015885974708721298,5.923589507794702e-08
1047,0.4649536831891663,0.6853666558749719,0.02216061553847657,0.06773075451616101,0.02216514527627718,-3.1681083367818275e-07
1048,0.7293114072737392,0.8566868333813965,0.01293267960966795,0.03694868630058605,0.012935217024525696,4.072737391780379e-07
1049,0.37825999924977094,0.6291375963239016,0.02296760908874997,0.07905552743919039,0.022968843071468906,-7.502290455541072e-10
1050,0.8237851419787162,0.9106506675814653,0.009940912342626947,0.025227024541978,0.009941614520650031,1.4197871622823044e-07
1051,0.8933884768857601,0.949082208337925,0.013719724803808593,0.031269087462643605,0.013722123071401849,4.768857601034071e-07
1052,0.5969135835489412,0.8329063800101555,0.02828257264179686,0.08044417671118215,0.02829485323341642,-4.1645105874899e-07
1053,0.5762761669304226,0.7622380661755085,0.01694793104531249,0.05127587205148409,0.01694991984551265,1.669304225959678e-07
1054,0.6457111399638439,0.8050911085461028,0.012282115419628922,0.05236025547200612,0.012283402287812923,1.3996384384817873e-07
1055,0.4191221679264673,0.6578448119628841,0.02026494255800784,0.06794415901746856,0.020266985743775116,1.6792646728713834e-07
1056,0.5271770687566601,0.7307799896344708,0.01197245958640624,0.050510208766037325,0.011972706829506985,6.87566601431655e-08
1057,0.9192366247061793,0.9662623634208327,0.007436198898730468,0.0157688160325548,0.007436336890223611,-3.752938206869061e-07
1058,0.696647607959227,0.9199105503254067,0.024903034440820357,0.0688226285000128,0.024913038871983637,-3.920407730673148e-07
1059,0.5769371563424357,0.7747354329138871,0.016012829295019532,0.057262853005009044,0.01601490835843008,1.5634243566431394e-07
1060,0.6462179731657538,0.8089397956456696,0.012802485771923834,0.038771477212190285,0.012803199477444497,-2.6834246158458086e-08
1061,0.6083521233027034,0.8372852376665281,0.02095107333261719,0.059664099311663964,0.020956124605274497,1.2330270338090088e-07
1062,0.9147677970202907,0.9618670599552379,0.0068880034132519615,0.017627811765305274,0.00688834103254424,-2.0297970937388499e-07
1063,0.6645574274770191,0.8202130434591358,0.014506037146679694,0.059458790233755866,0.014508762752694282,4.274770191159405e-07
1064,0.09559133997178426,0.4904569290459755,0.014238612558876948,0.056653714546150064,0.01423904159729039,3.399717842661465e-07
1065,0.6204623458667197,0.8387513431323578,0.021658898916796884,0.06604900333366227,0.021662336686304327,3.458667197087095e-07
1066,0.914122509728221,0.9609357256633319,0.009217161790234386,0.0289935066476409,0.009218746028051807,-4.90271779063356e-07
1067,0.8693393426481162,0.9419099420558956,0.011231734457353502,0.029285100122733814,0.011232663839872094,3.426481162138728e-07
1068,0.5495160365551095,0.7729369647958312,0.018742950802929648,0.05924024685333583,0.018744038953059716,3.6555109494962323e-08
1069,0.22980754249484592,0.5015048901717923,0.014137263662597642,0.05638856637395594,0.014139237613282356,-4.575051540944841e-07
1070,0.5518841724282759,0.7612998845941467,0.01506945082072265,0.04876465533704936,0.015070115847453663,1.7242827587971021e-07
1071,0.8348990247544316,0.9424799801845215,0.01724482002275393,0.0504791544957309,0.017248647000762365,2.4754431615647832e-08
1072,0.6407036612008903,0.8079482538801078,0.013361638642773429,0.04710901274772064,0.01336330634064216,-3.3879910976697403e-07
1073,0.5459786267183258,0.762381763210558,0.017045188116992176,0.055171429209753306,0.01704886721821081,-3.7328167423744674e-07
1074,0.8472767973549337,0.9234098417025074,0.009609820644726543,0.034739209988630046,0.009611703946619117,-2.0264506628286938e-07
1075,0.8560179959677628,0.9270786570947595,0.00755773018867188,0.02413689648543304,0.0075581624934966726,-4.0322370997714074e-09
1076,0.7687350115746863,0.8839861207989799,0.014064796736914053,0.03675490194551287,0.014068341500344207,1.1574686320514616e-08
1077,0.46402565156521325,0.6881877497055386,0.02291200175683594,0.08030715958149552,0.02291856619799177,-3.4843478674551065e-07
1078,0.847235949934016,0.9235764449410313,0.013836926996386716,0.041665246419175246,0.013839405815264445,-5.006598402523821e-08
1079,0.5945827211976891,0.8158881765282178,0.014244469581894511,0.0490139746789081,0.014245726755599196,-2.788023109046023e-07
1080,0.7733429265564785,0.9121177719452581,0.020625321061425773,0.06029270048546339,0.020630214356410118,-7.344352148663802e-08
1081,0.33823521264728384,0.5822839228784623,0.01754275422578129,0.06507853826178892,0.01754502729284625,2.126472838370752e-07
1082,0.07214340502372207,0.35753652731314295,0.008670833484541037,0.051765941143426954,0.00867096968839303,4.050237220748487e-07
1083,0.6695868465260937,0.8539608460055538,0.016772300192285136,0.04655419139502626,0.01677399357558117,-1.534739063613344e-07
1084,0.9122995725854666,0.9578821048366941,0.009035338125488295,0.025280914810107403,0.009037283893378318,-4.2741453343264624e-07
1085,0.9456964655002921,0.9730663178776873,0.004658485556445303,0.013548805247619288,0.004658698199882831,4.655002920905815e-07
1086,0.3970958221760883,0.6323075416108035,0.020313761180664018,0.06339056146090266,0.020318485240673565,-1.778239117067315e-07
1087,0.6846450824450508,0.8367119105187105,0.02154347361865237,0.06620694739955696,0.021550699529413322,8.244505089738396e-08
1088,0.8289490254185271,0.9121280743305703,0.011361176427939455,0.025611925237620996,0.011361662388735911,2.5418527060949714e-08
1089,0.31525946820412964,0.5741127176126395,0.019843190665429736,0.06432552919851572,0.019845520642672653,4.682041296333317e-07
1090,0.767601138878363,0.8774448745141096,0.011948142923437504,0.03350341059070986,0.011949815007277305,1.3887836303183576e-07
1091,0.6997404902258954,0.8554595748466314,0.02625971832666011,0.07472394279764613,0.026271790955468652,4.90225895322105e-07
1092,0.2724454979674579,0.5412678825926374,0.029620829182128883,0.08898407615322,0.029631056207839266,-5.02032542148978e-07
1093,0.45525357412968515,0.6794761842229893,0.021680390240039038,0.06421549060461958,0.021684817605396232,-4.2587031484631055e-07
1094,0.5158227895258896,0.7194416534024956,0.019821303178076153,0.061133479062698254,0.019822592542176123,-2.1047411047359077e-07
1095,0.5303926482189325,0.765557548846064,0.018303485231064474,0.060125631030509684,0.01830495365298212,-3.5178106749800264e-07
1096,0.8182686195691822,0.910115002955879,0.009984639859179693,0.024837882797041386,0.009985664327427134,-3.804308178478877e-07
1097,0.8917192393507218,0.9503162441717062,0.0074231149272460896,0.019626644329917075,0.007424068139732483,2.3935072179792627e-07
1098,0.5867122071538307,0.8008074204956824,0.03082984693740237,0.08593613607833384,0.030837137570647943,2.0715383064473514e-07
1099,0.6597058793551078,0.8156139062908422,0.01408270082050781,0.05441717970231823,0.014085082367081173,-1.2064489218754915e-07
1100,0.503509288404928,0.7634798426945942,0.02348626401201172,0.07873299953922293,0.023493203667093624,2.8840492805048967e-07
1101,0.719783505565825,0.8557630027731056,0.018100006194531258,0.05661488102739048,0.01810348724167901,5.055658250929795e-07
1102,0.7423021299798735,0.8874805092730981,0.018825724962597656,0.057642465546782734,0.0188292144943055,1.2997987353102758e-07
1103,0.4382185483638298,0.6796644943183922,0.020653907999121077,0.06706814473948007,0.02065798600744106,5.483638297887339e-07
1104,0.8271830160660253,0.9172891938106049,0.013540736752636697,0.047841055200899936,0.013544794228486824,1.6066025287919672e-08
1105,0.5394176732928764,0.8011859659061805,0.017735934791025396,0.0531214636397186,0.01773767516772342,-3.267071235768526e-07
1106,0.5218953293748274,0.730375352088751,0.02027015558281248,0.06502151667955804,0.02027448031396122,3.2937482741246527e-07
1107,0.568185307179688,0.7634481156060338,0.01654485242578124,0.05780694536253771,0.016549248602933542,3.071796879083877e-07
1108,0.5505558128735695,0.7441636530829737,0.021583388677636716,0.07577551887496878,0.02158570018665834,-1.871264305730591e-07
1109,0.6514156957521613,0.8390154326295627,0.019204831916601574,0.060066975767769405,0.019208395066202994,-3.042478387005332e-07
1110,0.795017893101709,0.8972738179202939,0.01177725529179689,0.03996868924013383,0.011778829373328439,-1.0689829099685966e-07
1111,0.4011627006711339,0.6476819844166147,0.02078161426933596,0.0693977602169167,0.02078525818699039,-2.993288660824156e-07
1112,0.6870129784581329,0.8715095578295311,0.01240169457646486,0.04525539954473511,0.01240378878254775,-2.1541867067931264e-08
1113,0.9410200200110724,0.9740318018342466,0.008187548918750004,0.024417930218276977,0.008188840230068026,2.0011072465742075e-08
1114,0.871589935688081,0.9404894577842933,0.013446334592773425,0.038301657121494005,0.013448779138355944,-6.43119190124608e-08
1115,0.8647144392319016,0.9310140413945515,0.008840370017490237,0.0217543428748734,0.00884078907610851,4.3923190162775683e-07
1116,0.7190348537633646,0.8498626168907077,0.01682433966708986,0.05472568445602572,0.016829206618107433,-1.4623663535662246e-07
1117,0.47716639098851654,0.713305744935194,0.0199293148107422,0.061061449248124205,0.019932926425788602,3.9098851656316214e-07
1118,0.8042687862775509,0.897467086318245,0.010495258997919905,0.028326328923468737,0.010495700843834888,-2.1372244907169602e-07
1119,0.5058084873826687,0.8472023212798585,0.03190385473623045,0.09355851902020035,0.03192721399180991,4.873826686679905e-07
1120,0.8044527753462682,0.903400134491959,0.010861399211435559,0.030756985020013703,0.01086237037523692,-2.246537317285302e-07
1121,0.6712866718794002,0.8566442856806038,0.012397195018193365,0.04277207248343865,0.012397877164272396,-3.2812059980180663e-07
1122,0.7509241305690464,0.9056228687852135,0.020011996784863297,0.05721807017414687,0.020016184741172414,1.3056904635266875e-07
1123,0.8679918121162192,0.9384964284901478,0.00888145371457031,0.01971863498178247,0.008882277792585248,-1.8788378075562662e-07
1124,0.34215625352179024,0.6196299416537432,0.017349722779248074,0.07511173002654234,0.017350248859613795,2.535217902277509e-07
1125,0.5761883911635417,0.7927636955593647,0.030383090403515594,0.09039187992816886,0.030397824076856525,3.9116354166868206e-07
1126,0.4135670173226159,0.6697921254045585,0.018434993177539064,0.05979719602665435,0.018437921458724464,1.7322615897263915e-08
1127,0.7971094915252182,0.9322915362993758,0.01509038393222655,0.04398218025913227,0.015093361953665533,4.915252181936225e-07
1128,0.7266251189089326,0.9104842518490324,0.013656956302587883,0.03712832887112519,0.013658149396843457,1.1890893258925672e-07
1129,0.4136335907337768,0.8078284222714804,0.03918126081738272,0.09930830334030562,0.039195113177799085,-4.0926622318915307e-07
1130,0.8075299854051077,0.8993594543756266,0.009914255672363296,0.02497377707366683,0.009915263128537891,-1.4594892294716999e-08
1131,0.8499662471746119,0.9266215834554961,0.008413164371679703,0.02113179942305422,0.008413543682750834,2.4717461188927814e-07
1132,0.6936621975272231,0.8438464552452823,0.012939045762958986,0.03833602647529725,0.012939783157723473,1.9752722313359783e-07
1133,0.7933271990240373,0.9004220994431285,0.014069346661718768,0.04171204061364768,0.014072431841164168,1.9902403725069462e-07
1134,0.808647668347144,0.9018850932159619,0.011297851095507808,0.030269923555961028,0.011298661082397478,-3.316528560670662e-07
1135,0.8758570110367194,0.9379477687103966,0.007083923388046882,0.020166072340340697,0.007084173690888967,1.1036719427259811e-08
1136,0.5853336523692261,0.7928014324341969,0.02268173796601561,0.06731650634122112,0.022684662025756128,-3.476307739447293e-07
1137,0.44953932434227195,0.73889957553991,0.022160810488476596,0.0772278804208971,0.022169479340172858,3.2434227192901233e-07
1138,0.8113009739083059,0.9133855093601257,0.017210676238281247,0.05393911501840347,0.017216558926424385,-2.6091694138585808e-08
1139,0.39351399661784237,0.6576627493836469,0.023434028029179665,0.06971990113896019,0.023436241382501465,-3.3821576095327543e-09
1140,0.9104980663257232,0.9548420016305711,0.009352012701464836,0.03256147660606911,0.0093536349004949,6.632572313591822e-08
1141,0.764465481144808,0.8978543532648818,0.012683279259667952,0.03876224619758501,0.012685353261647749,-5.188551920332074e-07
1142,0.540310180479882,0.7404862968333507,0.02015461203339841,0.0698186817277389,0.020157309510761643,1.804798820392861e-07
1143,0.5129145113611542,0.750501818126159,0.017956810106542962,0.05786645061450031,0.01795935248097042,5.113611541984753e-07
1144,0.5836400418028651,0.7950817810401326,0.026609253498437516,0.08562253473760147,0.026625900932956973,4.180286505839348e-08
1145,0.5138191113874051,0.7494839085098646,0.015690522135576188,0.05564026119486043,0.01569163181215794,1.1138740507732336e-07
1146,0.9055514619347136,0.9543802661637937,0.006696384340361321,0.017101764014945793,0.006696660530396743,4.619347135914609e-07
1147,0.557218594595585,0.7628315748993508,0.01395394086226562,0.048640750495855936,0.013954755675146684,-4.054044150381131e-07
1148,0.7102069482001758,0.870226228867753,0.012341968400009753,0.02962622427788855,0.012342552760885578,-5.1799824207776624e-08
1149,0.16970608732872117,0.44275980018693184,0.01984922492177737,0.06801377652454861,0.0198509212371901,8.732872117112045e-08
1150,0.4304704289732112,0.6738129528954371,0.019008164542675808,0.06082746236571066,0.01901370487769078,4.289732111750766e-07
1151,0.462958961955386,0.7915496404506815,0.021923768641542923,0.0648277762655579,0.021925587942197598,-3.8044614014687284e-08
1152,0.29383065472922687,0.5554420388722874,0.02165227408436518,0.07025620836226341,0.021652847178499534,-3.4527077313883936e-07
1153,0.2143762047102017,0.5384030276216846,0.032342100272265646,0.09723678117692398,0.03234891629891614,2.0471020167889264e-07
1154,0.8314581873945166,0.9199309274561498,0.008096968231503904,0.024674174772178717,0.008097359591225274,1.8739451657090456e-07
1155,0.6660561890373783,0.8335175238938998,0.011793174154863275,0.04541996800704634,0.011793737895534681,1.8903737830644474e-07
1156,0.8476293244605295,0.9254753451843547,0.013127234445410202,0.0382427934159414,0.013129394280661068,3.244605295549263e-07
1157,0.6189202928988022,0.7908789919027905,0.022796214047167983,0.07294905454521321,0.022800227272491782,2.9289880221217146e-07
1158,0.710479686114293,0.84296484937907,0.009854120953750002,0.03551636868285506,0.009854329548621194,-3.1388570698176466e-07
1159,0.46308264870416826,0.7465905867628564,0.02647725402254884,0.08475337169951422,0.026478794254557222,-3.5129583175752543e-07
1160,0.9486237867837075,0.9750043602597693,0.006932294753515614,0.02294317587044812,0.006933379639534613,-2.1321629251058738e-07
1161,0.47081001592453975,0.764053697825488,0.029327327717578074,0.09625420564899158,0.029338247507182637,1.592453974241792e-08
1162,0.7950344999543804,0.8954702881961583,0.012400324263671892,0.04105762965915448,0.01240172675758849,4.999543803396733e-07
1163,0.4279848065549311,0.7489199372057362,0.02964403389882812,0.08773004744465969,0.029652997816219374,-1.934450689078382e-07
1164,0.5861145243964458,0.8072472301835221,0.02286060113320314,0.07081700178611516,0.02286818271329081,-4.756035542063941e-07
1165,0.5444721525765478,0.8407121710712802,0.035986203320800735,0.08892456826690169,0.03600703835425856,1.5257654784051056e-07
1166,0.8966651818607005,0.9515900775735325,0.009134883766894508,0.025339972956315605,0.009135924938012106,1.8186070049885927e-07
1167,0.9280890203353471,0.96395544439086,0.007835297158496093,0.024407484974782963,0.007836374157631183,2.0335347072908405e-08
1168,0.1168246322269979,0.4498912747525214,0.019477145951601552,0.07566667823685559,0.01947758030495354,-3.677730020940073e-07
1169,0.6109543827278493,0.8311652392950512,0.019007047275293006,0.06682518918164985,0.01901048577979899,3.827278493018227e-07
1170,0.9042129991220781,0.9524046890356267,0.010135838613867198,0.02999186733287446,0.01013753169114496,-8.779219573540331e-10
1171,0.7723612818903789,0.8910840899218538,0.010950587988945323,0.026375758150174095,0.010951276973423343,2.8189037892811797e-07
1172,0.5319370563511763,0.8633226782234762,0.036476145393457005,0.08896024006716946,0.03649102319961315,5.635117628077779e-08
1173,0.621347461729497,0.8422290352551428,0.010955808054609379,0.032345388547613575,0.010956001599389472,4.61729496969987e-07
1174,0.44257003090027025,0.6906784259616032,0.022722913589160162,0.07430630209570852,0.022726832615539802,3.09002702314487e-08
1175,0.6027799362434747,0.7807134744894693,0.014920844073828142,0.05467723960511058,0.014925162841335654,-6.375652528145537e-08
1176,0.9222971012422001,0.9855665930549377,0.009759347339355457,0.02448606313228496,0.009760642483886965,1.0124220006790807e-07
1177,0.7036868851962531,0.8532485248741185,0.013351056626660184,0.048428089998953754,0.013353902440753795,-1.1480374684236239e-07
1178,0.6891459806012208,0.8553318712659471,0.012114336608154285,0.029392342878180655,0.012114672266834702,-1.9398779249613085e-08
1179,0.33234899840590937,0.6063160013000645,0.024528956148330096,0.07726839907736559,0.024530450522770364,-1.5940906372691188e-09
1180,0.8061740035623494,0.898202974347846,0.008886717292080086,0.024435590613607002,0.008887093255316867,3.562349415453525e-09
1181,0.8203707345919392,0.9163939675907086,0.015643088340332026,0.050774127622782286,0.01564633552135005,-2.6540806075114887e-07
1182,0.7481585823489371,0.8652765848840592,0.013341735019257821,0.03672683344025392,0.013342349743605757,-4.1765106295610366e-07
1183,0.570634576215367,0.7837988366843427,0.01816821009638672,0.0637799273121481,0.01817056209576145,5.762153669763848e-07
1184,0.654154836195388,0.8169918975288722,0.0210751759731445,0.06667956520840397,0.021080169234939196,-1.6380461209664077e-07
1185,0.7193687430280533,0.8582819988403798,0.010888182276474579,0.043082805896768724,0.010888726948671837,-2.5697194672158474e-07
1186,0.9209564549657153,0.9756731246216475,0.009688550987597641,0.029243162117937815,0.009690177463535522,4.549657153241071e-07
1187,0.606365685326661,0.7829252419952679,0.01712366872216798,0.06134908445010178,0.017125794185645984,-3.14673338941418e-07
1188,0.473441010101343,0.7059161955959082,0.023404693987792963,0.06892100343009325,0.023409946528997555,1.0101342984292216e-08
1189,0.6654696076486355,0.8223711685631789,0.014405611034111322,0.040248211247559854,0.014406364628451889,-3.923513645087695e-07
1190,0.9111379158147073,0.9581522483537661,0.012561107951074211,0.0364818154436393,0.012563997156552733,-8.418529273690467e-08
1191,0.6792857966608097,0.8622480362180195,0.021494494897949214,0.06141200558303788,0.021501914161383088,-2.033391902633852e-07
1192,0.4976270067534956,0.7357148628233552,0.026754696825976525,0.08532979470369251,0.026758858138819865,6.7534955960901755e-09
1193,0.5406968880225649,0.7487438585569179,0.012575872469999999,0.048448347605212626,0.012576127137580625,-1.1197743510216185e-07
1194,0.5058759870223025,0.7282118531886126,0.024148238456152337,0.07218628183569616,0.024156000808257663,-1.2977697472216221e-08
1195,0.8404585701258448,0.9203410201433369,0.0129400786402344,0.03244408905889133,0.012942562541892518,-4.2987415516115846e-07
1196,0.6829543546127341,0.8323499864510988,0.01600756902783206,0.047065572099746385,0.016009232313426956,3.5461273417691785e-07
1197,0.7157576625232673,0.867588466495047,0.014554348688964875,0.046615669650387895,0.01455613884513285,-3.37476732670261e-07
1198,0.77174438573287,0.8810998216846981,0.013107443575390596,0.048993138871762876,0.013109539185045574,3.8573286997856115e-07
1199,0.9355967545088163,0.9787566754968904,0.007005331632421885,0.02198318384921247,0.007006183902465173,-2.454911837146412e-07
1200,0.7988209537890479,0.8970662898617232,0.011384161118359387,0.025851632187633932,0.01138533517070659,-4.6210952064917876e-08
1201,0.6895352715110485,0.862624610088483,0.018545912520019546,0.06209431755224593,0.018549316564460103,2.715110485329575e-07
1202,0.8197677408115319,0.9054137192245503,0.011940571625585957,0.036671551261099,0.011942810512027058,-2.59188468132443e-07
1203,0.6620397727927958,0.8146456292585821,0.02065376093212891,0.052974788010241,0.020658600184431792,-2.2720720416202767e-07
1204,0.3607370013186745,0.7044770498830353,0.02153314609091793,0.06610047048543871,0.02153819281041248,1.3186745029258873e-09
1205,0.8550873577711929,0.9303542167309392,0.013258509649609396,0.033247357396536587,0.013260934831915044,3.5777119289370773e-07
1206,0.3759711935527853,0.6832715955194496,0.030791657866992207,0.10318868273615728,0.0308100334115023,1.9355278529920028e-07
1207,0.7392786342422248,0.8706628380732688,0.01201421718378906,0.03498040058360164,0.01201597087268203,-3.657577751781105e-07
1208,0.8248561145790124,0.9119662771314495,0.010822200955566382,0.02466653944031787,0.010823650957872969,1.1457901238909329e-07
1209,0.03730264121623483,0.42046320738144705,0.014011621569570315,0.058634007387723175,0.014012737868689312,-3.5878376516973454e-07
1210,0.9146403727216929,0.9603987153929517,0.009669853336230485,0.031730133299811426,0.009671525184121236,3.7272169284285894e-07
1211,0.6635828610577882,0.844545332130629,0.017227161575195306,0.04523079854691567,0.017230434370421797,-1.3894221184695965e-07
1212,0.4495979571297227,0.6892071852696123,0.020822427275097682,0.06760736035477644,0.02082764151472341,-4.2870277272566426e-08
1213,0.6340620388787093,0.7967519240336186,0.013352360308300785,0.04740809502545132,0.013355982633768025,3.8878709252010424e-08
1214,0.8564243552504667,0.9315479314662516,0.01285028333339843,0.03653294391871658,0.012852226836858917,3.552504667103662e-07
1215,0.6969483100083596,0.8364789930027752,0.01691862219130859,0.0552485437327779,0.016921028727087804,3.1000835953864936e-07
1216,0.7540610694759163,0.9147808545873208,0.011328758754580075,0.035076589698227315,0.011329843200945508,6.947591635331207e-08
1217,0.9171336954316245,0.9577245410594422,0.008569338725097644,0.02076733292422753,0.008570275328493946,-3.045683755198425e-07
1218,0.9072266192927299,0.9538915068318399,0.007428120695761726,0.016748462656794312,0.007428346241747262,-3.807072701533798e-07
1219,0.6818801783142685,0.8261946696725865,0.008314847766318365,0.03674563965120882,0.008315194711830775,1.783142684619321e-07
1220,0.7873328718117786,0.897538277015574,0.019369842023925773,0.049609186272229266,0.019373898319580432,-1.2818822137106167e-07
1221,0.47746760024633317,0.7296554851588645,0.029565769284277347,0.0875453864320861,0.02957673441491066,-3.997536668354229e-07
1222,0.4295455387120036,0.6561034790801575,0.014687281221484362,0.04663087142577784,0.01468908054424764,-4.6128799635614115e-07
1223,0.9279640097703066,0.963359583718003,0.006062422614541016,0.01662366243077471,0.006062800670541077,9.770306563794406e-09
1224,0.29797986551561906,0.7220339490955932,0.02151657054091801,0.060976835444383794,0.021521030895088788,-1.3448438096475002e-07
1225,0.7889251610624064,0.8894976666330306,0.010847888431445313,0.027011284704351532,0.010848129755685419,1.6106240641189373e-07
1226,0.5035755129997319,0.720697869104723,0.018210680579609406,0.06346243850924599,0.01821135524421398,-4.870002681123253e-07
1227,0.6495801181053977,0.8195282300141493,0.01991277464687499,0.07018284357657689,0.019916234054906234,1.1810539768397632e-07
1228,0.592538066502291,0.7728844867035785,0.021988079544726577,0.07178587521071252,0.02199629842863999,6.650229100735316e-08
1229,0.31665692460399497,0.5793007579041065,0.015358361426191425,0.05991720354293018,0.015359227149644083,-7.539600505035438e-08
1230,0.5547489936394583,0.7449494590847849,0.022590764877929666,0.06447081543681417,0.022596587200454765,-6.360541759953264e-09
1231,0.5536871709329283,0.7676772762802042,0.015844920691455114,0.054004672550983145,0.015845466220275328,1.7093292825620665e-07
1232,0.6734449133272429,0.8229286026726199,0.013906811143457029,0.043366738176024,0.013909361061773382,-8.667275708251765e-08
1233,0.9615557646115448,0.9818288341906654,0.0042707433913671865,0.0107568818337161,0.004270906522485629,-2.3538845517201423e-07
1234,0.7168251988243393,0.8489833422795918,0.01895454188154295,0.055648131569273375,0.018960646853369574,1.9882433921480924e-07
1235,0.700672482979701,0.8435102062625325,0.016038445633593783,0.03329651747896404,0.01604102903009036,-5.170202990179007e-07
1236,0.308165383499721,0.6460391547734486,0.018615787048535167,0.061039949238291646,0.01861814821698656,3.834997209795077e-07
1237,-0.9305738725584478,0.3146701124010679,0.030757070140527375,0.08373650367037944,0.03076073420230581,1.2744155220012487e-07
1238,0.5805320805515338,0.8548886912916079,0.02809614888867187,0.07777548527826007,0.028104391136531896,8.055153377650726e-08
1239,0.8069428108206329,0.9010467810384984,0.010643059312763664,0.024304454726458626,0.010643569472246494,-1.891793670605324e-07
1240,0.4118422063355034,0.7134019023943001,0.021459131318945328,0.0754382172831394,0.021462799506692495,2.063355034054304e-07
1241,0.8492653422355496,0.9224976816369231,0.010055896598925801,0.023032183924628347,0.010057524490730574,3.4223554956636093e-07
1242,0.9268232549286203,0.963878831403493,0.006142912773671873,0.01444074797739224,0.006143113555932508,2.549286203246126e-07
1243,0.8488188624944623,0.9391973920630681,0.013823876324511717,0.03990602464653759,0.013826179344292006,-1.375055377339507e-07
1244,0.860336657091093,0.9564139702796061,0.007036949862070318,0.020998087617951508,0.007037233405926847,-3.4290890704724575e-07
1245,0.5704435150204248,0.7579406570478029,0.02038733724101558,0.05985995756962914,0.020392278859127727,-4.849795751660224e-07
1246,0.522064542567857,0.7550058931777552,0.017926454648730474,0.05665406197948734,0.017930364836351634,-4.574321430528272e-07
1247,0.6922006201179898,0.8676136884935114,0.015497183771093746,0.04546049952415483,0.015499316253820117,-3.798820101819089e-07
1248,0.5080801371004531,0.719387660237431,0.01422719584591798,0.048565093399047556,0.014227620374918945,1.3710045310144636e-07
1249,0.730696183989825,0.8600797377856516,0.01562612139814453,0.06025954579000707,0.01563145647207484,1.8398982504219674e-07
1250,0.575387383464544,0.8049619026205076,0.020847368144726593,0.06257432215296324,0.02085317943578563,3.8346454400706165e-07
1251,0.9069537265224743,0.9545916331933907,0.007141881513496099,0.016004277731577265,0.007142076939719094,-2.734775257362543e-07
1252,0.8107193007615356,0.9061504120897601,0.016671548404296865,0.044304708278010634,0.016674257784435147,3.007615356764859e-07
1253,0.5571029156883553,0.8240619283759789,0.03715814108486329,0.10301693560222144,0.03716638979341404,-8.43116446658243e-08
1254,0.8105645460438965,0.9210906865168136,0.014111304885058613,0.03826685651447162,0.014113801232601265,-4.5395610348553106e-07
1255,0.5486377085655334,0.7556697143539061,0.023235137671386713,0.07509712264705455,0.023243044278677728,-2.9143446655943706e-07
1256,0.903199813296079,0.9517064663835342,0.00765251335286134,0.01781635844370275,0.007653252957334131,-1.867039209901833e-07
1257,0.946811116939059,0.9738170763419504,0.005506684202187491,0.012924884795504053,0.005507213664552687,1.16939058991683e-07
1258,0.7433616931483853,0.9017908119577845,0.007996113065205082,0.03119960507501524,0.00799654823688034,-3.068516146731426e-07
1259,0.8438077448862856,0.9197461155678979,0.012503531353671871,0.03195643290066728,0.012504254303515,-2.5511371437580976e-07
1260,0.6104142717015306,0.8176546560481821,0.02554905975390629,0.08125093642472506,0.025555992997693792,2.7170153060751545e-07
1261,0.4405022517808356,0.6916871558183849,0.028932666679687503,0.08737810632545354,0.02894202099845819,2.5178083556953723e-07
1262,0.5971948635360051,0.8015182907864844,0.01904843204882813,0.06285450479429941,0.019052870777080195,-1.3646399488198568e-07
1263,0.3523034779929467,0.6180779194688145,0.026598347988574234,0.08223424402210557,0.02660210000196271,-5.220070533051846e-07
1264,0.6910991542854741,0.8404012076670504,0.01263964089586916,0.038803452948289845,0.012640140919240496,1.5428547406326487e-07
1265,0.8222856090672899,0.9069414551073681,0.010113528298457033,0.02870669581844014,0.010113952855294784,-3.9093271009260633e-07
1266,0.4343622553403075,0.7474506776145882,0.01180427995862305,0.04304696526263386,0.0118049131760546,2.553403074534444e-07
1267,0.5487416442303215,0.8066172555277396,0.029547479841113288,0.08526319455799065,0.029559004557061532,-3.557696784950437e-07
1268,0.4529492621500609,0.773880709542359,0.01647167448884763,0.05674682184018028,0.016472282649311668,2.621500609367722e-07
1269,0.34781608633619243,0.5929762417525403,0.015278306569345708,0.060005102143765414,0.01527879819767992,8.633619241749102e-08
1270,0.6653453667153431,0.8608387530269223,0.015533810802734358,0.0480209991777574,0.015535871673397926,3.667153430919612e-07
1271,0.7072813551575601,0.8562838481389315,0.024145666458984374,0.07401715020287294,0.024155980896150762,3.551575600280188e-07
1272,0.34343249213551597,0.6510498787068959,0.021117866222265608,0.06800336717471173,0.021122876008698655,4.921355159503982e-07
1273,0.5823514260951421,0.7664353653579643,0.014113072016992205,0.05276570134714965,0.014114667078820649,4.2609514216973565e-07
1274,0.8227955392948922,0.9073457129270224,0.01037312299274415,0.030768533530102594,0.01037388552602965,-4.6070510772988627e-07
1275,0.736401543760711,0.9117864735770683,0.022666686421972674,0.06624261034671229,0.022673397688737707,-4.5623928901505906e-07
1276,0.10302015286960475,0.4542463353169722,0.023456707380869146,0.08219843523945729,0.023458125181040998,1.5286960475258127e-07
1277,0.7227313752010062,0.8992934482082381,0.011878584376660178,0.037617970351482566,0.011880183903236578,3.7520100615306973e-07
1278,0.6041320403995851,0.7928709773632376,0.020161567474511734,0.06955084639132234,0.02016821099413836,4.039958512169761e-08
1279,0.8424083004608889,0.9237831947705148,0.010074285100781255,0.03105341639903733,0.010075416697026583,3.0046088883572963e-07
1280,0.7851412514669236,0.8972400909906854,0.01040242638983398,0.030810332533442876,0.010402720302259822,2.514669236175493e-07
1281,0.03648989582085005,0.4550108596501907,0.019596797988828123,0.07092156564179891,0.01959863721274606,-1.0417914995258792e-07
1282,0.7899067215742941,0.9413302301727974,0.009675804471972659,0.030196286772773927,0.009676407058029923,-2.7842570593517024e-07
1283,0.6208250690898294,0.7977836929615938,0.01600792590429688,0.05835176417904146,0.016011160554204495,6.908982941311592e-08
1284,-0.08776621171604027,0.25505577899254867,0.021672379358525402,0.0786249682683018,0.021673369839546215,-2.1171604026870572e-07
1285,0.7628300617605934,0.8815022372853517,0.019828759209667986,0.05308033621361715,0.019837762324175452,6.176059341722606e-08
1286,0.7977957657933105,0.8959459867410824,0.012924511665917992,0.04243821040875513,0.012928459317964049,-2.3420668948670453e-07
1287,0.34091871353694214,0.6837250464579989,0.020232377770800787,0.06396852013249668,0.02023664508833988,-2.864630578858218e-07
1288,0.9601649695631046,0.9810058017250057,0.0042042141743847666,0.010658160968414286,0.004204322102234113,-3.043689544846018e-08
1289,0.825932200132566,0.9132888536612919,0.00973457970365236,0.026077517217379147,0.00973531144792056,2.001325659639619e-07
1290,0.7936748227737207,0.9073593425361888,0.008753505565625009,0.026365536660305028,0.00875485008384727,-1.772262793187096e-07
1291,0.7383708416822654,0.9004020815455166,0.025601471432226575,0.06585978940430488,0.0256149225298959,-1.583177345887421e-07
1292,0.49232734859511174,0.7452658366220422,0.019965303898124998,0.07039275140579894,0.01996728547769295,3.485951117210284e-07
1293,0.43778687074701417,0.7102131995093272,0.02087997339345704,0.07139614511396304,0.020885223176252906,-1.292529858143432e-07
1294,0.6674901760820284,0.8642516502659605,0.029699062292187516,0.07980921580053403,0.02971489691503008,1.760820284024689e-07
1295,0.572060062281456,0.7742821770379164,0.018828991855566423,0.05526337723815808,0.018831085122754884,6.228145599251889e-08
1296,0.7009279646237927,0.86024591927912,0.013816946094531256,0.04015137174999629,0.013819452281223304,-3.537620729687774e-08
1297,0.7456733496817818,0.8677193008023013,0.020059269971386733,0.05330251387936474,0.0200631336714861,3.496817817527642e-07
1298,0.8812927095319426,0.9414882152564038,0.008880203186357417,0.019510958987994764,0.008880560379990604,-2.9046805738452974e-07
1299,0.9006156084576991,0.9506845695282319,0.0099702908921875,0.034630033439512015,0.009972229524520978,-3.915423009148711e-07
1300,0.42543039209863653,0.6694413435006068,0.028925116908496116,0.0877327372712981,0.02893444568917176,3.920986365590906e-07
1301,0.3293279951833823,0.6611934884744641,0.021262853563574196,0.06178716163538321,0.021267437976757952,-4.816617715786009e-09
1302,0.6563282607700661,0.8465604971705393,0.01643697812373046,0.05180658786456466,0.01643931293852166,2.6077006609614983e-07
1303,0.9126018890001,0.9583576851835978,0.011133118439550777,0.03062452631399809,0.011135251089564053,-1.1099990004925786e-07
1304,0.890635002224697,0.94702475383628,0.007969323277539074,0.028227135716959145,0.007970214073297104,2.224697093211603e-09
1305,0.65626811890689,0.8191572619618808,0.010457837301679693,0.04082918671044453,0.010458341515789598,1.1890689000093602e-07
1306,0.9570170308574848,0.983681560626627,0.005361027868769537,0.015166755930357007,0.005361285738625249,3.0857484789592604e-08
1307,-0.052041176670397205,0.3541540385066824,0.011717829827373029,0.05916242989790503,0.011717993298301097,-1.7667039720753452e-07
1308,0.5201811976576993,0.7533130451160314,0.020211898518652346,0.06426038817590875,0.02021456122310723,1.9765769931900934e-07
1309,0.4594651169504176,0.6814538537029946,0.011642369509999983,0.049966572526282164,0.011642750433200838,1.1695041757242564e-07
1310,0.7476464373609872,0.8705236421400462,0.015693081592480472,0.04412628305666197,0.01569683788502845,4.3736098720437155e-07
1311,0.890204093798157,0.9602207585532505,0.010727921413867199,0.03238012862338554,0.010729667388263286,9.379815701926475e-08
1312,0.8288756039181853,0.9110594824865612,0.009909720935458968,0.02492837261680496,0.009910201884989098,-3.9608181467976067e-07
1313,0.373893999210523,0.6285122884322634,0.02935441563671872,0.08504260742328816,0.029359379603184507,-7.894769837868409e-10
1314,0.8602141058708177,0.9353231060879711,0.011353649653222667,0.03192933164855284,0.011356217735809603,1.0587081766821882e-07
1315,0.8454126919397866,0.9355663324634385,0.010493602219902348,0.02713123899662468,0.01049461397509636,-3.0806021333873446e-07
1316,0.5180113135622102,0.8618285797401278,0.03985185213417968,0.10686656058005807,0.03986215266590473,3.135622101968494e-07
1317,0.6616422631556264,0.8255502850880215,0.015810173590527353,0.0507059641082582,0.015813637640595256,2.6315562640100154e-07
1318,0.8786279811812993,0.9378680885679715,0.009131670810732422,0.023114372601659057,0.009132383246122894,-1.881870070885583e-08
1319,0.6654217363102004,0.8292208181671602,0.011178174207646484,0.0329477796295471,0.011178749445188672,-2.636897995511589e-07
1320,0.4837806719793414,0.784649754650655,0.0270451518484375,0.08180816035336635,0.027049331243312838,-3.280206586353529e-07
1321,0.4869186825429066,0.7616888966130776,0.031972412182031264,0.08660367005503622,0.031981084252789956,-3.17457093390594e-07
1322,0.629711790925551,0.8034913226318876,0.018826430167773394,0.06827710720919082,0.018832657901749605,-2.0907444908679906e-07
1323,0.4936832639749513,0.7279352225178872,0.023619269345312468,0.07329627212786362,0.02362779873492667,2.6397495134222737e-07
1324,0.8160360677200956,0.9100320188167063,0.009923730998437493,0.026250671557178615,0.00992497881143607,6.772009564226522e-08
1325,0.4299104987286678,0.6678168422462386,0.016376086842431633,0.0594823334655928,0.01637751489933252,-5.01271332165043e-07
1326,0.5763545227588769,0.8129595645065039,0.01795838241240236,0.06325076030778763,0.017963131602136244,-4.772411230646867e-07
1327,0.5549080762696466,0.8228953541493486,0.014972317391113283,0.04612310923005138,0.014975118154516461,7.626964659834812e-08
1328,0.4114312031450116,0.7434088180485248,0.016809530006738307,0.055090832400159016,0.01681462557476806,2.0314501159024445e-07
1329,0.3237116432182964,0.5732335322993162,0.019218628129492196,0.061591978657246256,0.019223313052727932,-3.567817036254084e-07
1330,0.5261179174403172,0.7349385085172683,0.014327019504697286,0.05179253922873407,0.01432807242631101,-8.255968275694414e-08
1331,0.9397316027307137,0.9722073688054407,0.00685741366538086,0.016469047499809385,0.006857572915642197,-3.9726928635630543e-07
1332,0.6532334393961282,0.814722235003246,0.01854971675341794,0.06255437614370675,0.018557307833596312,-5.606038717687056e-07
1333,0.4030585623825438,0.6856324443763374,0.027021627633300807,0.0891298596244213,0.02703012816261083,-4.376174562170654e-07
1334,0.7538492989944009,0.8729310625376467,0.015854476656445304,0.04909228334834296,0.01585674849561549,2.989944009046397e-07
1335,0.8684938226618799,0.936037835070477,0.00864313724115234,0.01923463929321659,0.008643431946743652,-1.7733812007758587e-07
1336,0.8349344373731565,0.9365319240448163,0.011496353777343761,0.03424633005322528,0.011497585261855747,4.373731565809891e-07
1337,0.5504617122573554,0.8007558789826118,0.021241422000976548,0.06717956221763928,0.02124604505752149,-2.877426446001863e-07
1338,0.5157529249984216,0.7234949362520253,0.019450146494531303,0.06250036976946169,0.019454295300038123,-7.5001578392353e-08
1339,0.7771643208265302,0.8956277988332961,0.01268632631932616,0.032308202877537565,0.012686909844356139,3.208265302312441e-07
1340,0.6420962056479755,0.858288029588313,0.010454795033173824,0.046808769216789656,0.010455152467025965,2.0564797553745962e-07
1341,0.5228614162952958,0.7948603608484981,0.029064030987597706,0.08313429120918153,0.029071196746883844,4.1629529579090274e-07
1342,0.9683535105179097,0.9842560415234802,0.00399242225087891,0.009712156640791551,0.003992549711191866,-4.894820903045272e-07
1343,0.7096017399907044,0.8481072372132334,0.009238939960986308,0.037049081771153194,0.009239194456353053,-2.6000929553848806e-07
1344,0.7574880454916488,0.8784354599955263,0.018735918407617187,0.057184981222307266,0.018741379306328087,4.5491648781315064e-08
1345,0.8710141360623457,0.9399974525693874,0.007769167224179689,0.01908439925126261,0.007769309134495685,1.3606234572360876e-07
1346,0.8328353199655143,0.9141664704058223,0.009657679841855487,0.03064626170824838,0.00965864512791202,3.1996551430601983e-07
1347,0.6399020217969265,0.8031200887668042,0.01946665156494141,0.06139156182747606,0.0194729069636828,2.1796926485961876e-08
1348,0.4745038569515245,0.7421866507100765,0.023217748718554716,0.06988861121778292,0.02322528898745922,-1.4304847545387744e-07
1349,0.6221924106521084,0.8051844390239798,0.013077552746601561,0.034893039599598254,0.013078726731564442,-5.893478915997008e-07
1350,0.45168530949067254,0.7153898602966774,0.01975703308017577,0.05961321582392006,0.019759232699695053,3.0949067253427387e-07
1351,0.160273416267526,0.6429011115843493,0.018283892249638698,0.060091965760252324,0.018285329647333957,4.162675260044324e-07
1352,0.8274579576081431,0.9123308907076405,0.008529045815917976,0.023546830144391986,0.00853004568313582,-4.2391856913681636e-08
1353,0.9080678672525015,0.955711849060625,0.006494802098710938,0.016587452320334675,0.006494939238638518,-1.3274749843805722e-07
1354,0.6105379541031962,0.7978233251933792,0.011188562989921881,0.0371604593769647,0.011189136298775666,-4.589680380195915e-08
1355,0.7952009937025571,0.8938251218676379,0.012925609310351593,0.03535962274776593,0.012926228660256864,-6.297442900482508e-09
1356,0.6187348530163579,0.7955553540581172,0.014392900902929693,0.051003482472368994,0.014394874821731934,-1.4698364214638104e-07
1357,0.5367557601752639,0.748448726551753,0.026321261880859325,0.08461667559471829,0.02632569605210643,-2.398247360702044e-07
1358,0.6949741569367325,0.8598434311973397,0.016802086702050762,0.05433166108817976,0.016804161732034334,1.5693673249828066e-07
1359,0.7044963163306712,0.8471787483989957,0.012606835592968761,0.04853775903863326,0.012608117917992163,3.1633067121283887e-07
1360,0.15426421700578064,0.5160608856676986,0.019479444125742203,0.0651201882252293,0.019480507414694013,2.1700578062278097e-07
1361,0.7056830679406394,0.8727761145934271,0.018524064886035183,0.058777739633686495,0.01852922900254034,6.794063944770556e-08
1362,0.5038129684144208,0.7934613945830701,0.014078559432041006,0.04013344936681507,0.014079354372803958,-3.1585579152171306e-08
1363,0.4334340820428587,0.6769938787441908,0.016767250514941396,0.06786298153620339,0.01676916291220281,8.20428587289257e-08
1364,0.5551374089893876,0.7490170367644716,0.01668245929990233,0.05132217420217349,0.016684100133267068,4.089893875791617e-07
1365,0.6076241518060281,0.8079943170146465,0.021435166589160157,0.060947728698000726,0.021440428758615283,1.5180602808140264e-07
1366,0.8841264583813039,0.9404152881075657,0.008350738051660173,0.021389264546234337,0.008351878589211442,4.5838130391384624e-07
1367,0.4003436621678732,0.6552663480063674,0.025463754974023478,0.06909268992526194,0.02546858176181097,-3.3783212677329644e-07
1368,0.893776447457594,0.969102518985798,0.014492884749609367,0.040143845576361435,0.014497495888390359,4.474575939772407e-07
1369,0.8526270744516083,0.9416251722819423,0.012020277218359377,0.031816536401675005,0.012021840314867692,7.445160832286746e-08
1370,0.6868287041177832,0.8867685560191791,0.019414345169238303,0.059513153600059224,0.01941984704105923,-2.958822168386277e-07
1371,0.6929251459027844,0.8400894470066734,0.0157840361143555,0.05091477522088871,0.015787215099030305,1.4590278440973492e-07
1372,0.921884736794709,0.9607276318399535,0.005664061321044928,0.015351155151349207,0.005664230075111702,-2.632052910067628e-07
1373,0.5242732285105602,0.7713547925664642,0.014305055482314474,0.05168598387056145,0.01430579048564722,2.2851056025174898e-07
1374,0.654970536874397,0.8188994505199493,0.01659339511533202,0.05476212487250722,0.01659807043823557,-4.6312560297856464e-07
1375,0.8512746788727601,0.9251906282692717,0.009501518855371082,0.022590045531190154,0.009502890524446028,-3.2112723991062353e-07
1376,0.410173369061437,0.661231958411129,0.03005749444013675,0.08988978581785734,0.030069577893999534,3.690614369666889e-07
1377,0.7200694391537905,0.8530376525939833,0.010319036935800772,0.028234699671247532,0.010319648453916976,4.391537905545917e-07
1378,0.7483625532186351,0.884388249902804,0.014361458000488282,0.04353326377910331,0.014363549792971731,-4.467813649045027e-07
1379,0.8760490714639614,0.9494122191642387,0.009902956830654295,0.021831580028792177,0.009903554199277655,7.146396141521905e-08
1380,0.6502225709131286,0.8385352826566147,0.02208479680986332,0.060786504639276456,0.02209271945568533,-4.290868713674456e-07
1381,0.8226136058259906,0.9088984852552522,0.00972118979140624,0.03666267117256646,0.009723266884429033,-3.9417400932162394e-07
1382,0.582736965572308,0.7727858204638152,0.017827341815146502,0.05774906518015015,0.017828842085108123,-3.4427691919525216e-08
1383,0.90677094050404,0.9542929326197749,0.008763768470703141,0.027660697556517264,0.00876495523512403,-5.949596004750646e-08
1384,0.8087719198974477,0.9152623943859979,0.018403427436425805,0.058272560111858135,0.018411688088844653,-8.010255236889918e-08
1385,0.6275679365266202,0.7946567573218892,0.015623702443164064,0.05097017677442635,0.01562459162304874,-6.34733797744147e-08
1386,0.8187936102230804,0.9076557298853121,0.010631540939550774,0.02536828314623526,0.010633195709366652,-3.8977691962926997e-07
1387,0.8743051265797637,0.9629329896712443,0.013491942037499994,0.036231247582378584,0.013494691948040028,1.265797636706978e-07
1388,0.46844818196270555,0.6848084380144498,0.012080696270068358,0.049223058391800474,0.012081246731295925,1.8196270556991578e-07
1389,0.846889971808578,0.9294113344918032,0.008386035244628923,0.02180732552691678,0.008386313219798937,-2.819142208565495e-08
1390,0.46930539695710305,0.6980771274581689,0.017493959724023407,0.056991946781864054,0.0174968954108752,3.9695710302156684e-07
1391,0.7785217811499696,0.8827574511277374,0.010834498428027348,0.027830766953437752,0.010836082851888135,-2.1885003043120577e-07
1392,0.7962157430508572,0.9058341475871973,0.012526036286132818,0.028446087023576778,0.01252822793799643,-2.5694914285168124e-07
1393,0.5862055849576963,0.7772991193865663,0.019462845263671934,0.06388955092010827,0.019465233174777313,-4.150423037474482e-07
1394,0.48332221071604686,0.7514163556087003,0.014540506385253903,0.06475857775071021,0.014542040311658466,2.1071604688893686e-07
1395,0.5488251765934371,0.761958164702851,0.022641435292871097,0.05951037297114402,0.022648153974193865,1.7659343709564013e-07
1396,0.6915209834513585,0.8775886894586998,0.009783959644726534,0.031924408726019066,0.009785103659357253,-1.654864156819258e-08
1397,0.9084707790384133,0.9580813835990071,0.008296096216171889,0.030495839841751214,0.008296789081525894,-2.2096158669437926e-07
1398,0.7953599660500221,0.8919347439296432,0.010293546408408199,0.0287245783335275,0.010294308806977305,-3.394997782901754e-08
1399,0.05077462878935746,0.3009371732733245,0.022312063370351586,0.08334976367410539,0.02231281940899931,-3.712106425440842e-07
1400,0.5467709205741689,0.7558946773127863,0.014638301451435546,0.03983235803802361,0.014639072182482973,-7.942583113429436e-08
1401,0.7475370370582836,0.8871224346318292,0.009925749397773425,0.03222892783701816,0.009925969968409895,3.705828355293761e-08
1402,0.7119039396141855,0.8539682420175337,0.013783519844531257,0.04259450648189527,0.013785472101733887,-6.038581445988456e-08
1403,0.7802355266947278,0.8854135659486061,0.011178933942089847,0.02759187496474264,0.011180451766680335,5.266947278315115e-07
1404,0.8801859348289577,0.9423305260772084,0.007158458590107418,0.020535040617493904,0.007158800015257661,-6.517104234049498e-08
1405,0.4826474876525747,0.7654164658526469,0.026648298250781268,0.08359706458182445,0.026651987477522277,4.876525747099514e-07
1406,0.4760779950377346,0.7354820344378898,0.019369053387890616,0.06553339387776079,0.019373524942748837,-4.962265376384778e-09
1407,0.7512063119796045,0.9360646982136044,0.009347270292978526,0.02906632448011736,0.009347838514242632,3.119796044837031e-07
1408,0.6957173062863693,0.8551106427391048,0.017556695679101515,0.05313272735939487,0.01756023808134533,3.0628636926710584e-07
1409,0.8049963917892827,0.9364413741736904,0.017723384441308603,0.05694488146035581,0.01772735788321379,3.917892826832414e-07
1410,0.656715912924482,0.828197930333895,0.01397689195439452,0.042073246749769165,0.013979276349236012,-8.707551801823143e-08
1411,0.7827417632327973,0.9045728954041414,0.021760696393457,0.05852630204882758,0.021770219081324135,-2.3676720273257956e-07
1412,0.7940360384323442,0.9144709491703557,0.014914619897265599,0.04562910472137894,0.014917012638302326,3.843234419598218e-08
1413,0.16456029953938756,0.6793929256337965,0.02509938276181643,0.06761070940223254,0.025100833645976026,2.9953938754379017e-07
1414,0.8197792875618316,0.9111769656891041,0.010471688505273443,0.04363556119027943,0.01047350064187535,2.875618315689721e-07
1415,0.5630787316141395,0.7618856389276311,0.011765177984970725,0.04933072716359484,0.011766166826926628,-2.6838586053568037e-07
1416,0.7366216484144706,0.8742246813426671,0.01158958514619143,0.03879473027580412,0.01159260529809411,-3.5158552935676823e-07
1417,0.7725771061990271,0.8898439728719745,0.009452654020019529,0.031104847853976592,0.009453512703848822,1.0619902712782903e-07
1418,0.7293779826836124,0.8709086075088235,0.02037639257431639,0.05948132175281838,0.020380583125877757,-1.731638754609577e-08
1419,0.9473890425591708,0.9740513354378996,0.008342788090429695,0.024012396122875312,0.008344231998864205,4.255917074313942e-08
1420,0.5155275451131782,0.7695463388218226,0.027616590294726583,0.08323135934839522,0.02762165082422811,-4.5488682176575423e-07
1421,0.2520659247177046,0.5396071849758239,0.025200756334277347,0.07789944338399565,0.025206629511722194,-7.52822953975496e-08
1422,0.825983394073971,0.9321284586811557,0.00663846843513673,0.021853475907901595,0.006638624312093552,3.9407397101065555e-07
1423,0.5890819398118694,0.7987333734567138,0.016868927557333952,0.049705854114524085,0.016870469822281572,-6.018813059061046e-08
1424,-0.33203079594050733,0.5579385572695351,0.024839922793496123,0.0754389303062371,0.02484172952130543,2.0405949269219903e-07
1425,0.559151755141484,0.8337444928427707,0.018978308228515605,0.05671923853728859,0.01898097789546421,-2.448585160186312e-07
1426,0.7902222347531813,0.8970962397126747,0.008919336158544912,0.028143756715018592,0.00891966012666608,2.3475318133847622e-07
1427,0.5509133416010552,0.8257214745231105,0.03153608659023445,0.08454527798918254,0.031544945309908416,3.416010552204085e-07
1428,0.7086384186779724,0.862843680115391,0.01919410596171878,0.05483587468805277,0.01920090014071078,4.186779724024703e-07
1429,0.5020253113734595,0.7517213677881454,0.022574372695117202,0.06932297613713062,0.02257844233290843,3.113734594606399e-07
1430,0.49692575633941616,0.7469726955338208,0.015091900186425769,0.040050175747571845,0.015093566910154746,-2.436605838207484e-07
1431,0.33561409508481466,0.6355274008887849,0.0193998634305664,0.07695413261262729,0.01940401948241964,9.508481463305074e-08
1432,0.7158445704353826,0.8530183916451552,0.01256392715429686,0.03888246621632499,0.01256546803125405,-4.295646173213541e-07
1433,0.8777215291671638,0.9385509192094774,0.012782782217480452,0.03240688830648536,0.012785610576095554,-4.708328361635594e-07
1434,0.73097165735228,0.8567689798792095,0.011159351821621097,0.029587825902820684,0.011159733124815767,-3.426477199752753e-07
1435,0.8287516066197769,0.916269814818143,0.010609087430957046,0.02798375374018987,0.01061093918733729,-3.9338022317370047e-07
1436,0.44674796543052964,0.7498379253667661,0.014660724518408209,0.06088310190800215,0.014661843411036657,-3.4569470341860864e-08
1437,0.624056774074317,0.8130893355412017,0.009943362483242204,0.034168056689155984,0.009943496049153448,-2.2592568293955395e-07
1438,0.6852178858465972,0.8451065843721945,0.021603827528906248,0.060764663586463166,0.021609628741790125,-1.1415340284148812e-07
1439,0.4869189105485515,0.7167521669528347,0.019932531815722666,0.060725331216126076,0.01993738425006977,-8.945144847061215e-08
1440,0.8709414376417508,0.9335588121867534,0.013421976938378892,0.03734566416447276,0.013424041884909817,4.376417508389352e-07
1441,0.9019815752218945,0.9504274007748311,0.007563826004384767,0.020960976384410523,0.00756446868171961,-4.247781054678157e-07
1442,0.8500737598195303,0.9320233214886026,0.007561829992138681,0.024078572101491585,0.007562585504337551,-2.401804697349519e-07
1443,0.5290342862815034,0.7698561350984485,0.02858436491015623,0.08357836640312512,0.028594746776273543,2.8628150339216063e-07
1444,0.861400815717574,0.9429874461022145,0.007378998611669907,0.020891530637254564,0.007379168439541959,-1.8428242598567124e-07
1445,0.3953966487223186,0.6755165870198726,0.020837656769726546,0.06155978733358287,0.020840628361982482,-3.5127768138742965e-07
1446,0.9091225477470943,0.9624519673546437,0.008737697073144543,0.034457225032371634,0.008739273576922904,-4.522529056805169e-07
1447,0.7650955080603974,0.8776038883534826,0.01623400250556639,0.04742337066103216,0.016236684019910973,5.080603974194631e-07
1448,0.7586324024957674,0.8801273336121155,0.010710033106562485,0.02929880926377489,0.010710558635545141,4.024957673820495e-07
1449,0.8398400183091401,0.9222821125672751,0.00964410452858399,0.023477659549317978,0.009644431309789172,1.8309140092931386e-08
1450,0.7896532900650876,0.8898830400490041,0.010036154274072262,0.028927071244125337,0.01003666434959924,2.900650875048427e-07
1451,0.7100422244178723,0.8924039528562462,0.02164003654599607,0.06389320174027434,0.021647601040408426,2.2441787239646516e-07
1452,0.7781982154169318,0.888169995502609,0.0118483330975,0.03209028659375646,0.011849121186104823,2.1541693184801147e-07
1453,0.35674803032046076,0.6675147249612632,0.019394601439941383,0.06157637569617425,0.01939977527852911,3.032046075324146e-08
1454,0.8416267023939075,0.9262600516975389,0.00876885911908203,0.021292364392456374,0.008769408269424987,-2.976060925474755e-07
1455,0.7583347195761276,0.8736433222893489,0.013478461877353515,0.032129756378387615,0.013479286026511819,-2.804238723452812e-07
1456,0.4514658613782476,0.6835344612250736,0.02561013795908208,0.08092060552337775,0.025618926900867967,-1.38621752354684e-07
1457,0.6969674760228894,0.8630227768818539,0.021813189830175796,0.06112206037451268,0.021820117230807963,4.760228894395979e-07
1458,0.21520343472880288,0.5385766783269688,0.022030581388085974,0.07370416401461408,0.022036087252127703,-5.652711971282365e-07
1459,0.9240781201477428,0.9634443982566064,0.006563214184765631,0.014583562128613479,0.006563394869447501,1.201477428658393e-07
1460,0.7822332151798637,0.8914541189095746,0.011566552046679699,0.036982951460845834,0.011567981000041498,2.1517986370511721e-07
1461,0.5343230452834078,0.8164343117104051,0.03632741264199218,0.10041124340450168,0.03634735300703174,4.52834078012998e-08
1462,0.28201996266783724,0.6204312857002853,0.020340124339355472,0.06782889413794149,0.020344301972594916,-3.73321627500367e-08
1463,0.6637587592913228,0.8674653465118173,0.01481501885323242,0.04922448734912679,0.014815570598267356,-2.407086772127087e-07
1464,0.8158145741410417,0.9137795050409532,0.008414058587167969,0.022442084319166798,0.008414271958884726,-4.258589582084582e-07
1465,0.942790287578921,0.9721610247896199,0.006468013353310533,0.015617923262557513,0.006468498085092084,2.8757892100994553e-07
1466,0.5058683638209511,0.7367398418193101,0.02401523031328122,0.07209221947500218,0.024022532925467483,3.63820951143623e-07
1467,0.5479105306130467,0.7597209883662168,0.01769409040341798,0.06883982166835984,0.017699803629222494,-4.693869533056727e-07
1468,0.3271798819938795,0.6004654051188194,0.027707288232128948,0.09096498305797508,0.02771329486985696,-1.1800612054191362e-07
1469,0.6052606035422943,0.8287182219148803,0.013550071344404302,0.04219712732328655,0.013550722282483193,-3.9645770577578787e-07
1470,0.6405221827171255,0.8060920070872941,0.020445670467871095,0.053317925028038865,0.020451147148054658,1.827171254298321e-07
1471,0.5884240123762854,0.7711085990195966,0.018719707505371105,0.06818387000302596,0.018724872587333005,1.237628544092928e-08
1472,0.6792636217500256,0.8374128240490248,0.022598830737402386,0.07129662780630894,0.022608316291629026,-3.7824997434210417e-07
1473,0.6490497806292546,0.8099364727734386,0.015623563892382814,0.04451553571100776,0.01562695523389263,-2.1937074545785862e-07
1474,0.7104301114495337,0.8467776621506818,0.017724943609082056,0.052543313805426844,0.01772794027451268,1.114495337128929e-07
1475,0.7781013181695873,0.8834969080862842,0.009876704027275383,0.026934267833439253,0.009877474348287741,3.181695872322976e-07
1476,0.6224170697463589,0.7911138257127152,0.009621284717109373,0.04367915211810568,0.009621485826272046,6.974635891054959e-08
1477,0.8757930741373238,0.9514951260952367,0.015161092705566414,0.042215349651889264,0.015164393837911669,7.413732372452131e-08
1478,0.8961783031581443,0.9474470692786809,0.01136152034550781,0.03557042868687666,0.011363599288725042,3.0315814425474485e-07
1479,0.42792152580097853,0.6574993121443405,0.012618682836152329,0.05115531727394473,0.012618971696150097,-4.7419902149403725e-07
1480,0.8202949721470897,0.9260583088533885,0.013719928634277347,0.037623541179104186,0.01372332952784361,-2.7852910311487733e-08
1481,0.6620353056418584,0.8179981757469291,0.013752038181728512,0.04689017128292121,0.01375329192962029,3.0564185837800295e-07
1482,0.7189831733328607,0.8513067874306887,0.015215665826855448,0.05469629437160967,0.01521795687200098,1.7333286062015674e-07
1483,0.741194074170483,0.8739158152158037,0.01349175841240232,0.03761058903877675,0.013494798692035605,7.41704829776424e-08
1484,0.6801123569531848,0.8943954146066962,0.02938923592314449,0.08143237906871391,0.02939664077821466,3.569531847880114e-07
1485,0.778279518305406,0.9162089050629578,0.00987636072133788,0.037075357829810605,0.009876619636724124,5.18305405927677e-07
1486,0.6175532045730578,0.7877657461790595,0.012227396837695331,0.04586307584663135,0.012231201154669032,2.0457305782706214e-07
1487,-0.44585883455237374,0.4269925940747684,0.03139556412306637,0.08892579509788953,0.03139793773274585,1.6544762626580223e-07
1488,0.7107676848327933,0.8598560388126415,0.016054954076074244,0.06038821039687023,0.01606022500337581,-3.151672066659117e-07
1489,0.34616607923416776,0.5981808931891881,0.01294045602929688,0.05336493396830195,0.012941928644766424,7.923416778243819e-08
1490,0.8695266033046567,0.9326325760403988,0.010655767204882803,0.034861826247725713,0.010658279063892176,-3.9669534335207146e-07
1491,0.5052556502724092,0.7199533058561505,0.024948853687988288,0.07116475358923803,0.02495604717375314,-3.4972759088702787e-07
1492,0.6546329024772147,0.8363847556810743,0.019140889625097666,0.05990343258447711,0.01914320012895179,-9.752278529173708e-08
1493,0.9241355090003542,0.9645673206818183,0.0075613240591797,0.02198579903260947,0.007562084273999348,-4.909996457191923e-07
1494,0.4762404838286216,0.7442721866440629,0.027102315191210934,0.08088659287833251,0.027114790804073134,-5.161713784174182e-07
1495,0.5430037430449615,0.7374438184188038,0.013109500299374997,0.0433008188743306,0.013110736403202415,-2.569550385800312e-07
1496,0.6903778348901444,0.8889600461151437,0.01628818434267579,0.046637099284682265,0.016291354837452553,-1.6510985567652625e-07
1497,0.28905126864808006,0.5654017598073866,0.015631390442451164,0.062038533512922295,0.015632154197771995,2.6864808005955254e-07
1498,0.47885698953066413,0.7015220352135932,0.0193487145228516,0.06626091554395964,0.019353728162257843,-1.0469335842699934e-08
1499,0.6481064807781545,0.8468770675370584,0.019742020890332074,0.0623992917328385,0.01974851815477985,4.807781545101975e-07
1500,0.9461803189469935,0.9755754637994691,0.005232684289892574,0.012030747422733369,0.005232810515800164,3.1894699348278266e-07
1501,0.7100744908763279,0.8461335463101832,0.016478545410839856,0.05905916188245758,0.016483981156927376,4.908763279187767e-07
1502,0.8386048391687486,0.9191109090097465,0.014527344460058586,0.03785566031773709,0.014532293572144597,-1.6083125142785093e-07
1503,0.39569486427701583,0.6408008088713731,0.016827250037685586,0.05699217285103168,0.016828404553913972,-1.357229841847385e-07
1504,0.8343570912653765,0.9176426934322955,0.012347653304736288,0.030638916437928963,0.012348543756250784,9.126537647841104e-08
1505,0.9201677191683642,0.9595026225163146,0.007891913971874987,0.022634543505422045,0.007892842402980427,-2.8083163583492166e-07
1506,0.8671167921025482,0.9340651648500771,0.007495906406357428,0.019812557120440877,0.007496025549611758,-2.0789745180938013e-07
1507,0.6076158119462742,0.8179459626566231,0.035056116362499994,0.09348256904028909,0.03506449334359522,-1.8805372581365276e-07
1508,0.8814820684378564,0.9496025369178529,0.013642552268847669,0.04246361707757842,0.013646725105769591,6.843785638199762e-08
1509,0.9635973162737249,0.9826297435931048,0.005641659762011708,0.0176085606135364,0.005642371905518205,3.162737248763037e-07
1510,0.5269629003770049,0.7524662230437966,0.017229895221484395,0.05501464442694683,0.01723309671726014,-9.962299507559891e-08
1511,0.8987109242094651,0.9484248706784052,0.007579069732021488,0.018234344163458927,0.007579339672098744,-7.579053495909704e-08
1512,0.7175372079971596,0.8638203810319626,0.018063823883203132,0.05930528708778241,0.01807062065744961,2.0799715960695409e-07
1513,0.26490288513477744,0.5232346121693676,0.025373381230175792,0.08576853328571671,0.025379084570334942,-1.1486522255577114e-07
1514,0.31582449921720934,0.6137352257207266,0.02343847660224606,0.07090455821141527,0.02344202328425667,-5.007827906799989e-07
1515,0.2671868949759979,0.527645532906202,0.018489830734375042,0.07010344923900184,0.018494898451219047,-1.0502400210610219e-07
1516,0.9468497437512212,0.9731410175075537,0.007921222826074206,0.022331572387717432,0.00792251944541294,-2.562487787516332e-07
1517,0.5769110563155857,0.7667957842477093,0.012976943507753904,0.05230944212109818,0.012977918055699318,5.631558575025508e-08
1518,0.8760116516114737,0.9403381104757518,0.011809976644042977,0.031583142711358696,0.01181183586598734,-3.4838852636109863e-07
1519,0.8849711802941806,0.9490639095329703,0.009163311465410155,0.025049233587071403,0.009164101084956603,1.8029418069609449e-07
1520,0.4080058459053032,0.6937970369829264,0.022707613749902333,0.07278603937262787,0.022710603126152286,-1.5409469678040466e-07
1521,0.3669289979249212,0.6509049522200655,0.012052922617861324,0.04441596032925994,0.0120531344095126,-2.0750788309875645e-09
1522,0.5309020323240903,0.7544847837399924,0.019128707049160143,0.059423146242134274,0.019130072417331875,3.2324090293300856e-08
1523,0.6132262027682958,0.7890373817017913,0.017887711349609415,0.06130666208061035,0.017890504375793453,2.0276829570953225e-07
1524,0.2621482234765904,0.5167611634436089,0.015049683433779298,0.058830358995067854,0.015050881178990293,2.2347659039967382e-07
1525,0.2619918157722816,0.5259868587160331,0.024650338670996058,0.08351890455307513,0.02465156479866103,-1.842277184138652e-07
1526,0.24196839678095894,0.5171933250727434,0.023035939341171856,0.08227015519725507,0.02303788784218394,3.9678095895001597e-07
1527,0.6705529242136661,0.8379703424168247,0.009183295543056653,0.036863937315317195,0.009183437313564028,-7.578633387517186e-08
1528,0.6055862829409174,0.7890518717679561,0.01887940121289064,0.05140600974478102,0.018884574853679042,2.829409174731623e-07
1529,0.5250926076766407,0.8103536292233529,0.029372637960449227,0.0801960778185696,0.029384368076771125,-3.9232335935501794e-07
1530,0.5695448473479516,0.7654135158128395,0.014993729996484373,0.05366400889962677,0.014995304554446625,-1.5265204833525559e-07
1531,0.6156744446980236,0.8171753899853816,0.020172559542480456,0.062337271755073725,0.020176125194434406,4.4469802351621013e-07
1532,0.6445890492583686,0.8519167281733635,0.015490440359179698,0.05326891133198486,0.01549263670070832,4.92583686062531e-08
1533,0.8356867649294528,0.9148470578681575,0.015229819113964854,0.04917798797689142,0.015234921519228957,-2.3507054713878262e-07
1534,0.7878593069094783,0.8922717004465048,0.015472290642480445,0.04831352485050937,0.015474889563523256,3.0690947827594073e-07
1535,0.6376238238534024,0.8453663321153752,0.021940158669824204,0.06912848624260122,0.02194795478528512,-1.7614659753029116e-07
1536,0.38529538185415846,0.7264702882282582,0.01494804564069337,0.04884004892760736,0.014949142734210512,3.8185415845992665e-07
1537,0.47558102167698046,0.7037346313261933,0.01794385217226561,0.06169816485430932,0.017946720935865815,2.167698048838318e-08
1538,0.1203992544561967,0.3806710776824298,0.01646958094908201,0.06034954930385524,0.016470783906949525,2.5445619669661745e-07
1539,0.6490162762141432,0.8445238255302995,0.021223054811621088,0.07718729118083342,0.021227204728022694,2.7621414311340686e-07
1540,0.4790186504406473,0.6980176953609303,0.01987414138916016,0.06425078066422513,0.019879136940732647,-3.495593526858798e-07
1541,0.895236967204902,0.9526983462388414,0.007066963014804682,0.01797101120149115,0.007067162201216547,-3.279509797060598e-08
1542,0.8250777261025064,0.9156204165009396,0.008976675445019535,0.027330691815002903,0.008978294643647508,-2.738974935745375e-07
1543,0.5785838965616005,0.7982781815011512,0.015429618878906247,0.05242073138697168,0.015432092538401923,-1.0343839951243439e-07
1544,0.17886932806485567,0.7078316029806903,0.028863419793164067,0.07393342234210903,0.028870981905938526,3.2806485567027366e-07
1545,0.7915663674498978,0.9114335153934127,0.013040511628652331,0.03568559336378437,0.01304164697979389,3.674498978423202e-07
1546,0.9034456340505503,0.9600558462184687,0.00997648408115234,0.029320712427703916,0.009978705031552508,-3.659494496321969e-07
1547,0.6249203648585195,0.7962745781960645,0.018890068142578126,0.07031299156279941,0.018893157306049763,3.6485851950818216e-07
1548,0.4299392194384011,0.7239649506154938,0.018839635264746076,0.06957573346123634,0.0188449263471786,2.194384010612005e-07
1549,0.8883231405964416,0.9427950897282218,0.00687921122700196,0.020128608036604177,0.006879386663744782,1.4059644160013818e-07
1550,0.8853538519700386,0.9426025124791574,0.006688504537636706,0.01825410159976256,0.006688753576520468,-1.480299613998426e-07
1551,0.6592817328043158,0.83990418087008,0.023471338812597654,0.069335723850433,0.023475904554413594,-2.671956842448253e-07
1552,0.92134029821178,0.9624119052762672,0.006404838133945315,0.015543250570978946,0.006405083288892503,2.9821177993660797e-07
1553,0.8119059932947672,0.9054545942507263,0.01734333331191404,0.048196977378987184,0.01734854827338103,-6.705232813430939e-09
1554,0.9696324241939273,0.9848837035783637,0.003946975616103511,0.009702934683340455,0.003947151802434453,4.241939272064954e-07
1555,0.9087240871106788,0.9570606397740952,0.006034589192373037,0.016823416010239515,0.006034773983669972,8.711067878142131e-08
1556,0.29787497991344836,0.5742346578588076,0.020150879303105454,0.07433436575901027,0.020152566342952746,-2.008655164420503e-08
1557,0.6382514756997817,0.8148259436686044,0.02431301913193364,0.07674476083248864,0.02432224272956831,-5.243002183519252e-07
1558,0.8368589448312758,0.9545160649143806,0.015400616760742194,0.045007340518860656,0.015405643344864042,-5.516872425559427e-08
1559,0.3177128320193806,0.5854538394662508,0.016336841254248006,0.057254929283055936,0.016337709501560705,-1.6798061941436515e-07
1560,0.8843887758181379,0.9461745671559948,0.009782113684218767,0.02297585100324677,0.00978279935328834,-2.2418186207406876e-07
1561,0.661419661967815,0.816574843739991,0.014188800002539076,0.05129083660674154,0.014191676663913856,-3.3803218502104215e-07
1562,0.8021104420890544,0.8957960902065301,0.010343884914316407,0.02897914043952099,0.010344528352565895,4.4208905436438073e-07
1563,0.6390729693306014,0.8193756519709896,0.017880291486816406,0.05984288681297472,0.017885943065643155,-3.066939857632178e-08
1564,0.4760765409760299,0.7293126597240878,0.0160577979136719,0.05873673038037467,0.01606021747055299,-4.590239700563714e-07
1565,0.5879979911915202,0.8219110993869508,0.021381885236425768,0.07098259189335217,0.021384407381862487,-8.808479834421235e-09
1566,0.6321319300283101,0.8352280676205296,0.019297787435351595,0.05915245463134619,0.019302394449788814,-6.997168988664981e-08
1567,0.8004299364270498,0.9008700515427558,0.00871190300738282,0.02526633957772275,0.008712329718822309,-6.35729501263782e-08
1568,0.8478400715471488,0.944638821373275,0.008944306639697286,0.022021120950607424,0.008944727770003316,7.154714876111967e-08
1569,0.2975035430614934,0.5531844813076023,0.014230987889912129,0.06293443090400508,0.014232067382545288,-4.5693850658778956e-07
1570,0.30016627491884074,0.6101201075818593,0.021425012632031223,0.06949398847747458,0.021429529734745618,2.7491884074803963e-07
1571,0.8672722816078421,0.9363513220737129,0.008221901574287115,0.019984464691649315,0.008222218459737663,2.816078420453394e-07
1572,-0.2599191587274319,0.32746335368207163,0.020963123392431657,0.07382053220016815,0.020963727442112723,-1.5872743186484684e-07
1573,0.6223241437388338,0.7901592159800269,0.01455244058724609,0.04643004861293047,0.014553128049800813,1.437388338354495e-07
1574,0.9460700158998157,0.9734289294019227,0.007110992358789057,0.018741632704272745,0.007111789904067237,1.589981568628218e-08
1575,0.8293695427712883,0.9108887810305865,0.01132362492388674,0.026167348669286765,0.011324003223163816,-4.572287117809992e-07
1576,0.30056805796334274,0.5626409144858511,0.02137949146757813,0.06781092344414255,0.0213830990059348,5.796334273666659e-08
1577,0.7651336200563719,0.8885784712491513,0.018941477940625017,0.056975299039921976,0.018948905003733932,-3.7994362811488713e-07
1578,0.7981093972945132,0.9031179530902773,0.011189623242685553,0.03019821276305252,0.011190427720967754,3.9729451328796017e-07
1579,0.8246826751966613,0.915539799427571,0.009417535071591788,0.022719235124540132,0.009418435283375748,-3.2480333878037726e-07
1580,0.7361069685321504,0.8780595011083203,0.00897337393496094,0.03384409814861038,0.00897363660712383,-3.146784954832782e-08
1581,0.7168540965129775,0.866069821607753,0.014086919285253909,0.04292739994890068,0.014090244223589447,9.651297749879717e-08
1582,0.7587451262657651,0.8802791764024661,0.010490437729462891,0.03217142702747291,0.010490926105887522,1.2626576506580278e-07
1583,0.6932177362723089,0.8399518656509033,0.012820138769765602,0.03592849597199752,0.012820654780992109,-2.6372769112992245e-07
1584,0.8132572930389695,0.9066127262059488,0.009878783018789078,0.024125693876460467,0.009879193669109368,2.930389695343649e-07
1585,0.9473607712318495,0.9749849701289406,0.005960947903916003,0.013345784279625891,0.0059610979523816695,-2.2876815053418653e-07
1586,0.895979844196022,0.9514015470355229,0.01127071490791016,0.034456093318141943,0.011272672192128283,-1.5580397805248225e-07
1587,0.8796793510935241,0.9395564769766066,0.008810233180078118,0.019738498655999446,0.008811408399911175,3.510935241424207e-07
1588,0.4964857650816886,0.7137633912411365,0.019765181131054684,0.06368835156936657,0.019768324235303125,-2.3491831135924457e-07
1589,0.8263204428615865,0.9139755685512968,0.010975189214853511,0.03197432277953443,0.010976160295182629,4.428615864027208e-07
1590,0.36948076636300586,0.6308932652632858,0.020597778739257777,0.07111765535708922,0.020602581810914324,-2.3363699414025163e-07
1591,0.5999030881589663,0.8393261580574698,0.02384023379072267,0.07006989273882022,0.02384944116798853,8.815896634928322e-08
1592,0.9085293566916907,0.9533686751322599,0.007819413302958995,0.017966421515866117,0.007820113189247833,3.566916906283524e-07
1593,0.9036893912781591,0.9550288533617426,0.0076479891817382755,0.016067950860877766,0.007648138914325091,3.912781590953429e-07
1594,0.7026938176799656,0.8480482563854297,0.011432356264257816,0.03479629257996519,0.011434281932259736,-1.8232003440310507e-07
1595,0.6123896596606515,0.7926314102072806,0.02359880382177737,0.07751674583733886,0.02360747214324002,-3.403393484813222e-07
1596,0.6735962188617752,0.8455335060701954,0.015486783637499987,0.056140638754214614,0.015489028191297757,2.1886177525853867e-07
1597,0.5204682880429639,0.7222444025540453,0.01201182083877931,0.046295035295188545,0.012012392551064684,2.8804296381412797e-07
1598,0.6263847450041877,0.8007867520407917,0.014931555274804676,0.05691122079311551,0.014936838488350625,-2.5499581224330825e-07
1599,0.47797897737851613,0.7056080703722067,0.01647966903984374,0.06309101251763993,0.016481693919776455,-2.2621483852791613e-08
1600,0.9395704835267753,0.96952638455675,0.005634480623037107,0.01405255840233142,0.005634669288725248,4.835267752856254e-07
1601,0.6533544155751866,0.8296209273079225,0.013242078194238276,0.0386378434254441,0.01324402696274646,4.1557518659640635e-07
1602,0.4886966320560854,0.7929781933660677,0.030982955038671905,0.0892784194633844,0.03098878218166886,-3.679439146142549e-07
1603,0.874425816779333,0.95225945542497,0.01261973729101562,0.033132721312706066,0.012622003379868024,-1.8322066708265083e-07
1604,0.4845420305797902,0.7258949056619896,0.017309498738671866,0.05650829540351371,0.017310462106221454,3.0579790200047086e-08
1605,0.8678045844377092,0.9391470165598326,0.00852183582723632,0.0211398593993036,0.008522208530856884,-4.155622908008638e-07
1606,0.6652965147618071,0.8162019211378043,0.01353289863620116,0.04061201086916706,0.01353346054751311,-4.852381929598693e-07
1607,0.66909465581837,0.8215962983995556,0.013806526623632803,0.049922804354905065,0.013810053611892893,-3.441816299742939e-07
1608,0.773226379913543,0.885875528850643,0.012939485155468744,0.03434450663308727,0.0129413271165575,3.7991354306932124e-07
1609,0.3583785898529638,0.6785644097741491,0.024692140792206947,0.08821829366787169,0.024693446244084923,-4.101470362227744e-07
1610,0.887094273747491,0.9458485784521653,0.00670502387448243,0.018928569954679307,0.006705263729544142,2.737474908975912e-07
1611,0.8149474463153039,0.9126072260715287,0.01058149059462891,0.02414521461877615,0.010582768129465068,4.463153039369061e-07
1612,0.8587027941894648,0.9281883319468612,0.013386011263183615,0.04339867532094007,0.013388889243754339,-2.0581053516988135e-07
1613,0.646550791731352,0.8081184785428291,0.014790771758984366,0.05922483445194541,0.014794713832677152,-2.082686479942808e-07
1614,0.5963904658832502,0.8242411865693875,0.01782091821322265,0.05052141914044396,0.01782244424985275,4.658832502002497e-07
1615,0.4267646283744537,0.8714481803966339,0.030025772947265633,0.09569600165867352,0.030031772241244228,-3.7162554628045186e-07
1616,0.6285858189477651,0.8488118453313437,0.010427277181230475,0.04092280130312576,0.010428049220603156,-1.810522348710819e-07
1617,0.6965633663691497,0.8355205140187528,0.012870254692265649,0.03910593629942181,0.012871317810987997,3.663691496846866e-07
1618,0.65682480071966,0.8108383281267938,0.014405977717578117,0.03929782165971761,0.014407986006405188,-1.992803400074905e-07
1619,0.7979976399242227,0.9045039240981023,0.017389827374707022,0.054954875110475775,0.01739335611444482,-3.6007577730590157e-07
1620,0.8781724786272996,0.9411914498809555,0.007671184775146491,0.020557312607374128,0.007671566787872535,4.786272996826213e-07
1621,0.8092307405910286,0.9100032422644073,0.011550056953027356,0.03905683567134888,0.011552174058740578,-2.5940897141474295e-07
1622,0.8821512617063142,0.9393502242754621,0.008497846240498048,0.01958006658611818,0.008498211507650696,2.6170631417521406e-07
1623,0.6827112697673873,0.924338494422171,0.02001788748457034,0.06192243940573653,0.02002673294605013,2.6976738731754324e-07
1624,-0.08083228972862311,0.2795488653920839,0.01682093734832034,0.059762006422337435,0.01682133912751932,-2.89728623106833e-07
1625,0.7612881035803669,0.8735390569217476,0.012186519387187485,0.030658420658376838,0.012186937526741886,1.0358036695023998e-07
1626,0.8270763330188889,0.9171239726077172,0.00977445216922852,0.0262224235174166,0.00977502867862167,3.330188889094643e-07
1627,0.6873300379329399,0.8293577420090085,0.015206444662695336,0.03745482711472965,0.015208497520899204,3.793293990028701e-08
1628,0.6398759714579932,0.8345122909868951,0.01900207225214843,0.045248186298068815,0.01900731267279254,-2.8542006758058847e-08
1629,0.49447885134228475,0.721090065582546,0.019281858095605453,0.06732762429929669,0.01928386697894928,-1.486577152487456e-07
1630,0.9111945402961007,0.9554474020307887,0.007946275916074226,0.017660815193333408,0.007946696937322785,-4.597038992804059e-07
1631,0.5997379288789011,0.8384433555532648,0.014940294458691418,0.05666351916553784,0.014942345232816772,-7.112109889906293e-08
1632,0.813983098482544,0.9093844279279877,0.011296138001367188,0.027461672700063628,0.01129863322542459,9.848254400868228e-08
1633,0.9078406683598786,0.9579764420622634,0.008571188146025395,0.021199426807072486,0.008571775439762449,-3.316401213648845e-07
1634,0.5699092208067078,0.7660923898006506,0.011355510345439444,0.03999713851300604,0.011356042106760387,2.208067078068865e-07
1635,0.40893159989818284,0.6474506929333836,0.013769605425820342,0.05016075389123349,0.013770922155815128,-4.0010181717731186e-07
1636,0.8553460908786624,0.9263408974184743,0.011649397338183591,0.03452570031373302,0.011651173369649668,9.087866237322828e-08
1637,0.3550924240034393,0.800389720091044,0.02261262221684572,0.08383171313106076,0.02261370709700616,4.2400343930326656e-07
1638,0.7380577009781417,0.8843373471460417,0.009868721088574225,0.030060503481605924,0.009869142233296449,-2.990218582743509e-07
1639,0.8674370437806168,0.9594406139987279,0.013386049087695308,0.03806510482589267,0.013388795921016548,4.378061679854994e-08
1640,0.577327527109742,0.8130626734656515,0.022123120147851564,0.062494600704839504,0.022132251850781666,-4.728902579520522e-07
1641,0.625566511516324,0.7916781869984979,0.016554369910351533,0.06455665153435744,0.016558333366012687,5.115163240754228e-07
1642,0.8519251271571412,0.9246961071196291,0.012090576945800785,0.03562908626517252,0.012092427318145823,1.2715714114985843e-07
1643,0.6374671788687375,0.8538986766964817,0.012793470437988275,0.05135516019972533,0.012794795415822357,1.7886873748818033e-07
1644,0.84570250611374,0.9458641365706391,0.014305840559375017,0.04338953858712785,0.01430853394915659,-4.938862600001315e-07
1645,0.6223238563653208,0.8065762048114271,0.01865198491982421,0.05921823735739086,0.018657212110941332,-1.436346791505727e-07
1646,0.6865726817130093,0.8341704928688479,0.016463293757324242,0.05892825367572337,0.016465708209740717,-3.1828699065261645e-07
1647,0.7203579084065758,0.8746186714888986,0.016535042435742206,0.06533218816367259,0.016538074069791315,-9.159342428954886e-08
1648,0.643238510637325,0.8135105329926834,0.023741555432617186,0.06981856600225236,0.023745697786486095,5.106373249796903e-07
1649,0.7565687692341989,0.8739551067771538,0.010340519763232395,0.03896464616629811,0.010340981560549354,-2.3076580113468026e-07
1650,0.6863029386924029,0.8578146073827347,0.021049317970507787,0.06693188382633217,0.021056862077760658,-6.130759711009404e-08
1651,0.6140333914478889,0.8068439346534307,0.018906632154101575,0.06296488765104664,0.018912798218053414,3.914478888811246e-07
1652,0.8488393471843055,0.9248992373749467,0.011933097777636719,0.04065314819180534,0.011935145655281806,3.4718430552693746e-07
1653,0.7975101716615791,0.9154602845664329,0.008266459778847665,0.026157191707336613,0.008266846680747285,1.716615790625653e-07
1654,0.8895913299314057,0.9478126237661428,0.0072213163055371106,0.022170362471241323,0.0072216056462445005,3.299314056404157e-07
1655,0.12970098192288693,0.4165834626375752,0.016507790320019543,0.06371772030566929,0.01650976038019643,-1.807711308421389e-08
1656,0.2908968871544645,0.5477277798104646,0.01130228369019533,0.050377956972755496,0.011302850342321136,-1.1284553552703969e-07
1657,0.7565612826672526,0.9232975374999591,0.00793031067172853,0.02829167221422695,0.007931032568588781,2.826672526046181e-07
1658,0.5590087477704018,0.7555145676373013,0.011038411158916019,0.040129093026898766,0.011038986965391748,-2.522295982076983e-07
1659,-0.04945542009511339,0.340083997873694,0.017341709553320324,0.06634816411789483,0.01734395025467602,-4.200951133903619e-07
1660,0.8045928508072648,0.9026336755656212,0.010457098479619146,0.02906473047194609,0.010457628146040164,-1.4919273516600384e-07
1661,0.7805914485759607,0.9041873410460363,0.013014417371093758,0.035828365648852764,0.013015337026998884,4.485759607097961e-07
1662,0.6220569114601557,0.8187082397717582,0.01613521715967771,0.040376446300142275,0.01613662903048467,-8.853984423407013e-08
1663,0.8027449964011927,0.9013773063996603,0.016100749712890643,0.04435381583576479,0.0161033656692162,-3.598807363225376e-09
1664,0.7029053172534678,0.9017161709277546,0.01599338747675784,0.04533210291795154,0.01599556628882652,3.1725346782973673e-07
1665,0.6088435413844883,0.8208552150855115,0.018761700784472608,0.05851961814212242,0.018766501283650715,-4.5861551178916216e-07
1666,0.8811778333034282,0.9475969363881351,0.007328645552021492,0.019616539177538875,0.007329297671591071,-1.666965717683766e-07
1667,0.3225750682900752,0.7499125469456988,0.02081405567998046,0.060417805863472805,0.02081694389979981,6.829007520581243e-08
1668,0.9450131432047189,0.9721889670910256,0.008384379358203107,0.025933896185629624,0.008386033567058065,1.4320471886097863e-07
1669,0.6446993058975752,0.812611346377679,0.011318756008105469,0.04286035664016172,0.011320090170160734,3.0589757515908644e-07
1670,0.0686490255902128,0.3567971432572476,0.020310972223085918,0.07602707604890091,0.02031242647175923,2.5590212796022804e-08
1671,0.8794008772781309,0.9405201493955503,0.008333027253417965,0.021971472302808923,0.008334652061332179,-1.2272186911133076e-07
1672,0.8471423503199939,0.9228012689904159,0.01144120993691405,0.028141044660056957,0.011445169265035395,3.503199939025592e-07
1673,0.437185051126606,0.7003690164121973,0.01747450836565433,0.07135224597709174,0.01747548565894741,5.1126606004370245e-08
1674,0.4169835236872532,0.674633622633515,0.024791476329882822,0.07934798155969122,0.0247950104346256,-4.7631274679993396e-07
1675,0.4112962532764891,0.6526136622394393,0.015183719462373046,0.06469000579244688,0.015184978115294614,2.5327648911499523e-07
1676,0.8894785729932925,0.9517053201704635,0.0076201307625097655,0.01790847511270093,0.007620366288828429,-4.270067075484718e-07
1677,0.6184048681715436,0.7959025684341838,0.024258979820214813,0.07121985595371302,0.02426811181361783,-1.3182845637338403e-07
1678,0.6074890364280505,0.7942463967882198,0.010019763459267594,0.041248079431905234,0.010020125868783236,3.642805057602061e-08
1679,0.4349322914874325,0.7208896693009668,0.026830420517773405,0.08789207819140651,0.026845951160925724,2.9148743252438436e-07
1680,0.8567595811078953,0.9378148610890162,0.008440577416601536,0.022730082779192095,0.008441475869046852,-4.188921046699434e-07
1681,0.13015494884841838,0.41297921490149564,0.012748157273349625,0.05717896132790053,0.01274926470775772,-5.115158160928779e-08
1682,0.5563956604957301,0.7597620878056147,0.019843620728613277,0.0694267861001088,0.01984859802855529,-3.3950426991946614e-07
1683,0.29491814426010676,0.6290484627576943,0.026703713763476532,0.07668604121486468,0.026706521206398787,1.4426010674917222e-07
1684,0.5428195188435376,0.7678369958547985,0.027521089328027368,0.07986169408908349,0.027525586940119414,5.188435375780287e-07
1685,0.9467875394362968,0.9781475471364024,0.005212990682841797,0.012865112954962564,0.005213212381371226,-4.6056370317515416e-07
1686,0.6982798114045881,0.8420144073692933,0.01063385081756838,0.03252131087863255,0.010634509165468658,-1.8859541195404006e-07
1687,0.7684989534613744,0.8790833774044959,0.010668932219599631,0.03730442093670673,0.010669965630418556,-4.6538625619874097e-08
1688,0.7100173179605469,0.8460314720663684,0.013427700172382808,0.03777846777012728,0.013428477304012783,3.179605468917046e-07
1689,0.8505956740755217,0.9317122301808258,0.01073272276777344,0.03658228736819882,0.010734128200059628,-3.2592447829493665e-07
1690,0.8149996086945883,0.9070732427211133,0.009903463585009768,0.025126107047020972,0.009903940402297284,-3.913054116289061e-07
1691,0.8738471378493743,0.9550226200362528,0.008665508796972652,0.02148215491090424,0.00866604002253956,1.378493742487663e-07
1692,0.8718620510857427,0.9386648009281248,0.008032964027636718,0.03415951905107919,0.008034363646724867,5.108574263612553e-08
1693,0.9297704315508392,0.9642975393331581,0.009546738212148423,0.022186997206098003,0.009547666058345993,4.3155083917501e-07
1694,0.8433623385304693,0.920856522414115,0.00929931874931641,0.02237635840350348,0.009300328195778385,3.385304693237501e-07
1695,0.5537632349372136,0.7588564264480244,0.0158948859647461,0.06312622647740514,0.01589877591188895,2.3493721357237263e-07
1696,0.7776947863524935,0.8831157724329008,0.014625977957128914,0.04000196186964376,0.014627632591044715,-2.1364750657504317e-07
1697,0.34019583393418995,0.6046315596354038,0.022534064170410185,0.07496079109166869,0.022540391127465396,-1.6606581004774412e-07
1698,0.23953365496627999,0.6090271611857813,0.014378501780732427,0.056907792589634985,0.014379386131672726,-3.450337200117115e-07
1699,0.395813855072057,0.6342321501438064,0.021828292976367195,0.07066415930710142,0.021830559846420253,-1.4492794297993328e-07
1700,0.5485078078829296,0.7711329851372511,0.017881703560058613,0.05417330655941754,0.017884491260422603,-1.9211707036337344e-07
1701,0.8021265815192742,0.8967892518781825,0.010799021535371081,0.034713395578944435,0.010799776446116533,-4.184807258500456e-07
1702,0.7612892303688371,0.8960624313725014,0.016996531584765613,0.054874102578890444,0.017002111864902903,2.3036883711746725e-07
1703,0.9378626966987228,0.968959763347098,0.006739788679589854,0.022214049686831064,0.006740754750405097,-3.033012772046817e-07
1704,0.5079532359740668,0.8077620808080809,0.032197128686035185,0.08959779744023456,0.032201016987817375,2.3597406684228162e-07
1705,0.5167338884537473,0.7212646239852363,0.012330994326416024,0.04992198316146022,0.012332080406941386,-1.1154625267906226e-07
1706,0.8257679623147491,0.9160965325526437,0.010587994392578124,0.025533745238024676,0.010589090193987759,-3.7685250808827675e-08
1707,0.5650509805508104,0.7534915078948891,0.016010831824785157,0.04667434960257749,0.016011345322399402,-1.9449189592180005e-08
1708,0.821738375153632,0.9074993523089534,0.010838477214355487,0.049514707441255,0.010840300561582184,3.7515363204843055e-07
1709,0.798336433717886,0.9072698382347321,0.012806108116796888,0.05276386005083334,0.012808350834692176,4.337178859392665e-07
1710,0.8261037496265194,0.9095279735166782,0.008478854330175764,0.025185421633421,0.008479835087550387,-2.503734805037183e-07
1711,0.4478510014266882,0.7170168681545999,0.014885581275947253,0.05850312420524709,0.0148864549139029,1.4266882120139712e-09
1712,0.3633692133364427,0.6133221473978534,0.030764889616113286,0.08329957382395975,0.03077242657115468,2.133364426781803e-07
1713,0.6277344971866982,0.8248527520564084,0.025730126672070287,0.08275319755008351,0.0257351672339832,-5.028133018836201e-07
1714,0.7137954109467267,0.8459276741401645,0.01247176678564456,0.034729427561336026,0.01247345681680336,4.109467267587874e-07
1715,0.4065713537951897,0.6429057655447131,0.019070045239648385,0.06052545383930668,0.01907215496328611,3.537951897003566e-07
1716,0.8651376767245289,0.9312140017270848,0.010777345439091797,0.02896262571969463,0.010778355878590398,-3.232754710591479e-07
1717,0.31708753029523173,0.5720340637289485,0.016511544621533196,0.06745454143950598,0.01651206987361317,5.302952317265408e-07
1718,0.6191646163131896,0.826250470512459,0.024443158184765622,0.07368607420863926,0.024451337959316897,-3.836868103235247e-07
1719,0.6669855225926201,0.8559196010238006,0.013244788806992185,0.04483360050155998,0.013245095249356952,-4.774073798508027e-07
1720,0.8249313690659787,0.9133209481250842,0.009391268389511721,0.025526573478427104,0.009391796541040843,3.6906597877806036e-07
1721,0.5816376026516972,0.7965828919885323,0.01981412419296877,0.055714017933346134,0.019818543759936903,-3.9734830281634714e-07
1722,0.7305495391385388,0.8601134926675572,0.015313189630175812,0.05528679968811156,0.015317555292736816,-4.6086146121560034e-07
1723,0.43653132234781467,0.6956870264582742,0.01707483575664062,0.0576864154485849,0.017076934901294104,3.2234781466300433e-07
1724,0.6689717685937475,0.8469140093429322,0.011559025693857411,0.037200525830675256,0.011559558610316552,-2.314062524932936e-07
1725,0.3730609206555394,0.6654288186903339,0.025531298031054642,0.08455797991794727,0.025535817870817778,-7.934446055735123e-08
1726,0.6919197429893437,0.8561830229017369,0.009412851559257814,0.029260668777621637,0.009413341262544441,-2.5701065631267284e-07
1727,-0.4187430522286295,0.23372478086628615,0.015244281113486335,0.06783975504746526,0.01524488418982367,-5.2228629532358184e-08
1728,0.6639525056519409,0.861187215933937,0.013240139193105481,0.031399919594151636,0.013240668372040958,-4.943480591546034e-07
1729,0.7958055334510816,0.8961877796937167,0.013415643482714842,0.031198541150784204,0.013416273861770953,-4.6654891838748824e-07
1730,0.912664706122224,0.9577176904806753,0.00818996906088868,0.018063024534264532,0.008190510397193316,-2.9387777600309306e-07
1731,0.5466157991283342,0.746127908529288,0.01571148170488279,0.05401120537974722,0.015713393641482155,-2.008716657453391e-07
1732,0.6258272348762759,0.8165906903654861,0.01590996570498046,0.046010685611620646,0.015913371427445224,2.348762758730416e-07
1733,0.8865886733547751,0.9426481811313357,0.0115420681834961,0.03355020435101961,0.011545076961011508,-3.2664522486847147e-07
1734,0.7891083492101343,0.8933454808380636,0.010895423585351567,0.031108120056187172,0.010896178500710237,3.4921013425393e-07
1735,0.763063380367947,0.8798107463876107,0.0102578466779785,0.02696218164043535,0.010258277712650834,3.803679469172039e-07
1736,0.3124830866458209,0.5627829952658355,0.021040512380273442,0.06980295665788852,0.021043955087149877,8.664582090700534e-08
1737,0.6672088100517526,0.8205148226985046,0.014690302793847665,0.05790473199494688,0.014694417642231183,-1.8994824746432215e-07
1738,0.9483065646051426,0.9755399970694462,0.005221334123124999,0.012814878401240624,0.0052214976004348376,-4.3539485738985917e-07
1739,0.632077607520187,0.8121346512682981,0.014040518958281241,0.04642854316872985,0.014041042593410063,-3.9247981298284884e-07
1740,0.9263373809212248,0.9635379166088706,0.00658367338460938,0.017047908814051792,0.006584071229944599,3.80921224785169e-07
1741,0.43420241945132176,0.6714353030711544,0.020170711281054656,0.06443182817769508,0.02017609867467623,4.1945132178700106e-07
1742,0.8480419292393642,0.9301407908952608,0.009717687690332046,0.03465599188357899,0.00971893472587483,-7.076063579525282e-08
1743,0.7274149913517842,0.8750174544639292,0.01891365093486328,0.05405476310044264,0.0189169418282152,-8.64821581014752e-09
1744,0.5616871554686453,0.7535131879444535,0.018202445518652313,0.05563304616157962,0.018207984627921524,1.5546864529092375e-07
1745,0.7239952057963541,0.8583497048331126,0.0131930079125,0.035952477771620577,0.013194594386986929,2.057963540691432e-07
1746,0.6433833769318866,0.8242606681026056,0.016263692027558577,0.04897779887569712,0.016264484889481193,3.769318865920468e-07
1747,0.7437628104625602,0.8697736621090433,0.008720198398876937,0.027920110862454474,0.008720448573372926,-1.8953743974314818e-07
1748,0.7862888097717542,0.9018770172754541,0.010672232407031263,0.032504668091664655,0.010673364872390952,-1.9022824582215492e-07
1749,0.8820566936582304,0.9495124383740682,0.008208160803232428,0.019178610920688743,0.00820857157714589,-3.0634176961807924e-07
1750,0.8375279360605598,0.9188520676793028,0.00914341847101564,0.024859507137616622,0.009143962705045503,-6.393944029792209e-08
1751,0.6394679797321514,0.8064620391889104,0.013731053053906254,0.040421744499164525,0.013733531468796004,-2.0267848621635665e-08
1752,0.48938743092600834,0.7327758416331083,0.017536029711816403,0.06281306801690069,0.01753795959064355,4.3092600832128625e-07
1753,0.6376341317100274,0.7999551148077644,0.014189328569433604,0.05249704915422792,0.014191242010071926,1.3171002732903503e-07
1754,0.6705557128430449,0.8276926628544835,0.022244243726171894,0.07519424761722202,0.02224880079452191,-2.8715695510328487e-07
1755,0.4948201938289639,0.7523793764316734,0.017215890553916032,0.05904686799614877,0.017217522444295145,1.9382896393471682e-07
1756,0.4442942446718948,0.7385972432546279,0.02790534556416015,0.0822119991139169,0.02790949807324908,2.446718948001525e-07
1757,0.8924549433072556,0.9454029614456345,0.008540129761328124,0.018978027456828455,0.008541307330016446,-5.66927443879095e-08
1758,0.7183458910415585,0.877284920320855,0.01727200431621093,0.04752740245895202,0.017274820526552447,-1.0895844149150236e-07
1759,0.8451207229355551,0.9253247498995993,0.016433059979199218,0.04435318614938237,0.016436485138889748,-2.7706444494235427e-07
1760,0.7712644441484158,0.8794786190589802,0.012931343852148435,0.040183143646407175,0.012932679702259848,4.4414841582351983e-07
1761,0.9274982501358984,0.9693355922296067,0.006847399969521486,0.01936968941713269,0.006848009574677177,2.5013589832756367e-07
1762,0.6089002824534349,0.8259834565793062,0.02559301758925781,0.07869077747263153,0.025598039566248152,2.8245343486332786e-07
1763,0.7519662711797377,0.8839559934368647,0.0159054579227539,0.04355581626687954,0.015909208392949792,2.71179737665328e-07
1764,0.6850343515899473,0.855965059301193,0.01461171400537114,0.04931101661738007,0.014614386247357909,3.515899472672501e-07
1765,0.8001634124647119,0.8961112490179111,0.008465371232988284,0.025233695934928756,0.008465798031370531,4.124647119407854e-07
1766,0.6962862805359702,0.9169041363062839,0.011492955446875007,0.03723284430545556,0.01149415964400427,2.8053597023181e-07
1767,0.36978961703657975,0.7126514554802403,0.021680759260546877,0.06950531155709677,0.021685238502693324,-3.829634202534571e-07
1768,0.4654474505615317,0.7134107154513478,0.019997559023466772,0.06612797077355535,0.019999433272555846,4.5056153169520385e-07
1769,0.7646346999838134,0.8920321904759926,0.012761437364453131,0.0369479349605681,0.012763976324844162,-3.0001618656072537e-07
1770,0.44783667872558064,0.7337597256531204,0.020597804554589833,0.06237150712478953,0.020601807770144517,-3.212744193459294e-07
1771,0.937619731773616,0.9693990399586072,0.005316070140341799,0.013586924437408032,0.00531619229899816,-2.68226383992598e-07
1772,0.7482262187768871,0.8780098832384222,0.009593020370966805,0.02734171536470438,0.009593871023917233,2.1877688716198662e-07
1773,0.5637895526435486,0.7764525307175105,0.026514964801367197,0.08340284996806216,0.026524390548579125,5.526435485903036e-07
1774,0.7733969744989315,0.9283939208478984,0.008682215528593763,0.0265363192967123,0.008682555731270842,-2.5501068479094613e-08
1775,0.3928134258165561,0.6529076942153705,0.01360304328089845,0.05568636834896904,0.013604002192186732,4.2581655607110136e-07
1776,0.852012309240981,0.9341118139496429,0.009532904521015611,0.02513762134508757,0.009533344376655133,3.092409810445673e-07
1777,0.6299170498188922,0.7956845951861203,0.015568636801562511,0.055086146982708015,0.015570512143629062,4.981889223376612e-08
1778,0.8618529872365204,0.9309949389931214,0.006848195318378916,0.02152831199563727,0.006848471539630611,-1.276347960654789e-08
1779,0.26477623086179847,0.7268004863840953,0.02175137307978515,0.07012243300762229,0.021757394974076142,2.3086179845588362e-07
1780,0.6637744543194459,0.8392482236796976,0.018656853174121062,0.05624829484082622,0.018660890922528334,4.5431944595275553e-07
1781,0.8255845494686411,0.9438292278213989,0.01394139928408203,0.03904698571330544,0.013944605678822606,-4.5053135888650786e-07
1782,0.842798006806766,0.9264172501863651,0.00835670765275391,0.021827579943949706,0.008356946554122164,6.806765928679681e-09
1783,0.8916703015135512,0.9472141111613993,0.006808502313457033,0.01817329355444089,0.006808670890428996,3.015135512374201e-07
1784,0.4292289334315884,0.6671073122533989,0.025614766963281237,0.08245532346506505,0.025622095933224072,-6.65684116163412e-08
1785,0.7208473705751064,0.8753071726097714,0.011202457126679674,0.03225684031514546,0.011203268622110428,3.7057510637872326e-07
1786,0.8326649952637634,0.9150323803841479,0.009236708518994125,0.022003563061233997,0.009237145721229799,-4.736236625113577e-09
1787,0.3626623365916004,0.612497069399636,0.018304273087890597,0.06378344010829456,0.018306422325944142,3.365916004249847e-07
1788,0.7204553875784989,0.8994670368349402,0.011519181379501945,0.03613327211780685,0.011519581269900561,3.875784989615383e-07
1789,0.6968934168532447,0.8417538080846164,0.011658648841894537,0.03676523281096126,0.011660809047583433,4.1685324470019935e-07
1790,0.8020875917412007,0.9084036382185141,0.01733008579677737,0.05031183616057213,0.01733611338483931,-4.082587993226028e-07
1791,0.44653172418314047,0.6862154312245111,0.015238093169980472,0.049770643598325226,0.015238744312838875,-2.758168595184962e-07
1792,0.45306499924151566,0.7001145413617124,0.020963218539843776,0.06986125352408148,0.020967357359898797,-7.584843308983125e-10
1793,0.7721302586206548,0.8879212109747543,0.015414235291601557,0.047174876313185614,0.015416593167026895,2.586206547805503e-07
1794,0.7261064717456446,0.8907451755920063,0.019371775146289075,0.06617148897215352,0.019375463102936828,-5.282543553697394e-07
1795,0.5528963406514007,0.7685233430199266,0.027058899688378876,0.08347829263490686,0.027068625689206635,3.406514006432104e-07
1796,0.37675726270068244,0.634390854315024,0.019277092230556656,0.06778333540382009,0.019278807630326966,2.627006824296174e-07
1797,0.8418257699977623,0.9250775822734514,0.00894111662763672,0.02131274016493298,0.00894205986025434,-2.3000223769997774e-07
1798,0.4713459525381585,0.6903962961693739,0.02213901955214843,0.07529899048216003,0.022149157631355717,-4.7461841512497216e-08
1799,0.8220047816996758,0.9248258168644805,0.011590280569238285,0.034307139692729846,0.011592291910712378,-2.1830032415071088e-07
1800,0.5715841993085015,0.8305634313089374,0.017411779614648442,0.052794818039775135,0.017415934833775813,1.9930850148064394e-07
1801,0.44536513529153343,0.6917433607851082,0.014869772788310528,0.05148023117088168,0.014871165129847158,1.3529153342073386e-07
1802,0.9127802585308908,0.9681648765541936,0.009553833052734377,0.026224999624859534,0.009555118246714938,2.585308908065187e-07
1803,0.8676178498890442,0.9319856234949597,0.010535014832031248,0.03821273901496595,0.010537826520150397,-1.5011095577666111e-07
1804,0.7405234704030164,0.9051861000067881,0.019453618370019535,0.0561997867551535,0.019456484625399905,4.7040301631717796e-07
1805,0.0640600857967597,0.6825946346532246,0.015296710288349627,0.054174301054023655,0.015297299029684408,8.57967596967768e-08
1806,0.8081204825604247,0.9036641600230425,0.01641954211474611,0.04167758987346285,0.016421862236497536,4.825604247304938e-07
1807,0.7903818649868882,0.9421920789033771,0.007235025095595694,0.02424643440776207,0.007235413846784497,-1.3501311180164066e-07
1808,0.6154467035049745,0.8821793744497236,0.02436684298173829,0.07267607806027357,0.024371993008083234,-2.964950254202847e-07
1809,0.5455612423068232,0.7465047020813635,0.016531793568066413,0.06246854435145449,0.01653387027508135,2.423068232726422e-07
1810,0.5749727157925857,0.7669523808882781,0.02068762535927737,0.06026861072776096,0.020690974644586843,-2.8420741426948837e-07
1811,0.902910836007573,0.9504379901788717,0.007023389852558592,0.017536160650993782,0.007023718814118464,-1.6399242697140437e-07
1812,0.6236907786842081,0.8014565218168525,0.016718753729492185,0.0588229672647582,0.016720906362256354,-2.2131579191508877e-07
1813,0.9184993731328575,0.9621565128051606,0.006335966554687483,0.016021683491539356,0.006336747498617586,3.7313285750073533e-07
1814,0.9357165006221378,0.9696493383280166,0.00670425233024414,0.014403544506139098,0.006704486393384503,-4.993778621731337e-07
1815,0.8973881891609603,0.954118251522821,0.007646124170830062,0.021005242515874715,0.007646455059091345,1.8916096033994023e-07
1816,0.7300905089414397,0.8689203006847173,0.011535859975878889,0.032864210442178465,0.011537487381162705,-4.910585603701279e-07
1817,0.31134468554466344,0.6663608718042466,0.01919031932099609,0.06605960200350705,0.019192349443577828,-3.1445533654750335e-07
1818,0.2547903407676062,0.5247619220679262,0.019548708729169938,0.06645689736599728,0.01954952036543398,3.4076760618839685e-07
1819,0.9192970746899705,0.9593521251876832,0.009657684191113269,0.028863576077820436,0.00965922904184192,7.468997043069692e-08
1820,0.16917425127588248,0.44425133611204515,0.018071869283291023,0.06583447913227296,0.01807353206306112,2.512758824901873e-07
1821,0.8975280915978197,0.9477553456111792,0.008329848307500012,0.02419273505223239,0.008330314387090513,9.159781966250335e-08
1822,0.7478763167817277,0.891897856462415,0.020800193477343756,0.06692167085074743,0.02080483884625635,3.1678172773830227e-07
1823,0.7503609387625187,0.8849666340373095,0.008984334099423846,0.02935323169920612,0.008984837704878257,-6.123748119701844e-08
1824,0.40649373178858883,0.7065593882232277,0.014895466039257793,0.04711271581970238,0.014897111179385221,-2.68211411191821e-07
1825,0.7297281595889824,0.8623484874432006,0.022177933438085936,0.0674827530938585,0.022186927521515982,1.5958898236245744e-07
1826,0.9385727035043085,0.9784838494635397,0.0068744862718750094,0.01981686041544092,0.0068752830745565955,-2.964956914430772e-07
1827,0.9045296888242395,0.9583361307298179,0.00711230950595704,0.018255746463667736,0.007113596808755861,-3.1117576049233264e-07
1828,0.42237320765327246,0.6517431381823441,0.011455396237314447,0.05021592349191632,0.011455644065166902,2.0765327246596854e-07
1829,0.8205321457243733,0.9122660069777055,0.009509965091308607,0.03477351340179306,0.009511667750222238,1.457243732350122e-07
1830,0.6558691396475786,0.8436073653631694,0.014698215194921878,0.04097936401923445,0.01470093366805428,1.3964757861195665e-07
1831,0.793182270326561,0.8929883799110964,0.010540825176103516,0.030560434029019683,0.01054138488379441,2.703265609138583e-07
1832,0.8459717617028678,0.9286092694276581,0.008787143978964847,0.025147442947685544,0.008787670668094216,-2.3829713213796566e-07
1833,0.5816490775944976,0.7748927659637687,0.024897326589160218,0.07652941165362259,0.024907765934509465,7.75944976050269e-08
1834,0.8515231696189615,0.9404565956055636,0.006661438599824226,0.020114651970874257,0.006661597250825569,1.6961896143197208e-07
1835,0.44043524375928733,0.7463759406335291,0.02062756815634766,0.06229932150811857,0.020633033277391123,2.437592873105743e-07
1836,0.5226022089966564,0.7429981131807014,0.020226624847265597,0.07247175435042097,0.02023324590788678,2.089966564255974e-07
1837,0.2918653341137344,0.7123614567428747,0.03064294671328125,0.09382508991705307,0.030646168854539232,3.341137344015088e-07
1838,0.1355732807754374,0.4363517015339125,0.016222717253085942,0.06563752594686978,0.016224230647211565,2.80775437400127e-07
1839,0.6477585350661658,0.8299140769736202,0.01178865310407229,0.044316386004008584,0.011789393803272511,-4.649338342099796e-07
1840,0.8991997604416145,0.949722723869451,0.007304401386416016,0.017869653061575556,0.007304913109166451,-2.395583854619687e-07
1841,0.44399667655514474,0.7857453590606374,0.019439670546679676,0.05441491841635356,0.01944296744595066,-3.23444855232502e-07
1842,0.7854752445614954,0.9411068614956475,0.010065976319912122,0.02891974216253663,0.010066912662586002,2.4456149538831795e-07
1843,0.2632146386490345,0.5323489502909687,0.021425765632890614,0.06695903661943252,0.021426844938638737,-3.613509654831759e-07
1844,0.8449070143236056,0.9243422122364389,0.01677604266718749,0.046028360234515994,0.016784674444504565,1.432360563491386e-08
1845,0.738330684142397,0.9037727729702565,0.018933637288281225,0.05547587489005736,0.018936820291294613,-3.1585760296160004e-07
1846,0.8113971826211415,0.9148599986594083,0.008701293299414077,0.02529048927980552,0.008702675094500767,1.8262114143130503e-07
1847,0.5518947234859566,0.7683421504169106,0.02607963452607424,0.07323195294336096,0.026089695320479715,-2.7651404344020136e-07
1848,0.5477184416627555,0.8274566684513027,0.0134752054823242,0.0516440099039093,0.013475823411490196,-5.583372444384338e-07
1849,0.9345791351713826,0.9680707335703523,0.0063728344465820265,0.023781423754285092,0.006373541075982287,1.3517138253149596e-07
1850,0.8413149161988147,0.9178940495076408,0.013109972990527347,0.038583891068386736,0.013111918729773676,-8.380118532436143e-08
1851,0.8414353456792781,0.9177208181614643,0.011813336452246123,0.04284130833057633,0.011815313820632015,3.456792780909268e-07
1852,0.894793305695672,0.9459768535846391,0.00802971824052734,0.017988191922819356,0.008030714840192934,3.0569567199822956e-07
1853,0.8968922499045439,0.949661834973565,0.014006769516210927,0.03488891163563234,0.014009435831264754,2.4990454383644334e-07
1854,0.5408263683074175,0.8477793395141949,0.018260507934990185,0.06880158083890242,0.018261102054832428,3.683074174531953e-07
1855,0.5627860301417075,0.7596706030022146,0.019349441683398434,0.05983000150308867,0.019355227427337446,3.01417074632937e-08
1856,0.8738341700297179,0.9357468031406235,0.00674292538120117,0.019989914424917272,0.00674315674895653,1.700297178608423e-07
1857,0.9169559194768487,0.9595390831498609,0.010676409054394516,0.027088389897188193,0.010678121651053961,-8.052315125794962e-08
1858,0.6872104210797156,0.8321946728186992,0.01940121657304687,0.05889637303986827,0.0194042105437723,4.2107971565119584e-07
1859,0.9107745383143565,0.9555916505723362,0.008310557226298828,0.021225476243223598,0.008311260972514388,-4.616856434935812e-07
1860,0.5785576471424976,0.7637776482077234,0.01865513251181639,0.0633624364506831,0.018658591855795353,-3.5285750243918557e-07
1861,0.7917567965645235,0.8912714753968863,0.009707361587197275,0.0281333643774567,0.009707779373423178,-2.0343547657564187e-07
1862,0.7132618591506659,0.8477003373250206,0.010457227553330076,0.0316369312977348,0.010457664654640332,-1.4084933408486933e-07
1863,0.8352307741264173,0.9206852100794821,0.009430011162539068,0.023565530129597678,0.009430216429871493,-2.2587358261549895e-07
1864,0.08812640563631724,0.36017645557913924,0.02030516234518551,0.07800046838897824,0.020305770645562854,-5.943636827571153e-07
1865,0.9039933177279366,0.9528729068887899,0.0073321221517285325,0.018742853156449774,0.007332522038517051,3.177279365162988e-07
1866,0.9031837201717781,0.9588840479300377,0.0076006247318359385,0.019492588744750985,0.007601268751839356,-2.7982822192740286e-07
1867,0.9368975333535287,0.9705109993629691,0.0063537396372949214,0.014971014371209328,0.006354120025546509,-4.666464713531937e-07
1868,0.158356811418912,0.5662489566943012,0.018717575653027365,0.05967845690136904,0.018719626492939574,-1.8858108799535422e-07
1869,0.7414600281738094,0.8635026156001648,0.011075112075253905,0.035005349639083,0.011075628751673826,2.8173809396569993e-08
1870,0.6585230753640747,0.8132658445494839,0.014485114925390633,0.042968334276709756,0.014486769581033346,7.53640747586104e-08
1871,0.4960047475961554,0.8105145976907338,0.016195926744531238,0.04691280043469628,0.016198289772100968,-2.524038445472776e-07
1872,0.6522208492191357,0.8236654732890433,0.026812225937011717,0.08584885152966312,0.026824076811464613,-1.5078086434971993e-07
1873,-0.01628887019839187,0.42006647603453195,0.014221611784560531,0.055950530919165374,0.014222356005605532,1.2980160813205743e-07
1874,0.47270602499354597,0.7239614767643516,0.018870975299218787,0.06562570801158392,0.018872995508065857,2.4993545955087626e-08
1875,0.8386426274517479,0.9263621239552884,0.011375715771777336,0.03216906865869407,0.011376866653332613,-3.7254825213661746e-07
1876,0.6645227440698911,0.8171891521944666,0.011657412304462883,0.041320971427897826,0.011658084925483574,-2.559301088833621e-07
1877,-0.11171479322030975,0.5447524061078975,0.017278967327900397,0.05958729022849071,0.01727963669558054,2.0677969024551768e-07
1878,0.579655656398675,0.7685417136392948,0.01904741811240237,0.06605638022842342,0.019049705240968273,-3.4360132494803963e-07
1879,0.6859552948152976,0.8604604838467376,0.0142264712881836,0.04836878243069509,0.014228217320945999,2.9481529761898884e-07
1880,0.6359982411863441,0.8471903411326444,0.01980344202597656,0.06337721698802025,0.019808753142926613,2.4118634411873785e-07
1881,0.8516242616475732,0.9252564562556863,0.014247659676074213,0.04120611556037684,0.014252481243445683,2.6164757316315956e-07
1882,0.6839998322060771,0.8318758050600695,0.01854026257851565,0.05645593151139742,0.018545080328899465,-1.6779392297827656e-07
1883,0.8415137905485885,0.9246210778207667,0.010039351271093754,0.023910040616954883,0.01004082572618834,-2.0945141143702273e-07
1884,0.22017525282575,0.4875551554556508,0.01835706629228513,0.06968064841322116,0.018359455233779874,2.5282575000229457e-07
1885,0.9382114422350143,0.9721971128186239,0.007295838723632812,0.019629752310940204,0.007296804564439303,4.422350142752052e-07
1886,0.4654810402351319,0.6952773797461583,0.018046174478222692,0.05746639794709736,0.018048180177900316,4.023513194839623e-08
1887,0.5013520848262207,0.7461638892168758,0.018687436566406295,0.061714003176018106,0.018691372031049158,8.482622071426249e-08
1888,0.5511075748265144,0.7604707598302245,0.020490172212792975,0.07384831885060207,0.020496178099231648,-4.2517348564086177e-07
1889,0.8602474208608983,0.9411295063939643,0.00844799243602539,0.023902879106190697,0.008448503153532549,4.208608983535811e-07
1890,0.7293028546585816,0.8800649769162018,0.024134272896484423,0.07129782130171446,0.024139643407102777,-1.4534141845601312e-07
1891,0.4260425344324281,0.6689125771826392,0.0171184695296875,0.05900187693873732,0.01712024539390994,5.344324281453261e-07
1892,0.7568723978218296,0.8830830581312674,0.014559230658105488,0.04247175515655734,0.014560110336437284,3.9782182958969514e-07
1893,0.466983563383103,0.6843560340437953,0.01576526782060546,0.054466677562543475,0.015767713262060386,-4.366168970260098e-07
1894,0.9150054811845293,0.9744158671633142,0.00505901148273437,0.015394259527162826,0.005059102416811896,-5.18815470695877e-07
1895,0.7674976400114962,0.9042064165758088,0.015624345928125017,0.05028886473750388,0.015626635403667308,-3.599885037841588e-07
1896,0.8277558654906101,0.9333879212993059,0.010216016791503892,0.03491129847282085,0.01021801721564987,-1.3450938995962503e-07
1897,0.31411388809817065,0.6466745802501398,0.032003484912011694,0.10650316659674795,0.03201699365964965,-1.1190182935827409e-07
1898,0.2961891158995261,0.6687980943519635,0.01627227862763673,0.05506868238430044,0.016274123546907448,1.1589952614299293e-07
1899,0.21534489486761188,0.5372099678018233,0.019331972299511696,0.07589667127313887,0.019334446491893816,-1.0513238812848158e-07
1900,0.70086967527397,0.8692270524879491,0.01386692075664062,0.051553094419137156,0.013868606032200416,-3.247260299543697e-07
1901,0.5977972719842183,0.8000000394973635,0.013926016176220687,0.05146637675794901,0.013926510068619797,2.7198421825858077e-07
1902,0.7352985559926968,0.8666166713874647,0.021322329810839806,0.058692713421404835,0.02132876745352441,-4.440073032574432e-07
1903,0.544923701476078,0.7516970358449393,0.020126050411621032,0.06391632087322387,0.02013359899921245,-2.985239219155389e-07
1904,0.708218595236959,0.8608925268975044,0.014237248644042973,0.0588188458279508,0.014239146977215766,-4.047630410841663e-07
1905,0.8793536778473119,0.9471454370269098,0.0072603837828125115,0.018647500593643652,0.007260519284359206,-3.2215268808144515e-07
1906,0.6132611111384094,0.7938186089295045,0.012042013964843742,0.039379696290018786,0.012043674329874207,1.1113840947540865e-07
1907,0.7565316099658901,0.8855736193986333,0.012700262439843768,0.04614328262655286,0.012703440488768755,-3.9003410989835174e-07
1908,0.8286899899306447,0.9284187793322504,0.012920673492089847,0.04485759790230425,0.01292436775330291,-1.0069355349529019e-08
1909,0.6329077491732196,0.7963410717505387,0.014777875774218774,0.04738391698071721,0.014779206715236137,-2.508267804568476e-07
1910,0.6710013597356504,0.8324489282019658,0.012803118423730483,0.04025154819062787,0.012804985755595744,3.5973565049030043e-07
1911,0.33031056139092896,0.6974028869585135,0.03412920886943361,0.09950829340852715,0.03413623061014316,-4.386090710628565e-07
1912,0.3333502886943692,0.7480513433412801,0.04654565243867189,0.12096703567709521,0.046555718166696416,2.8869436924372494e-07
1913,0.049181536464456665,0.567454355974475,0.015067866743593726,0.06538969888827231,0.015068951327748992,-4.6353554333106173e-07
1914,0.74188595972558,0.8701932889788649,0.01291745664587891,0.03517679840281665,0.012918056867372862,-4.0274420021191304e-08
1915,0.2558170851217725,0.5380840464451351,0.024676013372929635,0.09436358152187402,0.024677014339752733,8.512177246400299e-08
1916,0.6426020135160901,0.8205018970265328,0.012787414281826174,0.04321706071154398,0.01278812999253984,1.3516090136000969e-08
1917,0.8543314565335843,0.9381345488702935,0.00853458751822265,0.027828714523121665,0.008535158376756691,4.5653358438091374e-07
1918,0.48119837491718753,0.7024031434127322,0.017374888249404294,0.06312433647052591,0.01737600845738569,3.749171875178092e-07
1919,0.8567883111474311,0.9419111269528824,0.007000261535419919,0.02023489440613906,0.007000422100041382,3.111474311534579e-07
1920,0.7418090635742602,0.8696810665788343,0.011614757047958986,0.027840115111484806,0.011614963391732727,6.357426018954726e-08
1921,0.6910210281986611,0.8338977191498769,0.014616256128154285,0.03717746171990481,0.014617507512069357,2.8198661072842413e-08
1922,0.8397432042785117,0.9337737902718332,0.012515138043652336,0.04113794810272719,0.012518268349317498,2.042785116618262e-07
1923,0.6383557823469788,0.8020492892130268,0.014494513259179708,0.06735728336083592,0.01449648699357475,-2.1765302127274566e-07
1924,0.8229072776052953,0.9136363778862522,0.008860040907421854,0.023918360016834228,0.008860951914293494,2.7760529519582633e-07
1925,0.5100063896844438,0.7229498118841642,0.009140195275302741,0.044310512712431104,0.009140500915646574,3.896844438244784e-07
1926,0.5214973536579613,0.7389300466315707,0.01770025605583006,0.06053932831701019,0.01770185782472104,3.5365796136055394e-07
1927,0.5148446152266438,0.7234358477418456,0.02841859184511715,0.08844882826147817,0.028428235131740184,-3.847733561768152e-07
1928,0.8415529397191233,0.9203404404657717,0.008661825334560546,0.022562891389474763,0.008662197150711043,-6.02808767347085e-08
1929,0.6594410134775679,0.8244291919659148,0.014710106761718762,0.047603826359892,0.014711806178355286,1.347756783953713e-08
1930,0.6392609466753982,0.8058420799677944,0.01834297995800782,0.057216996094176784,0.018348815336335395,-5.332460173423925e-08
1931,0.31986308685875764,0.5796331237802174,0.020444068612011732,0.0656678091396577,0.020450565842672325,8.685875763081441e-08
1932,0.857327599776061,0.9270019616129936,0.009051842709863265,0.02126839191897428,0.009053346489727235,-4.002239389899742e-07
1933,0.8248723561286957,0.9175649864351199,0.014822262672851572,0.04796637934435512,0.014825183838935342,3.5612869564438654e-07
1934,0.7447021876653717,0.8672979677512994,0.009955132633593754,0.03428304689094802,0.009956407986731483,1.8766537168701802e-07
1935,0.6671725801248367,0.8232383617462212,0.021505138751269522,0.05963532522748497,0.021508737382422722,-4.198751633044395e-07
1936,0.6341732048968438,0.8252727600261599,0.011061284584326177,0.035386104402744055,0.011061508361516323,2.0489684382507534e-07
1937,0.2537302243437194,0.5342661229401653,0.022213165521503944,0.07146221140257714,0.022215037521846708,2.2434371937940512e-07
1938,0.49826813266511405,0.7239271548304334,0.017502758675000025,0.06141963065130644,0.01750659348730078,1.3266511406095916e-07
1939,0.6240329210035851,0.7907750147168889,0.010159969863574208,0.04047406550020067,0.010161296739928324,-7.899641485398234e-08
1940,0.529374507878568,0.7597581436010691,0.029172484736914108,0.0792821280796483,0.02918197833191476,5.078785679790698e-07
1941,0.6877713252302055,0.8901653773504703,0.026079597790136716,0.06975022574824223,0.026085483768256604,3.252302054335132e-07
1942,0.7784336376239077,0.890790523273426,0.013762844555859367,0.05407232947062916,0.013765277766924669,-3.623760922444319e-07
1943,0.6977636663305884,0.8393124580958279,0.009917659872753904,0.035488611342459515,0.009917889770728114,-3.3366941165624553e-07
1944,0.48736921175691583,0.7167584815889538,0.02634590771796872,0.07642279697307516,0.026355943747712118,2.1175691583552592e-07
1945,0.7693941197601456,0.8784195652116349,0.013281565713769506,0.03480105316864894,0.013283584155710322,1.1976014557824044e-07
1946,0.5134346289480567,0.7417795282511116,0.018593731043222657,0.05697796009598309,0.018594239482061688,-3.710519432820192e-07
1947,0.2539650878159828,0.588239364931132,0.02189788415075195,0.07271283659449329,0.02189986960672741,8.781598281881742e-08
1948,0.509117655959387,0.7892087921410806,0.020280157376474612,0.06553322622879434,0.020282102670463625,-3.440406129984197e-07
1949,0.601255666858608,0.8105887328859157,0.016031775369794898,0.04914509626323836,0.01603326474256565,-3.3314139202822446e-07
1950,0.7956428373721425,0.9359188136019992,0.015922400219531254,0.045591444197016086,0.015925204210049528,-1.6262785751397502e-07
1951,0.35287079654364595,0.6089646151678829,0.016881831366142554,0.05740704729812868,0.016883181508089807,-2.034563540420642e-07
1952,0.9212671658384053,0.9604963593513423,0.007287292878945308,0.01864668238412127,0.007287840419789048,1.6583840534156735e-07
1953,0.7651289681076393,0.8866386247423275,0.009608065185400378,0.028873842199739798,0.009608443553320446,-3.189236064127243e-08
1954,0.5663253043196577,0.7567587940371415,0.015128207905859382,0.058576409072728604,0.015129916188384412,3.0431965769572855e-07
1955,0.7353866089867207,0.8852602213662819,0.018752244316992156,0.05928043925622983,0.01875574368675068,-3.910132793105703e-07
1956,0.9068865774314431,0.9656905618287447,0.007374186963437493,0.018366941100258886,0.007374500318861416,-4.225685569236859e-07
1957,0.44341688926398515,0.7117295246061136,0.015019801826406274,0.056001697634013525,0.015020199863805492,-1.1073601485778184e-07
1958,0.6252475476280837,0.8060756813750736,0.01493381579241209,0.04655941927879105,0.014934698253414447,5.476280836580472e-07
1959,0.9404806147462741,0.9712012864100071,0.004902408628945315,0.012946109264417707,0.004902550606761861,-3.8525372592079776e-07
1960,0.6593079795282037,0.8120162395131173,0.009997369550693351,0.035139435064024144,0.009997853560581256,-2.04717962581924e-08
1961,0.7886141835056381,0.9088212313322905,0.018311163557910137,0.04650128550081531,0.018315818702728456,1.835056380183886e-07
1962,-0.141104330192952,0.7223395568047761,0.026462626811669967,0.07742954891338467,0.026464320261406347,-3.3019295198055687e-07
1963,0.034821094674061914,0.3460236874568272,0.016351740281582046,0.05339713704266827,0.016352010257359398,9.467406191648875e-08
1964,0.6966159986504568,0.8422458769880025,0.016010867926269504,0.06081016541921039,0.016013351963864858,-1.3495432549248676e-09
1965,0.5728676533213424,0.831568446620891,0.015716524625478505,0.052411075129272365,0.01571726980733074,-3.466786576700187e-07
1966,0.5149160529415544,0.7257500719328449,0.015453955931826158,0.05655532218453599,0.015454820651451096,5.294155436263992e-08
1967,0.5057579549412896,0.744435447991035,0.01850664689511717,0.057709289592733304,0.018509086505624037,-4.505871042947973e-08
1968,0.8443273037931415,0.9200981608665632,0.007504079608466802,0.023232782644540866,0.007504488830569124,3.037931414207051e-07
1969,0.6583385913457005,0.8132009362450476,0.01788167487578125,0.054679929892382316,0.01788427191350076,-4.086542995107578e-07
1970,0.46899635929574424,0.6852606423042631,0.017246548215966787,0.05034193332455812,0.01724712833589124,3.592957442122291e-07
1971,0.7764550207827038,0.8869485844525047,0.009434511966298841,0.031163836517357192,0.009434989611232661,2.0782703780142242e-08
1972,0.6417495527380335,0.815541571343653,0.021228271912695298,0.06710766470612556,0.02123538792941414,-4.4726196657407513e-07
1973,0.8667190499341276,0.9504483848541947,0.00916650124268555,0.024706505667712923,0.009166808423994194,4.9934127610562484e-08
1974,0.9325910346604525,0.966003827589164,0.006418003973388672,0.014017041332666036,0.006418192474097088,3.466045250810623e-08
1975,0.6047152503732769,0.7790758530813986,0.018824447097851565,0.06430303132163923,0.01882989897875856,2.503732768888156e-07
1976,0.760206464010337,0.8902182020568845,0.012125104553222665,0.04027748759725478,0.012126893028619214,4.6401033693133087e-07
1977,0.7725833303051937,0.9007990590997303,0.01525231794609375,0.052039233650938266,0.015255139698436854,3.3030519364096733e-07
1978,0.8824746305428834,0.944545309907294,0.007642694167880861,0.018156307001527636,0.007642857186126784,-3.6945711656688474e-07
1979,0.8904814413201557,0.9531590391330601,0.012838398868261743,0.035953373786080434,0.012841868449606412,4.413201557529334e-07
1980,0.8543120385441415,0.932236387319777,0.01180122838115233,0.03655222551465157,0.011803407807222804,3.854414154513819e-08
1981,0.5123793602020302,0.7344455789841615,0.023444971596777275,0.06819002790831724,0.023451194819240382,3.602020302029274e-07
1982,0.739118315249206,0.8680080183959932,0.012900454758007777,0.03811865851621157,0.012902960720717407,3.1524920596215367e-07
1983,0.4104769659997469,0.658278680830081,0.018750514743750012,0.058942959300426305,0.01875547747872629,-3.4000253057442364e-08
1984,0.4842123078726299,0.7299726060856302,0.025139964362304663,0.07451991320815911,0.02514546691968523,3.078726299454715e-07
1985,0.4328538549564849,0.6964675486904236,0.018743732175429684,0.05681123233423588,0.01874507629206246,-1.4504351514288416e-07
1986,0.505024252363228,0.7647317258085465,0.02112112311054686,0.08058194074492349,0.0211272206376951,2.5236322798161126e-07
1987,0.7029933229294083,0.838582789839782,0.0101923520336914,0.03687389564806111,0.010193276363661637,3.229294083251233e-07
1988,0.6742207933874063,0.8236790450196929,0.013195640408398435,0.04507547773552279,0.01319870629628788,-2.066125937005836e-07
1989,0.8967893233229229,0.9494442846355726,0.007260033403281253,0.01706358763400142,0.0072602460367932236,3.233229229904211e-07
1990,0.3185304905661869,0.6576483021587257,0.021518385739326202,0.06724687019095557,0.02151992624776583,4.90566186894803e-07
1991,0.2856446777028996,0.6161721770833584,0.02732384419091795,0.08739695426835874,0.02732737990570872,-3.222971003968844e-07
1992,0.7809947175267516,0.8871872106187267,0.012884217373701181,0.03489028823404349,0.012885290603858249,-2.8247324834751453e-07
1993,0.49121277947684483,0.7117855689675425,0.01656751004863278,0.06057959785101839,0.016571853251305627,-2.205231551810627e-07
1994,0.8525912847337032,0.9250377173811467,0.00836591658793945,0.023078974071931366,0.00836626314064567,2.8473370317083635e-07
1995,0.6553025835196695,0.8363351385456103,0.01745204526079104,0.052768087478484396,0.017453046837917274,-4.164803304451681e-07
1996,0.41536255612652995,0.7170076298323318,0.022696069491796863,0.0802916574280235,0.022698748636447795,-4.43873470035161e-07
1997,0.670852806728139,0.869633826235589,0.023620460867871083,0.0734368260316311,0.023629491636606693,-1.9327186107087613e-07
1998,0.6713331239338454,0.8258450916199355,0.016519026507851586,0.04481648450578271,0.016519772265878103,1.2393384540843044e-07
1999,0.2306096657428809,0.49483694582767834,0.022185631626074197,0.07527192973800408,0.022189670743051573,-3.3425711912227207e-07
2000,0.7769109065805421,0.8923488190504778,0.01609043733378904,0.051988803467182654,0.016096279766653752,-9.341945794716366e-08
2001,0.4941792122748414,0.7084590982692605,0.020608960001269563,0.06880538595325676,0.020614333283908947,2.122748414268294e-07
2002,0.8706319902953215,0.933999220378613,0.007592467902929679,0.02247260033743355,0.007593485880331356,-9.704678505251252e-09
2003,0.2753185680249426,0.5453164477601748,0.01917135185058592,0.07282547018935098,0.019174025725995487,-4.3197505739112074e-07
2004,0.8358713852300783,0.9228557475239298,0.008540958746669925,0.024598630040205856,0.008541287408490961,3.8523007828139555e-07
2005,0.6446335746366207,0.8628183647338795,0.02300301895664064,0.06993706141521171,0.023006271268086603,-4.253633792972167e-07
2006,0.8842075918764668,0.9449763472106374,0.009778670274033202,0.022639762698158688,0.009779523852096579,-4.0812353319097383e-07
2007,0.7834131139901681,0.8993284527894297,0.016875941254882815,0.047808844998500216,0.01687869602686136,1.1399016808244511e-07
2008,0.3285211865982314,0.6114418616688124,0.023540632999765575,0.07246733648790292,0.023542462826623815,1.865982313664638e-07
2009,0.7596819248256654,0.8750769117829881,0.012096098941269517,0.035804054305176844,0.012096998546058543,-7.517433453507749e-08
2010,0.8813248240272533,0.9402732346861566,0.009704567714287102,0.02647377632843076,0.009705437037270444,-1.7597274670766438e-07
2011,0.4861740058484688,0.773185241604623,0.02401435334404298,0.07626257176251362,0.024020852346585058,5.8484688203463975e-09
2012,0.5245071053415442,0.7636937996886558,0.01637064549264649,0.050669808128662064,0.016371948400132483,1.0534154426533604e-07
2013,0.5629041657364975,0.7802107258458302,0.01568397062629883,0.04189137438906028,0.015684358686348793,1.657364975260478e-07
2014,0.8706012216106066,0.9391515365397025,0.007366615265000012,0.018979399519724337,0.007366719719265922,2.2161060664327437e-07
2015,0.6411576560632553,0.873085511642051,0.022342733004589818,0.06417691878159705,0.02234921465677693,-3.4393674475108327e-07
2016,0.8320755140174622,0.9155031437041128,0.011588415610546885,0.029671081490845925,0.011590062656965973,-4.85982537878904e-07
2017,0.9212779468960228,0.9606465731288695,0.007384810760927726,0.01763969313849217,0.0073852745093442715,-5.310397721558502e-08
2018,0.3360139026790009,0.5899679907977056,0.01956935876594732,0.07192868588373728,0.019571301567758506,-9.732099909287584e-08
2019,0.6956633867926842,0.8513930522726086,0.016624902487988293,0.043439780424959454,0.01662856749244075,3.867926842149316e-07
2020,0.2189299919641957,0.618247513153573,0.022111753885058604,0.05853663379292345,0.022115717536937442,-8.035804299755256e-09
2021,0.6791325826619344,0.867591000101102,0.022625647212011712,0.06626195168895482,0.02263304757805449,-4.1733806555033226e-07
2022,0.4727668857865033,0.7225682783983759,0.020428466391210962,0.06438018755273328,0.020434459474876022,-1.1421349671580927e-07
2023,0.6220397610722144,0.7997086741329932,0.016813599620507776,0.055494199346253374,0.016818113378457646,-2.389277856673644e-07
2024,0.6979235020915056,0.8530321310077563,0.011064179172460952,0.04359901568733884,0.011065295442784808,5.020915055942154e-07
2025,0.8064126292695426,0.8980241172868854,0.009941137300195314,0.029224400912926697,0.009942299549047217,-3.707304574440684e-07
2026,0.4374224790123181,0.6972866247974245,0.022933948714550786,0.07089369070608358,0.02293702006640465,-5.209876818845771e-07
2027,0.7422737591904909,0.86594070255075,0.011623210567382832,0.04322431070596797,0.011626208617799104,-2.408095091110951e-07
2028,0.7846107025902743,0.886192375137317,0.009232644835771487,0.02718589500861965,0.00923303246543484,-2.974097256247532e-07
2029,0.23350379725264525,0.5146482175693404,0.013799687627871099,0.057704524529073244,0.01380099397461875,-2.0274735473835293e-07
2030,0.4993330246282235,0.7340681857948129,0.01901517644775391,0.062374772834020806,0.01902090836425184,2.4628223460609888e-08
2031,0.7417559629846017,0.889057858585522,0.022051352537695273,0.06975268677475693,0.0220562765198201,-3.70153983020316e-08
2032,0.11139246502357725,0.47410342118754395,0.017763174234570363,0.06432530382030781,0.017765045663105165,4.650235772424294e-07
2033,0.2529768041422069,0.5395189525557043,0.022728886302773425,0.06886129621132275,0.02272971321724107,-1.9585779309494455e-07
2034,0.8619057371442645,0.930445548118147,0.007906836847988282,0.021053849814288456,0.007906995514425402,-2.6285573540008045e-07
2035,0.6862839652908461,0.8642734692442072,0.02810729536220698,0.08161711910786329,0.028120860654480245,-3.4709153884371347e-08
2036,0.6463099934942962,0.8345263347382978,0.016509847186816428,0.05592660464732115,0.016512957040641273,-6.505703864512213e-09
2037,0.7515121551541142,0.875224660568439,0.013674830533007819,0.03920316720034484,0.01367776878309114,1.5515411422306613e-07
2038,0.5442097724788495,0.7461530500331096,0.0191235638703125,0.058147343865900564,0.019129049014168828,-2.275211504754182e-07
2039,0.7697130449839817,0.9180344424516628,0.012763514621650386,0.026491283351611845,0.012764081456638161,4.498398176178142e-08
2040,0.37638131524322727,0.6686287855706103,0.02102870812154293,0.0640526231427835,0.02103042405419883,3.152432272446326e-07
2041,0.6567020241193179,0.8444504140856,0.015407366053906257,0.04924483457890372,0.01541235121898015,2.4119317876269974e-08
2042,0.32050696187402394,0.5835305219957686,0.021729888337011744,0.09209657169520678,0.021732298301113707,-3.8125976042913123e-08
2043,0.745250762290993,0.9203450480626981,0.011174748143359376,0.039758316036633365,0.011175085722695656,-2.3770900703379283e-07
2044,0.1769932229975667,0.5900863682933274,0.011686334098876929,0.04838829356966991,0.011686560019248058,2.229975666900863e-07
2045,0.41916089581055616,0.7615950921658675,0.034068192639648436,0.10337394148421494,0.034073281044627125,-1.0418944385026663e-07
2046,0.3512082935201708,0.7505587157290315,0.03802296137031248,0.10340243988161554,0.03803792371693548,2.935201707798818e-07
2047,0.1752135377360431,0.529393285347694,0.022095380109287126,0.06967725192119345,0.02209748650843552,5.377360430824929e-07
2048,0.8773164403741484,0.9645834663814201,0.011991239205175785,0.03836287527142315,0.011993490500879006,4.403741483693935e-07
2049,0.724871019584268,0.8695481632657661,0.020239368647363316,0.06032537587957752,0.020246095667749733,1.9584267985095494e-08
2050,0.6515510033233258,0.8137288487221135,0.016555675793457025,0.0626624284896705,0.01655828241317696,3.323325836745994e-09
2051,0.7147280720228208,0.8530164521868251,0.013896383896093751,0.043841826623717446,0.013901059656519818,7.202282081841815e-08
2052,0.7875455497654242,0.9011744454624883,0.0161401037665039,0.05567923485740275,0.016143483288497268,-4.502345757328996e-07
2053,0.8214692972274553,0.9411635025162188,0.012179128017480466,0.041063423689192274,0.012181079712705815,2.972274553147969e-07
2054,0.5964157601392923,0.8456890880028557,0.024572283491113296,0.07011845489751484,0.024579739907608658,-2.3986070762926914e-07
2055,0.6610904489032206,0.8387505450738842,0.011578111193847652,0.04548714496082702,0.011579714281386965,4.4890322059565335e-07
2056,0.8637666111304205,0.9335350882230898,0.00667368976685547,0.02073477044149486,0.006673904639155102,-3.8886957942629863e-07
2057,0.5905528869319694,0.8356589056060159,0.02420986127919927,0.0696631261168174,0.024213470117740638,-1.1306803060495696e-07
2058,0.640774845989803,0.8158371303898415,0.023536777559765635,0.07177582578260301,0.023544980341313287,-1.5401019692884432e-07
2059,0.8271149940641297,0.9207890823119368,0.00944899555616213,0.023446294826315973,0.009449443539633706,-5.935870350803896e-09
2060,0.8341644965520765,0.9157837356245844,0.009140347682626955,0.023208686248199793,0.009140814062956871,-5.034479235721534e-07
2061,0.4045854765589102,0.675655572525687,0.02369168279357425,0.07763599138284129,0.023693036833096415,4.7655891022291286e-07
2062,0.8461599358513252,0.9217666450106025,0.010252757236914059,0.03482624724746149,0.010254058195937929,-6.414867481652209e-08
2063,0.4419798265885375,0.6754995961294012,0.028053492360351564,0.083947344543049,0.028062123879593403,-1.734114624674099e-07
2064,0.8873041024732997,0.9426268156851908,0.007638341185400393,0.021545955570267093,0.0076387453400346035,1.0247329973456232e-07
2065,0.8696327519729297,0.9553163900349714,0.008549132844521487,0.024928309184717473,0.00854963509745209,-2.480270703264509e-07
2066,0.3839097592759154,0.6368591461742861,0.020896821275585935,0.07827538229729362,0.020899243698563337,-2.4072408455477756e-07
2067,0.814952778535195,0.9073289110606507,0.01133418230253904,0.03523933176846419,0.01133543165981029,-2.2146480505025323e-07
2068,0.6586124322009952,0.860840378307879,0.009995240688857413,0.031044216725342237,0.009995681519803195,4.3220099521512623e-07
2069,0.3484086960638145,0.6052112874551875,0.017457166814873033,0.06377460494627502,0.017458174148553513,-3.0393618549728885e-07
2070,0.8245075598905246,0.9158048320977172,0.012225554957128903,0.04432947231674982,0.0122285541898037,-4.4010947541917034e-07
2071,0.32740809546057803,0.7825523838175756,0.04129772428876951,0.11049364279483698,0.041303955932252084,9.546057805343011e-08
2072,0.5503697384703586,0.7448995355343587,0.017251172227929688,0.05092684773875458,0.017253141429029204,-2.615296413877033e-07
2073,0.24364515374301976,0.49596240606183534,0.01857228055458006,0.06783284205033548,0.018572707144404284,1.5374301975956683e-07
2074,0.814014578728961,0.9032373684662881,0.013304368996679706,0.03863859055725252,0.013308167018457554,-4.2127103905276186e-07
2075,0.5092107827937341,0.7280539054688445,0.021957868442382816,0.07051622508867704,0.02196104120890887,-2.1720626586230196e-07
2076,0.8481565441436303,0.923312990040502,0.014252842909472645,0.042101751562746335,0.014255928294372723,-4.5585636976319677e-07
2077,0.9378121246785904,0.9733827043261265,0.00949697081445312,0.02354800362152981,0.009498324790203806,1.2467859045184326e-07
2078,0.7210911797965898,0.868342754442352,0.019380287643652332,0.06482602540742838,0.019384006942230768,1.7979658972766543e-07
2079,0.47803275866729467,0.6915835148506305,0.02124042561064454,0.0733843047739263,0.021246979209511244,-2.4133270531967455e-07
2080,0.5901188130850838,0.7864178208230389,0.025795028593066427,0.07890442937864853,0.025804335300755505,-1.8691491610045574e-07
2081,0.7273576274303337,0.8585658480190449,0.012745107806210932,0.03951621057800275,0.012746112515343425,-3.7256966622933874e-07
2082,0.8473507194093398,0.927492625567592,0.007063450514541013,0.022017258126340204,0.00706367469989463,-2.805906601510699e-07
2083,0.783335447855922,0.8852890023163281,0.010140197642343753,0.030009669183703354,0.010140848678237344,4.478559220144618e-07
2084,0.671550120123318,0.8419812589511823,0.015405906520312493,0.037876856687096075,0.015407928149882046,1.2012331807031984e-07
2085,0.861302599154778,0.9335006178765525,0.01135979916923826,0.030036606446971592,0.011361996943030946,-4.008452220150005e-07
2086,0.7657300570052279,0.8807286950585417,0.012213159308388672,0.03465560657166578,0.01221411368820842,5.70052278714428e-08
2087,0.8289207815369735,0.9252984839596492,0.010074704996660168,0.028409628195311544,0.010075601049483764,-2.1846302655781358e-07
2088,0.8006314596719737,0.9082656183926548,0.012645261934570334,0.043811057416462094,0.012647057797807035,4.5967197370710977e-07
2089,0.35262066772250567,0.6014258410683452,0.01722019925091796,0.06526644802192469,0.017220737220549263,-3.3227749435260634e-07
2090,0.7401798640934889,0.8621724795809507,0.014856465872470713,0.04114898171945083,0.014856967306260023,-1.3590651104511409e-07
2091,0.7108866812083059,0.8453259354039014,0.013363698172265615,0.05993622692465842,0.013365790967766661,-3.1879169415383046e-07
2092,0.8694799582530823,0.9355695976708471,0.00693953360634766,0.02026995306273739,0.0069404888938509116,-4.1746917700535846e-08
2093,0.41207492036539484,0.7163454921781057,0.0321828380767578,0.09021541423478023,0.032193349105441346,-7.963460518789489e-08
2094,0.8217334484491641,0.9154053177758358,0.01066366657938478,0.028176463875838335,0.010664436408896699,4.484491640255328e-07
2095,0.5489352580616881,0.7455187293258655,0.019419182687011757,0.06988227900658947,0.019426410014773292,2.58061688129807e-07
2096,0.5769928271263023,0.8205337202677757,0.019940491785742174,0.06245084743257758,0.019945852335281126,-1.7287369769025673e-07
2097,0.9169304802235992,0.9658503180220536,0.007349023576386726,0.02294989759711534,0.007349514192545193,4.802235992196202e-07
2098,0.7469057041793813,0.871195325778109,0.009552015762910156,0.02872268129913964,0.009552371903418688,-2.9582061866761933e-07
2099,0.939000282322519,0.9830948272035512,0.007003961917773447,0.021277665339613536,0.0070050111108250985,2.823225190295986e-07
2100,0.5801002363216654,0.7713863793891842,0.018195722545996044,0.0607646261732915,0.01820027012008906,2.3632166545883848e-07
2101,0.6347626043818514,0.8117921980531266,0.01148407460188478,0.036370051335708524,0.011484433007955248,-3.956181485742505e-07
2102,0.6846727463109936,0.8343438520689538,0.012391205259375,0.05270340496750174,0.01239284819784986,-2.536890063575825e-07
2103,0.7259468323173808,0.853191524456887,0.009835156495410165,0.03260183678048845,0.009835513398061812,-1.676826192342773e-07
2104,0.503700262362295,0.7721643367633336,0.025394210495019554,0.07222819586656455,0.025403692029312266,2.6236229500042896e-07
2105,0.19948506003396071,0.4674454532656303,0.016378837812929696,0.05463886152940607,0.01637936578720821,6.003396071929679e-08
2106,0.5109560069630545,0.7275279716133878,0.013185897730644538,0.051400158226719506,0.013186368908088181,6.963054577369121e-09
2107,0.3430462094671919,0.5970058354026402,0.024221407954345697,0.07733902523779711,0.02422325322218696,2.09467191869539e-07
2108,0.5267770894562002,0.7721714150119212,0.017998507724804706,0.059135993996498756,0.018001473480161595,8.945620011413524e-08
2109,0.3547171021521256,0.71771715951665,0.032141056549707045,0.09515923837319196,0.03215213288553621,1.021521255917257e-07
2110,0.8300140758179695,0.921323806703625,0.015492067766308602,0.038865816865557706,0.015495636789554772,7.581796945821395e-08
2111,0.6742737147501632,0.8224727571946011,0.01031086439474609,0.0301206589466146,0.010311343646510339,-2.852498368621781e-07
2112,0.8244405687067061,0.9120923909126566,0.015082612379199209,0.0467260696530531,0.015086679176119949,-4.31293293856605e-07
2113,0.624877813900635,0.7994840956961865,0.015130324594628904,0.05120884273973202,0.01513217611624909,-1.8609936502933522e-07
2114,0.6741677983215641,0.8323294011069232,0.009551222934013677,0.038163185961508396,0.009551478590895451,-2.0167843584051326e-07
2115,0.7644605967307927,0.8847498751514945,0.011004300587822268,0.03150979303816681,0.011004844107058306,-4.032692072497568e-07
2116,0.9356159881774038,0.9676407555911684,0.00570060209423828,0.013557001537872428,0.005701062989606357,-1.1822596235333549e-08
2117,0.6034625120359784,0.848936069368446,0.02569556969853519,0.08166834221941909,0.025700009388006973,-4.879640215227354e-07
2118,0.4198911071087533,0.6737043327092769,0.01818183560488279,0.0677930990407996,0.0181850028668286,1.0710875331110259e-07
2119,0.9140252404212257,0.9616953064423398,0.008718803980175787,0.025135542520950474,0.008719915529608135,2.4042122570566704e-07
2120,0.9082788205823089,0.9567163164581791,0.008382701130957034,0.016617671953729693,0.008383039759321271,-1.7941769103746452e-07
2121,0.5032538510324329,0.7262745981785492,0.028557521555175786,0.08536262267623637,0.028567537356627048,-1.4896756705962133e-07
2122,0.41889463446732644,0.7180161346628514,0.030707067295800774,0.08764334390814942,0.0307166586431104,-3.6553267357408714e-07
2123,0.8009113180490238,0.9020083474468887,0.007900613228896495,0.026632262200682436,0.007900785060858563,3.1804902378418376e-07
2124,0.6964436338802553,0.8570164839225857,0.023774606641308604,0.06635176355036994,0.023784441962342872,-3.661197446325204e-07
2125,0.2672556134038303,0.7302577036926268,0.016579139927548833,0.04972265153832777,0.01657983463041237,-3.865961696880582e-07
2126,0.823343404643635,0.9193009258287174,0.010963981856542978,0.03895298363613234,0.010965484441524322,4.046436349325333e-07
2127,0.8742908342848824,0.93661545409112,0.013282071965136704,0.038183744158280145,0.01328474393631241,-1.6571511762819569e-07
2128,0.796933197462527,0.9131548733740226,0.02042193273408204,0.055503002542576625,0.020430567529573306,1.9746252699626154e-07
2129,0.7669230599762437,0.9159671701761196,0.014296402658886691,0.04597652258065981,0.01430106939958434,5.997624363818232e-08
2130,0.8187076399768802,0.9266499782394637,0.011152578761855483,0.02289408920612006,0.011153553519861683,-3.600231197609105e-07
2131,0.7796535083007934,0.8872948826533283,0.009352727444375014,0.026760669126529697,0.009352952601650645,5.083007933448513e-07
2132,0.9387580426725894,0.9702052566333264,0.010833123520410172,0.02802399311607876,0.010835404638554,4.267258946200059e-08
2133,0.42562844691348434,0.697586590961213,0.01579812272134769,0.05893513021011229,0.015799416500964232,-5.530865156422315e-07
2134,0.7768200460287853,0.883366551024725,0.010425430892421884,0.02836863617750607,0.010425809831720995,4.602878533876975e-08
2135,0.44794000288137603,0.672855999019969,0.022544906670312462,0.0643832723442625,0.022550520209644133,2.881376026664384e-09
2136,0.4344415137557013,0.6609113697275857,0.016800191563769537,0.05910892958540913,0.016802883649535465,-4.862442987141335e-07
2137,0.5563510801678909,0.7576000965898912,0.02250234615224608,0.07052969519131023,0.02250920153665872,8.016789088127751e-08
2138,0.7228097443281081,0.8505709320785524,0.014898663605078136,0.03836778590595303,0.014901170771763997,-2.5567189188002715e-07
2139,0.8323711099349157,0.9182791743302238,0.011370917373476563,0.03261302591835205,0.01137139989836273,1.0993491572630631e-07
2140,0.5405138491603694,0.7417064855003247,0.024097844699316393,0.07428885215055514,0.024101349252409834,-1.508396306748594e-07
2141,0.551241296361236,0.7706567733681676,0.030373948133203148,0.08957171173116321,0.030387957714059107,2.963612359963008e-07
2142,0.7953920827167097,0.8985421160619522,0.010047641867480467,0.03125842291081354,0.010048399396817098,8.271670970394496e-08
2143,0.776192825411663,0.8957071694432415,0.01331322046936523,0.03805305612688646,0.013314373757890406,-1.7458833700967347e-07
2144,0.5830721279283078,0.7643384849169835,0.014875027071513674,0.04792052312185766,0.014875555111771075,1.279283077249005e-07
2145,0.5329348760383212,0.7358029044228084,0.015874787812304714,0.055237924242423006,0.015876668865742925,-1.239616788106801e-07
2146,0.7937072075304792,0.8918615001548895,0.013309493444921888,0.04091360288540752,0.013311193563875058,2.0753047913490974e-07
2147,0.6039384745495455,0.7834550694282427,0.012102336298837875,0.046311378260553454,0.012103033582318498,-5.254504544804917e-07
2148,0.39667247943159223,0.6523322399660619,0.015667971761132795,0.053490953674797816,0.015670072735536854,4.794315922040937e-07
2149,0.5149372484313363,0.7376108231145584,0.010859074677539052,0.052435034420900216,0.01085969582357916,2.4843133628049685e-07
2150,0.8638746975818057,0.9303397082912811,0.009095027669824217,0.021942641767979408,0.009096389947001958,-3.024181942645754e-07
2151,0.8775275061192094,0.9497070445812181,0.00979982613310547,0.022674814886868545,0.00980223254002467,-4.93880790597423e-07
2152,0.6580348828017659,0.8324635374836414,0.01462085675822267,0.050240365923078595,0.01462213031843002,-1.171982341174882e-07
2153,0.5129874784520593,0.7583344506537838,0.015764795656835928,0.05708358086143936,0.01576765751190259,-5.215479407238988e-07
2154,0.5011211400203925,0.7260104923119566,0.03128567192763671,0.08786924556652113,0.031298967206213155,1.400203925028265e-07
2155,0.6528512892873918,0.8300335780138827,0.021636338927539054,0.06821383317457641,0.021644366167126144,2.8928739181921515e-07
2156,0.35866134015739193,0.619207979192597,0.016818655997998064,0.06539303971975953,0.016819332132122295,3.4015739192039263e-07
2157,0.6762418617901149,0.8304825811471966,0.016678401230371103,0.05943227341059855,0.016681137365604292,-1.3820988509216647e-07
2158,0.9348398288720082,0.9680611156353021,0.010377488012792964,0.02544543629037854,0.010379407846192878,-1.7112799177709803e-07
2159,0.9083132030813654,0.9661242304571236,0.006671375091816406,0.01732963575107585,0.006671681025686131,2.0308136539082255e-07
2160,0.8601623173186906,0.9298160227541336,0.012035421733007836,0.03173579678551016,0.01203748297020049,3.173186906568759e-07
2161,0.8544564949310702,0.9276532949463447,0.010176583544921862,0.024799388955428603,0.010177631437925763,4.94931070238458e-07
2162,0.8271115259640636,0.918969068567839,0.009030948775976561,0.02278245597192864,0.009032189092440674,-4.7403593639305797e-07
2163,0.7881702628505001,0.8958643378212405,0.00979223292964844,0.024685877182660503,0.00979257610940101,2.628505000323855e-07
2164,0.8966214619785323,0.9494155700844495,0.007113423701181657,0.01819704145706922,0.007113636700110368,4.61978532317886e-07
2165,0.5293442502442846,0.728197545036064,0.013330027458896462,0.04380486061915713,0.013330870428356168,2.502442845164765e-07
2166,0.28596651742323986,0.5874906026556892,0.024153319986425767,0.08228087723819766,0.024159467568303995,-4.825767601635e-07
2167,0.911376379623571,0.9547853016380403,0.006946744209707014,0.016533063597556807,0.00694694425870728,3.7962357102294675e-07
2168,0.5684497187742135,0.7614667157355186,0.025889577746093722,0.07778321258501843,0.025899211918827693,-2.8122578654699026e-07
2169,0.9153009095016812,0.9644666211674902,0.007552238888935561,0.016622607895317897,0.007552553477484747,-9.049831883878312e-08
2170,0.6514751935860739,0.8336377634799534,0.018038470932910174,0.06178112785824265,0.01804158436371134,1.9358607383779258e-07
2171,0.3221845933094666,0.6175364215229993,0.013773035011992191,0.04890721821946903,0.013773631358027932,-4.06690533416576e-07
2172,0.629693784332714,0.807954445436481,0.02176040314960935,0.06413021606375166,0.021767186531956736,-2.1566728602984142e-07
2173,0.5187600332315296,0.7660251068727516,0.0274467252484375,0.07582883130990538,0.027462446634068435,3.3231529639188295e-08
2174,0.3182178526596695,0.606945324238179,0.028615462893750016,0.093909358933604,0.02861850234182418,-1.4734033049190742e-07
2175,0.6331649310341761,0.8861750090384325,0.025441027814355473,0.06657014516177023,0.02544755455988815,-6.896582382953653e-08
2176,0.6712632992300884,0.8572502527576544,0.01174788472900391,0.03294468909059909,0.011749603499777548,2.992300883741805e-07
2177,0.6905850300863295,0.8324238722009131,0.016646102567578126,0.03947975056313739,0.016649038277513465,3.0086329538825396e-08
2178,0.8969708140938792,0.96416366854751,0.005823275388818349,0.019659764745050743,0.0058236531109008855,-1.85906120719892e-07
2179,0.3202159791753012,0.5724486274791566,0.022880915138046878,0.07475883619389745,0.022881656928186084,-2.0824698798715957e-08
2180,-0.32205840645605477,0.18804701244642735,0.0285868328129492,0.09666726749167036,0.028587947229737506,-4.064560547578644e-07
2181,0.7623720305387565,0.9019246984942114,0.015690517066796875,0.047943472911739185,0.015694413016495264,3.053875641256809e-08
2182,0.83798670460257,0.9226052079153194,0.008440590689873035,0.028656697333635635,0.008441320554473358,-2.9539743007234165e-07
2183,0.789497341631161,0.9003096793770268,0.013255159326923827,0.030064717331209533,0.013256062525960259,3.4163116102714497e-07
2184,0.8569702561336776,0.9281353330170723,0.011674005248632803,0.03384565521624966,0.011675874578336956,2.561336776008005e-07
2185,0.693011487590652,0.8934741352296339,0.016459198569042967,0.05016950106133357,0.016462185130438237,-5.124093479524916e-07
2186,0.9247384732162379,0.9637678468376141,0.005976187209853519,0.015242653084366363,0.005976479146336973,4.7321623797280665e-07
2187,0.656566869483844,0.8236282669780564,0.016338066063867233,0.04271775451751623,0.016341632105410335,-1.3051615599390942e-07
2188,0.816248597193798,0.9282412082970878,0.007868800419335938,0.026973293849321883,0.007869644961302463,-4.0280620194899086e-07
2189,0.8843929554065776,0.9586449284294211,0.009371706404589838,0.039088555990008135,0.009373498623150683,-4.459342239915287e-08
2190,0.543569481380809,0.7564728586438142,0.018338956039062507,0.05829381862529917,0.018343730394791074,4.813808089920713e-07
2191,0.7561963697032887,0.9467684255592492,0.015096282537109358,0.049971297351262274,0.015100254329825272,3.697032887606255e-07
2192,0.6867678772867771,0.8544093005238651,0.014712652258212887,0.04712144519566891,0.014713773275143891,-1.2271322291645959e-07
2193,0.9347203383918411,0.9680769716403581,0.007069646532431639,0.018419828504661968,0.007070239064280375,3.3839184110373566e-07
2194,0.6816250626994018,0.8358834465252748,0.018836490120507796,0.06119884646011128,0.018839511175537175,6.269940178160738e-08
2195,0.3498515705349311,0.6733025983759726,0.018405622027744154,0.07669905211031001,0.018406474923971086,-4.294650688962953e-07
2196,0.8836023355406196,0.941554924610167,0.007973144077343744,0.01994368621442288,0.007974827686280665,3.355406196225985e-07
2197,0.6984887764593575,0.846809953224918,0.022160461125488248,0.06074643387725448,0.02217008564297373,-2.2354064255214467e-07
2198,0.7953429062533266,0.8963376268625612,0.009656860363017591,0.02790615260874207,0.009657254287441748,-9.374667342409992e-08
2199,0.6748420501475237,0.8223605499127002,0.0179688059970703,0.05199596498196834,0.017973209952934534,5.014752368914799e-08
2200,0.5525256831780918,0.8268237897821218,0.012374126921464846,0.04170980521916635,0.01237437831129127,-3.168219081528534e-07
2201,0.616713232282956,0.7953475167590908,0.016503557843359405,0.05254119327311739,0.016507499548671884,2.3228295609190042e-07
2202,0.633541034849303,0.87541456319726,0.026290296258593717,0.0775148449333536,0.026296119050308816,3.4849302998907206e-08
2203,0.5616790536722338,0.7725935563686159,0.03050311464882811,0.09076024246420146,0.030516153142155236,5.367223376850916e-08
2204,0.9172114742850214,0.9648498316119644,0.008211485603027353,0.026885491243409915,0.008212573769051752,4.7428502136792616e-07
2205,0.3561433956615394,0.6566285866018667,0.014598789812402351,0.06081894083347554,0.014600476843479851,3.956615394207219e-07
2206,0.8500309923435112,0.969665290072673,0.017369219118554685,0.05095145933658099,0.017373957448473778,-7.656488776319748e-09
2207,0.916693335023206,0.964406971533137,0.009030584085839854,0.027838362464720198,0.009032027185208992,3.35023206066154e-07
2208,0.9059694433966956,0.9607221602898796,0.011297301829589832,0.03219251968559971,0.011300336109959523,4.433966955819102e-07
2209,0.662536269179856,0.8433665362795137,0.020896186468261697,0.07285084871922978,0.02090370406735544,2.69179855960644e-07
2210,0.7570542139068952,0.9093193718634299,0.01960701433310548,0.050979841648123136,0.019610257603013513,2.13906895196736e-07
2211,0.8039224638071356,0.9209375569238731,0.010991746938476576,0.02841327353836085,0.010993967380173778,4.638071355866913e-07
2212,0.4063014818734819,0.7054006880027663,0.019039257001367195,0.06074874036688068,0.019041609041861814,4.818734818945458e-07
2213,0.6126913035236975,0.7861599162728918,0.015304860287109374,0.04273319268305035,0.015307481102379386,3.0352369750907826e-07
2214,0.8705560359480092,0.9378634864384437,0.010543037363476554,0.033324831094529966,0.010544585291726043,3.5948009236008716e-08
2215,0.5170888215514821,0.7768499914961088,0.02399788586298824,0.06431241129215529,0.024004922690030517,-1.784485179623374e-07
2216,0.5157291324123019,0.7527967721424014,0.024280656064648423,0.07253272351415509,0.024288876185449178,1.3241230190086384e-07
2217,0.8387438228236699,0.9207875366293461,0.014908319839453149,0.046464403308683386,0.014911069125976421,-1.771763301627871e-07
2218,0.745717398624699,0.8752535917308453,0.012647125695703127,0.040414695541728766,0.012648637648074662,3.986246990272946e-07
2219,0.8379106216413015,0.929484515012576,0.009457632452841796,0.02195604550243406,0.009458321727659365,-3.783586984829057e-07
2220,0.5162327679979624,0.7265654802006237,0.01870280648927736,0.060466524484963445,0.018704193193284133,-2.3200203769224714e-07
2221,0.630424564820387,0.8642144113732324,0.021380647382128852,0.0668318175752458,0.021382815270301905,-4.3517961301198227e-07
2222,0.20721123815703013,0.5385406549803616,0.015306845699257794,0.05741755977704597,0.015307462745071016,2.3815703012464162e-07
2223,0.7252995546444276,0.8655953964360428,0.011406873115703129,0.031954899119563826,0.011407981709712132,-4.453555723094027e-07
2224,0.8342811235256818,0.9186112694861173,0.008590806533730464,0.02373016951706702,0.008591111936333622,1.2352568179441192e-07
2225,0.7313077473880105,0.8583168076717391,0.011374064048710933,0.032428080790588426,0.011374703129240186,-2.526119894374901e-07
2226,0.7607819373965361,0.8731173950847484,0.016594616829199202,0.05407860725916735,0.01659954048364026,-6.260346385733584e-08
2227,0.5633374192003461,0.8264179176217599,0.013661173659765618,0.04548459665342248,0.013663318672361983,4.1920034610232193e-07
2228,0.905486763678173,0.9542598125201419,0.011841720034277331,0.031030254943898734,0.011844028521897657,-2.3632182699628856e-07
2229,0.49189931493257244,0.754271883073557,0.01757350743271485,0.06300206479601678,0.01757586254732619,3.149325724649543e-07
2230,0.8827949350112639,0.9450733414407185,0.007811078752109372,0.017648067711980166,0.0078112601303507246,-6.498873605931266e-08
2231,0.6954222171997437,0.84588860585373,0.021192726076855444,0.0723466410022917,0.021197553913028373,2.171997437461215e-07
2232,0.4313857217780537,0.6991088550118466,0.028203373667480488,0.08953381355336616,0.028212849376136204,-2.7822194631488273e-07
2233,0.7687086860769031,0.8771927572519703,0.011026706077773438,0.028687772750005665,0.011027046559779792,-3.139230968507434e-07
2234,0.8710474603512883,0.9604611906483778,0.01056529878476562,0.031012573302436248,0.010566874830976597,4.603512883116778e-07
2235,0.5047868191016689,0.7398325015753677,0.023228404040234386,0.07419204951740037,0.023234917696149895,-1.8089833109247166e-07
2236,0.8132541468839855,0.9304497185332512,0.015489032986328134,0.04254016568317489,0.015491717183492678,1.4688398541906622e-07
2237,0.9170022084272541,0.9623834652497363,0.009351012940917973,0.030866918491291893,0.009352796291897888,2.0842725412251184e-07
2238,0.8915667603027728,0.9447318147188603,0.009392964181552743,0.022562800155764232,0.00939372222290354,-2.396972271778708e-07
2239,0.8648983614266474,0.9409773013792868,0.011992552156210928,0.03391220988951315,0.011993714735405335,3.6142664749938547e-07
2240,0.7681548161231087,0.8819263131337677,0.016664586725585948,0.052613072248084175,0.016670133475784117,-1.8387689137977503e-07
2241,0.6123783054697268,0.7983341185255535,0.018458777070214843,0.05499196898923514,0.01846503565556253,3.054697268467521e-07
2242,0.43510121536849167,0.6699940671307365,0.02238428842294924,0.06558707217971574,0.02238814875099037,2.153684916517129e-07
2243,0.9264868863352802,0.9691357046681175,0.006512661957197266,0.013828383422430035,0.006512771541026087,-1.1366471974749714e-07
2244,0.34094093170888096,0.6415654182323943,0.040746805544140625,0.120549731546501,0.040761597255218183,-6.829111903750018e-08
2245,0.43037986778920756,0.6934834601788618,0.02845629447939452,0.09630378092859107,0.028461109791791304,-1.3221079242509148e-07
2246,0.9221203889836282,0.9631919930036529,0.007464325710917966,0.018112072093037855,0.007464849861248205,3.8898362819672627e-07
2247,0.6447501484300981,0.8040174067833131,0.015316243324511718,0.05194947595991177,0.015319345073671015,1.4843009810139307e-07
2248,0.0560438998235816,0.6979384520875452,0.016392494590390636,0.055149096317377265,0.016393442072817857,-1.0017641839665803e-07
2249,0.8911791410288112,0.9487773236291116,0.009933053050781248,0.025889225912831906,0.009934606552031227,1.41028811184718e-07
2250,0.7526898543736544,0.8680846112403515,0.014237215144824204,0.037971908716446595,0.014240838133668448,-1.456263455379414e-07
2251,0.4538153646353822,0.7460716700582046,0.020562894577636746,0.053312432525226695,0.020566412190965368,3.6463538216624514e-07
2252,0.532848154451119,0.7646888104994821,0.015902213184765635,0.06459565508543672,0.015905157784561565,1.5445111900547204e-07
2253,0.8057214433911609,0.8988362560215857,0.012329369626855468,0.034545604291840476,0.012331960293010726,4.4339116089808783e-07
2254,0.5842111587413401,0.7736754356787631,0.018400795377246107,0.052567406729108285,0.018406460090502886,1.5874134007276552e-07
2255,0.8175620386633232,0.9076511455475064,0.008963180224667966,0.024108119780930817,0.008963650766136744,3.866332320967558e-08
2256,0.7411677810273642,0.887977347792571,0.018013288907617185,0.0492143026647563,0.01802109513783601,-2.189726358015065e-07
2257,0.356541952062433,0.6032640792072431,0.026654044387373083,0.08445500433453666,0.026655932371085468,-4.7937567027034333e-08
2258,0.7409196387363226,0.9078502855657986,0.01234409754932617,0.03138340207082603,0.01234471293696949,-3.6126367741751153e-07
2259,0.5845030564535596,0.7647934351856509,0.01824429870120118,0.05067667498139778,0.018245397208399246,5.645355960481879e-08
2260,0.6748559112686648,0.8217940068295942,0.01384915929248048,0.04184627383849127,0.013852642247082757,-8.873133516829057e-08
2261,0.8061848621177632,0.9065128163328194,0.011263249376943374,0.023822556985689598,0.011264281255508135,-1.3788223685029521e-07
2262,0.6471406679186011,0.8088214734188188,0.01690270387548826,0.03808667024027388,0.01690504302121959,-3.320813988239024e-07
2263,0.7096504427649852,0.8592530560960682,0.009605074265253902,0.03245223221195978,0.00960527805822925,4.427649852312143e-07
2264,0.6526560165474513,0.8627469483816045,0.01403391338154299,0.0347534734126325,0.014036009788736228,1.654745129808788e-08
2265,0.4502795053943094,0.6856852362333012,0.012497526862763678,0.055795822880937096,0.01249814938583603,-4.946056906263152e-07
2266,0.6555258180536848,0.8337969211897708,0.021379587005957046,0.06784261616211669,0.021387886521852133,-1.8194631523638094e-07
2267,0.42203882577101737,0.8176020688648657,0.03658270285693359,0.09593769842788437,0.03658981948168925,-1.742289826300869e-07
2268,0.5256360516521679,0.7433580264870782,0.015186444626855474,0.05848394715699404,0.015189510374340761,5.165216787617055e-08
2269,0.36530796846371094,0.6239764615962297,0.015265679593652328,0.05704392759912973,0.01526737978433249,-3.1536289080147384e-08
2270,0.46199852987013323,0.6973986964372638,0.014488736325878918,0.06615310929911215,0.01449181613099062,-4.7012986675865065e-07
2271,0.9548242522601463,0.978435896662387,0.008360282181249984,0.023185601615810576,0.008361808186158533,2.5226014632728777e-07
2272,0.9324002916059563,0.9703348481055628,0.005440292800683585,0.014789731472562078,0.005440445489288847,2.9160595627075736e-07
2273,0.5460812673793507,0.7566350868064481,0.022917265968652383,0.06548083917401767,0.02292073055626376,2.673793506602351e-07
2274,0.9778469621401429,0.9897856520122937,0.006799293959082032,0.018687446688385047,0.0068004946544182165,-3.785985713822271e-08
2275,0.8142624827897865,0.9293533931355134,0.016682501129296843,0.04988853685587233,0.01668785801849764,-5.172102134354262e-07
2276,0.4160005685526227,0.693154875021019,0.013970417775683615,0.042448704024062665,0.013971579641069301,-4.3144737732481175e-07
2277,0.4116509621797476,0.6996451105221825,0.02582623451855471,0.07196453520246483,0.025832197039111566,-3.782025237430986e-08
2278,-0.2665482927590386,0.4303036546221316,0.02313862470721678,0.08257271219438846,0.023139794008907425,-2.9275903856706975e-07
2279,0.7020099356693446,0.8387259165342459,0.012249428320361314,0.03700811841878198,0.012250048782269622,-6.433065546929129e-08
2280,0.9464548741507808,0.9762899084573652,0.005713759083925782,0.012075210614850415,0.005713856264736024,-1.2584921926794834e-07
2281,0.6990017808593582,0.8427024487258458,0.009574053764638667,0.03099085091732644,0.009574336186779867,-2.1914064185502014e-07
2282,0.3543546659957315,0.624458719948573,0.01970112947890625,0.060120748448187045,0.01970466014020551,-3.340042684651934e-07
2283,0.8033081739009875,0.9520243555846318,0.011308305506835927,0.0387301520909657,0.011309851555626685,1.739009874990316e-07
2284,-0.19149052703223246,0.35877623300706724,0.023832649920605478,0.07706658956499408,0.02383341015157247,-5.270322324668619e-07
2285,0.8576150113479566,0.9268237963198358,0.008395362370214826,0.020805421051646997,0.008396279257343774,1.1347956574425666e-08
2286,0.9021192744473889,0.9778886297162329,0.014371207009765628,0.04131160361143026,0.014374634897325395,2.744473889260135e-07
2287,0.8570000484263773,0.9261337850337628,0.00860182260527343,0.02400934636674098,0.008602338465661276,4.842637735258393e-08
2288,0.2457804379213272,0.5159638129154673,0.012868525912080087,0.054547066538924376,0.012868740045340693,4.379213272009963e-07
2289,0.6540023754292097,0.8461170135936047,0.02836972872343753,0.08136367041618778,0.02838269400333845,3.7542920972022387e-07
2290,0.8741747855171053,0.9350539787238188,0.007111412929882816,0.021178601539894485,0.0071120994922111574,-2.1448289477810079e-07
2291,0.5411205960620555,0.7397541651610656,0.022834478432812482,0.0711480043906703,0.022840743708197574,-4.0393794442650233e-07
2292,0.34998076622639207,0.6101663529376304,0.025304639687695345,0.07644406662793277,0.025308844400399533,-2.3377360791609902e-07
2293,0.700364669139047,0.8373284643401471,0.01629812935341791,0.05625848431369619,0.016300604339377175,-3.308609529684148e-07
2294,0.2822793559757032,0.60412435112478,0.01650643391137695,0.05994385358711624,0.016508021465185267,3.5597570319234606e-07
2295,0.8820758564421827,0.9496702190044999,0.01442450784375001,0.037849240092920566,0.014428687719152747,-1.4355781730035488e-07
2296,0.7679804768238423,0.8885701440674806,0.009053589305361343,0.029897564686975058,0.009054366579814522,4.7682384229918995e-07
2297,0.825476406706985,0.911011741393091,0.00874008413309569,0.022225960812918506,0.008740362211040771,4.0670698497891067e-07
2298,0.8387700341459429,0.9372898779307159,0.013441210231933577,0.042021802856779165,0.013444833403451923,3.414594285100492e-08
2299,0.6957252858633888,0.8375251480751007,0.011030690236845695,0.036647082588662706,0.011031232285787134,2.858633887381501e-07
2300,0.7756391867300119,0.8928238202285089,0.012145897521777348,0.04190802138292884,0.012147658232515948,1.867300118973958e-07
2301,0.7604638142453641,0.8739729713893156,0.010958308539472654,0.028865048919032188,0.010958738150062505,-1.857546358952078e-07
2302,0.4796873533816197,0.7109983436192521,0.030460512977050738,0.09033595045214285,0.030472867570418803,3.533816197442974e-07
2303,-0.006449296096879387,0.5323313057752921,0.01824501599348632,0.06356353492985682,0.0182467289683019,-2.960968793867813e-07
2304,0.4024966204242506,0.6845309062603552,0.020728387709277322,0.06868971801334343,0.02073324310100636,-3.7957574938740635e-07
2305,0.2556069808364504,0.530330302965167,0.022425544301855508,0.07890795186188622,0.022429988337500824,-1.9163549580536454e-08
2306,0.5682835431376954,0.8893009324469128,0.021807201103906233,0.07418339146308978,0.02181162072281611,-4.568623046541376e-07
2307,0.5954841949272349,0.7805396015349515,0.015355535976269537,0.05198559553676755,0.015359001893244467,1.9492723490888153e-07
2308,0.14281022179278668,0.49063051528743107,0.03450743310966788,0.10164751428385564,0.0345136156406298,2.2179278669209879e-07
2309,0.8526789814308738,0.9292453774297567,0.008137583412480488,0.02203234557912904,0.008137927478683254,-1.8569126125633773e-08
2310,0.8104288834291091,0.9249832746247334,0.010326284501445302,0.028712987184232975,0.010327012737288895,-1.1657089082905969e-07
2311,0.44864971800443,0.7519726960380408,0.020777960885048814,0.07347014003537736,0.02077977240035819,-2.8199557000618825e-07
2312,0.40441141268221614,0.6589762209523129,0.017115353173710927,0.06169505219306291,0.01711617511914138,4.1268221612211775e-07
2313,0.3095876204045226,0.5676243513975301,0.013019649780859387,0.05936650650777572,0.013020460739033166,-3.795954773844201e-07
2314,0.5137778596682889,0.7222640957467655,0.018484962219824243,0.0626031709603689,0.018487904273982978,-1.4033171102934006e-07
2315,-0.010199864897640243,0.460960169516118,0.02124385426822266,0.06428373093352997,0.02124525782895774,1.351023597578882e-07
2316,0.5895386939558502,0.8046033673161634,0.030050361905078146,0.0823990252101798,0.030057379762219786,-3.060441498003996e-07
2317,0.8540878582611716,0.9260590263288153,0.012875315797851526,0.036007762700939056,0.01287891295808998,-1.4173882834089824e-07
2318,0.6943772699735284,0.8481514752439343,0.012164650742128911,0.035176793527613645,0.012165236007375393,2.699735284217297e-07
2319,0.48670750233950255,0.7440259449910939,0.017082925643457033,0.0639913310799154,0.017085077124506628,-4.97660497422725e-07
2320,0.9012143081295199,0.9495582789031819,0.00795760439355469,0.018347834244233772,0.00795898439708391,3.081295198992251e-07
2321,0.6063389422857053,0.8231383213263721,0.016150927867285145,0.046006938233922774,0.01615401964487485,-5.771429467671396e-08
2322,0.7106610702107474,0.8530265494218178,0.021151304084179687,0.06364371173168898,0.02115549068808929,7.02107474381819e-08
2323,0.7393787383121795,0.8624385778039549,0.015441673321972634,0.054432256137549415,0.015446399021092665,-2.6168782052415906e-07
2324,0.803297023716651,0.8995399378611262,0.010643045320507806,0.026901510905926664,0.010643636272968554,2.3716650976446374e-08
2325,0.6098329248442651,0.788267788447681,0.00904128202678713,0.046760042300967995,0.009041572703675069,-7.515573485772364e-08
2326,0.5576396194315143,0.7541371061207565,0.015818458497148455,0.04906215191331213,0.015819574671759762,-3.805684857249858e-07
2327,0.37466145471843226,0.6401565349256743,0.01432280344173827,0.045008877251316894,0.014323913649037684,-5.452815677320366e-07
2328,0.38438898899938845,0.6444951301444631,0.015015371949541006,0.056531510898508386,0.015016612052749042,-1.1000611532807625e-08
2329,0.39667409257861064,0.6557017108238177,0.021435303764355464,0.0705088995583941,0.021440988385732888,9.257861061096051e-08
2330,0.8079079909207603,0.9061359129504983,0.010577945170585936,0.03321233357857068,0.010578616724131181,-9.079239693399188e-09
2331,0.44850684892353077,0.7342895240187458,0.029486072117871125,0.09017360291198213,0.029493648227974928,-1.5107646922363216e-07
2332,0.6003912845452665,0.7930955193766013,0.021091823250097657,0.06455981377407592,0.021098883622271386,2.8454526646015665e-07
2333,0.8288441593571287,0.9241326463027439,0.01537579917509767,0.05245834500699403,0.01537915058113733,1.5935712871506524e-07
2334,0.75112263525303,0.8855929568686147,0.010853549183583984,0.026755034323766327,0.010853737521653343,-3.6474696996080525e-07
2335,0.8308333704025217,0.9240953088145611,0.00859617286582032,0.02333598815716573,0.008596499114309087,3.7040252165443377e-07
2336,0.7941438240119361,0.89251387992446,0.012706822664550785,0.04019446680651103,0.012708294835361886,-1.7598806389962363e-07
2337,0.2200419851248152,0.5476935683068933,0.028323753098632824,0.09010927126738587,0.028331542235709755,-1.4875184778384565e-08
2338,0.4305542346123843,0.7731327583805977,0.02994161120332035,0.08607893454730521,0.029945386801535367,2.346123842977832e-07
2339,0.8438422946535895,0.9331622903721897,0.011004602714843739,0.04279075949883576,0.011006735265398715,2.94653589527627e-07
2340,-0.1334426015410941,0.4026658844897733,0.015833637231523437,0.06449616619198885,0.01583412875644839,-6.015410941029309e-07
2341,0.46122642745462716,0.7215743889953935,0.01897140068340823,0.06612923270285753,0.018973235043662905,4.2745462713877913e-07
2342,0.6379896000543022,0.8717911620485393,0.02282451921826171,0.06540644419264208,0.022830240944662378,-3.999456977821225e-07
2343,0.3175875052585275,0.6297069975046936,0.018574838205273433,0.06163752111783885,0.0185787432360146,-4.947414724565391e-07
2344,0.4646671236302138,0.7177798075061494,0.01759391423444335,0.05882037792589016,0.01759564789492001,1.2363021378858363e-07
2345,0.2138693876076041,0.5117503431187722,0.01785028065458986,0.06498145106427068,0.01785244700797365,-6.12392395904493e-07
2346,0.6724829847429528,0.8249871196422754,0.018561840512597617,0.05651044125107953,0.018570040184407194,-1.525704729221644e-08
2347,0.18608663832168226,0.44077148061497573,0.01796005153535162,0.06622529714013538,0.017962723391661148,-3.616783177395888e-07
2348,0.4994365401778752,0.7624884170792812,0.01768941395537109,0.06439899242939587,0.017692877819219764,5.401778752078812e-07
2349,0.8525292958136941,0.9249776932682454,0.011306202854882812,0.034842898007665365,0.011308140081761382,2.9581369409559244e-07
2350,0.5606253971599571,0.7636138511436007,0.012365550840966797,0.05337759205406657,0.012366362802250739,3.9715995703293316e-07
2351,0.6373226533282302,0.8171875819719128,0.019711652085156236,0.06503503810173801,0.019717660036451683,-3.4667176973535163e-07
2352,0.7138845873594812,0.8525069615933681,0.02178491062490234,0.06100593300375411,0.02178897236389202,-4.1264051875433694e-07
2353,0.3558706957196599,0.5987488848332246,0.021596470280566448,0.0735041306335505,0.021602125237386412,-3.04280340091001e-07
2354,0.40740129867656905,0.6502438609347211,0.022756572696777413,0.07679840111301516,0.022761436975189068,2.9867656903270756e-07
2355,0.2831593888183479,0.6889953211896827,0.021572685426660184,0.05698985241373019,0.02157560334577763,3.8881834790727154e-07
2356,0.7967093268024594,0.9028763167680344,0.019725817370214855,0.055830350094385826,0.019732951388611066,3.268024594271779e-07
2357,0.5145713190440714,0.7257546702032136,0.020995759154980476,0.06624175055857101,0.021001611001866812,3.190440713840559e-07
2358,0.5601201386122114,0.7593945515535697,0.01512629482646482,0.05952857571013543,0.01512864561678268,1.3861221148658842e-07
2359,0.8478640263583533,0.9244839062837692,0.01398705304560547,0.04089432256505958,0.013989546458428941,2.635835338882231e-08
2360,0.4261236118358953,0.7336299361378591,0.022298630199609325,0.06934032589373564,0.022302411229976234,-3.881641046921125e-07
2361,0.4780097843629909,0.7066760346959593,0.022846233702148434,0.07946353893136494,0.022853090109096055,-2.1563700908222572e-07
2362,0.6177903163166392,0.8116069249828699,0.01663871645244138,0.056754675158023286,0.016642794692723974,3.1631663921505293e-07
2363,0.9572398657278539,0.9812846391378992,0.008772196509472667,0.022579715491180152,0.008773732851511095,-1.3427214606842597e-07
2364,0.9338953015376005,0.9683067329168479,0.009024861736035146,0.023892291192235956,0.009026314599898937,3.015376004444903e-07
2365,0.851112465396017,0.9238168308779676,0.008149770477587876,0.022197349686847532,0.008150017699572774,4.6539601705752887e-07
2366,0.45862859715799953,0.688889709758192,0.02145139589248046,0.06863701049344116,0.021457022975298706,-4.0284200047979724e-07
2367,0.6297345781543229,0.8050732826716032,0.01899554296455075,0.060608464290423984,0.019001045581846544,-4.2184567716763155e-07
2368,0.9008069214996031,0.9562159201870459,0.008865268020908193,0.024693788971773052,0.00886567714167632,-7.850039696055688e-08
2369,0.8800929793500125,0.9421947792097958,0.008807480419775388,0.024110722230811257,0.008808100184128644,-2.0649987497733946e-08
2370,0.7568588502971104,0.8759451979151973,0.01566645456992186,0.0385849714574269,0.015668989798369143,-1.4970288952920185e-07
2371,0.871332290713507,0.9416982444120071,0.01301808638984376,0.03642659034358851,0.01302075885632844,2.907135070451261e-07
2372,0.7884177550029541,0.8941241230028285,0.017707944955078124,0.0469222408768863,0.0177135880702544,-2.449970458728856e-07
2373,0.8423939638075811,0.9272515556630178,0.010569268699121092,0.027954387896509083,0.010570513240695563,-3.619241883967561e-08
2374,0.34656031345903304,0.5905970855945029,0.017027729902929698,0.06038780181544713,0.017028676827290097,3.1345903306334577e-07
2375,0.6159861152335191,0.788731076522723,0.012581381254638679,0.04265504808864534,0.012582087167228898,1.1523351906017609e-07
2376,0.2648611209876639,0.5374580182510156,0.022208455930351527,0.07778769467726002,0.022209767850455666,1.2098766388746185e-07
2377,-0.12825042495851835,0.6274217686079036,0.025586754901650376,0.07287625174805656,0.02558828160702536,-4.2495851834689624e-07
2378,0.8526355610822653,0.9250370010919956,0.011227982811132808,0.035424054020012495,0.011230965980316499,-4.38917734602029e-07
2379,0.795100160317167,0.8936808722684338,0.009520128137499998,0.025339011530506553,0.009521145708995532,1.6031716698616805e-07
2380,0.834297065408836,0.9203824624152479,0.011895816318457007,0.03532235269023979,0.011897226159982248,6.540883601413583e-08
2381,0.6746114543488813,0.8684815852303394,0.011452420873925803,0.035054482142842645,0.011452920726114205,-5.456511187329482e-07
2382,0.5489103009009015,0.7415765902316289,0.01708180616845706,0.05101312136342767,0.017085861284059565,3.009009015286779e-07
2383,0.8696765567609519,0.9325880527650096,0.010629983005664066,0.02541874388126284,0.010631755872219269,-4.432390481312609e-07
2384,0.8467099827653297,0.9428684812549275,0.011317580524648416,0.029389205587451245,0.011318704894684898,-1.723467024650205e-08
2385,0.35569290466276005,0.629283916863506,0.020194476927714804,0.056056376681795736,0.02019609745893961,-9.533723993593313e-08
2386,0.42978465022092205,0.6750747715575625,0.014155340888476588,0.04542742588748783,0.014156828537568215,-3.497790779238841e-07
2387,0.8631922577621831,0.9302018603938813,0.010878424189091804,0.025331737995452703,0.010879240661416469,2.577621831534316e-07
2388,0.6049460122454251,0.7781473027443928,0.018430163023046862,0.058393757700179724,0.018432067356047438,1.224542511835125e-08
2389,0.854219066293196,0.9247969181524106,0.011702005162402355,0.04136612524200963,0.011704982008541713,6.629319604378736e-08
2390,0.07562286209484159,0.3945943715681424,0.01760215924758793,0.06563679438752476,0.01760316674424083,-1.3790515840383932e-07
2391,0.7115807180834668,0.8639161819284369,0.01530092003359373,0.051642262413577895,0.015303401031681365,-2.819165332290652e-07
2392,0.43164907964365107,0.6724931908911125,0.026030407430371084,0.08353692967022697,0.026038514313494476,7.964365106305493e-08
2393,0.6268625516569779,0.8025103803098096,0.01414374800312498,0.0483667402648175,0.014144631965534582,-4.4834302204144194e-07
2394,0.6680230620144496,0.8258453315291988,0.02068398058535154,0.06389149730426372,0.020691708371475475,6.201444957554259e-08
2395,0.4600514976029457,0.7482260124020434,0.013538326385810559,0.04011835242603845,0.013538972722152393,4.976029457370856e-07
2396,0.4667911703936284,0.7413948172492179,0.02922292099707026,0.08302540595860153,0.02922770115252051,1.7039362837367733e-07
2397,0.8142116147260701,0.9031725649445528,0.00979170423838868,0.028632100620211324,0.009792063024865625,-3.852739299814445e-07
2398,0.9111001927451842,0.9662104011123441,0.006592078646376947,0.016869096015970166,0.006592297359883454,1.9274518414658104e-07
2399,0.7905206816955337,0.8892508112820531,0.008296879386093749,0.02589221522083853,0.008297008038338811,-3.1830446634018017e-07
2400,0.5307452836898812,0.7321086975619994,0.011672632930361353,0.0436307852494493,0.01167296562774138,2.836898811420241e-07
2401,0.7866000035347875,0.8952377539814702,0.009495118264931664,0.02687246905334289,0.009495350285050275,3.5347875737556933e-09
2402,0.2864987055474921,0.5832125534690857,0.018328591315117184,0.06218250995245844,0.01832997144373858,-2.944525078762972e-07
2403,0.8617262134969621,0.9304008523808599,0.008581209635546865,0.03162100428651694,0.008582230626620922,2.1349696210926083e-07
2404,0.8122717032570105,0.9028686819143175,0.008675715287929684,0.025788943163441505,0.008676113633640856,-2.9674298951398725e-07
2405,0.7968693467246468,0.8960246810447741,0.009748595745839864,0.02527101442658276,0.009748911922356352,3.4672464677143466e-07
2406,0.9320009931486676,0.9659900461134655,0.0063422284504296884,0.014213415069600221,0.006342488874545075,-6.851332390311882e-09
2407,0.34425574441551887,0.6398451140459844,0.019460327536132832,0.06782910054550369,0.019463142801886553,-2.5558448113471854e-07
2408,0.29031680301437846,0.682224718068917,0.017797149666123033,0.06120750567375139,0.01779857790731166,-1.9698562153669386e-07
2409,0.3705426648789355,0.6389106242633391,0.01819998237460939,0.05737875321627184,0.018202016870461253,-3.351210645097247e-07
2410,0.5349551047371948,0.744324216462105,0.023240007135351588,0.07850914347422666,0.023245029765641648,1.0473719480597055e-07
2411,0.926362715181898,0.9676364296467562,0.007250423269980462,0.017566821125300208,0.007250958417467708,-2.8481810199210145e-07
2412,0.8772463354055167,0.9418555249221235,0.008985468893359367,0.028190096110761634,0.00898657397146198,3.354055166937542e-07
2413,0.6873913665309297,0.8353004736114212,0.0138755513430664,0.05834911314069892,0.013877515140519672,3.6653092971850043e-07
2414,-0.10957174722590701,0.36896340817085477,0.024211129676894545,0.07640509545096438,0.024212603857406388,2.527740929902933e-07
2415,0.5946989421041519,0.7747918628285599,0.018476687928613247,0.06263630119134991,0.018480351741507584,-5.7895848115663284e-08
2416,0.847057336310839,0.9217716777577613,0.00855517867641601,0.022791254037649915,0.008555532484045237,3.3631083906637826e-07
2417,0.5958975820584587,0.7899145191158469,0.02364870562392581,0.07056187111666958,0.02365755027115651,-4.179415413751997e-07
2418,0.6334431347766825,0.7996904546778565,0.01645952061933591,0.046237771424448924,0.016461358795073256,1.3477668248107477e-07
2419,0.963571576177897,0.9831900176704401,0.005508521996572265,0.017212797242408092,0.00550881958680743,-4.238221029684297e-07
2420,0.8169480478983452,0.9060195206812548,0.009202915852792974,0.024387750194969318,0.009203806197619553,4.789834517904268e-08
2421,0.33065418360205445,0.5754950617563633,0.012203657294443358,0.0504352149556295,0.01220390455763156,1.8360205444878375e-07
2422,0.8864150924207879,0.9446059956150147,0.006880682765878909,0.01804599589395873,0.006880926008195911,9.24207879116068e-08
2423,0.9520476628626139,0.9806433003599276,0.00481480307349609,0.012986115436996694,0.004815054364923824,-3.371373861194016e-07
2424,0.3320189662708296,0.6081750167337515,0.02082141314627928,0.07651092557415982,0.020822674200120437,-3.372917040112e-08
2425,0.8903827834365118,0.9452852291805546,0.011883547327636731,0.03584178095926331,0.011885840932418538,-2.1656348825338512e-07
2426,-0.5130602653209215,0.09825973383089169,0.014028201607792952,0.06598115757131172,0.01402838664586019,-2.653209215663921e-07
2427,0.8425292973517369,0.9367245140523139,0.015177935674121122,0.044639151203236756,0.015181002389932013,2.973517368998202e-07
2428,0.9176567447053882,0.961346170133881,0.009305113386328109,0.028770650418467738,0.00930724269358865,-2.5529461178397383e-07
2429,0.8109414009691752,0.9285327516276509,0.008996667455488293,0.025481186537081323,0.008996779902371677,4.0096917519605313e-07
2430,0.7178016500462796,0.8687104098315438,0.0151143503279297,0.046269065667635695,0.015115687664059518,-3.499537204465497e-07
2431,0.4015927454116658,0.7045665912273198,0.040808667267382755,0.11176138900353849,0.04082993505384614,-2.5458833419200744e-07
2432,0.6884496033829348,0.8428707155636833,0.013397283488183606,0.04446536922005672,0.013398245090818387,-3.966170651903411e-07
2433,0.8314811155112938,0.9191025101214745,0.009803201833398443,0.026132684002502054,0.00980457946897688,1.1551129375231284e-07
2434,0.34809757098686844,0.6055494359466794,0.02930344693095705,0.08805786930127957,0.029307080287958583,-4.2901313157539533e-07
2435,0.4176395466674647,0.7261954845212532,0.024072994024609357,0.07782273599721963,0.024077336889980205,5.466674647403025e-07
2436,0.5443120724569412,0.767367424846744,0.016697526673144527,0.05624141753377341,0.016699481252238055,7.24569412247078e-08
2437,0.588006622516233,0.800737207675702,0.022798179847851555,0.0737854304867087,0.022800832574236072,-3.774837669112685e-07
2438,0.8056341610140617,0.9052914949433504,0.013140620405175756,0.034870966383184536,0.013142134557809847,1.6101406175028643e-07
2439,0.8452867720278894,0.9247226514375735,0.010707236053515628,0.03531856098550885,0.01070877986977326,-2.2797211063352307e-07
2440,0.3487844752807642,0.6697100162973328,0.009304489215380865,0.0434512951742157,0.009304615121989988,-5.247192358392994e-07
2441,0.5221488151044075,0.7323315531783627,0.019168073187519556,0.062030421057458075,0.01916991281612591,-1.848955925032314e-07
2442,0.9486924574827037,0.976316993241478,0.004973757204580079,0.01245836131001985,0.0049739168665156675,4.5748270371959165e-07
2443,0.7569702698314452,0.8730025482510142,0.012092279160927746,0.03527199702646469,0.012092824724966436,2.6983144518766267e-07
2444,0.8591206732963588,0.9284469979893101,0.009494339863984383,0.023355614862913883,0.00949466886907238,-3.2670364125131357e-07
2445,0.8481337609276173,0.9255073561961562,0.009313880738828141,0.02359791955613812,0.009314206336191028,-2.390723827794261e-07
2446,0.7062182581572631,0.8618579301185395,0.014517730770703115,0.046479073335603444,0.014522110241246054,2.581572631221718e-07
2447,0.893686879307985,0.9458803573179908,0.012395991651171853,0.033209207246794624,0.012398346605524451,-1.2069201504871785e-07
2448,0.7665576105634684,0.8778293314408336,0.014005835791894548,0.05405238282759312,0.014009636187304041,-3.8943653157819114e-07
2449,0.8820365904713412,0.9589595801473769,0.008797022542675788,0.02549705204293536,0.00879799124198229,-4.0952865876242583e-07
2450,0.5850724830329919,0.7985275967272767,0.01499348911748046,0.04029492355941122,0.014995005629877333,-5.169670080906741e-07
2451,0.8160334937778484,0.9412975507437578,0.00921571709980468,0.02511852433116381,0.009216927402192644,4.937778483871114e-07
2452,-0.1711592566788207,0.28773053416561134,0.0322027743790332,0.08790781024724491,0.03220381735440471,-2.5667882069813075e-07
2453,0.5494900233094665,0.76802609587249,0.022208566874160167,0.0721558900628486,0.022210541156059308,2.330946646811327e-08
2454,0.9280695502219889,0.964070894219141,0.0070392081672558705,0.023317828480375957,0.007039873983190275,-4.4977801105794413e-07
2455,0.47724686277202655,0.6909521379172483,0.01193839358505859,0.048365649474551874,0.01193996968493694,-1.372279734290771e-07
2456,0.8988972543712905,0.9523752160365212,0.007009286185742193,0.02936954345969951,0.0070101484101621385,2.5437129058669683e-07
2457,0.769623705563319,0.878580947105186,0.016777175890332018,0.04624166975625489,0.016779922434748105,-2.944366809254362e-07
2458,0.6363525907079113,0.8134346753680375,0.020562188022656237,0.06487684833987535,0.020568990249438694,-4.092920886655804e-07
2459,0.7145606162041649,0.8482903389193536,0.012444729068027346,0.031628193679772716,0.012444951014021618,-3.837958351127213e-07
2460,0.5207475381022633,0.7555866748822757,0.022790287836523416,0.07265896281255974,0.0227963958116316,5.381022633033083e-07
2461,0.4832331376575385,0.7153751812624838,0.012148042308896476,0.03996741797282847,0.012148778230492346,1.3765753847927442e-07
2462,0.42363976590528674,0.68322831350611,0.0333007751896484,0.09818266593470681,0.03331337866351753,-2.3409471328061926e-07
2463,0.8598835803747067,0.9468719219316301,0.007938987893583984,0.021980159429829935,0.007939426916342645,-4.196252932908706e-07
2464,0.9201989998922412,0.9622785071530117,0.0074094893548828,0.02194302306023586,0.007410384620492686,-1.0775880188163e-10
2465,0.6979571360537389,0.8357833047685495,0.014930472198759752,0.042198783767275795,0.014931335836183317,1.3605373883063265e-07
2466,0.4798912008798837,0.7706963465921474,0.01814210873469723,0.05818123320017133,0.018142998947610803,2.0087988367167853e-07
2467,0.8483739963008418,0.9649835651540845,0.01137455377958982,0.0370761719017966,0.011376292094086235,-3.6991582019751945e-09
2468,0.781477235689966,0.8854313744765028,0.012745715558105466,0.04857069324568203,0.012747605120315324,2.3568996598832825e-07
2469,0.6670040727806199,0.8248858004920504,0.021659209027343748,0.06788195330666225,0.021663099505550256,7.278061986415452e-08
2470,0.6063889562639655,0.7807469843406335,0.01809934413750001,0.04895433897557918,0.018101158682721812,-4.373603446072849e-08
2471,0.5562063657484698,0.7579218384209637,0.01489797036313478,0.05185915673253738,0.014899097180662626,3.657484698438296e-07
2472,0.8345836374144016,0.9254123984094722,0.009154929591933607,0.022694481925324556,0.009155297672436759,-3.6258559843460603e-07
2473,0.8438785715303374,0.9263659227990624,0.014322142220996118,0.042710621929834804,0.014324791399213197,-4.284696626388751e-07
2474,0.48727627810194174,0.7962860166384694,0.02947657493994139,0.09004616297226851,0.029485949163025413,2.781019417530395e-07
2475,0.6335481990700562,0.7971783075230152,0.014191126408583988,0.045329425515654935,0.014192320837711846,1.9907005621710994e-07
2476,0.7808925740080243,0.8951277846805646,0.013395632429882834,0.03983569180402585,0.013398633904759056,-4.259919756943731e-07
2477,0.19974625770109333,0.4885692581609449,0.014297634540810556,0.05470473148105889,0.01429869446842866,2.577010933257906e-07
2478,0.9254437013742979,0.965795188219459,0.006786502952929699,0.015645103202011176,0.006786747941364091,-2.986257021664329e-07
2479,0.9539166553444557,0.9780442802350948,0.005596335309570313,0.012092181889896983,0.005596612292404734,-3.446555443264998e-07
2480,0.6524707722116316,0.9002221655526512,0.021391847573632796,0.06495497132217318,0.02139698949915723,-2.277883683898807e-07
2481,0.41799615306208115,0.705397711096156,0.018659952863847647,0.0587875191383664,0.018661478204742874,1.5306208117626952e-07
2482,0.33851929839392303,0.6150586066045008,0.019259660521777317,0.07048946160857128,0.019263284124669707,2.9839392301500567e-07
2483,0.5920248311410936,0.7820208141833385,0.018989636549511735,0.06471864525629516,0.018992395933825325,-1.6885890641304968e-07
2484,0.9296512275941826,0.964728749331444,0.005439933601298833,0.014067300373895529,0.005440037281010958,2.275941826113126e-07
2485,0.7923106739297536,0.8967876662654337,0.011319834956865263,0.02873821844991727,0.011320578132102977,-3.2607024635922244e-07
2486,0.4379145988456462,0.6706649624500937,0.020546709268554654,0.06523801419143235,0.020549954946933933,5.988456461825109e-07
2487,0.6507872842848677,0.8471884207499817,0.012861383626972655,0.0456469491082767,0.01286255289489968,2.842848676465337e-07
2488,0.8075671151521612,0.9102828504025813,0.008721681681933588,0.02405135562661741,0.00872257912803814,1.1515216113977544e-07
2489,0.5581119823921996,0.7495290671871175,0.022283122390234392,0.07027111750215552,0.02228935319391812,-1.7607800439911614e-08
2490,0.9245989151808478,0.9617956760216316,0.00665247342624024,0.016160700943232055,0.006652804907633534,-8.481915214630931e-08
2491,0.8031070822250548,0.9225144827638903,0.010080481153154325,0.031346853970237634,0.010080698203993984,8.222505476496167e-08
2492,0.8158474868886887,0.9344884645370682,0.019619696030761746,0.0522798409399284,0.019626001690433464,-5.131113113288066e-07
2493,0.7183159675438919,0.8790394806505949,0.014767917488867164,0.04855945519000891,0.014769557348388689,-3.245610802338206e-08
2494,0.7424506021363677,0.8795376071819717,0.009395594554423821,0.029745853176176215,0.009395926654578939,-3.9786363226212984e-07
2495,0.6360400393897044,0.7992062793831212,0.01401835210253907,0.04542434453447995,0.014018954085259433,3.9389704387104985e-08
2496,0.8587683029812855,0.9283059792313995,0.008767209081376941,0.024107199929350332,0.008767615089027818,3.0298128550487746e-07
2497,0.8280373108653237,0.9110750762968153,0.010922207556054674,0.024696139885490586,0.010924020604830437,3.1086532370494524e-07
2498,0.5058315715152277,0.7274028693465475,0.025943264557910135,0.08487947550010658,0.025947005893015657,-4.2848477221912873e-07
2499,0.17769887654258276,0.4844898331804685,0.0330725230973633,0.09835869967563408,0.03307680702679465,-1.2345741723374104e-07
2500,0.9249284827307407,0.9624915209655016,0.006662775250556639,0.015722625921659704,0.006663273711739011,4.827307407140324e-07
2501,0.44991724330321337,0.6946085550934757,0.031126300546777286,0.07944905412236629,0.031135896873053556,2.433032133541957e-07
2502,0.42788622757674577,0.6913919373639718,0.013851085088408203,0.050864001806248546,0.01385198911077354,2.2757674578155473e-07
2503,0.7414181907644957,0.8612921554370622,0.009074766923496114,0.03021446441130508,0.009075101381366218,1.9076449564447984e-07
2504,0.8123899781890449,0.903277435935893,0.009727853319335938,0.03059370801244303,0.009729035744505472,-2.1810955042056435e-08
2505,0.7294562893410359,0.8635392475911828,0.011713582900605476,0.03622251851713447,0.011714282123528286,2.893410359083859e-07
2506,0.7232324170484572,0.8582599454412768,0.01049899914983398,0.03724158867810943,0.010499484456059555,4.1704845721302064e-07
2507,0.9437802864697443,0.9725922959010708,0.005523893764531251,0.013520562675127539,0.005524194573995566,2.864697443705211e-07
2508,0.8587816431070059,0.9412844049538913,0.01645628406582033,0.04027375202028716,0.016460726764945935,-3.5689299415775366e-07
2509,0.15076895091292697,0.4746171595682973,0.016692678946972652,0.05824852328697916,0.016695431567852907,-4.908707301742865e-08
2510,0.49483939091572215,0.7644881593524978,0.015199365895654293,0.05394952311392202,0.015200252600261694,3.909157221815285e-07
2511,0.5159731547471627,0.7885270422434487,0.021705504623144536,0.053035051402298,0.021710654637926114,1.547471626395236e-07
2512,0.1456872786823603,0.4901595293739245,0.020614789767675796,0.07383410511697727,0.020619751682038834,2.7868236029959803e-07
2513,0.7456068397664104,0.8672614885510951,0.01040053697563478,0.027205294306453603,0.010400815991460843,-1.6023358961891887e-07
2514,0.28330935096642085,0.5391858973985756,0.020032841942998033,0.07279417439224849,0.020033933793191117,3.5096642087006913e-07
2515,0.5506211211652519,0.7673765828016369,0.01597416293173828,0.0630484231036804,0.015975967068942633,1.2116525183181182e-07
2516,0.13856475795008216,0.4802824623110625,0.03460329625888677,0.10449092438463976,0.034610740977354885,-2.420499178312774e-07
2517,0.6762461424972948,0.8279465633820622,0.013756900082812534,0.04586476430045976,0.013758974667892445,1.424972947416947e-07
2518,0.7911629627757989,0.890963867628188,0.011030659720195332,0.02759837983668878,0.011031135230847753,-3.722420105489732e-08
2519,0.9157901735365634,0.9580028569085983,0.006489092044335943,0.016966315550851607,0.006490069086594529,1.7353656345253654e-07
2520,0.7952397457776599,0.8986444666613661,0.010745498187773444,0.03016123546858948,0.010746177118885711,-2.5422234006811095e-07
2521,0.8993585326774747,0.9562396748225053,0.014897982024121115,0.04169874555910267,0.014901997866663217,-4.6732252534376073e-07
2522,0.6907801208624507,0.852242642182649,0.016130610810253916,0.06208309162237048,0.01613542926734076,1.2086245071429857e-07
2523,0.9535682364232212,0.9769230628203389,0.007897087044042971,0.019414903754690783,0.00789836901173069,2.3642322122263693e-07
2524,0.7998548280628077,0.8964449753093822,0.011262931035253913,0.027445249792718836,0.011264937142572998,-1.719371922614954e-07
2525,0.35571995603518636,0.8158801577693968,0.03605729161103522,0.10462024104502951,0.03606292294824865,-4.3964813623009746e-08
2526,0.32972143664693954,0.5831140737276308,0.015063824189433589,0.04919152811431057,0.015064862948492151,-5.633530604787218e-07
2527,0.1706156781969268,0.4809944383860761,0.01965403897624998,0.07699187530349397,0.019655176972079413,-3.2180307318885326e-07
2528,0.865451416930969,0.9330046109519121,0.007593947732822264,0.02002259808718285,0.007594125912127833,4.16930969082685e-07
2529,0.5483573937626018,0.7446623316441053,0.01783608543810546,0.06278571752772102,0.017837510018891986,3.9376260185797207e-07
2530,0.5371896591597087,0.7696347997916412,0.018086731230761686,0.060373779807611834,0.01808897052230735,-3.408402912130626e-07
2531,0.5660449141378313,0.7641486313498042,0.016760580708398413,0.056844181617497117,0.01676439222205592,-8.58621687083172e-08
2532,0.35575083147068154,0.6412989968377093,0.011694668825507843,0.04584343424614155,0.011695114666318299,-1.6852931844502095e-07
2533,0.5015375852573609,0.7367545087987598,0.022135433189746104,0.0717971013022106,0.022138040508536017,-4.1474263912100184e-07
2534,0.7825912507652987,0.9274790772555839,0.01229324452335936,0.039955469599230735,0.012293694810788978,2.507652986372122e-07
2535,0.6097789450456639,0.9012213590946626,0.02515304164697267,0.07338733582354841,0.025158169407703698,-5.495433608171396e-08
2536,0.6962404820013239,0.8365286044126637,0.01708945271777341,0.04405694790539159,0.017092462444022866,4.820013239648091e-07
2537,0.5873505018221469,0.779176745512248,0.021191855099023427,0.05469949618051516,0.021196874455303816,5.018221468366946e-07
2538,0.4041427703651572,0.7182822880871762,0.019540875759082012,0.07245157414357753,0.019546492557087947,-2.2963484275217994e-07
2539,0.3771185495508701,0.622130653542695,0.017140136882226566,0.062441147754639235,0.017142312827991536,-4.504491298851221e-07
2540,0.5454566774159482,0.750304170598262,0.023127365541601542,0.07510391039233025,0.02313548596298873,-3.2258405180396466e-07
2541,0.5371500644452293,0.8070343441875151,0.026658957528808626,0.07993397802537519,0.026664438932187028,6.444522926418728e-08
2542,0.8016847236456291,0.9076364668179769,0.012455376227343747,0.047969624343682835,0.012457394446080737,-2.7635437083173287e-07
2543,0.4609696708324169,0.7763267622439326,0.014682220352246074,0.057600432871334185,0.014683920848662619,-3.291675830796592e-07
2544,0.4403398953375808,0.6817767350683719,0.0184964081888672,0.05141148168389651,0.018498989419457258,-1.0466241923134945e-07
2545,0.6058589652252687,0.7836122528778733,0.013785363557812489,0.05398966234630262,0.013787948434142052,-3.477473131674458e-08
2546,0.7931238223176473,0.8929172395791098,0.009679319895966786,0.029776607442447926,0.009680057461169,-1.7768235271997668e-07
2547,0.47212727471462246,0.7496938713911032,0.028854700281640597,0.08471063399878408,0.028866665012008103,2.747146224391095e-07
2548,0.18441784025416497,0.5412709443779351,0.01687414250057619,0.04845988107536668,0.016875411452202962,-1.5974583503219897e-07
2549,0.707721709521085,0.8825896195956453,0.011996678197363293,0.04047620740779782,0.01199858532690638,-2.9047891492162137e-07
2550,0.6584077620930663,0.8359124882098989,0.01770091832109375,0.05434884315822609,0.017703346331502442,-2.3790693370884242e-07
2551,0.5566000039739684,0.761807774489166,0.019508173361425817,0.0697680270223874,0.01951104719819857,3.973968376591586e-09
2552,0.5807572839387932,0.7683848687100407,0.018406057531445325,0.0633796974282542,0.018409085017771915,2.8393879325516735e-07
2553,0.16431525672375513,0.4297981934420877,0.019407158164941436,0.07405960392314649,0.019409648632485187,2.5672375514318446e-07
2554,0.763972103548452,0.8993357477533279,0.023968018716015616,0.06103228703947096,0.02397793706259849,1.0354845203508489e-07
2555,0.9091884760745684,0.9552353400874302,0.010698108636425768,0.03282432248141166,0.01069994465276867,4.760745684340151e-07
2556,0.6348720881617477,0.8541065069297996,0.020518943595898443,0.06696657683654685,0.020526467098251917,8.816174768000451e-08
2557,0.7728001114230815,0.9203087910554246,0.010370560571582026,0.03396328616203024,0.010371651579094778,1.1142308142808588e-07
2558,0.6480643404454158,0.8240926102298328,0.01911461168974608,0.06602552436586726,0.01911920267681733,3.404454158584258e-07
2559,0.880800385371616,0.938944122363681,0.008076890649414052,0.02041691489392333,0.00807860778092585,3.853716159518683e-07
2560,0.8403684429680172,0.9210107104190743,0.01648961857275387,0.042550734233099026,0.01649270056040905,4.4296801715582035e-07
2561,0.42038293666795656,0.6549394311271779,0.02387996929228515,0.07127588800097734,0.02388635826729906,-6.333204344288745e-08
2562,0.5273061860509635,0.7743226275480658,0.015305971291308602,0.058335578270501384,0.015307720819905741,1.8605096341328675e-07
2563,0.475066151522468,0.7148574135938537,0.03338620241738289,0.09606600389509322,0.03340018286218423,1.5152246801708458e-07
2564,0.7981733680785693,0.8970985383987573,0.012777086674609396,0.03953865824193732,0.01278085797860892,3.6807856929055305e-07
2565,0.7910193928915243,0.916456026282354,0.011468261642304679,0.028000240373682563,0.011468895163658885,3.9289152431454255e-07
2566,0.653933896530976,0.8130379676753432,0.013859573883007813,0.04610912042594269,0.013861395670993315,-1.0346902401536795e-07
2567,0.8181879425642884,0.906193379295601,0.011785509913974599,0.03167460279659675,0.011786479372647202,-5.743571163119299e-08
2568,0.9124264509837439,0.956338598603701,0.010757536441796865,0.027296437259672776,0.010759199464360072,4.5098374390484253e-07
2569,0.8452250551362006,0.939537116065486,0.0157515962272461,0.04848128089103162,0.015755053273508617,5.5136200605154784e-08
2570,0.2017237590030646,0.589750265820031,0.0217852209876563,0.06820461268448924,0.021786471274462822,-2.409969353800445e-07
2571,0.4615293661144749,0.7815258724115943,0.017454156656933603,0.061418772035908516,0.017457996279599555,3.6611447490342286e-07
2572,0.533153509625271,0.7997928631269631,0.0332359867097656,0.10148078598192793,0.03325220076882941,5.096252709835269e-07
2573,0.7667374280728707,0.9060056610227248,0.0193927071998047,0.06129243936762308,0.019396990633366865,4.280728707062309e-07
2574,0.825119730579694,0.9093757365238025,0.013405470227636702,0.039354809516794736,0.013407471724512175,-2.6942030595389355e-07
2575,0.7402477972740527,0.8932333807100151,0.021356537729882795,0.05857171391715891,0.02136097449400129,-2.0272594736248095e-07
2576,0.6882807243431744,0.8312600725409935,0.012991512677050787,0.03982808018876956,0.012993462807412969,-2.7565682558794435e-07
2577,0.9130035816176982,0.9581136018193378,0.006918208303828125,0.01658889865602442,0.0069184643624207965,-4.18382301803355e-07
2578,0.8514599891816184,0.9273530148918213,0.00863631477373047,0.0213097072251112,0.008637182921169988,-1.0818381634969398e-08
2579,0.46906899002131075,0.7370804822428417,0.013709309289062496,0.04317249893238278,0.013709725245416774,-9.978689263778762e-09
2580,0.8455464585820859,0.9241198657624569,0.009138671337773442,0.023408712397157857,0.009138959949144492,4.5858208586047056e-07
2581,0.907720866059233,0.9549249841596631,0.006589714735751955,0.018412206329591226,0.006589985097403158,-1.3394076703310276e-07
2582,0.5099668779515385,0.731722827365375,0.021546685217578132,0.07133293938935335,0.021552690355325806,-1.2204846144836523e-07
2583,0.9243389347714357,0.961984176291961,0.0073300528395507875,0.022167661297142927,0.0073313060478746965,-6.522856432766844e-08
2584,0.8703089814740118,0.9375383301890398,0.007778220107080077,0.020856189647366644,0.007778490541549595,-1.8525988187967357e-08
2585,0.8492041358658655,0.9225251681765969,0.00947021925087889,0.02370295791884077,0.009471286845807992,1.3586586555813795e-07
2586,0.6709907581570128,0.8700455528696394,0.02097149558916014,0.061277994094655334,0.020975360517479235,-2.4184298719198694e-07
2587,0.6168669151345978,0.7947758319399211,0.011847071255078093,0.043310154498911,0.011847670224709205,-8.486540226115835e-08
2588,0.9545420829895532,0.977582066510553,0.005067393882812502,0.011849960164966998,0.00506756855323499,8.298955322949553e-08
2589,0.6007125537632221,0.7781419133459089,0.014184636298964827,0.046601825548824354,0.01418532357065731,-4.4623677797339667e-07
2590,0.6500656629749425,0.8323153058255668,0.020821158466015607,0.06397359482858637,0.020826929868618824,-3.370250575285283e-07
2591,0.4764345639512827,0.7108622191621307,0.02690483545722657,0.08164782467485343,0.026915093938034828,-4.3604871730051897e-07
2592,0.8232096666770747,0.9213015333831107,0.010009157603320303,0.030307283776241097,0.010009788808090303,-3.3332292526111473e-07
2593,0.6258592293725772,0.8061737859846021,0.015177890901953149,0.04796282011971808,0.015181163936608018,2.2937257715405224e-07
2594,0.6270045806872029,0.8079746727214191,0.02300596135664061,0.07302864499810972,0.023014664448663465,-4.1931279715079484e-07
2595,0.7833651957160641,0.9022285647060933,0.014268340197753878,0.04281760913343459,0.01427028824193693,1.9571606413304465e-07
2596,0.44115000975635466,0.7065253323800148,0.017172330632324227,0.06064679807826152,0.017174934936408374,9.756354668599698e-09
2597,0.57634807829545,0.7722566343147054,0.0239949166765625,0.08241195816168886,0.02399937765688198,7.829545001225569e-08
2598,0.8161596374446268,0.9035417256074263,0.011340452169736333,0.026906876172609367,0.011341048306270028,-3.625553731678721e-07
2599,0.7363323310794998,0.929401497432666,0.010285387100488284,0.03266694516840011,0.010286129684991407,3.3107949981570073e-07
2600,0.2881936199023516,0.6104547581267691,0.018885333897656224,0.07286168078994759,0.018887596374830617,-3.800976484114038e-07
2601,0.9415156239119905,0.9709416448791066,0.009271976767480447,0.022381947950934254,0.009273378146475874,-3.760880095127206e-07
2602,0.5546996487866322,0.757330963584591,0.013504037700019511,0.04247127553004624,0.013505109020883218,-3.5121336772192535e-07
2603,0.6994665085020105,0.8715415384510287,0.009782071876601565,0.03207697433129114,0.009782304143913883,5.085020104989013e-07
2604,0.5017068813729557,0.7100627078811512,0.016406513141699202,0.057969020089415624,0.01640864449991404,-1.1862704429876914e-07
2605,0.6177135699578149,0.8398150142753071,0.02288065450703125,0.06442061740206859,0.022884646644388242,-4.300421850844671e-07
2606,0.8541236095331167,0.9248334789498612,0.010813209725195312,0.038627326415273486,0.010814874333348901,-3.904668832710456e-07
2607,0.6008725712501533,0.7931775481221467,0.010780147628095703,0.04487473238311864,0.010780827850897451,-4.287498467370199e-07
2608,0.5553823099443771,0.8887802835431411,0.021734023514257822,0.06552425038704542,0.02173786310779913,3.099443770526733e-07
2609,0.5673886102440446,0.8277977061734337,0.032937737196972745,0.09388157285272054,0.03295353895274792,-3.897559553989183e-07
2610,0.5513133206479557,0.7456565872220655,0.02288099260273438,0.068118193454857,0.022882384195615706,3.2064795563169213e-07
2611,0.4727827061103014,0.6985654648758137,0.020720380391796838,0.06820052504649635,0.020722959880155625,-2.9388969863264336e-07
2612,0.593919595093837,0.8105322468455898,0.023291906510937474,0.06964116033712515,0.023301197346092647,-4.0490616304289517e-07
2613,0.9225965860840932,0.9613059947957753,0.0063158554520019615,0.014859162830890591,0.006316093766935997,-4.139159067717557e-07
2614,0.6017780859844939,0.7851597006778919,0.017220633869619122,0.0422678512299373,0.017222179325647517,8.598449385832652e-08
2615,0.9319353747518718,0.9679856407243608,0.010170836007324215,0.026900900671446355,0.01017258220226731,3.7475187186775116e-07
2616,0.6956564498596585,0.8931817657280411,0.01933308100126953,0.04959195535791525,0.019337433296719057,4.498596584134873e-07
2617,0.8385039414925617,0.9174799349663635,0.008635834263398421,0.023842662963495555,0.008636200048356038,-5.850743833857308e-08
2618,0.6792850511095885,0.850776719728837,0.019784075779394547,0.07064085608219717,0.01979098736018206,5.110958845033764e-08
2619,0.6648995760746581,0.81609786145052,0.013170248260546852,0.04188694493327517,0.013171718245377785,-4.239253419413558e-07
2620,0.6426022967401281,0.8090200543117113,0.013374549987695316,0.04941581334794935,0.013375997258560294,2.967401281361859e-07
2621,0.5189718288856935,0.7233567006620212,0.015025232374609378,0.05654284052233361,0.015028756109945201,-1.711143065019627e-07
2622,0.293807057553396,0.5678531939814588,0.02097583522285155,0.06818023797163597,0.02097994431068636,5.755339599344822e-08
2623,0.757319617517775,0.9063913816429864,0.019797646433984368,0.05457458223664811,0.019801590683130154,-3.8248222500314455e-07
2624,0.7702531276769964,0.9022897680772192,0.011555544042871095,0.028360923908137187,0.011556586021532306,1.2767699641980101e-07
2625,0.8207261943671201,0.9354408951663845,0.017503823073535183,0.05497072778731009,0.017507560387940612,1.9436712017650848e-07
2626,0.3712208779709617,0.8008602613783009,0.03889547672578139,0.10556119438090326,0.03890347622973905,-1.2202903831859402e-07
2627,0.772730767851226,0.883688053817029,0.01047042050820315,0.028622386393924767,0.010471511633432446,-2.321487739820327e-07
2628,0.8808982214398602,0.9407384019767682,0.009040456543750018,0.028690044499105644,0.009041484225971595,2.2143986022626905e-07
2629,0.5336859361357904,0.752782627128905,0.014870766978710953,0.05019265437881066,0.014873382230951502,-6.386420958737205e-08
2630,0.3787438437349723,0.7049169796350097,0.029440939413476502,0.08497640183262077,0.02944509001397643,-1.5626502775090145e-07
2631,0.3567041943279067,0.6726665037324943,0.03552886685869136,0.10116321988907925,0.03554385673384787,1.943279066551895e-07
2632,0.7620884375265501,0.8797155214849324,0.012675328557128903,0.03411980889906141,0.012679156251126651,4.375265501010972e-07
2633,0.8825078439225742,0.9418881500424872,0.008255307717314447,0.019772238009669048,0.008255639247440457,-1.5607742576140282e-07
2634,0.5561444631278651,0.7873908207077278,0.027465880139355473,0.086765469598686,0.027472293774357136,4.631278651689996e-07
2635,0.7388742596538006,0.8639383217849239,0.014208357527832033,0.04066129758070292,0.014212137876919322,2.5965380057169085e-07
2636,0.7023029173817324,0.8665171270105552,0.01965279054931645,0.05383966216322163,0.01965708723082612,-8.261826756061907e-08
2637,0.7626383105216337,0.9222630289227673,0.013874199072070324,0.039879616718852394,0.013876935278987054,3.1052163362854657e-07
2638,0.7743339099717972,0.8853028077743536,0.017683986506152344,0.05418201886378448,0.017687411024169188,-9.002820278158907e-08
2639,0.7224175719320176,0.8597610484981562,0.01315234943222655,0.04124983663855641,0.01315520104306001,-4.280679823942535e-07
2640,0.7884252540747516,0.8914010784934152,0.0071950614256542965,0.02842281058347437,0.007195178343201122,2.540747515711317e-07
2641,0.8732383401935978,0.9358560917589436,0.009244664219062495,0.0268213519129508,0.009245528159305275,3.401935978475379e-07
2642,0.6153362792742398,0.788002559485499,0.013303964183769541,0.04107765261859098,0.013304836125385354,2.7927423984497324e-07
2643,0.6598281432679499,0.812337854630858,0.009315030914755863,0.0383197813613282,0.009315353609410703,1.4326794994801162e-07
2644,0.7652803701735009,0.8793000360349057,0.00902847236455079,0.030742170174981775,0.009029875177331288,3.701735009631335e-07
2645,0.760492010453888,0.8721271891175849,0.012138147659072259,0.03073612358195998,0.012138710102927426,1.0453888088512997e-08
2646,0.5665937479456054,0.782506175269284,0.02134866091582028,0.06357880085469443,0.021356605823058743,-2.520543946893383e-07
2647,0.48231528776516286,0.7802300371838296,0.03427126057324225,0.08815585446774099,0.03428539917929873,2.877651628652167e-07
2648,0.5885977236845807,0.8017246193979367,0.02557672277226566,0.07263367601601897,0.02558489659921232,-2.763154192120254e-07
2649,0.17426906020578825,0.5505618375436506,0.019714173482519574,0.0654087222516115,0.019716544901787564,6.020578824372791e-08
2650,0.5164448847964112,0.8044336428176856,0.033555197941210854,0.0855558045451151,0.033567919051292416,-1.1520358889072213e-07
2651,0.8025945388176678,0.8977765135991516,0.011137521551660154,0.027739463265262963,0.011139675235201913,-4.611823321010178e-07
2652,0.7680685829614009,0.8879588387108917,0.012118900515869122,0.026388813198582085,0.012119602547118956,-4.170385990986958e-07
2653,0.48437579953568677,0.7241576215821378,0.031957936486328165,0.0895355601402363,0.03196314066416114,-2.0046431320475122e-07
2654,0.8841338137143486,0.9448824652486084,0.007980894849736329,0.01916720747771305,0.007981220038401253,-1.8628565134903852e-07
2655,0.6285530744566976,0.7974358333063126,0.015575579415195301,0.0486310774991325,0.015576921510135308,7.445669758521234e-08
2656,0.7642527705619542,0.8937760466271374,0.009700560451171888,0.030677573453203967,0.009702485538792114,-2.2943804578456906e-07
2657,0.6841298350782443,0.8588360503759291,0.013969560134960951,0.03576207203898029,0.01397164381422432,-1.6492175569648992e-07
2658,0.8515429805059596,0.9437554002200891,0.015738567462499985,0.04625911567784535,0.015743404565302075,-1.9494040492951115e-08
2659,0.6882047954184145,0.8646101137707666,0.015257287645019532,0.04978248166830921,0.015259052966383116,-2.045815854501143e-07
2660,0.37176044286528287,0.6385124182805344,0.02209100727656251,0.07665846432489856,0.022093375304179725,4.4286528289028126e-07
2661,0.545569157371473,0.7540075952996743,0.017500642976367175,0.04386098274557055,0.017503437555953575,1.5737147307515187e-07
2662,0.7996826323831849,0.9021408055668727,0.017279017593261687,0.05169667481813372,0.017286353071016454,-3.6761681510011357e-07
2663,-0.2938772616940901,0.47341966535449115,0.01684757248791993,0.06032073712776039,0.016848490897642395,-2.616940901201126e-07
2664,0.7205996626011124,0.9213167536553367,0.015398214851757817,0.056606910823324405,0.015400898543033881,-3.373988876065326e-07
2665,0.6694191329651827,0.8286006420873002,0.012693813050781242,0.04227492221901448,0.012695510942066878,1.3296518275307534e-07
2666,0.8843642335215411,0.9427683340991984,0.007688793143955071,0.018551893820895313,0.007689038022361967,2.335215411042313e-07
2667,0.6478403889053992,0.8346519415577492,0.02346060902724612,0.0755079697028668,0.023465549238713565,3.889053992178759e-07
2668,0.5611043797428172,0.7997496651869198,0.016878094179228538,0.056510215589835856,0.016879218146109827,3.7974281719144187e-07
2669,0.5720710073166624,0.7593249104330736,0.015402934790039069,0.046745782228203865,0.015406738767764414,7.316662387069073e-09
2670,0.41424225431110506,0.6464112003222441,0.014739688809960906,0.05459818409602986,0.014741282124387576,2.54311105063465e-07
2671,0.7546069637048132,0.8729793268378985,0.01319868353808595,0.04295967757445421,0.013200247388554394,-3.6295186855994643e-08
2672,0.9482908421209797,0.9752834668177663,0.004975085796054682,0.012110231031749727,0.004975267449139076,-1.5787902030162115e-07
2673,0.39362984056795713,0.703952511696609,0.039833097064160244,0.09916512985975863,0.03985320215976196,-1.5943204284551982e-07
2674,0.8503001930211702,0.9240334233903067,0.008624390829335934,0.023495074419202927,0.008624766916782219,1.930211702694251e-07
2675,0.8192119967127338,0.9079143686147086,0.014527862992285161,0.037483755718081165,0.014530037922464588,-3.2872662369953787e-09
2676,0.6654227024721874,0.8531323677634837,0.02536696760830076,0.07108599492637266,0.02537153929581786,-2.975278126093883e-07
2677,0.884279742635417,0.9432352043285228,0.007518170782783199,0.018468003278075816,0.007518351358245387,-2.5736458297842546e-07
2678,0.853220519548057,0.9432575229291271,0.009353927305830062,0.024536243342962193,0.009354697162139299,-4.804519430079424e-07
2679,0.7970705090455775,0.9204275660990975,0.016448050934765632,0.057694055374284146,0.01645182400759981,-4.909544224496187e-07
2680,0.7963047135547346,0.8954356834367666,0.01275115930332032,0.04371331870307132,0.012753009044387649,-2.8644526539611803e-07
2681,0.8742028727056925,0.9350147122457543,0.009985403716210924,0.03789519443199618,0.0099877590495255,-1.2729430742819403e-07
2682,0.5344531319708516,0.7331591837163536,0.019921829288085956,0.05980477639043396,0.019926831949137035,1.319708516911433e-07
2683,0.8008739888061649,0.8957314223632653,0.013190409613085952,0.04424342339655161,0.01319346943328149,-1.1193835081080294e-08
2684,0.6804740488149343,0.8476794501853726,0.011288477072626955,0.039376523462938774,0.011288981331215742,4.8814934316965264e-08
2685,0.8366554222379445,0.9253695040134511,0.01328808252558594,0.03797432614659443,0.013290206456073036,4.222379444973612e-07
2686,0.4688843758977733,0.7009107919771487,0.022047480047363226,0.07236635236301268,0.022050878736072286,3.7589777329705143e-07
2687,0.568312976430714,0.7935321148474164,0.014563219389843757,0.05631809258239008,0.014564904699335987,-2.3569285967361964e-08
2688,0.7553750705374653,0.8769285725461964,0.016829089693261672,0.05548058610779401,0.01683208098633566,7.053746531315852e-08
2689,0.1832214161929443,0.6871408172494344,0.02168936308233398,0.05721272617834133,0.021690480430993374,4.1619294430250697e-07
2690,0.45196457302202564,0.6876613856533005,0.020642467162011735,0.05932477137930143,0.020645499089813366,-4.2697797436597185e-07
2691,0.7114485782436858,0.8711657871495558,0.026987444904296904,0.07443557305561493,0.027001987232250838,-4.2175631420615645e-07
2692,0.888582395623239,0.9429312606840017,0.008310049361230464,0.018856274511323063,0.00831134133763191,3.956232390578407e-07
2693,0.6471068960299213,0.8176757174509367,0.015437358571582007,0.058169001510492,0.0154396866107603,-1.0397007865758923e-07
2694,0.9209826493460334,0.9604103018129477,0.008065070916601582,0.022557603082910244,0.008066254626562021,-3.5065396664091253e-07
2695,0.34604319937722616,0.6598402893549743,0.023195126145605413,0.07528801990806484,0.023200843197622546,1.9937722617324738e-07
2696,0.8480269993232049,0.9216080318253843,0.008231017502343776,0.023334481519398514,0.008232412903740131,-6.767950644359644e-10
2697,0.9054648043803947,0.9552682593577562,0.01139308317177737,0.029965111516213908,0.01139507516993699,-1.9561960529212996e-07
2698,0.48867989475222473,0.7000262841772509,0.021562901268066394,0.0663405146444993,0.021567599167809086,-1.0524777527276541e-07
2699,0.8200758426716903,0.9155203487124938,0.01178899985703124,0.03163879412997187,0.011792621665960398,-1.573283097133782e-07
2700,0.36690845763855306,0.6728722229298427,0.025230681201562473,0.08540780024976229,0.025239325660505466,4.5763855305303025e-07
2701,0.5849736033416513,0.7686227001883458,0.0205016118868164,0.06359408198274664,0.020507522872671605,-3.966583487224895e-07
2702,0.7253873027779991,0.8612725207646503,0.01643883643720703,0.05710783503836974,0.01644156670733288,3.027779991171542e-07
2703,0.6215449428775154,0.7937047000445,0.014152227111718745,0.043258558076297485,0.01415420567434398,-5.7122484631300097e-08
2704,0.450666415351194,0.7285512848616122,0.034230362583886766,0.09690837449471526,0.0342444524501496,4.153511939941623e-07
2705,0.597770990430224,0.7940526777626956,0.017974874047363237,0.05244395226330867,0.017979181380975894,-9.569776082685166e-09
2706,0.06989295086784764,0.34287231915524,0.012574277999863282,0.05668118172185709,0.012574909280303258,-4.9132152360464865e-08
2707,0.7166030839217084,0.8560573696373879,0.011215871638339842,0.02770678713043944,0.01121638052888935,8.392170836035717e-08
2708,0.6894217324313787,0.8370346923667865,0.014078085430078114,0.04521422915622951,0.01407968797312337,-2.675686212594286e-07
2709,0.5661066002563417,0.829904739153606,0.02628061040625,0.08298519726147759,0.02629185878120434,-3.997436582858782e-07
2710,0.29599855615090076,0.5812190921830998,0.036775531870996046,0.10979806557740002,0.036788584107466965,-4.438490992519917e-07
2711,0.6459337806402755,0.877509772872286,0.009950737145751964,0.041628086880499106,0.009951712679006682,-2.1935972449593777e-07
2712,0.6307404662587299,0.8136981823575496,0.017667743685937494,0.05602630077723385,0.01767011170001468,4.6625872995864626e-07
2713,0.576016179688293,0.7601687540398769,0.01249531042472656,0.04736491327670296,0.012495760176750272,1.7968829302272837e-07
2714,0.6908941315256635,0.8469238634529224,0.014331606560458945,0.037671689685542305,0.014332428198723426,1.3152566347152117e-07
2715,0.7041409907030927,0.8442549033297605,0.017112480284179707,0.05368798401415658,0.017115200029809083,-9.296907355071937e-09
2716,0.8749646164750062,0.9417287926350696,0.009505586970507808,0.03071966459383163,0.009506807611331276,-3.8352499376337335e-07
2717,0.9204442179364939,0.9620356310156156,0.006247650183417959,0.015633275303031595,0.00624779102630894,2.179364938514894e-07
2718,0.7234144967955489,0.8532156286002618,0.012451557407421897,0.0326044008644654,0.01245282012089159,-5.032044511077416e-07
2719,0.6282205546201602,0.8426424927921217,0.027312802938281273,0.07344607150965826,0.027320420185613852,-4.4537983978631956e-07
2720,0.5517364001641992,0.8007538175186611,0.018186882358984368,0.06641019395181262,0.018189249429691374,4.0016419922128676e-07
2721,0.7331473666276835,0.861040384836487,0.01673547561533203,0.06013223267247493,0.016738407908213817,3.6662768354567277e-07
2722,0.48524268278330174,0.71222046080675,0.016542226637597638,0.06105537840088675,0.016546026121431134,-3.1721669824236187e-07
2723,0.6035547929004041,0.7770268391782301,0.013266083604296848,0.04607180725802927,0.013267470062878902,-2.07099595805893e-07
2724,0.4310672317662154,0.771807354347412,0.03433161082578117,0.09472678373682071,0.0343531803529425,2.3176621544163112e-07
2725,0.500708206229399,0.7362058464454476,0.026839348190234362,0.08957441452166566,0.026849598094115745,2.062293990023889e-07
2726,0.5465766624084323,0.7506667863947281,0.012832815875976565,0.04539383719224596,0.012833336620693291,-3.375915677006347e-07
2727,0.31998589479270056,0.6176323071069311,0.023762850779296876,0.06577372786013179,0.023767570032351144,-1.0520729942786744e-07
2728,0.8221226176512348,0.9081475836548492,0.014773244033398442,0.041240593937915904,0.014777141806003466,-3.8234876520437666e-07
2729,0.8898274085382991,0.9457417381136071,0.0078121116947460975,0.01841490425363598,0.007812366840475337,4.085382990792752e-07
2730,0.5909817784519367,0.8071022207096642,0.021280419619140633,0.06678590110235776,0.02128759621704538,-2.2154806333940513e-07
2731,0.8912414121288257,0.946315772697196,0.007762384733085931,0.01763598971782969,0.007762654667369874,4.121288257330491e-07
2732,0.845785639763226,0.9205112251398831,0.008668745124804698,0.029581192668433988,0.00866965016779198,-3.6023677407737154e-07
2733,0.9721185915417927,0.9863597093988067,0.004307806371923813,0.01027408136136423,0.004308050020714856,-4.084582072572118e-07
2734,0.5390754012817023,0.7698659149485708,0.025839527756152326,0.08998995912334454,0.02584941059069736,4.012817023113513e-07
2735,0.5208725227743267,0.731364168627002,0.01813254550498045,0.06822195504813343,0.018137754920308356,-4.772256733120983e-07
2736,0.8561624094515505,0.9254902039414297,0.009725844886132836,0.02524800181122831,0.009727988588501348,4.0945155055371885e-07
2737,0.7837829810734473,0.8867705403547291,0.011209727861269522,0.026268852298965174,0.011210245547382133,-1.8926552658449225e-08
2738,0.742852034432798,0.8723262749400021,0.00725534917374023,0.03367708889650018,0.007255633620117969,3.443279805726007e-08
2739,0.46113148732747744,0.7033862070025944,0.02557229603701169,0.06697952106227255,0.025578952545032504,-5.126725225457207e-07
2740,0.8660620564579969,0.9318891835951512,0.01440094495898437,0.03467748801267352,0.014403641324961495,5.6457996944203614e-08
2741,0.2910385294771375,0.6461851725931563,0.017630961426093734,0.04979729625345477,0.017632163511712623,-4.7052286250570674e-07
2742,0.9158370023207837,0.9748794503962954,0.011164208672460945,0.033090364291876936,0.011166689193898382,2.3207836763461387e-09
2743,0.6859892444391649,0.8380917560079577,0.015065603913671883,0.05578937664735587,0.015070163938818522,2.444391649092381e-07
2744,0.3374477679962272,0.5830822001213296,0.01760930855117186,0.06196843448380356,0.0176116379033854,-2.3200377280430118e-07
2745,0.6845152676053647,0.8387088900266829,0.02117443360410158,0.0680565055476581,0.021180394394023732,2.676053647565624e-07
2746,0.5899034320662462,0.7853142384762839,0.026379538075976552,0.07707059564879576,0.026387201930046872,4.3206624622538214e-07
2747,0.5208367392960971,0.7475026581206504,0.018300073487500013,0.052991257359441386,0.018304036437686622,-2.607039029101088e-07
2748,0.8736296720349774,0.9362101747879434,0.010275430180253906,0.03041715551609932,0.01027609277449513,-3.279650225840314e-07
2749,0.847256870071597,0.9236389680595433,0.012557950095703133,0.04657677950614002,0.012560221933381466,-1.2992840303649444e-07
2750,0.5837999657047468,0.7692277424600142,0.016126500050537104,0.04974679172846693,0.016127155932453854,-3.4295253192873076e-08
2751,0.4666123677405545,0.683393879851341,0.012330711710644529,0.053745983591129615,0.01233234678251034,3.6774055445221165e-07
2752,0.47570367969522565,0.726609220433412,0.012138356298144515,0.05014109631448108,0.012138872613559204,-3.2030477437050564e-07
2753,0.34714899379865716,0.6043886737736037,0.019084581873710968,0.06350235098659948,0.019086258849290518,-6.201342828138223e-09
2754,0.4956055816400726,0.7314646933987107,0.027625045113671864,0.08347438862869502,0.02763333197411759,-4.1835992736771743e-07
2755,0.46676255555294033,0.7020962121849603,0.015464267066601574,0.06043631647639588,0.015466406802223363,5.555529403178383e-07
2756,0.8679760617462985,0.9415825080407152,0.009158345897695335,0.026429453207576715,0.009158908418158725,6.17462985186279e-08
2757,0.4431235461674248,0.6751456675881464,0.018074497149121054,0.0669382267373466,0.018077471140785065,-4.538325752423411e-07
2758,0.8138276830946607,0.9097913728821646,0.014527039227246078,0.044768108847849555,0.014529734087539735,-3.169053393037302e-07
2759,0.5254108476814219,0.7437795735126308,0.017552188441767588,0.0555245066791683,0.01755380182994973,-1.523185780838432e-07
2760,0.6203845200006546,0.7964075899205653,0.013887835219042959,0.04834924728179339,0.013889866727337724,-4.799993453818985e-07
2761,0.43101204001107885,0.6571788989025817,0.019821812784179677,0.06854750278687023,0.019823560526609385,4.001107883899735e-08
2762,0.5829321699695271,0.7667058785442599,0.013057526977744122,0.04726314645290203,0.013058798062513522,1.6996952711956226e-07
2763,0.615427310459053,0.7855980473572268,0.012877771100429682,0.04014535107821396,0.012878316799271441,3.104590530211837e-07
2764,0.7594509687340669,0.8860052397190894,0.016905709802246097,0.046756133153086674,0.016908065582734062,-3.126593306479464e-08
2765,0.6126821885580712,0.8294273791802776,0.010126974833808583,0.03388501961465235,0.010127367415231287,1.8855807126794133e-07
2766,0.27353870528991264,0.6331736771152955,0.02350302610340817,0.06382314974702363,0.023504807460370786,-2.9471008733406023e-07
2767,0.6905685957919165,0.8705336880408429,0.013290500708466784,0.03253920667770134,0.013291204287004999,-4.042080834487649e-07
2768,0.5501522821930536,0.7436488481179118,0.020185058478808582,0.05122040117491952,0.02018865935837473,2.821930535912287e-07
2769,0.9407574868593869,0.9701739184080743,0.004755981177646492,0.013851933226503247,0.004756198033023783,4.86859386916727e-07
2770,0.8279560432429622,0.9370735914219507,0.008178367288808613,0.02352640745018634,0.008178662860858993,4.3242962211031966e-08
2771,0.7415717629812433,0.863478003859075,0.011308544453681617,0.03305803414859591,0.011309260525296889,-2.3701875673243222e-07
2772,0.6208426702425566,0.8028543617675478,0.02092257953837892,0.07058216323875306,0.02092649081460787,-3.2975744346241953e-07
2773,0.5331742011096128,0.7561552129619594,0.014218833586249998,0.05252173429053723,0.01421964826800793,2.0110961274077965e-07
2774,0.3442207767500395,0.5993666882642086,0.018080913458789045,0.05893193526927409,0.018083227902195083,-2.2324996051814594e-07
2775,0.700005728096256,0.842105797722897,0.011614265553515638,0.035557806120626034,0.011616474866475894,-2.719037439646854e-07
2776,0.38291855240756156,0.698129701167931,0.024755783554492164,0.07711550024859073,0.0247597842899573,-4.475924384461649e-07
2777,-0.05955451261923872,0.5578965658649032,0.026036855476757815,0.07938070671448795,0.026042084310614035,4.873807612770786e-07
2778,0.707721009942243,0.8436723059452889,0.013623568391699195,0.05321491163228646,0.01362535994122657,9.942242917837518e-09
2779,0.8235100861009285,0.9268051491675294,0.00896883469981446,0.028441400905742414,0.00896908249045024,8.610092849803408e-08
2780,0.408948661843502,0.6399958979803285,0.013005830314589841,0.04829872988666818,0.013007047858685153,-3.3815649802537706e-07
2781,-0.0005462926139061519,0.3041745152148269,0.020731316836669907,0.0796820078908813,0.020733139911199544,-2.926139061518694e-07
2782,0.7295960239002144,0.8556395169913168,0.01316385574352537,0.03106847952732406,0.013164923575884911,2.3900214363159478e-08
2783,0.5634989405540527,0.755858385855104,0.01601700087368163,0.050725611053057826,0.016018449428951424,-5.9445947275804656e-08
2784,0.7512810468844704,0.8828725218973237,0.02267735335693356,0.05941156991178768,0.02268184669200423,4.688447041711896e-08
2785,0.9069478658771808,0.9723655920048698,0.006932231170107415,0.021290239182481283,0.006932839828172884,-1.3412281918423474e-07
2786,0.7972769701432509,0.9007321303979748,0.014929697901855492,0.044995093255274544,0.014932049920712342,-2.9856749073076116e-08
2787,0.8452635930291491,0.9332580063599747,0.012347489938769525,0.03407871455283299,0.012350402808442783,-4.069708509080172e-07
2788,0.3212715884427222,0.6725460722044259,0.012877749154550809,0.045987578482551965,0.01287878824867156,-4.1155727781294615e-07
2789,0.6376078803732801,0.8434938756379854,0.02280780184570311,0.0601611249908438,0.0228131095186693,-1.196267198633194e-07
2790,0.847129686272701,0.9213654886758058,0.00869938629825196,0.022101108880546172,0.008699672809013412,-3.137272990283435e-07
2791,0.7255500950484834,0.8901150320213282,0.008491163359941397,0.02809991015179602,0.008491358515815202,9.504848341723715e-08
2792,0.964264665533666,0.9827319800870339,0.0038609709382910105,0.00975340690480999,0.003861031977577206,-3.3446633407319126e-07
2793,0.590954684003559,0.7698204178220186,0.014754288453105495,0.03897886774108814,0.014755352346619014,-3.159964410137661e-07
2794,0.8355827036622007,0.9397296631734332,0.011967769336914057,0.034394994282586244,0.01197013071213094,-2.963377992992733e-07
2795,0.3787340014428351,0.640321675702914,0.022715117951171857,0.07553647766384922,0.02272040879142201,1.4428350736395146e-09
2796,0.7343890730837788,0.8857884828740291,0.011096516641699198,0.030315434633756876,0.011098331602918548,7.30837788065486e-08
2797,0.6103688879796308,0.7828608048896759,0.01763541107089843,0.05473182947571018,0.01763845742828317,-1.1202036920288094e-07
2798,0.838164966701564,0.9156890298584502,0.012180287207031243,0.030474752507516727,0.012181999507663839,-3.3298436008522e-08
2799,0.5956076809421487,0.7728896339757044,0.01565432794099612,0.052315562677398106,0.01565490886194523,-3.1905785136121523e-07
2800,0.8062528810104974,0.9018984119828695,0.015673250701855462,0.04524390451795398,0.015678557377703278,-1.189895025843768e-07
2801,0.6131944132801284,0.7962757812986948,0.022511395497363303,0.06698648247871068,0.022518064440572604,4.13280128341853e-07
2802,0.754885908359771,0.89151958454352,0.01303910044111329,0.028609489056472422,0.01304090885002534,-9.164022896079871e-08
2803,0.5880220898371605,0.8066614894962484,0.02727013822832027,0.07336454925895534,0.027277382310017723,8.983716048849288e-08
2804,0.7379659651859636,0.8687084487917709,0.011503591227929688,0.03711637829531675,0.01150512459757119,-3.481403643146308e-08
2805,0.8586042861663492,0.9288324521130574,0.013211317966699221,0.03642809195324832,0.013213548351557285,2.8616634917266737e-07
2806,0.6717583434333665,0.8390871939870863,0.01807311945253906,0.051805748604984894,0.01807547183240182,3.4343336652309375e-07
2807,0.804173803986567,0.9024415604724219,0.010124105338691413,0.02473660881361129,0.010124964792480337,-1.960134330403207e-07
2808,0.804255585576292,0.8995766067425822,0.01469889911162111,0.04586800011527367,0.014701363323268492,-4.1442370801725303e-07
2809,0.6850872207582337,0.8297197279878628,0.011517674219042961,0.04039232735291694,0.011520691879949843,2.2075823369327452e-07
2810,0.5755288715605975,0.7900971122380308,0.016597552003769552,0.059361892568392145,0.01659917409846729,-1.2843940244700036e-07
2811,0.7562456823357511,0.8805534525781527,0.01864601050585938,0.0626905429349979,0.018649845163933008,-3.176642489055581e-07
2812,0.9070609989349296,0.9536441703556957,0.008626681437041013,0.02183582475742946,0.008627323742932866,-1.0650703652359539e-09
2813,0.5395778205404305,0.7455464759086614,0.023122462092089822,0.07458860569470906,0.023126104779670698,-1.794595695381318e-07
2814,0.7304811478304409,0.8567429369578844,0.014256649809960931,0.041904751070492664,0.014258899831558881,1.4783044088861885e-07
2815,0.8282153222022115,0.9136581784061741,0.009064116625048833,0.024229525002581576,0.009064548974665784,3.222022114668377e-07
2816,0.9211378693020924,0.9607683934707901,0.007103204376318361,0.016709658033213427,0.007103588006512119,-1.3069790760766864e-07
2817,0.6483421684888694,0.8185405698218329,0.010679537656933576,0.03647799686449456,0.010679940501192099,1.6848886941200902e-07
2818,0.3383470688219753,0.5879498070383837,0.022130870371445305,0.06915752445300934,0.022131561692603424,6.882197528534917e-08
2819,0.8230780305514783,0.9183794141589009,0.015294153073828101,0.047536752094730336,0.01529955207615191,3.055147834718497e-08
2820,0.8611824810055926,0.9288096412527421,0.008707663022363268,0.020737806034481516,0.008707924609811814,4.810055925785761e-07
2821,0.15951545659175004,0.416900292997686,0.013478714677783202,0.05364048998853154,0.013479132327620042,-5.434082499533588e-07
2822,0.8626480833879469,0.9307305527251852,0.008331445373339833,0.022403119367697535,0.0083328221613816,8.338794688089735e-08
2823,0.7199873894167566,0.8814612355719872,0.020367037579492212,0.05490246217484388,0.02037918698641201,3.894167565077211e-07
2824,0.9165284719561888,0.9628671062171765,0.0062497639133593606,0.015539056959646658,0.006249880837755042,4.719561887966961e-07
2825,0.25641964134081985,0.5425240498483327,0.013874230712060532,0.055085976186878494,0.013874786839324154,-3.58659180133003e-07
2826,0.8063650271783401,0.8994491815408275,0.01148792366699217,0.042721524842031046,0.01148931078297231,2.7178340133993117e-08
2827,0.5588722567565976,0.7508263701105616,0.017153286998339852,0.06140526677345958,0.01715775400072041,2.567565975386543e-07
2828,0.9415992606605553,0.9715859389732816,0.005998229703544918,0.013657022599249502,0.005998442671113809,2.6066055536233534e-07
2829,0.5790791259956027,0.7683084672223706,0.02010317976562494,0.0659757635716914,0.020109804852350404,1.2599560272885668e-07
2830,0.9155844036842805,0.961022379284479,0.008325887569433607,0.0261081335701173,0.00832686304978228,4.0368428055881367e-07
2831,0.9115560449781895,0.9550973726063839,0.00830649811599609,0.018373812256861355,0.008307050909280342,4.497818950621735e-08
2832,0.4855242156770532,0.7175040274208037,0.019150407438867208,0.0698103467642536,0.01915475873538176,2.156770531613894e-07
2833,0.32518625628458186,0.6152112004493174,0.015424333797783227,0.04444435452265813,0.015425384249482694,2.5628458188986514e-07
2834,0.46468468029385224,0.6848155333616553,0.01784661260100584,0.05925901745390388,0.017847543941711532,-3.197061477777652e-07
2835,0.7293006559853432,0.8687301144401882,0.012338558769433593,0.029137857381666188,0.012339077041270236,-3.440146567612601e-07
2836,0.5916932194696924,0.8118962303235769,0.020184631583437522,0.06301570796379664,0.02018582329207049,2.194696924195938e-07
2837,0.7322327668459305,0.8703662872311919,0.018013311618554725,0.05038447724395698,0.018016042596586165,-2.3315406949553363e-07
2838,0.564271821434842,0.7574976022401957,0.013247762925312502,0.03900861808871969,0.01324844905586488,-1.7856515799330452e-07
2839,0.5176631262988802,0.7448180290317042,0.014235825974707033,0.044106834842810735,0.014237351393009981,1.262988802430698e-07
2840,0.9092290866842693,0.9554601303183173,0.0081388145534668,0.01953787377910732,0.00813916402743857,8.66842693181269e-08
2841,0.5933110621504689,0.7868001402873092,0.015610252309404302,0.04085705385262605,0.015610780083340594,6.215046888247144e-08
2842,0.9338330010867925,0.969632009019248,0.008759204736230467,0.02634733908602757,0.008761520388546119,1.0867924338242574e-09
2843,0.7435583366689956,0.8683062839492673,0.014740431811328137,0.050268168508254295,0.014742415976877806,3.366689955708324e-07
2844,0.5269277021181781,0.7301185669139763,0.018907727281933615,0.06459138933976542,0.018912138006692596,-2.97881821875734e-07
2845,0.8498842265418389,0.9233684621612936,0.008814793257500007,0.02416808889180248,0.00881556369166126,2.2654183895465252e-07
2846,0.46614264106185543,0.697368498529205,0.023959616118945308,0.07673774544851934,0.02396662440809811,-3.5893814454013295e-07
2847,0.2098475165901469,0.5315623773527038,0.011733537061953124,0.05101936695795346,0.011733755035578929,-4.834098531192321e-07
2848,0.5923013776915675,0.7830294245016614,0.018941328504199214,0.06484012747345205,0.018947621534159822,3.776915675768322e-07
2849,0.726190166465629,0.8996238268897251,0.015613997081933593,0.05046249984494808,0.01561625147835276,1.664656289479538e-07
2850,0.4958378322817961,0.8613781030429198,0.02345475443652346,0.07363909009402751,0.02345895720958107,-1.6771820388061798e-07
2851,0.8419766968934471,0.9573470275841826,0.015273765506152342,0.04574297585323013,0.015277642589900593,-3.0310655285692434e-07
2852,0.4822310788363887,0.7108933201945032,0.026431169378222614,0.07474082667051808,0.02643804635030609,7.883638869499165e-08
2853,0.8126825490583401,0.9023484047256184,0.010956846100722655,0.028663911740636785,0.010957272099519648,-4.509416599018934e-07
2854,-0.6087394880029575,0.517950708468895,0.027831488661806642,0.08419593611655271,0.02783369584187815,-4.880029574882983e-07
2855,0.59759256539781,0.7758513984356559,0.015148218424316406,0.05548464545123987,0.015149825969320045,-4.346021900136776e-07
2856,0.026247524605564232,0.5040760290598328,0.021061938570478535,0.061246257805006706,0.021062869510765858,-4.7539443576855023e-07
2857,0.48875926799453406,0.7287307536054973,0.00955394045243164,0.03928025666065545,0.009554078571159585,2.6799453406445295e-07
2858,0.38753760216501887,0.6840451419172948,0.020074935522460927,0.06546207415395833,0.020077023374283368,-3.978349811251114e-07
2859,0.783625900612547,0.9307958142849126,0.016771694520703123,0.04662602794088219,0.01677606687875698,-9.93874530452743e-08
2860,0.8128890459420347,0.9072204838512001,0.014383391237646497,0.038438825669882555,0.014384486152942744,4.594203473207159e-08
2861,0.6652430099138364,0.8923899628569137,0.021227880887695314,0.0661673270851287,0.021240145361810056,9.913836418462552e-09
2862,0.8315545192164389,0.9119649628197893,0.00938357197504883,0.02300611869021446,0.009383974500728878,-4.807835611853051e-07
2863,0.5520981747706222,0.7535960626650801,0.022121277019726573,0.07037608913075671,0.022124617018285504,1.7477062219661832e-07
2864,0.6775245300481924,0.8537958257457843,0.008584062128916006,0.03207774139954212,0.008584467382306074,-4.699518076911602e-07
2865,0.6362689360156217,0.8615294568350012,0.026374639464160098,0.07620124447790856,0.026379187199102358,-6.398437824017833e-08
2866,0.4887822989826629,0.7461315546630926,0.017850091204785153,0.06442382461648873,0.01785451288918577,2.989826629051784e-07
2867,0.7333179513856891,0.8817161609571473,0.022827901821875028,0.0725056210449618,0.022838112445053748,-4.861431091018886e-08
2868,0.8903666017180403,0.9728317136444053,0.006477715658554686,0.02223669664824552,0.006478209373191369,-3.982819597458942e-07
2869,0.28355349303019106,0.5929982139604105,0.015106302205273429,0.05616891587214994,0.015108046899148193,4.930301910621715e-07
2870,0.5853064799449759,0.8046860334415494,0.02726671084472656,0.08295262073595981,0.027277189941880563,4.799449758730034e-07
2871,0.7997759940651021,0.8961051198940931,0.008421869011962888,0.02692361957320305,0.008422111434439522,-5.9348979064566265e-09
2872,0.7815287291291235,0.9039640843898609,0.02223638901728517,0.06180873992872084,0.02224578518535802,-2.7087087650645714e-07
2873,0.8722709770115799,0.9348550236270684,0.006968702103271483,0.021470498741850287,0.006968838915447383,-2.2988420167457946e-08
2874,0.6046344279657544,0.7827173619468285,0.011305594932900375,0.03696047786897512,0.0113062200421611,4.279657543904136e-07
2875,0.5350491996462705,0.7356609959306181,0.019852611907216797,0.0609514671951798,0.019853876587044527,1.9964627051560768e-07
2876,0.8511642582796907,0.922907625147478,0.007346025674082037,0.02310499351187314,0.007346258154281825,2.58279690634744e-07
2877,0.3527833080115593,0.6904744039152333,0.02172042623271484,0.06518438886672934,0.02172610550839088,3.0801155931348134e-07
2878,0.46790941370155303,0.6905286827467001,0.017412399490136735,0.05622412367009757,0.017414476859598422,4.1370155301478917e-07
2879,0.40388161214393126,0.6399704515940865,0.019698128500097674,0.06417698745475091,0.019702799695017207,-3.8785606876201584e-07
2880,0.9109095556026698,0.9647720108155965,0.006385679630000001,0.016527762846991412,0.006385860508604887,-4.4439733015710914e-07
2881,0.20299771936956168,0.4644073222913474,0.01855420246423827,0.06669041390119755,0.01855563934744793,-2.806304383318192e-07
2882,0.5877648000925488,0.7812233896516999,0.014111442868613286,0.05469336278697479,0.014112149720932058,-1.9990745114828457e-07
2883,0.95013839400074,0.9760514166489005,0.008139152712499995,0.0214215782596616,0.008141153184340371,3.9400073992279516e-07
2884,0.4321350541589686,0.6751111916977028,0.014339587955527344,0.061004299540416224,0.014340390350558823,5.415896858762537e-08
2885,0.7864581516877046,0.9089351770834851,0.00934814843403321,0.02669277654367003,0.009348684619051771,1.5168770461926329e-07
2886,0.795081485717409,0.8921201865087424,0.013308048668164077,0.03841793739266598,0.013312428166820028,4.857174089600846e-07
2887,0.8617277858195499,0.9296011401875589,0.008595761362958976,0.02118881882825895,0.00859604792640008,-2.1418045015320075e-07
2888,0.8200218679137783,0.9060503798553919,0.008600819760429696,0.031054904719363945,0.00860140627054005,-1.3208622173799256e-07
2889,0.45551186129688936,0.755793583594631,0.02251805856601565,0.07429307555188445,0.022520685860757127,-1.3870311060815155e-07
2890,0.6206053598121433,0.7918709387823579,0.017279016670996086,0.058158452842251775,0.01728350784581705,3.5981214330238487e-07
2891,0.0011535360329231192,0.3863721894158016,0.012989667893242188,0.05593838877361945,0.012990532964529197,5.360329231192916e-07
2892,0.7528451887273192,0.8682967438351021,0.011146563181572276,0.030734176507287457,0.011147187895174566,1.887273192169303e-07
2893,0.8588926024216502,0.9588843377190588,0.009929091375195315,0.028238178533863376,0.009930216268108123,-3.9757834979781137e-07
2894,0.8077989269204396,0.9021680665853751,0.01620781787402343,0.04911830844212952,0.01621134502499455,-7.307956040314423e-08
2895,0.08938983772563625,0.36725598221341904,0.025901454808886715,0.08390106629063987,0.025905022803526027,-1.6227436375193527e-07
2896,0.7485360542380128,0.8784968924344927,0.014835788211103505,0.03938194224155567,0.01483641143889771,5.423801285875385e-08
2897,0.8609950345993855,0.9370496893318037,0.010838630694472667,0.02765858065255926,0.010839693013980398,3.4599385578815145e-08
2898,0.65024417335744,0.8628153895466668,0.01080230745271486,0.03671443627350467,0.010802515901410473,1.7335743995872122e-07
2899,0.6895231972876087,0.8482242602194727,0.012908798765624997,0.03900204874548571,0.012910389831739547,1.972876086941966e-07
2900,0.6332582214354607,0.7997104568868942,0.012966750328027353,0.0472399560570197,0.012968648781288283,2.2143546074548937e-07
2901,0.6101009293774112,0.8474300966080622,0.029380895977441417,0.08113904952162843,0.02939381712320792,-7.062258877699179e-08
2902,0.9561658077991504,0.9807422081346308,0.0047323596633398425,0.011778047877455431,0.0047325444690593825,-1.922008495691685e-07
2903,0.7269235484819745,0.8612512517051416,0.017859803348437456,0.05951744532403893,0.01786297798010595,-4.515180255237894e-07
2904,0.8158318092687153,0.9118456834103124,0.013344543878515601,0.04378677539621922,0.013348264268022417,-1.907312846549658e-07
2905,0.8834345210317915,0.9471313303321934,0.008627150454208973,0.02049629738528613,0.008627546094923663,-4.789682084282987e-07
2906,0.6118577878151013,0.8147627768334192,0.013243397816894535,0.041141938430130816,0.013245377933344142,-2.1218489876240199e-07
2907,0.6629148399599052,0.8182067202527246,0.01323306374970704,0.0540779101291819,0.013235038496861001,-1.6004009484316128e-07
2908,0.8288409241067772,0.911086219224741,0.010642085515527349,0.023465679643480057,0.010643715022529324,-7.58932228173137e-08
2909,0.5162317116842131,0.7328126383057887,0.017666667528027338,0.05823478337505078,0.01767052026159986,-2.883157869115749e-07
2910,0.810788756932855,0.9069797263870956,0.009170302050966783,0.025820996697504237,0.009170522028680536,-2.430671449671351e-07
2911,0.5756114282972944,0.7873602778799853,0.01487247456092777,0.04411785324439272,0.014873297619471435,4.282972944080754e-07
2912,0.7519139167992288,0.9077423081818323,0.0217812306551758,0.05922677187971195,0.021786152598021052,-8.320077116152902e-08
2913,0.4418390879943358,0.6651268276552257,0.014807433502929682,0.05456850018166082,0.014808930710999747,8.799433581785365e-08
2914,0.7883343608346479,0.9035753478214242,0.02017353907812501,0.05467916874307619,0.020182652015765922,3.608346479389013e-07
2915,0.45974207278091306,0.6932456372876544,0.015869298062402348,0.05736156753990076,0.015871525005598797,7.278091307405532e-08
2916,0.70620225643969,0.8521503322853744,0.01232969974560549,0.03630377484349275,0.012331986090893947,2.564396900384125e-07
2917,0.6825823235409516,0.8957168982698641,0.025222988351855487,0.07288162143740189,0.025228525546485216,3.2354095158559915e-07
2918,0.628192403830047,0.7974589110600101,0.015804917950234355,0.0432259116056101,0.015806397172788027,4.038300470687872e-07
2919,0.9350554736047408,0.9687489920957086,0.006817587652001949,0.014073254516755547,0.006818254644012459,4.736047408693267e-07
2920,0.8171702444367406,0.9267396851599444,0.009918783406982424,0.031252971549137296,0.009919139929736196,2.4443674062624154e-07
2921,0.9145392589918888,0.9630656143623305,0.00681075981735352,0.017385072109866097,0.006811134495341989,2.589918888240561e-07
2922,0.7677336449232423,0.8824049948337003,0.014553943762304677,0.04378123435363619,0.014555996681852697,-3.5507675777424197e-07
2923,0.6985170045069145,0.8404636680549594,0.008932110704882812,0.03627934704252448,0.008933111391127535,4.506914397239825e-09
2924,0.05449931535553609,0.4155169915081775,0.016420413721044913,0.06370560437517293,0.01642083188196241,3.1535553609435274e-07
2925,0.491877424595183,0.7799283887626167,0.03299162488867188,0.09360248058781152,0.03300757997715471,4.245951830128547e-07
2926,0.6933920664909354,0.8807662135891394,0.02768443129707031,0.07801327369965348,0.02769897101600696,6.64909354242127e-08
2927,0.6650142619390493,0.8175133080941439,0.011349702376953132,0.039662336486785965,0.01135052433345862,2.619390493396878e-07
2928,0.8216814818933458,0.9280604340809961,0.010015642547363278,0.03167941938987576,0.01001842673627859,4.818933457828578e-07
2929,0.42078855918445746,0.651236123002434,0.016741000891015607,0.06149889474943335,0.01674436241051464,-4.408155425683624e-07
2930,0.9203257145984037,0.9600899488393165,0.009656673537988283,0.026447177722146824,0.00965986895501952,-2.8540159624501626e-07
2931,0.4535297918550347,0.718409895549873,0.025463060814355485,0.08017853204281754,0.025471182094449724,-2.0814496526355697e-07
2932,0.6633351123415119,0.8597999739902438,0.011674430666396476,0.03704647738954742,0.011675014285066317,1.123415118708948e-07
2933,0.8830504894498782,0.9404428141179801,0.01007015306503907,0.020880117561904298,0.010072117330368049,-5.105501218460873e-07
2934,0.8677467061306557,0.9485204404564715,0.011910021397265652,0.038071515404582895,0.01191216328999277,-2.9386934430331024e-07
2935,0.7371571804462564,0.862273738594754,0.014700803151660195,0.04571891172242664,0.014702995762368649,1.8044625649249468e-07
2936,0.9183748245653472,0.9752397046027087,0.0082670170169922,0.028067095643722593,0.008268252786746406,-1.7543465280489556e-07
2937,0.6671999504292162,0.8227357374919697,0.017629864900976608,0.04521844462402092,0.01763248274102847,-4.9570783811070385e-08
2938,0.4817526474061673,0.7593933240104789,0.01377080869797851,0.04821788472247077,0.013771683929256399,-3.525938326864875e-07
2939,0.7789206346816956,0.8885415796548739,0.010185049058046862,0.02477899775273261,0.010185449776660192,-3.6531830438502055e-07
2940,0.8562038458266403,0.9339223830406549,0.006909924221972662,0.02166039512032678,0.006910797836659587,-1.5417335963441303e-07
2941,0.6884003373987068,0.8334960291087107,0.019739156841699208,0.05725924751247011,0.019745367717496694,3.3739870675120187e-07
2942,0.88435010676024,0.9509875094021714,0.011650644063281248,0.02984037764391936,0.0116521256380474,1.0676023998179573e-07
2943,0.5527174240824582,0.7600965087601013,0.02213864660185548,0.06141505970053968,0.02214364322194521,4.240824581502878e-07
2944,0.9611606634623148,0.9803914648864199,0.005886052367773439,0.016675778400346983,0.005886797156519486,-3.365376852748625e-07
2945,0.9245159829037916,0.9652812110398776,0.006472139506806645,0.016167662010093748,0.006472445493997454,-1.7096208448919015e-08
2946,0.7276968471855134,0.8665775556968242,0.014768397215722635,0.04499575803070478,0.014771439223759217,-1.5281448662030073e-07
2947,0.4501581962114196,0.739105279299974,0.029648115547460958,0.08832905848646748,0.02965747280933025,1.9621141961190247e-07
2948,0.3584272366736647,0.6741245556783488,0.021830151952929675,0.07805988697042777,0.021833749019413127,2.366736647219092e-07
2949,0.6263165845126155,0.7976783945586994,0.01612028761337892,0.048628915436877716,0.01612282298049792,-4.1548738449748157e-07
2950,0.7303058992415288,0.8569469231600098,0.011784204916884757,0.031339234738680104,0.011784713449307508,-1.0075847123314219e-07
2951,0.6100073673808948,0.7831558970929847,0.016003217453417967,0.05042066504051914,0.016004875183972946,3.6738089481680447e-07
2952,0.5847654378056407,0.7692448724602806,0.016945064304296865,0.06812948160065245,0.016947446930608134,4.3780564074058503e-07
2953,0.6463294530444077,0.8105484722853117,0.016810731513867187,0.061950381445658315,0.016813336126613235,4.530444076555895e-07
2954,0.8620307897235238,0.9363048452733483,0.014732226223437514,0.03749546056402945,0.014735093299795794,-2.1027647623128587e-07
2955,0.7955174694910545,0.8919220946317271,0.009735153832207036,0.027020502699790873,0.009735540878467555,4.694910544777997e-07
2956,0.503083720195165,0.7763692228601577,0.01674447495975587,0.04253229041979685,0.016745160410338397,-2.7980483496836683e-07
2957,0.475430492617249,0.7197938165168696,0.0156187103714453,0.04704909880364685,0.01561961405936773,-5.073827509805007e-07
2958,0.8340625302685283,0.9167717820558486,0.008895216113476562,0.024225107070075566,0.00889680789208834,-4.6973147171947005e-07
2959,0.12594849531373464,0.4517956327561417,0.014688776072910142,0.05451838427700067,0.014689425463912416,-5.046862653623752e-07
2960,0.7132751383630885,0.8574103647096647,0.014888152755585941,0.043507000275939525,0.014889050683412322,1.3836308854209278e-07
2961,0.35350859344262087,0.6488878821270542,0.022402698641601583,0.06468166933939581,0.02240748685489338,-4.065573791511845e-07
2962,0.7898475622829345,0.8964321148972604,0.011137079007421873,0.03812667291403629,0.011138417903173608,5.622829345464098e-07
2963,0.46884113363539315,0.7329995082788381,0.017133219337402337,0.05208447307621579,0.017135374059284166,1.336353931402634e-07
2964,0.8394170365687582,0.9207699121878654,0.013814502243261704,0.04286955194078207,0.013816703118336457,3.656875824376016e-08
2965,0.7185874036083273,0.8509047575005136,0.013367319985937508,0.03689076773238599,0.013369783908761966,4.036083273151192e-07
2966,0.7644850263052017,0.8877603178479351,0.014107372057812501,0.034660282451483324,0.014111635690973628,2.6305201683562984e-08
2967,0.7830963382548108,0.9245181377231869,0.01870627830458985,0.05670837868326323,0.018713031850883955,3.382548108277206e-07
2968,0.7901481414146402,0.9141113789962659,0.017038233871191372,0.05756919687279388,0.017044677555293715,1.4141464022010553e-07
2969,0.4586248679833781,0.7467764858978831,0.01333926144261718,0.05556025015666716,0.013339891244628829,-1.3201662191208996e-07
2970,0.7872430566976714,0.903182322536005,0.015141627562597642,0.05023344914818889,0.015147060507230962,5.669767133564818e-08
2971,-0.0504595946789701,0.4115730644958266,0.027721496074023425,0.0781877174600565,0.027722283423466065,4.0532102989904173e-07
2972,0.5809785585843443,0.7693722631019572,0.014389115739746085,0.037215390799391325,0.01439086633682884,-4.414156556942217e-07
2973,0.3910976967546783,0.6872682371143978,0.019175760340439482,0.07301116440788136,0.019177604856666024,-3.0324532168668483e-07
2974,0.9096082153504663,0.9537686931574101,0.005621219127812506,0.017296614272433,0.005621339351903145,2.1535046634824084e-07
2975,0.4705017220857526,0.7027988958876427,0.027087189796679723,0.0837344659605223,0.027096420249140076,-2.779142473929852e-07
2976,0.7240398302215771,0.8509300310137559,0.012180267051074214,0.03556531702480599,0.012182428005482866,-1.697784228760213e-07
2977,0.9298685759284001,0.9772451010338243,0.008981874676074217,0.02752794516488281,0.00898333342838465,-4.2407159983604004e-07
2978,0.3613145435693509,0.6569333518206655,0.03238764907304685,0.08918940325243443,0.03239576058598803,-4.5643064910949604e-07
2979,0.4088908121075241,0.6729350323701133,0.01942024048363283,0.06035139203318004,0.01942144987906882,-1.8789247591133318e-07
2980,0.8719802326337885,0.9355943638890674,0.010791101541308573,0.03684786453925263,0.010793023860885178,2.326337885660834e-07
2981,0.8141594819713183,0.904249757992639,0.011773105664833977,0.031593288515420606,0.01177358949107524,-5.180286817285662e-07
2982,0.5460504446625054,0.7629676591147404,0.023553039495996127,0.07019389157235342,0.023562309613110982,4.446625053722286e-07
2983,0.6553060333241016,0.8117487299109445,0.012411545728613286,0.035761730423482366,0.012413154542955718,3.3324101589293775e-08
2984,-0.09195649369171432,0.3622484191415488,0.012937342920458972,0.057668603647164064,0.012938236341258486,-4.936917143288921e-07
2985,0.7605529141625004,0.8795578928009059,0.01198733211220703,0.03112963931547479,0.011989091872310956,-8.583749966373233e-08
2986,0.6656204030297359,0.8297731692840328,0.01555366322373047,0.04423289380552155,0.015557066962189661,4.0302973591810343e-07
2987,0.8572832306119712,0.926684185024946,0.009171244527050787,0.022195704203271722,0.00917301608137563,2.3061197118590115e-07
2988,0.9108762860375235,0.9641649587960255,0.01077396816181642,0.031120141960338583,0.010777093929663301,2.8603752344480426e-07
2989,0.5452458680399218,0.7952771910294805,0.035539349910449186,0.09820708271966506,0.035557471555371055,-1.3196007819793465e-07
2990,0.8852590671261436,0.9450163999321233,0.00886411994023439,0.02490260821684066,0.008865129329178888,6.712614353254764e-08
2991,0.310335638884052,0.6716454376684226,0.020297169668847675,0.08190677082909933,0.020299905079027084,-3.611159479777193e-07
2992,0.4898077356186581,0.7458277065426724,0.021723017205664052,0.060580462941912244,0.021728131021249306,-2.6438134193007556e-07
2993,0.3564301641654194,0.607680169465796,0.016535999217382802,0.06691678135932067,0.016537868092396876,1.641654193695885e-07
2994,0.8954219086945671,0.9472914848545883,0.0065574890096777435,0.019946186782878135,0.006557809669389115,-9.130543299207261e-08
2995,0.3093040977033559,0.6199247585680701,0.02791957104785154,0.08475865542722748,0.027925316352172262,9.77033558502427e-08
2996,0.6404284840288359,0.8017214904203102,0.01814216659980469,0.049898478192818306,0.018143526288183758,-5.159711641278264e-07
2997,0.7099241406378158,0.8454495662062839,0.011892339193847652,0.03738747140791024,0.011894007631715194,1.4063781583750767e-07
2998,0.5469369389226265,0.7485220324424231,0.016381419146582043,0.062586329429761,0.016383778490965256,-6.107737349214659e-08
2999,0.8801399611370331,0.9406199911460541,0.007415617181181646,0.017872096178076113,0.007415795828741372,-3.8862966955655054e-08
3000,-0.14847696659378862,0.43544223610412613,0.01945216601422851,0.061417948704019634,0.01945362253282086,3.3406211380482276e-08
3001,-0.3975905319607498,0.5240024626424417,0.022367781092470673,0.06977088415108999,0.02236954143288746,4.6803925024541115e-07
3002,0.8931035426821954,0.9579827283354788,0.007577200522519536,0.018114885434020015,0.007577902015047169,-4.5731780462521243e-07
3003,0.8568637868410889,0.9320471922681366,0.009539369733789056,0.027303823464341934,0.009539831531657552,-2.1315891107764884e-07
3004,0.6462566405665706,0.8129415501386863,0.021299432062304644,0.06848155617742968,0.021307039011883102,-3.5943342935329525e-07
3005,0.8829123643363416,0.9407362666159249,0.008637450341796877,0.02135155735194469,0.008638030268656867,3.6433634154064976e-07
3006,0.7748757565395461,0.880628767329878,0.011293815088769536,0.029060991287934334,0.011295438113328882,-2.4346045390810644e-07
3007,0.4739659297644918,0.7069204924928374,0.024793401799609385,0.07567054263794835,0.02480116339809831,-7.02355081871886e-08
3008,0.7957106320214715,0.89909508102663,0.011004757166406266,0.026721760794009265,0.011006284405034079,-3.679785284260717e-07
3009,0.7512111351688318,0.950073528643083,0.02286720493818359,0.06735375768120228,0.022873306520788526,1.351688317940969e-07
3010,0.3256471004670358,0.5958018546842941,0.03278095539687499,0.08983103475508142,0.03279092127597193,1.0046703580179894e-07
3011,0.47952702004673753,0.7015914306528397,0.009990502965947274,0.050897922372096865,0.009990740603305485,2.004673754774089e-08
3012,0.8087719325186118,0.9175336350797912,0.014102768140039055,0.03767414828416562,0.014104764148938539,-6.74813882550751e-08
3013,0.8410780521760381,0.922566754776813,0.009465304895019531,0.02378707637522901,0.009466319457273683,5.217603815665939e-08
3014,0.8711486930131876,0.9395762248767849,0.01357347463574218,0.032105230216336184,0.013575498143835957,-3.069868123040109e-07
3015,0.9157430713276851,0.9590788850982993,0.009171919549023452,0.029782108762230513,0.009173254112559414,7.132768509165999e-08
3016,0.7202945171118893,0.863513062188889,0.016866792876855465,0.060414235226986246,0.016875231998125222,-4.828881107199479e-07
3017,0.7973186893292672,0.900843645027668,0.007600745802070314,0.02429173263943122,0.007600878408895255,-3.1067073280599544e-07
3018,0.8350469352544752,0.9140865280130331,0.00878257555677735,0.025033279573086344,0.008782852474494845,-6.474552483037854e-08
3019,0.5465414808188314,0.7400381662246648,0.013232142575566397,0.05228407009986584,0.01323314515318171,4.808188313054629e-07
3020,0.32032376092448933,0.5834542014541546,0.022986265047949195,0.07609831009181504,0.022988722855069033,-2.3907551066626453e-07
3021,0.6499459775447913,0.822786382889237,0.012177177913769542,0.04403973143354147,0.012178829879483587,-2.245520869248452e-08
3022,0.9256333447309062,0.9625759781675194,0.006764793606943357,0.015310543296763577,0.006764982491072393,3.4473090615438906e-07
3023,-0.06563180290429815,0.42386069927719344,0.0180978264555469,0.06105016767616238,0.018098929001217085,1.9709570184267555e-07
3024,0.6836130418120635,0.8323861539128659,0.010693396051113274,0.03599594536959205,0.010694435545756659,4.1812063478197103e-08
3025,0.7498310307251288,0.9175963341818599,0.020785905339062515,0.0620158220335348,0.020790789669381648,3.07251287745558e-08
3026,0.7822600245615406,0.9021350837628278,0.016138887522167973,0.036354189317122865,0.016142491672426165,2.456154069019334e-08
3027,0.8735960022894773,0.9363787796145729,0.008000348779394508,0.021409276877970066,0.008001439765304635,2.289477274430851e-09
3028,0.72670588246897,0.8555992854870462,0.011704670139716782,0.04459679144609391,0.011705081910803458,-1.1753102990841313e-07
3029,0.7724546661653433,0.881752455309483,0.011240311982089846,0.031492439668019206,0.011240764371935153,-3.338346566961192e-07
3030,0.5804545506032159,0.7698127530407496,0.01398872190461915,0.04693101381679673,0.013989406426000637,-4.4939678411903827e-07
3031,0.7579267691318247,0.8854229461724942,0.010749248416015622,0.030426567500468387,0.010750548721759892,-2.3086817535489246e-07
3032,0.5416206965226096,0.7426165533189876,0.020572177937226592,0.06364068747291987,0.020573775263947096,-3.0347739043978805e-07
3033,0.8262728553700414,0.9098025018625917,0.011324417647167972,0.02697093487374276,0.011326818173723984,-1.4462995867603468e-07
3034,0.8321382212269892,0.9324579544630989,0.01360917216015624,0.036423352639517806,0.013611752835516305,2.212269891721519e-07
3035,0.8769865679931966,0.9372779461001233,0.008096488874541036,0.020699882642379548,0.00809679568714872,-4.320068033303315e-07
3036,0.5086512651837016,0.7634053179461845,0.025467705103613257,0.07726437143884746,0.025471341562992775,2.651837016642844e-07
3037,0.5095048781153497,0.7175607053747385,0.022487515904882793,0.07035763551133278,0.02249388649070076,-1.2188465026152784e-07
3038,0.7130653073270303,0.8805706413827865,0.018476843976074207,0.05728732171381333,0.01847992012694661,3.073270303799447e-07
3039,0.41486293882168224,0.8040725917958531,0.039655876371386775,0.10741815799673655,0.03967541641478251,-6.117831774510307e-08
3040,0.5963820503661629,0.7799062914628373,0.022634111891796812,0.07273062529475988,0.02264118518823557,5.0366162906989587e-08
3041,0.613321961842962,0.8069442073329146,0.020534080091992216,0.07285941319123086,0.02054101152486881,-3.815703808474069e-08
3042,0.6456229664784119,0.8309502674365039,0.015215158699023443,0.04481013237144418,0.015216636301361504,-3.35215880609141e-08
3043,0.45874203510225553,0.7301945403613466,0.029449618267968675,0.08372779655218104,0.029453591772510005,3.5102255546703987e-08
3044,0.6038971041233618,0.8623734776413473,0.033277936547070265,0.08783373508089015,0.033295650295837184,1.041233618215287e-07
3045,0.5616470300471095,0.7922490539537105,0.019164636144042978,0.06232229222273109,0.019169241092236677,3.004710946719058e-08
3046,0.6254680747347139,0.815684723931098,0.021273755362695282,0.0676886038415334,0.021281576431416448,7.473471386187924e-08
3047,0.9229799899888471,0.9625963772279376,0.008254758353906242,0.0220723168461295,0.008255620461107447,-1.0011152906663767e-08
3048,0.14573800036842965,0.621697536059404,0.023265959053124986,0.07635874466073642,0.023270907316025217,3.684296479011806e-10
3049,0.7959794137124723,0.9015647150621723,0.01087204741919921,0.02911356549485283,0.010872636975544402,4.1371247228028096e-07
3050,0.8008560442924768,0.8961098062443273,0.010548289801308583,0.028970448831657187,0.010548882075887927,4.4292476797380687e-08
3051,0.6963942909488408,0.866372650884945,0.01121294525603515,0.03627222487902657,0.01121349098916854,2.909488407976113e-07
3052,0.7432367236936867,0.8879711343655863,0.021892081729101575,0.06809153736204018,0.021901786921197992,-2.7630631338482203e-07
3053,0.9170841554397409,0.9593677653476226,0.007035918782187497,0.015195843425654158,0.0070362021581932156,1.5543974085652223e-07
3054,0.6714882859943229,0.835880339489202,0.017564685777343745,0.0562407401511483,0.017567280455883436,2.8599432289055926e-07
3055,0.5699130448980831,0.7571303484243443,0.012642663378613259,0.0510569637972242,0.012645686222416394,4.489808314023236e-08
3056,0.369498897807611,0.6235965719889212,0.01947800532919922,0.06663594347512893,0.019481856237587022,-1.0219238899544791e-07
3057,0.7461346279152112,0.8741594537884186,0.021502360842187474,0.06161342776960072,0.02151219591698998,-3.720847887578316e-07
3058,0.5407872310598948,0.7380402265969822,0.023806293105371086,0.06526443809051358,0.023812849844986515,2.3105989477301137e-07
3059,0.18821163529767537,0.49312822276983037,0.016229890337109375,0.05614262466903254,0.016232564569336094,-3.6470232461782714e-07
3060,0.3602200958100156,0.6482217159860545,0.02024184954365232,0.08003182253947397,0.020246638778748247,9.581001558789382e-08
3061,-0.002475194652732382,0.6213551619014152,0.027739819308203142,0.07373819666563766,0.027743550607683246,-1.9465273238183575e-07
3062,0.42692895026091915,0.6824136746958533,0.0266470038419922,0.07247325045401087,0.026654772535376268,-4.9739080854038775e-08
3063,0.5809118379902494,0.7935279652349162,0.026898835790234346,0.07524162363246455,0.026902781405960904,-1.6200975061497758e-07
3064,0.8669101732699356,0.942776195207104,0.011931512112597659,0.029882139067054045,0.011934989528145047,1.7326993562161164e-07
3065,0.5870880913783354,0.7729558916438356,0.02232294192783201,0.0747405556796232,0.022326811226732673,9.137833534289541e-08
3066,0.5825042141368441,0.8548738304526039,0.025634249135644552,0.07273590781663418,0.02563858218935518,2.1413684403448485e-07
3067,0.8344816745744996,0.9154902321993943,0.009213875086132797,0.02507322511866601,0.009215058723565603,-3.2542550032488293e-07
3068,0.900095599269071,0.9488629771444762,0.008624425728808583,0.021407435103094993,0.008625617199113284,-4.0073092899550744e-07
3069,0.6976171937579719,0.8398305774495092,0.012743763520214847,0.03858298983846882,0.012746012441945318,1.9375797188914134e-07
3070,0.8085362467440473,0.903016104737652,0.007622405248457032,0.03147094209695259,0.007622961690662042,2.4674404730529176e-07
3071,0.7989325442785339,0.9006197623229778,0.009299657596884772,0.027556903223427045,0.00929982953129616,-4.5572146611938535e-07
3072,0.7713979756795719,0.8926669760403095,0.012590614613769556,0.030060731308844037,0.012592562678178845,-2.4320428115842674e-08
3073,0.8158912298738883,0.9133807773034994,0.010613897512998046,0.02413811043064059,0.010614350224057299,2.298738882577922e-07
3074,0.5050070191167887,0.7121171552610319,0.012338026768437512,0.04107679573034504,0.012338438417732592,1.911678870758493e-08
3075,0.5966111529843807,0.8325253237348069,0.02743081524648437,0.08161037769274868,0.027436745534411156,1.5298438071909004e-07
3076,0.6241495064591613,0.8042474997558384,0.018053237352929682,0.05549873453567604,0.01805705566541799,5.064591613868075e-07
3077,0.12316237269579922,0.44374228832522244,0.02672906948985362,0.09194680432759914,0.02673122270080197,3.726957992222779e-07
3078,0.3079276543332795,0.7358464717825167,0.01729801108945311,0.053021694126817155,0.01730074159283559,-3.4566672046931757e-07
3079,0.6290585746267754,0.832297469644458,0.022962168453027332,0.0716620550942074,0.02297107970667383,-4.2537322464397676e-07
3080,0.54972041356976,0.750965355821474,0.01643705274101561,0.058023837457924186,0.016440508558931408,4.1356975999384815e-07
3081,0.8060110393328206,0.9143700228443852,0.018218299670703136,0.04938778764707927,0.018221941001261687,3.933282055612608e-08
3082,0.5256090728054321,0.7496205137574282,0.0171543312857422,0.060384078401307606,0.017156450296074717,7.280543212750956e-08
3083,-0.08765907396992834,0.6207811552621268,0.023220668797822225,0.07866131949043803,0.023222782006657724,-7.396992833530458e-08
3084,0.7603666778814321,0.9117765029593863,0.011307755617675762,0.02587055905998735,0.011308091707957194,-3.2211856793029625e-07
3085,0.824079997612948,0.9109544754746893,0.008638270656445301,0.023091170195308652,0.008638547473775125,-2.3870520005075946e-09
3086,0.6259607288568101,0.826649338581569,0.026799259423437527,0.0761602449431676,0.026809736059708652,-2.7114318990051345e-07
3087,0.36163832172887644,0.6184026932085147,0.01656799484687498,0.05887617721989831,0.016569813112119098,3.2172887642900605e-07
3088,0.7983561312788394,0.9071133256683571,0.012743645648242187,0.04254838520830015,0.012745392868267083,1.3127883946584262e-07
3089,0.7065681311997789,0.8563870862287222,0.016461526478027365,0.06049860582649782,0.01646697467704781,1.3119977892994683e-07
3090,0.20566112625748356,0.5342150372095622,0.01622997401323241,0.06426859516434158,0.016231249882640558,1.2625748355143962e-07
3091,0.48442774913028097,0.7044640264340098,0.02013727714287109,0.06672395668516272,0.020142376147122217,-2.5086971905396993e-07
3092,0.20884344044657943,0.5161406742004658,0.01183222471154299,0.051994198518708096,0.011833293419108193,4.4044657943054233e-07
3093,-1.1594413317140644,0.4357617151956916,0.02680593623300782,0.08730578876734857,0.026808851076277906,-3.317140644387706e-07
3094,0.8362962052803489,0.9158356989272853,0.012351139964843773,0.03520142735295057,0.012352837987188775,2.0528034883060542e-07
3095,0.8399872980770356,0.9176710856734656,0.011058597572363296,0.035150917752936994,0.011060919744992145,2.980770356098006e-07
3096,0.785464222723473,0.8931344100630597,0.012097739227089866,0.03196888346467054,0.012098214531821855,2.2272347299789885e-07
3097,0.8410874184007151,0.9289931159632915,0.00983006189689452,0.03149329214875907,0.009830494240753263,4.18400715074263e-07
3098,0.7388363327267109,0.8637589994053,0.010863994259863263,0.033622028836436786,0.010865317572967237,3.327267108499399e-07
3099,0.6347791964784404,0.8109944659162099,0.015562927825390642,0.043988641121341716,0.015566009772354089,1.9647844040626694e-07
3100,0.8565810933362347,0.9752079141575435,0.014280565574218739,0.04637064864048452,0.014283754533831702,9.333623463003704e-08
3101,0.5569921721176668,0.7674448001823844,0.023376788317871124,0.07287969278178781,0.023380274812507495,1.721176667857094e-07
3102,0.6961951747036248,0.8430494452681748,0.016240018879882804,0.05482274667287238,0.016242149315506285,1.747036247889966e-07
3103,0.8106146767877935,0.9096738300800729,0.015942566545507818,0.044579558449318976,0.01594588667524801,-3.2321220644337956e-07
3104,0.48775095527017653,0.700640771693364,0.02080396514901367,0.05781110709792944,0.020805288950227575,-4.472982345626875e-08
3105,0.8648530000532482,0.9341757880497827,0.010768837733984364,0.035170246984133284,0.010770341521378603,5.324818364016437e-11
3106,0.6547704389078665,0.9142319335913207,0.012220245259726554,0.038502367864090836,0.012221217145787252,4.389078664956969e-07
3107,0.7468338991581983,0.8797258214894446,0.020340426566992215,0.06000184879148713,0.020344332062314917,-1.0084180168679069e-07
3108,0.32597294968518387,0.6048947574669247,0.015117647224218747,0.05350341419538393,0.015119979775938791,-5.0314816146812547e-08
3109,0.7824572992557356,0.8942102951575378,0.01594832430771482,0.04944478950262628,0.015953267884032146,2.992557356362724e-07
3110,0.7395854014537935,0.8783805068409339,0.011979464088085956,0.030657835445463757,0.011980779242184929,4.0145379343048404e-07
3111,0.8768082600413238,0.9408457459118498,0.008584766587373057,0.019511661363274098,0.008585153854133895,2.6004132380741396e-07
3112,0.5683528602632564,0.7883379036927567,0.012376414920019554,0.04732212883387058,0.012379014162667613,-1.3973674362066646e-07
3113,0.4411838209703438,0.7477022050739606,0.03486231892236319,0.09324397279706664,0.0348765693595602,-1.7902965621097167e-07
3114,0.3946981972058653,0.6554757649921487,0.01661682609511718,0.05747973065682149,0.016620228453662362,1.972058653043618e-07
3115,0.7271835654920213,0.8951723039099185,0.014555118339062496,0.041948505601542306,0.01455576431864288,-4.3450797870825397e-07
3116,0.8025363561011647,0.9003043634280088,0.014693306956445345,0.04764128971294434,0.014697692029029666,3.561011646668888e-07
3117,0.8316027718629465,0.9128296023729988,0.010370692443847668,0.026892925268424635,0.010372123071820175,-2.2813705347068947e-07
3118,0.38850428188547337,0.7067865413692928,0.01816982733949214,0.06668919537968766,0.01817062578331817,2.818854733521725e-07
3119,0.4868566740286404,0.7099909824500094,0.0218732233614258,0.06920023579393031,0.021876655239839893,-3.259713595715752e-07
3120,0.7151502592015081,0.849732315420803,0.012931961662812509,0.038844341164296664,0.012932680328366532,2.5920150814595644e-07
3121,-0.25394503830967774,0.347585298317095,0.015762379993964862,0.06739776793384307,0.015762919193462017,-3.8309677763415095e-08
3122,0.6690976891946663,0.8408781292782948,0.018287030333886754,0.05866442628094848,0.01829191038144007,-3.1080533369198804e-07
3123,0.6940735852425971,0.8421655129290784,0.014447468647753892,0.049072341597316334,0.014449230666412122,-4.147574028667833e-07
3124,0.47587761331527534,0.7210303463497396,0.015533793841787134,0.04773275590286956,0.015534403132302132,-3.8668472468472714e-07
3125,0.8859054757635658,0.942467930948743,0.008282950112177712,0.019779287354497594,0.00828339943722812,4.75763565765952e-07
3126,0.8448136331476871,0.919784815868745,0.009854670682324224,0.023463917444301017,0.009856454744987113,-3.6685231286082143e-07
3127,0.7228741211459759,0.8878749514321008,0.02006325801806642,0.06232506117835831,0.020070167363848014,1.2114597591761367e-07
3128,0.582662374960999,0.7668522639296773,0.019808369113769528,0.059622652342450407,0.019813350657719952,3.749609990277847e-07
3129,0.4411518313374089,0.7140552972656636,0.025194559394580093,0.07621656281894441,0.02519654571664019,-1.6866259111569804e-07
3130,0.2429644816135319,0.587728612611252,0.023323103981347643,0.07931699489653253,0.023327285705230474,4.816135318885806e-07
3131,0.9495298593321525,0.9744724085314661,0.00436333532227539,0.01189645963037225,0.004363454876619189,-1.4066784748134609e-07
3132,0.7685427050328002,0.8819856788494495,0.014367274375878888,0.04603707263581233,0.014369196879584677,-2.94967199776508e-07
3133,0.631212873571886,0.8499740154634319,0.02131834903433594,0.06680226369022364,0.02132014368663936,-1.2642811397789444e-07
3134,0.8981491486343247,0.947912027126028,0.007103599354550782,0.017657180716036378,0.0071038099354171075,1.486343247369959e-07
3135,0.9133963341507438,0.9573817189308306,0.006436447857304679,0.016159084119537266,0.006436744158725556,3.3415074385256816e-07
3136,0.64463351317153,0.8466612640845327,0.018298292228710947,0.04950073833558586,0.01830276442500548,-4.868284700920711e-07
3137,0.6844404587784683,0.8754620472796688,0.019263989610253895,0.06389999712357843,0.01926878896845118,4.587784682152929e-07
3138,0.8464783646954581,0.9315503246752562,0.007929604959501972,0.024667550623039977,0.007930000791359674,3.646954581659756e-07
3139,0.41723616702665367,0.7198476691339412,0.04060075564257822,0.11003722764493114,0.04062031336482399,1.67026653674629e-07
3140,0.6598847532058378,0.8176269862803348,0.016765798051562492,0.05482079825600722,0.01676781850829825,-2.467941622175118e-07
3141,0.9378441167867982,0.9701227112284144,0.005886616175195316,0.014553419935213639,0.005887582097213008,1.167867982321269e-07
3142,0.407316234677206,0.6650954696188439,0.017949317910351554,0.05522236532034088,0.01795179609476633,2.3467720600134356e-07
3143,0.38300575543123183,0.6252641472355204,0.024552619774804746,0.07490336511806643,0.024559717663375964,-2.445687681817965e-07
3144,0.8678501675598034,0.9342518861011957,0.007818662177314438,0.02402117208544309,0.007819125183528147,1.675598033656911e-07
3145,0.7894258746556582,0.891516745251422,0.010042581679335959,0.02906054033165549,0.010043015728734029,-1.2534434179478637e-07
3146,0.6082475433113967,0.8086470385502169,0.014621493469238295,0.045185563399672814,0.014623493522985084,-4.566886032675299e-07
3147,0.8854581273725302,0.9412907300823669,0.010483495442285171,0.03027311280931784,0.010484875049483594,1.2737253018979544e-07
3148,0.7759731928225703,0.8835807005002523,0.013618290230742186,0.02918322205177532,0.013618920177708303,1.928225702441111e-07
3149,0.7527154433890766,0.9141543828217206,0.016761920800488262,0.04461756906575651,0.016765499926237312,4.433890765653814e-07
3150,0.6206894824602704,0.814693153625127,0.011394077749707026,0.04317676307365421,0.011394441162190341,-5.175397295165141e-07
3151,0.8805684481159396,0.9545776786535141,0.010737901487988288,0.0324954089430929,0.010739421586529447,4.4811593957749807e-07
3152,0.4816052961255427,0.6957519023666318,0.01718769514404297,0.05037629435669061,0.01719041312885798,2.961255426980891e-07
3153,0.46240462327437515,0.705370257763987,0.023046504229199224,0.07111463777876213,0.02305352964712195,-3.767256248621287e-07
3154,0.8275957909507072,0.9124518416734263,0.008272943715820312,0.024364377687075063,0.00827319383920692,-2.090492927653287e-07
3155,0.812042949194576,0.9012693975491252,0.010740379542128918,0.028008595678994778,0.010740944058329578,-5.080542397895016e-08
3156,0.8790209436726879,0.9528688888023328,0.014107697724414059,0.03726221848423338,0.014110551318139788,-5.632731214788578e-08
3157,0.8934879607373591,0.946102824845604,0.007931096543300788,0.018113586183744756,0.007931860993378208,-3.926264080522657e-08
3158,0.7905371499944799,0.8905383219358481,0.010436407599023438,0.029202967161217532,0.010437831199163946,1.4999447983665704e-07
3159,0.7846979459759356,0.9173795134662028,0.019177214782324224,0.061665710495812924,0.019184132104594666,-5.402406444421359e-08
3160,0.41459737370390093,0.6582948823058898,0.02201496550429687,0.06656872064844052,0.022020557741644315,3.737039009354959e-07
3161,0.44734593211941953,0.6959024934270209,0.009557225485878906,0.0408949065762503,0.00955797432716975,-6.788058048989853e-08
3162,0.6098670667464535,0.8099106529811837,0.013834873836718732,0.04609148374877376,0.013836468157598657,6.674645347537478e-08
3163,0.40748382959920815,0.6558778966179796,0.017973849699072304,0.06533372161201588,0.017974465540570143,-1.7040079186569912e-07
3164,0.5050533565945449,0.7280619379690019,0.01866816771162111,0.05635185578004821,0.018671169107656514,3.5659454489245235e-07
3165,0.4311462369533239,0.6774435888854092,0.02547813287021484,0.08370479335843131,0.02548659357312621,2.3695332390660795e-07
3166,-0.2529452277072024,0.4269746334834788,0.016451251386044898,0.06250652472444697,0.01645153021052727,-2.27707202427041e-07
3167,0.4174828652352405,0.6663420808237527,0.01704535358759766,0.06252707003589299,0.017047751865330075,-1.3476475951845757e-07
3168,0.8185194872054647,0.906272318941992,0.014364959854785152,0.049258262000721115,0.014370120087309856,4.872054647497848e-07
3169,0.7898568780557177,0.893749104536571,0.011048043121591798,0.03256625530225256,0.011049135956824508,-1.219442823385819e-07
3170,0.5650276441336245,0.7630931202383776,0.01943434402207032,0.05734569873862226,0.019436718372713293,-3.558663754787972e-07
3171,0.7453673258113906,0.8857108420023453,0.01240745292090821,0.0333109539049326,0.01240825935527408,3.258113906445814e-07
3172,0.7773652546165674,0.8827646944859147,0.010266474322910158,0.02769425376827686,0.010267032005706578,2.5461656738556826e-07
3173,0.8577582703287139,0.9361624651660071,0.012810185687402345,0.03898862429963096,0.012813743916729965,2.7032871385834767e-07
3174,0.47600984956491044,0.7045690122924151,0.027803829663964878,0.08809181812293629,0.027820412410267788,-1.5043508955203677e-07
3175,0.8113177772388068,0.9076442370494797,0.01176256566660158,0.02716329335146297,0.0117644275778495,-2.227611931582274e-07
3176,-0.1217051124892996,0.6766954763837046,0.02167417817843747,0.07634270432549847,0.021676206058395424,-1.1248929961127363e-07
3177,0.6513647508632119,0.815914511750321,0.014574640925585918,0.0460978126820298,0.014577877609475706,-2.4913678808857753e-07
3178,0.7493006825269426,0.8716190508047134,0.00911314795527342,0.0353969699162369,0.009114346200139659,-3.174730573984874e-07
3179,0.37840225917050796,0.7542112772474,0.022437056139843776,0.0668490082714188,0.022440127818592004,2.5917050794355134e-07
3180,0.6115898117467703,0.8207189479566962,0.01224392538895509,0.04090021978974487,0.01224419265127414,-1.8825322967153113e-07
3181,0.4229201949290786,0.8003936576943088,0.024204028218173797,0.07354476333804393,0.024206254505162395,1.9492907860074737e-07
3182,0.77145886981203,0.8789676619847817,0.012808521115722634,0.045304100638800214,0.012810279782668766,-1.3018796996000503e-07
3183,0.6590161348007568,0.873422077446219,0.012029431027988268,0.039690336076579784,0.012030183317937987,1.3480075677918535e-07
3184,0.4728610413476926,0.7233833344839025,0.021461829553417945,0.07071609325073956,0.02146837551658662,4.1347692603110886e-08
3185,0.9303491386132601,0.9665217045783518,0.006635532779892582,0.015842078459516795,0.006635786805243567,1.3861326009223518e-07
3186,0.041857192980304325,0.5014672479382335,0.016128254190019526,0.05751435809198422,0.01612869287659509,1.9298030432685076e-07
3187,0.27526327628108394,0.6992797925089461,0.018538523374111316,0.05627466094135511,0.018539546591895828,2.762810839551655e-07
3188,0.7769432149522166,0.9000184762777174,0.016651729744531236,0.05263475413440027,0.016655025404317184,2.1495221658174302e-07
3189,0.5638118977999724,0.7733392815985536,0.022365474308398456,0.06763733904622175,0.022372574235883184,-1.0220002755190194e-07
3190,0.5344395778303594,0.8480160262219921,0.03841739168779296,0.10091772679664439,0.03842749070518546,-4.221696405792841e-07
3191,0.8100126396077219,0.9100873763710805,0.016803824308398448,0.046484089859760935,0.01680967980907282,-3.6039227813144947e-07
3192,0.5754485232995312,0.8209292288534058,0.01592981642605467,0.05130791432859174,0.015930968912013878,-4.767004687655785e-07
3193,0.9122531029258889,0.9795734402257605,0.005052478827783198,0.01635216920082214,0.005052543694915951,1.0292588892291121e-07
3194,0.5176787042701658,0.7270652449701477,0.011966041305859359,0.051716611396830266,0.011966556239817903,-2.957298341765835e-07
3195,0.30822523413464153,0.6824641777461526,0.02365442558056639,0.07876238485441749,0.02365759684593719,2.3413464150801033e-07
3196,0.11842983724923362,0.46071861833991495,0.012765741131035138,0.05380829956624143,0.012766553584547346,-1.6275076637761732e-07
3197,0.5630964914573411,0.8253377340512249,0.022479417050976582,0.07566200305146648,0.022486710901238625,-5.085426588724573e-07
3198,0.5712675741465274,0.7661432824845505,0.016570083353320327,0.05205543652435278,0.016573137141115028,-4.2585347259649353e-07
3199,0.3804208145922495,0.6733776526836474,0.025331434404296863,0.0766155603892489,0.02534521968702629,-1.8540775048592195e-07
3200,0.9223570036305059,0.9610122359493486,0.0059449811325683645,0.01494354484826738,0.005945089078264169,3.630505895912961e-09
3201,0.48925596046774156,0.7424217942908777,0.020599967351171873,0.04977859537045686,0.02060347664657309,-3.9532258466756787e-08
3202,0.6378080818969813,0.8059517083853609,0.011380125892900382,0.03537393199763438,0.011380466311895569,8.189698130767198e-08
3203,0.6955906523343727,0.8707323211642662,0.012051504761123034,0.03063108952364208,0.012051902600453825,-3.4766562728716366e-07
3204,0.5408006025783358,0.7867115175908559,0.01812990501025391,0.060741764187621325,0.018134468387826938,-3.974216641333683e-07
3205,0.866507707523334,0.9412149995605305,0.009758776068125011,0.027199550082010106,0.009759396219295963,-2.924766659972988e-07
3206,0.7522927473625027,0.882707496162947,0.014414884306054702,0.04374749159452272,0.01442085174103025,-2.5263749725557005e-07
3207,0.6726114832317305,0.8483070170548309,0.026325136732031202,0.0737192701685387,0.02633642941371922,4.832317305192291e-07
3208,0.7616156608535798,0.9501744714905779,0.010156395597070317,0.034495496473486126,0.010157470538815258,-3.391464201696337e-07
3209,0.7881639923501753,0.9137080160803119,0.009761629204062462,0.029331320435889888,0.009762285594861541,-7.649824662614435e-09
3210,0.9619424726782578,0.9809194910957496,0.0044040760635449235,0.01086677733708799,0.004404227617597642,4.7267825786789786e-07
3211,0.49406569314063986,0.7317211034911462,0.029356265169531208,0.08237383705102004,0.02937215019523929,-3.068593601440739e-07
3212,0.7943749898936565,0.8982422195271152,0.014431030611816413,0.04057172589720203,0.014433278095488361,-1.010634353981743e-08
3213,0.9295706236373668,0.9642147474904854,0.0063648428359374945,0.015146095569442195,0.006365149752701466,-3.7636263328089115e-07
3214,0.6200941471693567,0.8015525990188712,0.020929511383398422,0.06595214483239487,0.020932856556447138,1.4716935670122666e-07
3215,-0.007990961527404306,0.4623166652099329,0.024599864308349643,0.08048010609064223,0.024602114697978007,3.8472595694297174e-08
3216,0.8662894792179935,0.9347445307439202,0.008168316869267597,0.019566559541112215,0.008168495037377323,4.792179935098062e-07
3217,0.5525465116696933,0.7596602670187658,0.024804119154980493,0.08842238187037606,0.024812146891873176,-4.88330306747109e-07
3218,0.8462218557524743,0.9212321516690863,0.010386352374902331,0.026879121573962206,0.010387911876793493,-1.4424752570185717e-07
3219,0.6850845020700191,0.869954438107508,0.02217678802421877,0.06745621656159037,0.022187777510605772,-4.979299809138027e-07
3220,0.758900293373584,0.8849689518911875,0.01697524187910159,0.049602074861033206,0.01697797881927054,2.933735839816265e-07
3221,-0.060923522509788164,0.3844792566983182,0.017630710712334,0.05907712870990443,0.017632121545834205,-5.225097881658702e-07
3222,0.8386947350815637,0.9173864638046222,0.008284594971933599,0.022625494745274463,0.008285406907011777,-2.649184362990553e-07
3223,0.3055196327357138,0.6679539757091987,0.024027996121386768,0.07603595813027848,0.024031844184389025,-3.6726428620514895e-07
3224,0.9320911382666085,0.9659497013697014,0.008807576397861335,0.01899045908040043,0.008808355956918071,1.3826660849591832e-07
3225,0.8343555527292219,0.9509268622215393,0.009235944114218733,0.027816389338326513,0.009236321204396186,-4.472707780811547e-07
3226,0.4361623300807753,0.7210153177668001,0.030582049204306648,0.08640544445196083,0.03058465913977156,3.300807753237045e-07
3227,0.5175050856642094,0.828076032078512,0.02642212017011719,0.07982683094147441,0.026427477289324004,8.566420939271069e-08
3228,0.9518236510174012,0.9771933346882858,0.007977620638476556,0.018751249228264554,0.007978576759201071,-3.489825988189921e-07
3229,0.9089856568154246,0.9561115727868535,0.008324688046914058,0.019299438225023943,0.008325304367198288,-3.4318457531323787e-07
3230,0.8677582954379444,0.9322177172277956,0.007794384686865228,0.02111752570100582,0.007794640657018423,2.9543794433095627e-07
3231,0.7995038532541011,0.9037266138659173,0.01177175485332031,0.029919812506227078,0.011773494128060861,-1.467458988768655e-07
3232,0.707325201286388,0.8490582449116829,0.011067947167382807,0.03545214597318922,0.011070216262820846,2.012863880018756e-07
3233,0.8482334504653914,0.9265626125627271,0.009666979130957038,0.023265451743495102,0.009668327417888771,4.504653914327861e-07
3234,0.5433669005161729,0.7520899021195159,0.02092614629287111,0.06544829657200511,0.020931350169797462,-9.948382717617221e-08
3235,0.8866794473454724,0.9428145432592392,0.008345321477148433,0.029435555055297078,0.00834653703174628,4.473454724429615e-07
3236,0.8169009992408195,0.9257476482293517,0.016982757216015602,0.04948235330366232,0.01698768152359479,-7.591804962459037e-10
3237,0.763879149443818,0.8740510062606464,0.012081058429589847,0.03659077210759426,0.012084887905788275,1.4944381798720485e-07
3238,0.8138526414405101,0.9234125553873632,0.008432058678955074,0.024286193556084967,0.008432517720259512,-3.5855948998797516e-07
3239,0.10791621007119812,0.5491378084012298,0.023055808369931614,0.06969596073213606,0.023057577970329254,2.100711981173342e-07
3240,0.21903229982618977,0.5393384651186952,0.03213247891367187,0.10677379046941292,0.03213725265831115,2.998261897646515e-07
3241,0.47849367574890767,0.7175556488302397,0.029296834294531202,0.08663375950354286,0.02930502357750893,-3.2425109230960203e-07
3242,0.18065918785553503,0.462100039497749,0.021159698800097704,0.07288731027920722,0.02116204009203014,1.878555350443012e-07
3243,0.868571980362718,0.9422264245610351,0.010878700586132816,0.03235688559813156,0.010881569692616331,-1.9637282022699765e-08
3244,0.5387879375169957,0.7412869206400263,0.016653496793261738,0.04863627476037304,0.016656210264804083,-6.24830043260971e-08
3245,0.7513427524650291,0.8685886767573712,0.009241448332451163,0.029456285472175405,0.009241885351173292,-2.4753497085416853e-07
3246,0.7739351141586176,0.9326732242145785,0.009685976761054694,0.03131603152914319,0.009686687364428256,1.1415861755903478e-07
3247,0.6681954033614074,0.8495708272603667,0.027556735694335945,0.07300436474448041,0.027562461114839763,4.033614073861713e-07
3248,0.34412649540801044,0.6121013113124673,0.02148301983095705,0.07915540057163499,0.021483998787388475,4.954080104480063e-07
3249,0.44877819544605047,0.686078493375868,0.02105973338496093,0.06786981577825316,0.021062817556466114,1.9544605045496155e-07
3250,0.4301001871602551,0.6852553267195421,0.026081345512402338,0.07913620923923952,0.026084654567336836,1.871602551273277e-07
3251,0.6706523753574265,0.8386135788557533,0.023703564570019545,0.0653829266993128,0.02371133817574563,3.753574264742099e-07
3252,0.6405238090134919,0.8089790544517633,0.013130926071679677,0.044818900980095354,0.01313242965214054,-1.9098650805293715e-07
3253,0.8893389227938371,0.9442379906661221,0.009668617275566402,0.022530355572134415,0.00966946803587927,-7.72061629072951e-08
3254,0.3466762451979175,0.634019314442066,0.01563223386446288,0.046214609843028324,0.015632718055075927,2.4519791752553033e-07
3255,0.5176131622777302,0.7531248350061774,0.026464416764062488,0.0804744306117468,0.02647286198824595,1.6227773025345726e-07
3256,0.8719149047936707,0.9506967789009493,0.01304140329931641,0.03719021256527973,0.013044494377490976,-9.520632926474093e-08
3257,0.5997318995538639,0.7944277362831219,0.014651629652275379,0.0537890709051325,0.014652321127691024,-1.0044613618642728e-07
3258,0.8508100398477337,0.9396928394420174,0.007322872496943362,0.020558041577970896,0.007323027567910534,3.9847733779296846e-08
3259,0.5977464775704598,0.7797556890064418,0.013937417036249991,0.04925253774232018,0.013938372738757325,4.775704598447561e-07
3260,0.6807867240438936,0.8641154769277198,0.022618233775195305,0.07246915900709688,0.022623127343149273,-2.759561064102911e-07
3261,0.5357665508413121,0.7470596546833795,0.025524049758691363,0.07534009251464852,0.025532395867402927,-4.491586879096232e-07
3262,0.7156994369761176,0.8460350643368456,0.007551356811660152,0.03366622526023556,0.007551514575712728,4.369761176237219e-07
3263,0.4825161779774282,0.8001578781200085,0.0171885190162793,0.05958776905848046,0.017189773371575793,1.779774281840396e-07
3264,0.9298062394800151,0.964947726842744,0.007612728908886718,0.017982942356615884,0.007614604597685135,2.3948001504070504e-07
3265,0.4415531347091989,0.694706595274465,0.015153805086103528,0.05346997997519549,0.01515476854187536,1.3470919890679056e-07
3266,0.7286714910056415,0.8595094193035618,0.012777619289775404,0.03531368230909822,0.012778130390968158,4.910056415896591e-07
3267,0.4975538167919764,0.7088345517144238,0.020883913240917974,0.06882449669792036,0.0208876072894625,-1.8320802358529065e-07
3268,0.4231406623332804,0.6812994799083242,0.019593344965234363,0.06930597555958651,0.019596399726490046,-3.3766671958535e-07
3269,0.5480734681931821,0.7632904539535312,0.01600959468501951,0.0577236529534089,0.016010467461871104,4.681931821126639e-07
3270,0.49680534373853225,0.7119328565398272,0.016906556163740184,0.05206447858435485,0.016908195641737372,3.43738532249116e-07
3271,0.32223373263163,0.5722401684962074,0.01865573729862305,0.060170197398627286,0.018656800577859747,-2.6736836999941005e-07
3272,0.7096882219739306,0.8454472105634022,0.012038494594843772,0.0356016410590585,0.012039110212938643,2.2197393056977432e-07
3273,0.94573542061131,0.9725630666410509,0.00535435092124024,0.01381354816215866,0.00535465863515907,4.2061131000359353e-07
3274,0.9106567215512547,0.954295199928503,0.0074255294923828135,0.028676392034501695,0.007426567326945798,-2.7844874539439957e-07
3275,0.8098966299281574,0.9038557643689813,0.015087867864160156,0.04935147177142097,0.015090532450782802,-3.700718426147276e-07
3276,0.669634574720665,0.8598631976854919,0.015031309771777343,0.05232499200124266,0.015035466133936103,-4.2527933497016335e-07
3277,0.5292279797278712,0.8198524832202101,0.021157788697851555,0.06736081401226594,0.02116083867724479,-2.0272128864462502e-08
3278,0.8303178696087925,0.9150334841820221,0.01167492931689452,0.04298396358963288,0.0116770618099472,-1.3039120749791522e-07
3279,0.5155092701873989,0.7373250785285029,0.023083415625390617,0.07003718943462882,0.02309031954550054,2.7018739889861365e-07
3280,0.10754012464099505,0.35568501208745523,0.022083578479492185,0.0792503860647594,0.022086102737720454,1.246409950528271e-07
3281,0.9136969919807254,0.9634165079785705,0.007031756190097653,0.01898550794068502,0.007032291923387408,-8.01927457771967e-09
3282,0.6788747827256668,0.8433992564567816,0.014691448091015632,0.05913746076202857,0.014693416920722506,-2.1727433319185252e-07
3283,0.8498225436540146,0.9442788683332471,0.009357376952578106,0.024659614465196444,0.009358156727818905,-4.563459854445284e-07
3284,0.5057206091666298,0.737189631102781,0.016028162937060563,0.05405823073858729,0.016029510952890114,-3.9083337022294273e-07
3285,-0.187656066918805,0.35478111522924793,0.02904326208199221,0.08102278141372983,0.02904488335256806,-6.691880499731795e-08
3286,0.8077783224162106,0.9005804297088104,0.008955624644345702,0.027533510727125544,0.008955875127007868,3.224162106185702e-07
3287,0.8932865825535202,0.9588358458672717,0.01321188924453124,0.03974113977806123,0.013215668438046356,-4.1744647982788763e-07
3288,0.4447632055092473,0.6936397926041514,0.013143449056962906,0.04948804227465348,0.01314459579491765,2.0550924728635067e-07
3289,0.8534792257458446,0.9484100521945039,0.01703714146572266,0.048517962273308006,0.017041207719420214,2.2574584457313307e-07
3290,0.9079450084182492,0.9537353961871233,0.009867262155371094,0.029381575118428177,0.009868713514500917,8.418249208830275e-09
3291,0.8519474456017628,0.9279281472546653,0.008070205681347656,0.02141349895005446,0.008071045416318801,4.456017628218234e-07
3292,0.9364415634029359,0.9693712294595987,0.010785220471093756,0.027934516229010952,0.010788068550318825,-4.3659706405740906e-07
3293,0.822124142738146,0.9139683921449083,0.009746347637109359,0.02467195186795968,0.00974764969306382,1.4273814608056767e-07
3294,0.7953163290128678,0.9038672966127509,0.01198346335136718,0.028429268939942864,0.011985976998923693,3.2901286772801797e-07
3295,0.7228994138007516,0.89008335012181,0.01345059653378904,0.04063106816310947,0.013452588363034576,4.1380075166408403e-07
3296,0.5883606003167547,0.8033047053207564,0.01178085286573243,0.04227008295176237,0.011781079120650077,-3.9968324527794863e-07
3297,0.47334924037896997,0.6881301237877296,0.01933150164065428,0.0549157455542501,0.01933340906377247,2.40378969951216e-07
3298,0.6717801111961011,0.8443755373814238,0.0135194088447656,0.04213771583169878,0.01352073086343055,1.1119610110466027e-07
3299,0.5838296137297648,0.803763146320468,0.012329670267089851,0.03630079322840704,0.012330365936841626,-3.862702351309366e-07
3300,0.8883975997778835,0.9503034954479279,0.010449649769238272,0.03627379453108035,0.010452570313547523,-4.002221165588793e-07
3301,0.6028366606099449,0.8016513644420835,0.016403582856835908,0.05123805549843177,0.01640635051301062,-3.39390055059674e-07
3302,0.703901423630643,0.8658678192049719,0.014581633841601544,0.05039382272087596,0.014583762993704681,4.2363064300943165e-07
3303,0.829786809315023,0.915934801227134,0.011903816459374997,0.03528537690186441,0.011905344243628956,-1.9068497703056408e-07
3304,0.7924823803505343,0.8991522016611552,0.018348237666113307,0.05117592732796674,0.018355543936190537,3.8035053429030796e-07
3305,0.8607853621948489,0.932953765878612,0.00889691540977537,0.022444537728956743,0.008897249411094703,3.6219484889077336e-07
3306,0.47569446745437083,0.7266376860458672,0.020970691718134725,0.06415923577461635,0.020972480475465488,-5.325456291505049e-07
3307,0.42777214144211717,0.6726826970965293,0.018305089388828112,0.06634367430081309,0.018306691742251868,1.4144211718525312e-07
3308,0.3823956160734898,0.6911274354283227,0.02430283101500973,0.07268498515642259,0.024303932366175892,-3.839265101945877e-07
3309,0.8565471693445338,0.9317181212542773,0.007727122757333988,0.020994271924476497,0.007727332380620417,1.6934453384020998e-07
3310,0.8400751457642518,0.9177293888895792,0.00907230180879884,0.024285823011519388,0.0090728718569747,1.4576425177992292e-07
3311,0.8798875218596478,0.9482289598373477,0.009914019025878901,0.03323986006902865,0.009916379095346093,-4.781403522002847e-07
3312,0.2819748453066748,0.5488377099925353,0.020242570943476607,0.06583405419973923,0.020243145003036093,-1.5469332514950196e-07
3313,0.7934737009152365,0.8925841796416845,0.00886472631933594,0.02805963538306879,0.008865738262680405,-2.9908476351092617e-07
3314,0.8249400864990679,0.9190729212291426,0.009858278391601574,0.026646255021583135,0.00985944927219068,8.649906790836326e-08
3315,0.6849134488649589,0.8422964451275572,0.01960948627578125,0.058968441236261625,0.019613805847779674,4.488649588685334e-07
3316,0.8949776138644381,0.9481249188361646,0.012284672014746074,0.03528838318850516,0.01228674712100999,-3.861355619694251e-07
3317,0.009538628917445835,0.3791052123565394,0.014795121413378895,0.05719762238860335,0.014796364436423997,-3.7108255416563873e-07
3318,0.8508916639463957,0.928623830689159,0.00939566400029297,0.026864776781040937,0.009396849758694101,-3.360536042773532e-07
3319,0.7174989068870501,0.8743391075583261,0.021854243485839846,0.061969031687062665,0.02185864835978031,-9.31129499059935e-08
3320,0.12081594132923457,0.5485895181910905,0.028798947764941435,0.08317851283305745,0.0288085813026736,-5.867076544041616e-08
3321,0.5249296465025637,0.733904209862171,0.02089337266689459,0.05935893070538647,0.020897386162458006,-3.5349743632284714e-07
3322,0.6778391673908608,0.859326496446127,0.013854959928134777,0.038758916927368874,0.013855800425561006,1.673908608390562e-07
3323,0.5161241721957737,0.766529130529966,0.022700727043066374,0.06312624845290359,0.022707493453756212,1.7219577364002703e-07
3324,0.8256243132442191,0.9087288148149392,0.00967860681132812,0.02525196297018674,0.00967978847441007,3.132442191189355e-07
3325,0.8495834758752656,0.9252112670715635,0.008643779738671881,0.03211914058554039,0.008644778179430403,-5.241247343912292e-07
3326,0.7979084368734476,0.8986758186376154,0.012224873863378912,0.031285249020677454,0.012226542360927505,4.3687344764009595e-07
3327,0.9636441373904607,0.9833663489880946,0.005206398001582043,0.010330293887607688,0.0052066036483162555,1.3739046078597994e-07
3328,0.8139085171039262,0.9032207303931736,0.012003123507910158,0.0347662856796925,0.012004576831200106,-4.82896073794592e-07
3329,0.8856493765890111,0.9438379986287596,0.006902623589355472,0.018236645481471036,0.006902762324869196,3.765890110862813e-07
3330,0.2679031891127759,0.5819654563668984,0.02348377032731447,0.08031366872694233,0.023484713339774175,1.8911277588351538e-07
3331,0.8536109232746247,0.9311420096441542,0.016799434294238264,0.048527806144585565,0.016805620898723412,-7.672537527536605e-08
3332,0.9122636594089558,0.956617061657281,0.006830136501943363,0.016289367133673457,0.006830302300906324,-3.405910441456328e-07
3333,0.7828205579897192,0.8883240612288736,0.012121919572460907,0.03264566781514589,0.012124555638787391,-4.420102808211368e-07
3334,0.7386795741094989,0.8822495602665057,0.012684359940527325,0.027032813689262716,0.012685775362256256,-4.2589050108787774e-07
3335,0.7736147782764593,0.9001715155327046,0.01630958979384767,0.04344349411609011,0.016312013956496976,-2.2172354074978529e-07
3336,0.41421587220830525,0.7321238678201444,0.01532209282763671,0.05167127952455975,0.01532605651980851,-1.2779169472620922e-07
3337,0.5277746068596947,0.7921245712757738,0.018039275711132792,0.050123625329731955,0.018042925094813977,-3.931403053103466e-07
3338,0.7692896274618533,0.8803054665910443,0.01500130610839844,0.053268251635264614,0.01500383669900722,-3.72538146775625e-07
3339,0.5165246842184306,0.7401335213875276,0.018333207414453146,0.06290421711041291,0.01833936859135314,-3.157815694487809e-07
3340,0.6310180189050758,0.7958955393666387,0.013182482339179681,0.04175481656381356,0.013183762295289128,1.890507583812706e-08
3341,0.8455358792311035,0.920819658122568,0.01086042426181641,0.03491860632901397,0.010862918454157286,-1.207688964388609e-07
3342,0.8867355041372145,0.9478537417638168,0.00721396528110351,0.01956030522870981,0.0072142822848192435,5.041372144187761e-07
3343,0.8284724109700641,0.9112351622743251,0.01027717322714841,0.026200382344038986,0.0102782811477412,4.1097006409085424e-07
3344,0.522638170223064,0.8152222282854498,0.020768128161328118,0.06775040591689654,0.02077112566739853,1.702230639777369e-07
3345,0.7829203751257586,0.8910617433495329,0.010575178953476571,0.03343799638435479,0.010575924227540646,3.75125758678152e-07
3346,0.4270673915320474,0.6785888363021934,0.02482852051318358,0.07218003883130207,0.024834698929318732,-6.084679525786285e-07
3347,0.8509572793019999,0.9335171957986782,0.010800094045507807,0.036897115535478156,0.010801819099258503,2.7930199997250327e-07
3348,0.9112700156015257,0.9598624288595615,0.00924493855429687,0.032204861788128626,0.009246604065566405,1.5601525626962598e-08
3349,0.29774266900066537,0.6360373407920424,0.019693320531123035,0.0640024172387275,0.019694923718987328,-3.3099933460789543e-07
3350,0.6798229551695941,0.8261744443613477,0.019150185824023447,0.06528650521210863,0.019157054996053257,-4.483040583203035e-08
3351,0.5721291932868013,0.7794955810570039,0.01661027359736329,0.05294243837664731,0.016610880153120282,1.932868013421185e-07
3352,0.6796876231007726,0.8289183182998989,0.012217574164072275,0.03910641916735956,0.01221787733359328,-3.76899227383376e-07
3353,0.39431519357244516,0.7047720477129817,0.0303593543510742,0.08591948467841465,0.030363440842087027,1.9357244512852034e-07
3354,0.8587442355178143,0.9288004061511566,0.013331469587011742,0.03786944760247303,0.013333675640979807,2.3551781436204067e-07
3355,0.8311897051636135,0.9122375030908626,0.00976182586841796,0.024466108130616036,0.009762292492039002,-2.948363865273862e-07
3356,0.8854111461117253,0.9421231421076295,0.008123704683300792,0.030728649019648644,0.008124799151432563,1.461117253853672e-07
3357,0.6639708753561848,0.8208394962772404,0.019475490536035197,0.06709396667147227,0.019483148868931908,-1.2464381515808753e-07
3358,0.8265156943346974,0.9501119251504909,0.017737163105273415,0.05067644200706267,0.017740775162578066,-3.0566530262454705e-07
3359,0.5182611038052732,0.750621549677494,0.02526953175732425,0.081034380879763,0.02527400436392431,1.0380527326603328e-07
3360,0.9085423065905245,0.9563649233923324,0.006810172088076173,0.01655020727537664,0.006810398234364254,3.065905245236422e-07
3361,0.5811211948299086,0.7673168136110525,0.010175599380703117,0.04316093213260336,0.010175788936418762,1.948299086507177e-07
3362,0.6530271955253308,0.8111298127287777,0.014338949639169927,0.04679540219376058,0.014339781882683568,1.9552533081501622e-07
3363,0.9280832503240863,0.9643455973012011,0.009530100320507802,0.027435206074099706,0.009532498080272173,2.5032408634828585e-07
3364,0.3106230835891034,0.6748546538337351,0.01636599262119142,0.051175671886620915,0.016368559908685753,8.358910341677017e-08
3365,0.447736425554934,0.784216482289843,0.020658896521289053,0.07205864300584629,0.020660989591103976,4.2555493395823873e-07
3366,0.7914350943754471,0.8937085200604992,0.015310289363867186,0.052473975633771576,0.015314731107582101,9.437544712387336e-08
3367,0.5431502113435296,0.773768728903796,0.02625853323691412,0.0814414908061573,0.0262629422990617,2.113435295658661e-07
3368,0.295667721965582,0.5919984204186114,0.023091179954687475,0.07404619350252988,0.023096439143220446,-2.780344179886818e-07
3369,0.800884736160945,0.9422309321997598,0.01924531600224611,0.055388691162751844,0.019255645040261594,-2.6383905493698734e-07
3370,0.7270669153272213,0.873455741384716,0.019720850618261673,0.06386520096590217,0.0197244594980764,-8.467277867740819e-08
3371,0.6825041817808484,0.8408396900453257,0.018911265898242192,0.06450927154727752,0.018917742383563654,1.8178084837394692e-07
3372,0.5144510660955539,0.7200733528206766,0.01581083647465821,0.05508060422643637,0.01581131726661667,6.609555391889899e-08
3373,0.6109813543378049,0.7883348095108097,0.020127883917285122,0.06934384263992087,0.020131388032988334,3.543378048753709e-07
3374,0.8903313029590579,0.9456244696136465,0.009021491479150375,0.022509307654356582,0.009022092926419466,3.0295905795174605e-07
3375,0.9497044509031121,0.9801607050524609,0.006134592460312512,0.015303387744435838,0.006135165457035251,4.509031120703e-07
3376,0.8253976028457832,0.9247448525079083,0.009390955996093762,0.025560587364707232,0.009391630188260355,-3.9715421673580664e-07
3377,0.8837243869114823,0.9491760498862549,0.011433095009082034,0.03848490282538735,0.011435228671807175,3.86911482297414e-07
3378,0.48201362825106053,0.7495925853577294,0.010164153460058587,0.03916330564068228,0.010164421919721004,-3.7174893946501086e-07
3379,0.924890848236468,0.9673840981495287,0.008299108321582037,0.02253519713377372,0.008300206248794028,-1.5176353196366676e-07
3380,0.8443354353412061,0.9192653313731813,0.013302346965039069,0.042833002466221466,0.013305847805448261,4.3534120619526107e-07
3381,0.6748353761042718,0.8217169694381097,0.013770982488417962,0.03675190179068599,0.013771532102965278,3.761042718375407e-07
3382,0.8356164950941019,0.9173538262626035,0.01029694108289064,0.028885012752863353,0.010297765669062197,4.950941018266874e-07
3383,0.8431949025781964,0.9248592506928138,0.00881239436277343,0.022035701650695256,0.008812552245463193,-9.742180362426467e-08
3384,0.4148558453327372,0.6652666194001685,0.019599911761738247,0.06438418804136345,0.01960179821802084,-1.5466726277502119e-07
3385,0.9076916373168434,0.9546445720080678,0.007582853076523436,0.01787808942558912,0.007583212253021004,-3.626831566183597e-07
3386,0.7880198503546265,0.8877733402846674,0.009574742165820301,0.02716113708377028,0.009576148340849279,-1.4964537353723273e-07
3387,0.5726960344142177,0.7612432711902708,0.019864657806249963,0.05637847365683868,0.019869211056511803,3.441421769778685e-08
3388,-0.09296425964375055,0.47518536007585815,0.023873137220019554,0.06525646259366545,0.023875968919483792,-2.596437505414384e-07
3389,0.26353161538624903,0.554054512838032,0.017856377091796875,0.057614373654486094,0.017858772265686218,-3.846137509588843e-07
3390,0.35079115886109635,0.601237378951354,0.016265689260742202,0.0613549471334248,0.016267499094847,1.588610963332293e-07
3391,0.5687056061459201,0.798681860909179,0.024665213440527307,0.08129833723189012,0.024669329439202383,-3.938540799053314e-07
3392,0.49327722679267694,0.7077980625958494,0.021146337141796916,0.06807780056271127,0.02115193630469923,2.2679267691616545e-07
3393,0.9339915769969953,0.9683178969740324,0.006991372200976564,0.016699175904160424,0.006991786633675682,-4.230030047347455e-07
3394,0.7396669307699311,0.8694513109502893,0.017059841586816428,0.05470936549625704,0.017062971277008055,-6.923006889980599e-08
3395,0.3068822866442398,0.6353466168026941,0.020917438861308583,0.06532718433292516,0.020918728707192046,2.8664423978863596e-07
3396,0.4591966218416972,0.7851953607255954,0.021446526047851557,0.07225592596003892,0.021450722038605034,-3.781583028383828e-07
3397,0.900258146513468,0.9550755040106064,0.007309566762314454,0.017150314569467837,0.0073097988774487145,1.465134680245228e-07
3398,0.5975653510973584,0.7779684070795555,0.018836285048339826,0.06373723683753237,0.01883875885430715,3.510973584086585e-07
3399,0.6472134868339072,0.8072942294836039,0.011747191168281235,0.04452248135149794,0.011747774997572766,4.868339071872896e-07
3400,0.144361684883192,0.6547954399883366,0.012538035491064458,0.04955917010773334,0.012538246818324663,-3.1511680798068653e-07
3401,0.756258881965611,0.8706354794206248,0.01104266617426757,0.03458980180154923,0.011043473007202868,-1.1803438904056662e-07
3402,0.6400231029721075,0.8229969740296025,0.01335593347368167,0.04987747077633933,0.013356988013896011,1.0297210750742636e-07
3403,0.5863635201060584,0.798608857390809,0.01411345608372072,0.04920078364449345,0.014114397917027845,-4.798939415850967e-07
3404,0.9527146920981149,0.9794772819250497,0.005550556247548826,0.011460071577948887,0.005550639309424695,-3.079018850993265e-07
3405,0.3609132107462337,0.6594447699131203,0.02908275693241211,0.09164726179759294,0.029084742575709106,2.1074623374195411e-07
3406,-0.11695857216212224,0.3278488110238153,0.020149292648339857,0.06308677013191555,0.020152162344470738,4.278378777505809e-07
3407,0.4414212201189476,0.6741823689316488,0.01807401014902337,0.0608331605231075,0.01807653801909896,2.2011894756923667e-07
3408,0.547527156976225,0.8531845777148751,0.015985040369335905,0.03922754847354357,0.015987156168735753,1.5697622501864572e-07
3409,0.8208710298789684,0.9155354394591657,0.00886251387724609,0.02460279847722211,0.008862817271068106,2.987896841055715e-08
3410,0.23978038447350647,0.5343667668025845,0.019789930840624977,0.08036584098522907,0.019792809215843032,3.844735064761906e-07
3411,0.71042108120412,0.8489314753650032,0.015244861473242183,0.03919267692295896,0.01524680305603183,8.120411998380206e-08
3412,0.8130461459955931,0.9059810656689199,0.012591640802832024,0.0433622849112816,0.0125936174957748,1.4599559305938925e-07
3413,0.9313744948187382,0.9692199775917026,0.008244776560156255,0.019848616302859574,0.008245918676789829,4.948187382058933e-07
3414,0.9310334004963042,0.9728091780351864,0.005225448069843749,0.014245880803365637,0.005225643011567936,4.004963042314458e-07
3415,0.6477198846015484,0.8768877733825335,0.01956791318515624,0.05733140990181327,0.01957196601283161,-1.1539845157226836e-07
3416,0.6270992198506309,0.8338548631950624,0.025057288753125042,0.07412890784917592,0.02506065658960641,2.1985063092255785e-07
3417,0.6404462602480527,0.807583508343288,0.018530611184863266,0.06907802904837414,0.018536226326832002,2.60248052774692e-07
3418,0.7105484026523122,0.8515687906667696,0.015762739586914085,0.04729320331225437,0.01576569397233435,4.0265231227021303e-07
3419,0.649756988784735,0.9035578177425729,0.017574806773564454,0.05719974353776839,0.017575589237918545,-1.1215265049990819e-08
3420,0.8568193388659894,0.9257732202063647,0.009429201465429698,0.023648821206041438,0.009430501263874496,3.3886598937993284e-07
3421,0.6702314761300009,0.8208438430004522,0.01476877948066405,0.059097692243749556,0.014770738352351155,4.761300008704339e-07
3422,0.6930150453499784,0.8339779588839749,0.012700453244101562,0.03823986700599792,0.012701706380227124,4.534997832816856e-08
3423,0.627857886009753,0.8210841134969307,0.013259791102832041,0.04999610803621452,0.013261700373920835,-1.1399024701930216e-07
3424,0.7768749570761956,0.8816826295080216,0.009667310433818358,0.028382862510995165,0.009667727801325491,-4.292380439974153e-08
3425,0.7351392850512164,0.8629785697843374,0.01403376479179689,0.05421298084898749,0.014036050311344792,2.850512164087604e-07
3426,0.6821305239605228,0.8660200701800328,0.018837725141210942,0.06763419188063399,0.018841063841783322,-4.7603947728180884e-07
3427,0.5632628023678635,0.7617524072425754,0.015705428385654276,0.04164102740983708,0.01570607463910975,-1.9763213643386734e-07
3428,0.7301152743031095,0.85715115328585,0.022913021270410155,0.06571334139429641,0.022921908268452335,2.7430310955978143e-07
3429,0.6956426087504608,0.8351149368037163,0.014327383319335946,0.03813952020962288,0.014330699451787507,-3.912495392111026e-07
3430,0.6175205330600417,0.7948901641326348,0.015386615176855457,0.04547216490363113,0.015389990041615686,-4.6693995825464185e-07
3431,0.8308489290213126,0.9165582438719331,0.00974198122880859,0.023541857297647812,0.009743180808255383,-7.097868737204749e-08
3432,0.7829085563762062,0.9029854470324253,0.008791307865527348,0.026021852315728265,0.008791635436676654,-4.43623793811021e-07
3433,0.23644848899432003,0.5302802444258413,0.014937589676425791,0.05849372834452726,0.014938604675289485,4.88994320035907e-07
3434,0.5372977848383578,0.7432974161793238,0.018493264091406225,0.060746458317305047,0.018498170940277465,-2.1516164228074786e-07
3435,0.86485019611615,0.9328585174002281,0.01633788711962891,0.04400593716683601,0.016344147158443068,1.961161499863806e-07
3436,0.6872772341296136,0.8419349361513916,0.009246971319433589,0.03293423933923401,0.00924871917197861,2.3412961358548756e-07
3437,0.8020914752214572,0.9047403500298217,0.008546724172939444,0.027090293937346483,0.008547028131157283,4.7522145718570385e-07
3438,0.8413680288275359,0.9515901679851265,0.019324582542675772,0.05365168193640719,0.0193351071519454,2.882753591393339e-08
3439,0.8548244854312804,0.9332719006819924,0.007414781746015632,0.022783437669796305,0.007415001572338644,4.854312803947991e-07
3440,0.5306649147176832,0.757212137950231,0.01929605012343746,0.05592325803967511,0.01929957347287024,-8.528231687510157e-08
3441,0.6429906972286058,0.8024643899045176,0.020194220191992195,0.05834119931342432,0.02019869584729621,-3.027713941783361e-07
3442,0.46846672804691036,0.70094338539334,0.016033435759052722,0.05965999102120674,0.01603493197438617,-2.719530896588829e-07
3443,0.8013488155013602,0.8970236153527534,0.011164996349453131,0.033216561773673596,0.011165702455524203,-1.8449863981029324e-07
3444,0.28718821567484887,0.6838392674526387,0.022625357197167982,0.07567911314143445,0.022627724989464148,2.1567484886908517e-07
3445,0.4728042652816353,0.6952629972554571,0.013527205096103494,0.053206802643861746,0.013527610636149195,2.65281635325465e-07
3446,0.4871930859942638,0.7115757928775451,0.017258608746679678,0.06569296603973905,0.01726298227662941,8.599426382094322e-08
3447,0.8390348125347015,0.9430166034280114,0.018237969750000024,0.05026321229573896,0.018242224557334662,-1.8746529850677263e-07
3448,0.2246558061120456,0.510613646737824,0.016834708877646477,0.0631651035800466,0.01683627818494738,-1.9388795438612938e-07
3449,0.6003509277699983,0.775193505695858,0.015659602348632798,0.05200383935227167,0.015660899370537072,-7.22300016464672e-08
3450,0.5113723374854262,0.7277070654538569,0.01745700749660155,0.06365477554738723,0.017458557340922325,3.3748542616063304e-07
3451,0.810174252735696,0.9019821956986754,0.009239644942041025,0.02499075971032297,0.009240242400683447,2.5273569603800894e-07
3452,0.6566884571306933,0.8170023922361236,0.0187825946574219,0.06394681111513731,0.018788505509982237,4.5713069329877953e-07
3453,0.4023519426511005,0.6604770529288239,0.016612716265849595,0.059314618130269024,0.016614131321319666,-5.734889946262811e-08
3454,0.8556195103375711,0.9266849960713586,0.012204910392773423,0.03527247808085289,0.012208129781586741,-4.896624289374429e-07
3455,0.6663928815823216,0.8370413198879919,0.013872246843457014,0.04597702950246231,0.013875629356965189,-1.1841767844078532e-07
3456,0.6820928019805352,0.8716825441919737,0.02624184378076171,0.07308326279801426,0.02625435462397172,-1.9801946471442733e-07
3457,0.4901594789452367,0.7114476502047606,0.016014917559658223,0.06232280743721567,0.016016206561580124,-5.210547632805707e-07
3458,0.7518277746365358,0.877843849431146,0.012883299418652336,0.03468391766948372,0.01288410090468443,-2.2536346422352693e-07
3459,0.3897937801368617,0.668572378614924,0.024169608122753945,0.07451257442321906,0.024175534786535058,-2.1986313825106407e-07
3460,0.3748412890094345,0.6358015999830585,0.029247646224414087,0.09236030023453279,0.02925787380573516,2.8900943449539085e-07
3461,0.049861899312125035,0.3853543885646401,0.027605975905937535,0.07801591802765884,0.027608693592263023,-1.006878749612583e-07
3462,0.8616032723864506,0.9515012854670954,0.014263695202832044,0.04298070195775983,0.014266382214576715,2.7238645061711253e-07
3463,0.7076978433127288,0.8473297236224853,0.012039517106298843,0.036717931612976894,0.012039848941511857,-1.5668727126882942e-07
3464,0.8126745425578377,0.912533247813578,0.01657477930292969,0.04668145380569121,0.016578406479220553,-4.5744216237153523e-07
3465,0.8496785086857621,0.9228659434610075,0.007541777667646486,0.022521268339609272,0.007542056960725463,-4.913142378493163e-07
3466,0.73647769268953,0.8611460452966964,0.016563321684960892,0.048259406068187904,0.0165682028183409,-3.0731046996024247e-07
3467,0.6529077449795075,0.8290430907974105,0.022530586140527338,0.07787832162116325,0.022536020467488458,-2.5502049250114567e-07
3468,0.8410360700215813,0.9361181991377414,0.015530535784082023,0.0412905109105554,0.015533450468301135,7.002158131097502e-08
3469,0.7546690250319219,0.8748047430862722,0.01106390823950195,0.02870065885012148,0.011064448933673105,2.5031921868645668e-08
3470,0.38383270632483035,0.763650428465587,0.015481619584882806,0.045042034248379104,0.015482141524101793,-2.936751696269724e-07
3471,0.8447969507874155,0.9206951627157867,0.009078085112988285,0.023660863730034943,0.009079336159257337,-4.921258456302979e-08
3472,0.830114514984881,0.9168559943869141,0.015667015441601595,0.048579163774645294,0.015670540404301218,-4.850151190671781e-07
3473,0.6432949317893226,0.8142591194248255,0.020335651651464816,0.06657029598660205,0.02033932630466603,-6.82106773286506e-08
3474,-0.6553680126627612,0.31071926776831865,0.018786915989697256,0.06913464731561633,0.018787568684863424,-1.266276128397692e-08
3475,0.3875665350356311,0.6406768103127339,0.021086569379394536,0.06875257211333607,0.021091659678506333,-4.6496436889587045e-07
3476,0.49795291298354993,0.7307002531560816,0.02870943152949216,0.09246053686587766,0.028719532677366842,-8.701645004549619e-08
3477,0.6584110588187623,0.8489652093243099,0.02433446134335938,0.06530489158629059,0.02433923490744661,5.881876230517946e-08
3478,0.6496842928722663,0.8490413222638612,0.026568454906542992,0.07785926066955234,0.02657988057919456,2.928722662165484e-07
3479,0.3836324341338233,0.6420022917752943,0.018639282412470717,0.06835906232645667,0.01864079084166952,4.3413382333490347e-07
3480,0.6516673873821983,0.8079071681838799,0.010727637816259768,0.03952747829726358,0.010727993933413027,3.8738219831913057e-07
3481,0.8112769215554274,0.946796216105608,0.012317732153906248,0.040022275502675564,0.012320307123967802,-7.844457261541038e-08
3482,0.8135207324536887,0.902171662907616,0.013399291942529314,0.034811756468805626,0.013400514944411863,-2.6754631132774875e-07
3483,0.7662351139937978,0.8852872881195646,0.017560285413867147,0.052678024092573245,0.017566075835380862,1.1399379784560182e-07
3484,0.39627898628742186,0.6441150013592264,0.027025364327050827,0.0826633642522844,0.027036678154872207,-1.3712578128544095e-08
3485,0.3486348925899079,0.6031746811415869,0.023756302528515603,0.06793591479426876,0.02376122401263616,-1.0741009209835894e-07
3486,0.6873774572389731,0.877265523355531,0.02673787651904293,0.06891344117184502,0.026748349656136847,4.572389731283266e-07
3487,0.5963789025729302,0.7743980010601672,0.011931020577578106,0.037466171061918005,0.011931355582720063,-9.742706974513737e-08
3488,0.7461730477599284,0.8746215333127478,0.01173974602343751,0.03718776008699518,0.011742182243266393,4.7759928456514444e-08
3489,0.8422170429976854,0.9384912371636923,0.015572855765820305,0.04520373959599493,0.015577424188166817,4.2997685412160536e-08
3490,0.6542824596664445,0.8090346817777015,0.016026829236621087,0.0420230433805099,0.01602937589730502,4.5966644446338023e-07
3491,0.7052543233429459,0.844259404006547,0.010131009648369145,0.028473415071086337,0.01013136192423228,3.233429458626702e-07
3492,0.6898124095497651,0.8498157890101998,0.010224817894228523,0.03279786748009693,0.010225359653415651,4.095497651013247e-07
3493,0.8268424073722439,0.9093744272602506,0.010365568897753903,0.04226982108208339,0.010368126735355768,4.0737224393794236e-07
3494,0.46508466885966504,0.7079180533408068,0.019226329663476538,0.06199636311940538,0.01922887328383206,-3.311403349859354e-07
3495,0.6694102952894951,0.8401192674213355,0.013823806093066384,0.042317062845539856,0.01382673416950007,2.952894951890883e-07
3496,0.516000125869474,0.7308055918713,0.024234255150488278,0.06748849310248729,0.024241611248028202,1.25869473954765e-07
3497,0.8328992698591139,0.9232050097100217,0.015517702358398434,0.042774319783232644,0.015521368210663796,2.6985911394383777e-07
3498,0.8592720377068506,0.9290133310741614,0.010991387103515621,0.028245654122321613,0.01099278177862616,3.7706850530838665e-08
3499,0.9576486079345699,0.9798350825698239,0.004800252492890631,0.010780227833361342,0.004800366877232673,-3.92065430121491e-07
3500,0.8351769974212693,0.9144716250735387,0.010676520479882805,0.025738202865664042,0.010678489447041533,-2.5787306734414983e-09
3501,0.3518738858955951,0.6537672014716162,0.024573746649209006,0.0819261920749871,0.024575259862725216,-1.1410440492465312e-07
3502,0.7275460700863172,0.8635699477965888,0.009532142208779276,0.030585166598412743,0.009532440531939213,7.008631719429559e-08
3503,0.28853694806188135,0.5586172565179179,0.015999446436943354,0.05996573135120123,0.016000361603065814,-5.1938118639238695e-08
3504,0.650738020960316,0.8107640388657482,0.015954983351367184,0.05115384944109395,0.01595829896884402,2.0960315927354145e-08
3505,0.22513764306998407,0.6481271233609303,0.01896455008564455,0.06043335873860154,0.018966630607429074,-3.5693001593228857e-07
3506,0.461564477999747,0.7432672234213528,0.020349761533496134,0.06870714256596573,0.020353446704132246,-5.220002530226253e-07
3507,0.5873938687229294,0.848703097532282,0.014078528431738273,0.05531893956452551,0.01408171873383225,-1.312770705474975e-07
3508,0.8164150527913641,0.9097992618760925,0.009636742720253909,0.02506122787365446,0.009636955400631883,5.2791364058002443e-08
3509,0.44690027659058795,0.7262719221966596,0.034988577055175836,0.10367768226183657,0.03500217706356844,2.765905879331676e-07
3510,0.905780174105151,0.9520878719506328,0.008085075084960943,0.019336552678798746,0.008086339941359596,1.7410515096294432e-07
3511,0.7741025810083212,0.9089858174516736,0.016125167914160157,0.054261580104065836,0.016128289212294436,-4.189916787966652e-07
3512,0.7902583927505744,0.8893028164655904,0.010634861778242185,0.0315083414847116,0.010635678638032667,3.9275057439613903e-07
3513,0.7441260978224333,0.8965856222904962,0.009603722637675787,0.035515652429074236,0.009604307247343909,9.782243337586038e-08
3514,0.7342535279359298,0.8664663336384721,0.01750737901855469,0.04954202990351606,0.017512332667300658,-4.7206407016719965e-07
3515,0.8162278018867911,0.9056766763105892,0.012295088526269562,0.03531902925314408,0.01229770294658933,-1.981132088380022e-07
3516,0.11726015625011532,0.48711157976720004,0.01985652133237305,0.0634470639212955,0.01985742268878786,1.5625011531850141e-07
3517,0.47988651225503176,0.7635014490401419,0.021496364050781234,0.07127185196646577,0.021500387695685727,-4.877449682472168e-07
3518,0.7177430445848805,0.8478528923115428,0.00966214057053712,0.03528553790137454,0.009662340858978448,4.458488045422371e-08
3519,0.5215112917014043,0.7254685146426553,0.016396982010517588,0.05620333905616337,0.016397849077451537,2.9170140436463043e-07
3520,0.6169198769654094,0.8149851990081752,0.024376501975976593,0.07131856418108941,0.024381308594925707,-1.2303459062668054e-07
3521,0.8876953103343819,0.9424617007812816,0.007475634550117177,0.018764688077488708,0.00747632280521769,3.1033438185890105e-07
3522,0.8692750185767536,0.94244897905817,0.011589826105761742,0.03066594782625554,0.011591492348012291,1.8576753579857552e-08
3523,0.5720811832195494,0.8271597752993148,0.012777255709179683,0.04511967942916597,0.012778964275871812,1.8321954942113194e-07
3524,0.2983467629934914,0.6016287248806412,0.01921634513933594,0.06453269862085034,0.01921812492527292,-2.370065085854911e-07
3525,0.44378229157170856,0.6770002829002629,0.021983671455527366,0.07363902354238105,0.02198584511908383,2.9157170855498293e-07
3526,0.9157260646590243,0.9590138699115585,0.006263919692148443,0.015637099165110347,0.006264067912586031,6.465902424590553e-08
3527,0.8757984715772736,0.9393305542077118,0.01079139136015625,0.031617877420951825,0.01079421500698629,4.715772736751944e-07
3528,0.7447742382151414,0.8804639984423834,0.011154289359375,0.033710965707425634,0.011154851257789273,2.3821514139044098e-07
3529,0.8771890608873262,0.9536974983272192,0.011232581905761723,0.0348157567578228,0.011234478553122079,6.088732618092507e-08
3530,0.3687641158678088,0.6528168656679973,0.028403327720312493,0.08556982409172952,0.028412592532580626,1.1586780879202507e-07
3531,0.5678848675755506,0.7635882506563698,0.010648530327714852,0.03909310029546607,0.010649497803067747,-1.3242444940608777e-07
3532,0.719965994841371,0.8900998094927084,0.017129229121386688,0.052190239176645566,0.017135416420386303,-5.158628968437995e-09
3533,0.928845462948485,0.97977972405952,0.009660992524804683,0.03204422456581508,0.009662947614501103,4.62948484991621e-07
3534,0.7085800942467858,0.8459949483731449,0.018849207323437506,0.05547388937319724,0.018854922484243516,9.42467858200402e-08
3535,0.7485509957021749,0.8673048024819943,0.012495179364892599,0.03143380303121931,0.012495797875148092,-4.297825095811447e-09
3536,0.8374412802891985,0.9264064371548228,0.008393274597675774,0.02252048341117308,0.00839361085101444,2.802891985176359e-07
3537,0.590749889814072,0.8153568207349771,0.019807420678222637,0.05828156666687927,0.019810358808006457,-1.1018592804834526e-07
3538,-0.04296232643976072,0.27067486455234513,0.015144823062773432,0.060950505927167185,0.015145536513565922,-3.2643976072277425e-07
3539,0.38654949297961894,0.6448064377892341,0.016372418915341795,0.06106829524267378,0.016373680469762526,4.929796189601099e-07
3540,0.6495746948680764,0.8172813376483632,0.01329671103017581,0.050998854038435584,0.01329954253470035,-3.051319236169192e-07
3541,0.9139651426109523,0.9659727875111469,0.012501509283984368,0.030534574668487188,0.012504820196482129,1.4261095226952847e-07
3542,0.8918003245465302,0.9546128908229392,0.008817170702929682,0.022181211156922547,0.00881971754277747,3.2454653020597135e-07
3543,0.8112379079661497,0.9042355398254364,0.010041407733515617,0.025217880873191552,0.010041926596850298,-9.203385031852918e-08
3544,0.6825978276079324,0.8308613343348765,0.022592276544628895,0.0655872392478266,0.022600424176087725,-1.723920676210966e-07
3545,0.7988775155346692,0.8955142839799685,0.012759756855468752,0.04097939513623612,0.012761418642299785,-4.844653307412017e-07
3546,0.6096618433569831,0.7852792658866423,0.01984685270097654,0.06680930336578303,0.019849599681121526,-1.5664301689088944e-07
3547,0.719706082791222,0.864364547373976,0.01603812784287106,0.05289676752767358,0.016041358193835245,8.279122198917577e-08
3548,0.7883329810346411,0.8957518496563343,0.01472355812890626,0.0444044048295826,0.014727667871370864,-1.896535883894046e-08
3549,0.4666235817526372,0.7291835396702816,0.022064620616015596,0.06567146718464517,0.022070975615758225,-4.1824736279894026e-07
3550,0.8726295036911111,0.9378976262244573,0.013096470291308587,0.03808894870486891,0.013100405383217354,-4.963088888754186e-07
3551,0.789864275776126,0.899313222605922,0.010818008929423813,0.031957561474621435,0.010818721712681624,2.757761259353231e-07
3552,0.874009155888302,0.9377541948942186,0.006776841386904282,0.021170494751642035,0.006777031487991374,1.5588830193369319e-07
3553,0.6729033215857625,0.8398157471895819,0.02145956477451171,0.06214495533584365,0.021468880059309692,3.2158576246388293e-07
3554,0.5046542592344119,0.7435107669888795,0.0201934913977539,0.06147796745324889,0.020195590472899556,2.5923441182573725e-07
3555,0.8608872879463223,0.9362524282383234,0.012928888697363283,0.04652272134838774,0.012931530787558305,2.8794632234152573e-07
3556,0.9005403868539391,0.9518277673565961,0.00616480278260742,0.018285150060033294,0.0061650705793403265,3.868539391049808e-07
3557,0.5535360819984219,0.7836343181659853,0.0283286364850586,0.07659372632929339,0.028332710513501842,8.199842183032047e-08
3558,0.9143352875893336,0.9592899617361774,0.0098481515536133,0.025883908423349814,0.009849463897167905,2.875893335696489e-07
3559,0.7420732087475772,0.8778994080566851,0.013228915991992184,0.02851457758235626,0.013230290691961676,2.0874757722388892e-07
3560,0.47488216361893754,0.7247228299865128,0.020802732863085916,0.07614020861880748,0.020807664566734003,1.6361893750982404e-07
3561,0.5513429077749192,0.7533802773742606,0.021969042837402333,0.07130432597234579,0.021977975339326102,-9.222508079442804e-08
3562,0.9322448117366469,0.9684745428187796,0.006208089425253903,0.014483090752684436,0.006208359993404949,-1.8826335312915887e-07
3563,0.6974431531192564,0.8401645211907625,0.01194044569179686,0.043370251431817226,0.01194241695013135,1.5311925638528123e-07
3564,0.9274043892193171,0.963776651565474,0.00928519229013673,0.02694871946050716,0.009286704183222496,3.8921931710955704e-07
3565,0.41277353133998296,0.6639070807430184,0.02705728655117188,0.08627710619115166,0.027064762902330685,5.313399829565135e-07
3566,0.7234214210858767,0.9149256463886876,0.019671118305078103,0.06080130787529903,0.019675267671465508,4.210858767228487e-07
3567,0.5304153965350216,0.7480591418249418,0.016460730857998044,0.046788959791100024,0.016462144869651463,3.9653502159620047e-07
3568,0.37740800402917285,0.6777617406032302,0.03152177681826166,0.08894383594561292,0.03153247760733779,4.029172828712291e-09
3569,0.5441368948876659,0.7377924905108052,0.013898407206191411,0.051199597947858784,0.01389961111100007,-1.0511233405896547e-07
3570,0.7795008786031854,0.8835229721687508,0.010924352357568352,0.03303071529568361,0.010925280521111686,-1.2139681460077156e-07
3571,0.37929754290987105,0.6173821530637379,0.016895523501005868,0.05721059886931806,0.01689656105630306,5.429098710596492e-07
3572,0.7098760873463206,0.8531648494355749,0.011577049239833978,0.03584017991805611,0.011577903816376788,8.734632062079584e-08
3573,0.562002347874099,0.7511987465501475,0.02624158466025397,0.06298017924650985,0.026249026836840803,3.4787409897152344e-07
3574,0.485429372100173,0.7083941028851741,0.026569781828124923,0.07770445862340784,0.026577653592250346,3.721001730072615e-07
3575,0.26578289801807464,0.6390847173577433,0.017130995683222665,0.05210933457966868,0.01713184158982992,-1.0198192534893735e-07
3576,0.21923113441989428,0.5640159549786905,0.021103703524882785,0.05900174225738902,0.021105063818214136,1.3441989427098733e-07
3577,0.5551030506230101,0.7545545765671425,0.018913999737597657,0.052703968621001705,0.018917017898619135,5.062301011715675e-08
3578,0.4914075734112503,0.7360910135141366,0.014946621017285184,0.053125498919095286,0.014948552027885344,-4.265887497134635e-07
3579,0.5616681082246993,0.757520127979717,0.019507191316406228,0.06378822957533273,0.01950943706721647,1.0822469931337508e-07
3580,0.8593934786601847,0.9288116637605635,0.01475385308769531,0.041876326885506215,0.014758853180528927,4.786601847106553e-07
3581,0.7460172268278702,0.865094062034222,0.01099395455283201,0.03269698703364125,0.010995476877705275,2.268278701533788e-07
3582,0.4973791907943922,0.7148817629689841,0.01971177536035159,0.06159161237503296,0.019716744664178002,1.9079439217417615e-07
3583,0.8761763119921018,0.9425433704755843,0.010293009773828124,0.03582218933268007,0.01029477475222022,3.119921018202021e-07
3584,0.5334143371853168,0.7909404104014759,0.012791008209257817,0.042082740054265676,0.012791267471748734,3.37185316778843e-07
3585,0.7631980509913836,0.889215681012141,0.009395185517656245,0.029832811412723714,0.009395512930893623,5.099138356001731e-08
3586,0.8744970476074206,0.9439236057968364,0.010229662694785136,0.02493825512854929,0.010230494981358602,4.7607420672335365e-08
3587,0.40549608048128705,0.6595958948854208,0.020974511221875054,0.06036198789299665,0.020978846695647983,8.048128702364821e-08
3588,0.8052489854583089,0.9222984608432815,0.01604074475976566,0.04933568556933184,0.016043805260013255,-1.4541691073510776e-08
3589,0.6864554513088587,0.837561480899381,0.017175426956738304,0.06068349596460372,0.017179170115807336,4.513088586177716e-07
3590,0.5380192700471513,0.7674671431366683,0.012328995588935533,0.03926523543767764,0.01232948772154759,2.700471513072955e-07
3591,0.45787120722163155,0.7259774744337278,0.014343143668886697,0.046912705578469625,0.014344481558599392,2.0722163157627094e-07
3592,0.7590687543277818,0.8778923619636864,0.010925519527636696,0.04190586552966228,0.010926706163555375,-2.456722182353488e-07
3593,0.6305506442472985,0.8436569469619006,0.017347033745312483,0.06168309759084095,0.017349455904586267,-3.5575270151966265e-07
3594,0.9634860573917604,0.9825218687224219,0.006086913087695318,0.01570514888699638,0.006087704388818742,5.7391760455161034e-08
3595,0.5463838249791764,0.7491874888452728,0.015502567670019533,0.05279874905669821,0.015505685362512296,-1.7502082361176008e-07
3596,0.48746014658273473,0.7114754068478809,0.02375719729843749,0.07924009587852948,0.02376511076424601,1.4658273472800687e-07
3597,0.6727552712248005,0.8233746244100749,0.02004517778642578,0.059110374536656574,0.0200508322434285,2.712248005076745e-07
3598,0.39246687934523494,0.6346231448198806,0.028253663372753972,0.08194373367413112,0.028261524988553832,-1.2065476506784023e-07
3599,0.5703803366192245,0.8557728059027694,0.018962447053808604,0.060279379056873666,0.018965221314830367,3.3661922449468307e-07
3600,0.7479347598609039,0.8649160669958718,0.01014522486416014,0.030977412635889573,0.010146671977444227,-2.401390961637162e-07
3601,0.4765468453457544,0.7040474718514856,0.016724617094130884,0.06166389860796553,0.016725204493013297,-1.546542455765909e-07
3602,0.45029508576846977,0.7020323134484355,0.015172194455664062,0.06349860777008788,0.015174093803055027,8.576846977081942e-08
3603,0.6400010330998979,0.8349276187221253,0.020096398934277334,0.0640542101593907,0.020100948054204988,3.309989782263045e-08
3604,0.2119932920191372,0.4781345687071137,0.01703049444648437,0.06189870019802381,0.01703155769120539,2.9201913720466877e-07
3605,0.7109698325419855,0.8836406361829439,0.023930517814453097,0.0720231558037895,0.023935818813225367,-1.6745801445505748e-07
3606,0.6087837993950156,0.7831032456690354,0.016095828030175816,0.06379989906470387,0.016098160722886654,-2.006049844016644e-07
3607,0.6043578685134292,0.7973365122720645,0.02129108528164067,0.0701947761284284,0.021298093828338287,-1.3148657074246728e-07
3608,0.7731949882756975,0.8903496772096116,0.011070813885849622,0.025381116222485563,0.011071603871911312,-1.1724302417803756e-08
3609,0.27910316866675045,0.6149188260774715,0.01767151597783203,0.05672442508874883,0.017674804693391718,1.686667504552375e-07
3610,0.5847639645942709,0.8382446169652931,0.011086065339257817,0.03754470284649205,0.01108685034103537,-3.540572901528094e-08
3611,0.7159977157474027,0.8596190396415205,0.011683107273740233,0.033016831501846464,0.011683695429916641,-2.8425259734898844e-07
3612,0.4345916381187568,0.6757991784258394,0.01732060795464845,0.06133096518957914,0.017322043941871222,-3.6188124319380677e-07
3613,0.19427138300137858,0.4716857661291276,0.013652904011992185,0.05754390896771574,0.01365345541293309,3.8300137858438e-07
3614,0.8978433933311328,0.9510463623623304,0.010285261459082031,0.03134948966360365,0.010288212496003283,3.9333113288630983e-07
3615,0.24151141346321814,0.5153483127126068,0.012957098877500009,0.05052352462016656,0.012957784786434827,4.134632181351794e-07
3616,0.4196425261354325,0.6969160050486983,0.01871617910996095,0.06734136774932985,0.018718117610631434,5.261354324992418e-07
3617,0.5986541380678306,0.8379543634723849,0.020153179577148447,0.06661161062085182,0.02016337440104273,1.3806783061287575e-07
3618,0.8901275460889507,0.9470655072966804,0.007465795654677731,0.019063011595957455,0.007466188659169754,-4.5391104930292414e-07
3619,0.9565428539680153,0.9848644367362003,0.004945796410566396,0.013323036610008578,0.00494619727017796,-1.4603198472684653e-07
3620,0.6178194237441939,0.808919048475439,0.02030335025478514,0.06504288923649948,0.020306235925237507,4.2374419384483275e-07
3621,0.6326282274603612,0.7999830277209103,0.014298356900097642,0.04650790115280494,0.014300105009284449,2.2746036121290558e-07
3622,0.8446318310269049,0.9426563845261856,0.014028042940624992,0.037663751300509585,0.014031696544641016,-1.6897309518260073e-07
3623,0.5982292967091556,0.7976936530974719,0.0231427565699219,0.07011295537911892,0.02315094232177973,2.967091555783341e-07
3624,0.6864515219617302,0.8654655474598066,0.020724772948632758,0.0672850243359094,0.02072895744730446,-4.780382697466834e-07
3625,0.9018446613827662,0.9518380638616861,0.0057652737898632855,0.01800583493329447,0.00576549174943586,-3.3861723380823605e-07
3626,0.5007498146500902,0.7112089191404616,0.021135121941308607,0.0688040824700116,0.021141070994290148,-1.8534990986474043e-07
3627,0.7234801749403508,0.8609012688556466,0.017238616115234386,0.057421844786694966,0.017244452943515558,1.7494035076115466e-07
3628,0.6861171146522524,0.8375560300239272,0.021281048442285178,0.05696596906932342,0.021286577200724206,1.1465225246976019e-07
3629,0.7800104546991828,0.8849228678166151,0.010654208779003896,0.041067658397903245,0.010655447378862662,4.5469918286134003e-07
3630,0.7891397922943807,0.8925366909959429,0.013575756165722664,0.039509566896412204,0.013577868561633157,-2.07705619259535e-07
3631,0.7253773143392666,0.8521143685554204,0.018998462396875,0.048127450008433915,0.019001157950544873,3.143392665050371e-07
3632,0.5780086481220034,0.8176019773334684,0.014056656861425763,0.04558255774747929,0.014058896104755855,-3.5187799662939057e-07
3633,0.7694424663952683,0.8772476528290126,0.010877916478720695,0.03389614763997505,0.010878724155779661,4.6639526829483913e-07
3634,0.8129445275411223,0.9123648386111013,0.014640718303906234,0.046242991781207804,0.014646726035010351,-4.724588776872096e-07
3635,0.43274557788223955,0.6743501590668567,0.022676181917187618,0.08255672707577057,0.022682525824984916,-4.22117760467966e-07
3636,0.6320028582832693,0.8179202529807982,0.010636905247714858,0.03640899196614616,0.010637198017762455,-1.417167306838607e-07
3637,0.8123493454967695,0.9052544185663074,0.009928608318808608,0.025758813141844798,0.009929205527258234,3.454967695271094e-07
3638,0.5841582594228072,0.818864129802358,0.023958066808593716,0.07179960152003094,0.023968128027139497,2.5942280723612043e-07
3639,0.6830902047095105,0.8450173866501118,0.02020212358378904,0.060491257311599385,0.02020753476351027,2.0470951056505982e-07
3640,0.8172672698326231,0.9046136655314516,0.011753318526562489,0.04293548257881141,0.011756414244371578,2.698326231342918e-07
3641,0.46166007795303554,0.7115702757458088,0.0318620541975586,0.09632850773504119,0.03187638064475991,7.795303552660116e-08
3642,0.8812026206095028,0.9468418878282149,0.007708130626171879,0.020822319937057996,0.00770933434853119,-3.793904971294282e-07
3643,0.5228539551705366,0.7397932455746699,0.014533184047363304,0.055914420603536207,0.014535078316909875,-4.482946347472705e-08
3644,0.7598769293613584,0.8732259571952159,0.010964759645507806,0.031454291008271,0.010967084121180706,-7.063864160272715e-08
3645,0.6796867450030084,0.8365323094691807,0.010944774356064483,0.04144229752738664,0.010945294629371036,-2.549969916332273e-07
3646,0.7843050397994219,0.9169817444883793,0.016531507904687527,0.053495613545370316,0.016534349843619563,3.979942186926877e-08
3647,0.6373028109782175,0.8052508526742677,0.015083076228808608,0.048450793010836116,0.015084669145734926,-1.8902178244850631e-07
3648,0.6478086877985354,0.812778185212767,0.016978479041894524,0.06293511306191865,0.016980913199764695,-3.1220146456956144e-07
3649,0.5814216381773695,0.8216965581904505,0.014976198069970692,0.050288392108740115,0.014977256126397708,-3.618226305235339e-07
3650,0.6361446041387042,0.8195780722535446,0.017722391629785117,0.04694099811896503,0.017726374544064498,-3.958612957433161e-07
3651,0.606002561398487,0.7914165723769321,0.01304327359880859,0.03839679514274919,0.013043719012725382,-4.386015129975718e-07
3652,0.894857766860065,0.9493215307628163,0.009498380046874982,0.029822041068403377,0.009499615627681058,-2.3313993502416253e-07
3653,0.4864904612547679,0.7137206313114622,0.016826757753330084,0.05575878216883716,0.016828164054055638,4.6125476793612563e-07
3654,0.8746238389111725,0.9362613421412526,0.00813385626574218,0.019946176520960247,0.00813403523851283,-1.6108882749943376e-07
3655,0.6557727686919292,0.9136008835985051,0.023014567646875025,0.07006445944874218,0.023019599100501376,-2.313080708082893e-07
3656,0.6718978594895221,0.8268841245946078,0.013230115091259742,0.03685063897744441,0.01323060276095764,-1.4051047791951987e-07
3657,0.6597058560490836,0.8147724397334216,0.014410841364062515,0.04787116293646222,0.014412127548732013,-1.4395091640917457e-07
3658,0.5329547207247034,0.7543819620627733,0.011696163132138681,0.0449624272661618,0.011697319653034194,-2.792752965552481e-07
3659,0.6560745752328472,0.8362447432473981,0.012205511949423821,0.04099908741479917,0.012206033336118728,-4.2476715278461086e-07
3660,0.6385573412985999,0.8234697725528911,0.021232759294433533,0.06698271832193174,0.021235733025442738,3.4129859982634514e-07
3661,0.8421987786394134,0.9238142576096067,0.008785231029287091,0.021347071692811418,0.008785470613463455,-2.2136058663857483e-07
3662,0.5445922247462606,0.7876448480622994,0.0263020451482422,0.08481437436348378,0.02631204510413293,2.2474626060198233e-07
3663,0.902732382716041,0.9563367370038902,0.011514452334960913,0.032588892176440676,0.011516337576696725,3.827160409697328e-07
3664,0.3665173139128043,0.6594195797089457,0.011854155269843734,0.05354226058790563,0.011854471033713771,3.13912804306149e-07
3665,0.44564809057847077,0.7005953107535504,0.019135102470214823,0.06568924233587713,0.019137123639441714,9.057847077942327e-08
3666,0.7555015926090958,0.8709116678973597,0.009655087426562493,0.029328070743909078,0.009656289332342513,-4.0739090423347335e-07
3667,0.8456789765686614,0.9256374417675238,0.01464322689003907,0.03977401854898101,0.014645509086539069,-2.343133853610624e-08
3668,0.9011246660949849,0.951567607966391,0.009277078519335956,0.03167570932246759,0.009278565214561718,-3.339050150819034e-07
3669,0.8120628021401124,0.9105156772706856,0.009440920176562517,0.027624683702155525,0.009442518903601864,-1.9785988758513895e-07
3670,0.5328732821059727,0.7484165963160784,0.02478501356923828,0.07608799182741614,0.024792521161160236,2.821059726931807e-07
3671,0.7175330148279474,0.8873591093267651,0.022887245569238292,0.06676815735587796,0.022892157658546304,1.4827947425466448e-08
3672,0.845745889933045,0.938985089219524,0.009080275871972647,0.03078463059322932,0.009081226346722633,-1.100669549947142e-07
3673,0.8848009890328009,0.9443995180299178,0.00917169447919922,0.018350903707054833,0.009172710187157308,-1.0967199037814623e-08
3674,0.6054603580355908,0.840684207626871,0.020313198960449207,0.06678594391495483,0.02031709163597,3.580355908416877e-07
3675,0.5028619087771835,0.743163595579605,0.024820997512304665,0.07501396754100197,0.024826766527904165,-9.122281652285125e-08
3676,0.9211954534444552,0.9647160218280859,0.007074933798125002,0.017111846797885445,0.007075174864332,4.534444552062311e-07
3677,0.5274695084417828,0.737757394333417,0.026495631511621084,0.07555053695946665,0.026504294498587395,5.084417827871945e-07
3678,0.5586065817249415,0.7621505541259675,0.012977193384863283,0.04384807104586716,0.012979040996775817,-4.182750584780237e-07
3679,0.8676089575547925,0.934341874467862,0.008939188200292972,0.02288966542126494,0.008940391077164097,-4.244520745988467e-08
3680,0.6023144347190339,0.78429123343981,0.01674255979833985,0.049745422543457804,0.01674481504361333,4.3471903388159205e-07
3681,0.8119066143219327,0.9028044779324843,0.013594318103906244,0.045610707020216336,0.013598038965223984,-3.856780673716642e-07
3682,0.5696829216836511,0.7655873110688199,0.01964710478496095,0.060751636822165,0.01965282714580778,-7.831634896149353e-08
3683,0.8285942051901212,0.9113275929891467,0.010373136253027342,0.025756704203898858,0.010375545282407864,2.0519012111641644e-07
3684,0.6167178759983513,0.8073104449923763,0.023216979142285193,0.06420656532582146,0.02322574706154235,-1.2400164872694575e-07
3685,0.5161204662220167,0.7430450399098749,0.028137873495703077,0.09246456028088135,0.02814299647229431,4.6622201665957874e-07
3686,0.757144435519821,0.8801953301646553,0.014919663650390614,0.05280418322798434,0.01492442076473611,4.355198209848865e-07
3687,0.2223970344984718,0.5172382935505032,0.012906194635957033,0.05587663333887532,0.012907219425811184,3.449847180148069e-08
3688,0.3535040919144127,0.5980822297705325,0.015520145588642556,0.05545793451077429,0.015521477253783543,9.191441269207345e-08
3689,0.9100688682215267,0.9651121099712835,0.012877440761718735,0.034177734240777906,0.01287997698503481,-1.317784733556593e-07
3690,0.1475397619155775,0.8113657487538716,0.050355360872363246,0.13045089574371316,0.05036616183532944,-2.3808442251027628e-07
3691,0.9317634793118178,0.9662085887857103,0.0058973636717773595,0.015433779010590865,0.005897601517682342,4.793118177914835e-07
3692,0.84695781901923,0.9415181290729974,0.01319525155820314,0.03749012625234026,0.013197011571052806,-1.809807700370314e-07
3693,0.8337042500336727,0.9178881564578264,0.01085544558955076,0.03544984623739853,0.010857464128936378,2.5003367265519216e-07
3694,0.4331185744568383,0.6747272888742546,0.03422767473017583,0.09094269601320716,0.034246366890372276,5.744568383203585e-07
3695,0.4449872591793127,0.6697647550967085,0.013394878079619144,0.05637543058398066,0.01339589534529137,2.5917931267827043e-07
3696,0.8591226805231469,0.9323837553378203,0.009558314750683597,0.02154574176775008,0.009559661597066515,-3.1947685308342244e-07
3697,0.9406512752776268,0.973443854160869,0.008014918209667966,0.022498880552236783,0.008016151428031111,2.752776268044599e-07
3698,0.31147650002438054,0.5661462991913403,0.019259552164199233,0.07010394874621456,0.01926082304261129,-4.999756194612459e-07
3699,0.5057066784407289,0.7864221443367355,0.026749597080273437,0.07361889085895501,0.02675687994712854,-3.2155927109922544e-07
3700,0.858162951920839,0.9335574163312058,0.008752954339941417,0.02182715366638114,0.008753973414497724,-4.807916098581444e-08
3701,0.09175647879141369,0.36515067035468707,0.012640337794462903,0.054277417772344135,0.01264127213010077,-5.212085863182114e-07
3702,0.7616785864649152,0.8765621831417434,0.015822938671386705,0.04533700849059212,0.015829584380469823,-4.1353508484220924e-07
3703,0.6602785702360453,0.8313806005140347,0.010985345999375003,0.031519346148502686,0.010986105173079666,-4.2976395464577877e-07
3704,0.9153165180857253,0.9620470279591263,0.00642092968876953,0.015080254955513161,0.006421196787696436,-4.819142747081173e-07
3705,0.3820891237799918,0.6323661159934985,0.02382585233769535,0.07596992654776166,0.02383229730108802,1.2377999181190091e-07
3706,0.7801537954549522,0.910007341412816,0.017197811091601563,0.0531509466740658,0.017202155597490425,-2.0454504778832927e-07
3707,0.4511967549245335,0.726514532458701,0.029453190443164058,0.08396269628395972,0.029462783106972167,-2.4507546653174117e-07
3708,0.1270777032972663,0.5077667051345804,0.016713707751113294,0.06038663559163315,0.016714634304468352,-2.967027336875372e-07
3709,0.8444267321475865,0.9280733828300446,0.008278450885947279,0.022199016387175616,0.008278723926541099,-2.678524135824034e-07
3710,0.46179528771829703,0.7009714988471566,0.019137316444531215,0.05722866390372217,0.019141163939072302,2.877182970206782e-07
3711,0.9018414465260693,0.9547921954469341,0.006874979212128907,0.016081378617585254,0.0068751245786629785,4.4652606934203476e-07
3712,0.6121768630013976,0.8438289430020487,0.02296185989824219,0.06787586472642326,0.022967469739474007,-1.3699860235139028e-07
3713,0.7727009300984308,0.8825948347177114,0.012749081386328113,0.03216694627158064,0.012750982826913343,-6.990156919961521e-08
3714,0.40006470919045267,0.7137729369333237,0.040006595098437486,0.11091016692846867,0.04002725119744245,-2.908095473319605e-07
3715,0.6652726150612731,0.8356234653544345,0.01573545181878904,0.05245072781518422,0.015737002065669317,-3.8493872689393527e-07
3716,0.5653292675437958,0.7694906867347445,0.018247685602734397,0.04716622051976138,0.018250499948454697,2.6754379578441956e-07
3717,0.5186716135478129,0.733643058390713,0.013328642467324223,0.044068346518404515,0.013329224880074406,-3.864521871399518e-07
3718,0.5160616089071741,0.7809279276272382,0.033924912160058586,0.08836616392726998,0.03393733899887354,-3.9109282590210626e-07
3719,0.490594593691726,0.701366524014153,0.019477940180761724,0.05668643226742607,0.019482026070109505,-4.063082740257684e-07
3720,0.38736356962796825,0.6245149966573775,0.013378010255605453,0.05908644594952827,0.01337832841794162,-4.303720317344606e-07
3721,0.510256469656956,0.7235482910233413,0.012801147209726572,0.04569320982307423,0.012801642109433011,4.6965695599254786e-07
3722,0.7986201366932236,0.9132146823865701,0.009064336444140623,0.027248304980991317,0.009065492987100143,1.3669322362908076e-07
3723,0.7745606375817832,0.8829112826904686,0.012547461274316406,0.04646596726488173,0.012551292100618215,-3.6241821688154374e-07
3724,0.7410728593740319,0.8976049427288436,0.022588688415527358,0.06700629129954333,0.022593399437542957,-1.4062596809250039e-07
3725,0.6221786302476282,0.7959241332224276,0.022565366548925783,0.06910960561957294,0.022569216633848272,-3.697523718315665e-07
3726,0.869796366455635,0.9327240853348051,0.01019621013836914,0.02666775629097453,0.010197139736445992,3.6645563494808187e-07
3727,0.6207753181590461,0.7886675213173476,0.013215504775585947,0.04849240506409129,0.01321830387700579,3.18159046108768e-07
3728,0.7436565357391351,0.8666206413047552,0.010414439616396473,0.031513583204898804,0.010414935666867766,-4.6426086486306417e-07
3729,0.4673011556621214,0.688670143013195,0.018692975211816416,0.052877569277519125,0.018695576187114506,1.5566212135942337e-07
3730,-0.1893482713991521,0.3896937952545221,0.01927853290556639,0.06946925053682369,0.019280603439929503,-2.713991521241521e-07
3731,0.49497317720598766,0.8232081727169873,0.03196275783017574,0.08686126453812369,0.031974399418036814,1.7720598766146622e-07
3732,0.7382310634515108,0.864688796688306,0.021108826333496103,0.05805861146026623,0.021116901757705156,6.345151082332023e-08
3733,0.8672714724232674,0.9361779066797027,0.008946030339296881,0.021850807950886588,0.008946488187818187,4.7242326739471707e-07
3734,0.7731017841122014,0.8794177017160446,0.01157528092480469,0.03746544901799051,0.011576803010449454,-2.1588779852699247e-07
3735,0.5847769618299846,0.7803386614704821,0.01733119837226564,0.06035126657976658,0.017332981112705537,-3.817001537065323e-08
3736,0.8432524037153382,0.9443662808042564,0.014494547871191405,0.04999685494093276,0.01449771148495378,4.0371533815974914e-07
3737,0.5793619399659833,0.8750791939893585,0.023734914691699218,0.07918263030119063,0.023740277781884034,-6.003401675780395e-08
3738,0.5737545369167637,0.786480236516469,0.025654857989453144,0.0721252691459393,0.025659125412484655,5.369167637159222e-07
3739,0.6367577428257976,0.8112421454413957,0.017503832807431615,0.05827190270814701,0.017505010488171123,-2.5717420248927425e-07
3740,0.9092951218274042,0.9540569728877898,0.009439406704199228,0.02646230272786708,0.009441641643690183,1.218274042757983e-07
3741,0.7702159337798291,0.8932393491308414,0.012154012620410156,0.03661827164019367,0.012156094098677796,-6.622017090229804e-08
3742,0.18217453384307558,0.4600969890823291,0.02577307282724613,0.07928926278392698,0.025779685953451432,-4.6615692442242285e-07
3743,0.5780376180058057,0.782471292869028,0.025020599544726584,0.07758355919394067,0.02503100264970062,-3.8199419438722515e-07
3744,0.9114869299602275,0.9575138539839977,0.009277263266699224,0.026664065847304033,0.009278338257753269,-7.003977253727811e-08
3745,0.5924912270817198,0.7743179334121129,0.017224433458398438,0.05664083539702423,0.01722909013171051,2.2708171976137947e-07
3746,0.3284398612714151,0.6586265399838119,0.011435793018857424,0.046109965963350874,0.011435969915014457,-1.3872858489749618e-07
3747,0.7153479620836029,0.8931027115003379,0.017338061621875008,0.048951368049648794,0.017341386399182392,-3.7916397133130886e-08
3748,0.6470347326465478,0.8379232562520499,0.02101186419882812,0.0675482958726355,0.02101867122582036,-2.6735345226569507e-07
3749,0.26280175451726895,0.5944614099269964,0.02430522378291016,0.07054586958406447,0.024310302829946118,-2.454827310316432e-07
3750,0.5855778173892313,0.768635335084942,0.01145965367251953,0.04757614519770342,0.011460064816555303,-1.8261076872860826e-07
3751,0.37201670288410116,0.6612848665305516,0.025526635661328102,0.07884414489245606,0.025534213912160087,-2.9711589882852607e-07
3752,0.562301377691081,0.7510194778894841,0.011664811913076181,0.04497751169957408,0.011665345275759572,3.776910809660805e-07
3753,0.3261038361946481,0.6275612802854509,0.018636770541796892,0.06591329931853833,0.01863870741849183,-1.6380535189375323e-07
3754,0.8712575509236126,0.9431976070256212,0.008166826618916023,0.019856777681211416,0.008167019174687188,-4.4907638740987466e-07
3755,0.4619050277972142,0.8071835936742303,0.012807318455332024,0.04077888262915091,0.012807675864285464,2.7797214197100573e-08
3756,0.7147518421584862,0.8503490251549191,0.016519882264160145,0.062150098810770084,0.01652294851198255,-1.5784151385922485e-07
3757,0.8441604866094887,0.9263003027501949,0.00969813950147462,0.028678131693738042,0.009699050224638442,4.866094887034933e-07
3758,0.5646870709086402,0.7706606954619459,0.022614499041796812,0.0806869646163289,0.022622433822001742,7.090864018177712e-08
3759,0.23047452015397862,0.5135474873845718,0.02219846792011714,0.06571988939244414,0.022202101356169963,-4.798460213895073e-07
3760,0.8330253413849383,0.941831681106259,0.01674938610234374,0.05063297781915919,0.016756101269110295,3.4138493831825656e-07
3761,0.6619209130278993,0.8413319460664253,0.013203598556152336,0.05446802876523749,0.013205258870516962,-8.69721006324653e-08
3762,0.7403796133893601,0.8734153673914473,0.010859028838603499,0.029399599940211484,0.010859872642128492,-3.866106399463831e-07
3763,0.29854941938999247,0.5819887722776202,0.01611604935332032,0.06199719024878012,0.01611679577290047,4.193899924564981e-07
3764,0.17994111975303517,0.5119837571601162,0.010992609923066396,0.05040459024505323,0.010992982430609461,1.197530351826348e-07
3765,0.8280773593211787,0.9110959060486051,0.013818650851562508,0.04349854378227726,0.013821538342309292,3.593211787000783e-07
3766,0.9202694934704847,0.9661741680636595,0.008384004608886731,0.02113696040268514,0.008385059238035383,4.934704846970561e-07
3767,0.9336134289235847,0.9708325354473646,0.005935233376308601,0.014293441817126315,0.00593548235109646,4.2892358464996505e-07
3768,0.5043910164409023,0.7480868552703592,0.031350831686523396,0.08714392371613798,0.03135532455962422,1.6440902306236183e-08
3769,0.29130811380311405,0.5458168598101404,0.015968626381289052,0.0611764619424382,0.01596939230129026,1.1380311404352028e-07
3770,0.5501949057791431,0.7430598199886536,0.014747088547958977,0.04411843978790871,0.014747828304040969,-9.422085689436699e-08
3771,0.561300465084245,0.7639172688602945,0.017878238296386725,0.05245515515504729,0.017880440594493865,4.6508424500490975e-07
3772,0.6620555054531803,0.8587589737356364,0.01679452748455078,0.046879674029473836,0.01679581510447555,5.054531803105888e-07
3773,-0.49615697911813994,0.2577451092587797,0.016974782463916007,0.0724577230550774,0.016975168820455876,2.0881860074428715e-08
3774,0.4766297488157608,0.7404110765125621,0.01750468947236325,0.06514186091881438,0.017508183922038158,-2.5118423918613075e-07
3775,0.8861688478087972,0.9422827969600318,0.009566748462207012,0.0356178477436496,0.00956825146228321,-1.5219120275133946e-07
3776,0.35825794224245244,0.6770362799369797,0.02270282132539067,0.08110697649830544,0.022705669261157024,-5.775754757797458e-08
3777,0.8655395473448118,0.9449164619878512,0.0067464758505273534,0.021044351067747262,0.006746853983423806,-4.526551882211294e-07
3778,0.943269003099521,0.9791958568618953,0.007680493400976555,0.025227263319902358,0.007681829548449076,3.0995209732154194e-09
3779,0.554305879768882,0.7746987646952495,0.01456298460604494,0.05445579876617006,0.014564068799892452,-1.2023111795045338e-07
3780,0.6725089360729368,0.82213819682671,0.016317874118359384,0.05535823589185796,0.016322372436888485,-6.392706319857666e-08
3781,0.6855481048239294,0.8850806051821183,0.02355706094453125,0.06703955131758133,0.02356209774347958,1.0482392931443485e-07
3782,0.8871461612365465,0.9432899474417653,0.0075302507898242265,0.02401312010654216,0.00753094431026843,1.6123654655864073e-07
3783,0.9133909379567667,0.9575887844820572,0.01104272346103514,0.0290856295678504,0.011044646191461137,-6.204323321767902e-08
3784,0.7066009493231246,0.8412162355437942,0.008783907606025402,0.034833430238478014,0.008784250665360304,-5.0676875473776306e-08
3785,0.7274375676453786,0.8596422080765088,0.010962791488964856,0.03453585454441494,0.010964374139357125,-4.323546214379803e-07
3786,0.8000555062391628,0.8950147159399378,0.016933305707910157,0.04786411263318408,0.016936157375748693,-4.937608372168611e-07
3787,0.7675606127852417,0.8845029798670239,0.011776318925908186,0.0282081825862021,0.011776916654244747,-3.872147583683372e-07
3788,0.5698521547139155,0.7665020233365215,0.020630548297167928,0.07501616513513111,0.0206336785211145,1.5471391545673896e-07
3789,0.44126009328748217,0.67683621419446,0.017967641505341785,0.05300537305894768,0.017968871113035786,9.328748218351279e-08
3790,0.4285036079395085,0.6580938270714974,0.025095279269921916,0.0697669599257057,0.025098348589638136,-3.9206049151641054e-07
3791,0.8818693265945979,0.939799683435424,0.008738143721289057,0.019743911364311223,0.008739306089199728,3.2659459792139245e-07
3792,0.48509859258477395,0.8938107571285956,0.012052793647939444,0.04719315230933464,0.012053913262775169,-4.0741522605580727e-07
3793,0.7660715386081034,0.9315638641267207,0.009306620022861312,0.037987161711715074,0.009306976507424056,-4.613918965779007e-07
3794,0.498821941080286,0.7097181225644424,0.01000536812136719,0.04845019974976355,0.010005567685516402,-5.891971399663021e-08
3795,0.47132770975292515,0.6976524025441718,0.020831484629785155,0.07037895927407482,0.020837819887568332,-2.902470748744612e-07
3796,0.46461521177005627,0.7604545078497909,0.02673074024111332,0.071565345498285,0.026738066778898506,2.1177005626871193e-07
3797,0.559866974035669,0.7952088849012218,0.027231479326953134,0.08002364605661473,0.027240714487599075,-2.5964331018535347e-08
3798,0.08057564032229869,0.4473971552919339,0.01937677283242191,0.06149558811373279,0.01937969845565378,-3.596777013031849e-07
3799,0.7551826646025902,0.9163152710064258,0.018150565908789072,0.05169922513124602,0.01815506062795347,-3.3539740984522837e-07
3800,0.9262882516184401,0.9708902407150033,0.007234218922890626,0.017605999475208023,0.0072347264715088705,2.516184400835897e-07
3801,0.5283522693437113,0.7425651398077273,0.01981799886884759,0.061278181319284745,0.019820735719999955,2.6934371122333545e-07
3802,0.6736765825357727,0.9338692122430332,0.014728953759277352,0.04386554339593464,0.01473075441576255,-4.174642272980478e-07
3803,0.5170926848185092,0.7705001476139172,0.02844425774257813,0.08576356113359607,0.02845024292829388,-3.151814907953465e-07
3804,0.6773082183886008,0.8306114393166016,0.013253779599609376,0.03783609957681894,0.013256358218456214,2.1838860075895639e-07
3805,0.5369383812226636,0.7370140993728087,0.016235440764355475,0.05566071457451574,0.016240600549315396,3.812226635480087e-07
3806,0.2877198134199107,0.5595205948664992,0.01642154030891599,0.053003566430578075,0.016422351117176708,-1.8658008926752956e-07
3807,0.9591686633886369,0.9801919626007285,0.0046807964988964754,0.011388249930488977,0.004680916291923225,-3.36611363116468e-07
3808,0.6124645490369094,0.8398828143440876,0.023316926375683566,0.07555246111279829,0.023321311918072053,-4.5096309064796003e-07
3809,0.2598722305195751,0.6979603652876004,0.017846202945273445,0.06003200109426538,0.017847576492261628,2.3051957509512278e-07
3810,0.8826193286311379,0.9406523719886919,0.009443260078417965,0.028025415957226955,0.00944430322343089,3.2863113785808196e-07
3811,0.7202991766824876,0.8513462079126779,0.013679298321152325,0.042554894098694056,0.013679865747482872,1.766824875293338e-07
3812,0.17868805106026708,0.5125092613011242,0.01661849120322266,0.06000981602066194,0.01662108963966406,5.106026707002442e-08
3813,0.3049254103099923,0.6052917062087407,0.01963885315679688,0.06696727586485633,0.019640732630353812,4.103099923158382e-07
3814,0.9269873436500186,0.9648814027740346,0.006321539821142564,0.014066082561753636,0.006321658974868535,3.436500185527436e-07
3815,0.7430896262370854,0.8717576875774112,0.011055340958730469,0.03478762002420453,0.011055882767412045,-3.737629146183252e-07
3816,0.7770562180719488,0.8832044113946387,0.010469628696679693,0.0369396032160525,0.010470944176055853,2.1807194883205483e-07
3817,0.30325126155998616,0.5995330970559429,0.019533498326884797,0.07086968919117241,0.01953422484611938,2.615599861699458e-07
3818,0.7770740640574143,0.889208598628732,0.015271186999902335,0.04850961981243637,0.015275264132872252,6.40574142618533e-08
3819,0.7369823725520077,0.8692631675507989,0.01045975944423826,0.02942806364445295,0.010461159536539383,3.7255200768804286e-07
3820,0.6769453808283883,0.832722088271829,0.02512160331953122,0.0738809662184935,0.025135993087391513,3.8082838826891674e-07
3821,0.6382490918595773,0.8586774870268241,0.02467361107949222,0.06604030277852228,0.024681033614051655,9.185957738910844e-08
3822,0.4902705891740726,0.7483619891207755,0.024731472829785158,0.07179338616156862,0.024739647930167336,-4.1082592738828083e-07
3823,0.7847220223940126,0.8864117544672033,0.01059020470117188,0.03528248981671681,0.010591276512935925,2.2394012533233365e-08
3824,0.7081529865046714,0.9102494710750715,0.010085950920439452,0.03931972403164685,0.010086165138685321,-1.3495328632373571e-08
3825,0.8600759622586671,0.9420783662072773,0.013416980908398397,0.03995899026629859,0.013420746349754776,-3.7741332836738195e-08
3826,0.4286610428930747,0.8287200839347221,0.0335529484378907,0.08946155830719246,0.03355855151795391,4.289307470317638e-08
3827,0.9320286100084656,0.9670644629381148,0.005717200157412116,0.01362311130844072,0.005717333025258609,-3.899915343996696e-07
3828,0.4311995848636375,0.7957726895244934,0.0170964214205078,0.060019291756145766,0.017098955153941883,-4.151363625082283e-07
3829,0.4342829006683191,0.6707527125545887,0.022145086618359358,0.06872898232134934,0.02215169285126331,-9.933168088060995e-08
3830,0.7143981539908759,0.8484407437337433,0.013504315228447276,0.035316105986288884,0.013504979804181846,1.5399087593959138e-07
3831,0.6533512577947633,0.8093571332420102,0.015882539666992157,0.047170674751814815,0.015886900503617334,2.57794763314223e-07
3832,0.8402205047754918,0.9187711263777858,0.011279643884277345,0.03533078437605013,0.011281015320694185,-4.952245081790707e-07
3833,0.6770865006688667,0.8286713780567865,0.01488862546005859,0.039896217733384955,0.014890744441284999,-4.993311333301165e-07
3834,0.7012487590528216,0.8452154796531745,0.015089310583398463,0.043360506389799394,0.015091473712237269,-2.4094717843148317e-07
3835,0.8898890692527374,0.9499634798999034,0.011152987609960934,0.02728735472668946,0.011155097143688718,6.925273732250048e-08
3836,0.9141775174947354,0.9667993721360976,0.01013208307529295,0.0288904937316817,0.010133915430090918,-4.825052646317829e-07
3837,0.2797724971078467,0.6380459395725671,0.030127787879160112,0.10547063246561672,0.03012947403962196,-5.028921533090092e-07
3838,0.22978514883987333,0.5574793367643457,0.02317694778206055,0.06298551320885715,0.023177642148062186,1.488398733429097e-07
3839,0.8634554895868091,0.952122579699301,0.008406065108984359,0.020728338190747115,0.008407639318376719,4.895868090937228e-07
3840,0.00750999638498695,0.4795771261841795,0.026632004654003918,0.07574313136156437,0.026636768658724264,-3.6150130501913513e-09
3841,0.6374113448688299,0.8322475580998265,0.024785300895800763,0.06979217689288053,0.024794092672792156,3.4486882993789436e-07
3842,0.8702173963969798,0.9488793594516491,0.012232696358789057,0.03951625992392433,0.012235270260782114,3.9639697979598765e-07
3843,0.7138612539962037,0.8590125278855355,0.016436448594238293,0.04755680158870413,0.01644192315780803,2.5399620373622867e-07
3844,0.277036190004889,0.6488828605969105,0.01693435856796877,0.060845835835967074,0.0169377365878095,1.9000488898912593e-07
3845,0.8386543067826542,0.9329513243312672,0.007383081805917973,0.023748846818589783,0.007383337199538707,3.067826541691687e-07
3846,0.635758401658536,0.8094389594045583,0.024807549896777407,0.08648231929495129,0.024813315871202325,4.016585359867264e-07
3847,0.8297349113175336,0.9296695838514156,0.009609065507255862,0.02850528870100459,0.009609590403936536,-8.868246637039334e-08
3848,0.6471807602935774,0.8401816124848237,0.011336597654394542,0.03556092344898223,0.011338023781638461,-2.3970642260007224e-07
3849,0.8498065066062972,0.9231385671580067,0.00881823405722655,0.02315445921692189,0.008819313894901771,5.066062972458596e-07
3850,0.8734135059716706,0.9399041655617726,0.010233102281152342,0.02157456221597169,0.010233980901980234,-4.94028329467433e-07
3851,0.7791184734995698,0.8912466675912301,0.013211247492929706,0.03689913242362197,0.01321185349422578,4.7349956977527086e-07
3852,0.49697971651957806,0.7489445713953772,0.029644862788378874,0.08890934519033447,0.02965062146388316,-2.834804219142839e-07
3853,0.4125087843113888,0.6701990131282738,0.020700090412138702,0.06328230735449719,0.020701392223950024,-2.1568861119369842e-07
3854,0.8048348411201617,0.9222640765507132,0.011635919483105472,0.03420730077943923,0.01163761497072184,-1.5887983828566377e-07
3855,0.7625311440103835,0.8763282160922458,0.01252292415488283,0.04161078552624728,0.012524303784595386,1.4401038350708717e-07
3856,0.6976373235381271,0.8381619508568626,0.013620920715869131,0.03997552737187184,0.013621490458817609,3.235381271782245e-07
3857,0.6282983495507306,0.8056445357897879,0.012001083195410156,0.04818686898155728,0.012003913033880502,3.4955073058284825e-07
3858,0.5961628668074168,0.7831138806545598,0.01356296390791012,0.05133221749543826,0.01356451417181869,-1.3319258318489346e-07
3859,0.8060625731918052,0.9204153398405341,0.015696163261035134,0.04666027246536868,0.015699003411699552,-4.268081947866875e-07
3860,0.8598702913347956,0.9327284334755972,0.013809531833886711,0.04366880697394331,0.013812231942910088,2.913347956212675e-07
3861,0.8758998454801058,0.9372461582464776,0.012857812436914053,0.03328162348539185,0.012861668533628292,-1.545198942132231e-07
3862,0.842870110995448,0.9208438724003025,0.00895382376630859,0.02721666998396796,0.008954515740123271,1.1099544794390681e-07
3863,0.6061015568531485,0.7848745790033305,0.021473098002148437,0.06152220442809802,0.021478360816977553,-4.4314685154756006e-07
3864,0.936488868444864,0.9744142452470538,0.005493178535302738,0.01328577220048074,0.005493291987383227,-1.3155513600704438e-07
3865,0.4534818067587566,0.7058120647428173,0.014730593573945305,0.05511719531270338,0.014731349458194817,-1.9324124339581417e-07
3866,0.41990791437889086,0.7421172008346152,0.03201201349482426,0.09035264342858478,0.03202307923957781,-8.562110914711596e-08
3867,0.7501450042589024,0.8710981452511121,0.01500654409814451,0.0397790151823837,0.015011304724780837,4.258902452924929e-09
3868,0.6257849191662146,0.8004583927354818,0.017707200666796923,0.05203472639356704,0.017712274725163395,-8.08337854429908e-08
3869,0.8214392341123894,0.9508003081043833,0.01085624135038088,0.02959766006133609,0.010856723370224952,2.3411238936343892e-07
3870,0.8060017323708333,0.9350740506874656,0.012918485303798825,0.02732760661988153,0.012919456376520932,-2.67629166716965e-07
3871,0.8641690935864101,0.9347025852412086,0.008751257680371077,0.02337779864676148,0.008751599995791788,9.358641017698233e-08
3872,0.7115980189214666,0.8444666202033254,0.00910432894075194,0.03266494085129366,0.009104800602928837,1.8921466615751115e-08
3873,0.47059342489858247,0.7286808416336228,0.01563158290595706,0.0637861089195905,0.01563337534748085,4.2489858248506707e-07
3874,0.7997467027363657,0.89513158006455,0.01060434350498046,0.02898761021145312,0.010605813206606148,-2.9726363426352265e-07
3875,0.7123068104194635,0.8515584933790766,0.01764136050644529,0.046254398022802255,0.01764720064985171,-1.8958053649154039e-07
3876,0.5082119285754886,0.8011422179141947,0.01614566826781248,0.044468495635390355,0.01614648563230179,-7.142451141639583e-08
3877,0.8511241764431818,0.9349086773978614,0.00906667850121094,0.02484235311011861,0.009067387131025636,1.764431818429557e-07
3878,0.7721490642666919,0.8837424663123867,0.01576952033867192,0.044388842703097446,0.015774486565066494,6.426669196812895e-08
3879,0.8377266026809399,0.9251541985656454,0.01030971439873047,0.030361716483505545,0.010310962640774473,-3.9731906009699003e-07
3880,0.8372660391576814,0.9185132720823977,0.01084669284638671,0.04643967950628829,0.010849851716699901,3.915768143070153e-08
3881,0.8807412941076824,0.942606848638066,0.006884172490634763,0.01887013693042682,0.006884509683798846,2.9410768243032237e-07
3882,0.11963778622967147,0.524669139119756,0.01595616537353515,0.05864417836569019,0.01595737339569034,-2.1377032852210043e-07
3883,0.1672873268160574,0.42253278473169426,0.020658563745800777,0.06583185663213763,0.02066102213884201,3.2681605741102793e-07
3884,0.9066622373768384,0.9522791439607571,0.009757527475878916,0.03011120939609711,0.00975926013297107,2.373768384078545e-07
3885,0.8504185301268755,0.9236120607951308,0.007791502848876953,0.023305035439344274,0.007792031477668628,-4.6987312452007046e-07
3886,0.39675019904076414,0.669390793400505,0.031047568593261705,0.09877571747837255,0.031056989094235165,1.9904076414833938e-07
3887,0.8118647363990927,0.9018328797562699,0.015219061792480486,0.043036978151305354,0.015221626514775212,-2.6360090721322393e-07
3888,0.689158279954244,0.8986663547528296,0.00855131248321289,0.03231231514144905,0.00855157511653688,2.799542438980396e-07
3889,0.8516435996584177,0.9274090057510703,0.009119040711318348,0.02237484311219525,0.00911948918244416,-4.003415822184664e-07
3890,0.5739717245487899,0.7798380540523863,0.015288273563085961,0.051540302169887246,0.015291816909499508,-2.7545121017436003e-07
3891,0.5698552565605295,0.801780202025784,0.02159220094628908,0.06340333857697598,0.02159671388200872,2.5656052948797026e-07
3892,0.5280894486951325,0.7304720368519908,0.01972603632177735,0.06761859098610899,0.019732086662984344,4.486951324933486e-07
3893,0.8216863976872836,0.9111662995909792,0.014738072262499997,0.03716247582639706,0.014740350640173537,3.9768728354871996e-07
3894,0.47600082492957607,0.7183262304683978,0.012177709770019522,0.05214836945169679,0.012179632965731857,-1.7507042393560823e-07
3895,0.296294011102899,0.5704948327302718,0.023678315229882778,0.07809712782251045,0.023682147645526237,1.1102898989090448e-08
3896,0.7168959072369903,0.8518527758683221,0.01804243045205078,0.05424756201536768,0.01804778796317455,-9.27630097180554e-08
3897,0.13976346893009983,0.7378518223114126,0.014520648315107423,0.05730992963784452,0.014521479851492634,-5.310699001670471e-07
3898,0.6399865103272953,0.8012455865114817,0.012151354740654272,0.03389631716946792,0.012152488451527485,-4.896727047176697e-07
3899,0.6720114375826594,0.8220546369374715,0.015938514688867204,0.046614110990924384,0.01594399319001763,4.375826593294718e-07
3900,0.899070637999489,0.9519907398065812,0.011734049915820308,0.03057334307980456,0.011735986159892919,-3.6200051090062857e-07
3901,0.6936225459978747,0.8554836506344347,0.014817986002509777,0.04377539115586321,0.01481868669492256,5.459978746902294e-07
3902,0.6857618178894356,0.922719915292515,0.02570746845947265,0.06905796618024576,0.025712941109291763,-1.8211056440620155e-07
3903,0.5493688217816173,0.7468415207070669,0.021787998334960947,0.06636399958102654,0.021794201110618177,-1.7821838271814272e-07
3904,0.5454561554983979,0.7483107256548234,0.02319143368593751,0.08453391391545197,0.023200378294824235,1.5549839782469377e-07
3905,0.3847765104541946,0.6249118711934077,0.021741118471132796,0.06416784762226722,0.0217421720037316,5.104541945799568e-07
3906,0.8127958398795844,0.9017229719996672,0.010710556207773433,0.029595592060220163,0.010711309538243554,-1.6012041559321233e-07
3907,0.864366562033018,0.9428567326416445,0.012219208563769521,0.03803345676524108,0.01222142920478889,-4.3796698201425954e-07
3908,0.7686250104283677,0.8922541141386304,0.009376537925712884,0.02498737706883885,0.009376672403041719,1.0428367724912846e-08
3909,0.6913598284524349,0.851434761593083,0.013168605509150387,0.03186198261741623,0.013169115878236246,-1.7154756504211832e-07
3910,0.6624384786718438,0.8827265302251202,0.023082054003027336,0.07271695893307328,0.02309066227581388,-5.21328156199985e-07
3911,0.7550493092444919,0.8699079988138483,0.011855956173535125,0.03062299366475297,0.0118577041959715,3.092444919028381e-07
3912,0.7707185664324732,0.8790841699666203,0.012869680839453116,0.053046655255016124,0.012871957870779716,-4.335675268807293e-07
3913,0.4968175459945481,0.7517939237815765,0.026670639333691373,0.07746570106938364,0.02668440954571958,-4.540054518997749e-07
3914,0.923606319492192,0.9610855492344543,0.007818002820283209,0.021058758555208498,0.007818760088464804,3.1949219192473066e-07
3915,0.7005066816166544,0.8372994771789835,0.01229286245198244,0.034718729089873376,0.012293193303365226,-3.1838334557665604e-07
3916,0.846319101734009,0.933399107505065,0.01040260530078125,0.029342618053337283,0.01040383293746212,1.0173400899482488e-07
3917,0.7486557616772577,0.8731920354202853,0.012021897361533189,0.03174186239157234,0.012022598291517085,-2.383227423186085e-07
3918,0.44204747512527576,0.6695914323033216,0.020337815987109337,0.06185825748255699,0.020340780688439926,4.7512527573401186e-07
3919,0.6349111359677613,0.8064970512677491,0.014907070635742195,0.036265541421460296,0.014909067741147882,1.3596776127222654e-07
3920,0.14343556822274994,0.5032859065223086,0.023359374163896485,0.08160023092816464,0.023360793433950658,5.682227499359538e-07
3921,0.3078008710446487,0.6326567871521063,0.022419919840429677,0.06683502124346247,0.02242239775081632,-1.289553512862085e-07
3922,0.8348073765507535,0.9327330304242416,0.009005313953378908,0.0211460358240102,0.009005431347281406,3.765507535780088e-07
3923,0.8257243832309128,0.9149071223069627,0.011282033244140625,0.027187319944022896,0.011283622298615143,3.832309127815847e-07
3924,0.6469585262822606,0.8549244299561852,0.026999951514062485,0.07864898547510173,0.02701235568774001,5.262822605489603e-07
3925,0.8994391810410799,0.9536450196667625,0.007347788350878912,0.017310932536319955,0.00734807926177777,1.8104107990524199e-07
3926,0.5987937723339956,0.7767733810077828,0.016455864836425797,0.04762913232066983,0.01645945743397018,-2.2766600449308783e-07
3927,0.7945143915501199,0.8971660498095142,0.010055722519824221,0.02667018681489149,0.010056860702017114,3.915501198825666e-07
3928,0.8200728873469186,0.9141290518575055,0.010895771055664076,0.029259821655274597,0.010897577883885044,-1.1265308141883423e-07
3929,0.9312272962720638,0.978914923591155,0.009481618341308578,0.025674611654423057,0.009483196975917969,2.9627206377114135e-07
3930,0.6429585127113118,0.8148700660844832,0.022639963635351583,0.07479137967986309,0.02264403468406964,-4.872886881779337e-07
3931,0.6194195826011017,0.7985763223325038,0.018502597198242186,0.05688827211988838,0.018503567133582154,-4.1739889822256515e-07
3932,0.9087832024986019,0.9533902781537066,0.009369276528906272,0.0295317383735594,0.00937085199496416,2.0249860188670255e-07
3933,0.7420713120857134,0.8720596132466842,0.01074504114307618,0.030484414405464438,0.010745447682475437,3.1208571338314783e-07
3934,0.6564802730391148,0.8640851837979058,0.024370078308105468,0.07106510696208349,0.024374791744459383,2.7303911487308596e-07
3935,0.5444613674930079,0.7438660493558297,0.027870684180761742,0.08221025192390724,0.02787898451275957,3.674930079133887e-07
3936,0.7297312463132137,0.8617522821758855,0.01255180196829099,0.03777394938696987,0.012552592263809179,2.463132137142665e-07
3937,0.4435648346481149,0.6711920784076872,0.019839886207802755,0.06352680371316537,0.019841032014108077,-1.6535188507305065e-07
3938,0.09771433102639104,0.4145129063153362,0.01665102612890626,0.06103600356593258,0.016651855350006087,3.310263910483169e-07
3939,0.2942995768559943,0.6177142293178163,0.018031667759472684,0.0656196226095449,0.018035215713838208,-4.2314400572340816e-07
3940,0.5290739380598319,0.7393156509308761,0.013853403730527332,0.05282457275999884,0.01385425392355806,-6.19401681056786e-08
3941,0.7694975732839513,0.88720306891943,0.011537303520214849,0.03900244357469197,0.011538619971752184,-4.267160487181343e-07
3942,0.6547767583359589,0.8258688737878561,0.014756262922333969,0.04622374420543917,0.014756892416538192,-2.4166404111181095e-07
3943,0.8652246242737277,0.933319068856749,0.013445377230566399,0.03886664193854819,0.013449515066678314,-3.757262723169674e-07
3944,0.7619428863564869,0.8941704738532129,0.02075397903105468,0.058274302986785695,0.020758307802497347,-1.1364351315545917e-07
3945,0.10285466378496644,0.4641040535013041,0.014029196549394538,0.05539164848791578,0.014030232206839046,-3.36215033563958e-07
3946,0.17656164437991528,0.715544940258591,0.016900560055039055,0.04997578490874751,0.01690114277078038,-3.5562008471323736e-07
3947,0.6158505826606678,0.8870077333415445,0.026599065866992178,0.08021069212293927,0.026604945243292096,-4.1733933220378105e-07
3948,0.4233643587395557,0.8379401850317103,0.02871735911060548,0.0860947143735154,0.028718578526147676,3.5873955567256033e-07
3949,0.6822007419238838,0.8428932190741882,0.016198331825585922,0.050102197466494885,0.016201899581085075,-2.5807611614414583e-07
3950,0.7279696820348681,0.8541305216981531,0.010510224459667965,0.03166027693846683,0.010511413951242374,-3.179651318907517e-07
3951,0.5451878068453426,0.8629995699916886,0.01336282225737307,0.05469586345635619,0.013363822436046422,-1.931546573796794e-07
3952,0.6219320827454011,0.7895527567371664,0.009755911057802734,0.041577413798928965,0.009756313913760724,8.274540108654804e-08
3953,0.6706872479422556,0.8847658600483459,0.011425806440664056,0.046974117863645616,0.01142623050727015,2.4794225561564076e-07
3954,0.4466634139803217,0.7079140291667353,0.012071379786660136,0.041052554364279924,0.012071960861562956,-5.860196782836447e-07
3955,0.659129648026402,0.8483403458185386,0.027959294033300768,0.08533912349228187,0.027966097801760393,-3.5197359804506334e-07
3956,0.43371734039129295,0.6635984464016249,0.009948219336386704,0.05745832122598526,0.009948460135879755,3.4039129293006454e-07
3957,0.7771259251586076,0.9132566215249507,0.011055130426191431,0.03143079174969543,0.011055723190177667,-7.484139241675791e-08
3958,0.3901079041471688,0.7349464140406247,0.04464566986787101,0.11545764319575626,0.044669085000206346,-9.585283122781618e-08
3959,0.23436839876211146,0.5621381745136207,0.021339121959277337,0.06364693755178341,0.021342540353414916,3.987621114698303e-07
3960,0.5984280362091099,0.8154840915491032,0.02145399903691406,0.06539676664121999,0.021456644096132352,3.6209109932627825e-08
3961,0.45945928071373876,0.754445076326649,0.018479153244628906,0.06314484090358442,0.018481862619154167,2.807137387539349e-07
3962,0.4119366449577284,0.6892479420699057,0.032898854844335905,0.10051868116439247,0.03291190986022537,-3.5504227158256185e-07
3963,0.728180425688352,0.8637756488671916,0.01411583430800779,0.04398366758151623,0.014118714867513663,4.256883519015986e-07
3964,0.6587400655487378,0.8181932802481403,0.012010640803730481,0.03442838625778413,0.012010946678942657,6.55487377709818e-08
3965,0.6966486679621389,0.8382441299362343,0.016261589019921845,0.06005408010047422,0.016266153393654562,-3.3203786109492484e-07
3966,0.5516372981660836,0.7794462549504563,0.020519895100195314,0.06452891092309893,0.02052305392040561,2.981660836010036e-07
3967,0.7651348670134972,0.8934003397240462,0.01565810797763671,0.04955030524710942,0.015661601656536874,-1.3298650280990643e-07
3968,0.7757771131755576,0.8901790192833131,0.01158236499450195,0.04057081130111613,0.011582947660089476,1.1317555759227105e-07
3969,0.04240068976989331,0.3474570458209782,0.021228509770019555,0.0706039179231909,0.021231707020932276,-3.102301066940094e-07
3970,0.7181098865603734,0.8661754721202762,0.01541777916132812,0.0451274154970963,0.015421239709108579,-1.134396265811688e-07
3971,0.1354688371545012,0.38674529947439934,0.0249221145304883,0.08934171484693243,0.02492336048840879,-1.6284549880785093e-07
3972,0.6452095536220016,0.8051060333466538,0.01630134711728514,0.0555157982596432,0.016303157863380185,-4.46377998342129e-07
3973,0.6341550761187754,0.8133472615393521,0.01815728446806643,0.05553297143351437,0.018164754434508025,7.611877539392964e-08
3974,0.38990813484875064,0.642251944439082,0.02132536717876952,0.08099310071754637,0.021326459826716337,1.3484875066582802e-07
3975,0.9241283075120547,0.9642546023896983,0.008497588274121096,0.01985721296719003,0.00849897823101691,3.075120547091359e-07
3976,0.6662868732719402,0.8431314870316052,0.012094035440429682,0.04145473540705711,0.012095788174567223,-1.2672805971281065e-07
3977,0.7861380435413665,0.8973712650575182,0.010164125594785158,0.02777794061347614,0.010164584511443786,4.354136651230078e-08
3978,0.5009243082068104,0.7310432311029554,0.014150745774609386,0.06120762858269954,0.014152482870170346,3.0820681040655273e-07
3979,0.7107173738388477,0.8703610537517045,0.01575291413857422,0.05073222598783982,0.01575670181176357,3.7383884765596065e-07
3980,0.560662219160728,0.7506900945732817,0.01636875126874998,0.044082961345785494,0.01637186142307859,2.1916072800998165e-07
3981,0.4576706280531472,0.6914196896040128,0.025015879938964817,0.08026489524690901,0.025023849594640955,-3.7194685281738415e-07
3982,0.8203310935976977,0.9210990475847343,0.008158100626142589,0.02356170819838902,0.008158403305515913,9.359769770345139e-08
3983,0.8145793675667934,0.9245047106592561,0.01627129650615235,0.05297472187029628,0.01627488515576143,3.6756679333560527e-07
3984,0.5998213574606158,0.7932839280489755,0.017447194807226583,0.055768886761800786,0.01745228943069078,3.5746061577413e-07
3985,0.6015962672974129,0.7842348227453682,0.019016125004882808,0.06792774730119472,0.019019019935552845,2.672974128703487e-07
3986,0.5223491266134246,0.7247520429226416,0.010684503872968753,0.039326702156634155,0.010684990106265526,1.266134246336037e-07
3987,0.687015346414439,0.8561233219875375,0.01523261539433593,0.0566150413220278,0.015234870811839014,3.4641443891203494e-07
3988,0.32171376741508395,0.5751036189896631,0.017553045925673864,0.07059067408583929,0.017553607998521275,-2.3258491604893905e-07
3989,0.9226215532336824,0.9650991977130947,0.006661020479199225,0.01488633047585168,0.006661204003029893,-4.4676631760776075e-07
3990,0.731335322298329,0.8694617201938292,0.019584225875683633,0.06252978807402118,0.01959190211419772,3.222983290251946e-07
3991,0.5226477155912985,0.7336909220606544,0.0148716743428711,0.04995986291061695,0.014873470420025956,-2.844087014786112e-07
3992,0.591222555101514,0.7779680803793465,0.01971402109199217,0.067777732286661,0.019721016637507315,-4.4489848605167026e-07
3993,0.7151889740413353,0.8699777046257373,0.02208404598193361,0.060779902854517294,0.022091697107642215,-2.5958664662262265e-08
3994,0.5961597957509792,0.7912763277997338,0.016520802836816395,0.059620417972836105,0.016524928366155153,-2.0424902080762308e-07
3995,0.9087013983270451,0.9535866478759726,0.0064863863341699185,0.01653959537011053,0.00648655463574354,3.983270451257681e-07
3996,0.4096836622674114,0.6661246108970597,0.021020890982910174,0.08052009272305186,0.021026545445716742,-3.3773258861780064e-07
3997,0.6905790427035365,0.8367585232893676,0.013783290770605463,0.05008748427375411,0.013788077682323825,4.2703536484722804e-08
3998,0.8163308401666123,0.9506035265059366,0.020605164363085935,0.05529017747889742,0.020610351766033645,-1.5983338774727684e-07
3999,0.8441558357699942,0.9199899281684881,0.010097492484296849,0.024440244377691853,0.010098127984837236,-1.6423000581688996e-07
4000,0.904413888689422,0.9545708184050126,0.011873089864941407,0.031929368969675104,0.011875428493074547,-1.1131057808810851e-07
4001,0.5468966050672553,0.7503516819640289,0.017999874283300785,0.06452523382371246,0.018002507985410022,-3.9493274461843697e-07
4002,0.6930512888900686,0.8532205465234477,0.024001000521875034,0.080365111749054,0.024006703470327982,2.8889006864485367e-07
4003,0.8305523296142698,0.9194305170021195,0.008598559629521479,0.02531757455831812,0.008598791694227649,3.2961426987832e-07
