index,r2,pearson,mae,rmse,normalized_mae,saved_r2_difference
0,0.14526135773445514,0.49448234954995546,0.027832532288681603,0.08986286544938753,0.02783527074878302,3.577344551419781e-07
1,0.04156993025663569,0.27376876264227384,0.021518535799267536,0.07444231715531702,0.021519229464527976,-6.974336431292416e-08
2,0.16360183499058756,0.4414089178659063,0.025433414849833982,0.09154537508093843,0.02543422005476577,-1.650094124394652e-07
3,0.24642513320142434,0.5080174423302586,0.018795323826240273,0.068719334704665,0.01879655871108857,1.3320142433492776e-07
4,-0.4891043140290685,0.22012990582754324,0.02629164848252932,0.07772371877590391,0.026293123627467482,-3.1402906852662227e-07
5,0.06678996073315324,0.3573553869936139,0.041172118539355484,0.10541647919567618,0.041178324681145816,-3.926684676025527e-08
6,0.07314763990761475,0.38556672493341815,0.030170355404628955,0.08678300656527915,0.030172841965432115,-3.60092385257027e-07
7,0.26331168913115977,0.5645626169322707,0.024192334043750027,0.0719006497247825,0.024195549346750726,-3.1086884022535344e-07
8,0.26079734860073345,0.5429582780319686,0.018162905901953165,0.055805037947581126,0.018163888854966382,3.486007334463359e-07
9,0.5508228481060191,0.7684869610138115,0.01887257313662116,0.06346484738836544,0.018875489073136995,-1.5189398083759187e-07
10,-0.1856910148229256,0.2435211122869097,0.028027701531542968,0.08018652687281691,0.028033827570448526,-1.4822925609170312e-08
11,0.31891273478516924,0.5795467579683881,0.027684432694824214,0.07698289725922806,0.02769113394370036,-2.6521483076358265e-07
12,0.2562647474201051,0.5212390859530153,0.021420827604355416,0.06327276338220324,0.021422595857122903,-2.5257989494376076e-07
13,0.3090276225315861,0.6052175756712688,0.02814834155244133,0.08533575747798683,0.02815272582147787,-3.774684139146167e-07
14,0.6552073393754012,0.8161182513266978,0.01602374657207031,0.043299474199176874,0.016026984205587458,3.39375401225972e-07
15,0.6030962680694734,0.7865967209621988,0.01779000944912112,0.049601642043475884,0.017793452877267524,2.680694733969702e-07
16,0.2643612002935506,0.5557799597619082,0.028464088795898415,0.08459889345391317,0.028468344773586382,2.0029355057848974e-07
17,-0.25207345289308747,0.19066487101959698,0.02177383096945311,0.07234307553472359,0.021774139379234243,5.471069125517758e-07
18,0.6111487890582658,0.7844838640747255,0.01571506363756835,0.03867817614045117,0.015715704236075396,-2.1094173430213914e-07
19,0.5203501587406489,0.7606305161051672,0.015320473423242206,0.060021961248203096,0.015322944289380818,1.587406489589327e-07
20,0.013430432682806193,0.3845885633842847,0.02132574851890623,0.07851000961394404,0.021326800132330816,4.326828061933935e-07
21,0.3104295260680381,0.5657572566748146,0.01841317246445306,0.06296572525817103,0.018415419862036063,5.260680380758664e-07
22,0.5271635393108622,0.7818611362372235,0.018912386953906266,0.060477776407128925,0.018914972233396152,-4.6068913772678854e-07
23,0.25249892425630727,0.6719389947399408,0.02439698988671877,0.07091384455133187,0.024401265459371674,-7.574369270679782e-08
24,0.2708737942349979,0.5264566221304129,0.01864410925400393,0.06693949112033597,0.01864576338456103,-2.0576500209257276e-07
25,0.3503336658460068,0.6624831845769392,0.028323443009375008,0.08170083949457273,0.028329974470824266,-3.341539931978055e-07
26,0.36850488125353464,0.6732306166377712,0.01396032322605467,0.056956514443417317,0.013961680985708465,-1.1874646538290179e-07
27,0.28815878175676324,0.7337531872330797,0.03139440572089844,0.09706886534234523,0.03140245147174006,-2.182432367603404e-07
28,0.6460645919372159,0.8073109641383412,0.014305865005175774,0.03668756413882447,0.014307426556340184,-4.080627841185347e-07
29,0.24657932380935255,0.5850509135803612,0.021341328486572282,0.07650000475356727,0.021341988393445182,3.238093525537167e-07
30,-0.04979364309359591,0.2717699656523294,0.027529093090322265,0.07688364002417335,0.027530631047179156,3.5690640409064e-07
31,-0.07770522148000714,0.09801121797092444,0.02517490989148439,0.0918074179019262,0.02517567360133349,-2.214800071398404e-07
32,0.07383706453539896,0.3355448068384464,0.022601095446337895,0.07420472050909858,0.02260219173762141,6.453539895534544e-08
33,0.13783288971917185,0.4372490674723603,0.025691384275771466,0.07748646247552314,0.02569246892445506,-1.1028082816388896e-07
34,0.16551545291960845,0.48054793890897857,0.024607625329716852,0.08273352435061766,0.024610005477044762,-5.470803915441635e-07
35,0.2000535462325681,0.6284053099912867,0.03462426419267576,0.09829108874890408,0.034634004421104515,-4.537674319071705e-07
36,0.3254109855323418,0.6334613030180538,0.021234889797832016,0.08245137808911938,0.021236826007254322,-1.4467658182582e-08
37,0.23871487704015837,0.5040730659744234,0.030219711965625028,0.09258261969505485,0.030228337440343603,-1.2295984164190088e-07
38,0.19457916537655084,0.5204352213733395,0.02707438456130857,0.0927054744457321,0.02707552210687926,1.653765508424776e-07
39,-0.5566509942712201,0.15548212203582898,0.025218408894765613,0.0832254850273943,0.025219310320175266,5.728779894909053e-09
40,0.08596594556367243,0.3676679748289897,0.021522056095537093,0.06711128143245529,0.02152318935150615,-5.443632757062833e-08
41,0.5282058152482937,0.7394444823021985,0.016594076494043004,0.04535387110701337,0.016596243405798024,-1.8475170626697235e-07
42,0.1256189085861671,0.5390672823021372,0.02659186606381838,0.07603113312342663,0.02659389235778893,-9.141383291999539e-08
43,0.2330388042838314,0.6111387636038709,0.031330860173828086,0.09654109414111244,0.03133545075469275,-1.9571616860503127e-07
44,0.24289403100861062,0.5062174996609857,0.021381978038681655,0.07008112282024317,0.021383657893726267,3.100861062366178e-08
45,0.25782054160393586,0.5561979918141406,0.03280651699589847,0.08500140622527998,0.03281128738631689,5.416039358663305e-07
46,-0.05959047346480517,0.2315650516565144,0.03889357811357433,0.1011679191668478,0.038901054020883424,-4.7346480517435063e-07
47,0.3479449867795883,0.6420236393135098,0.025109060848437465,0.06767364488752052,0.02511234334812859,-1.3220411709813362e-08
48,0.4343142364379199,0.6658385403870747,0.021600815522363277,0.05530570979966637,0.0216047407299919,2.3643791990934915e-07
49,0.6690809729173528,0.8373859250789928,0.016941453491894513,0.05458095291347528,0.016945541013959304,-2.7082647235943114e-08
50,0.37148952410559266,0.665087080339748,0.017155661075585946,0.060777846450548824,0.017157724188973326,-4.7589440732576094e-07
51,0.46523125685247213,0.6986435836163323,0.020702744168876956,0.05854676234118075,0.020704290424707186,2.568524721247023e-07
52,0.5447860785912639,0.7593313244623459,0.01679046459619139,0.049259258093699756,0.016792284031770088,7.859126394116345e-08
53,0.13611577122947738,0.4061588123452162,0.025937058629003917,0.0799842270811654,0.0259398839051813,-2.2877052260894537e-07
54,-0.1833804331418074,0.3582869002899343,0.016532263016699224,0.06251221848140988,0.016532558027467153,5.668581925799554e-07
55,0.5059505582163599,0.7784622420357926,0.021384580881347665,0.0677410881674854,0.021387461847314614,-4.4178364011493443e-07
56,0.1888821453717484,0.4549167631296478,0.020448895045507808,0.06386952264706222,0.02045353338940613,1.4537174841677825e-07
57,0.31453296846702994,0.6232727819518338,0.02714537278339841,0.0794988387576203,0.027148687162998984,-3.153297006841527e-08
58,0.2234612577639633,0.5133310768978216,0.021704165256640588,0.06904691907374666,0.021706766098404877,2.5776396331278484e-07
59,0.4676667944422751,0.7445775036656318,0.02382326226621098,0.062076472307454784,0.023828731889500167,-2.0555772489716517e-07
60,-0.07501987282737499,0.23929818250342108,0.02739998329288083,0.09342178225910062,0.027400910640258236,1.2717262501404925e-07
61,0.211265741013548,0.48426714517995856,0.019063105852871156,0.06668082507003964,0.019063829463602702,-2.5898645200639336e-07
62,0.40749967310456403,0.6628702369842655,0.030510347179980465,0.0883850515781387,0.030516036012981643,-3.2689543594255355e-07
63,0.06034067895923678,0.4839325476611403,0.018931665114433588,0.06248282554284771,0.01893254279322823,-3.210407632167622e-07
64,-0.31293376534811923,0.16379104009758563,0.03019978809228515,0.09082664351091244,0.03020636606314808,2.3465188075944e-07
65,0.11895494280262231,0.3953656404836526,0.014836494502470743,0.06451158181764344,0.014837425059477705,-5.719737769527278e-08
66,0.12112443540576157,0.44350469414228266,0.03588817663623046,0.10522660689779396,0.03589303906623276,4.354057615701956e-07
67,0.08465661092677734,0.3330533178579171,0.024497943984160196,0.08407738523288982,0.024498701377682428,-3.890732226535798e-07
68,0.2394522824510128,0.6090373372032759,0.03898267664387693,0.10287729833637502,0.038986507490461744,2.8245101280077733e-07
69,0.5594182569271502,0.7835706757791208,0.015176612316416012,0.03924438882225587,0.01517721048488526,2.5692715022174184e-07
70,0.462169996283774,0.6974014730898478,0.022965461738574187,0.07337932564080472,0.022968526084481748,-3.7162260491108157e-09
71,0.7124631694098682,0.8590805897725027,0.01263030592012695,0.03875580352382332,0.012631410693747925,1.6940986824476312e-07
72,0.350412991219041,0.6128242048882467,0.022169857539648428,0.0718498309980421,0.02217099925299176,-8.780958959953011e-09
73,0.25173417916375307,0.5678772424096168,0.030198333255761742,0.09655962975760751,0.030204950933974243,1.7916375305571108e-07
74,0.3152206433899133,0.734020088435459,0.03949886450341797,0.10880821027456117,0.03951749264637304,-3.5661008668252947e-07
75,0.29066463136417464,0.5909871975036306,0.018244862815986276,0.07371933763235843,0.018245271448215243,-3.6863582536517114e-07
76,0.393712510717263,0.6539993575603318,0.022447683707226534,0.05779464845355226,0.022450059006534642,-4.892827369928909e-07
77,0.3833520462607162,0.6937770085921626,0.018535885104101563,0.0619990062697132,0.018537995693841097,4.626071614666216e-08
78,0.23073365956960679,0.4982942717712926,0.02127430580019534,0.07226150961267643,0.021275975030432683,-3.40430393208635e-07
79,0.2178878238649844,0.5955787525548727,0.02816802311672849,0.0837965811169542,0.02817036023855147,-1.7613501560043154e-07
80,0.24262537305916942,0.5515042204277281,0.02696052708583986,0.08454342505165338,0.026964014695088967,3.730591694173224e-07
81,0.02149770065175216,0.2710823300304708,0.023726346472998084,0.08017704005473095,0.023727167527903218,-2.993482478390319e-07
82,0.24809582758502147,0.5946444526157626,0.03751102623515624,0.09671304722845549,0.03752003643177709,-1.7241497854425525e-07
83,0.6509785357911098,0.8171918504898484,0.01597572039660155,0.03957372547702172,0.015976553991359554,-4.6420889021625555e-07
84,0.4003731201678581,0.6938081332265884,0.026113909763671866,0.0677250049336086,0.02612095328394907,1.2016785810864405e-07
85,0.13316251795500467,0.3991000377412215,0.030496425732695332,0.09130906672686322,0.03049811887449726,-4.820449953368833e-07
86,0.3660839545909482,0.748600480021042,0.038779906158886664,0.10467059448248979,0.03879162218305985,-4.540905179650778e-08
87,0.2515217994833382,0.5852140727154824,0.03635010715371101,0.09894831886090785,0.0363662196655482,-2.0051666183018568e-07
88,0.20515117847998532,0.4850834666874383,0.024984361719824225,0.07077101932418862,0.02498846514815275,1.784799853188357e-07
89,0.27603346517930427,0.6655494856376584,0.02893379655078126,0.0910233489100708,0.028937845849595054,-5.348206957300761e-07
90,0.00903604758990395,0.22238805136161624,0.026201354845771505,0.08398031441739225,0.02620382700206962,4.7589903949887824e-08
91,0.5919568001717536,0.8240132302033304,0.020036762560742192,0.05869930588030433,0.020039886698919006,-1.9982824639441787e-07
92,0.5867418236261681,0.7847767610100349,0.017402218066699178,0.05070718570081254,0.017404881732425853,-1.763738318727448e-07
93,0.38631039885739993,0.6479096280407964,0.011951943142089845,0.045994605183403765,0.011953508455217405,3.98857399941388e-07
94,0.8207025735173271,0.9084035887161337,0.011442824929589835,0.035314265700411664,0.011444287605677856,-4.26482672843953e-07
95,0.21937389467794632,0.4808745235592659,0.022439732182998027,0.07002386625107206,0.02244151496140781,-1.0532205368951608e-07
96,0.048277827852446054,0.40230164733683443,0.022083826160058564,0.06487542375121882,0.02208667629544509,-1.7214755394789893e-07
97,-0.3458283448224535,0.2579790022746254,0.019616136119306685,0.07032194489869333,0.019616765856135695,-3.448224534796651e-07
98,0.48595560287317396,0.7277768112388092,0.021679861927626925,0.058804435523073066,0.0216819402641042,-3.9712682603498806e-07
99,0.04522322457817807,0.33677114261324215,0.023247997808115227,0.07698699993522158,0.023248799704087202,2.2457817806798008e-07
100,0.15906886990229818,0.4584123756218935,0.02482950823996094,0.07178175696367672,0.024830884195236703,-1.3009770180594238e-07
101,0.34482781482120817,0.6014934564672625,0.014924921147402351,0.05925867996291054,0.014925523930208816,-1.8517879185608876e-07
102,-0.011676878991149886,0.3029787858678083,0.02919322543261716,0.09166797436534756,0.02919782100905597,1.210088501138462e-07
103,0.5925081414553209,0.7961918518081521,0.017902081626347658,0.04674082084854219,0.017903707503920764,1.4145532090115154e-07
104,0.06753407698172753,0.3398759474367661,0.01996881017694342,0.06641026411672074,0.019969563899975735,7.698172753423105e-08
105,0.19977682659535745,0.5549980198876959,0.027680640763525274,0.08955665752594623,0.02768229004862184,-1.7340464256165866e-07
106,0.7626691156607983,0.877408180222292,0.011312299265332029,0.03418178963932195,0.011313669893812323,1.15660798272188e-07
107,0.3006318968714634,0.6529312132081926,0.030012516853027322,0.08453039927942943,0.030018010593232437,-1.0312853659932841e-07
108,0.49954018667281563,0.7520611787132174,0.019014737439648474,0.051558129247863786,0.019018154711072287,1.8667281564965776e-07
109,0.2922097832995104,0.5863830549997078,0.025017071985937497,0.08172514541824479,0.02501966196630099,-2.167004896080904e-07
110,0.18466682119672462,0.7375011063657805,0.0597549338564454,0.14591118004762674,0.05979112361787937,-1.7880327538022378e-07
111,0.21772776731648147,0.591295177852249,0.0355224354870117,0.10125352150551796,0.03552793006614166,-2.3268351853622526e-07
112,0.46221994678004497,0.7093815092325644,0.019609051254208996,0.05776819934700417,0.019610076130911407,-5.32199550540291e-08
113,0.10858324884730353,0.37463950517766503,0.031566935080371054,0.1029609757663064,0.03157315732246259,2.4884730352725537e-07
114,0.6233478887560844,0.822970856232465,0.012302692025068342,0.03370736955317793,0.012303023526715452,-1.1124391563477332e-07
115,0.3568516047848541,0.622686952644961,0.03025111878486333,0.09052003639461402,0.030255871664615186,-3.952151458874731e-07
116,0.3472637477777186,0.696543975834408,0.024628031232128915,0.08590505890752086,0.024631856172672387,-2.522222813938768e-07
117,-0.03744638532286215,0.23832034304111493,0.03556715883162101,0.10223464053819899,0.03556906757840707,-3.8532286215225975e-07
118,0.5217411939833909,0.8029786492003874,0.00871628286170899,0.040768920997851385,0.00871651321736204,1.9398339090592742e-07
119,0.21051920745352382,0.5901148897970291,0.02642989142402346,0.08125178669214682,0.026433647595122796,2.0745352380391324e-07
120,0.29295901087299236,0.5846529155967473,0.023302811476367213,0.06932647906782358,0.023308014083829678,1.0872992339816534e-08
121,0.2073188058221016,0.5059014228308844,0.031039878526367186,0.09513829185696772,0.031044098443800943,-1.941778983993725e-07
122,0.09779226434975719,0.3431751557972046,0.021243198763242203,0.07328580148459,0.02124379379893238,2.643497571813702e-07
123,0.28639982679433795,0.5482290067689986,0.021484921517402375,0.07557777752809947,0.02148663469298271,-1.7320566203515853e-07
124,0.28530940922703374,0.5510280813723785,0.02468278726337891,0.07326534793007256,0.024687490941402986,4.0922703375967373e-07
125,0.14778464906961064,0.41657860896756904,0.02961666627363282,0.08737711064368506,0.029622127281643318,-3.5093038935896104e-07
126,0.14241569825518485,0.4373635523989193,0.026613910611523465,0.09017211515107089,0.026620072900185147,-3.017448151343416e-07
127,0.6354297506925258,0.8123571723711356,0.014088712498242189,0.04744599185179441,0.014090272554902111,-2.493074742204726e-07
128,0.1564208557656267,0.4278208815006226,0.022085331936757806,0.07432088646395883,0.022086371052146656,-1.4423437330601807e-07
129,0.29614893460797076,0.5601822068141614,0.01602625382845706,0.05462539547739489,0.016026953279957495,-6.539202923594445e-08
130,0.4751516710781324,0.7275482587428322,0.017811118850097646,0.06056651945276748,0.017813462875581092,-3.2892186763167075e-07
131,0.05450629513505112,0.3858011294387663,0.027865619977685517,0.09046820254529528,0.027867212260033074,2.9513505112044314e-07
132,0.09636781402778727,0.37858227448485116,0.03307746401093749,0.10081290805339506,0.03308215308193175,-1.8597221272675935e-07
133,0.02082680149291083,0.3203283408003428,0.020968179083496092,0.07519077603125804,0.020970885103597205,-1.9850708916913096e-07
134,0.017957461285356913,0.3079959108876589,0.03909409894218757,0.11104017454420605,0.03909855799197175,4.612853569119224e-07
135,-0.07418608055589848,0.20071181764828325,0.03219897343375967,0.10064929526692064,0.032200582549356614,-8.055589847955069e-08
136,0.15593829262390269,0.556320720116875,0.022723281337792972,0.06365501517846348,0.022724835058172476,2.9262390269235716e-07
137,0.32048536921592286,0.6521416928016172,0.030083028734472703,0.078012343589145,0.030090397586982977,3.6921592283523097e-07
138,0.13997035429022642,0.4228846983386841,0.020829962966015626,0.06532410499366725,0.020833938669030747,3.542902264064285e-07
139,0.2361339371247213,0.5037929393718749,0.024258671530468727,0.08040426394158956,0.024261430353515512,-6.287527870574294e-08
140,0.6807877810667798,0.8256752520814669,0.0163412953923242,0.04465799593242988,0.016342575648455152,-2.1893322010857474e-07
141,0.4653198753731188,0.7336504375077142,0.017548139030859413,0.058752616789497676,0.017551243723015305,-1.2462688120384868e-07
142,0.293480380426689,0.7114182292029025,0.028415542845380875,0.09291284532270624,0.028417251130813906,3.8042668898397025e-07
143,0.4554027290808188,0.7421320353164105,0.014450730279599625,0.04196398477581468,0.014451110657109986,-2.7091918120003555e-07
144,0.07270710782131684,0.34539197269050737,0.027430111770605496,0.07993637487841579,0.027433776407378523,1.0782131684705654e-07
145,0.053536190557046726,0.34661549043833556,0.029110318431738315,0.09186167503747807,0.029115930789441354,1.9055704672532592e-07
146,0.17121986960877422,0.5564994627751741,0.03463291784814454,0.10066762398273656,0.034638768412334674,-1.3039122578883955e-07
147,0.16603131612255084,0.5426926734277031,0.032817415930859385,0.09887454980304426,0.03281981338048404,3.1612255083079965e-07
148,0.22797457799593812,0.5135450574947718,0.0205523641847656,0.073537942795165,0.020554441344667343,-4.220040618896359e-07
149,0.18493411143900051,0.4495958084072823,0.024819442102128924,0.08812484433139658,0.02482108946120633,1.1143900052745792e-07
150,0.6451007189687785,0.8075623039776677,0.013323048197578109,0.03632385955614738,0.013323558560219353,-2.8103122151623694e-07
151,0.40851280579165505,0.6529718857554788,0.02483746532148437,0.06773782551641809,0.0248415270949917,-1.9420834496131079e-07
152,0.1080889198422682,0.4573769113128394,0.032600986297753945,0.09311161904411623,0.0326045724062033,-8.015773179936847e-08
153,0.6846231958585101,0.8279882805811982,0.013279737575849614,0.03327057576348863,0.013280506928763699,1.9585851007697386e-07
154,0.30166225272265834,0.5945253084211501,0.02815020345781256,0.08592398000311857,0.028154623364855278,2.5272265835596386e-07
155,0.12742219185804793,0.4491026615448466,0.03948989104277336,0.09997606600068588,0.03949577156030182,1.918580479209897e-07
156,0.18043891698948444,0.4824075329111135,0.02846403914296878,0.0938843496707574,0.02846992448846392,-8.30105155447125e-08
157,0.5252302335929935,0.7975388493299422,0.008152886910771493,0.039323387898058566,0.008153051645788972,2.3359299350378393e-07
158,0.28803271581740875,0.564658566103485,0.02994912622392573,0.08923624068981413,0.029953380538507674,-2.8418259123697e-07
159,0.13352936288164796,0.46507244768902095,0.03241482062714844,0.09251684355519837,0.03241888921719653,3.628816479528396e-07
160,0.14506545700032736,0.4269861665207195,0.028565432487324224,0.0943431294430119,0.028566661546512263,4.5700032735851437e-07
161,0.546442575322375,0.7552435651673953,0.015766761557812505,0.05100330549841647,0.015768715077694877,-4.246776250660389e-07
162,0.40456083538386645,0.6879637688795405,0.028201519933593804,0.0802901489844223,0.028207560859185892,-1.6461613355778226e-07
163,0.01523547851819862,0.30707193095253105,0.021482817176074247,0.08026399444327946,0.021483783035183588,4.785181986193682e-07
164,0.09147413969908746,0.4812690655762759,0.03072207706022462,0.10033924827389903,0.030723423584619856,1.3969908746469528e-07
165,0.1445062453043593,0.4517254667787064,0.02350023207504877,0.06852299098271263,0.02350221480908328,2.453043592975934e-07
166,0.6812526906032518,0.8561699484032317,0.013665347568554686,0.03819916886512545,0.013667145272407947,-3.093967482215021e-07
167,0.23885254484331353,0.6110531117144214,0.026624865718945255,0.08920815860224789,0.02662964503454336,-4.55156686479663e-07
168,0.1870829544104481,0.4706397859726218,0.025465003951855494,0.07757154146080192,0.025467917272754576,-4.558955191136249e-08
169,0.2528759395981728,0.5383240217316829,0.025676390133496114,0.07274039087766765,0.025680381298748382,-6.040182720656873e-08
170,0.06636776816946688,0.34248021455183236,0.028341756549433626,0.08627302600551778,0.028344378908729182,-2.318305331178161e-07
171,0.010936079828887446,0.2668796070941166,0.03166044017395506,0.10099824149269448,0.03166218947572842,7.982888744657857e-08
172,0.727801657237114,0.8586171339663167,0.012842109207714836,0.03309072849069867,0.0128438983820253,-3.4276288596313265e-07
173,0.21860582977398768,0.4946317603510686,0.02814947508671877,0.07641699260877353,0.028154237401314015,-1.7022601231375667e-07
174,0.09659745432803468,0.40268254499837747,0.036650380706542876,0.1055484781622672,0.036655978059730206,-5.456719653212927e-07
175,0.3805313659462133,0.6676277587029067,0.019384659804306637,0.0636704724064695,0.019386128361688418,3.6594621327656895e-07
176,0.6089601863508269,0.84804025640063,0.017810871238476564,0.057709542043155024,0.017813683623656963,1.8635082699169914e-07
177,0.3886357449067719,0.6695089473050656,0.020656843236230436,0.05691143668180257,0.020659807150011637,-2.5509322809647017e-07
178,0.093247453737621,0.6370845133010143,0.05685887183197276,0.1502870331943597,0.056863123078270836,-5.462623789975751e-07
179,0.12512599228989008,0.4007600871562954,0.02402250876710937,0.07484721173865667,0.024023459510894525,-7.710109911629459e-09
180,0.5555955003777071,0.7545011588989852,0.01575973125682618,0.044511305976057756,0.01576039654398373,-4.996222928710381e-07
181,0.1430010953741252,0.4252028116768089,0.027145136610048852,0.09406667739060263,0.027146302874399276,9.537412520854716e-08
182,0.15421018903899775,0.4700589178774907,0.02484868898657228,0.09157745652476582,0.024849628115148834,1.890389977332596e-07
183,0.19823756247022828,0.44824671634125635,0.01752875451743162,0.05910316959510083,0.017529389968686204,-4.375297717185145e-07
184,-0.23086696987179778,0.13851874913304968,0.03278867804248047,0.09292662303258571,0.03279686836178053,3.01282022108218e-08
185,0.42188384013391056,0.6955536842588746,0.021449117334296875,0.06177627527426657,0.021450095744378093,-1.5986608942197833e-07
186,0.2669994471037086,0.6343108440611198,0.021067821177343744,0.07150744375546211,0.021070100481817587,4.471037086117846e-07
187,0.2701900414817424,0.6261608673032972,0.024179525441855504,0.07824041972086901,0.02418121784636081,4.148174242990521e-08
188,0.4925775043295272,0.7119688279002793,0.01587173586230469,0.0565354303588127,0.015873572018699666,-4.956704728331651e-07
189,0.1819423275142411,0.5282120749908903,0.025966005937109373,0.07707756447468322,0.02597245283753342,3.275142411163223e-07
190,0.0666586520677217,0.3289040839459632,0.030494119644277378,0.08884069415592831,0.030495823263558087,-3.479322782939942e-07
191,-0.034827366766915,0.2628155324139736,0.04613560266318356,0.123989728189013,0.046144462427656345,-3.667669150053676e-07
192,0.589409250112078,0.7838864652520495,0.02070493001855465,0.0686754739641597,0.020708252713614834,2.501120780484811e-07
193,0.28346621677322015,0.6531103436419509,0.022672375964550805,0.0670408580883559,0.02267677931661405,2.1677322015190015e-07
194,0.7218883602897446,0.8501822675857992,0.010436978151142555,0.0369346398001094,0.010437953953392701,3.6028974459423324e-07
195,0.39723659869700656,0.648149059279629,0.015655148726953123,0.062375785448089416,0.01565626334205673,5.986970065818831e-07
196,0.25659614634122363,0.5124526628118728,0.024552967333544926,0.07223496621134809,0.024553838102511088,1.4634122363910151e-07
197,0.17927360740589293,0.543469992751681,0.03643269086269521,0.0978834925064763,0.03643755008692468,-3.925941070570538e-07
198,0.4495176179669106,0.681227798838881,0.019073267653291003,0.056971450926864224,0.019075107035151476,-3.8203308938555836e-07
199,0.2735443272428171,0.6181239538216399,0.02102152227143559,0.06778947662866645,0.02102279914390882,3.272428170664199e-07
200,0.3180291901138308,0.5815205768738686,0.022125279577929664,0.07284993243374449,0.02212713126810177,1.9011383078915145e-07
201,0.6114920540080688,0.7965609073858877,0.017099680676953125,0.04442699907697126,0.017102507943848846,5.4008068794964004e-08
202,0.04543815635279891,0.30311717662482607,0.03166432898173828,0.09059673101940667,0.03166828653583838,1.5635279890929832e-07
203,0.14527693160939292,0.4419901518703996,0.02336181891063476,0.07985545852218827,0.023363231851844683,-6.839060706642641e-08
204,0.023094037651800736,0.35856848642869477,0.023780508809189502,0.0739707480123312,0.023781428736209104,3.765180073625474e-08
205,0.22108195801290031,0.5125531820923662,0.027935556107792914,0.0839489041762759,0.027937608164225226,-4.198709968594727e-08
206,0.13920479034129996,0.4296372293740657,0.039911401736816496,0.10969189360937283,0.03991672448034239,-2.096587000399719e-07
207,0.3750267571105703,0.7522069262439567,0.03556346363574222,0.09483176370226196,0.03557440580358107,-2.428894296802042e-07
208,0.48121601696090466,0.735561237523948,0.019824687215292937,0.059259809409871016,0.019825430442329855,1.6960904680729527e-08
209,-0.025836796234739,0.2784469475016006,0.03193786632709966,0.09094810133608552,0.031940496388381735,2.037652609976348e-07
210,0.45006492121741015,0.6943261115394913,0.023927444121582007,0.07763192960171302,0.023931332271460614,-7.878258984073128e-08
211,0.10582160832857379,0.3902258859399982,0.024701929356835902,0.06783242647915565,0.024705958290866567,-3.916714262086618e-07
212,0.351217872692675,0.6051638365201564,0.01320391198736329,0.04621573410632965,0.013204541363341015,-1.2730732495969121e-07
213,0.14698519549495292,0.3928027835876092,0.019772721802080055,0.07328670795049268,0.01977330512071084,1.95494952920372e-07
214,0.7318665456278903,0.8712443150505326,0.012816418095048842,0.03341383014756588,0.012817251947008758,-4.5437210971499553e-07
215,0.11241755889055705,0.4846668070422614,0.02555564470652346,0.06968444622351826,0.025557498797508748,-4.411094429584983e-07
216,0.7735591503000113,0.8812484281146509,0.015958242626953133,0.03977096073186131,0.01596055162239974,1.5030001132565474e-07
217,0.06439419453468576,0.34001423231161576,0.023283767244335958,0.07304629461927943,0.023286955682664548,1.945346857490371e-07
218,0.3768802987862766,0.6320327194541999,0.021347373721581995,0.06462047401021001,0.021350163822905846,2.987862766090643e-07
219,0.4375280541170763,0.6745004249556157,0.017854137396376958,0.06312556441484536,0.01785488368819905,5.411707632019258e-08
220,0.562244690069845,0.7648747818249093,0.0145105625970703,0.05185453236114801,0.014512524654122226,-3.0993015498470555e-07
221,0.06736402078368364,0.4612272380190719,0.04281619153320308,0.11563879854072201,0.04282373400467297,2.078368364910599e-08
222,0.14055130350592415,0.4569487837369807,0.025238922406425845,0.07782776387515888,0.02524060160938362,3.0350592414296607e-07
223,0.3837692120954681,0.6457151487559942,0.014313295502158204,0.05927567070570155,0.014313658792122225,2.1209546807732238e-07
224,0.6673175789156632,0.8249395717116305,0.013587941879873033,0.03944585732169553,0.01358871378145979,-4.2108433673249124e-07
225,0.29536211359672826,0.6343950877281112,0.032231615736523445,0.09126269670433748,0.03223841258039081,1.1359672824617917e-07
226,0.38732673350896973,0.6253500870150084,0.019519561248808614,0.05901527529713395,0.01952103739647077,-2.6649103024301013e-07
227,0.29260780733857417,0.5951212648014653,0.03343344866044918,0.09650905575145181,0.0334395431241901,-1.9266142581297885e-07
228,0.19553684422173823,0.5214868317969797,0.029799842288671857,0.08666525067937404,0.029804477376677803,-1.5577826176227383e-07
229,0.15095874775612728,0.4679391291052521,0.025420073039101532,0.09401100166360332,0.02542077092010134,-2.5224387273370397e-07
230,0.3471671461965765,0.6429098221638885,0.024578617841210956,0.07553782677593836,0.024582067796766652,1.4619657651149254e-07
231,0.20797487665877812,0.585015729415933,0.03314743182480471,0.09290540823798149,0.033157063155881975,-1.2334122187485086e-07
232,0.34878455939160746,0.7396018256681078,0.02759949934814457,0.08777359299871004,0.027605621604199774,-4.406083925490023e-07
233,0.28148814594250327,0.5328823237576936,0.013465014375546876,0.04963105306043961,0.013465485807321874,1.4594250324906355e-07
234,0.0310025826294259,0.2823530589214903,0.025333300017568394,0.0827921436644077,0.02533461310169834,-4.1737057409826916e-07
235,0.5679923102101119,0.7878777796812702,0.0232539686166016,0.06499762225815355,0.02325808658642539,3.102101118201972e-07
236,0.42333897297409895,0.6918436975606201,0.016263278070800767,0.06310480743272555,0.016265080902127006,-2.7025901072619263e-08
237,0.2748129095022278,0.5366760340888017,0.023422936825019558,0.07336658630621322,0.02342471672354164,-9.04977721649658e-08
238,0.4455375362117643,0.6857167856623408,0.02126370124951173,0.07127940813257233,0.02126623639117205,5.362117642682129e-07
239,0.39166842797910617,0.6959374374042564,0.018829623523046877,0.06304747454760169,0.018831800921780755,4.2797910615455237e-07
240,0.0333386058932742,0.28560289505474334,0.032645478432705106,0.10418811643552636,0.032646963868581715,-3.941067258025899e-07
241,0.17143081012628514,0.4307415711358537,0.03149517388932621,0.0939902423183173,0.031497662095019856,-1.8987371486201e-07
242,0.08538575504772095,0.3958564920772031,0.026839459126142565,0.08310499177581157,0.026840633917337774,-2.4495227905763084e-07
243,0.45204554850363277,0.7251453500799556,0.013019685892578138,0.04488951164373581,0.013020998749100114,-4.5149636723751385e-07
244,0.1494467253509384,0.4618857607818005,0.026367212381240276,0.0806428411983929,0.026368555405862734,-2.746490616045705e-07
245,0.30136643836013244,0.5734879401134519,0.016646376059951173,0.0598907562570613,0.016647311838477764,4.3836013241538296e-07
246,0.26537937762081243,0.5681580108066425,0.017711013722275386,0.057181948665600564,0.017712154715016474,3.776208124528502e-07
247,0.7101071790909985,0.8497598150634372,0.01235544832402346,0.03393603089194484,0.012355805350332054,1.7909099847557286e-07
248,0.12062204832341228,0.4141125846675429,0.03465765599560553,0.09725149258658886,0.03466351421616685,4.832341228555581e-08
249,0.20574415348015274,0.5302344150312395,0.025966344416796863,0.07850942925133246,0.025969781517380688,1.5348015272587112e-07
250,0.3190722258761213,0.6323434425371028,0.026593604487695318,0.08158189889542009,0.02659639202362764,2.2587612125146705e-07
251,0.3026998865401094,0.6970403769837984,0.022144518990722676,0.06488062832781837,0.022148679582529498,-1.1345989064937001e-07
252,0.5990287698510792,0.888969887403411,0.017125673080761725,0.05008390254172236,0.01712886478949516,-2.3014892081008043e-07
253,0.2769909815857021,0.5283882667093328,0.021554978375000006,0.06664649824917739,0.021557140627343492,-1.8414297864310925e-08
254,-0.007744379314651217,0.5249955425860099,0.022389830191552763,0.07005975181280655,0.02239156204945406,-3.79314651217412e-07
255,0.5343431669457241,0.7431221246136314,0.021858004333105495,0.06092899150017157,0.021862216751587855,1.669457241337824e-07
256,0.1437979545352207,0.4310204435278896,0.03701000078740238,0.11815541623439764,0.037017809642521535,-4.5464779302450964e-08
257,0.22018634365035927,0.4804702816477541,0.016829277650683573,0.05757638207307999,0.016831900015259818,3.4365035928018983e-07
258,0.25134813176821336,0.5253249383534209,0.027355286848144512,0.0838460557625809,0.02735832065609538,1.3176821334059952e-07
259,0.7255730749317466,0.8824502408637052,0.010413857355751932,0.03229253902601349,0.010414195671624946,7.49317465853494e-08
260,0.3569226783519499,0.5999807520532454,0.014161162618183601,0.04683928702947569,0.014161459340125632,-3.216480500833896e-07
261,0.2030395996154768,0.517601109857125,0.019561764989453105,0.06461191333000113,0.01956457210056289,-4.0038452320256823e-07
262,0.520173539360137,0.7645986058962628,0.015867264231738273,0.0640384818568126,0.01586901041003676,-4.606398630313535e-07
263,0.2337321368086126,0.5089640935337267,0.018016870569511734,0.061537149833739674,0.018018119120301317,1.3680861260523258e-07
264,0.04531156019891258,0.3143374794659789,0.036357350638867185,0.10423258797869893,0.03636490380030155,5.601989125844642e-07
265,0.1967140918494149,0.45257288529635237,0.022253472202363317,0.07725234449098249,0.022253969231636264,9.184941490714138e-08
266,0.06071743515961259,0.289806653457165,0.022948477491884743,0.0832210248289606,0.022949543463754316,-5.648403874139452e-07
267,0.0447112863243706,0.30289420448882043,0.018125805646972644,0.06120697715469488,0.018127925428681475,2.863243706019425e-07
268,0.29498813868689366,0.6152516788498511,0.025534538841015645,0.08204206115836528,0.025538399907420926,1.3868689369145315e-07
269,0.3025006199815554,0.6650565078551269,0.02126106342626951,0.07315570494328251,0.02126357073509724,-3.800184446012267e-07
270,0.38212242178063693,0.683912765108635,0.022386322246191432,0.071736983346724,0.022391189873675426,4.217806369166688e-07
271,0.4158067371784365,0.7138203758343404,0.009352830683847685,0.04311133057669462,0.00935296852976847,-2.6282156345702745e-07
272,0.12565808471989326,0.39442944287729614,0.01924378767119137,0.07057254085745485,0.01924560926464406,8.471989326741536e-08
273,0.34613383477616955,0.6277810415194447,0.025874731190039083,0.08353972388536372,0.025877960650840873,-1.652238304505893e-07
274,0.7624675952736473,0.8967254296989907,0.009752771338759758,0.030356882589312933,0.009753231199709531,-4.047263527651168e-07
275,0.5119111987352443,0.7972349311486001,0.016976260818388662,0.05503376014338727,0.016976900142982695,1.9873524426117228e-07
276,0.7971573608110243,0.928584789085144,0.012944420798242175,0.03599321258515533,0.01294588454927592,3.608110242803164e-07
277,0.20204812377274017,0.4518385307983842,0.01790316618798829,0.06974536071482342,0.017903461190658748,1.2377274016817097e-07
278,0.1465014950113176,0.44317192273073247,0.033679887012822325,0.09421830147038047,0.03368251798427952,4.950113176027671e-07
279,0.21323325043506702,0.5176356421592525,0.02410159807058597,0.07963853927314314,0.02410229288136219,2.5043506701738494e-07
280,0.207817574984813,0.48356850396534523,0.01833083137121096,0.06942366208383674,0.01833183002148276,-4.250151869888974e-07
281,0.7977567848562976,0.9040612006956564,0.009302329058339835,0.02680808627449161,0.0093025721526902,-2.1514370240893754e-07
282,0.6862109454089441,0.8505903158074251,0.01636632407998046,0.04673868261134439,0.016368521878139336,-5.459105589800117e-08
283,0.44970698533743314,0.7825404834528654,0.02296235738964844,0.05820152097656132,0.022966494989749453,-1.4662566882872596e-08
284,0.26718432789453417,0.5787155585911598,0.02431741876748045,0.07307666704282353,0.024320756234328295,3.27894534191131e-07
285,0.45582999766366694,0.6808638647032718,0.013103408120546863,0.05038697282474783,0.013104543540002662,-2.33633307145098e-09
286,0.1239271089041889,0.4482876925850843,0.025790898054121134,0.07668868282740146,0.02579208114539466,1.089041889029696e-07
287,0.8647402127490866,0.9369601914292648,0.011029207249609383,0.027461071019025132,0.011030520473884725,2.1274908668100778e-07
288,0.20512060850021685,0.513464666231592,0.027879626737802737,0.09389186874112887,0.027880630182035845,-3.914997831477862e-07
289,0.7785363774382491,0.8945502815512144,0.010851609092226574,0.029790074450119764,0.010852194066833635,3.774382490995265e-07
290,0.2286568107338971,0.49398993793900153,0.018443608571445273,0.06476772050432651,0.018444818526824575,-1.8926610290126433e-07
291,0.1662430927161188,0.5585271973412478,0.023985914126904262,0.0849996395797199,0.023986919087423862,9.271611881023212e-08
292,0.20074248743550227,0.5705858772927302,0.029318762229882788,0.0859163838792109,0.029323842603208097,4.874355022665977e-07
293,0.24233593037357815,0.5977957041127823,0.03896839935664066,0.10736200045685916,0.03897690476427684,-6.962642185026624e-08
294,0.706027700638462,0.8648492274998034,0.01219138722271486,0.033402414938176535,0.012192000377189509,-2.9936153800314e-07
295,0.032349784843174745,0.2986560832639169,0.031626627901367166,0.09634130122876607,0.031630765942549294,-2.151568252520275e-07
296,0.541769165210308,0.7535576530086002,0.018610401687695333,0.05052901053093311,0.01861304267370726,1.6521030810068282e-07
297,0.40811982623317644,0.6582183046638468,0.020782601822617187,0.06502640960839068,0.02078435028114337,-1.7376682354131034e-07
298,0.03201668923153178,0.2879158541676261,0.027017512235742176,0.08961186395580117,0.027022148323045794,-3.107684682160383e-07
299,0.32326314040812854,0.6970299471215077,0.028997445371279268,0.08201452599061956,0.02899988915974888,1.4040812851279227e-07
300,0.43950814147474615,0.709579752214476,0.025482186021874968,0.07075481375385477,0.02548704397989275,1.414747461403465e-07
301,0.46133681882371025,0.68518263323499,0.014321737227841773,0.050209212332388745,0.014322697284829215,-1.811762897485636e-07
302,0.22371836485337915,0.5236404332023025,0.041792847830664025,0.11662017587569312,0.04180238611519729,3.6485337914782257e-07
303,-0.0074335339034616865,0.23842983733663725,0.025665859507949203,0.08193968793097092,0.02566683838341476,-5.339034616861499e-07
304,0.12510886309374747,0.40882946477816495,0.02646329098964845,0.08511460825607721,0.02646616234594722,-1.3690625252915645e-07
305,-0.06816394213330312,0.23555534938710043,0.02340646498841796,0.07404476580824036,0.02340860987416211,5.78666968786834e-08
306,0.13063736014706073,0.3766136054024537,0.022221807012060533,0.08074250950116242,0.02222249228216609,3.6014706072950986e-07
307,0.4146830185037327,0.654330234569031,0.01551736992451171,0.047779245590479795,0.015517876441964864,1.850373265721572e-08
308,0.13555616267478277,0.4705480877844759,0.017398968868330086,0.06369535758532553,0.017399940415579115,1.6267478275544534e-07
309,0.1427168460888557,0.3874585460151672,0.018380344904042993,0.07039979727691015,0.018381035448113207,-1.5391114430163277e-07
310,0.4097709688821578,0.7247724384679698,0.021511445737597657,0.07780935547797814,0.02151445799407297,-3.111784219189673e-08
311,0.196900835013175,0.5935673065013731,0.03159272717011723,0.09848062998998915,0.03159744472549014,-1.6498682497978479e-07
312,0.5382909830076654,0.7475393517894545,0.017529993051757776,0.04779653927842351,0.017532092544384894,-1.6992334539445153e-08
313,0.27712602882675264,0.703852781685677,0.0301943067218945,0.0932268214965865,0.030196860087455906,2.8826752651589516e-08
314,0.4493949147159322,0.6746497042083047,0.015333833331249994,0.053357396779601426,0.015335531802739274,-8.528406780783371e-08
315,0.3993645756319837,0.660056058820821,0.022048138633203127,0.07214960402040098,0.02205091708624255,-4.243680163384944e-07
316,0.04313209599285939,0.32341715282880235,0.030396747019726566,0.08639522216167914,0.03040444820801985,9.59928593904924e-08
317,0.16020945998702063,0.4929599956101031,0.03212704669746097,0.09661482453225953,0.03213161749073858,4.599870206400958e-07
318,0.12787144809791917,0.4429680865227133,0.029616411259638705,0.08996877160348232,0.029617645698528774,4.480979191590073e-07
319,-0.019262105456203438,0.11198849102717533,0.015721013930488303,0.07168241328086242,0.015721231681023583,-1.0545620343638262e-07
320,0.20990211270046855,0.5711284745060276,0.03846287480244129,0.10476858872346922,0.038479278345643284,1.1270046854083837e-07
321,0.45185183162723386,0.7685343529676911,0.02086440966787111,0.062119939817998474,0.020868024053460017,-1.6837276611836316e-07
322,0.0006330095341705588,0.24443132927218075,0.025957803166572303,0.08666211409254644,0.025959179614690152,9.534170558839032e-09
323,0.8413409401126809,0.9286792431296972,0.008886531287656263,0.023745510278176042,0.00888699434076385,-5.988731910377965e-08
324,0.2255801954396076,0.5323381352870173,0.01980085836688476,0.06864097336838254,0.019801806737389068,1.9543960760870505e-07
325,0.20766781573745963,0.4858974831394448,0.023206057579111403,0.07111155051841589,0.0232082866944339,-1.8426254036474354e-07
326,0.17121536239352353,0.5251532001939274,0.04328910834707027,0.11460356359928739,0.043300815540937176,3.6239352352307463e-07
327,-0.0015871491979224661,0.28886931139095584,0.042139194900859385,0.11102637046233133,0.04214283506873126,-1.4919792246602913e-07
328,0.1868163430129557,0.4517941513565203,0.03040611294462887,0.08755710472680366,0.030410533523177612,3.430129556780681e-07
329,0.11459744208992007,0.49462355116821627,0.028628843623437525,0.0925267780121416,0.02863349987433634,4.420899200607842e-07
330,0.294085947955254,0.5647931362760228,0.016592526000488314,0.06159077451032201,0.016593399964908426,-5.204474601283593e-08
331,0.07438414839107543,0.3398751882220099,0.030080598063183594,0.09271379832592677,0.030085600435079213,1.4839107542741203e-07
332,0.41611464311060464,0.6992475597859834,0.021041301702343793,0.0647474319773705,0.021043689420355133,-3.5688939536981934e-07
333,-0.05799088773906447,0.2775747865056449,0.0308181115918653,0.09023666480246267,0.03081968159267515,1.122609355336257e-07
334,0.5503560093526332,0.8557856087091299,0.011170095355371078,0.0432798702163138,0.011170444449409423,9.352633223436158e-09
335,0.31241915436712053,0.5973167388718534,0.02104250047624023,0.06017257916828559,0.021044455032191593,1.5436712053062962e-07
336,0.4190759292894589,0.6993932591749317,0.02110434164460939,0.06235383739292964,0.021105722928907965,-7.07105410890918e-08
337,0.1211379442215319,0.451912349850714,0.04281821407402343,0.11962836373086219,0.042827163961983994,-5.577846809434739e-08
338,0.1748698253065416,0.521939103964771,0.022807987436415985,0.08124608036981552,0.022809276489903618,-1.7469345839349337e-07
339,0.5233962404233892,0.7322953122962981,0.015866676902158226,0.044520829803759404,0.015867288983148094,2.4042338919727513e-07
340,0.15446965866520757,0.4299055647886258,0.022288226746953115,0.07505405141873757,0.0222897349771895,-3.413347924308141e-07
341,0.019551429981036983,0.2668424038703779,0.026475800441464872,0.08037201762127281,0.02647667254863895,4.2998103698399515e-07
342,0.6777484899263158,0.8263457223311006,0.013057980272656255,0.034369634890704534,0.013059335181293182,-5.100736842900133e-07
343,0.23928681742466085,0.5036031461554993,0.020674497576796878,0.07302465982603334,0.020676325067434335,-1.8257533915266855e-07
344,0.457914370786348,0.7355853603729856,0.017408362449433588,0.06192096480744724,0.01740948178074852,3.7078634801401833e-07
345,0.3679179004131704,0.8103625629494908,0.017882795900683597,0.062298723726609585,0.017884933352318947,-9.95868296160829e-08
346,0.2241766378919291,0.49855302255316025,0.021198879179345678,0.07247493864354068,0.021200520514103646,-3.6210807088932206e-07
347,0.28182724485635724,0.5474477867365255,0.03191093213056641,0.0927873430592197,0.03191452927141529,2.4485635724547095e-07
348,0.2619720034616392,0.6136138993239291,0.014403039825234382,0.06639826643248649,0.014403459068733979,3.4616391975106353e-09
349,0.12177094162739599,0.43812887943036766,0.03826303079643556,0.10455361079448473,0.038266482492469424,-5.837260401431177e-08
350,0.10687903187784098,0.4433312424547956,0.016181217186074192,0.05732941045095728,0.016181703906160597,3.187784097802293e-08
351,0.04892363153731416,0.29686497169282505,0.022851523192880814,0.07924955615099029,0.0228522700877925,-3.6846268584161956e-07
352,0.7114804230910621,0.8603797557960552,0.01515610130156249,0.03627393054214805,0.015158725987975257,4.2309106207394365e-07
353,0.2196513000621002,0.4943068502910981,0.02710826143398437,0.07647362994351786,0.02711519197672741,3.0006210019473123e-07
354,0.2945496657363291,0.6363759079057228,0.036742435815429686,0.09750838603636053,0.03674913366475755,-3.342636708536517e-07
355,0.0497466972985644,0.4271509034589762,0.04306578478388665,0.11888460440637987,0.04307191092331323,-3.027014355977409e-07
356,0.2635409251689418,0.5421458183313221,0.01908426967695315,0.06306734313592513,0.019085393395906505,-7.48310582388001e-08
357,0.3884423946753439,0.6836476432002402,0.025090338338769475,0.07745273686877795,0.02509399095986801,3.946753439065809e-07
358,0.37697875664970315,0.6801888699735766,0.01475431604242188,0.060568933504319016,0.014754673786750808,-2.4335029685795817e-07
359,0.19837812656021725,0.47046650607195023,0.018572703127040995,0.066202112178028,0.018574242633824487,1.265602172506597e-07
360,0.18399155273417733,0.6295955163628284,0.032435384551074115,0.10024413998332427,0.03243923417338409,-4.472658226561954e-07
361,0.4185689984773444,0.7187983357327001,0.026971447234384778,0.07819037010628221,0.026973482041041552,-1.5226556127068136e-09
362,0.2556830210033795,0.5340634630049932,0.02479814032744146,0.07856072388547473,0.02480061848261817,2.100337948007791e-08
363,0.2678842443130115,0.5340093603817885,0.025562326733378913,0.07328278243397536,0.02556485150993328,2.443130114881953e-07
364,0.1975980756646476,0.5121746817276841,0.017653237274111312,0.061856951857135765,0.017653705004611983,7.566464760300207e-08
365,0.3530975540063732,0.5942682915955976,0.024007539280761676,0.07265653326168582,0.02401073710756402,-4.459936268075282e-07
366,0.06967581668760803,0.32435892556849205,0.024373525801357376,0.07689288261854489,0.024374594645126018,-1.833123919742219e-07
367,0.27940721072542696,0.5352979155654336,0.020114386336884726,0.06851084911681225,0.020115243708313846,2.107254269412273e-07
368,0.4306073309810108,0.7505161028430943,0.014859617034833976,0.05595526969574581,0.014860179244601993,3.3098101076545206e-07
369,0.42475039405777615,0.6695681369777731,0.017815603422363286,0.05487019156872695,0.01781634545212808,3.940577761318842e-07
370,0.3704261817002177,0.6353261870922616,0.018813762996621113,0.06309358547143819,0.018815502751574138,1.8170021770513856e-07
371,0.06604032251563907,0.3070925958648484,0.022250613153857426,0.08492942104762238,0.02225134512943402,3.2251563907015335e-07
372,0.018542460018026397,0.2562700423669154,0.03343461946206064,0.10491918849103049,0.03343696360754046,4.6001802639708544e-07
373,0.14938238404923743,0.39909402862821536,0.022451174717578116,0.07732791083049786,0.022451906826212637,3.8404923743962094e-07
374,0.6832747967729084,0.8610283648582356,0.013617837129941412,0.04207038421693872,0.013618910269291896,-2.0322709159970032e-07
375,0.1612323944651194,0.44629947762114647,0.02381748268427735,0.08618313900020985,0.023821380081215333,3.944651194021098e-07
376,0.6368310404236008,0.8234267785412626,0.016235132105234387,0.045849414325938385,0.016236026712579295,4.042360080003249e-08
377,0.19988905390319445,0.545854889422821,0.031013364145410158,0.09254503027363659,0.031016736188816722,5.390319443576708e-08
378,0.15137391309712223,0.413344930921164,0.023456424895859362,0.07171819697186113,0.023457355161551445,-8.690287778279071e-08
379,0.1936623730125423,0.45476105562783814,0.014315501248281279,0.06274395078644658,0.01431646269681914,3.730125422984898e-07
380,0.16014240898629462,0.4372290133089801,0.024098777712695297,0.07347216774385944,0.024103221401875524,4.089862946088374e-07
381,0.2647698681290064,0.5741634538194913,0.020875802057978482,0.07438673870370772,0.020877756189651858,-1.3187099362488297e-07
382,0.05873455637298397,0.37263026596530896,0.03756000119765632,0.09990789630070761,0.03756406176004039,5.56372983968878e-07
383,0.08422770303288007,0.3715029789751681,0.02747022973447263,0.08029627035725845,0.027474691162742648,-2.969671199226642e-07
384,0.5245001024331746,0.7330493565389387,0.012776668608603539,0.042229973284530674,0.012777146484742642,1.0243317460911783e-07
385,-0.07278257885636652,0.236112135131214,0.022336300588017593,0.07385454660896613,0.022337094083799955,4.211436334805585e-07
386,0.4978361244438376,0.7125284294959541,0.016198940661328123,0.05144101042659998,0.0161993863848526,1.244438376235557e-07
387,0.18872823773339797,0.5118602808387633,0.02713814664873047,0.09174505649464199,0.027145001364193958,2.3773339796751003e-07
388,0.07074581363336074,0.396135814506237,0.04104169118019534,0.11569327981029799,0.04104538892398447,-1.8636663925986063e-07
389,-0.31102962992469907,0.16086371396535618,0.020261288185380824,0.0706302043038569,0.02026198492311228,3.7007530090393814e-07
390,0.5991384257448312,0.8050990403850563,0.013929498232460943,0.04854063113588379,0.013930046445120475,4.2574483127832963e-07
391,0.3091756601496125,0.6935804583105083,0.024363041130273454,0.0869345365562795,0.024366353312031675,-3.3985038749850816e-07
392,0.11007532960670496,0.46932177028981487,0.0399283937427734,0.11158196515400819,0.039935587979205496,3.2960670495740807e-07
393,0.03822726698105805,0.40469818105903216,0.04361454973125003,0.1143432184326167,0.043620587104039044,2.669810580530063e-07
394,0.09516687814432812,0.3619729113294267,0.02619507369475581,0.08976989146740168,0.026196178355375757,-1.218556718862729e-07
395,0.4296098260572637,0.6796513001069467,0.015012563003427723,0.04625706217289761,0.015013924724811691,-1.7394273627013845e-07
396,0.8011173913117167,0.9116744213764795,0.011040283996230513,0.028640423975367334,0.011040730550943264,3.9131171669648523e-07
397,0.2771173899643937,0.6275034276977711,0.026728870630400418,0.09233029969964497,0.026730066607355413,3.8996439372107616e-07
398,-0.19309395137087626,0.12692516811024696,0.029900564942089786,0.08780967362689288,0.02990651764601616,4.8629123727828016e-08
399,0.17486182954788854,0.4365868710380789,0.029583654600585964,0.08402472260308333,0.029587462341299497,-1.7045211145316763e-07
400,0.6488984697453655,0.8620774137650474,0.015707426714160175,0.046251673084998536,0.015709951411750706,4.697453654944894e-07
401,0.1284688760309275,0.4016105686732944,0.024719278038750007,0.0871307475293389,0.024720758411949803,-1.2396907250744604e-07
402,0.26979558320737884,0.5240245887511212,0.023191240491191437,0.0728659859179133,0.02319335705387024,-4.1679262113847315e-07
403,0.3990911036615501,0.6634617746937751,0.01691069474257812,0.05690265205473761,0.016912472375342054,1.0366155012153655e-07
404,0.06130951708178711,0.34491048619105513,0.029308891416503922,0.0878937623911762,0.029312186112085355,-4.829182128907039e-07
405,-0.1218889524272102,0.26615376652260403,0.020344166105273422,0.08047775235439814,0.02034637641149387,4.7572789790839565e-08
406,0.16480577721815637,0.5127169760620581,0.03718183030625,0.10299788736727633,0.037188872498994135,-2.2278184363955233e-07
407,0.033526438584244866,0.32830468025613085,0.030231334218701163,0.087136854274296,0.03023375028838796,4.385842448662025e-07
408,0.26476492003746377,0.52319721535291,0.02665542944843753,0.07256912364738248,0.02665942227809908,-7.996253620357052e-08
409,0.3401082731581607,0.6189397968874509,0.02667151398583981,0.080546383151649,0.02667574431873898,2.731581607018363e-07
410,0.4123686076396872,0.6802762985148633,0.014429674891708964,0.04716825826223408,0.014431008623709038,-3.923603127953257e-07
411,0.2284426760916074,0.5284711639240283,0.033028823841406256,0.08859613376319969,0.03303376327432062,-3.2390839260765247e-07
412,0.786872627435591,0.9306665590348545,0.010231034666181653,0.025707005300573432,0.010231358203213891,-3.7256440899025023e-07
413,0.1887291286936128,0.49955791341922556,0.025098481590800775,0.08451999451766455,0.02509971120331388,1.2869361279421732e-07
414,0.4983673721635117,0.721731865149237,0.020610365733935637,0.04922587810699729,0.020611200319773416,3.721635116749056e-07
415,0.6531287972907984,0.828158448612817,0.015132338946123067,0.0396796550876939,0.015133096456117153,-2.0270920153553362e-07
416,0.006986267804294566,0.31406076265841076,0.03352556345410159,0.08599121798337707,0.03353251021658061,2.678042945658196e-07
417,0.3504162728592015,0.6118779296427245,0.02378567908145504,0.07593579535491143,0.02378799276348,2.7285920151109977e-07
418,0.06503081278801093,0.349617404726929,0.027897711597851566,0.08225766143124276,0.027901476826815357,-1.8721198907778458e-07
419,0.06786504951287131,0.36328384881010906,0.032304417495703106,0.08919935901294167,0.03230791593576467,4.95128713168258e-08
420,0.285963816711727,0.5718490768474559,0.02476713370517579,0.07974134821372461,0.024771006679318204,-1.8328827300351236e-07
421,0.1302447337906274,0.6045356803839265,0.034223040147070276,0.09675117537330018,0.034226571819306106,-2.662093726013559e-07
422,0.3112737831516519,0.5589839601269347,0.012543635015546877,0.050519397425538494,0.012544017725248623,-2.1684834811130926e-07
423,0.17832303374022196,0.4635012941455433,0.02861632617382812,0.08301457377917326,0.028619188533416964,3.374022194968518e-08
424,0.20958316180489378,0.475234103827617,0.024137603710673805,0.0781454394981994,0.024139809885315926,1.618048937890304e-07
425,0.4708562057557182,0.7321506419395569,0.015425355194111342,0.06311447199300028,0.01542592266968822,2.0575571818559624e-07
426,0.3773083920952345,0.671659321004758,0.023854144303808555,0.08081166940020146,0.023857387288563202,3.9209523450267625e-07
427,0.3320583287754848,0.5848135153192824,0.022562017141601564,0.06592810099135134,0.02256485252814599,3.287754847813851e-07
428,0.3436139303213773,0.6724392471099218,0.02639340161357426,0.08192184441071448,0.026396893592635397,-6.967862264950497e-08
429,0.24300904708581061,0.501359404464215,0.015688779428652305,0.060660988859901926,0.015689138344049676,4.708581061163564e-08
430,0.6647759816027045,0.8373025871438257,0.014179776350390636,0.03971002281184111,0.014180289480331012,-1.8397295575844907e-08
431,0.3585465607236209,0.6130034136620659,0.019004934087441413,0.06695141391569741,0.019005531736152607,-4.392763791050136e-07
432,0.20604863178697863,0.46826850943320075,0.019423012539374993,0.0666855790577006,0.01942423347287901,-3.6821302137890477e-07
433,0.41375935852836376,0.6586135202669124,0.014120296261982425,0.055900124742132226,0.014120744518804046,3.5852836377525676e-07
434,0.6828303633052152,0.8275450303776225,0.011671539639746095,0.03835476592929974,0.011672847206409891,3.633052151341687e-07
435,0.05096633725806399,0.34441208065924395,0.021048814610751945,0.07354128922079944,0.021050799057790674,3.372580639898759e-07
436,0.08823804492106568,0.42844789260950417,0.036423950211621085,0.10649273672391726,0.036435360254385304,4.492106568665388e-08
437,0.25611740832375174,0.5860266659351855,0.02792960260807617,0.08915435011545211,0.027930791192002334,-5.916762482738314e-07
438,0.25123854288398506,0.5213348572382122,0.022072758907031222,0.06570486216007156,0.022076199798459466,-4.5711601492914866e-07
439,0.7547377730318495,0.8933024917696116,0.011970896008203108,0.03668693726281409,0.011971294635674376,-2.2696815049627617e-07
440,0.15103961620867046,0.42407218224759113,0.024542105136035164,0.07130024660773142,0.024546403240698293,-3.837913295501316e-07
441,0.2854485687496824,0.582646457309765,0.014721770641767573,0.06185801907527556,0.014722221307806248,-4.312503176229221e-07
442,0.07918945264739918,0.36538959980775326,0.030939822652343737,0.08166990901711901,0.030945967051466725,-5.473526008131779e-07
443,0.3472191034103219,0.6514046086934941,0.01844784362939452,0.06066999800309079,0.01845031663049931,1.0341032191663047e-07
444,0.17023227263961627,0.4921118725396283,0.019727451620302743,0.07729641441899165,0.019727907503836968,2.726396162722189e-07
445,0.1991780377977257,0.4635505897962975,0.029444138818261724,0.08598929302243495,0.02944882671808932,3.7797725699340035e-08
446,0.2601683320532473,0.5491426119826853,0.02690825732939451,0.08375334028595303,0.026913418434907514,3.3205324728724506e-07
447,0.6552290698273993,0.8144803850359844,0.013078129293701168,0.04079366144376614,0.013079379722687145,6.98273993071652e-08
448,0.3703217894835129,0.6589683291935463,0.023401578329843756,0.07116179756087053,0.023403423296827233,-2.1051648707581805e-07
449,0.3456611536659604,0.6291630847319035,0.023313740100400375,0.0746576255236417,0.02331530509595586,1.5366596040067293e-07
450,0.3129744805883452,0.5783816091707336,0.03205443480351561,0.09279196723482609,0.032060100576699876,4.805883452307924e-07
451,0.237283935347542,0.5168126469578227,0.030451325997753936,0.08761489858923976,0.030455342049298416,-6.465245799835984e-08
452,0.24479662935965218,0.5079063257266058,0.022400251722275354,0.063080030576191,0.022401760937198343,-3.706403478020981e-07
453,0.5693916215878987,0.7845401328994951,0.01547562556015621,0.05351421370500301,0.015477386790813206,-3.784121013206132e-07
454,0.5194040307770089,0.7586935991941093,0.01904219253291015,0.05006933548319675,0.019044716188246158,3.077700894138502e-08
455,0.26382971009134926,0.5356043711490273,0.030241736259082042,0.08682964300908211,0.03024759001165706,-2.899086507524018e-07
456,0.03663893590772094,0.280229724690899,0.02694495386142581,0.07671498541752658,0.026950091877577204,-6.409227906040149e-08
457,0.12843481646744392,0.38077454368857744,0.023525237638828092,0.07689487816078722,0.02352647863940249,-1.8353255606951002e-07
458,0.14602248142909757,0.43672609293002657,0.02576462776572264,0.07279391125620809,0.025769162262129254,4.814290975596602e-07
459,-0.04385122677168041,0.31444478924363095,0.05663604716748042,0.14283421162819535,0.05664907485152745,-2.267716804060793e-07
460,-0.08699665839552706,0.40549271118321584,0.028563154948837894,0.0757026994696111,0.028565187535893065,3.416044729448453e-07
461,0.16183980387296104,0.4348984886880229,0.031794421191699146,0.10352168855088381,0.03179609441919711,-1.961270389705394e-07
462,0.8031658385115006,0.9050747030139857,0.009948667131777333,0.026983576777213424,0.009949065876906442,-1.6148849946162613e-07
463,0.03787642014241255,0.3618206579597989,0.03218797903125974,0.08944281532704086,0.03219097450155104,4.20142412548008e-07
464,0.20951967203067767,0.5486608174995874,0.029331268199003953,0.08531154092552115,0.029333324157614162,-3.2796932233902787e-07
465,0.17372431162736102,0.4514182296744996,0.023734937108857424,0.08523910833571961,0.023736316425730198,3.116273610270781e-07
466,0.020892377532328643,0.28969357824957714,0.03358889473108391,0.10622825000242157,0.033590341546367516,3.775323286422938e-07
467,0.2970313353619014,0.6379518985726272,0.027599715820117197,0.0853450468740617,0.027602638266005192,3.3536190141569833e-07
468,0.2533485167464622,0.5435328825267608,0.022610331493417967,0.0692742078395496,0.02261243197172104,-4.832535377974345e-07
469,0.2318601152051315,0.49617658898302996,0.019126289501845726,0.06420314124571988,0.019127170924535516,1.152051314901037e-07
470,0.2341255910179224,0.5935268829949594,0.02365768759822267,0.07527586093228084,0.023658814014941087,-4.089820775932118e-07
471,0.13860425991490977,0.4442387302969259,0.010430096052890614,0.04979321665571787,0.01043021714312235,2.599149097615161e-07
472,0.3827325276556959,0.6851483224743272,0.027727743599999997,0.08945623347558826,0.0277336909790957,-4.7234430411435824e-07
473,0.03973143167629534,0.32006733799844556,0.03654883230898437,0.10325216123336502,0.036554074382575276,4.3167629533436003e-07
474,0.03890694154881069,0.289880555914242,0.02727241125732419,0.08374064511035523,0.027275623900319915,-5.845118930536408e-08
475,0.18345694903533172,0.5697029561846704,0.02683214898535155,0.08728210542219192,0.026835902359315544,-5.096466829113133e-08
476,0.6107010231553192,0.885902069870444,0.009424449265380863,0.04011683048075167,0.00942472350004769,2.3155319106571426e-08
477,0.2850355472742616,0.543514982555439,0.03155714231718748,0.08969647824384373,0.03156323540409018,-4.5272573839794106e-07
478,0.294841613452378,0.556935006356518,0.025425335231347632,0.08007738732583372,0.02542919404542812,-3.865476219666597e-07
479,0.038777387310847566,0.4124991252776467,0.05086382084814454,0.13345701525485618,0.05087513603802589,3.873108475674347e-07
480,0.07649976666902147,0.43906550435444364,0.035668567160019565,0.10926963719153243,0.03567162500056085,-2.3333097852462625e-07
481,0.26861810045179335,0.5698733965776488,0.023457911367216807,0.07928419175731265,0.02345877103288291,1.0045179332784926e-07
482,0.6192738975886511,0.8143633940170758,0.012423459691269548,0.0388171148063069,0.012423933067346083,-1.0241134884569902e-07
483,-0.004801203234100271,0.3007706758702228,0.04689808289306639,0.12263870259931259,0.046909561831721035,-2.0323410027112132e-07
484,0.07855936758241078,0.3638598635236191,0.03025970195556644,0.10580018145964042,0.03026104251400021,3.6758241077350373e-07
485,0.25584101226794187,0.5281105241440937,0.03501933644316411,0.09754961665404249,0.03502544033715929,1.226794188458058e-08
486,-0.04838545141270467,0.27395508968756316,0.04579113481621097,0.12173291158335775,0.04580596181670036,5.485872953264748e-07
487,0.22996252713925092,0.5071683029965766,0.023114508732031244,0.07343776067131161,0.023120579481777252,5.271392509165196e-07
488,0.3826368971886792,0.6679935572683496,0.025222173492988272,0.06957702749341442,0.025223738948601655,-1.0281132079015265e-07
489,0.059374816689976795,0.3558565161454954,0.024068689287500018,0.07373894119157105,0.024072599272215025,-1.8331002320237655e-07
490,0.49153222946725494,0.7146284517220379,0.019243495076289054,0.06140035646068374,0.019244078721870096,2.2946725491967968e-07
491,0.11576052714327567,0.3875419254822694,0.020236215160839875,0.06956690326337367,0.020239700279358317,-4.728567243317272e-07
492,0.1929973993548857,0.4487613456682627,0.01408824559260744,0.06389415118230928,0.01408852271103146,-6.006451143125702e-07
493,0.2214125595763391,0.5101908051534392,0.022041650362890634,0.05929466377959369,0.022045542721709024,5.595763390986441e-07
494,0.34026302666644903,0.6372071430755745,0.0235212704929687,0.07257237562670325,0.023525109407364696,2.6666449048917684e-08
495,0.266813591074915,0.5498514686779322,0.024403555907714806,0.07607364925081207,0.024406903822237626,-4.0892508501588765e-07
496,0.16718787615571729,0.6784888922544018,0.04696576936250005,0.12678007099097177,0.04697086145480202,-1.238442827178332e-07
497,0.7738375872496475,0.8880090622051762,0.012332768135361336,0.03063346275377497,0.012333554886537436,-4.127503525630516e-07
498,0.05774078712509656,0.3978716452918008,0.04356785227382807,0.11197302040281952,0.043575034032057015,-2.1287490344079618e-07
499,0.10356891313791372,0.3621777468752413,0.029523881348925776,0.08681522460611613,0.02952853223744298,-8.686208627373126e-08
500,0.1144134932875509,0.3709170822425947,0.019592096068632756,0.06426372512903347,0.01959405115345576,4.932875509039425e-07
501,0.3999089350799566,0.6542367941614495,0.02206155356914061,0.07103081887952421,0.02206525061291343,-6.492004339664348e-08
502,0.14878602323516799,0.47329077988500284,0.03416570691044925,0.09631623358704253,0.0341758155562074,2.323516798408143e-08
503,0.29711353959510667,0.5820591648342542,0.02906579333095702,0.0921509050612657,0.02907025288217066,-4.604048933209981e-07
504,0.611552501097391,0.786873360131838,0.014267142944345697,0.04468306729094909,0.014267599486555895,5.010973910257732e-07
505,-0.014907688275595854,0.2685514599804665,0.035287305878613326,0.10206768157591746,0.03529347290124746,3.117244041454109e-07
506,0.8729265590261708,0.9415410404457202,0.007880323086249991,0.020547594602648676,0.007880621179335976,-4.409738292299181e-07
507,0.2686663348333922,0.5995444699720789,0.028264730136328145,0.08755524669630765,0.028271082272509383,3.348333921793234e-07
508,0.19844497661686233,0.47736994594066146,0.03112995806025388,0.09190791067372663,0.031136514631822477,-2.33831376761362e-08
509,0.3253209281067184,0.5904092720962406,0.02442264483584958,0.06777106350446623,0.024425085270931183,-7.189328160572828e-08
510,-0.2584249479948313,0.16898758713827214,0.026221922785283167,0.08272417950424821,0.02622314158393324,5.200516872694294e-08
511,0.3617544084197365,0.6043799950997126,0.012446432187177748,0.04887477352794263,0.012446638004410388,4.0841973647509633e-07
512,0.08330234878263898,0.36828620356052433,0.02074520326951175,0.06352525800786406,0.02074574614046252,3.487826389786397e-07
513,0.3658412696770261,0.6934202613216486,0.013843202731103501,0.060118545428852345,0.013843503480386002,2.6967702609903554e-07
514,0.597019354704688,0.787896724433118,0.014881664743134754,0.04494175055671256,0.014882656205450748,3.547046880658655e-07
515,0.46082475901978837,0.729508578195068,0.0204716444044922,0.05661623739438864,0.020474263099596313,-2.409802116187798e-07
516,0.5879717564308412,0.7672503392601522,0.018606801899511725,0.05575729425521236,0.018608832093318973,-2.4356915884204966e-07
517,0.5832247762628953,0.8131260619549777,0.01406567135378907,0.044011678336974384,0.01406614155634703,-2.2373710473200248e-07
518,0.26458329052493423,0.5612909339028075,0.024501646978710913,0.08160338605127632,0.024506202162161372,2.905249342211036e-07
519,0.16221048326399934,0.5012625676428328,0.02428294669013672,0.07201195841401735,0.02428767741479836,-5.167360006552713e-07
520,0.2686309842557304,0.6120405600098384,0.019906755886367155,0.0759373716490162,0.01990740963395416,-1.5744269610262762e-08
521,0.19053201090317562,0.5791096743466793,0.04189873418759766,0.10631367460275487,0.041917633440083306,1.0903175612364535e-08
522,0.6813894469616426,0.8264328058350253,0.01637029330081053,0.04492776513498962,0.016371585567851097,4.4696164258617443e-07
523,0.6571973231934101,0.817801569500931,0.015119098174218748,0.04076111321250473,0.015121126440465388,3.2319341003450575e-07
524,0.032815961784561365,0.4084601118396595,0.02038871601046873,0.07093870409434161,0.020390433045607784,-3.82154386330269e-08
525,0.32577567457469436,0.6527218273876936,0.028540306799150348,0.077438517727528,0.028542601665711043,-3.2542530564727556e-07
526,0.7066726516877742,0.8491884320780935,0.011083782434374977,0.038304750257280265,0.011084951864650337,-3.4831222583964205e-07
527,0.6484432618280702,0.8087653222268042,0.015240869782324206,0.050006006952789686,0.015242708898987767,2.6182807022490096e-07
528,-0.01356172289861135,0.1984347342716042,0.0289338681541016,0.09893345447182118,0.02893492155046444,2.771013886491286e-07
529,0.08336497004227361,0.36115726847527496,0.03000056142089845,0.09336494519386987,0.030005077188015754,-2.9957726382923155e-08
530,0.4801852853800176,0.7142860784239267,0.018473070509726554,0.05233183870284048,0.01847381927209547,2.8538001761724274e-07
531,0.5959427653087805,0.7859766487342461,0.014779304550585936,0.0481160037578768,0.014780906914708474,-2.34691219458405e-07
532,0.05225005845668462,0.36861618429144427,0.0324483558720898,0.0917383386407494,0.032451038232723765,5.8456684624841326e-08
533,0.5649577798696723,0.7823648920984468,0.014115472281865257,0.04796541863809769,0.014116071186252565,-2.2013032763279483e-07
534,0.08670031555353075,0.3691938809831098,0.029992139021650405,0.08895931806720668,0.029993496706672458,3.155535307497459e-07
535,0.1023305139790095,0.3900510820820989,0.023805869711484344,0.07775390674488722,0.023807338266907264,-4.86020990508873e-07
536,0.619868814362365,0.7967859052171786,0.01749384575322268,0.05039226492517679,0.017497662157817322,-1.8563763504175768e-07
537,0.3265632674859188,0.5778240354678215,0.0164916855908594,0.05593029602380239,0.016492891636034217,2.67485918803434e-07
538,0.1579025326186625,0.4181753318892981,0.017614529459179715,0.06931533334437137,0.017614858392351686,-4.6738133749335553e-07
539,0.07553684870053001,0.3657558729328868,0.041749550153320325,0.11782905183474406,0.041756979442358864,-1.5129946999425936e-07
540,0.2106061271723726,0.6895097869804498,0.03448052798378905,0.09297923016190743,0.03448819062516325,1.271723726048446e-07
541,0.10440194896362842,0.5816483248048363,0.04867016929375007,0.13249048768847907,0.04867738686513916,-5.103637157333196e-08
542,0.3301707590169961,0.6768869755480297,0.026122816980664036,0.07440122139452311,0.026129929388050893,-2.409830038851979e-07
543,0.24544683902081965,0.6103953159448915,0.024869216488398415,0.08227433726631406,0.024870824456837855,-1.6097918034696512e-07
544,0.14434114404671905,0.42484109269609033,0.02944266469083982,0.08489996624604146,0.02944538153050758,1.4404671905277056e-07
545,0.5008238018030254,0.7716205669703479,0.021704179360058654,0.05965701741611428,0.02170818674125992,-1.9819697461009866e-07
546,0.805178876246738,0.8999930810547705,0.009498751641513693,0.026757505761191118,0.009499055784466583,-1.2375326197133774e-07
547,0.4956940811676326,0.7455263265206408,0.01910147672841796,0.0471526918929137,0.019103432327681913,8.11676325596089e-08
548,-0.08710741102559272,0.22702369356697066,0.022302336135918026,0.07432061114870255,0.022303601384207897,-4.1102559271422034e-07
549,0.12064691662954163,0.40598590850781646,0.01731303563855473,0.06605522770398586,0.017313545474683573,-8.33704583702577e-08
550,-0.14431296948818817,0.15506791171253478,0.04038272870048827,0.10812809514134837,0.040388278825453844,3.0511811827116375e-08
551,0.1896567370014668,0.4784455028765619,0.016346610718759765,0.053635619531354976,0.016346867847634918,-2.6299853320144173e-07
552,0.27275351127803515,0.6036080069045264,0.027491418502734396,0.08921364051100285,0.02749479914500963,5.112780351312907e-07
553,0.45837043677473743,0.7440746442145451,0.021953954024121074,0.058619188009917673,0.02195897593212187,4.3677473743342077e-07
554,0.37792479962851455,0.6341218835178403,0.01937613601315425,0.0627070776402134,0.019377872128650952,-2.0037148545926087e-07
555,0.10251997545592684,0.3670605116121363,0.029382330117294853,0.09133912848285893,0.02938416615870848,-2.4544073162768854e-08
556,0.29302095369216263,0.5699528758201902,0.021294478239228563,0.06058455464347539,0.021295158258369033,-4.630783734249633e-08
557,0.10048729218536911,0.40590780987703495,0.03614392408134771,0.09876880806959157,0.036150691009900565,2.9218536910791126e-07
558,0.2716240605155139,0.5511871150168061,0.028943684013574215,0.09270879194722216,0.028948201988406745,6.051551393326804e-08
559,0.6646350726525276,0.8232465099399491,0.013991702443164082,0.04276741675944822,0.013993212677434148,7.265252766064378e-08
560,0.2706915227471174,0.5621352092202405,0.01831449265390624,0.0588480940700018,0.018316346130762075,-4.772528826024747e-07
561,0.04995364526743784,0.3215502833612697,0.02581582651363285,0.07433406092313329,0.02581706430193764,-3.5473256215778903e-07
562,0.5837203895889967,0.7669900252371303,0.01636460811513672,0.04506395301595676,0.016367781826396078,3.8958899672980607e-07
563,0.057027831766157,0.32164719957868493,0.017641715810449186,0.06588812102045011,0.017643529706451246,-1.682338430022967e-07
564,0.141679991049533,0.4346831816586014,0.024927922862792946,0.07617898687289043,0.024934593247986057,-8.950467006441087e-09
565,0.31527110128222713,0.5701378897284821,0.012335584395273422,0.05094707102286861,0.012336363273897536,1.0128222710514834e-07
566,0.4160512603023342,0.8324138673167184,0.024902661604423858,0.08153117165939631,0.02490392990877778,2.6030233418739e-07
567,0.13322711862473713,0.42233246679057707,0.02972567159133791,0.08647777284205892,0.029727423103757956,1.1862473711654609e-07
568,0.14010212038178915,0.42709193006795027,0.029460435154785164,0.09097792410175733,0.02946645154119471,1.2038178914819397e-07
569,-0.03930938012248841,0.21934071963100696,0.03540883698642583,0.09915596513153922,0.03541336526511159,-3.801224884164567e-07
570,0.053291567080051894,0.34721149245631633,0.037166245951953045,0.10153459780002624,0.03717223729881639,-4.329199481054036e-07
571,0.29649046963394543,0.5451830661599234,0.0219227545538086,0.06551685870339033,0.021925888649102457,4.6963394545462833e-07
572,0.2630954203192256,0.5250394560862803,0.022559835461425794,0.07181591640686207,0.022562109801061124,4.2031922559138124e-07
573,0.397491013308359,0.6587014832015577,0.021406529012109373,0.07524061006523533,0.02140958950650645,1.3308359025909766e-08
574,0.14460866894844937,0.45066835734977184,0.02924076873955078,0.08016936073579355,0.029243889354983846,-3.310515506171896e-07
575,0.44988107468886207,0.7202793487414961,0.026754751026269515,0.07753214717856588,0.026759532020733952,7.468886209505143e-08
576,0.20450270796479286,0.5002178416534935,0.016690712751826164,0.068698381535179,0.016691090259054967,-2.920352071278387e-07
577,-0.06326477056308488,0.26026354468988455,0.026101461220458973,0.08311214796283574,0.026102551581203105,2.29436915119563e-07
578,0.0920945638220998,0.6926672633564844,0.04503717864531258,0.11288503513583255,0.04505275192644966,5.638220997999932e-07
579,0.15630058189990492,0.42942799413631333,0.028089491104101562,0.0878263450048199,0.028094354554341124,-4.181000950731484e-07
580,0.25119156602577897,0.5063206567846954,0.016395859571259764,0.0624055169709097,0.01639644388247632,-4.339742210590636e-07
581,0.5392651113148275,0.742213508755417,0.017006632458427713,0.045730621189906784,0.01700807880725084,1.1131482746673527e-07
582,0.3275496396128563,0.6838655994024984,0.027173490454589853,0.07251241251369325,0.02717804588644428,-3.603871436830275e-07
583,0.11919207942647991,0.38911689938639626,0.020756836732744133,0.07458901586688019,0.02075765195714281,7.942647990699658e-08
584,0.1351660341226827,0.43531205210196566,0.0342886689241211,0.09037592558968773,0.03429205488287021,3.41226826794383e-08
585,0.14963221432158025,0.5921668335368755,0.03384061239282227,0.09856509937015157,0.03384346759899686,2.1432158026080117e-07
586,0.0059170948966147385,0.3606686176222099,0.0468223093379883,0.12797488543400357,0.0468333384674307,9.489661473814637e-08
587,0.026760839616065457,0.3958989030753818,0.047541606819042896,0.12040957596124556,0.04755080569834322,-1.603839345429292e-07
588,0.5920723748065239,0.7762773518705178,0.01470191594383789,0.042883849825118954,0.014702597726818638,3.7480652381738366e-07
589,0.013135911938751299,0.3324434312508222,0.023870094677988306,0.07017897696281958,0.0238709548972093,-8.806124870107401e-08
590,-0.035523517782665825,0.2507143979367273,0.034745941853515636,0.09885673515469823,0.03475128875630626,-5.177826658264717e-07
591,0.09220345774032912,0.39835469569169196,0.030176083060839864,0.08562284492475312,0.03018180062267714,4.5774032912671014e-07
592,0.13539243908165222,0.41195252784301306,0.018640143908378898,0.06401175671070668,0.0186409987336909,4.390816522037433e-07
593,0.27497518945619537,0.5431265390020107,0.026208061660839794,0.08092105966966981,0.026211003840778718,1.894561953430518e-07
594,0.6636237890681,0.8268067218503309,0.014373657579199237,0.03667839755765491,0.014375467709342261,-2.10931899946587e-07
595,0.1608428269627229,0.43804467776319667,0.02534212947681639,0.0874837159734693,0.025342764006407306,-1.7303727711803774e-07
596,0.10940838517864604,0.3605892491982494,0.01950502423764649,0.07664538951471603,0.01950593807972714,3.851786460340456e-07
597,0.659653347634383,0.8501346782933926,0.017128601981249977,0.04995543382341625,0.017132552956979002,3.4763438294671545e-07
598,0.6912087103073059,0.8484505582927067,0.013604519328740254,0.03770373762327833,0.013604970595411176,-2.896926940554323e-07
599,0.49342291570756625,0.750091008269161,0.01884040433125,0.05166852730620281,0.018844691232795314,-8.429243375518425e-08
600,0.206597517867129,0.47000261107028196,0.030002447381640596,0.07850215212493769,0.030006366396130763,5.178671289851611e-07
601,0.0654735500435012,0.4878046312185891,0.04501516957177727,0.11319983334088565,0.04502856130906482,-4.499564988103e-07
602,0.20066506964825692,0.4826768853164823,0.028707284493261705,0.08749338699447606,0.02871064328251378,6.964825691180287e-08
603,0.09265105361011305,0.38052731797369577,0.028966312709960976,0.09468051662518628,0.028970298043775725,5.361011305715646e-08
604,0.16447391727030236,0.43580266198549356,0.022889696812695308,0.07698224065675088,0.022893455176287304,-8.272969764799853e-08
605,0.21984738559140482,0.5765038929206786,0.02679830446850591,0.07977353712933011,0.02680005639730462,3.855914048334075e-07
606,0.09838162348433777,0.38938561360478186,0.017131895503535173,0.05729989247324517,0.01713215490491902,-3.7651566223151356e-07
607,0.4641120748865457,0.6879884549178271,0.01955806118199217,0.054716360714861176,0.019558990503759574,7.488654568676978e-08
608,0.3211804219040768,0.6081966608128281,0.01833781042789065,0.06400334771090915,0.018338625525512926,4.21904076786106e-07
609,0.41045096804056824,0.6752400273298123,0.021191309924023478,0.06329066180499078,0.02119574080461657,-3.1959431767702995e-08
610,0.16165363994712145,0.4105568418051613,0.01604592559227542,0.06210841573737166,0.01604631703511911,-3.6005287853968504e-07
611,0.20639717678529224,0.553506178490041,0.03395791392519533,0.0993310392421954,0.033963805507663425,1.767852922385238e-07
612,0.142441857558133,0.4062424838136665,0.020967733540751963,0.07227478863518512,0.020968575800423824,-1.4244186702372374e-07
613,0.7852412835882954,0.8877721293020244,0.009891400848662113,0.025717549503648324,0.00989165135077591,2.83588295402204e-07
614,0.1469789459060602,0.4061562279867018,0.017974346558359403,0.06548064523781366,0.017975088017618313,-5.409393979971533e-08
615,0.2878313356626845,0.598486764248438,0.021822866283359377,0.07652668970403648,0.021823607368108965,3.356626844808197e-07
616,0.15132766401691322,0.42306691744937197,0.018045107193935532,0.0671897486579773,0.01804571845042106,-3.35983086768854e-07
617,0.1899626310617315,0.4523995525496017,0.023319138870966795,0.07489988611524562,0.02332008809766274,6.3106173150973e-07
618,-0.0033221326245123084,0.3352769786564252,0.01922702901939456,0.06611560140674141,0.0192275500290868,-1.3262451230853026e-07
619,0.13834747508365064,0.40160858406869276,0.024798371482421876,0.07871323485964754,0.024801128499871563,-5.249163493592501e-07
620,0.21425457310139617,0.5505981073623093,0.028099701603027348,0.09423809521457255,0.028101991942629603,-4.26898603828052e-07
621,0.16917679588314216,0.43727230962087005,0.02109867328896484,0.06749407664274347,0.021101098406553057,-2.0411685783261468e-07
622,0.035434730620407806,0.3518591213416805,0.030523883338877,0.08604164703986207,0.030526216778150633,-2.693795921951403e-07
623,0.17999473303939462,0.4305624202899913,0.016690004263564432,0.07061563401334264,0.016690422585306133,-2.66960605371791e-07
624,-0.01656535984570251,0.30258614106231496,0.04883626255810554,0.12514020713806295,0.048849775246154754,-3.5984570250988113e-07
625,0.3404622009382017,0.6004778107303906,0.022303539789062486,0.057641585224063895,0.022307234326595995,2.0093820168876064e-07
626,0.14379884251682928,0.4431951293083625,0.029775368650683597,0.09301361627060643,0.02978128982926816,-1.5748317072628026e-07
627,0.2409144034331111,0.6451878019771815,0.018161976462988293,0.07515515571821992,0.018162446669480373,4.0343311111246116e-07
628,0.25986607802470996,0.5282636442697323,0.024118593089296852,0.07606524092556458,0.024119813315476444,7.802470997075872e-08
629,0.46661847289564395,0.8008799776078915,0.015265598784628886,0.06350245128246423,0.015266133874376106,4.7289564397701156e-07
630,0.022688799503021717,0.269862863500397,0.02334275941564452,0.07914641760308791,0.023343646519732378,-2.0049697828372626e-07
631,0.5374442056436501,0.7536377062666071,0.016609297342773433,0.051675303189517886,0.016611472696519258,2.0564365010855568e-07
632,-0.008644143146851357,0.28949864213890397,0.02197593609546878,0.0683901273651444,0.021976830279508922,-1.431468513567874e-07
633,0.7414114151908698,0.8658141302752419,0.011764746917939476,0.029180046636696707,0.011765084378207712,4.1519086979580067e-07
634,0.4896177277588015,0.7523787722558609,0.01974333826767579,0.05515914912442407,0.019746332398133417,-2.722411984734663e-07
635,0.18999221328466487,0.47961756374263453,0.03534691671328132,0.09707972392545516,0.035359005122660235,2.1328466487391395e-07
636,0.03566905359333039,0.30867196096355565,0.03801501061621096,0.11517599719530588,0.03802354220172543,5.3593330391621397e-08
637,0.7352125444496922,0.8727728532712067,0.010987303471611323,0.031488032075775746,0.010987690824851295,-4.555503078096379e-07
638,0.4005069123342996,0.6550109424130381,0.017399606446201213,0.049495892230840936,0.017400076919399002,-8.766570042118005e-08
639,0.5991655622133706,0.7765332272750679,0.015992645589257795,0.047985456300376775,0.015995981204025102,-4.3778662939253365e-07
640,0.583853513384385,0.8050074110050794,0.01867040453986329,0.05096880299157318,0.01867219526388701,5.133843850035902e-07
641,0.5286682844325257,0.8257471988801203,0.012626251955634753,0.038549411773429514,0.012626513966027025,2.844325256434743e-07
642,-0.04246845860688353,0.25171143147702096,0.03995981442128905,0.10848772080460056,0.039965299362883386,5.413931164696684e-07
643,0.5024278868105421,0.7329375600039825,0.01887460652441406,0.06261298653578715,0.018876863296837982,-1.1318945791760626e-07
644,0.11397179923297862,0.45621856503214125,0.03397418805224607,0.09700178568067831,0.03398298260346637,-2.007670213827195e-07
645,-0.0016742475979272253,0.33366344042175994,0.020900906231406224,0.06642909102031215,0.020901496485695698,-2.4759792722540454e-07
646,-0.05165765661836241,0.22929076083622396,0.03907250983769529,0.10715635720528989,0.03908327115845918,3.4338163758945717e-07
647,0.2947621265074447,0.6025744835617535,0.02456543038837893,0.06631099980980433,0.024569330835986336,1.2650744468656328e-07
648,0.35200500449299,0.6604948645805516,0.027364459757421886,0.07396512318270353,0.02737005818786997,4.492989980064976e-09
649,0.4249097213478058,0.6857813301436226,0.01586068579066406,0.0556917092678276,0.01586116807691926,-2.7865219420775134e-07
650,0.23740473792343653,0.517106809468699,0.022074737433984387,0.07116756148992953,0.02207760841501372,-2.620765634786526e-07
651,0.5968053953916681,0.8246553476632192,0.018331062372509765,0.05228772374117186,0.018332688268016664,3.9539166807323056e-07
652,0.11756589660762085,0.40439405823257013,0.03281190916759761,0.10383718178826713,0.032814633353468715,-1.0339237915824029e-07
653,0.1606048826646408,0.4413055065469569,0.02333459743787106,0.07696273049174904,0.02333578969300293,-1.1733535920654958e-07
654,0.31730411236961065,0.6049134745705897,0.026447751293261705,0.07361595810009446,0.026451763062874167,1.123696106719585e-07
655,-0.17346199862420453,0.09457623900253313,0.022025416392099626,0.08233853041719748,0.022026130242240916,1.3757954775428516e-09
656,0.07513212303244676,0.5295004041046366,0.04439643541083984,0.11693344021439549,0.044405439768294294,1.230324467582644e-07
657,0.687762380244563,0.8345778400456856,0.013602913355087882,0.03570391006785955,0.013603553768636398,3.802445630585183e-07
658,0.11831463611601634,0.5985261374949227,0.040979927421875034,0.11133626462755883,0.04098470253727224,-3.6388398366726804e-07
659,0.13087809944484463,0.444446293695946,0.021787301075976616,0.07119100868888659,0.021791247800001037,9.944484463675352e-08
660,0.010687893898847722,0.3246305467223591,0.04823443477490236,0.12671443810344823,0.04824482324102568,-1.061011522772437e-07
661,0.2483761505545813,0.6161670784926317,0.031187994742382808,0.08792316042729764,0.031199152417263912,1.5055458127410937e-07
662,0.5340488267858582,0.7655772285918963,0.013355507447792958,0.043128809455181716,0.013356421862893259,-1.732141418075983e-07
663,0.041326647530205984,0.43955062136550865,0.04689136677851562,0.1190347749192387,0.046902391987783246,-3.5246979401826195e-07
664,0.051035999330742654,0.37650792798791766,0.036973415813378936,0.10226170708999285,0.03697749850638452,-6.6925734398815e-10
665,0.218518895271837,0.5464118384138322,0.03466039194687496,0.09993818372371086,0.03466645943007012,-1.0472816300288734e-07
666,0.32741987100397696,0.5867419419352036,0.01724361888048829,0.05613262243331866,0.017244195404293703,-1.2899602302995916e-07
667,0.18567434427884333,0.47829515582199456,0.026096083634960895,0.07074195840378505,0.02610067982634471,3.4427884332277614e-07
668,0.4231997230354131,0.65822123766247,0.015785023776757837,0.04562155019104876,0.015786649113318608,-2.769645869316051e-07
669,0.21047936587563698,0.5674597019848178,0.03088914057050779,0.10417208159902158,0.030893368921197338,3.658756369817606e-07
670,0.7715291702379101,0.9107870672103638,0.01095258902287109,0.03491867569647084,0.01095296829502825,1.702379101020668e-07
671,0.05396171828164764,0.3419652427637768,0.02484581732353514,0.07460162769390512,0.024850263455636804,-2.817183523615152e-07
672,0.23854147596377162,0.5124813111269245,0.021641759392578112,0.07147007892813292,0.021644354665417573,4.7596377161784886e-07
673,-0.04765752299809445,0.2357469579302618,0.04320274898349617,0.1198173577834839,0.0432109645459102,4.770019055508334e-07
674,0.3330275444318801,0.6274854626805381,0.01645029932637691,0.059310941069563874,0.016451731823415486,-4.555681198947781e-07
675,0.10611678154683801,0.44810461880953517,0.040283442098144585,0.1095808893619715,0.04029088645586787,-2.184531619903174e-07
676,0.6192600472498437,0.7924898715224246,0.015334815985673824,0.04355124842724299,0.015336092818612878,4.7249843704300076e-08
677,-0.07240812485861592,0.2888143569172275,0.024131554596787088,0.08717946583576595,0.02413251946535228,-1.2485861591859937e-07
678,0.18600520120047737,0.557994646200084,0.022483287622705073,0.0721373477944528,0.022485043527872155,2.012004773621623e-07
679,0.32323218707972856,0.5703580949495417,0.015989622924150376,0.06033720125828127,0.015990300197632628,1.870797285419279e-07
680,-0.10063984145136029,0.16141567208721344,0.025128113661074234,0.08700342582766141,0.025129286754228573,1.5854863970321542e-07
681,0.2580561424662132,0.5153953459254699,0.022411307130273478,0.08332646226680841,0.022414361923141203,1.4246621321545305e-07
682,0.19876209941650036,0.5613098146028885,0.03724426479404296,0.11030256470973201,0.037251574793494883,9.941650036537908e-08
683,0.5980028147034887,0.7764156732688292,0.015279169656249992,0.04464226475762469,0.015280710372075032,-1.8529651124588042e-07
684,0.2474889016418801,0.5358299693790483,0.02283172546025394,0.07413407551102194,0.022834389660384126,-9.835811989877818e-08
685,-0.002179325218359063,0.24703079444236006,0.02876213382653318,0.08333707646535249,0.028763519561725306,-3.252183590628406e-07
686,0.19996471065094923,0.5017713852692052,0.02902422608660158,0.08254585541110904,0.029026862908017755,-2.893490507749341e-07
687,0.24132230503272978,0.6298565125661117,0.02724306846386719,0.0890737451953264,0.02724671032728631,3.0503272976933893e-07
688,0.4861882176816371,0.7735669572706797,0.013685148654863317,0.056239473808986674,0.013685576833179149,2.1768163710467192e-07
689,0.7969931786846206,0.8965871737022744,0.00939369170013672,0.026274940632686226,0.009394321485866924,1.7868462065528945e-07
690,0.5481526701091866,0.7899857354069968,0.01559039833398439,0.04431220203441638,0.01559207046504203,-3.298908134441447e-07
691,0.21515414461942006,0.537501816862736,0.0386815904317383,0.10555108574938726,0.038691248239332066,1.4461942005050687e-07
692,0.3063516377180089,0.6922547797348537,0.03348055086894524,0.09820907729192122,0.03348740122922391,-3.6228199112864345e-07
693,0.17245172655742058,0.49560766692284575,0.027821921136074197,0.0822351960720185,0.02782373563845663,-2.734425794126416e-07
694,-0.011162216196081598,0.3995197360699698,0.02072782260864255,0.06475387645861908,0.020728344920648727,-2.1619608159793857e-07
695,0.20607430326701226,0.4775327231700017,0.026756323698339798,0.08096776305211974,0.0267612853155689,3.032670122526948e-07
696,0.2982192956626748,0.6141739969423652,0.023913447440917897,0.07816135962161314,0.02391606857985247,2.956626747874225e-07
697,0.09565706593742107,0.4264165040312912,0.02511491434394533,0.08403058650564334,0.02511748693723941,6.593742106486555e-08
698,0.32261919708451636,0.5972571814939046,0.018803450152480444,0.07547643246609229,0.01880410601844973,1.9708451637345803e-07
699,0.2184331742985337,0.5047494877118098,0.02517292916503906,0.07564443923374921,0.025176044008143855,1.7429853371719872e-07
700,0.0735002982829952,0.3545881472503434,0.02040804522456053,0.06849073175910039,0.020408744262419957,2.9828299520640034e-07
701,0.30378264122429866,0.5867682752571262,0.03231409955146487,0.09278016542795815,0.03231960073534524,-3.587757013701065e-07
702,0.17601107227653268,0.47201237903786775,0.029233744282714885,0.0740811831117223,0.029239885600215246,7.227653267549705e-08
703,0.2830461342411449,0.5470357539622981,0.025093512853291054,0.08154405745439679,0.025095297500604703,1.3424114486682015e-07
704,0.46039201333767077,0.6855327658900208,0.01611529254794921,0.05495848707900827,0.016117188290317167,1.3337670745627861e-08
705,0.07781285364339663,0.37833507576555436,0.03239076745273438,0.09391250564606161,0.032395561963509414,-1.4635660336437262e-07
706,-0.006393044573343776,0.30825846685730324,0.0381241459964844,0.1045732800090113,0.038132031155239256,-4.4573343775493324e-08
707,0.12716304376444487,0.41918152967941086,0.03330009061236323,0.09476628166826226,0.033302119170656945,4.376444487363962e-08
708,0.6588827448392793,0.818431837271921,0.01201663275263671,0.041328072584151616,0.012017928955978599,-2.551607206635609e-07
709,0.14202256284464487,0.386694633107906,0.020780165308134767,0.0760772926993524,0.020780969344411863,-4.3715535513744186e-07
710,0.6258777724433584,0.8149948883658765,0.016261199338476577,0.050408108293217985,0.016263188441891657,-2.2755664164098022e-07
711,0.4063661005859134,0.6556264880910949,0.020872062682929717,0.06488609188562364,0.020873808463900596,1.0058591337624989e-07
712,0.026620682221753622,0.2950521986853619,0.023340713687490296,0.0704355991313145,0.02334210756681233,-3.177782463767431e-07
713,0.2761275946352292,0.5325962576619476,0.022960129460273385,0.07469977776518101,0.022961407670864097,-4.053647708057717e-07
714,0.360409771099902,0.6241908705128636,0.025758302341113273,0.08199762379069925,0.025765264192793957,-2.2890009798715028e-07
715,0.6590415367772706,0.8219521088448969,0.011482037510585972,0.042011311832351246,0.011482541850808032,-4.6322272939658404e-07
716,0.2672173904365177,0.5525928729422205,0.018719208795800857,0.061350667708711934,0.018721698590752102,3.9043651772763255e-07
717,0.5573350780154602,0.8912101485779685,0.011044612589414061,0.04038679968604945,0.011045513804372693,7.801546020314021e-08
718,0.12462208910879546,0.5669045667188569,0.04276243976503904,0.10956076842862879,0.04276739029574924,8.910879546741857e-08
719,0.16973251386104837,0.5279028744202447,0.022704814793027293,0.06290695725129455,0.022705918677366203,-4.861389516219727e-07
720,0.5058732844657412,0.7740859561070189,0.015334789372753914,0.051472162730342115,0.015337493975705344,2.8446574118490275e-07
721,0.10746720413515964,0.402110624312828,0.02850423324203129,0.08387922846572402,0.028506994706056367,2.041351596510088e-07
722,0.26031377734610495,0.5891394594162797,0.02559583206738282,0.07764470032619035,0.02560045847727695,-2.2265389504338984e-07
723,0.07505091982427514,0.3376623167104929,0.019284567559257847,0.06657723912767868,0.019285709902191056,-8.017572486473945e-08
724,0.04427254812293191,0.28492400551110225,0.017671300580898445,0.06735939744305243,0.01767199409038477,-4.518770680903006e-07
725,-0.1280000005185009,0.17387737517851945,0.03270195947880852,0.10197294609333557,0.032703066554463596,-5.185009088748416e-10
726,0.08783998453161312,0.39385696800116166,0.026611462025117195,0.08290259761117774,0.026612623950109313,-1.5468386876937856e-08
727,0.5850618067847844,0.775911103761962,0.017218917446191414,0.04438776929020134,0.017222356635421716,-1.932152156047806e-07
728,0.08377564963158146,0.3433121452104257,0.02659339109589845,0.08069419453566444,0.026594200158218704,-3.5036841854185763e-07
729,0.3007923938029886,0.5713756592493122,0.017701241385253925,0.05886343275347426,0.01770375832680487,3.938029886074723e-07
730,0.004670951298962223,0.1979008153223481,0.02443943729559573,0.08682525912791196,0.024440242542197704,-4.8701037777196254e-08
731,0.1104514639650005,0.38907325222330097,0.03230598904404298,0.09236555649633547,0.03231173736351225,4.639650005022755e-07
732,0.3414472805370907,0.5978025813865004,0.020108534916201196,0.06607841475109302,0.020110309628703485,2.805370907243976e-07
733,0.25888289544937315,0.5450847960785531,0.02003334129553711,0.06623520068659076,0.020035117490646282,-1.045506268226859e-07
734,-0.09700179272190645,0.24336853947993983,0.019326722279912098,0.07398146482048734,0.019327213489160354,2.0727809355025606e-07
735,0.3664876741016466,0.6138776893076093,0.014436714304716818,0.05723431146056998,0.014437181643360832,-3.2589835335938844e-07
736,0.15722796572422415,0.49891694679029414,0.029805448100400353,0.08785017031899964,0.029808408919282093,-3.427577585646269e-08
737,0.3944747496385256,0.6596387593107365,0.0167444722652539,0.06181918639243733,0.016744872508229435,-2.5036147444090773e-07
738,0.03832655150794584,0.32238065049958364,0.03036358213286129,0.09858691342945329,0.030364676899707645,-4.4849205416142013e-07
739,-0.166892115093221,0.3097873084229013,0.01812291274536135,0.06627207053080825,0.01812337202114946,-1.150932209814659e-07
740,0.7330154664675753,0.8852038293442437,0.012098067034042983,0.031051793265695713,0.012098527657172975,4.664675753440761e-07
741,0.5380701778039426,0.7575664879465139,0.011770029296679673,0.043830746871856945,0.01177118240017734,1.7780394256927678e-07
742,0.6014662319920656,0.8100499784997591,0.019552315665332016,0.056820740083620334,0.019555559731269167,2.3199206566903996e-07
743,0.19295624444458204,0.48665917086469374,0.025709111879785092,0.0807340594984441,0.02571080160420795,2.4444458204819774e-07
744,0.7184632106110364,0.8480849024507581,0.012785133844160171,0.03776468697772855,0.012785612668678871,2.1061103638864154e-07
745,0.5830343517301049,0.7674662632683402,0.0180499527741211,0.04778157238198047,0.018052966628440182,3.5173010481948097e-07
746,0.5710328899409005,0.8037713568090454,0.01964987270732428,0.06133276371146927,0.01965266093449016,-1.1005909950068116e-07
747,0.15970815850233844,0.45214215465209345,0.021779544538642615,0.07277830864077013,0.021780335598906943,1.585023384487183e-07
748,0.1786083467678764,0.5841834248021261,0.02447758503703123,0.09057199866608416,0.02447816560918402,3.467678764135229e-07
749,0.22069954329884878,0.4867495207933971,0.017148450802441373,0.06216863116988273,0.0171518346450189,5.432988487708013e-07
750,0.49867944098618844,0.7272972145479817,0.016822176992968754,0.056158769181776216,0.016824047007664916,4.4098618845467286e-07
751,0.1582346504621608,0.44873680945031985,0.023079310330790973,0.08068735078714713,0.023080068714152836,-3.4953783920044224e-07
752,-0.007196372253318373,0.24603876932115692,0.03453694049804685,0.10121238196202209,0.034541941856896054,-3.722533183725743e-07
753,0.24209679485588398,0.6234699957740036,0.029009158651171877,0.0978096058006507,0.029012512439584866,-2.0514411602778893e-07
754,0.4733276513494141,0.7198766351036774,0.011721919473945306,0.04894116316410789,0.011722186894187693,-3.4865058590183295e-07
755,0.511703923687999,0.7399923272471675,0.0199060893652344,0.048328490498078074,0.01990895970565473,-7.631200105162605e-08
756,0.05222723279802999,0.32008430468058463,0.030952630040234422,0.08901262247227218,0.030956693103108533,2.3279802998515953e-07
757,0.3300222248983927,0.6096790048307015,0.018188536612275364,0.053082467014085775,0.018189548913785897,2.2489839274220103e-07
758,0.11751608299562177,0.3675397455461345,0.019725178413720665,0.07064711863096397,0.019725765171597274,8.299562177793707e-08
759,0.684690497175937,0.8758449607552321,0.013179581426103499,0.0350896704689136,0.013180664414472467,4.971759369754025e-07
760,0.026845370406757496,0.3138966546545921,0.04313827254179689,0.11060714345431506,0.04314728089582324,-6.295932425022521e-07
761,-0.0031575497117612983,0.23924674524216016,0.032138523112695314,0.09809738603577015,0.03214211437041919,-5.497117612981994e-07
762,0.04511377518372517,0.340080809598014,0.027967631541601527,0.08152355869899439,0.02797308636897081,-2.2481627483250666e-07
763,0.29589662597219835,0.6019471140060195,0.03298136322968745,0.07435795630298916,0.032989116486893046,-3.7402780167505867e-07
764,0.2608487009848539,0.6366347826707313,0.029459657899287114,0.087564990646266,0.029461087668556707,-2.990151460879886e-07
765,0.5467728880369496,0.7609117731760191,0.017702713972597657,0.053743535653001044,0.017703371984805115,-1.1196305038652099e-07
766,0.1916101423634815,0.48173736963686464,0.01687770408102534,0.06942941846222221,0.016878086691216446,1.4236348150342693e-07
767,0.415588558231027,0.6487496943438574,0.01748055491249999,0.05164778615791643,0.017483521771733637,-4.417689729585561e-07
768,0.08977711062102112,0.41177675041333717,0.01761175740957032,0.057966481124416575,0.017614290168353627,1.1062102112102679e-07
769,0.49404572310729766,0.711038418336032,0.0189354364661328,0.05495932425112078,0.018937254715471325,-2.7689270232222896e-07
770,-0.021423043290165866,0.22711872180968457,0.025581514652148446,0.08473122953734653,0.02558502960027002,-4.329016586521184e-08
771,0.06719572544253427,0.30583448989880585,0.01493777252665037,0.05878641881308317,0.014937945192118152,-2.7455746573479267e-07
772,0.2724723393336579,0.5480328739065516,0.017116769480205105,0.06240886544762748,0.017117164569696777,3.3933365789495795e-07
773,0.19163382806926155,0.4940942124192521,0.03071669093027343,0.08721295928805695,0.03072283663434525,-1.7193073845178652e-07
774,0.15777869061644345,0.4635334487932392,0.0282278277773438,0.08079383772393384,0.028231538731238556,-3.093835565515235e-07
775,0.6209695093745793,0.8005926117619867,0.015655032237294905,0.04129475909192178,0.015655692821738787,5.093745792938975e-07
776,0.700663366296159,0.8409784895309061,0.014174732081298833,0.036958554311622795,0.014175981342348062,3.6629615896011103e-07
777,0.272163003607928,0.56100054930983,0.022606283320507785,0.07860131282549346,0.02261112329476017,3.6079280119061252e-09
778,0.2919212826593891,0.6136298633576648,0.026444740182128917,0.07649002141918446,0.026449555760172726,2.826593891169793e-07
779,0.09086734686749609,0.40576355308524387,0.03751131427517577,0.09689372069408417,0.03751370796560939,3.468674960871443e-07
780,0.3287311714279434,0.7381978748284612,0.042140164710546886,0.10742484585740396,0.04215494259780991,1.7142794339619627e-07
781,0.015392153349846671,0.3688033350608669,0.05087455427822266,0.13541903411812758,0.050886426442805395,1.533498466717298e-07
782,0.42515767225062717,0.7148611574467257,0.02031123507177735,0.06146288143086498,0.020313483965399066,-3.2774937280821703e-07
783,0.1900865992166818,0.478186880629744,0.022628548669042937,0.06170258342784172,0.022631905236330012,-4.0078331819959345e-07
784,0.4290368889067534,0.7051632277929714,0.020201738282617218,0.056007639558736305,0.02020503213726378,-1.1109324660196762e-07
785,-0.0038498518477294574,0.33025060532333145,0.04620568764033209,0.11434767579595335,0.0462105914944383,1.4815227054269103e-07
786,0.0811727401219079,0.3692847261710872,0.030265335124668006,0.08462815900833431,0.03026694928044398,-2.5987809210148427e-07
787,0.28645764275737384,0.5683402308248044,0.02998236107597659,0.09161417765007103,0.029987353430550413,-3.5724262614778013e-07
788,0.39784803833682514,0.7892750251220993,0.02793385810156251,0.07469743307164042,0.027941478103086288,3.8336825158857835e-08
789,0.18169411648621336,0.44351268307665154,0.023375247465322282,0.07878805875818634,0.02337612819812019,1.1648621336957099e-07
790,0.2773396967148931,0.6432239560764702,0.04241933983183597,0.11541477932217432,0.0424382625183708,-3.032851068618392e-07
791,0.028988917281256743,0.2815156721206925,0.03001729879200196,0.09586962402874113,0.030018547795633628,-8.27187432578258e-08
792,0.2878415191993372,0.6778327537308816,0.031108027921679715,0.08581587322733175,0.031113976521954606,5.191993371900239e-07
793,0.12851397595566272,0.40906052786452207,0.026564162061328132,0.07468938846386437,0.026568481875962766,-2.4044337271211802e-08
794,0.15663839085800635,0.4287753204881674,0.019219851011484396,0.07266227846572823,0.019220794823819394,3.908580063494149e-07
795,0.20420741788474528,0.6614826309219358,0.03982293846113275,0.11310929911912151,0.03982737184502968,4.178847452795953e-07
796,0.15053875924748727,0.43427612606331945,0.039315802819628855,0.11745140143237714,0.039323062824373575,-2.407525127312571e-07
797,-0.14818220982269792,0.44651730521266697,0.023428507832988322,0.06314318849967206,0.023429272317257933,-2.0982269791081087e-07
798,0.21336959965013602,0.5217663823598327,0.03444563561181635,0.10035170617744442,0.03445313720018367,-4.0034986398262973e-07
799,-0.03753465666197653,0.3161145389254804,0.016835641377607416,0.06683108791143182,0.016836439632776038,3.433380234701966e-07
800,0.42447736592370244,0.7437254336329772,0.01701475639323243,0.057485437177639286,0.01701615700979174,3.659237024500328e-07
801,0.2659555375344097,0.5711432482657509,0.02987990550263677,0.0881485297925403,0.029883411062833386,-4.6246559032292467e-07
802,0.16909141429575625,0.5163273621762547,0.030564460303242166,0.09458787866871281,0.03056591484434884,4.142957562569549e-07
803,0.25451425731593114,0.5572381962358227,0.022455473829589883,0.06401183311528026,0.022458928956138352,2.5731593111810724e-07
804,0.3637378534439527,0.6674787470293789,0.01859728610917969,0.05607530477599363,0.018598812806864037,-1.4655604729796323e-07
805,0.6825944304135503,0.8289638209999981,0.014429173758203125,0.03775333775374572,0.014431068189464163,4.3041355024531214e-07
806,0.23589328240285012,0.4964235372703716,0.027091215002099617,0.07157499802709617,0.02709382456602963,2.8240285013247934e-07
807,0.11254428389717686,0.37644578062348316,0.02154953845811525,0.07271608010004037,0.02155058201574057,2.838971768504006e-07
808,0.5080972891391307,0.7203758844226615,0.014762020724218748,0.04097858180645987,0.01476356840238158,2.8913913063810526e-07
809,0.05740805831424989,0.3526481671597791,0.035333203937304734,0.10283644029593207,0.03533982711566379,5.831424988722578e-08
810,0.06671118210616278,0.30774578823809107,0.02253088855706056,0.07733249654245294,0.022531483133834847,1.8210616277436475e-07
811,0.8661920701331404,0.9307698957514888,0.008020968256005859,0.02051480350940292,0.00802115125632585,7.013314040626994e-08
812,0.317175609105358,0.5733567443898753,0.021435563440292942,0.0774415757587124,0.021437108055957055,6.091053580403738e-07
813,0.564140237621428,0.7681473240444163,0.017582576795996112,0.052549650929654225,0.017584682906433943,2.376214279786737e-07
814,0.8795837367225433,0.9386047766066735,0.008712197971982421,0.020364929531836825,0.008712596892519804,-2.632774567246088e-07
815,0.4705467456097231,0.7166097107091915,0.019345881720312468,0.06607724841392584,0.019348298527890564,-2.54390276899219e-07
816,0.34755752547863905,0.6324554130597146,0.023515490986718745,0.07461445880836991,0.023517652198280222,-4.745213609269605e-07
817,0.06372886432956415,0.2649220762968287,0.015345043470830065,0.06782725738884864,0.015345230588730436,-1.356704358440597e-07
818,0.23954530081613123,0.5077901972752003,0.02132992554777345,0.07717825535437849,0.021331058675154644,3.0081613122678874e-07
819,0.11190163076651638,0.5613514617483261,0.03281736673554687,0.09975269373152543,0.032821869137807394,-3.692334836213895e-07
820,-0.03614529366767316,0.2780153019397784,0.03706252944443366,0.10547039241574127,0.037068215753212064,-2.936676731651877e-07
821,0.8304687908848214,0.9120927070408825,0.012228403470996104,0.030531007165795473,0.012229941148834711,-2.0911517861765816e-07
822,0.49127053632592554,0.8625235879027765,0.0193532057425781,0.06309250950356629,0.019355272967023125,-4.6367407446901154e-07
823,0.641498913856255,0.8043984995455239,0.014849435008046892,0.03545881717295056,0.014849889126417812,-8.614374502613487e-08
824,0.2568477298203621,0.5953484775901358,0.026488074395800792,0.06809936968862025,0.026492966507517167,-2.7017963794007116e-07
825,0.5449720518890757,0.7680067414322606,0.016127533930078132,0.05591330084623473,0.016129460682868732,5.1889075702860055e-08
826,0.2509448495018304,0.5273641774342612,0.02256757291228513,0.07609891734262521,0.02256926889263486,-1.5049816959322726e-07
827,0.21050980826035104,0.5354465472724076,0.027551658648642577,0.08508400919559056,0.027554072817193683,-1.9173964896368467e-07
828,0.4391457314652324,0.7928048655137026,0.029457789689843743,0.08348327561416435,0.029463483625908383,-2.6853476758903483e-07
829,0.2884995478170831,0.6132153524279775,0.024297832662011708,0.08449046898182778,0.02430203909952924,-4.521829168879776e-07
830,0.22279636112956158,0.5499474913324813,0.035773993673671727,0.10022613204881894,0.03577730089337788,3.611295615879584e-07
831,0.380426793321588,0.6484605404519367,0.020846383088476545,0.06268848433932016,0.020848883932953186,-2.0667841199584203e-07
832,0.4637030652327605,0.6923025232983706,0.013735745927060544,0.04384761551026018,0.01373627595802664,6.523276052661231e-08
833,0.5400887665069694,0.7659409451184028,0.01770271874531247,0.047490510517255315,0.017705410428038203,-2.3349303068798122e-07
834,0.7376025636801697,0.8820731290885175,0.01333855651523438,0.042095420833378173,0.013340457557117184,-4.363198302659299e-07
835,0.6645667922203182,0.8298610405362001,0.013973270477148457,0.03931437625052831,0.013974132583170169,-2.0777968179341855e-07
836,-0.10342877624305102,0.19770433093033363,0.02586761253895513,0.0863466257318775,0.0258686349116422,2.2375694896936693e-07
837,0.34189707585751117,0.7271792987009846,0.022429800411113258,0.0767783210677242,0.0224306694459042,7.5857511161459e-08
838,0.1292047563992651,0.43246768900206345,0.020722547712646443,0.08246346774829683,0.020722990603572702,-2.4360073488938205e-07
839,0.12087913946764617,0.4444136135606689,0.026015150828437472,0.08098099318533203,0.026016488783349265,1.3946764616801222e-07
840,0.40451883857692095,0.6474315136293549,0.017300677548701168,0.052913830608743016,0.017302188630846673,-1.6142307907029974e-07
841,0.31623458486958356,0.6449331963269398,0.020625295818242184,0.06333131686458042,0.020626278824407082,-4.1513041643126414e-07
842,0.19324248581128822,0.46328114231958945,0.03351642915693365,0.09483426348839347,0.03352101172729225,4.858112882255572e-07
843,0.2532477051990524,0.6427652657361304,0.02267092928029301,0.08279055714716897,0.022671609282339602,-2.948009475978175e-07
844,0.496920374492413,0.7199699936272613,0.014408475439218733,0.04962800477885556,0.014409478893570568,3.74492413024452e-07
845,0.28259283242746025,0.5491250875621726,0.018037813895166014,0.06629558827082903,0.018038207944508496,-1.675725397332073e-07
846,0.05254154330818106,0.4403348551243178,0.046744043618945255,0.11825237711200842,0.04675247454410751,5.43308181062685e-07
847,0.18907869304430736,0.4626495269089483,0.020658622919716818,0.07049364426155227,0.02066027845613409,-3.069556926416084e-07
848,0.06744796888614646,0.4263627423438699,0.02242263920048829,0.06931274794843995,0.02242384289466004,-3.111385353526952e-08
849,0.41829306712498915,0.756356281283256,0.02307815003449222,0.06815085959570656,0.023079226400452783,6.712498912264664e-08
850,0.34874384780240675,0.7009891090594648,0.015350147762929676,0.06102417819805864,0.015350515824857195,-1.5219759325058035e-07
851,0.20658135240097308,0.5085867772033721,0.01926030713543944,0.06255821790433809,0.019261317538893433,3.5240097309707785e-07
852,0.05801745232448319,0.39572081785871116,0.045343991005859355,0.1163093981370385,0.045353887051669255,-5.476755168126735e-07
853,0.4925145137591779,0.7091173870641027,0.019169144688984358,0.0554638915648092,0.019170493491166327,-4.862408221062431e-07
854,0.051200374420569905,0.29850050375942544,0.02794958829825194,0.09258818850622001,0.027950637193428704,-6.255794300982775e-07
855,0.06645584706603425,0.3567695425144326,0.03657639787441402,0.11112619174696282,0.036581297705121314,-1.5293396575521978e-07
856,0.3181463205224415,0.5738020916492773,0.024574237494902337,0.07906456385492797,0.024576381267080824,3.2052244153257803e-07
857,0.16241687788768722,0.4152981544118201,0.026482025710410095,0.08172025295007689,0.026482782264442783,-1.221123127892465e-07
858,-0.020052904246935954,0.2745660590378005,0.027290032502373076,0.08291363077726703,0.027292673811470915,9.57530640471882e-08
859,0.56131253235511,0.7682894248206176,0.015501730983789064,0.052832590113043525,0.015503976348714163,-4.676448899232355e-07
