index,r2,pearson,mae,rmse,normalized_mae,saved_r2_difference
0,0.9262829602752675,0.9705761008714333,0.008134177621503907,0.022918356642976406,0.008134866153158466,-3.972473250346553e-08
1,0.7810872715129037,0.9020574356247738,0.00917281336464843,0.0365393067801308,0.009173366766161864,2.7151290371563164e-07
2,0.7492529268235663,0.866372082055418,0.014921838621191416,0.04405089043251628,0.014922656867923352,-7.317643369031401e-08
3,0.7960395649174399,0.8963959945208158,0.01735541799628907,0.043571031360344264,0.017360477217808742,-4.350825600907271e-07
4,0.8948755020879429,0.9502832295218542,0.009526125808593763,0.02767667011130486,0.009527403128476391,-4.979120571402262e-07
5,0.9284745012313133,0.968762742900877,0.0077251769462890595,0.02433942398938859,0.007727115374315417,5.012313132324309e-07
6,0.8269539323138906,0.9317094358025573,0.0103174231199707,0.03431958347723155,0.01031792779582037,-6.76861093840131e-08
7,0.8743156360560065,0.9471359657477932,0.010670742901728515,0.028051468827711645,0.01067157438918578,-3.6394399349770623e-07
8,0.890897450983599,0.9513497711717035,0.012036564532910148,0.03152793020827595,0.012037809225531134,4.509835989097155e-07
9,0.8271022588401136,0.9149224077544406,0.013072813981054693,0.03907870582538493,0.01307677158097466,2.5884011356502867e-07
10,0.8918093136781895,0.9514892450837655,0.008576040043750007,0.021666401993909193,0.008576907530189115,3.1367818953409454e-07
11,0.89116409163488,0.9478248167666085,0.012440408489257832,0.037031992748907824,0.012442058949528987,9.163488001728837e-08
12,0.8448251998217216,0.9210601724948646,0.014665232157128902,0.0428901120131962,0.01466792119778625,1.9982172150267985e-07
13,0.9266954363497493,0.9695031835154615,0.00784669360414062,0.020315817008074468,0.007847296072527765,4.363497492221313e-07
14,0.7343718518824277,0.8660575081856667,0.01397140315874023,0.04509029071156974,0.013972339084416481,-1.4811757231836253e-07
15,0.4192636406854069,0.6863573736341377,0.021630640469531254,0.06613839997649566,0.02163534532634247,-3.5931459313465197e-07
16,0.04808557735963859,0.5330444971733201,0.030411878365722705,0.08080671397426326,0.030418563301286613,-4.226403614096541e-07
17,0.9010600182651473,0.9664905466539149,0.015941737329980433,0.03947583934803848,0.015944884676416315,1.826514728353601e-08
18,0.5215173440282186,0.7305371562772551,0.013474627154296884,0.058781360367311804,0.01347525688107947,3.440282185795951e-07
19,0.48327487725105245,0.7058616966459553,0.02078067020205079,0.07272170870796121,0.020784855833455188,-1.2274894756192367e-07
20,0.8479538694375445,0.9222867661055172,0.010772331389326177,0.03421832650691764,0.010773254058637006,-1.3056245551368306e-07
21,0.8799838923842761,0.9485690187041179,0.01042671166452149,0.032426682168104265,0.010427710217046573,-1.0761572388773288e-07
22,0.8485856070047105,0.948847396008583,0.011590289495507815,0.035156009576279734,0.01159369784326213,-3.9299528942216e-07
23,0.9142595624189784,0.9571645172509576,0.00999340109502931,0.02944362320551989,0.009994364862426906,-4.375810215284659e-07
24,0.7206076601433322,0.8945700896824882,0.013366715811240213,0.04391002929103415,0.01336782339182044,-3.3985666780811385e-07
25,-0.04818149277129269,0.5751921279840906,0.022816600859277315,0.06847174788911962,0.02282120997233483,5.072287073137893e-07
26,0.8810052725782078,0.9670118951259995,0.013765703010253908,0.04320747448269501,0.013768762864455294,2.725782077828143e-07
27,0.9384591757195897,0.9722139774712566,0.007875131780761721,0.022977676427855625,0.007877301025616314,1.7571958965678647e-07
28,0.8472664245144745,0.9235346257189557,0.01511219290722656,0.044763521529269504,0.015116452688826429,4.2451447457292346e-07
29,0.18902252908333828,0.4812293578424362,0.013075677562851553,0.054708192153088045,0.01307589184834426,-4.7091666172116575e-07
30,0.8185031448520625,0.9063766773445733,0.0076736083944824365,0.02863642257990213,0.0076737803719580415,1.4485206256686922e-07
31,0.847465728570272,0.9327045207608963,0.011117690193261713,0.034117546705353795,0.011121009258474904,-2.7142972802707277e-07
32,0.9154178482463264,0.9588893093702786,0.00802791784825197,0.02564111629512139,0.008028536831260591,-1.51753673516275e-07
33,0.6794576097647032,0.9138299502374275,0.015094070308300761,0.04609512346421717,0.015097983488209942,-3.9023529685433545e-07
34,0.9321669911571024,0.9724114458341621,0.008490285241992192,0.025584733332060686,0.008491554059340448,-8.842897525340732e-09
35,0.759645341774476,0.8822968887087955,0.015916217687011718,0.051184202348133055,0.015919431645147124,3.4177447594263555e-07
36,0.8692155300964666,0.936437754424323,0.011769541350781253,0.030990181256528086,0.01177331758352958,-4.6990353341769264e-07
37,0.8991193729736164,0.9525629221683932,0.009782970452138691,0.02921575202497864,0.009783803911401965,3.729736164359565e-07
38,0.9234498626597831,0.963315039680435,0.008917458087695302,0.026302386044216537,0.008918500401755755,-1.373402168658444e-07
39,0.8059557320542905,0.9053499823017956,0.014876529304394532,0.03955512157894943,0.014880919294633801,-2.6794570950894325e-07
40,0.8477497323725551,0.9311364199839128,0.009731474208613288,0.029891871235983268,0.009731826098696324,-2.676274448720761e-07
41,0.5809469079484456,0.7718599949156124,0.025872273049218724,0.07674738386332373,0.025874700546349758,-9.205155437896906e-08
42,0.9390533068123558,0.971115455520175,0.00508411592594727,0.013890542243227829,0.005084261811264394,3.068123557437019e-07
43,0.8326343896211854,0.9277259824701211,0.0107104072365039,0.03054039203719763,0.010711222141999974,3.8962118542595903e-07
44,0.8893599552877203,0.9468131757607862,0.009627935371103517,0.0262615977986043,0.00962866965374017,-4.471227976754477e-08
45,0.9128303603815805,0.9636449752822881,0.011137097255175785,0.03110813659215852,0.011138541196622246,3.603815804664734e-07
46,0.9154442184743804,0.9577554659752143,0.007621140493164063,0.019448700559239963,0.007622638838691918,2.184743803645972e-07
47,0.9526199974233402,0.9777399734697774,0.004974807687216796,0.01687841653202467,0.0049750866339562504,-2.576659774433665e-09
48,0.7720184668260199,0.9144399472096428,0.012813013967382828,0.038196110567722735,0.012814646168865356,-5.331739800773505e-07
49,0.8242380577893733,0.9293482237562382,0.014446596020507822,0.03971120497346292,0.014450857776442845,5.778937328670963e-08
50,0.7844753249498942,0.8921021991162718,0.022639932879296894,0.05484980660716816,0.022644497849287376,3.249498942148321e-07
51,0.8095848767715765,0.9059821883846344,0.017296011746679687,0.05093263387858448,0.017298336646584655,-1.2322842346534912e-07
52,0.9225916929995788,0.9616701047487216,0.00887465229433594,0.026298478757532256,0.008875569263123675,-3.070004211958022e-07
53,0.7413884247510172,0.8663845510682154,0.015448070585546883,0.049424182052574483,0.015450399982095624,4.2475101713623786e-07
54,0.9212970408885645,0.9649153393064953,0.008783565209550773,0.024787649698341664,0.008784352937352545,4.0888564423191553e-08
55,0.9477727305295361,0.9759504628802804,0.009024349932910156,0.024018665219497495,0.00902539075089948,-2.6947046383174467e-07
56,0.6541904286500388,0.8188293554262052,0.020402365166308608,0.05945636428303779,0.020406832011645587,4.286500387973291e-07
57,0.9424106333747353,0.9765455760506775,0.0065296075941308615,0.019774223735207992,0.006530120840928476,-3.66625264702769e-07
58,0.8653420248694162,0.9384220475193479,0.010736643798554674,0.030544458748773227,0.010737419596447872,2.4869416304085235e-08
59,0.8807357517334428,0.9479003810015808,0.012934809567968749,0.03293631206879717,0.012938857920533155,-2.482665572012266e-07
60,0.9056741751126551,0.951839567301446,0.007656090564394545,0.02243340254769151,0.007656648057955946,1.7511265515413044e-07
61,0.7967725229234707,0.9442869814033694,0.010502056698242187,0.03163413160316762,0.010503886948023445,-4.770765292816392e-07
62,0.8599692485672336,0.9285654679463806,0.009292826904775401,0.02687426679003203,0.009293323168604338,2.485672335739153e-07
63,0.5080138248626181,0.8599185290327199,0.01571537423323241,0.042517522311447446,0.0157160158798137,-1.7513738181929028e-07
64,0.9295294436544507,0.9734041713682654,0.008150057983359367,0.026943739299214647,0.008150772329517006,4.436544506214446e-07
65,0.9348169465898075,0.9678980783674827,0.007642877693017573,0.024804263027356714,0.007643545779123719,-5.3410192490943587e-08
66,0.8581206058175965,0.9441552216284592,0.009370141682041007,0.03023096265318017,0.009370917471248607,-3.9418240349586853e-07
67,0.8631624144467728,0.9412971543912988,0.009158579823535155,0.030495987476278602,0.009161151804078537,4.144467727895673e-07
68,0.763597422382856,0.8958052408231475,0.018198936479492205,0.05419373340830699,0.018203912395158818,4.223828560245835e-07
69,0.8153703420032342,0.9049486278974946,0.01343248961542973,0.03722360113027356,0.013434803011930006,3.420032341772128e-07
70,0.9428807844935198,0.972138705373463,0.007899045381884769,0.019643831024443534,0.007899621270753096,-2.155064802167317e-07
71,0.8213050299586213,0.9210200547736289,0.011381264640234378,0.03113330863060562,0.011385136648928262,2.995862136145888e-08
72,0.8917242812923143,0.95267939285866,0.013451003030371118,0.03746097653666016,0.013458006665862877,2.812923143302726e-07
73,0.9155017699313709,0.959183364569314,0.005304946013779291,0.015759440859480587,0.005305026901328164,-2.3006862914787263e-07
74,0.8892707324913179,0.9487899405407463,0.010856508947460932,0.02862383855984311,0.010859221621201027,-2.675086820946859e-07
75,0.9327522610937631,0.9694886186770001,0.00921200451044921,0.027924573416725,0.00921505903989175,2.6109376305427645e-07
76,0.8463096244358859,0.9271522360056246,0.011542488875585942,0.03900840202803576,0.011543790216292057,-3.755641141411914e-07
77,0.8666492079885825,0.933493500549684,0.014567113063769557,0.03902045802370361,0.014568756674475679,2.0798858246795504e-07
78,0.04894895440510538,0.5078804018215591,0.023548402969365223,0.07828951958879764,0.02354922448429685,-4.5594894616807213e-08
79,0.9519585483311015,0.9770290332529692,0.009315466782617198,0.025390908561115935,0.009316724823696831,-4.516688985045647e-07
80,0.7619099427969267,0.8901189437939155,0.013097432289228534,0.040443224107592365,0.013098363879185336,-5.720307327816698e-08
81,0.8687533975336504,0.9377498591015366,0.011091825393261716,0.030146696824407244,0.01109571351546638,3.975336504424831e-07
82,0.9142293586919827,0.9588541112530862,0.00918440972607423,0.024171750642806553,0.009185117131280365,3.586919827824886e-07
83,0.8380651674221955,0.9206408157099691,0.013105440912109386,0.03509853798173614,0.01310768941039392,1.674221955516586e-07
84,0.8450921371262823,0.9292179939646806,0.006790801003730471,0.023150738135398585,0.006790946477688179,1.3712628232909196e-07
85,0.8887059790053559,0.9432957753253666,0.007619311785058596,0.02891475858848465,0.007621433859757481,-2.0994644134297857e-08
86,0.7882240302221897,0.9045052278572118,0.01245477696338867,0.041480252967192356,0.012455899625330447,3.022218963977252e-08
87,0.9374694367628553,0.9694808958109087,0.008814500276269526,0.02684199098198595,0.008815412828411614,4.3676285532701087e-07
88,0.38818888199581036,0.647851634085803,0.02304882310048829,0.06535642291959286,0.02305360387156084,-1.1800418964202919e-07
89,0.8496801631562565,0.929395936307967,0.013819319580371095,0.04415065174177346,0.013822071901820752,1.631562565052036e-07
90,0.8498567236458695,0.9230060429660313,0.010253482069921884,0.02674010082514777,0.01025669224741124,-2.7635413046844803e-07
91,0.7914546165463954,0.8941275890661183,0.013467261315917961,0.04523060830935727,0.013471580172499779,-3.834536046465331e-07
92,0.8741514891145363,0.9488777191865188,0.01424056003652344,0.03637264388898057,0.014243655635841356,4.891145363172811e-07
93,0.8621873612317319,0.9302434445872814,0.015145110451953119,0.03927317510320716,0.015151947653176812,3.6123173186020097e-07
94,0.8964841907309431,0.9478591004884009,0.014307331258398429,0.03480815898177564,0.014309941957054102,1.9073094315036343e-07
95,0.8439804772772223,0.9248431019817032,0.010189495750292977,0.03383072521717979,0.010192124912873926,4.772772222993993e-07
96,0.9296244519070439,0.9699946792919845,0.009123664243359366,0.02251497158758761,0.009124918906934181,4.5190704389685976e-07
97,0.3635590799430972,0.6184021687959987,0.025220975718945295,0.07877505689966496,0.025227454737303492,7.994309719761006e-08
98,0.8818885971736831,0.9527421651193122,0.007886173526396483,0.02881769349085682,0.00788675656828328,-4.02826316969751e-07
99,0.5451748608862323,0.7635862952168688,0.023598310363281253,0.06635726951839091,0.023601069819245372,-1.3911376761654992e-07
100,0.822922144644944,0.9207967314049826,0.01751109555136718,0.04413864126359882,0.0175184906142917,1.4464494391130955e-07
101,0.8693105592104642,0.9437620417734126,0.01322275487431642,0.04056130643558789,0.013227409455525054,-4.4078953576054403e-07
102,0.9488838548491108,0.9742822659030482,0.008678231276660169,0.02223643941101815,0.008679206066934925,-1.451508891969766e-07
103,0.7984411089581889,0.9203941212465221,0.010272310148857417,0.03417368698777237,0.01027313131609674,1.0895818891576425e-07
104,0.652937942585599,0.8645267420016499,0.016617886431738303,0.045077442927182985,0.01662043221658178,-5.741440101125761e-08
105,0.9154977418643545,0.9571001296599541,0.009779684767871076,0.02962318296803231,0.009780673827753167,-2.581356455255701e-07
106,0.7929719922772047,0.8938330226962005,0.011154714397265618,0.03293005524816736,0.011155893193644639,-7.72279529215325e-09
107,0.6419959626814584,0.8223993553948731,0.015797366037890646,0.049251532327161694,0.015800398488289475,-3.731854159028103e-08
108,0.9495800424685564,0.9746302143247988,0.007005979660839847,0.02087662194102593,0.007007809550581409,4.246855644929326e-08
109,0.9396594413399121,0.9710550276774218,0.008583691884179701,0.023817449008914495,0.008586468173552306,4.413399120606343e-07
110,0.8782454692140711,0.9386558724369475,0.008928055046777348,0.024955025502677183,0.008928473004223504,4.692140710416126e-07
111,0.8604813940346401,0.9316962125946504,0.012064548232031238,0.03828010128776352,0.012068241976955487,3.940346400277406e-07
112,0.822481012274628,0.9355522502210524,0.020403416960839815,0.056215261646525745,0.02041451234220456,1.227462798070178e-08
113,0.9536261974164816,0.9768285292733201,0.006770765961914058,0.0216243403887498,0.00677289861087407,1.9741648160653824e-07
114,0.9139768025494497,0.9592204057875667,0.006823541047548827,0.01748441108818864,0.00682378152805026,-1.974505503543611e-07
115,0.8626562059385772,0.9305255895571424,0.01119054684828124,0.03613745359970497,0.011191563882096687,2.0593857719131137e-07
116,0.8363417620560719,0.9178800509346279,0.012684900275986325,0.041180089672801394,0.01268602979288705,-2.3794392811637977e-07
117,0.9361174860472751,0.9685978120984952,0.007948365219335946,0.0234684636197756,0.007949522358965087,4.860472750944922e-07
118,0.1277559885610583,0.4478285811004641,0.025348654337714847,0.08826284057905384,0.025349350754090776,-1.1438941710517625e-08
119,0.734472263314155,0.8590568119775479,0.012173115683242187,0.0411929390562452,0.01217415758161392,2.6331415503566546e-07
120,0.7799342065262885,0.8902180380968607,0.013647016155468754,0.03518081039267371,0.013650809759183423,2.0652628851536292e-07
121,0.734307718021842,0.8712017039494867,0.014267268370214838,0.04286371298669183,0.014268794158057988,-2.8197815793440384e-07
122,0.9220204181902821,0.9609655580154475,0.00740267161383789,0.021713975696069015,0.007403057475185274,4.1819028218093024e-07
123,0.776236776984615,0.8936607054158002,0.00919042978319336,0.040360008098142004,0.00919106487033491,-2.2301538493696427e-07
124,0.9230517774937196,0.9622683155240281,0.009233887118642566,0.023762589596407258,0.009234751715345851,-2.2250628040065834e-07
125,0.9038475736131317,0.9529045005837591,0.00826279167968751,0.023005071637824403,0.008263862041543488,-4.2638686825746674e-07
126,0.8243947833492353,0.9351831763882124,0.013053857810449201,0.037239377550059446,0.013055304317279068,-2.1665076466170774e-07
127,0.9599591642903824,0.9812146712859329,0.0076614333900390606,0.02018359288826259,0.0076621977885134975,1.6429038240950433e-07
128,0.3192852863897241,0.6537021832069078,0.020101977475976564,0.06275346924466424,0.020105586428740524,2.8638972410233166e-07
129,0.9425415820957008,0.9711535094296478,0.007323070346113273,0.022093303628745398,0.007323627924519931,-4.1790429916588323e-07
130,0.7253021307578918,0.8618403583988872,0.020729750863085917,0.05698353686958077,0.020733986972129224,1.307578918474661e-07
131,0.9527654687528317,0.9795159613175153,0.005551297235683589,0.01396212126335044,0.005551609453980057,4.6875283177261196e-07
132,0.6849737307696393,0.8660965800710493,0.011330228642822262,0.03633855847814752,0.011330972357991562,-2.69230360672168e-07
133,0.927608876960375,0.9650666469469719,0.009363658288574219,0.027604390581261917,0.009366449334992987,-1.23039625044008e-07
134,0.9401440803140871,0.9702108798917747,0.007633965302539078,0.025317783126110868,0.007634742460534043,8.03140871585839e-08
135,0.944724410354494,0.9733173947145765,0.007920551418945317,0.020866488874746743,0.007922202024789365,4.1035449394044576e-07
136,0.8587342063505174,0.9317713477395902,0.014538314332128923,0.039447494374231805,0.01454316724451538,2.0635051745099275e-07
137,0.83382226084865,0.9146065483929327,0.014850860760058591,0.045965569944133935,0.014859453365272413,2.6084865001330115e-07
138,0.9159212510323794,0.9580320112970938,0.009663918829980469,0.02490673766732036,0.009665108818474927,2.5103237943913115e-07
139,0.760772000046423,0.9454449259005786,0.010438366381367189,0.03217527992506777,0.010438833852494053,4.642297657397876e-11
140,0.9203870476664605,0.9607085884008821,0.011040460877050786,0.028256961740983688,0.011041680262802273,4.766646055642809e-08
141,0.7214583254280544,0.9057519319151093,0.017622944143164065,0.04744746427771071,0.017626540630786596,3.254280543929511e-07
142,0.8406856873200023,0.9673427315954033,0.010268735760351559,0.026271672347912483,0.010270937761077467,-3.126799977826167e-07
143,0.7968243334381873,0.9104452506072602,0.015834998260937497,0.045756592606136716,0.015839933201630425,3.334381872832637e-07
144,0.9175638872611209,0.9707209392740527,0.007027602173749994,0.020381398348097695,0.007028079910644556,-1.1273887912111036e-07
145,0.8201909263557662,0.9244059635921548,0.01348048924582032,0.03996413741980853,0.013481798793605237,-7.364423382227869e-08
146,0.5620062365262836,0.7580400140917585,0.02668115838154296,0.07351519484697708,0.026692414425898082,2.3652628355907979e-07
147,0.8619183379958165,0.9531919636012174,0.008092769582539064,0.029388012233384723,0.0080933735261774,3.379958165572461e-07
148,0.8765525208162674,0.9381402662488897,0.014164931343359378,0.04241273836627349,0.014166723956692013,-4.791837325823778e-07
149,0.7923079073319526,0.894292102091461,0.013469599989160136,0.038190421359044144,0.013472317808331954,-9.26680474577779e-08
150,0.908208255060854,0.9536886110006156,0.009259505979199237,0.025427381069787817,0.009261836989070809,2.550608539930721e-07
151,0.785306756584284,0.8896988803185064,0.015490400984472663,0.04978559461106582,0.015492237404859383,-2.4341571602803924e-07
152,0.8509914098448925,0.9414657956905889,0.013952297656347654,0.03647190780958041,0.013954309231422324,4.09844892468314e-07
153,0.7279766270364627,0.8541386141025613,0.01792185229067382,0.05292898004753203,0.01792303215653224,-3.7296353727622744e-07
154,0.6813791871740211,0.8452021267995686,0.013254067939785178,0.040129625970960967,0.013254906247258629,1.871740211711881e-07
155,0.9534037917651764,0.9800473267306259,0.005905096298535147,0.016135352038699795,0.005907490508146003,-2.0823482360654566e-07
156,0.670371226225279,0.8613648956721119,0.028415423070703157,0.0740359649762104,0.028425741250927755,2.262252789542174e-07
157,0.9468895141670395,0.9749287871668124,0.005927796196777338,0.01584995885498515,0.005929757956984497,-4.858329605283984e-07
158,0.917314508179407,0.9678691499468126,0.012099507496679675,0.0330514010134741,0.012100852345476538,-4.91820593029324e-07
159,0.6620967542894896,0.821786937700033,0.021473749786328163,0.05907487971982189,0.021480915695214774,-2.4571051049360193e-07
160,0.8415715473110356,0.9328768536380807,0.015550940815820306,0.04043080637713898,0.015553473039437521,-4.5268896442518525e-07
161,0.962800468684748,0.9824928237725552,0.00732445437575196,0.020200150606864756,0.0073251744020117636,4.6868474801176063e-07
162,0.9242660164765298,0.9661958769004022,0.011488620316796878,0.03426826697550973,0.011490078680096247,1.6476529807185614e-08
163,0.8918416589283185,0.9507707522991323,0.011308751545214853,0.03511094119225389,0.011310067873119299,-3.410716815643866e-07
164,0.9384243052208302,0.9701099675841858,0.008066322353925789,0.02662294000960769,0.008067092546840692,3.052208301657089e-07
165,0.7597532702971883,0.876735761731548,0.016162704789306627,0.05073029954424123,0.01616416088342823,2.702971882984073e-07
166,0.8883839383056524,0.9566646311745615,0.01008504848173827,0.029827631604798403,0.010088630000876045,-6.16943475195697e-08
167,0.659149596421539,0.8355150794057297,0.009889106881074227,0.032504546888743775,0.00988956886417427,-4.0357846098348915e-07
168,0.8647118067713853,0.9305450842119805,0.008818037150683586,0.027057548670400552,0.00882158867905999,-1.932286147754425e-07
169,0.9339746686584542,0.9677307335062606,0.00910989789746094,0.025886200312329095,0.009111460090094642,-3.31341545756203e-07
170,0.9518062321160318,0.9756627522846074,0.01019578278808593,0.02571607457479933,0.010197292455425057,2.3211603172867967e-07
171,0.9099230123836165,0.9548177899836953,0.012783875959960925,0.030406010682926123,0.012785489483619562,1.2383616465605485e-08
172,0.9324252665076789,0.9740097639613303,0.007754565017285164,0.020466599774167097,0.007755509698083815,2.665076789254428e-07
173,0.4064679784169931,0.6919146209919748,0.014528291758398443,0.059143191597292685,0.01453000160394419,-2.158300688170911e-08
174,0.8822172714739198,0.9430953150692283,0.01184498837900391,0.03428953010899507,0.011846411579644342,2.7147391978843416e-07
175,0.6517425481075618,0.9034067570857184,0.011652885685166006,0.03460109167574328,0.011653254744792564,-4.518924381358147e-07
176,0.9434835736719268,0.9738904813578382,0.007124399069003913,0.022049694710069297,0.007124949793636951,-4.2632807317755095e-07
177,0.9185702709273565,0.9655249364934843,0.010059720956464844,0.031647773133085054,0.010060712667573374,2.70927356549322e-07
178,0.2905099972533075,0.5720751851095266,0.015798942776367158,0.059782558552354204,0.015801102832947618,-2.7466924845676033e-09
179,0.8559582181541423,0.953962101560379,0.00991207741035156,0.032984722661806576,0.009912867913391115,2.181541423063038e-07
180,0.8041942348422516,0.8988835627553052,0.01585605231093749,0.042953434075355734,0.015858542059222724,2.3484225164516204e-07
181,0.8565336685291994,0.9315315966543517,0.014878926144042948,0.04134389376285606,0.014883886167852224,-3.314708005852651e-07
182,0.8748258448903589,0.9376626946360173,0.014676135776953163,0.03763874594465224,0.014679658933264257,-1.551096411311903e-07
183,0.8991130815513302,0.9618783455122509,0.01055003530830078,0.031046520862178014,0.01055420720170899,8.155133013332261e-08
184,0.9214531568004962,0.9646418372881415,0.010106017336542969,0.02532728560207991,0.010106888523146134,1.568004962537728e-07
185,0.7387036561989296,0.9420890389770658,0.012474070958886701,0.03719631973214158,0.012476826507194342,-3.4380107039044816e-07
186,0.8245239711482495,0.919649569185183,0.01213822408765624,0.04082169222257767,0.012139315879760276,-2.8851750544234278e-08
187,0.5287767907641764,0.8753521092251842,0.01594618643486328,0.04540903266569545,0.01594756090091562,-2.092358236671643e-07
188,0.7023653603161844,0.8875821027584662,0.01360555016425781,0.04650922514941903,0.013606619207755062,3.603161843335201e-07
189,0.9111917580541947,0.9547122941605561,0.009426396736816405,0.02809339778769258,0.00943020693271383,-2.419458052793644e-07
190,0.9028693901178174,0.9511397686893681,0.007265912585781251,0.021272773016132642,0.007266271550059255,3.901178173837394e-07
191,0.8737856405155866,0.9391222906490776,0.005174007613525391,0.02103658809177416,0.00517417445788529,-3.59484413348099e-07
192,0.7234915045817555,0.9095375855458081,0.014746243238281257,0.042856348930382156,0.014749893212930973,-4.954182445393585e-07
193,0.45157649079068574,0.7724254915396505,0.020513172590625014,0.06270805492014057,0.020517862288647597,-5.092093142700094e-07
194,0.760136088732346,0.8891619430151382,0.01446519833359376,0.04091850222120861,0.014466874239959963,8.873234591533219e-08
195,0.9795881898648888,0.9902211487163578,0.005502223079394535,0.015287244811443156,0.0055027893786031125,1.8986488881100883e-07
196,0.8654495232137415,0.9432385299427634,0.010908113164443374,0.03077033439004689,0.010909082825797613,5.232137414434845e-07
197,0.9033031973363782,0.9538811248480011,0.006664748204462888,0.019472659657101963,0.006665278544213413,1.9733637823815542e-07
198,0.9082067523121301,0.9534486820225121,0.008719689736679694,0.02567414975618016,0.008720479305183281,-2.476878698809415e-07
199,0.8153096582388851,0.9046139650213718,0.017796709438183605,0.04687044549148903,0.017801491566792737,-3.417611148526234e-07
200,0.7796094831263267,0.9013538879285128,0.008647683177929693,0.0333391651426337,0.008650240629356978,-5.168736733063284e-07
201,0.3760167767625059,0.6337027062144973,0.023380175583105508,0.075196211628618,0.023385530193678037,-2.2323749410135818e-07
202,0.8585582668944928,0.9485774382907687,0.011287443448144533,0.030161007273691684,0.011289371496681971,2.668944927286532e-07
203,0.6945497190457824,0.8457052389920826,0.025309429630800778,0.06569133979644963,0.025311948979200333,-2.8095421755747196e-07
204,0.8916409584144285,0.9627575364748869,0.010407146171884768,0.032599346228360235,0.010408117997117175,-4.158557154188003e-08
205,0.9596347752670265,0.9825869239478404,0.006858243048046876,0.0166315793844246,0.006859384567620343,-2.2473297356384592e-07
206,0.20630604901191796,0.8062279798842341,0.02096059862048828,0.06366005270792957,0.020962306465713114,4.9011917968577734e-08
207,0.9345515992527427,0.9757285613036114,0.007556238239677737,0.020489043667305883,0.00755675551002072,-4.007472573785975e-07
208,0.6373891139614085,0.8126183973065655,0.01634338044140624,0.0476986878011545,0.01634813230234335,1.1396140853214831e-07
209,0.8481144372416343,0.9221837723621845,0.014734174343457042,0.041480320399268,0.014736039155319257,4.3724163423242146e-07
210,0.7467275910216888,0.9190679903739583,0.010819523893457016,0.03568942227679166,0.010821562852289862,-4.089783111060896e-07
211,0.8108008766835282,0.9183146600745153,0.011037884402050774,0.032489986905563366,0.011039335952191857,-1.2331647181174077e-07
212,0.7542850719279672,0.8824957462363408,0.010708457960546876,0.039725223204644444,0.010709972533803685,7.192796724897477e-08
213,0.827723189983407,0.9168664358584389,0.012804531203710931,0.043960871415758426,0.012809489926346685,1.899834070062667e-07
214,0.740692099183348,0.9365664027407323,0.012712178155869152,0.039174850000012744,0.012713023358852243,9.918334797909267e-08
215,0.7529430958272239,0.8815329030488812,0.02059444350957027,0.054763708176853394,0.020603262095148647,9.58272238227309e-08
216,0.882505901914753,0.9692383587179221,0.012558721395214844,0.029086931864428196,0.012560299069260334,-9.808524703558419e-08
217,0.5882111098802878,0.7818115537232582,0.02688190222148436,0.08129532076917058,0.026887918675611175,1.0988028775749115e-07
218,0.7701585327862153,0.9011595369517563,0.016381398918066434,0.04067032904714829,0.016386468214570883,-4.672137847716584e-07
219,0.8976256289245841,0.9474997641667626,0.012843679694335955,0.036607614164048535,0.012845145758348393,-3.710754159502727e-07
220,0.39465092977147087,0.7283363677893092,0.02258769820146485,0.06318661824417092,0.02259147217240652,-7.02285291032112e-08
221,0.7953863405437611,0.8988962314213971,0.016912212603515615,0.05184803327184977,0.016917435614767114,3.4054376107928164e-07
222,0.729151372825701,0.8608670428749596,0.023470775729394544,0.06130186811201257,0.023485661961223297,3.728257009782965e-07
223,0.8604939911871793,0.9303888102788969,0.010226873290048809,0.03362415654346348,0.010227680076965739,-8.812820695425216e-09
224,0.767155131098983,0.8841369087561698,0.014483406849511717,0.03997426826893773,0.014484910362928514,1.3109898300278644e-07
225,0.8488330040312403,0.9216693256290052,0.011430565299023436,0.03189573967234185,0.011432844207859389,4.031240341539899e-09
226,0.8604730300816363,0.9404707932978233,0.014690115776367191,0.04287230244124606,0.01469227290469042,3.00816362930334e-08
227,0.8404143166557706,0.9195925980019991,0.014428125658007818,0.04659621119111955,0.01442975614397438,3.166557706046902e-07
228,0.8908200537654694,0.9453428265113353,0.008908356828271484,0.02625792860627287,0.008909075405071888,5.376546940993876e-08
229,0.5202961502974303,0.7314588370332394,0.01673000610487307,0.05652620543241406,0.016730494127698406,1.502974302791671e-07
230,0.8157496055615128,0.9056673684312652,0.016640944577734327,0.05406663104743852,0.016643014064968344,-3.9443848720566166e-07
231,0.8150752873120555,0.906833896042592,0.013865594217480454,0.03860686251834222,0.013867883065816452,2.8731205548027106e-07
232,0.6964009742159758,0.8392643657006656,0.015850627245458975,0.04925954354457023,0.01585194305881937,-2.5784024249020376e-08
233,0.6762528578425403,0.8502129533393895,0.020985752630664045,0.05388630025049632,0.02099063011843151,-1.4215745969270444e-07
234,0.8417393937990671,0.918415716528011,0.015177491000292956,0.04614648300937419,0.015181278152303386,3.937990671332159e-07
235,0.9565192106624306,0.978157103085171,0.008653075131152346,0.021851759375900996,0.008654120923683362,2.1066243061085288e-07
236,0.9021111972026392,0.951168267689091,0.012247418438964834,0.03259271124487259,0.01224951698456627,1.9720263921829684e-07
237,0.892657548737531,0.953761954664891,0.009121130529882802,0.02467592910326435,0.009122060106120268,-4.5126246894788835e-07
238,0.06766605541144577,0.7719223766103813,0.02080893951523437,0.05788732644415882,0.020813939939421176,5.541144576515222e-08
239,0.8881622740677965,0.9468864813727731,0.011016304281142567,0.029078680132057985,0.011017332186336833,2.740677964574445e-07
240,0.5736205200776894,0.7661312706470896,0.019695782948535155,0.06589494590336856,0.01969781444323213,-4.799223106699557e-07
241,0.9641361554737012,0.9858664285886947,0.008251312772656252,0.021791922984394578,0.008252334815245552,1.554737012465779e-07
242,0.8851232260102405,0.9418687930175834,0.01668083570898436,0.042876868617388916,0.016683382509072944,2.2601024052271157e-07
243,0.9330804269324554,0.9754415315437476,0.006322207713583985,0.018867887680002964,0.006322539886868434,4.2693245538849567e-07
244,0.9277509964398677,0.9639104107061776,0.006003203407685547,0.01899327324150905,0.0060035745892508185,-3.5601323000733487e-09
245,0.8471301951741138,0.9223736285862443,0.008921801835097665,0.025976141228041903,0.008922067601364781,1.951741137595775e-07
246,0.7690059497126025,0.8869229708981561,0.01570118841337888,0.044923874016312926,0.01570591362544621,-5.028739746837374e-08
247,0.8602163514489487,0.9293661248685962,0.006703032976376952,0.022669074855254455,0.006703276603345331,3.514489487210781e-07
248,0.8463076044532176,0.9217197668249728,0.011140261367001943,0.0354664585823511,0.01114112339671848,-3.9554678232800455e-07
249,0.956359623416686,0.978655116247365,0.006519616926855473,0.018636871886112183,0.0065203122588230345,-3.765833139768304e-07
250,0.9208579192463306,0.9660692957544377,0.009251617750908226,0.02871263352798056,0.009252474741765935,-8.07536693070432e-08
251,0.8664264872256393,0.9337605020199471,0.011146245526660145,0.0309220607625208,0.011147394620162902,4.87225639278499e-07
252,0.9003938892606789,0.9504413100477415,0.012554175370703129,0.03516881524840259,0.01255644630446886,-1.1073932115746032e-07
253,0.8981014908875209,0.9517381029057167,0.013984312772070294,0.03167001752743619,0.013989719002449727,-5.091124790634893e-07
254,0.9545180994696674,0.9772643867882428,0.007462517535624995,0.019101566203697747,0.007463225400687,9.946966739171614e-08
255,0.47688224654050404,0.7163026319096519,0.01895762444462889,0.057918151769023124,0.018959873303641243,2.4654050406747174e-07
256,0.8561081894718905,0.9389791000646046,0.011760092044238278,0.03256401883867402,0.011762202851522963,1.8947189051043978e-07
257,0.6528133561418829,0.8114548934341587,0.017333890158593757,0.05885116966174898,0.017335871742347613,3.5614188287347304e-07
258,0.9081916457637319,0.9539858602741995,0.010070306168427731,0.026845892101237414,0.010071232313311373,-3.542362680963862e-07
259,0.8855047520520836,0.9482091264762146,0.011321985725781239,0.028316458570023344,0.011323561499011167,-2.479479164207987e-07
260,0.8798668971783352,0.9602145906659207,0.011934214220410163,0.031246094132874054,0.011937958108522287,-1.0282166473807308e-07
261,0.5154021236460369,0.7261581525905079,0.02218508521210938,0.07046496050820811,0.02219131728406927,1.2364603685366404e-07
262,0.9585852248881828,0.9793901561607095,0.007106363390439448,0.01971120798394919,0.007107001766354748,2.2488818274268851e-07
263,0.9014923812357208,0.9597368842008641,0.009190283345634768,0.028432068367789526,0.00919106852740596,3.8123572088100133e-07
264,0.9140228936157123,0.9660015106923194,0.011538903288476558,0.031352698136419374,0.011545497744277754,-1.0638428771247987e-07
265,0.9278793576380476,0.9704683991274052,0.00852536833193359,0.025212737540673186,0.008527277834173536,3.576380476211227e-07
266,0.7992044396798657,0.8952795769347704,0.013015353041406245,0.04567922191982937,0.0130172215555176,4.3967986562698513e-07
267,0.9112740865241248,0.9641356266820472,0.007675572763359366,0.020603623147549547,0.007675996058541573,8.652412475385063e-08
268,0.897620123773001,0.9683545861138616,0.008842731249218746,0.02316342916415935,0.008844053060163391,1.2377300107058176e-07
269,0.7960843784877908,0.9319593950806925,0.01068298789384765,0.03749708804032495,0.01068573174612537,3.78487790775317e-07
270,0.919610016903359,0.9590300927985144,0.006868681722519538,0.022822818867708258,0.006869094012136476,1.690335893478334e-08
271,0.5516455977514374,0.8304079220055505,0.022736441053222634,0.06001287473479469,0.022743474142820925,-4.022485625698735e-07
272,0.6836847586291059,0.8448042819133084,0.014738547751660148,0.051593992740326305,0.014740417698938808,-2.4137089404963064e-07
273,0.723980193913611,0.8589362095853773,0.018744022709667994,0.053611960030618445,0.018747700626077737,1.9391361105736138e-07
274,0.8170945602918065,0.9049397463701043,0.01117780944599611,0.03507163544518175,0.011179778973124091,-4.3970819352256996e-07
275,0.5083522764215412,0.718966319539492,0.017810309930468744,0.05579351339119624,0.01781224501892433,2.7642154121210183e-07
276,0.9440731374613318,0.9805302756577788,0.008802420186621076,0.023187084514673925,0.008804064812340216,1.3746133176173458e-07
277,0.8627875098478626,0.9396811615152132,0.014270448868945287,0.04178972714534687,0.014272207007892203,5.098478625953362e-07
278,0.9091788832659752,0.9568289600514254,0.012974843813183593,0.04007270806089676,0.012976760628663517,-1.1673402477985206e-07
279,0.8520059744854017,0.9324459643425007,0.013223862029326185,0.03548200125032671,0.013225114019659158,-2.551459832300651e-08
280,0.7240512038136688,0.8682275028036103,0.01940080958818357,0.06145257572797917,0.01940469776957069,2.0381366883093222e-07
281,0.21967787255636828,0.7537897106509664,0.024314612074707052,0.06466454661801489,0.02431930455991173,-1.2744363173111672e-07
282,0.9534237189907115,0.9779852603167921,0.006445519825312502,0.016160112446925792,0.006446015807230472,-2.8100928850527396e-07
283,0.8148047744161628,0.9262194936607158,0.015588232060058577,0.0498440865526644,0.015591142784537049,-2.2558383716564379e-07
284,0.8293027124114869,0.9370787985065848,0.013549492546386733,0.03520838959925068,0.013552280193502958,-2.875885131148337e-07
285,0.8151661207706669,0.9113047833796433,0.014273924724697268,0.04021298478946971,0.014275137520253044,1.2077066691151828e-07
286,0.8752628979931467,0.9588444907480458,0.015461404768457015,0.0428222746394522,0.015465589195492428,-1.0200685329753156e-07
287,0.7804840265586543,0.8872444062224608,0.008385304837021473,0.03154857853363889,0.008385707443473112,2.655865438683236e-08
288,0.37786672228503715,0.7525946837625731,0.015882764407333997,0.05323821129150019,0.01588320194809251,-2.7771496285966535e-07
289,0.7906317136528956,0.8922323428563815,0.01789520138574217,0.05028827602375795,0.01790076231125645,-2.86347104361262e-07
290,0.9045355935598537,0.9523965899459066,0.011624981842968757,0.032506250587751945,0.011627066492275942,-4.064401463166334e-07
291,0.8157484134689236,0.9235806974458418,0.013717410821386715,0.03504702086965454,0.013719910126650818,4.1346892354354736e-07
292,0.9557324084277619,0.9799782711195423,0.006986425757783207,0.01699812028714986,0.006986891117779646,4.0842776183325213e-07
293,0.9409599716637502,0.9723630227105854,0.0049147847384082,0.013354101988853614,0.004914842110441421,-2.833624979103888e-08
294,0.8656409882556941,0.9471749398425922,0.009167280100390631,0.027540308781057506,0.009169519795029502,-1.174430586114994e-08
295,0.7245414685004019,0.8954750183890322,0.01538236894667968,0.03817046899581566,0.01538636730501712,4.6850040191781517e-07
296,0.9048804819607599,0.9527513811995035,0.01243567172177734,0.034070172947741895,0.012437944669100006,4.819607598571807e-07
297,0.7221847425793517,0.8771577072354879,0.017801782777294935,0.047596451872100765,0.017803475826958192,-2.574206482419683e-07
298,0.9249980387370028,0.963020488998981,0.010578335840527357,0.028984208470046142,0.01058166677145501,3.873700282763792e-08
299,0.893905411224175,0.9471440311792004,0.011526292380957044,0.031237419159068223,0.01152780327710468,4.112241750453549e-07
300,0.858186985086777,0.9367237818369454,0.014690509141894528,0.04420608821826717,0.01469244516686341,-1.491322298985409e-08
301,0.8911192906274272,0.9458375103629696,0.007787776801757813,0.023906190657006023,0.007789415724426011,2.906274272351794e-07
302,0.9162169105604162,0.9694429517934902,0.007136232578398435,0.019424638923987055,0.007136687664559878,-8.943958373919259e-08
303,0.8355479687476604,0.9200105783858508,0.011417023304833953,0.03158951325705773,0.011417844724907226,-3.125233960510343e-08
304,0.7129750225671356,0.8491113517769325,0.012926462570380878,0.047559071878822724,0.012927330961252733,2.25671356046675e-08
305,0.6910566027598002,0.8340824140332284,0.018342887132226572,0.05686848372579091,0.018346193896079884,-3.972401998453279e-07
306,0.5016416225692869,0.7182513273536403,0.020589321753808617,0.06548211356246342,0.020592304439967533,-3.7743071312767995e-07
307,0.9309877356468486,0.9661865421473658,0.006770700537744147,0.017307215954757035,0.0067710265028820965,-2.643531514801012e-07
308,0.8602293320059775,0.9388035598169966,0.014717013932617193,0.036691356874976204,0.014720369025622177,3.3200597748805905e-07
309,0.8165411809114809,0.9233090337965494,0.014478732964453114,0.038796793426551415,0.014484376852589045,1.8091148090704223e-07
310,0.6896134221583743,0.837609410882276,0.019546767937988287,0.061458350745578094,0.019554951685268572,4.221583742580748e-07
311,0.47813860039652223,0.7515175452982691,0.02342684763134766,0.06128442575573864,0.023431385840902434,-3.9960347775203076e-07
312,0.6226550345923824,0.7917259988720088,0.02119899876406248,0.05897136039627106,0.021203249986000122,3.459238240299811e-08
313,0.630574521905988,0.8529533996783142,0.01296071393509764,0.045897696034543765,0.012961479957396589,5.219059879824073e-07
314,0.8714538470036971,0.9372090174923509,0.010901555302636713,0.03321710436337142,0.01090529119912719,-1.5299630284903998e-07
315,0.7449322287397837,0.864714000815952,0.009786001782910154,0.033459103241248615,0.009789769815384269,2.2873978366977354e-07
316,0.9175750479900483,0.9613711860095828,0.010184429315332023,0.026650921307400835,0.010187430906355748,4.799004826860909e-08
317,0.47150573508087734,0.7207382774149435,0.0218163953911133,0.06973847770662807,0.02182093708094217,-2.6491912263892914e-07
318,0.8996491730643476,0.9492420193633041,0.009911651870410152,0.03164397844755925,0.009912929703552639,1.7306434751951372e-07
319,0.6207883549033928,0.8088198018946876,0.022526005769335933,0.06722567520403085,0.02253169271450101,3.5490339278521077e-07
320,0.8710205169980081,0.936091009952621,0.009286398346601566,0.032359456636748954,0.009287116232978069,5.169980080710346e-07
321,0.8759055589763056,0.9424396388084406,0.012213591429589853,0.033988451224625814,0.012215017545103261,-4.4102369434195765e-07
322,0.8091253830467796,0.9120923314263579,0.015382679050097674,0.04140002530268068,0.015384372107940338,3.830467796284154e-07
323,0.7899845037234612,0.8923076462851632,0.011648759409570317,0.03993342924840781,0.011650867784392095,-4.962765388638601e-07
324,0.8320169139421651,0.9156192586254738,0.012801865375244118,0.03727941327140934,0.012802616719594965,-8.605783485826635e-08
325,0.8538189447638987,0.9241796211667965,0.011109774933007799,0.039852100028895665,0.01111337826476208,-5.523610124846812e-08
326,0.9191789265785592,0.9619404491991428,0.00982785924169922,0.024098188973553553,0.00983114357804071,-7.342144081601276e-08
327,0.7578640947865571,0.93605483800512,0.013371563923828123,0.03831775263341255,0.01337480624168227,9.478655715877693e-08
328,0.88559048837319,0.9428564045384501,0.015822710691406238,0.04102473879393625,0.015830302043097676,4.883731899996135e-07
329,0.7931257951120019,0.9241069569170055,0.008182221602802724,0.03450733921683218,0.008182708726654006,-2.0488799812312664e-07
330,0.9050633236306267,0.9592993378470116,0.010127391791992187,0.025947648713747357,0.010128414974601336,3.236306267417888e-07
331,0.8777374438549348,0.9389483226111647,0.008805345772275402,0.023817338923056198,0.008805801798773445,4.438549348062537e-07
332,0.9277951373629209,0.9736168029638677,0.010417584256933577,0.03024149413953235,0.010418804730306012,1.373629208156757e-07
333,0.9042249250042532,0.9584594066001194,0.013020271615624997,0.03555969396400604,0.013022740468065206,-7.499574672387155e-08
334,0.7298810067618371,0.8746066607668284,0.013120998068652356,0.043263318278695874,0.01312454581450475,6.761837090252243e-09
335,0.5719831502189194,0.7632961242043553,0.019337742015234353,0.05827563355432315,0.01934254915901494,1.502189194146908e-07
336,0.9481924761041962,0.9751014174437674,0.007083913280507819,0.01935484124482045,0.007084463425719501,4.7610419617871713e-07
337,0.9196133566147715,0.9599179789886635,0.008981426083984377,0.02709029241631525,0.008982278675858163,3.566147714906265e-07
338,0.7667751424980188,0.8780125083121838,0.012422563468105474,0.0449505386317476,0.012423565886129886,1.4249801882915136e-07
339,0.7218765065628661,0.8812628300561532,0.01637578206835938,0.045277731472617905,0.016377897609582557,-4.934371339304633e-07
340,0.8375993065651871,0.9293043583181319,0.009148486948632807,0.032873328037895125,0.009151799787588776,3.065651871247965e-07
341,0.9420930954055726,0.9714390218744132,0.009445757163867205,0.026625836707670148,0.009446949816719497,9.540557266429772e-08
342,0.8654497479064952,0.9394836730419266,0.01825253852402347,0.04706316209646375,0.018262413818373752,-2.520935048488937e-07
343,0.9227785275443996,0.9646107425850385,0.011602162105371084,0.03408224407296037,0.011603817998048568,-4.7245560041986323e-07
344,0.6158400068739494,0.7906950244326442,0.013848647930703095,0.0524163328630415,0.013849602101671313,6.873949298658033e-09
345,0.9465138223494567,0.9756175151745274,0.0052876203811132875,0.013280825587237055,0.005287799657879718,-1.7765054327600893e-07
346,0.6656494034903035,0.8503582423575023,0.008706029940761736,0.03450258398277383,0.008706654312617003,4.034903035021742e-07
347,0.0731342569057325,0.681720958527139,0.01656566950869141,0.062250193177284315,0.01656863672288129,2.5690573249304016e-07
348,0.8859976297677628,0.9471358423249299,0.009354204406152353,0.025536381105933367,0.009357704195943568,-3.70232237201229e-07
349,0.2521404885876751,0.5801238625184428,0.017690985756503925,0.06036329458517463,0.017692575103525822,-5.114123248772806e-07
350,0.9120371744563875,0.9587101382327914,0.006441795250976566,0.01879010696953805,0.006443264643277403,1.7445638755830828e-07
351,0.8624963449153523,0.934848545088568,0.010557504102460936,0.033374029372500225,0.010558139357938196,3.4491535227942904e-07
352,0.6089368952812733,0.7881258902809811,0.016526677456542974,0.04930873546056671,0.016529674355928337,-1.0471872669004512e-07
353,0.8606190690776767,0.9314206151876603,0.015104398743359356,0.04388669376799706,0.015108057058152005,6.907767668984377e-08
354,0.4965896741885445,0.7946218253687275,0.01729937708140623,0.0517301150351761,0.017300601025055186,-3.2581145548160606e-07
355,0.9347413117783676,0.968009009733938,0.010569469109960927,0.029155537429051533,0.010570895998044161,3.117783675676833e-07
356,0.8581606931728214,0.9325198956282132,0.010618788419335947,0.03191158510963399,0.010621918057023502,-3.068271785533483e-07
357,0.9550926639258208,0.9776686948177398,0.006826441731249999,0.01765680935097133,0.006829235822257839,-3.3607417915249016e-07
358,0.61549732097561,0.7888279611209338,0.022672998687109387,0.07481869580685108,0.02267567830376049,3.209756100908123e-07
359,0.8693630616755412,0.9446896057047625,0.006577019117871105,0.023788029361038757,0.006578248025382069,6.167554122971097e-08
360,0.8909942874378969,0.9523504448546231,0.01403484730068359,0.038058137637508434,0.01403766748773461,2.8743789692864397e-07
361,0.8868322930823943,0.9419020417216591,0.010838894003154296,0.030380002315880426,0.010839957958903107,2.930823943536609e-07
362,0.8767915169411103,0.9469245638185904,0.007412472544345702,0.026561919703575597,0.007413002825126104,-4.830588896664878e-07
363,0.9052608916792719,0.964081655922613,0.007231856906943361,0.019012711965202,0.007232146172178631,-1.0832072805389004e-07
364,0.9471098665521086,0.9739655624659086,0.007737606711328116,0.02177962670334996,0.0077384168647618885,-1.334478914039039e-07
365,0.9115430490829446,0.9558240213648569,0.010038895140058585,0.03030060687320959,0.010039795691560088,4.908294459760043e-08
366,0.8962536838919536,0.9477163218941052,0.007815528111962896,0.021513920622139908,0.00781584822229772,-3.1610804640536116e-07
367,0.6948835652612593,0.8376924736730312,0.016450771715722692,0.053666170967882315,0.016453361777608342,-4.3473874067334606e-07
368,0.697077852608485,0.837529804364322,0.013433774671103514,0.043181404259077884,0.013434303081337523,-1.4739151499298941e-07
369,0.6386455345891127,0.8009042780987076,0.016066649010253918,0.0632622696046543,0.016068192524523506,-4.654108873847207e-07
370,0.8380975460222737,0.9271997193190308,0.015537177421679668,0.04610947241490057,0.015543413041080376,-4.5397772630018096e-07
371,0.916947468399399,0.9582659187634832,0.00704562219633788,0.019871362815266844,0.0070460719771989104,4.68399399045083e-07
372,0.8189145472462765,0.9161073010956567,0.013476582503515631,0.034502450784804545,0.013479922866145645,-4.527537234011447e-07
373,0.8011462310283871,0.9007634646963132,0.013136946396093743,0.042509358254276805,0.013138903508035234,2.310283870876617e-07
374,0.28877594162447995,0.6532905465172274,0.013198917327333979,0.04530671023426736,0.013199084642626651,-5.8375520028963734e-08
375,0.8905639033975394,0.9453393862350843,0.010780567660937495,0.02883018299096201,0.010781916950996027,-9.660246058640354e-08
376,0.8866154466713738,0.9673344304737045,0.010689702179101547,0.03092688609157621,0.01069084369821376,4.4667137377718547e-07
377,0.8767085598104671,0.9424502248255907,0.009934399816953154,0.029601291325362544,0.009935104551573044,-4.4018953282431994e-07
378,0.9315555136635619,0.9707531195696685,0.006978180166533206,0.02061636981181995,0.006978761052781823,-4.863364381213486e-07
379,0.9150879825317069,0.9581268219047898,0.013211519543066444,0.03356070172613689,0.013216474286936584,-1.746829314530629e-08
380,0.687527839454561,0.8572443760214503,0.017130854590917982,0.04661501773041048,0.0171330584710549,-1.605454390540828e-07
381,0.8966286018930505,0.9487540145109445,0.007770276451406247,0.02447717963478162,0.0077707239440860144,-3.981069495173628e-07
382,0.8669319548123786,0.9351298536552519,0.009750976029882794,0.026010571207067085,0.009752987481144412,-4.5187621422471125e-08
383,0.4667584014797612,0.7424798625894498,0.018256511665039096,0.05282888942623384,0.018259323876631886,4.014797612139631e-07
384,0.9312875844821532,0.9719398262869953,0.008518711692089849,0.025079462636866893,0.008521211853140892,-4.1551784679683124e-07
385,0.9095697833447087,0.9577327559220957,0.006487753508417972,0.01715140119296768,0.0064878749216658324,-2.1665529126302374e-07
386,0.7751927291466559,0.8851014016150672,0.017338094178417987,0.050199434795632304,0.01734146388670728,-2.7085334408649686e-07
387,0.9293549197329931,0.9787724049605768,0.012248190497753893,0.034293382285017486,0.012249833070520418,-8.026700692997935e-08
388,0.9176481370040505,0.9692654691060636,0.011051075850097635,0.02960360058555369,0.011053393629575784,1.3700405043781672e-07
389,-0.190079168520479,0.3557607324012557,0.017225626465136697,0.06576329101267173,0.01722752228505408,-1.6852047901583234e-07
390,0.9477377095750072,0.9740429073196094,0.00493657044154297,0.01423695127535233,0.00493670469695505,-2.9042499272158295e-07
391,0.14231466204762255,0.698087362376646,0.02041073301,0.06372825014711862,0.02041173556300978,-3.3795237744382867e-07
392,0.9377986489329128,0.9746454807916916,0.008670505904296888,0.0224095364289422,0.008671741569369854,-3.510670872897137e-07
393,0.717013160820496,0.927133167151675,0.011899272691796857,0.03920472649288046,0.011899979877018,1.6082049603127757e-07
394,0.8777832374032739,0.9453268044402219,0.010427730435742188,0.027570869449605167,0.010428973134451635,2.3740327392829386e-07
395,0.9324800790028712,0.969565125299312,0.008215922472167977,0.0207660851590181,0.008219894154871801,7.900287124495975e-08
396,0.6983158921740579,0.8371095664036631,0.01808642247324219,0.05348912676630012,0.018092323675403112,-1.07825942174955e-07
397,0.5014950582940487,0.7199473401805999,0.020032556336523483,0.06819919870710899,0.0200349820599554,5.829404869928112e-08
398,0.90623900372932,0.9523096314021156,0.006942531324121099,0.021006043060487065,0.006943854204034978,3.7293199639520935e-09
399,0.7023686405980136,0.8501610617725376,0.017575492004101568,0.05229362362694134,0.01758160421891955,-3.5940198639394794e-07
400,0.5323404603303635,0.7457318440620833,0.02058556607363283,0.07264784703917504,0.020593408550206596,-5.396696364234899e-07
401,0.7503331263167275,0.8695727956863459,0.009459359888671859,0.03540547212335496,0.009459573139423779,1.2631672752227985e-07
402,0.9105092837675788,0.9573755182446704,0.011264907845019533,0.03400363621166146,0.011266244757333534,2.8376757876813485e-07
403,0.8091594192763859,0.9116062616326768,0.02161838083867187,0.05720585544937096,0.02162221310350458,4.192763859434123e-07
404,0.9329222698041603,0.9689254701661756,0.007067278950488282,0.016582809352743283,0.007068117932552817,2.698041602355872e-07
405,0.9572906905220202,0.9792395017428323,0.008699818239160138,0.022404121035931358,0.008704115556755779,-3.0947797979852254e-07
406,0.9163214644821973,0.9576164276197997,0.007890050027441415,0.02810704923066202,0.007891138129376049,4.644821972599189e-07
407,0.944897793324825,0.9743647276760553,0.007764041767373051,0.01963816711830748,0.007764572688665612,-2.0667517497408028e-07
408,0.9432441497630685,0.9741144982362243,0.006871887055234395,0.01909323880619425,0.006872411209913928,1.4976306850211785e-07
409,0.8571874706677395,0.9283620850484294,0.015961598362011702,0.04259977017086486,0.0159646227959419,4.706677394494818e-07
410,0.8640870933309344,0.9520519698229969,0.011187270328320311,0.03097169203984712,0.011190033528059529,9.333093431429518e-08
411,0.9444357029628799,0.9734051797404556,0.00824594754042968,0.02488748806539963,0.008246920646552367,-2.970371201227451e-07
412,0.8018693136147977,0.9457058971051223,0.01309050695850585,0.039499666592535884,0.013091636962495686,3.136147976867676e-07
413,0.8195074810118036,0.9309981458971957,0.013120037930351552,0.035674781606228424,0.01312113961049339,4.810118036102651e-07
414,-0.4865768842811671,0.28233385930001104,0.022593908781611306,0.06927330512429401,0.022595184754289566,1.1571883290484308e-07
415,0.8846641490752664,0.9455325634331578,0.009715195122060545,0.025765379329746003,0.009715779353539261,1.4907526635354884e-07
416,0.8753474797394113,0.9414283210637033,0.011926960810156234,0.03020279526467665,0.011931321482656168,4.797394113076336e-07
417,0.7163379934161807,0.8533260135916093,0.0176241290216797,0.05631883902022353,0.017630475564462348,-6.583819378569444e-09
418,0.6416678888882222,0.8099547576555934,0.017400958177539082,0.055895294278339794,0.017403500891671957,-1.1111177777856085e-07
419,0.9355206707089677,0.967667133770628,0.009171668511230462,0.021315843063962205,0.009175829838150028,-3.2929103233048096e-07
420,0.9087803504259441,0.9576627997144095,0.01248877342343749,0.032796278073693896,0.012491701696920028,3.504259440401114e-07
421,0.8351126375225725,0.9345580579592822,0.018516712492578143,0.052407075118107334,0.01851901246503504,-3.6247742751793766e-07
422,0.9230949415973656,0.9653222223530626,0.007311459893066418,0.018328159429266466,0.00731412154870837,-5.840263439527149e-08
423,0.8808907798186181,0.9413984816445793,0.016389150902832026,0.0418540802559132,0.016397143496943316,-2.2018138190471603e-07
424,0.8848572134082926,0.953452538133218,0.013038329609863281,0.0330275011005306,0.013042708063915857,2.134082925930869e-07
425,0.8283401592026599,0.933115609607347,0.0158032194522461,0.04504826693108064,0.01580948341304039,1.5920265994395777e-07
426,0.9582677158306568,0.9802503826354904,0.00977859878427735,0.0263920433607579,0.009779850508321896,-2.8416934316766174e-07
427,0.9171785874235036,0.9645199442043461,0.012140004323632828,0.030202009660406155,0.012145504721512683,-4.125764964113543e-07
428,0.9138686409145985,0.9567250641964488,0.007416577123984382,0.024112169304481346,0.007417073497090711,-3.5908540152451707e-07
429,0.9013773504617072,0.951406711400278,0.007080773264951176,0.02306894028674302,0.007081126498874087,3.5046170721031444e-07
430,0.9180305589247048,0.9609869370714462,0.006319164876416008,0.016848723942595716,0.006319552921358854,-4.410752952876962e-07
431,0.4378246407158184,0.6644995089052133,0.01978192497910155,0.0597209512639993,0.019785169149329932,-3.592841816280057e-07
432,0.8922591791823772,0.9454678937032311,0.005674665649511726,0.019705748008356432,0.005675394002336095,1.7918237715797147e-07
433,0.8961872936629839,0.95491933318057,0.009102595604238274,0.03329106640694143,0.009103466954139192,2.936629839300764e-07
434,0.9246220935012296,0.9616210857652218,0.007016722692470711,0.017153048852792004,0.007017011788935697,9.350122953666329e-08
435,0.9427288303619382,0.9716991467873726,0.005683994670507799,0.013995264879297158,0.0056846761415250985,-1.6963806181991004e-07
436,0.9117775543513623,0.9626541349345661,0.011422700025878916,0.03206778626434765,0.011428134427215261,-4.456486376591684e-07
437,0.8827331716287734,0.9606924372734823,0.009315576350195294,0.026529567012112044,0.009316519802479523,1.7162877341547755e-07
438,0.8923489311582582,0.9559469253612582,0.010976214870019518,0.03301605608666435,0.010977336001811387,-6.884174175159075e-08
439,0.9651910329452202,0.9827456645589556,0.00588077932824218,0.01427597316501078,0.005881109499963484,3.2945220218572047e-08
440,0.9234032159675859,0.9676257542890866,0.007349054284531249,0.02199477672796614,0.007349494724536636,2.1596758592590248e-07
441,0.9263478514689563,0.9632959094449485,0.008437093472939462,0.020937257672455186,0.008437775109910808,-1.4853104368661718e-07
442,0.8353432153937332,0.915379487825038,0.012459983275292961,0.04044419396491628,0.012463324271269728,2.1539373329382272e-07
443,0.7961379113491451,0.9482873768934735,0.014277788647060563,0.037709659987888014,0.01427914593114345,-8.865085487919089e-08
444,0.7087738513918996,0.8881383950882432,0.012707454158164063,0.04198149947185202,0.012708297312770048,-1.4860810038097583e-07
445,0.354482805071067,0.7796765689231117,0.015720632635478533,0.04669977731552091,0.015721059799626035,-1.949289329949977e-07
446,0.9104679356528548,0.9545358631056705,0.008319553918847663,0.026263456551613794,0.008322120790455422,-6.434714527880914e-08
447,-0.12615676269070852,0.5773714721990075,0.01849542949591799,0.06076081916218395,0.018496786944592156,2.3730929146759117e-07
448,0.9008622904982816,0.9587772475302048,0.008250814528437494,0.025054644817403132,0.008251431085434944,2.904982815410406e-07
449,0.12421748364416407,0.5458607537034706,0.02782725342031247,0.08820526360283568,0.027830375473578656,4.836441640787559e-07
450,0.8762332373484519,0.9410539204577583,0.014672426367578126,0.039998989297777544,0.01467649061217908,2.3734845189249398e-07
451,0.7409168874793451,0.8938255303817532,0.021208268084375002,0.05798330732462786,0.02121568297618302,-1.1252065490463536e-07
452,0.8918192830391196,0.9588663972313739,0.012301751256640608,0.03734156430396181,0.01230609997640539,2.8303911958627026e-07
453,-0.1896430451423734,0.43072883944891427,0.036604806010390636,0.10057820868396389,0.03660576839178213,-4.514237339492411e-08
454,0.8600267532690111,0.9305737191677278,0.014646059976953122,0.03942711163823531,0.01464788663286694,-2.467309888620761e-07
455,0.9704769559651419,0.9853469915796161,0.005424510176269533,0.014960987694162283,0.005425073515360861,-4.403485809323371e-08
456,0.7259144231120439,0.8628146088476819,0.016634445493750028,0.04897669348979324,0.016636910521561746,4.2311204395684143e-07
457,0.44015097200314435,0.6760162895339846,0.01579564240134767,0.06317788258377086,0.01579694428486909,-2.7996855667122844e-08
458,0.9549536542625618,0.9792294106983722,0.007984146946386703,0.02057991600151445,0.007984988946702656,-3.457374381232725e-07
459,0.9305180666897435,0.9740083913575968,0.0100842623694336,0.02934276458474652,0.010086142045054628,6.668974350532153e-08
460,0.8793878797833962,0.9525604551842697,0.010776023694511729,0.03169080433891589,0.010777072622032577,-1.2021660378280785e-07
461,0.8991982789421424,0.9539723816515514,0.0102928315897461,0.026229435693910945,0.010294021050496257,2.789421423843308e-07
462,0.8867568901601509,0.9502809392917385,0.008436794460449227,0.023357049572761315,0.008437681240497168,-1.098398491050645e-07
463,0.6344303655359163,0.9049628052397195,0.016436914557812494,0.04858506504632702,0.016438567187794583,3.6553591620247516e-07
464,0.59925780698654,0.8211329654275987,0.011983779361328106,0.047547929997992865,0.011984991710355561,-1.930134599925637e-07
465,0.7086473199785908,0.844587509131463,0.01598277425126951,0.05338659959234861,0.015988208208360267,3.1997859073484847e-07
466,0.9200058327183931,0.9615830814539548,0.010758655524023455,0.02748149798720282,0.010761610013207997,-1.672816068998273e-07
467,0.5932360589169394,0.7875467166348109,0.018815858426621066,0.05757032474553126,0.01881653891884812,5.891693943826937e-08
468,0.8983673184297434,0.9506286476227206,0.008370759796142564,0.026318944495336283,0.008371353988988754,3.1842974335116736e-07
469,0.9048780902664928,0.9536503158746961,0.008752310255976552,0.022599267702236147,0.008752788136326824,9.026649283594423e-08
470,0.9405731620046621,0.9749986140765221,0.007623252739492197,0.020289456737494726,0.0076238647569000706,1.620046621297888e-07
471,0.8876865309393019,0.9442880691220874,0.013197490463584007,0.03516320453080049,0.01319867990063545,-4.6906069806063044e-07
472,0.9139893299633947,0.9594652733517381,0.007054097221494141,0.016877592666527087,0.007054279777084208,3.299633946074465e-07
473,0.5366052231127414,0.7614394177024661,0.01043835538672851,0.0465972693191979,0.010438797699569024,2.2311274139319437e-07
474,0.7215798800412878,0.8555297753700262,0.014984554226015615,0.046873095710330055,0.014985568196164884,-1.1995871218584142e-07
475,0.7158628207586101,0.8645521815334851,0.020728212589062475,0.052968221210681427,0.020734264365152376,-1.792413899526224e-07
476,0.7259876432533923,0.8537881967087425,0.01576475824990238,0.05038658143077629,0.01576747245630402,-3.5674660769924316e-07
477,0.9130153518710986,0.9594103312924855,0.008967393943183598,0.029377219308081664,0.00896814098035912,3.5187109859169396e-07
478,0.8213746687425154,0.9112096033621354,0.012316827924804666,0.038811259581127966,0.012322413658897106,-3.312574845537597e-07
479,0.7709081182613808,0.8904637609074408,0.019890081938574247,0.05326807388294311,0.019896977663968713,1.1826138079928938e-07
480,0.5696526206600236,0.7816071666870186,0.022681054250097702,0.0706815323637922,0.022685783519090674,-3.793399763196703e-07
481,0.9043210200501962,0.9594175656994756,0.015235269904980428,0.03874384530909918,0.015237900495361074,2.0050196170018353e-08
482,0.8824809556098347,0.9415087250274311,0.012047255479589842,0.03560257506713827,0.012051298844608833,-4.439016521029515e-08
483,0.9456720436889737,0.9736321770343714,0.006753536096494144,0.019771040927553534,0.00675395654757936,4.3688973772049167e-08
484,0.9226289705891996,0.9663747270030897,0.01050416861513671,0.03027966562420978,0.010505327869662864,-2.941080046170441e-08
485,0.9123441107504986,0.9554873986445158,0.008881449069335948,0.029145650647904118,0.008882320410223538,1.1075049854980534e-07
486,0.9012035461577158,0.9504241740366606,0.01090241610097658,0.03444738331961907,0.010903585859474756,-4.538422841982026e-07
487,0.7458831976556264,0.9491404335557933,0.012330279598925773,0.037766891466892674,0.012333324593167898,1.9765562642160006e-07
488,0.9161454009806813,0.9625112544477344,0.010589085132910138,0.030353020742495483,0.010591357927112037,4.0098068132543574e-07
489,0.03111432539041037,0.3382480569413879,0.03436706275514649,0.09540162427732467,0.03436957833160526,3.253904103696359e-07
490,0.949655484121906,0.9765016723426155,0.011872441734667954,0.026741313614042108,0.011878888122158534,4.841219060081059e-07
491,0.8283682252010334,0.9429793341180421,0.010774113574970696,0.0377390396059225,0.010775063329135762,2.2520103337697606e-07
492,0.8374753696267183,0.918607522018633,0.013136057146386727,0.04045565659855561,0.013139126693397885,3.6962671834395167e-07
493,0.9311406321265122,0.9655537384640561,0.011420599276660158,0.0266731562829868,0.011424430524555822,-3.6787348778322126e-07
494,0.8875994382897991,0.9631213680400855,0.013328748530664068,0.0388701672330656,0.01333025259106207,4.3828979912063915e-07
495,0.6429602822291223,0.8185072955665118,0.018754553905175764,0.05950998075381548,0.01875801555438541,2.822291222948081e-07
496,0.8972888608140441,0.9558678178706376,0.009011060356943367,0.0311421326378252,0.009011819532086279,-1.3918595587192328e-07
497,0.9116442737707605,0.957596683662166,0.009442964916904283,0.02888326526747096,0.00944376914346822,2.7377076050605353e-07
498,0.9409676380377191,0.9701917680122377,0.006060206357158204,0.015103707355377147,0.006060441730351764,-3.619622809258871e-07
499,0.5675571393528445,0.8092139020069541,0.013353110223505854,0.04400630774559836,0.013353765760534727,1.3935284448596263e-07
500,0.8590221331739363,0.9553354926811963,0.016396882709960932,0.04081377248879092,0.01639967136255837,1.3317393632306107e-07
501,0.09540167248608322,0.6788107683523396,0.02947666350566405,0.07996279004905464,0.02948502693650309,-3.2751391677854347e-07
502,0.9217979139509024,0.9630352939957822,0.012076447562109389,0.03094404671346617,0.01207800101044335,-8.604909762510715e-08
503,0.878598622383371,0.9388711742515751,0.016842392199218754,0.04163394892007985,0.016846382977629002,-3.7761662896595993e-07
504,0.8268314025817519,0.9440866938427407,0.009344355956640623,0.02770847120993697,0.009344768522096774,4.025817519348607e-07
505,0.9624319612667378,0.981506556422373,0.0063657462232226646,0.016726105158161142,0.006366271100884261,-3.8733262153201053e-08
506,0.8794437226858715,0.9461635148018217,0.014489761350195324,0.037787954462407736,0.01449648102726598,-2.7731412854947735e-07
507,0.855876961924093,0.9298064945066192,0.009710643160595703,0.03444218907262667,0.009711363569065098,-3.807590698290397e-08
508,0.3590566024442634,0.6071799892809955,0.02006385053603517,0.07114714150695262,0.02006642279659412,-3.9755573660871235e-07
509,0.5531719201370177,0.7500237093553238,0.01819855296845703,0.0613232484570681,0.01820244664471758,-7.986298233841893e-08
510,0.8950611640304682,0.9524954927693325,0.007707847750234372,0.02342422696615225,0.007708611576590193,1.6403046820823164e-07
511,0.8692327697297624,0.9368626699048963,0.014323075849316391,0.038996690811663584,0.014325676357829139,-2.3027023765553878e-07
512,0.916299622604989,0.9619668882111685,0.011298056499999995,0.028288289880351477,0.011301744565529005,-3.7739501101974327e-07
513,0.8748558317945013,0.941729009588901,0.014870442324121083,0.03657113472428218,0.01487632495260451,-1.6820549864071666e-07
514,0.8007466225650424,0.9151109119099256,0.012565027163476546,0.046097309420674075,0.012566405399068375,-3.774349576213254e-07
515,0.5157577079706113,0.7404907540970875,0.022347547243496094,0.07569975907713783,0.022349754206628825,-2.9202938878203355e-07
516,0.9112706606037889,0.962116137315045,0.008085250642031248,0.025105142773221782,0.008085887562866477,-3.3939621113532326e-07
517,0.9601773488627687,0.9799379488957483,0.00609624576564453,0.015561508058272685,0.006096580139471414,3.488627687842083e-07
518,0.9647514557050322,0.9828528044731877,0.005777249912421868,0.017492405740838317,0.005777684985909974,4.5570503215408564e-07
519,0.16988217627845692,0.5298126064102184,0.023924981498457017,0.07745851218899108,0.023927048245821154,1.7627845691481348e-07
520,0.8696157907132714,0.938585648903511,0.015026779817675797,0.04142734072164488,0.015033016426897073,-2.092867285030664e-07
521,0.8122609858934986,0.9260071169306384,0.00969307970761718,0.030776346184065224,0.009694020628356588,-1.4106501411426109e-08
522,0.8773105843340057,0.9543884259321231,0.010977399398144521,0.032027690472171313,0.010978521464517915,-4.156659942911034e-07
523,0.35087169295974663,0.6996408867695354,0.01988311350986327,0.07013641259058469,0.01988427530352848,-3.070402533889016e-07
524,0.885389202183664,0.9422867165819736,0.01055229451384767,0.031910132588939405,0.010553069745517096,2.021836640331287e-07
525,0.8725862045971051,0.9385010356853158,0.009404428768164058,0.02919520634560616,0.009405852236673362,2.0459710514675322e-07
526,0.926176540082132,0.9671399263063939,0.0104095827328125,0.030174291692176496,0.010410704445614767,-4.599178680120275e-07
527,0.9207734475843039,0.9611094037046756,0.008609035943359386,0.029629449137202588,0.00860993428409974,4.475843039530858e-07
528,-0.02329944041129073,0.5796726650919531,0.01887985296963866,0.06711015042144798,0.01888058589736828,5.595887092729734e-07
529,0.24732159577740742,0.7471089571836749,0.02419060385465818,0.06278402600065427,0.024192126084195555,-4.042225925648957e-07
530,0.8831464003807055,0.9430326915792447,0.017110957945605416,0.04313030949297285,0.017113214783320074,4.0038070547865345e-07
531,0.9489392961924286,0.9749166383874818,0.006313498797832028,0.0193468809280264,0.006314003959694949,2.96192428583808e-07
532,0.8446748207613343,0.9240071863470223,0.011010102045566393,0.03290850964907361,0.011010887684074194,-1.7923866568736457e-07
533,0.8547711108215421,0.9385517869566941,0.015211184159960938,0.03860907333454615,0.015217253684852895,1.1082154216524032e-07
534,0.41797267423622475,0.8010321638437748,0.01983166119812501,0.05849824300931995,0.019833026342217574,-3.2576377523296784e-07
535,0.887623469085016,0.9611870705585118,0.00865989518270507,0.027544559015321355,0.008660625693491377,4.690850159416726e-07
536,0.9163720706644956,0.9588511078908434,0.010364600400390653,0.02948950713087734,0.010365668367946635,7.06644955883462e-08
537,0.7977599214132265,0.915148600196041,0.025177868182519523,0.06635088067911508,0.02519053269260209,-7.858677353311805e-08
538,0.8166312394154716,0.9249738235606261,0.015950553046777338,0.04844720528438011,0.01595272602023255,2.3941547155903464e-07
539,0.9007904244185911,0.9563618146161117,0.00880772155830078,0.026325826183863598,0.008808429456102027,4.2441859116060243e-07
540,0.7753325139533853,0.8944136588917847,0.018401117017773423,0.054297807629202464,0.018406238693577326,-4.860466147338371e-07
541,0.8086011718953199,0.9206389018659712,0.012100321771289066,0.040074516235636085,0.012104201309427891,1.7189531986705475e-07
542,0.897493087299455,0.9480099869654595,0.011862140174414044,0.03250770978811063,0.011865089003797648,8.729945499830194e-08
543,0.9194865752804544,0.9613632678547124,0.007726519149316403,0.024950567088990325,0.0077272067830162945,-4.247195456441588e-07
544,0.8893184374909118,0.9705670572605971,0.008035010371191404,0.02102000555194178,0.008036731958120467,4.3749091171996213e-07
545,0.9387505755764665,0.9698015808171224,0.00996615759140627,0.028430478227123288,0.00996753506886966,-4.2442353354044116e-07
546,0.9455242153464168,0.9724316571363363,0.008779762583105467,0.022314202967709133,0.00878086428038901,2.1534641680975852e-07
547,0.9008163853439961,0.9547172128173956,0.011654593557617183,0.0318810994980883,0.011656388203120267,3.853439961565286e-07
548,0.8547723389184124,0.9408038485086931,0.01594748059306638,0.04416153580273306,0.015953360614122083,3.389184124458211e-07
549,0.9587411494170597,0.982535619439985,0.007662703337402343,0.02061479304082645,0.0076635001421661245,1.4941705972493224e-07
550,0.838275973846085,0.9174356506202787,0.008868219152421863,0.029261108733925845,0.00886853745505074,-2.615391503368869e-08
551,0.8059785959194267,0.9075154206147138,0.01676439429228515,0.04530386644526356,0.016766728599834312,-4.04080573335186e-07
552,0.61522830426766,0.7978916495432001,0.022256852896582028,0.06751117198394209,0.02225931031331096,3.04267659956281e-07
553,0.8953432235668528,0.949308060418846,0.0070266410665820326,0.025478492436262355,0.007027064862820633,2.2356685280833233e-07
554,0.9057509397577177,0.9524485855038005,0.008787893723535178,0.02609354302036161,0.008788526198435804,-6.024228227374806e-08
555,0.9167255322249986,0.9698297543123751,0.007514920460449213,0.020675845855049644,0.007515942182890715,-4.677750014003834e-07
556,0.9139682309428507,0.9576461564598071,0.010982812281347653,0.02865598969219305,0.010984204948921557,2.3094285073188558e-07
557,0.9058700088438866,0.9539265383984763,0.0097653336282129,0.027344525635300338,0.009766216898248893,8.84388662303337e-09
558,0.7365265239419638,0.8597538600596875,0.02127952411074217,0.05804771997508813,0.021288768886363683,5.23941963814778e-07
559,0.8042616748912907,0.9012039963975457,0.013911786082812539,0.040327269964726,0.013914372441836034,-3.251087092870364e-07
560,0.8618091802957275,0.9409318703586691,0.012151643020605474,0.03555242381458401,0.012155423855797003,1.802957274588124e-07
561,0.8145498497072122,0.9249259054632363,0.008491110104003914,0.024043036163031533,0.008492383836741384,-1.5029278777056732e-07
562,0.49046224464312915,0.7157759409719519,0.018292876836914038,0.06801698655155582,0.018295810544520716,2.4464312914362907e-07
563,0.8523721900780681,0.9407552468637843,0.014960406539160151,0.04219839516544539,0.01496284116399392,1.9007806806303762e-07
564,0.9341062930508058,0.9670206957739389,0.00914213869433593,0.026799911909842683,0.009144754073882601,2.9305080584407506e-07
565,0.6567558401821694,0.8420306948723287,0.012046069640537112,0.040373714750640555,0.012046569631843628,-1.5981783063612198e-07
566,0.9579086035698366,0.9796542046717849,0.007845814024902338,0.020178664332525957,0.007846680777892412,-3.9643016336299297e-07
567,0.8437121074114388,0.9329598235012349,0.010755259755859368,0.03409561672527985,0.01075699659021012,1.0741143874337666e-07
568,0.6915626364283274,0.8479747386016198,0.017752205298535186,0.048180973403838714,0.017756982532349492,-3.635716726568816e-07
569,0.8208214840555164,0.9064176763539562,0.01695878640019531,0.04666115856843524,0.016963978120522433,4.840555163365678e-07
570,0.8685338930420918,0.950240368452983,0.014483494992968724,0.03377332745333728,0.014485985807527378,-1.0695790819692519e-07
571,0.8456547880329714,0.9225023071023437,0.013598805636523445,0.03889300661483771,0.013607497379208923,-2.1196702859604954e-07
572,0.9044110805645512,0.9532898301744127,0.013214925423144536,0.03760103279754981,0.013216784033399232,8.056455125249329e-08
573,0.8910331506221687,0.9518838817756379,0.013019966813476553,0.034163457973036965,0.013022512155937265,1.506221687375131e-07
574,0.9090645125026612,0.9541700933167765,0.012029703269921877,0.03325815838481564,0.012035459489592245,5.125026611985106e-07
575,0.945192358498383,0.9740829495830196,0.006680188466835934,0.020314411552596154,0.006680727712128346,3.584983829796329e-07
576,0.7238934082195387,0.8676682079012017,0.01437477419999999,0.03793422004314162,0.014376266164589672,4.0821953872782757e-07
577,0.8842991240208333,0.9413252673461255,0.010847945890722651,0.03307783615357047,0.010851571055532345,1.2402083338081127e-07
578,0.946278303622195,0.9764664535919438,0.011063113149511711,0.02784698742396575,0.011064714075329486,3.0362219505253307e-07
579,0.8969547260947228,0.9545361263033809,0.01086239874833986,0.03452462584911941,0.010863944649639697,-2.7390527712611856e-07
580,0.7902740954822703,0.9125789565135161,0.020596784577343742,0.05325573842746847,0.020598857077791594,9.54822703125302e-08
581,0.9148938929253516,0.9577873310716283,0.005923890569863281,0.017936651754823122,0.005924098018387423,-1.0707464837000913e-07
582,0.9352867669730057,0.9730005562815514,0.011318608095605465,0.029498915744235105,0.011325232334985474,-2.3302699425631346e-07
583,0.8909658125900078,0.9447430958260412,0.01458725879433594,0.03924389789410828,0.014589501184619564,-1.874099921916894e-07
584,0.8993721077838355,0.950036964412999,0.009455068115234383,0.03104594679344559,0.009455767069934177,1.0778383552345616e-07
585,0.8324488962548711,0.9259315686598024,0.012866462336035158,0.03428660163553053,0.012869095790583167,-1.0374512893207566e-07
586,0.8807133460540996,0.9469377213292607,0.015859363913378898,0.04246793500059189,0.015862773196113913,3.460540995980921e-07
587,0.7131556636364456,0.8556815594374751,0.017671473252636707,0.0480802175258957,0.017673924306039923,-3.363635544539889e-07
588,0.8638705052379293,0.9317175158040124,0.012677412528027366,0.03439480833727721,0.012682473858572576,-4.947620707573819e-07
589,0.9207103588446004,0.9623495324521218,0.007634741734013665,0.022989565041742446,0.007635204953957608,3.588446003677248e-07
590,0.8768356505711562,0.9541470584571754,0.006505844014082033,0.02285999036916766,0.006506205847546493,-3.4942884374888905e-07
591,0.7626054014242365,0.8781921029103259,0.015747027942675778,0.04382229371768992,0.01575138771100017,4.0142423651801096e-07
592,0.8623824963667224,0.9445025476145703,0.013532579474218742,0.03774617746377474,0.013534208050887188,4.963667223911727e-07
593,0.919464908709055,0.9651277805364857,0.011774776961328115,0.032502411506812816,0.011776589177022784,-9.129094502569046e-08
594,0.5790455274267952,0.7760757563294849,0.017995232829902345,0.05386354114276934,0.017996242979536503,-4.7257320479054954e-07
595,0.8577119698812308,0.9296436477768967,0.01056198768193359,0.033652953830660026,0.010563066001963333,-3.011876925640422e-08
596,0.7117351215246437,0.8476384692352037,0.017960712413867177,0.04689299045834045,0.01796387377721192,1.2152464368142546e-07
597,0.9321717108275019,0.9664084988748785,0.010514246752148458,0.02740846245771786,0.010517382626521502,-2.8917249805804346e-07
598,0.8036532499925166,0.9020045467943857,0.012446124516894528,0.03371014519605131,0.012447778276435667,2.499925166876693e-07
599,0.9533591210725167,0.98694463093124,0.007608609813232418,0.022197210304590598,0.00760925852527338,1.2107251678994402e-07
600,0.8537239458332588,0.9309522887010288,0.014726774866601577,0.044806473914176255,0.014733971719289779,-5.4166741203509616e-08
601,0.7464190530203085,0.8847596226265836,0.012580384255664068,0.041745719586675764,0.012582167040527075,5.3020308476980915e-08
602,0.9082117126560469,0.9531299019626959,0.012291065233007836,0.033933026385425294,0.01229260856755497,-2.8734395307594696e-07
603,0.9282245506059795,0.9672119493099158,0.006994843319042965,0.019705376503852186,0.006995678286126102,-4.4939402044086307e-07
604,0.9062461608399681,0.9570811188971757,0.010786064203417989,0.031869489845438546,0.010787711667144345,1.6083996812188417e-07
605,0.955203651334716,0.979615331791486,0.008353450279394528,0.022599252884549365,0.008354473329767914,-3.486652840889448e-07
606,0.9615754635619754,0.9807236473871225,0.007069705642734374,0.018200476657495083,0.007070393172220788,4.6356197547225975e-07
607,0.8819318446346651,0.9412134708247883,0.008493008875439448,0.024481280781150402,0.00849338263922776,-1.5536533493065718e-07
608,0.6462160619752452,0.8126465323845022,0.02133812288916011,0.06266350091352621,0.021342708551505423,6.197524515805242e-08
609,0.8375782440569768,0.9359456961208488,0.014030780964257812,0.039576086259299224,0.014032476563127593,2.4405697673923754e-07
610,0.8739767233839804,0.9443208866151855,0.008354783579365243,0.03463205693833293,0.008355466488101584,-2.7661601964545923e-07
611,0.9414607220261707,0.9707562302855502,0.0066609380398828045,0.015970045704924996,0.006661577419149346,-2.7797382928795855e-07
612,0.6112091391728758,0.7884043002790867,0.013759431335117181,0.04759468268934986,0.01376006261555464,1.3917287577935866e-07
613,0.816993406175756,0.9153332124859475,0.008697746847910142,0.025050816429104197,0.008698109717564923,4.061757560291923e-07
614,0.857893094170368,0.9346011554676766,0.012874747447460954,0.03759998223761924,0.012876312147297574,9.417036794800993e-08
615,0.789806263386717,0.9146126834761366,0.012834534787890624,0.042492996656774445,0.012838118754150746,2.633867169921089e-07
616,0.861983319013837,0.9326558601402749,0.013953830157519541,0.037902754159441596,0.013955285590537521,3.1901383690247087e-07
617,0.8193979754006069,0.9290139301718738,0.014213275754199223,0.03537647022138242,0.014216662985045382,-2.459939307808412e-08
618,0.8694872088709451,0.9329084275015577,0.012066938151464842,0.03776416595011056,0.012070953364587604,2.0887094509536297e-07
619,0.741492794797816,0.8780061972200705,0.01523941638257815,0.04756920382849796,0.015240756505193395,-2.052021839116236e-07
620,0.9258322278780893,0.9625840765920205,0.011568963909863278,0.028976952383389914,0.011572912974305403,2.2787808928725894e-07
621,0.8555016338824936,0.9325508194120853,0.010727379108496105,0.03663596119044049,0.010731489252782686,-3.6611750642290275e-07
622,0.7847983326091494,0.88659380883027,0.013212070778320307,0.03965817843476809,0.013216087789701464,3.326091494448846e-07
623,0.9601712136688356,0.9800352673007579,0.004937617453535157,0.015550347140433272,0.004937936300131164,2.1366883562468075e-07
624,0.865140676975572,0.9311624280921866,0.011346331061035178,0.031149342465326094,0.011347521049468337,-3.2302442809495346e-07
625,0.9370389091170994,0.9714764996272998,0.009047117027734388,0.027763226180163917,0.009048080911650633,-9.088290053860248e-08
626,0.8965188144882292,0.947186604168751,0.012345334143164063,0.033660713754144436,0.012347705857166302,-1.8551177072279046e-07
627,0.8726735191035146,0.9600598288274536,0.01017925806024412,0.02775668425245897,0.010179961801308843,-4.808964852998088e-07
628,0.9600257940058257,0.9798683046695765,0.00546477383646484,0.014077298953955562,0.005465062727659615,-2.0599417438482703e-07
629,0.8911550497433365,0.9442471869035196,0.008061448434277349,0.024754992401103022,0.008062441630336908,4.9743336449914466e-08
630,0.8903536982165422,0.9470057128901768,0.012261059413876948,0.0336627505735306,0.012262030388516417,-3.017834577789813e-07
631,0.9539724417093552,0.9778773100842885,0.00615275833242188,0.01676056229365104,0.006153705969295769,4.4170935520337906e-07
632,0.90547188531429,0.9540320591484611,0.008267275086152362,0.024787828659696715,0.008267801665582207,-1.1468571003980799e-07
633,0.5176323455763749,0.8010056837123644,0.01910909721310541,0.06513773475091121,0.019110793427313234,3.4557637496046567e-07
634,0.8564912866178204,0.9307389884964611,0.01243476185966797,0.03673483583744899,0.012438224759703046,2.8661782036643046e-07
635,0.869696329495129,0.942291003073907,0.016096568822167992,0.03992843191800686,0.01609871384055805,3.294951289589676e-07
636,0.8879239664934021,0.9456084093240911,0.01111574411470705,0.03054658935833242,0.011116797986711517,-3.350659794065791e-08
637,0.8825050524965995,0.94138128993894,0.01413528772421876,0.035897249159970626,0.014141421690321447,5.249659951189756e-08
638,0.8863097044223164,0.9502530280467794,0.011305079404296882,0.035678771987683155,0.011306254913358972,-2.9557768366217374e-07
639,0.8809780790990955,0.9461996533169353,0.015052334572753902,0.04283046764950806,0.015058936747944384,7.909909549574934e-08
640,0.9490061265939636,0.9802822386489253,0.009557451319531252,0.02685708974904505,0.009558591039089657,1.2659396353420505e-07
641,0.9369478884053417,0.9696540622127534,0.010007126360351563,0.026112772431170113,0.010008243224249227,-1.1159465829191362e-07
642,0.8827097128867551,0.9418694794965017,0.014783067991308586,0.03688343538651291,0.01478758271276995,-2.8711324484564926e-07
643,0.8171174782163648,0.9054974012078383,0.010998595967578122,0.04566060599337367,0.011001411190196753,4.78216364840911e-07
644,0.9287073967693702,0.9707628441682998,0.008167052985644525,0.02312191739765449,0.008168547940192977,3.967693702477959e-07
645,0.824546815195209,0.9457001934962721,0.012987589551269524,0.03385629789269999,0.012991357403477996,-1.848047910257833e-07
646,0.9073476397777411,0.9529385435391591,0.0075866772702050805,0.024164339333383505,0.0075870729850737425,-3.602222589105253e-07
647,0.7429188329102319,0.8627207717113959,0.02031121547841792,0.0531546673895921,0.02031369927099244,-1.6708976813273324e-07
648,0.9201579952602619,0.9599012174433301,0.005889425381621095,0.017952234004471948,0.005889811762990936,-4.739738157510942e-09
649,0.7974870342760976,0.9102418134605132,0.018386457248242203,0.05795105580691663,0.01838895785044764,3.42760976268508e-08
650,0.7339263822700942,0.8605071158864828,0.01859237253408204,0.04929182681234606,0.01859846240159189,3.822700942457402e-07
651,0.8933854148967837,0.9593184359115907,0.013161340085058598,0.030480495954646823,0.013162707020336223,4.1489678370698613e-07
652,0.9361310660519336,0.9795392393395242,0.007465357850312505,0.02186135880561055,0.007465952987630644,6.605193358932837e-08
653,0.7361705449647931,0.8718675937413558,0.016162436955078116,0.05266129874196499,0.01616448851963205,5.449647930699797e-07
654,0.9048590496695078,0.9644985227063089,0.01688935637832032,0.04159978618594088,0.01689329524775889,4.966950784002222e-08
655,0.8946123305097693,0.9473855492315448,0.013383308383496112,0.03644803005562363,0.013385544020995845,3.305097693306891e-07
656,0.9289893379558507,0.9655678342580853,0.008037579044921871,0.028532163774077392,0.008040424669406616,3.3795585074880563e-07
657,0.9172223808242995,0.9612140288859733,0.00866855833583985,0.022857490444361656,0.008670734846359513,3.8082429953956165e-07
658,0.9207268336120645,0.9611607543791257,0.00817867117727541,0.02524380443500901,0.008179444744744982,-1.6638793542966823e-07
659,0.6597708148993293,0.8210071148357175,0.02350304264492189,0.06258980409742741,0.023511278415340252,-1.851006706798941e-07
660,0.9097448574689171,0.9581613825686582,0.009680448380078107,0.030692400579125503,0.009681560333422615,-1.4253108293615924e-07
661,0.8818879652996969,0.9425036249189194,0.012142361567773435,0.037930970047600765,0.01214487669886851,-3.470030307539673e-08
662,0.8015149732191643,0.9264538281088893,0.010037405588154292,0.036221232380309665,0.010038153070891048,-2.678083566021172e-08
663,0.39773592898635723,0.6680520718656356,0.020192176877441407,0.06405218378141465,0.020194628097360938,-7.101364274397781e-08
664,0.6986536224572681,0.8412274295630308,0.02323210895361331,0.0627789948085006,0.023234928000957812,-3.7754273185530707e-07
665,0.8693233273030563,0.9537497335726557,0.008331134395361333,0.030107247029202002,0.008331699422138511,3.273030563244461e-07
666,0.2055811286341317,0.5798538410504587,0.02477572328165041,0.08001873615257978,0.02477783809441405,1.2863413167973903e-07
667,0.9520869719563908,0.9835666385541442,0.005302912069130862,0.015515879682104454,0.0053032219025520725,-2.8043609212602405e-08
668,0.9443050177456763,0.9733845492839288,0.008438423908339841,0.022968089015656754,0.008439242125101774,1.7745676372804553e-08
669,0.8134901730723725,0.903572219315766,0.0180169646847656,0.04938770568871403,0.01801901927821217,1.730723724335803e-07
670,0.13041087961359576,0.5365450544478902,0.022496437042675746,0.07487140032412498,0.022498376604549498,-1.2038640423428504e-07
671,0.8657560753278026,0.9316768383468662,0.007761672843593758,0.0239388925362872,0.007762200789602841,7.532780266217287e-08
672,0.8988280306699072,0.9490298418799584,0.011118967826953121,0.03190674958265958,0.011120371078778623,3.0669907280511666e-08
673,0.9293086995938153,0.9648250612555653,0.00946584527724608,0.027683872656248214,0.009466805924217283,-3.00406184705615e-07
674,0.872465870035206,0.9409778563137466,0.010912332378847662,0.03618829636059687,0.010913378386113871,-1.299647939267956e-07
675,0.9471210053253434,0.9734311000856802,0.010059252860742196,0.025204147716949708,0.010063115524238548,5.325343388484782e-09
676,0.8896143744295153,0.9694405426079172,0.007962021640234376,0.024608470912170107,0.007963848401319213,3.744295152818822e-07
677,0.9194475733102047,0.9592741101579113,0.01049986758701172,0.02777603214113023,0.010501782709959738,-4.266897953852933e-07
678,0.9286175530103307,0.965960777400062,0.0077981109576464765,0.025062770460771867,0.007798766506595451,-4.46989669389275e-07
679,0.9328884709888682,0.9686102650770748,0.009763082681347655,0.026733472152844075,0.009764191340830742,4.7098886812868557e-07
680,0.9421926781935599,0.9710126861800558,0.009457589667382804,0.022873447025357787,0.009460531900372245,-3.2180644005119774e-07
681,0.9364088718471888,0.9678126184878989,0.007668292678193368,0.017832561282681295,0.007668810498364392,-1.2815281125178046e-07
682,0.8562133918756998,0.9341941834439158,0.008912152585351564,0.028546882868075045,0.008914194115870818,3.91875699778943e-07
683,0.8954180660322241,0.9472775954160387,0.011633154634667974,0.035868967240337085,0.011634630929717383,6.60322240220168e-08
684,0.926225969686349,0.964270607805825,0.009284731737011737,0.026006562899756436,0.00928779276038196,-3.031365103378647e-08
685,-0.09439714059929716,0.17129088205761292,0.010497527903720705,0.054638760532649065,0.010497889480533484,-1.4059929716314645e-07
686,0.9046694020104599,0.962882738417495,0.009719882361328114,0.02694462796556231,0.009723026829041338,4.020104599211649e-07
687,0.8991384174447941,0.9502172245264976,0.012065129341308588,0.031434227782288104,0.012067183157781268,4.1744479406524704e-07
688,0.9178603006339813,0.9613959878761796,0.009787698956152347,0.02602770456188293,0.009789017311636826,3.006339812650083e-07
689,0.905229882382623,0.951825710643506,0.009477511959570317,0.03111611973860872,0.009479318823906523,-1.1761737694904184e-07
690,0.9430809475694689,0.9712558713125239,0.006976562013183595,0.020091192218359647,0.00697775745724446,-5.2430531027880534e-08
691,0.7668129382306444,0.876719355664975,0.01184116739667971,0.034289402398450936,0.01184260158310183,-6.176935551938101e-08
692,0.8842245048697193,0.9434705377851991,0.013058172442578127,0.03517840410253266,0.013060762693523869,-4.951302807754132e-07
693,-0.2839971456191488,0.16507424103467727,0.020559835503427732,0.07910219424504301,0.0205607199380108,-1.4561914879474003e-07
694,0.8357481613746416,0.9180404560832935,0.014097119153710935,0.038156105838908556,0.014101390827398296,1.6137464153853642e-07
695,0.8667328637130247,0.9312241831784365,0.011286698954101566,0.038376938634218836,0.011287949258157171,-1.3628697526080202e-07
696,0.3462732140124075,0.6780772572661727,0.011702911141796862,0.052907656142153286,0.011703440303370392,2.1401240751783845e-07
697,0.833585170401166,0.9309785505439708,0.01032503426992188,0.02909959902525444,0.010326861318880139,1.7040116595534727e-07
698,0.8961898361254396,0.9517423947400097,0.01112552096035156,0.03546434366662565,0.01112930097845997,-1.6387456047706195e-07
699,0.9076341895564671,0.9544392663216708,0.007686710443554692,0.02135913930198416,0.007686944382024198,1.8955646707841112e-07
700,0.8870320400364298,0.9594705107912913,0.009664607741015617,0.025470662487183552,0.00966703012475834,4.003642972705279e-08
701,-0.6602594609026196,0.3110740099336311,0.022007135164580083,0.07844722624733629,0.022007993597594432,-4.6090261951459155e-07
702,0.9373903987634377,0.9686267998232633,0.007288403322949223,0.02167161441190056,0.007290344765818498,3.9876343771449996e-07
703,0.9429483161942435,0.9719518315005711,0.004963060752636711,0.014346716482443707,0.0049636499234880435,3.1619424345485925e-07
704,0.8530442236422121,0.9542888857850779,0.012820474554785164,0.032324294238437495,0.012824356182181832,2.2364221208270862e-07
705,0.772218721881579,0.9332881730705096,0.016268626468945304,0.048776962228120335,0.016270570602004222,-2.7811842095992745e-07
706,0.9283612328643349,0.9668158959007572,0.007643815650390628,0.019262784351830587,0.007644992418080568,2.3286433492586411e-07
707,0.9220663215456474,0.9697034737093077,0.008483344369238272,0.02297748110324773,0.008484226132314936,3.2154564733044566e-07
708,0.9083202357456281,0.9705247486841836,0.010089573690625008,0.027248348475361058,0.010090982914552795,2.3574562812989086e-07
709,0.8098767259379855,0.9020871292135387,0.015755843149316398,0.039994427211542796,0.015761603875254528,-2.7406201441593225e-07
710,0.8238705587902682,0.9123960547333148,0.012256739655468751,0.03411653239388711,0.01226017927451059,-4.4120973186068113e-07
711,0.8722265686201397,0.9418996166861149,0.012269704428515613,0.03450341148558802,0.012270779362531042,-4.3137986027730335e-07
712,0.9648171729632873,0.9843381436326165,0.004501586561044918,0.01205680171194042,0.0045017948115969155,1.7296328724825116e-07
713,0.8792128339705851,0.9405467787191413,0.008745890800976578,0.02195266819275937,0.008748178472392372,-1.6602941488308431e-07
714,0.8221622250659982,0.9094152108791088,0.01287112075742187,0.03288976771783009,0.012876647060232328,2.2506599828275853e-07
715,0.7681391136829739,0.8928378405032235,0.014407097539814452,0.04687827748296487,0.01440830339032048,1.1368297392344573e-07
716,0.930928782307274,0.9653760178685147,0.012441286602246094,0.03008294899422717,0.01244313689919163,-2.1769272595673073e-07
717,0.1526159869534759,0.6548851704921748,0.022923650705263705,0.06394129450239724,0.022925917349445393,-1.3046524111048896e-08
718,0.9430639210470011,0.9711258391942518,0.01119101723681641,0.02718061350678197,0.011192583617627786,-7.895299891647056e-08
719,0.7892338162806469,0.9186626364582118,0.022870916169433618,0.062363831078255993,0.022874412159629064,-1.8371935306404907e-07
720,0.680936714651052,0.8291774754668411,0.020806848562988308,0.05673032581689199,0.020811458711078548,-2.853489480258986e-07
721,0.795522533015783,0.9274167357231426,0.011199079688408211,0.036116379515712324,0.011199888424063395,-4.669842169624516e-07
722,0.5635729351245273,0.7850751489038026,0.0204975028202149,0.06975689790776517,0.020502807987390622,-6.487547266065263e-08
723,0.8749325828333973,0.9387705651940664,0.010549686858837884,0.026917336837494026,0.010550417585085499,-4.1716660270640915e-07
724,0.8951565670834261,0.9604608590665928,0.013083512039453103,0.033031838319656774,0.013088636663469815,-4.3291657392252603e-07
725,0.49865981323411956,0.7198868482884033,0.02530407988759768,0.06946268321469028,0.025309852229666144,-1.8676588042776388e-07
726,0.8786135167066872,0.9498948057990312,0.009389809713857415,0.030346036329131323,0.009390489814260109,-4.832933128140482e-07
727,0.8202170262055553,0.9305034780994509,0.01601086535263669,0.0476362235462133,0.016014244960458956,2.620555528132229e-08
728,0.9058567416015646,0.9527037872763167,0.009325592237890623,0.030666237977978444,0.009326592375023958,-2.583984354265212e-07
729,0.9161124335187847,0.9631148920777226,0.013058448981249998,0.03388734905170027,0.01306261885525995,4.335187846482569e-07
730,0.49991019134147097,0.7315533513094433,0.024957950951855493,0.07910694684159775,0.02496393494686029,1.913414709453498e-07
731,0.3865459514778605,0.6453723260822515,0.029016852115917955,0.08405439698360834,0.02902353258431172,-4.8522139473039516e-08
732,0.7862133415325716,0.8997560575907719,0.01859087208291016,0.04555787735362361,0.01859417024059134,3.415325715572237e-07
733,0.7431323666502423,0.8800389425115798,0.020659474840722662,0.05378483635858024,0.02066557304053808,3.6665024227833243e-07
734,0.9478570395723099,0.9780812461620686,0.00617680633729493,0.014509561491414528,0.006177091705898079,3.9572309984414744e-08
735,0.7171740819905825,0.9557931772120916,0.015351743736386711,0.04462156171777376,0.015353154647695873,8.199058254554359e-08
736,0.8504368047964808,0.9230997173554548,0.012200002124707041,0.037666139775695946,0.012201942898633812,-1.9520351923763002e-07
737,0.9483091967849452,0.9743681368927066,0.00826455526406252,0.022960644366315328,0.008265381712554384,1.9678494522779033e-07
738,0.9039088994654257,0.9528612012410447,0.009413712281640618,0.03471314988843871,0.009414761811984609,-1.0053457422110057e-07
739,0.8085750032493342,0.9010743953942459,0.013100401520800792,0.039691773771182985,0.013102194388394755,3.2493341350914307e-09
740,0.877361479592849,0.939387300155456,0.012250864745117199,0.03156510289515622,0.012253821436606319,4.795928491008183e-07
741,0.816300547665805,0.9250956057623277,0.016727337737792964,0.043980038895909956,0.016730495704182655,-4.5233419510015693e-07
742,0.583049425938637,0.7717186309490287,0.019811114145410137,0.05460551908316085,0.01981464520831509,4.259386369165341e-07
743,0.9352375220616103,0.9695599507072351,0.009841852507910141,0.025052587079488483,0.009843404036082052,-4.779383897535183e-07
744,0.9028967576607487,0.951743964130612,0.010965391067187488,0.03459959264182154,0.010966490646498439,-2.4233925122185695e-07
745,0.8918875468315546,0.9450319542296277,0.013190862990039067,0.03592137234241173,0.013192650705027864,-4.531684454356366e-07
746,0.8293521953876205,0.9314101498939656,0.017149604092871102,0.04339255578567618,0.017153441267937757,1.9538762052739855e-07
747,0.9614287403481193,0.981882583551511,0.007203116984472648,0.018620955338611758,0.007204192638152935,-2.5965188066301437e-07
748,0.8510981930605128,0.9238061159629501,0.013599871900292973,0.03884998175154996,0.013601363495180808,1.9306051279865954e-07
749,0.5821313763626992,0.8408990614503914,0.021052936735546864,0.0639463031496832,0.021055897076762833,3.763626992281388e-07
750,0.9201146816058049,0.9614979389151024,0.007475340161425793,0.021435810471383803,0.007477192514740802,-3.183941951201419e-07
751,0.9326268076583576,0.9661462895578385,0.011629976859570325,0.030972411215524718,0.011632452311727237,-1.9234164239101403e-07
752,0.8158862588003666,0.9241918729231333,0.009771895613310535,0.030843950274308723,0.009772498996618358,2.5880036658154637e-07
753,0.9258862133345227,0.9784653257262208,0.009699558118261724,0.02555344167730777,0.00970126956482162,2.1333452271399267e-07
754,-0.4973661849601845,0.21163565855325225,0.019655306964794943,0.07722309900113929,0.019656515893201835,-1.8496018450164797e-07
755,0.9093422464115264,0.9542868537142909,0.00588933077396485,0.02165934961002396,0.005889676519591662,2.464115264055877e-07
756,0.7014836025583338,0.8476496709457935,0.01584943598828126,0.05138936942602338,0.015851079826099734,-3.974416662444469e-07
757,0.41504126323893753,0.7243421582662184,0.01249062093535157,0.05387562746982104,0.012493367857139665,2.632389375367694e-07
758,0.7925360058848928,0.9128769939489877,0.015240882948242185,0.04864153935899808,0.015243851996344282,5.884892795293695e-09
759,0.8896367201803638,0.9518124847716793,0.0083426329352539,0.030722023004037202,0.008344038461831871,-2.7981963623968653e-07
760,0.6387225950895074,0.8189041765857166,0.019938669510546857,0.06148995641063226,0.019941108675054216,-4.049104926906466e-07
761,0.9374501773601707,0.9690172400480832,0.009015196238867177,0.022708710848065878,0.009016100422104448,1.7736017066116716e-07
762,0.9490808738611023,0.9757987843607233,0.005826084478330081,0.017249504919592186,0.005826565761110469,-1.2613889766033282e-07
763,0.41763271133169,0.7665118760044755,0.016956930128251963,0.05095397846946461,0.01695785471559895,-2.8866830997786863e-07
764,0.9347725129993266,0.9670619729411944,0.009127368447851572,0.022581454461658556,0.00912837934922733,5.12999326574004e-07
765,0.7255837604487734,0.8860148529603729,0.017084713151074193,0.047846035792311774,0.017090114115912082,-2.3955122663288364e-07
766,0.9113592895251684,0.9557070362587936,0.01143490108945312,0.031273821588596366,0.011436423022325157,2.895251683954214e-07
767,0.7918665516186092,0.8917427051555145,0.01470451809539062,0.04202455913831667,0.014705799931147474,-4.483813907940615e-07
768,0.899808209243253,0.9533115670220377,0.00941562546240234,0.030915098240766537,0.009417504064229571,2.092432529465782e-07
769,0.8341673495563556,0.9232098243089386,0.015873925798828143,0.045570463233521166,0.0158791657822117,3.495563556388248e-07
770,0.8813189281678092,0.9604116978948645,0.010362976841406246,0.03165700613085238,0.010365775502317005,-7.183219075113101e-08
771,0.6003830781339116,0.8112797993236879,0.00842664086083985,0.03840672562941458,0.008427982121098134,7.8133911562972e-08
772,0.815850810689476,0.9095295988494352,0.016466219321484378,0.0427911500931948,0.016470798562548173,-1.893105240347026e-07
773,0.8801505540007889,0.9495504141833644,0.010037800216308587,0.03277562327370959,0.010041036011454634,-4.4599921111831975e-07
774,0.8936174725753462,0.9464259006847301,0.01139844909464843,0.030420800256814647,0.01139956672253336,4.7257534618871944e-07
775,0.7450937670562185,0.8731481203563117,0.012690018233017587,0.03492310084694674,0.01269054292364167,-2.3294378148630557e-07
776,0.8668352522701481,0.9312965102699675,0.010795890971152357,0.03398478952652291,0.010796804452283865,2.52270148104472e-07
777,0.921893521735351,0.9607822013284463,0.010960131947656266,0.0287246780242151,0.010961580037052481,-4.782646489953635e-07
778,0.9328541413398388,0.9773052473100733,0.010350597616601563,0.03034065327792471,0.010354836923079801,1.413398388327991e-07
779,0.7576848273510868,0.8801784030899303,0.019575155199804704,0.06260209058839723,0.01957872992738805,-1.7264891327695153e-07
780,0.957077350106919,0.9843967364644108,0.006344580448066394,0.020260003248911362,0.006345102945149517,3.501069190114947e-07
781,0.9120401233710859,0.9624752574605078,0.011832826291406253,0.03808054155354044,0.011834361079043669,1.2337108590276813e-07
782,0.9308229630640987,0.9686719900922308,0.006838676954863284,0.019419201081141483,0.006839055983621153,-3.6935901226442525e-08
783,0.8628917824628043,0.9311529769794146,0.011727137491406265,0.031815186461385786,0.011728481692693063,-2.175371957013894e-07
784,0.8030695538650287,0.9369383225950826,0.009108855047871076,0.03129023638816971,0.009109445649761426,-4.4613497129919466e-07
785,0.9271284941172909,0.9670558453888353,0.007887281933564451,0.023098867920187262,0.00788782985598616,4.941172909722624e-07
786,0.8992184458460398,0.9516502976356789,0.00875932030347658,0.023351919376910668,0.008760106784462072,4.4584603986486115e-07
787,0.6884347910350942,0.9095772741958912,0.02592851182275392,0.0684048489980659,0.025938003318902204,-2.0896490582344995e-07
788,0.8883923178494489,0.948888011436568,0.012308319100947242,0.03517855129086546,0.012309531732859686,3.178494489830541e-07
789,0.6946252362202078,0.8494916756300585,0.015389817125683634,0.04615170538543491,0.015391941713878254,2.362202077277331e-07
790,0.7931835071398633,0.9015598891891692,0.014597464966357443,0.0384372360186031,0.014598626750037863,-4.928601367026886e-07
791,0.7723691055979696,0.9124478957526764,0.01979658929970705,0.051826210174101967,0.019800411899907045,1.0559796959075385e-07
792,0.8916625523595734,0.947103243631409,0.005935831084873042,0.019016197650542088,0.005936048725884982,-4.47640426615159e-07
793,0.9271556201440316,0.9725092803861901,0.00882354485585938,0.02385620890964112,0.008824493375061235,-3.798559683465541e-07
794,0.8942834101802036,0.9471025685867771,0.00777480132792969,0.02015820241649082,0.007775702927682287,4.1018020358052354e-07
795,0.8374296207374741,0.9313319239197445,0.007018150652832037,0.025291778609521552,0.007018376019483296,-3.7926252594022714e-07
796,0.9530787954166559,0.9777763613893955,0.007047605360810546,0.017604599859726785,0.007048095613795831,-2.045833441544076e-07
797,0.8002669254639871,0.8954913900470677,0.012427048972753913,0.045337836552481386,0.012429613627137978,-7.453601280626998e-08
798,0.43818273020186616,0.6680244343919369,0.016716230881796853,0.05190853010194442,0.01671748044491844,-2.697981338339872e-07
799,0.7995604932623497,0.9345854223708583,0.014701384845898424,0.04263974073898497,0.014703712008279458,4.932623496323174e-07
800,0.8781782701411286,0.94056676097766,0.013193532788183584,0.03674560705701692,0.013199600042421322,2.7014112857770556e-07
801,0.9212363991290005,0.9612926423744587,0.008036534159316367,0.020240459404809664,0.008037037792413331,3.9912900040572907e-07
802,0.8905603439180272,0.9455070242043974,0.006821323289082037,0.020810203081209077,0.0068216060737820525,3.439180271680442e-07
803,0.9110810889069028,0.9588184618461926,0.011969416395996097,0.03025337791695059,0.011970710237044286,8.890690272878032e-08
804,0.8152136537232293,0.9212393209622746,0.012794871704980467,0.04256374884804146,0.012799673771388952,-3.462767707018699e-07
805,0.9199208066364397,0.9606657851049226,0.01348922665234374,0.035181424803971365,0.013494662145717954,-1.9336356027466195e-07
806,0.9308717647766674,0.9691727641890373,0.00809519479478515,0.024918418478694394,0.008095879721834663,-2.3522333258974015e-07
807,0.657345630414964,0.9330167584612302,0.013948257762304676,0.04032798818032017,0.013950404273344125,-3.6958503601969284e-07
808,0.9404410645242641,0.9700069312564507,0.008960549081542965,0.02429392352120892,0.008962029435838598,6.45242641539312e-08
809,0.7703447791292365,0.8796232029359556,0.016060505020214846,0.04561838377319525,0.016063353884940377,-2.2087076345655987e-07
810,0.954081316535796,0.9812561717430618,0.006036783680849607,0.017502029199138364,0.006037280840301191,3.165357960188686e-07
811,0.6366808998867419,0.8137679352542224,0.023137835528320314,0.06582999323243899,0.023142925120412793,-1.0011325812797622e-07
812,0.888547389283786,0.9591073945952793,0.012722462036425792,0.03879238590177377,0.012727647575329404,3.892837859842402e-07
813,0.43070541214804114,0.6842162059115732,0.0251455267890625,0.07734550908886106,0.025146593479142235,4.121480411400924e-07
814,0.9036830755038358,0.9526306562138707,0.01208895867900393,0.032329363267237204,0.012092499903510422,7.550383573917685e-08
815,0.7741404165832679,0.9427252866506887,0.012154633833886725,0.03542584959914022,0.012156131725809724,4.1658326788152067e-07
816,0.6755436386988913,0.8546508934507608,0.017528376695410176,0.05418771982339197,0.017532859035694227,-3.6130110869780907e-07
817,0.8658775264846426,0.9327826298486839,0.01086778836162109,0.03505472370515593,0.010870288903093769,-4.7351535747974793e-07
818,0.906336887549885,0.9665506307714212,0.009700144861005868,0.027583461433101832,0.009700877186821296,-1.1245011499738666e-07
819,0.7698585109019858,0.8890047209735993,0.012372556697451177,0.03912767923851782,0.012373283693199089,-4.890980142002732e-07
820,0.9566423543088715,0.9794186377115782,0.008200526256152352,0.021418306935918258,0.008201356372840342,3.5430887146414847e-07
821,0.36044756329916405,0.8225086901224123,0.015164344510810543,0.04668984817771528,0.015164870931856525,-4.3670083593738696e-07
822,0.9293132528352824,0.9672790905843918,0.007497443780761727,0.018941201245591677,0.007499598116066508,2.528352824882063e-07
823,0.8516992951839284,0.932433326478982,0.01174902928001952,0.034077830641133657,0.011750090144428267,2.951839284115465e-07
824,0.8791267574962623,0.9436107655698827,0.01271803345087891,0.03838103987934051,0.012719397914114628,-2.425037376463379e-07
825,0.8671356163074182,0.9333355199977968,0.01339857293242187,0.04111072665514178,0.013404659808818612,-3.836925818179182e-07
826,0.8795128308287952,0.9421682885538852,0.012725063897167975,0.037797448500367266,0.012729891711145405,-1.6917120482240477e-07
827,0.9076901309034843,0.9704441225004646,0.01276144062167967,0.03288386327277064,0.012762878976443421,1.309034842744694e-07
828,0.8932578888012233,0.9616932858453329,0.0158986518370117,0.04334227151669832,0.01590159034277623,-1.1119877674214962e-07
829,0.8965896321740112,0.9470631545063212,0.013118786707324212,0.03368608585506627,0.013121947562731159,-3.678259887784918e-07
830,0.9345487423739207,0.9718699289102043,0.008166452514648433,0.02716162755971204,0.008167267927327755,-2.5762607924750824e-07
831,0.8415608170034553,0.9215410816058314,0.011967254495703121,0.03675269972108617,0.011968911908733051,-1.8299654469533522e-07
832,0.7378465954211941,0.8698454164064416,0.009003904756132787,0.03860266158955472,0.009004410914510303,-4.0457880590150097e-07
833,0.544392939562262,0.758484306287669,0.018933675903437495,0.05657134362437685,0.0189351537060293,-6.043773803643404e-08
834,0.7543203088971262,0.8962432154165335,0.019598877699902314,0.05988987788530351,0.019609555526452865,3.088971262110718e-07
835,0.3657101806625329,0.7997966066694278,0.014763102118261723,0.04721525000978073,0.014764993409085974,1.8066253293369527e-07
836,0.9118145995053191,0.9606698530212187,0.011375395746484357,0.032369821230854565,0.011376604374179861,-4.0049468097436147e-07
837,0.11618273809512536,0.6134251624865912,0.019559436366123024,0.06511001035761486,0.01956089862388606,-2.6190487463495504e-07
838,0.6035893623228685,0.7863585658719731,0.020766727603222648,0.06172391679988784,0.02077075508171205,3.623228684856983e-07
839,0.9092771984411061,0.9601673265397745,0.012874925074902338,0.03641470929798113,0.012876347112924796,1.984411061028979e-07
840,0.9332075503491318,0.9772363722889896,0.010259451001953124,0.028786318426069525,0.010260565137210095,-4.4965086820614175e-07
841,0.8626596309697697,0.9599037637287458,0.010909234636621093,0.02831597376783753,0.010910512651522092,-3.6903023026280124e-07
842,-0.3728507145382356,0.32348809108399285,0.015309508987265626,0.07004759614186648,0.015310958190434364,2.8546176439325777e-07
843,0.7905020860728897,0.9113185101865318,0.018478191690722675,0.04682368058383551,0.018483743863581658,8.607288970452487e-08
844,0.6763153664648718,0.8229546304454938,0.017733439618749992,0.05697514824492845,0.01773998316587858,3.6646487178160214e-07
845,0.9154128795808372,0.9683998324559173,0.012692112341406258,0.03590209654314828,0.012693673045008916,-1.2041916286342769e-07
846,0.49094350089904626,0.7883043964327299,0.02539850667961916,0.07677683303881061,0.025399681788277187,5.008990462407326e-07
847,0.6396459064906288,0.8144480634036916,0.013303326632714833,0.0525989087763474,0.013305600879239515,-9.350937124619207e-08
848,0.3884229089888892,0.7255910424776135,0.01940987731212894,0.05814962497545587,0.0194114706813472,-9.101111081433189e-08
849,0.9145343389015583,0.9577832660088195,0.007904771037011727,0.022272279926509653,0.007905327698725066,3.389015583721289e-07
850,0.9561281835244164,0.9780733300289682,0.008307237625976552,0.021098352073425957,0.00830810661404947,1.835244164416494e-07
851,0.9192909337881975,0.9700927180967954,0.011058591565722658,0.03408990143723306,0.011059897391217792,-6.621180248522762e-08
852,0.7701679318033742,0.8880139771399944,0.015419450088720713,0.042014541927416986,0.01542089425114948,-6.819662579093944e-08
853,0.6793032509556431,0.8301519943127349,0.013439187248632831,0.03920447334301148,0.013439671682001799,2.509556431551374e-07
854,0.8668616513945862,0.9429077612265601,0.010098105990625005,0.029471320396260863,0.010098881294971555,-3.4860541386905197e-07
855,0.9651012921121116,0.9838231903515654,0.005993449065234382,0.015538244483854114,0.005994095410340707,2.9211211161062067e-07
856,0.2196527913249392,0.7712979995035667,0.01831389774962893,0.05471063011386679,0.018315685791713446,-2.0867506078658948e-07
857,0.9225225139455259,0.9609437929348148,0.009997986546582032,0.027853224907444227,0.009999491197021072,5.139455259151049e-07
858,0.8097052044411075,0.9081727982606839,0.01994146099238279,0.055423330370029826,0.019945781069050317,2.0444110748751854e-07
859,0.926443627970233,0.9681198467979295,0.012317198470898424,0.03301459089657111,0.012318836265107404,-3.7202976699290957e-07
860,0.9446107621940752,0.9733248540199896,0.011911429822265635,0.030053159964789168,0.011913154558747401,-2.378059247298836e-07
861,0.8898856871061189,0.944868340866745,0.009180055552675778,0.027234625306609896,0.009180777311235495,-3.128938810270654e-07
862,0.9357536531438765,0.9709022445636005,0.008661520795996091,0.025709263090888144,0.008662388938016742,-3.4685612348983597e-07
863,0.7555906188016707,0.9150086479808831,0.009019594621982433,0.030690106184953807,0.009019905012698753,-3.8119832934668807e-07
864,0.545091992109228,0.7449355519000271,0.013801257700214845,0.0487174999999933,0.013801990421386493,-7.890772035779037e-09
865,0.4654124706363141,0.7030510610326427,0.025963518801953113,0.07992792230342136,0.025966143002683708,4.7063631408716944e-07
866,0.8370326481959646,0.9161222963561275,0.013468504386425778,0.035380161527345313,0.013471088642351877,-3.518040354588692e-07
867,0.8572364866737514,0.9285381386520617,0.01625452772148439,0.042684390085785374,0.016256220387427255,-5.133262486189949e-07
868,0.8691053572253108,0.9363090341923203,0.014192989445117188,0.040457113648367495,0.014198273416338891,3.5722531077642117e-07
869,0.811245713791005,0.9381802750686922,0.013045573258007809,0.03401693390227881,0.013049742042472398,-2.8620899505948927e-07
870,0.9513964348404629,0.9855149615549391,0.008709808713378904,0.02666085243137187,0.008710878973781842,4.348404628595759e-07
871,0.9377275529159146,0.9689889915959384,0.009230493463769529,0.02437089227177636,0.009231479221430047,-4.4708408541982436e-07
872,0.8989759568289806,0.9487572909214446,0.013526750744042986,0.03535281339210621,0.013532963761538317,-4.317101942596935e-08
873,0.8189046354603292,0.9309619609385421,0.016455567855664096,0.04442181406767891,0.01646240361195046,-3.6453967078298177e-07
874,0.9326122586980619,0.981292193987513,0.005794527092236325,0.017069703493170458,0.005794842859366265,2.586980618612955e-07
875,0.9350034889661062,0.9687430186956812,0.0088175461800293,0.022211799124212287,0.00881835521200352,4.889661061602268e-07
876,0.9071687491154051,0.9645091702132813,0.010771824568457036,0.027481018297802553,0.010773363082273398,-2.5088459487676573e-07
877,0.8665667018196173,0.9326010912938371,0.009857289654375007,0.031093761984825722,0.00985781065889106,-2.9818038271844927e-07
878,0.9282795968025062,0.9664428735157148,0.00976926221767578,0.026584406473351013,0.009770522805642902,-4.0319749383677106e-07
879,0.8740703016218117,0.946121254103563,0.01409450943203124,0.033892166366484996,0.014098920022559953,3.0162181163806423e-07
880,0.8751732858233375,0.9366196556591954,0.0136639394708984,0.041132948163666624,0.01366554548543393,2.8582333755355904e-07
881,0.7045158264579658,0.9156136795875851,0.014625304010458981,0.04713857629745548,0.014626475679065993,-1.7354203418751268e-07
882,0.750511880525628,0.8864503778967625,0.016783328557519538,0.04977933853994899,0.016789117488881407,-1.1947437195125588e-07
883,0.8483239701615817,0.9235466790900069,0.015018873583105465,0.03793641327784008,0.015025233304591159,-2.983841829173883e-08
884,0.7992757690446985,0.8966004204620899,0.012357416465917963,0.04356175170060576,0.012359167851460358,-2.3095530143901755e-07
885,0.7461354950210757,0.8707089117076969,0.011156283875615227,0.0349377589426871,0.011157111421776172,4.950210756859974e-07
886,0.8633988494988024,0.9457361583864259,0.009186834646777345,0.029266829330952746,0.009188902533943607,-1.5050119761550462e-07
887,0.9188475873887567,0.9588940880644135,0.008373644177177718,0.026684537131754754,0.008374247619599214,-4.126112432834006e-07
888,0.8950981667868383,0.9564578617814113,0.008337696049257827,0.0313188195725076,0.00833836423723852,1.6678683834037145e-07
889,0.7674142822632639,0.8824307464322606,0.015657491514746092,0.04727964664204937,0.015663837029109607,2.822632638732614e-07
890,0.9319937076435858,0.9719829594433995,0.00623494793447265,0.020455613246939078,0.006235319112793511,-2.92356414188788e-07
891,0.9456538426022988,0.9724533212869747,0.008299247685449231,0.022673635331440473,0.008301946497990495,-1.5739770120593022e-07
892,0.8961290668712392,0.9475009485038656,0.00844891075843751,0.022278913492715678,0.008449392608709319,6.687123921267357e-08
893,0.6606572279876958,0.8626921813451367,0.02020683578210935,0.06405864758966007,0.020208038917822257,2.2798769572229816e-07
894,0.9197675727548567,0.9594152028524021,0.010372661958300776,0.030193086628992154,0.010376043064565665,-4.272451433751101e-07
895,0.9382187535975486,0.9746086544376596,0.005820485869267589,0.015291722309496538,0.0058206732341779,-2.4640245144258444e-07
896,0.7477421470175083,0.8703072752611419,0.016126820210253908,0.049160484221489956,0.016131192081092368,1.470175082785019e-07
897,0.956504630151906,0.9810096913261522,0.006930371836083982,0.017761235390293947,0.0069310367436077654,-3.6984809403950436e-07
898,0.7154190407399041,0.8492796376278908,0.01290171509433592,0.041379237254679575,0.01290414439888092,4.073990411690431e-08
899,0.9299285819003775,0.9653454943611327,0.010628291982714842,0.02832208458824267,0.010630163849330087,-4.180996224789624e-07
900,0.9013274010302909,0.9541471021866831,0.011365414907421887,0.03178640411554525,0.01136900968368898,4.01030290864135e-07
901,0.7282007626452571,0.8677857545609133,0.007166176469921871,0.028807341205669766,0.007167038577941631,-2.3735474286024072e-07
902,0.9316705228144754,0.9706825050154192,0.008939475419042973,0.02638000682970706,0.008940401793079405,-4.771855246499257e-07
903,0.36501543208689935,0.638732953142163,0.017594668755957037,0.06473564315458052,0.01759726000000464,4.3208689937124234e-07
904,0.8676355719626884,0.937378467262323,0.015091180136621085,0.04236384134366311,0.015093226308709207,-4.280373115950198e-07
905,0.8143396817914197,0.9043859406539183,0.012869488253222667,0.04513724526526103,0.01287101390341049,-3.182085802633239e-07
906,0.7747331701451022,0.9093747535613262,0.010505864115136718,0.03465085271545964,0.010508378669271838,1.7014510222956858e-07
907,0.8207811859207187,0.908889497920799,0.019405702656640628,0.05041618094579781,0.019412901793439123,1.8592071870937588e-07
908,0.8775407403124758,0.937558131249237,0.014893999582617182,0.03872848905993655,0.014898694815406219,-2.5968752426219766e-07
909,0.8723731701390622,0.9550907378598783,0.013703455133984379,0.03699081339401016,0.01370525231605531,1.701390622832477e-07
910,-0.027915929371786552,0.49530367910022366,0.014233237386249998,0.0672710865963522,0.014233470177074435,7.062821344785974e-08
911,0.8749470572343397,0.9430558945976772,0.013557823647460946,0.042355598194651956,0.013559767300437859,5.7234339712053384e-08
912,0.9375809796416857,0.9689244040493407,0.008388343202246098,0.020659415014145633,0.008390501207272704,-2.0358314256618826e-08
913,0.8938814330594596,0.9471099843449211,0.013883211453613285,0.041961571987283036,0.013885510123443915,4.33059459514773e-07
914,-0.17420353171722103,0.736815780301691,0.017520571585107426,0.06149130938681609,0.017521246444298647,4.6828277897037474e-07
915,0.8787765447939476,0.9443745158713495,0.0133828148392578,0.03553756708571984,0.01338434984751189,-4.552060524076751e-07
916,0.9368290101429698,0.9710390713240853,0.008073683786132808,0.023329073905056123,0.00807491656507249,1.0142969797399815e-08
917,0.865523677970183,0.9429408811051484,0.01278463575361329,0.04163614542930983,0.012788814207070487,-3.220298169237523e-07
918,0.9192454689470025,0.9628921760723105,0.011188613709082019,0.036493130023940036,0.011190014629535545,4.6894700256316924e-07
919,0.8451510326870758,0.9249070852637745,0.010150265647246104,0.03581678345283187,0.010151109703998615,3.268707582382291e-08
920,0.8854798471309764,0.9534644415800236,0.008923446007421886,0.024653065587031724,0.008925987927949037,-1.5286902366185018e-07
921,0.910054642109634,0.9569760056929506,0.006529801539550781,0.018024981126422392,0.006530059676858444,-3.5789036589850554e-07
922,0.8882297981726127,0.9546551259448851,0.010342589199589842,0.03188578231598342,0.010343329895683569,-2.0182738724727756e-07
923,0.9144727903424212,0.9737397611083317,0.005890722860771489,0.0197881988435583,0.005891015831062405,-2.096575787424726e-07
924,0.9148875335247503,0.9580858351184742,0.009318434167080072,0.025448589742800457,0.009319195138726422,-4.6647524976073385e-07
925,0.849336439959492,0.9426777593725734,0.011070309983105469,0.035314685070193905,0.011071718636760451,4.3995949206010465e-07
926,0.9577445756121686,0.9819604196928836,0.005246000785791014,0.015208050035121346,0.005246404600976046,-4.2438783132148217e-07
927,0.8405401033661151,0.9205595772753175,0.008867617863779303,0.02993571440380754,0.008868142798593786,1.0336611511174709e-07
928,0.5748439013991351,0.7638860467942551,0.020803943463964806,0.06629728529576759,0.020809494346638983,-9.860086491730868e-08
929,0.9283634190297275,0.9635773918304771,0.005580364082646487,0.01730184152803511,0.005580620684998785,4.1902972747198675e-07
930,0.9360889032885573,0.9675712332980234,0.008721704439746084,0.025863909985960762,0.008722715041298967,-9.67114426320137e-08
931,0.9059388175773686,0.962819023850247,0.011235989021386719,0.0370897247432242,0.011237480477775699,-1.824226314450783e-07
932,0.9268624649975674,0.9632575919980566,0.012590549264355468,0.03325968988863363,0.01259227654315121,4.649975674508866e-07
933,0.4261891404066096,0.7391868120125115,0.016687076707246076,0.052087860819243985,0.016688494174371182,1.4040660961667228e-07
934,0.8263067444295851,0.9426868986759382,0.011874974610888676,0.03792972671214228,0.01187598553147391,-2.5557041494206345e-07
935,0.9233243266798804,0.9613007911448868,0.008231970831054682,0.02630292513160111,0.008234727357452697,3.2667988036916284e-07
936,0.9216457981325833,0.9623023166835045,0.0063247626624023355,0.015578973235516588,0.006324980601879435,-2.0186741667149732e-07
937,0.9137536043907019,0.9700398838561763,0.013829012437109389,0.0373885509986867,0.013830825594723059,-3.956092980983428e-07
938,0.9373779357323615,0.9693590589829848,0.0094364251368164,0.025269167939559307,0.009438152720829616,-6.426763854427975e-08
939,0.15537015220300432,0.6797904492912595,0.024042850456396495,0.06570187368889094,0.02404357578471765,1.5220300431106892e-07
940,0.8767785917623431,0.9433433632713523,0.01081714561982421,0.03844893974858833,0.010820678451229004,-4.0823765690145564e-07
941,0.9331317307395104,0.9681528922150188,0.0062547559277343736,0.015635299231901503,0.006255171998131139,-2.6926048957154336e-07
942,0.9054669492244726,0.9602450684596646,0.01106320939804685,0.02849353041891429,0.011065114359282851,-5.0775527449253843e-08
943,0.9150557251602557,0.9608071559687276,0.011914408735644534,0.02990136417130934,0.01191950496290164,-2.74839744296429e-07
944,0.9215131852219755,0.9613901489047425,0.005948296663388674,0.016498902602682945,0.005948528366777529,1.852219754239215e-07
945,0.9422570787790461,0.9707794908858941,0.008122423120898436,0.02235084363304577,0.008123424758667399,7.877904606434782e-08
946,0.1285405013699351,0.4191588789177589,0.025056272498583967,0.08810154871314263,0.02505744589717997,-4.98630064876826e-07
947,0.7657526705323294,0.8798516093749809,0.016198230054218752,0.04637333282363393,0.016199594752953617,-3.2946767059005566e-07
948,0.881425989618837,0.9409140715576354,0.013426801748730434,0.039265258595750925,0.013431464873960203,-1.0381163040307229e-08
949,0.8521922554791022,0.945423112858167,0.013171113992773431,0.041723506854806976,0.013177217238361462,2.554791022069125e-07
950,0.920173790095639,0.9704315571784997,0.010713990934179707,0.031904629025672294,0.010715136714463721,-2.0990436100376542e-07
951,0.5546074081098695,0.7539435995101506,0.019148761950683577,0.05676438674224934,0.01915245311487112,4.0810986956518747e-07
952,0.8782380789950618,0.9381065577606228,0.009861982560449204,0.03157319511716285,0.009863195566815917,7.899506182518223e-08
953,0.8295420968224037,0.9149283485068727,0.014215402222744138,0.03883357774505262,0.014216774500030442,9.682240365016526e-08
954,0.8682140092845152,0.9379959342247445,0.016637107579882838,0.041940044437413566,0.01664067036904172,9.284515156693374e-09
955,0.5800640478699268,0.7735954093838486,0.01467309073503906,0.05222596870189261,0.01467376623643846,4.786992680028135e-08
956,0.9107837720319939,0.9693328817526187,0.01043329552109375,0.02747955711946314,0.010435771616625227,-2.2796800613900103e-07
957,0.9042908924773905,0.9559081557300227,0.01109605893427733,0.03035113157677256,0.01109736780444513,-1.0752260948265757e-07
958,0.6115514171002281,0.7869800102253816,0.019587815088867207,0.058742484826625516,0.019592583324115245,4.1710022813390424e-07
959,0.5259691940328634,0.7390857835165827,0.01716522651169927,0.06726170831041116,0.0171658369673133,1.9403286333208314e-07
960,0.8821954979807399,0.9484964941124591,0.010784970543798822,0.031641806129318974,0.010785852985880114,4.979807399774216e-07
961,0.9358898558044062,0.9686230657648388,0.004556231763749987,0.013968478003239172,0.004556298717785074,-1.44195593798635e-07
962,0.882374798243462,0.950002242556667,0.008294052087890627,0.026414625983779496,0.00829822601176246,-2.017565380318942e-07
963,0.9224148029555155,0.9661719376395294,0.008146038577167962,0.024966355224237888,0.008146611238561408,-1.970444845067476e-07
964,0.8896079920577593,0.9468050574222809,0.012610983689453141,0.03767307789375343,0.012616346630939405,-7.94224064293303e-09
965,0.9432573009144418,0.9723110099969544,0.0074061421096679805,0.02043946033546939,0.007406918712503224,3.009144418086862e-07
966,0.7447088866881182,0.8695489933318009,0.009536095834179689,0.03416582299912732,0.009537152427639403,-1.1331188176644247e-07
967,0.9467309447269239,0.9760080828200938,0.008189441344150393,0.02179391954492314,0.00819016452642319,-5.527307611608023e-08
968,0.8319699227996736,0.9138015443556536,0.013535759075097634,0.03488038543227024,0.013538501163123213,-7.720032635383234e-08
969,0.9041742634758928,0.9515552975186473,0.013650426737792952,0.034902945084133066,0.01365638413052413,2.6347589276998207e-07
970,0.9039350484334229,0.9529145178667424,0.008634044918662103,0.027486535071525937,0.00863467687529288,4.84334228278982e-08
971,0.962840078744208,0.9821879941098616,0.0067029885103710996,0.0201673489205327,0.006703601138334533,7.87442079319689e-08
972,0.9115447589611273,0.9564952756435557,0.008799103971093753,0.02196284969020686,0.008801332674478116,-2.410388727502877e-07
973,0.6004274613008557,0.890379621978492,0.01443762822646485,0.04248546867895241,0.014441518433599329,4.6130085562534617e-07
974,0.9302144222998195,0.9644972502750211,0.010528743824218754,0.02861655614797619,0.010529984710259963,4.222998195579919e-07
975,0.8828464630262755,0.9541145995918847,0.014825563927246094,0.03874136821786354,0.014827752856468228,4.630262754323766e-07
976,0.890579251125205,0.9444536487901998,0.009341001862773432,0.02717427684547437,0.009341929147892133,2.5112520496417545e-07
977,0.7051302605610954,0.8473014375475706,0.009390344570878896,0.031214648864309896,0.009390545292469847,2.605610953665405e-07
978,0.9107798798163829,0.9574496099267892,0.0064935879147460995,0.020758212041277434,0.006494627155108175,-1.201836171693671e-07
979,0.9003913667734031,0.9499556617271591,0.006996099970830078,0.019190097464135598,0.006996765122574482,3.667734030932124e-07
980,0.6495581320855682,0.8173061401827796,0.018403834508623027,0.0560936586642041,0.018405059388883833,1.3208556826072027e-07
981,0.8641738763436038,0.950580616136705,0.012553780091718727,0.03504912961689076,0.012554911120347116,-1.2365639623368452e-07
982,0.9094607337903955,0.954350933357286,0.008145171486650393,0.02976614562940731,0.008145796466856424,-2.662096044714346e-07
983,0.5772700148668656,0.7683602989344921,0.022208032472167967,0.07213362636200411,0.022213701530974028,1.4866865627460868e-08
984,0.717465366324431,0.8505306736006034,0.01509435737724606,0.04915860149927886,0.015096689607456094,3.663244310114777e-07
985,0.8935630649806596,0.9489273540006022,0.014426975555078126,0.03568290980721802,0.014431055819219458,6.498065963089772e-08
986,0.9592313681500513,0.9810178433420518,0.00702795585567383,0.01927281378938119,0.007028602879405062,3.6815005133306045e-07
987,0.7722325501721662,0.8826907518154669,0.014780235140917959,0.04800454386603217,0.014783715894385083,-4.498278337594641e-07
988,0.79844675382691,0.9249914025192282,0.012906565729785156,0.0381842734233376,0.01290994893036677,-2.461730900238379e-07
989,0.9232415204253029,0.9700941857250939,0.010398184777441406,0.026867728125819227,0.010399285715502462,5.204253029633676e-07
990,0.15915167748378967,0.6816826230969961,0.022542479375976594,0.06517918409274727,0.022545189537719963,-3.225162103215329e-07
991,0.08347622103683594,0.5506303640218414,0.015389338163535143,0.05859608547505728,0.015390379344859968,2.2103683594565382e-07
992,0.8505239307505725,0.9256404743304104,0.01744056256240233,0.04352083920349207,0.017447947732556757,-6.924942741459716e-08
993,0.733215585625252,0.9435364322027034,0.01320716232999999,0.04235005811925672,0.013208223425572941,-4.143747479590232e-07
994,0.9069667887619273,0.9550541383553212,0.011920063804296858,0.031486837492821544,0.011923361445987301,-2.1123807270040373e-07
995,0.768238678150625,0.8779094334308337,0.016211849979394528,0.04575152073595889,0.01621589509766863,-3.2184937504009525e-07
996,0.8171222988967135,0.9097184696556161,0.014852997792285156,0.04340407024162379,0.014858810383573246,2.9889671349092595e-07
997,0.8674437906748893,0.9320963553304377,0.012715972176074222,0.03960863994320455,0.012719698652196687,-2.0932511068938453e-07
998,0.6352362173126906,0.8196513733193564,0.02210629452490235,0.06003218344106852,0.022111138016118168,2.173126906201972e-07
999,0.9040931687534555,0.9530949184125503,0.008356215743164077,0.02087326887945454,0.008357111711617814,1.6875345543176934e-07
1000,0.9245848510325345,0.9645002570173046,0.009405399512597657,0.026583725415139287,0.009408566411589525,-1.4896746547421458e-07
1001,0.760630692562344,0.8888610449487346,0.013882453374189484,0.047507428678610915,0.01388356953334944,-3.074376559997205e-07
1002,0.9339798279969325,0.9720298420592377,0.009133922751269525,0.024850514646561364,0.009136560684652767,-1.7200306756670614e-07
1003,0.9143281621965766,0.960231663548953,0.011808819917773439,0.03142014794040394,0.01181132376013885,1.6219657661409315e-07
1004,0.8623044180591106,0.9312980676171069,0.017352031515917986,0.04579959292815859,0.017354548170101777,4.180591106628384e-07
1005,0.8588335878429297,0.941478225762346,0.010428455408173826,0.02811299691792578,0.010429170107416326,-4.1215707025088477e-07
1006,0.6227059677423035,0.7951212292395659,0.01956437986044922,0.05595025749169374,0.019569106966100307,-3.225769651393762e-08
1007,0.9314319171021113,0.965548383959144,0.011231985642285154,0.02806362437291941,0.011233293231317158,-8.289788877569038e-08
1008,0.856390019674975,0.9283161209187132,0.01168725405869142,0.03331641295913874,0.01168865221202101,1.967497498256421e-08
1009,0.5204791756954207,0.7968956025573609,0.03287521204902341,0.08282957086646055,0.03288399952841179,1.756954206566519e-07
1010,0.9359220005110154,0.9675112473245796,0.011969590263671857,0.031045672305523117,0.011971428362768391,5.110153411536089e-10
1011,0.7490772096393695,0.882546366282818,0.021092683673632786,0.058436176262533744,0.021097624435579568,2.096393695305565e-07
1012,0.9372591318706662,0.9706369027835143,0.007987385513671875,0.02265996481323503,0.00798850889054495,1.3187066627562416e-07
1013,0.8160524999290558,0.911897014098607,0.01947011266093755,0.05852106407100892,0.019474068582333817,4.999290558194147e-07
1014,0.9565709425444946,0.9855588393157868,0.005872076655263669,0.015931322564211012,0.005872432959965774,-5.745550535340982e-08
1015,0.8157465749539128,0.9212564397998122,0.0135281505930664,0.03821265705474762,0.01353231053764385,-4.250460872157191e-07
1016,0.8860105191832663,0.9507364323377517,0.015544345504296852,0.03755667358567709,0.015551553016171638,-4.808167336500802e-07
1017,0.7983266689193556,0.899487371287956,0.012090789473603536,0.032983588661504776,0.012091622961870501,-3.310806444556391e-07
1018,0.9070868035418319,0.9614210815503131,0.006315196250058588,0.023163668713514336,0.006315609946319921,-1.964581680669042e-07
1019,0.9214725607095483,0.9651956777407559,0.009565546579199209,0.02648842564374044,0.009566727571627798,-4.392904516814511e-07
1020,0.7902106575233865,0.8953935575012882,0.019745917516406256,0.0537041815943779,0.019750662771142326,-3.424766135129431e-07
1021,0.8562062914361406,0.9266713100479222,0.007864108568251938,0.02372733600334555,0.007864491576698926,2.914361405537136e-07
1022,0.943432405457913,0.9736504694268973,0.006222426113242186,0.018199918224930917,0.0062228431328432005,4.054579129109115e-07
1023,0.5086235121415559,0.7302786672265984,0.023302156184960964,0.06826402609872206,0.023306793665884028,-4.878584440870526e-07
1024,0.9614987073612239,0.9809096285837933,0.0047792198076367165,0.011975095393881745,0.0047795393241421204,-2.926387761004179e-07
1025,0.7109895194969462,0.8830834776766853,0.008575063049208995,0.030865388550567002,0.008575701169191163,-4.805030537902155e-07
1026,0.8859890652942604,0.9585897189296879,0.009510355585742175,0.02898093910702109,0.009512943864654988,6.52942603318607e-08
1027,0.9160908240244907,0.9624576310855455,0.008966325060615237,0.026840008354883822,0.00896706644027241,-1.7597550927561656e-07
1028,0.9559658348411024,0.978043389633721,0.006086451127343752,0.01677039943861139,0.006086900489911577,-1.6515889755819302e-07
1029,0.8940348156088614,0.9599356598654005,0.0117258294953125,0.033581631588151174,0.011727563853066307,-1.8439113858015332e-07
1030,0.8964509951619999,0.9629657437619134,0.012974849999511722,0.033012141619706586,0.012976399896822477,-4.8380001116399285e-09
1031,0.8723751865512613,0.9356350125584365,0.012644026259863281,0.030243726515415188,0.01264616505011508,1.8655126132749444e-07
1032,0.10100274396938924,0.532389405605334,0.021510406514746127,0.07332464063046404,0.021512644477302365,-2.560306107540766e-07
1033,0.7505188098064834,0.869996558148028,0.011263883877812497,0.038762116078078286,0.011264439262879957,-1.901935166026547e-07
1034,0.749341942138659,0.8894975152280189,0.013555433792675776,0.039026160534922846,0.013558897445569599,-5.7861340940768e-08
1035,0.865832896246647,0.9469530197128408,0.008913292655722648,0.030505682144956005,0.008913850451235224,-1.0375335290913057e-07
1036,0.827024383403836,0.9165152979778222,0.006973903709374999,0.0241878947521102,0.006973984779646647,3.834038360128744e-07
1037,0.7522974509726379,0.8692421806040614,0.018917634714746116,0.05179303444905757,0.018919749426222807,4.50972637899838e-07
1038,0.784919323563311,0.9258299782105823,0.015592257076660187,0.04298211895505023,0.015597221276022925,3.235633109222036e-07
1039,0.9398346527735663,0.9722020400723926,0.006742147282812497,0.020973116025882137,0.006742692621070807,-3.47226433716763e-07
1040,0.9337567695676942,0.9664630930202429,0.008464272826367199,0.027143962614663255,0.008466113765026565,-2.304323057922275e-07
1041,0.8481181310288547,0.9413093985201276,0.01567457727626952,0.04199861859797642,0.015678127296582665,1.3102885465521297e-07
1042,0.6607710708148515,0.8191589018232044,0.016739002607324215,0.049532203646779696,0.016741077953557205,7.081485153825895e-08
1043,0.8640883484786329,0.9351365189589882,0.015778742804628935,0.04061497602363523,0.015780233178377408,3.484786329499556e-07
1044,0.9366879092906978,0.9694899334272127,0.007467393756894538,0.02344327052813238,0.007467977486649955,-9.070930218069151e-08
1045,0.9211462960583713,0.9605314255830293,0.009112786334072242,0.0271394851422521,0.009113451055066349,2.9605837126300827e-07
1046,0.7777570373031334,0.8935068103949751,0.012042568125195328,0.03141177521544285,0.012043995149529823,3.730313336003377e-08
1047,0.8557404172734793,0.9261564330594938,0.01572763044042968,0.03997146322728369,0.015732192532415097,4.172734793250754e-07
1048,0.8005238349054379,0.9031535808310026,0.012478583422558595,0.03991339546922748,0.012481859601153781,-1.6509456213231744e-07
1049,0.0501675122378612,0.7941757474535849,0.021517449296777343,0.05926828138686475,0.021518779990587922,-4.877621387969211e-07
1050,0.37825419701195506,0.8339044490426859,0.02241734198193363,0.06152370028593436,0.02242129659417367,1.970119550831484e-07
1051,0.9362553903935321,0.969245881493554,0.012844772154003899,0.029793666594065685,0.012846700649318572,3.9039353216807626e-07
1052,0.914003692000436,0.9564754189523696,0.007695706995605473,0.023945383625146987,0.00769778665197095,-3.0799956407534523e-07
1053,0.5813124123353349,0.7660686103436414,0.022926802468945306,0.06470347139597833,0.022933108610564416,4.1233533487616825e-07
1054,0.8376403917667044,0.9247636809783206,0.008620604924794916,0.03048726054841094,0.008621071954298318,3.9176670429963423e-07
1055,0.9391574228059293,0.9693179733404307,0.00701716769950196,0.019295059175077126,0.007017676326015126,4.228059292676889e-07
1056,0.5597607801991353,0.7749414973890995,0.015819563484257795,0.063569096818766,0.015820373322207194,-2.1980086462036752e-07
1057,0.8125522348464407,0.9217762620695389,0.019146238288671923,0.05025488766406152,0.019149610862603174,2.3484644062765625e-07
1058,0.9192007957774357,0.9587741216752442,0.008878852296386708,0.029919399898362405,0.008881569036019447,-2.0422256430396857e-07
1059,0.9009565952041557,0.9503951508976048,0.012437191903027342,0.0363751106808665,0.012438614294643916,-4.0479584428876336e-07
1060,0.8614714330094487,0.9399938388012491,0.010440142186230471,0.03128205919403657,0.010441526569765807,4.330094487414726e-07
1061,0.853902924720707,0.9241528287003692,0.007938531559472658,0.023286128693104646,0.007939586728961018,-7.527929302142411e-08
1062,0.9001583061960352,0.9509519220361954,0.009341795031523438,0.024353957043371025,0.009342497707775857,3.061960351935511e-07
1063,0.9704788119351827,0.985803828749335,0.005226527751113286,0.012951477862031342,0.005226862279812084,-1.8806481727473567e-07
1064,0.5419933216370858,0.8324591062951123,0.016647247022939453,0.04282107867279529,0.01664850543535113,3.216370858538653e-07
1065,0.8870315115933212,0.9725140898101333,0.010763732512373041,0.02900985488080515,0.010764761760417458,5.11593321150805e-07
1066,0.9290217978398996,0.971569123641581,0.008828135676826162,0.02389292977562897,0.008828933010526617,-2.0216010043760946e-07
1067,0.8004776990756194,0.8970524648032654,0.015266425088349612,0.045811970893728,0.015267884099263086,-3.0092438063622495e-07
1068,0.8949830535197576,0.964495477411899,0.010443463485292985,0.027146916320075702,0.010444240311385446,5.351975762568628e-08
1069,0.9058097825971679,0.962354937468774,0.009945073473632795,0.030047333373396046,0.009948581786282527,-2.1740283207005717e-07
1070,0.8808675696728666,0.9512490052658878,0.007800707611064465,0.021310231612404917,0.007800838289225327,-4.303271333716552e-07
1071,0.9400787713096257,0.9716788821275684,0.011046210249218749,0.027586581353414373,0.01104747500724273,-2.2869037430428563e-07
1072,0.8978351841881459,0.9533180630347662,0.011833174331054689,0.034467921672364836,0.011836122616876795,1.8418814584642007e-07
1073,0.7673622197520171,0.8794051220570407,0.019152855075781267,0.05310320937042543,0.019160742214014898,2.1975201713875236e-07
1074,0.898957586669306,0.9542529887378745,0.0077398458090820335,0.02549380429041649,0.007740908273513479,-4.133306940046211e-07
1075,0.9001122621548531,0.9560094114785215,0.010191838054238282,0.030776329108739557,0.010192798397788805,2.621548530479245e-07
1076,0.8749229228113579,0.9360907784887813,0.013450812507519552,0.03979543526797457,0.013456026697680862,-7.718864214467658e-08
1077,0.8262466554215445,0.9209664050460467,0.012381505083203131,0.035397560554860145,0.012384718051845793,-3.4457845543567345e-07
1078,0.9446341830368683,0.9741382950194882,0.008636804852246112,0.025366028530053243,0.0086377625028355,1.830368683286565e-07
1079,0.6341256645638165,0.8339109147284253,0.020778782836035146,0.06440141631173553,0.02078108349108547,-3.35436183496185e-07
1080,0.9052821763342959,0.9587567113063965,0.016062725898535156,0.040157182136200835,0.016066191298880605,1.7633429583163718e-07
1081,0.9135633173995326,0.9583754164940831,0.005602462721777347,0.016593525442873583,0.005603243027160012,3.173995325456147e-07
1082,0.8244242135410418,0.9111423525560362,0.007333685012695317,0.027194489435939332,0.007334454350016126,2.1354104173809674e-07
1083,0.725157157779484,0.8793290149967619,0.02383548894677735,0.06444473182736009,0.023840718074516938,1.577794839224822e-07
1084,0.9543575654079531,0.9787385649833035,0.00734195616298829,0.021012627911594913,0.0073432222894529815,-4.3459204690510234e-07
1085,0.903623271784328,0.9581085791999046,0.008523623859335935,0.02741078007838019,0.00852432340546415,2.7178432804308983e-07
1086,0.9382877583297934,0.9705723258918406,0.012129995648535154,0.029887194797635352,0.012135716994691577,-2.416702066243559e-07
1087,0.9431411379918876,0.9714657101080256,0.008713054439843743,0.02307040936397086,0.008714516890896435,1.379918875832331e-07
1088,0.8616235551105975,0.9371616052029758,0.015758794829980473,0.04299995579209594,0.015762426683813786,-4.448894024289274e-07
1089,0.7408993987636109,0.8859971718190537,0.017845774932226527,0.05505729062599191,0.017849431388246406,3.987636109092918e-07
1090,0.809396538831329,0.9018328127388862,0.014071541090624981,0.041258856421678876,0.014075553020166325,-4.6116867102874437e-07
1091,0.8932761912117897,0.9453854298179379,0.014348179156738295,0.040398920633313025,0.014354195305735288,1.9121178973513508e-07
1092,0.7805915572782228,0.8926161225032807,0.01674969527353516,0.04455610828499135,0.01675540299821542,-4.4272177712745275e-07
1093,0.7598213541918106,0.8773874028153991,0.013424847126953113,0.04316906875011236,0.013427440962119017,3.54191810658655e-07
1094,0.8087405502974266,0.9111643378437145,0.015184037282490216,0.04117567218870163,0.015185293072819692,-4.497025734018223e-07
1095,0.8829503747070513,0.9407347372824292,0.014209403178125003,0.03541626054864414,0.014211935871583549,3.747070512760686e-07
1096,0.9318648613709726,0.9656104971172733,0.005647639414365231,0.014721880202894881,0.0056478916158257545,-1.386290274796309e-07
1097,0.8947080361050204,0.9483207142923109,0.006804883068164038,0.020644301349519723,0.006805761260457499,3.610502041784258e-08
1098,0.875316037593856,0.9384408587231383,0.019871293822851542,0.052607814995630366,0.01987536693744906,3.7593856028195205e-08
1099,0.8814538403417218,0.9441692735265623,0.011379329815693371,0.030546225782402636,0.01138021683838728,-1.5965827815378475e-07
1100,0.6310004311392359,0.9124453679244509,0.016711578310156253,0.0443261034201657,0.016715558465154837,4.311392358680166e-07
1101,0.8316410448042227,0.9264158757282769,0.014111780739648439,0.04032484891487654,0.014113553060364836,4.48042227763068e-08
1102,0.926874514717585,0.9709251456836019,0.009358970279208984,0.024910978246844503,0.009359888756762384,-4.852824150303192e-07
1103,0.9137450567340428,0.9561149217901543,0.006105450103623046,0.01793030645896645,0.006105626766819674,5.6734042797046413e-08
1104,0.9486583741771588,0.9742972244657327,0.007760351666015629,0.024748139648258144,0.00776283578588765,3.741771588128273e-07
1105,0.927297826477463,0.9630123120408374,0.012206240828125013,0.028682839887433986,0.012208276594872038,-1.7352253700586573e-07
1106,0.8163340429020205,0.9098894566515595,0.0158728002625,0.04495293702271793,0.015878397543715415,4.290202049173075e-08
1107,0.7004883854639918,0.8609197980266009,0.018073794573730456,0.048130902895078015,0.018079843020686454,3.8546399183658764e-07
1108,0.9643609883890627,0.982559772294734,0.0054120684244531245,0.014563926657814263,0.005412365137670788,-1.1610937322714676e-08
1109,0.8828093399493677,0.9415927007977898,0.007934183708564463,0.022588383582250744,0.00793446009365948,3.399493677669341e-07
1110,0.9057577070719659,0.9591028341215795,0.012108619440917961,0.03327620836981428,0.012109885432560853,-2.9292803405134293e-07
1111,0.013320862301047787,0.6932282024640315,0.024524690644433605,0.0690004733798071,0.02452985305748792,-1.3769895221282802e-07
1112,0.812808791109186,0.9079387144622079,0.0116977687102539,0.034102539023625686,0.011701316191262814,-2.0889081397967857e-07
1113,0.9470666043367153,0.9736234088883767,0.0076047897023925675,0.02244974779160496,0.0076054707141892264,-3.956632846913166e-07
1114,0.9052935681505467,0.9682054433852273,0.011675818924121091,0.033921792880084116,0.011677309450931336,-4.318494533084305e-07
1115,0.8457583422775049,0.9407208499826517,0.013720913931640613,0.03773326988611946,0.01372300992516764,3.422775048944615e-07
1116,0.9107681448016535,0.9670585485283014,0.010765795731250003,0.032984497192937376,0.010768266989298579,1.4480165344554763e-07
1117,0.712962571084921,0.8513883763566117,0.017514835997656245,0.05284263975354431,0.01752034900849241,-4.289150790093288e-07
1118,0.7698590369905153,0.8812779719286702,0.016104697870019537,0.0491442808447662,0.016106348857751737,3.6990515317469885e-08
1119,0.9134010830767588,0.9561546139737487,0.007153470758691404,0.019017894363737967,0.007154994133500864,8.307675880558918e-08
1120,0.7285253392776055,0.9320331343549733,0.01674697051339845,0.04746679179067495,0.016748561099625695,3.3927760556551334e-07
1121,0.9200404164787737,0.9665260206229014,0.008158322924218758,0.020659144497890608,0.008159264479677845,4.1647877369044295e-07
1122,0.9341672607697703,0.9726516808925378,0.006573381577890629,0.0183938924443351,0.00657374701695745,2.6076977033273607e-07
1123,0.5789429243484003,0.7665615753067513,0.015771358731542947,0.05875004017281302,0.015776948911587603,-7.565159965139401e-08
1124,0.5207074932273923,0.7347569250295184,0.013328528083398426,0.05015089024607274,0.01332918608466763,4.932273922619856e-07
1125,0.7815278539105683,0.8919540829118224,0.020805133637402367,0.06081267233207121,0.02081500970591652,-1.4608943166294353e-07
1126,0.7480170930969874,0.8672033415051352,0.01809729855732422,0.05069868701505937,0.018102096141382893,9.309698734139005e-08
1127,0.8779063966919807,0.9389312470164994,0.007179822556083993,0.02275035446262222,0.007180450904417826,3.966919807085745e-07
1128,0.8984812484169243,0.9752951495127329,0.008316839551455067,0.025511901574408857,0.008317393444279139,2.484169243643919e-07
1129,0.9134394695159196,0.9568653515114083,0.005741835505537095,0.01614743756873255,0.005742283459921346,4.695159195877707e-07
1130,0.8593521121010749,0.9335800668833173,0.012673603254785155,0.03433151151449907,0.012676515431942986,1.1210107486725462e-07
1131,0.8824099465794422,0.9395177534680452,0.007392215048525393,0.022435248654063614,0.007392808405604029,-5.3420557866168394e-08
1132,0.7326203424802651,0.8611394021182451,0.018688241868359393,0.05221606795166686,0.018691971157731788,3.424802650364711e-07
1133,0.9544011016533614,0.9784859955359834,0.005773012552509764,0.01411254946813899,0.005773351101356479,1.0165336139511538e-07
1134,0.9237360734532225,0.970440421758885,0.008234797462333987,0.022542040343986564,0.008235379686301158,7.345322250440489e-08
1135,0.9327605927793706,0.9660540957861443,0.009918987941142583,0.024848701002518094,0.009919853374942632,-4.072206293281866e-07
1136,0.9143513803465912,0.9563823850576767,0.010690783706337907,0.02829139501560161,0.010691826772517574,3.803465912222137e-07
1137,0.8087200382948313,0.919407822125024,0.010834995235253901,0.0356302486348098,0.010837562624578245,3.8294831306018295e-08
1138,0.8554139746631373,0.9255754378695078,0.014298822673046862,0.04188949274266496,0.014304183406088574,-2.533686271899427e-08
1139,0.8586297805847726,0.9281452469294224,0.016492079656347684,0.045614176897056095,0.016494582291897545,-2.1941522743151864e-07
1140,0.9641891238729664,0.9859271453218298,0.006541650527246094,0.0217800798574492,0.006542332653746738,1.2387296643989743e-07
1141,0.8441146236990439,0.9254462099090134,0.007518120525742184,0.023755912987813894,0.007518318825761838,-3.763009560620034e-07
1142,0.923292270333072,0.961291580602895,0.009222868452929696,0.024269177785494884,0.009223862717074012,2.7033307203883084e-07
1143,0.6594050531250369,0.8244553499058787,0.011815715792529305,0.0427441245846922,0.011816640369248033,5.312503692511683e-08
1144,0.9362941562299048,0.9680154352843181,0.011228643752929687,0.028647582152853006,0.011232326627279195,1.5622990479080556e-07
1145,0.802061264152737,0.9273876525494277,0.016295966267773444,0.04344535716707968,0.01629933963615223,2.64152737017298e-07
1146,0.9358498500400078,0.9708704233103186,0.007356076020253907,0.020564157495475938,0.007356633538680487,-1.49959992201687e-07
1147,0.7595180196070744,0.8779138768065385,0.018750061880078123,0.05374102718605264,0.01875553797763919,1.960707440851195e-08
1148,0.9217391035243072,0.96734962728476,0.014045625189843734,0.03495285182406478,0.014047524118701821,1.0352430723781225e-07
1149,0.6645693108694632,0.8207997806965153,0.013736291648046888,0.04695361099082571,0.013739308918443435,3.1086946328251486e-07
1150,0.8719161855203603,0.9477926171582395,0.0092239319375,0.02270191087359163,0.009226988786291062,1.8552036029628738e-07
1151,0.8786499376779526,0.955140698447913,0.014399307969531263,0.039239354816195324,0.014400796189571801,-6.232204741163372e-08
1152,0.5690061193078467,0.8000505312219627,0.019755914201621084,0.06356270322334018,0.019757702364175317,1.1930784671321248e-07
1153,0.2595496211560281,0.684197531159725,0.018433936446357404,0.05372808012830033,0.01843516583705472,-3.788439719154546e-07
1154,0.928250714482747,0.9643148743951105,0.010098980967871086,0.027492515869469516,0.010099992725552374,-2.855172530624728e-07
1155,0.7948879591469886,0.9042984728949578,0.015757878147070307,0.0417139705884739,0.01576001033147606,-4.0853011418207075e-08
1156,0.8779835796838785,0.9565687648138406,0.008333877071953124,0.028482792975667522,0.008334550156471754,-4.2031612146331554e-07
1157,0.9170094958983863,0.970695103787253,0.014117203378515623,0.03549276430061631,0.01411920766075566,-5.041016136742016e-07
1158,0.7150503449054826,0.8578950987539905,0.01572736677694336,0.04453158437055964,0.01572857540691964,3.4490548261878473e-07
1159,0.6586328953721141,0.8279646247602334,0.018390838462402335,0.05402289599663847,0.018393727121832536,-1.0462788591070193e-07
1160,0.9217471888316227,0.9616644774062235,0.008891157375087885,0.030592409679915836,0.008891992465671099,1.888316226716924e-07
1161,0.9000738430983591,0.9494536214392004,0.011149773388671881,0.030846667385928308,0.011152949021380892,-1.5690164090198522e-07
1162,0.943891837270364,0.9718436443478917,0.007276355158984382,0.021751119834012792,0.007277119359852261,-1.627296359885122e-07
1163,0.92703474278757,0.9648497986627087,0.005320006637138666,0.014699156053886739,0.005320402247405861,-2.5721243002152505e-07
1164,0.9227263745655647,0.9619217739318656,0.00782089557216798,0.022450851148520155,0.00782226154162972,3.74565564675855e-07
1165,0.8738430718255383,0.9351412525508537,0.012894319931542985,0.03604346931606,0.012901443968276527,7.182553829476745e-08
1166,0.9535940125357143,0.977331669128439,0.00611811339360352,0.0161459239195411,0.0061185360956065825,1.253571424442157e-08
1167,0.9433763688285037,0.9714496514847281,0.00736716858517578,0.02387296960564003,0.007367868110541117,3.6882850373842757e-07
1168,0.4889395935486106,0.7150253120659202,0.016708153519482415,0.05772489277603688,0.01670900261869632,-4.064513893786703e-07
1169,0.7714756990774885,0.898489797049955,0.012958951309970698,0.03811348267083802,0.012959908849077637,-3.00922511575763e-07
1170,0.8730696921484106,0.9436079382690499,0.01074294710827149,0.0352234406020047,0.010744002484866856,-3.07851589442798e-07
1171,0.6583302692550159,0.8228556076876423,0.019536875598046833,0.05938582482798576,0.019541461111328786,2.6925501594998735e-07
1172,0.6671815218599989,0.855407287494061,0.02655448306777346,0.06841599903769047,0.026566569666789528,-4.781400011477643e-07
1173,0.8160177416185187,0.9076575915981685,0.011342848612636732,0.03262822117077244,0.011343634551819201,-2.5838148132173444e-07
1174,0.8830487096174383,0.9413392443176516,0.00872709016319337,0.02482839053334875,0.008727597616265372,-2.903825616629163e-07
1175,0.9346467342835043,0.9726761641788256,0.007596027515917965,0.020282906528777917,0.007597374000791336,-2.6571649569540057e-07
1176,0.9462108162701816,0.9779865961293212,0.008730574029384775,0.02373542560381993,0.00873134798017347,-1.837298184703684e-07
1177,0.9054836176938641,0.9699645713862821,0.007941726991210943,0.02385106827885514,0.00794359648010199,-3.8230613585987783e-07
1178,0.901943771992165,0.952859770547345,0.009821282807880855,0.027538891184778154,0.00982213422819275,-2.2800783494592025e-07
1179,0.8327788271962185,0.9133591925018328,0.012841138876699234,0.0385029003438367,0.012842259619155126,-1.7280378150630327e-07
1180,0.546163336726624,0.7411929216683191,0.01896907471845705,0.06716975108151374,0.018971484150064263,3.3672662402839393e-07
1181,0.9597660450734656,0.9812362990279908,0.007907557385644531,0.023069908707018957,0.007908689490028091,4.507346562654391e-08
1182,0.7773359294602167,0.8990335538561613,0.017430835653662075,0.04660372483576226,0.017432441116465896,-7.053978334781164e-08
1183,0.8875705239857216,0.9447227498185523,0.013774647310546888,0.03436641044838366,0.013776811235665355,-4.760142784387966e-07
1184,0.8798076211544494,0.9407181795785121,0.009025578682431645,0.02599012226737924,0.009026351706593405,-3.7884555059708447e-07
1185,0.8535298387107673,0.9298288570380968,0.01588361622949219,0.0458384284809973,0.01588609938250945,-1.6128923274738582e-07
1186,0.9521571969556246,0.9774830201837013,0.008967343002929687,0.024816363676911913,0.008968344461185456,1.9695562458732496e-07
1187,0.9196740689813816,0.9619429727311275,0.009984740760058603,0.028789052939063704,0.009985803368368058,6.898138160682521e-08
1188,0.6794213714463184,0.8379754635141715,0.02370921445722655,0.06858053450452005,0.023719911485008724,3.7144631837016107e-07
1189,0.8707489291705159,0.9342095480451993,0.01535890728310546,0.0402787414275857,0.015361101137136545,-7.08294840556789e-08
1190,0.9036098767344064,0.9632625815514776,0.012879842208984357,0.04089460670587045,0.012881777537613518,-1.2326559362119127e-07
1191,0.9516647139449547,0.9775655304403537,0.007594024322167969,0.01924309822141931,0.007595970452335291,-2.860550453176458e-07
1192,0.9320178210504132,0.9700415164520132,0.011567217743164056,0.028900266869643275,0.011568730786228013,-1.789495868154134e-07
1193,0.6903256321324178,0.8382585044633619,0.014062758301044908,0.050979126505716406,0.014063522575584976,-3.678675821738864e-07
1194,0.8157332167745317,0.9230238698890484,0.018549716051953144,0.048092629099114784,0.018559354526081623,2.1677453165835914e-07
1195,0.779786933181326,0.9062100970535159,0.011277083570986318,0.04261163242423243,0.011277858244024077,-6.681867403823816e-08
1196,0.8283439627963584,0.9139216095043595,0.018716264803808596,0.04768485639581742,0.018718597187814687,-3.7203641611860405e-08
1197,0.945060885452146,0.9728015629914267,0.006609884412597649,0.01655133888758424,0.0066107065253497065,-1.1454785409092949e-07
1198,0.884240508027954,0.9409853918605227,0.01283546875224609,0.041750933117032214,0.012837340481418972,-4.919720461016297e-07
1199,0.8599205619004886,0.9313208481742388,0.007472166013496093,0.030036211469928267,0.007472664959150723,-4.380995114461328e-07
1200,0.9014303344573559,0.9494976500976315,0.014140816799316398,0.03363290445981245,0.01414470984497809,3.344573559216357e-07
1201,0.9541539103084408,0.9785013263139658,0.007237069081347646,0.018203632677750322,0.007237871646954921,-8.96915591797054e-08
1202,0.91446561444815,0.9583892263895906,0.010018930503710931,0.02577195399110794,0.010020461273465096,-3.8555185000177516e-07
1203,0.8083346414978859,0.9054473532013052,0.015074105069042984,0.03794263685972237,0.015079030323670185,-3.5850211410615174e-07
1204,0.9341912554097908,0.9709245700389161,0.010550730989355465,0.028574833904031177,0.010554304984153374,2.5540979076144055e-07
1205,0.870404226984696,0.9336829048340676,0.009043308447929683,0.02731038613366679,0.009043735754676856,2.2698469603898985e-07
1206,0.8759338891141594,0.9364408375287466,0.008859156938085939,0.031039265517990293,0.008861654883518642,-1.1088584062068918e-07
1207,0.7942820059598896,0.9067612797783686,0.015095377600976543,0.0460677512677856,0.015100995071476563,5.959889581852451e-09
1208,0.8329054338217436,0.9165654873872822,0.011067129366503899,0.03420664545636533,0.01106890542329603,4.338217436394842e-07
1209,0.7659162696926209,0.8759633258956251,0.015911154650683587,0.049191980943877674,0.015914287215796286,2.696926209022621e-07
1210,0.9294008249543637,0.9652643078825592,0.009500311680468738,0.030209350572564807,0.009501353972348556,-1.7504563631920433e-07
1211,0.8090826889471238,0.9069820025605833,0.014471593955175797,0.041189069285054294,0.014476209765592983,-3.110528762340081e-07
1212,0.8505051454282475,0.9237590341543939,0.014473686958691412,0.0392825563188389,0.014478454189535984,1.4542824755547912e-07
1213,0.9369369637316991,0.9696620400401266,0.008520915359765624,0.02229263846790256,0.008523445502798247,-3.6268300918074203e-08
1214,0.906316350510722,0.9521729459482182,0.010319656557958991,0.030581682486015328,0.010320618331943478,3.505107220025394e-07
1215,0.8292459544161246,0.9339596416654968,0.015950376570312508,0.04833214509729558,0.0159525159622282,-4.5583875452059885e-08
1216,0.9129125432456422,0.9558098283555186,0.007213896547021493,0.02131684476733533,0.007214171239432659,-4.5675435778047557e-07
1217,0.9182809778395027,0.9585179790892308,0.0072780209495019515,0.022022744041852633,0.007278444073405163,-2.216049732606251e-08
1218,0.8829961871108942,0.9446874046318225,0.012957321092675798,0.03280323134593939,0.012959270894033358,1.871108942230748e-07
1219,0.9371191673292145,0.9703141539387159,0.008444307706435549,0.02384200315836095,0.008445088768711714,1.6732921448436855e-07
1220,0.8988910128249792,0.9481092156739537,0.014532931820996116,0.036612234936772396,0.014535037674696471,1.2824979189751673e-08
1221,0.9305930299255724,0.9704285565848043,0.006935270125595707,0.01638856035169875,0.006935921981923761,2.992557235348414e-08
1222,0.8823321454402172,0.9393396975477555,0.012855414537988302,0.0368089237279426,0.01285942593817808,1.454402172029745e-07
1223,0.9580503895243829,0.9788166089913833,0.007743269306640644,0.02019051390177046,0.007744116231844988,3.895243829710182e-07
1224,0.8805574858202613,0.9512988941614867,0.016569309741992198,0.04337234494634726,0.01657689628290279,4.858202612423312e-07
1225,0.8822826824694234,0.94769697458817,0.008699595589941416,0.026764959240436825,0.008700287670506702,-3.175305766101033e-07
1226,0.5159645781527384,0.7356217094869593,0.01797389001591795,0.06910750529831891,0.0179764800851451,-4.2184726156691e-07
1227,0.860498650518621,0.9429479264959296,0.013144345273437495,0.04747606751897399,0.01314590174557499,-3.494813790583251e-07
1228,0.9236981786811976,0.967153655960744,0.013664617930761706,0.03496007556509235,0.013671349577517259,1.7868119761565993e-07
1229,0.7630728572801756,0.8812673632545864,0.012285415779833983,0.0475931516260531,0.012286398461340919,-1.427198244030592e-07
1230,0.8990309475856657,0.9640381464931583,0.011236346525878906,0.027653410039470357,0.011237984093454648,-5.2414334317241185e-08
1231,0.6853573141680073,0.8350576028916668,0.015252688399052708,0.04736148313481937,0.015253654603821986,3.141680072760167e-07
1232,0.496621750677145,0.7376194529583917,0.015062419928320333,0.04945453044994885,0.015064108801711953,-2.4932285502821117e-07
1233,0.8238374305236593,0.9351911612173153,0.015498703751953138,0.046589934743274705,0.015500505950828572,4.305236592783146e-07
1234,0.9235140303123766,0.964679741726602,0.009484459683007804,0.023946196320855616,0.009487584512894212,3.0312376608776503e-08
1235,0.5530151724774307,0.7605971348561341,0.026952437066113277,0.07052854823501464,0.026964461544165357,1.7247743067105858e-07
1236,0.8024976884343762,0.9018696487845095,0.014648727104394531,0.04360201059196427,0.01465164006728418,-3.1156562385614706e-07
1237,0.8506009743202758,0.9403637777279094,0.01556353521855472,0.04615186231084373,0.015566812962021958,-2.5679724235949664e-08
1238,0.8305518138062896,0.9253952150921873,0.009856063761064451,0.034738799765989724,0.009856992703080785,-1.8619371033867793e-07
1239,0.8911379902366322,0.9489755407264882,0.015085126900292987,0.04204377142075988,0.015088474613350094,-9.763367780912802e-09
1240,0.9008083872960808,0.9519096101088055,0.005393635367089844,0.017147410053733488,0.005393701639070387,3.8729608076160105e-07
1241,0.7565739639455997,0.8862176280050711,0.01753566702187496,0.05091299384693093,0.01754265703040145,-3.605440024312401e-08
1242,0.9322525011566181,0.9658785543055767,0.00894312323737306,0.02624119444671054,0.008943974133174427,-4.988433819352878e-07
1243,0.878828959228411,0.9471860737936941,0.009545222030595702,0.03247998032718043,0.00954602334069138,-4.0771588993848695e-08
1244,0.8676918381998564,0.937931613802265,0.009715485285097662,0.035727985132900715,0.009716312190486348,-1.6180014361655282e-07
1245,0.8767835184116768,0.9452532598723982,0.013461711792187487,0.038890718031805924,0.013466921690354223,5.184116768086611e-07
1246,0.8525222416933865,0.9304183822427559,0.011298661822070306,0.032998754371520916,0.011300707028548615,2.4169338652679784e-07
1247,0.9093351115476045,0.9546754252519918,0.007535273067812503,0.020985307990668476,0.007535829656127567,1.1154760448661705e-07
1248,0.6746477672454887,0.8269599790109508,0.018425640099375012,0.05400853923731894,0.018427390048915776,-2.3275451133120129e-07
1249,0.9315901624976011,0.9687810489978632,0.0062472487565429745,0.02222947094722811,0.006248357275107808,1.6249760104170008e-07
1250,0.8665153263956744,0.939614709499332,0.0070418434599121065,0.021068277094227112,0.007042169029315789,3.2639567437708905e-07
1251,0.8813516183589803,0.9568169674189864,0.012698328209374972,0.0362361363927905,0.012699646499989798,-3.816410196755271e-07
1252,0.9277808008525247,0.9665957863066235,0.01109939624365233,0.027983196877621075,0.01110086740830735,-1.9914747528826382e-07
1253,0.9316605857082082,0.9654175649075406,0.011820845127734382,0.028294505970287178,0.01182227426927056,-4.142917917615563e-07
1254,0.9001399573942904,0.9589374983575847,0.008165284769726567,0.023825456096440437,0.0081657817815862,-4.260570962699717e-08
1255,0.9144075005073897,0.9674554066950238,0.011521864523437498,0.031822346790388256,0.011524231251352319,5.005073897557111e-07
1256,0.8268205208597981,0.9113250092521513,0.012817920985156252,0.03550757847584336,0.012819597039784587,-4.791402019588276e-07
1257,0.8365929433224413,0.9214432552870918,0.015102226162988243,0.04451837013647255,0.015106460404136882,-5.6677558757378677e-08
1258,0.8164107872546834,0.911586502118496,0.010822220631542971,0.03180983936927788,0.010822843455446957,-2.1274531658566076e-07
1259,0.844745241763532,0.9362190740689464,0.011510751533984384,0.03228466194636702,0.01151190944443037,2.417635320828282e-07
1260,0.9480501185504389,0.9739725820517554,0.007016090521806636,0.02053131530553706,0.007016555091357347,1.1855043891007e-07
1261,0.8710776383293425,0.9415816814557418,0.01425361210585941,0.034415189344107686,0.014256058646533582,-3.616706575337858e-07
1262,0.8408492882358374,0.9182360388846217,0.01770388720751952,0.047088465683438115,0.017711318412688942,2.882358374201033e-07
1263,0.7747869812644184,0.8844606263153932,0.01939749974990235,0.054091445685507854,0.019401506613073053,-1.8735581641671217e-08
1264,0.817986687899462,0.9092759548891268,0.01678265786962891,0.04995973924862269,0.016786283722020522,-3.1210053796915105e-07
1265,0.843891868405819,0.9207647677310193,0.013326427592773457,0.04102400402310651,0.013327733766792362,-1.3159418099650821e-07
1266,0.8835589913982493,0.9485060694656886,0.007316432692197259,0.021254251740515553,0.007316854878308996,-8.601750645098605e-09
1267,0.8869324640966898,0.9494372923849234,0.008204776522167967,0.025704910533985482,0.00820632146394194,4.640966897451193e-07
1268,0.5729134797539335,0.7716194242537758,0.014577295336230464,0.04814133939019019,0.014578207405740775,-5.202460665598707e-07
1269,0.22330947040505789,0.5810459171840812,0.020571882722929664,0.07716794519533704,0.02057260280002972,4.7040505787854237e-07
1270,0.6188484075806711,0.7961897509693593,0.016807388075195315,0.05000290481986457,0.01680955879774213,4.0758067110235885e-07
1271,0.938248453111973,0.9688548040561905,0.011157082366699189,0.02932360208871631,0.01116124852928609,4.5311197305331063e-07
1272,0.7563970608176992,0.914749025745521,0.01641130013291018,0.05661053653270357,0.01641904325519507,6.081769921006952e-08
1273,0.8953000331703543,0.9553845926176002,0.012938104624316433,0.03544260528163581,0.01293977408808973,3.3170354352130005e-08
1274,0.9300212220545552,0.9645446371423563,0.007546738084570311,0.022170361141906392,0.007547337194762926,2.220545551878672e-07
1275,0.8961760063691646,0.960071920945691,0.007969762613349604,0.02395113405493447,0.007970255080905188,6.369164640140923e-09
1276,0.816153124299172,0.9229372207348343,0.015308014984277366,0.04906289629743521,0.015309856048051641,1.2429917195522222e-07
1277,0.7573619591037511,0.8901235587561518,0.00928790056850586,0.02757898173712562,0.009288046544646662,-4.0896248831856497e-08
1278,0.8395141813023115,0.9298623155513981,0.010937410851464846,0.03528031049951381,0.010938913650361046,1.813023114971557e-07
1279,0.8222549624952951,0.9132497120594053,0.009214444033769538,0.03729221808119445,0.009215173840888682,-3.75047048972732e-08
1280,0.7861498070044032,0.8900438448572091,0.016863472446484343,0.04898905556496493,0.016865469021184198,-1.9299559683716438e-07
1281,0.7093844889292358,0.8823271289455134,0.020739117468945353,0.05651236655188627,0.02075447482145649,-5.110707642641543e-07
1282,0.8359509209927881,0.9232305731513168,0.010940902310683582,0.03060752906508577,0.010941707431387244,-7.900721188391913e-08
1283,0.9062624449583336,0.9519845557127927,0.006875679590468745,0.02214878687708838,0.006876107006873655,4.449583336230134e-07
1284,-0.18387686609697784,0.4738060562812632,0.019041652231582,0.07008740623964546,0.01904305196807482,1.3390302217031191e-07
1285,0.9381084221971303,0.9693576768555273,0.007799230038964848,0.020103706210244605,0.007802115349384953,4.221971302564853e-07
1286,0.8122897612614818,0.9131651710726078,0.016711949690136733,0.04575773743525306,0.0167184561036501,-2.3873851817679537e-07
1287,0.8983756735280621,0.9497071951590718,0.012106807253320301,0.03434635795562456,0.012110653976086575,-3.264719378170966e-07
1288,0.8595870088791038,0.9318129800499398,0.011928844779355454,0.034774159069238295,0.011929878104477381,8.8791037855529e-09
1289,0.8464808478824992,0.9321175483265906,0.009872166289843755,0.03472474699528133,0.009873381787065488,-1.5211750081789432e-07
1290,0.8538023531136876,0.9260877910393764,0.01105939369697268,0.03396255279192762,0.011062576682379905,3.5311368762336315e-07
1291,0.9294957790871641,0.9642187217153951,0.007689030365527357,0.022197268870674667,0.007690505400617942,-2.2091283591318955e-07
1292,0.7095772752562939,0.9022752372901465,0.015594853452539071,0.05079259129907838,0.015596503603171195,2.752562938690417e-07
1293,0.9269905068156288,0.9633642698282886,0.006341823619140624,0.018960121069528983,0.00634257095920269,-4.931843712308037e-07
1294,0.9210731354561547,0.9617437280854033,0.015844289834960945,0.036344650924180724,0.015848121861697925,1.3545615462629002e-07
1295,0.8165638082560887,0.9199832940844369,0.017353100100878937,0.04819765923293131,0.01735691011969069,-1.9174391130416524e-07
1296,0.8826731060188651,0.9395805065491706,0.01155617553457031,0.031689534628108834,0.011558537121705747,1.0601886502037416e-07
1297,0.8487610787442954,0.9256358710558239,0.015663856836328142,0.04523630084810825,0.01566616800656271,7.874429541754324e-08
1298,0.874644387939644,0.9586542156469144,0.017083723947265594,0.04304546634001022,0.01708633330374241,3.879396440753524e-07
1299,0.9355071680566421,0.9680036723082662,0.007986225888085927,0.024655281646875978,0.007987055094561378,1.6805664215802096e-07
1300,0.9255336391178002,0.9636686334587131,0.007959113322265628,0.022951047704701757,0.007960301835131122,-3.608821997902467e-07
1301,0.9204466695918708,0.9601072177250068,0.011763262614746093,0.03030287051729733,0.011767099723584046,-3.304081291899408e-07
1302,0.8516288383738682,0.9258138745432665,0.013636778560351543,0.04027378496250057,0.013638853249516332,-1.6162613181158747e-07
1303,0.9255625217470005,0.9631271179921834,0.009306156619335954,0.028621143042190145,0.009307264363425402,-4.782529995361884e-07
1304,0.9545791613190945,0.9834088210519536,0.007916596226689452,0.024159594039520553,0.007917290723197707,1.6131909452710147e-07
1305,0.5259535712872214,0.7755443398549917,0.010314071779521492,0.04256559524383307,0.010314638868464426,-4.287127786106737e-07
1306,0.8776519602365944,0.9462179579872538,0.012518466733564458,0.03475112623113163,0.012519571138267937,-3.9763405568216115e-08
1307,-0.7292721066492132,0.2761808262167137,0.02048106734605467,0.07744927674942591,0.020481521867891657,-1.0664921312741882e-07
1308,0.9293732856047536,0.9727281874642463,0.01330443550595703,0.034898676891774914,0.013306484329300884,2.8560475362482407e-07
1309,0.7783238339386054,0.8831162630336465,0.013382455469140613,0.04333114525373847,0.013384315828811397,-1.6606139463526404e-07
1310,0.902256641747515,0.9524368585198867,0.008078279572939464,0.022568337664370042,0.008078777979332189,-3.5825248501097917e-07
1311,0.9498390514368035,0.9760319136627189,0.009415181918847645,0.02262383344412377,0.009416217168836703,5.143680348318469e-08
1312,0.789151944022739,0.8911311199095245,0.016403611583691385,0.04861539102682756,0.016408688724057267,-5.597726093764521e-08
1313,0.9190367132854663,0.9592868640455419,0.011878976641015643,0.030409797951990728,0.011880718033499967,-2.867145336704624e-07
1314,0.8983078668987088,0.9572378069318632,0.006847511712714848,0.018975685146262373,0.0068477740707980446,-1.3310129121091308e-07
1315,0.6131228487882274,0.7860997459926697,0.0156761358455078,0.05445012741065398,0.01568050508496543,-1.5121177254773244e-07
1316,0.893148824866364,0.9593787791640422,0.012307857610253898,0.033324000324233556,0.012309359192053658,-1.751336359268052e-07
1317,0.9166639652477778,0.9627498876683034,0.008187285967675779,0.021576172038457655,0.008188463259067772,-3.475222221105412e-08
1318,0.9283186048325671,0.9742247400197873,0.0127000485616211,0.03393531007832265,0.012702294023619649,-3.9516743288725564e-07
1319,0.8038825416129702,0.925969677691487,0.0141148965493164,0.04086191187285484,0.014116912800210471,-4.5838702977807344e-07
1320,0.7066824364942748,0.8410739962430331,0.019676567461718725,0.05865310820864927,0.019681964437441545,4.3649427472480795e-07
1321,0.8886883897491359,0.9487103744284523,0.012148757294238283,0.03451230020002499,0.012153359501676987,3.897491358539895e-07
1322,0.9358846718284379,0.9704080156166613,0.009344405424414077,0.02678372889005002,0.009346677770955063,-3.281715620362391e-07
1323,0.7376791487685266,0.8808443365294115,0.015216178463085938,0.05045319672916786,0.01522061497859433,1.4876852660883344e-07
1324,0.9304919728318161,0.9656774064876256,0.011420855479394533,0.029242912740289964,0.011423087829479756,-2.716818392478615e-08
1325,0.7720687210313023,0.8819537656207503,0.01323561727419921,0.040703411108625104,0.01323665000663365,-2.789686976978345e-07
1326,0.911514829310106,0.9650770870628531,0.008474090662402347,0.02378694497810366,0.008475283098290558,-1.7068989399682266e-07
1327,0.6319067147256641,0.905685067291066,0.01862942127177733,0.051001398454391125,0.01863491207284498,-2.852743359316179e-07
1328,0.9140021770123113,0.962874318005862,0.010060852120117187,0.02826677497667225,0.010065195548919815,1.770123113642441e-07
1329,0.8190656404559421,0.9065162082082446,0.015655857890625,0.04109553512701544,0.015657651083115294,-3.5954405785965093e-07
1330,0.560845158604909,0.7709243975568242,0.02520277127890625,0.07295643708284828,0.025209282498771298,1.5860490898411683e-07
1331,0.7716955813806727,0.8998700803403595,0.014772433600283184,0.04327478382508875,0.014773382866363004,-4.186193273136851e-07
1332,0.9649613137888347,0.9825401605127934,0.00581866452753906,0.015336331559348671,0.005819406366840604,3.137888346937956e-07
1333,0.8053597448070757,0.9078631320101854,0.011312074645800776,0.03264781916928318,0.011314649005658463,-2.5519292423670237e-07
1334,0.944144218609631,0.9716809365140501,0.0059378392677343775,0.01888742415866878,0.00593823599694642,2.1860963106412612e-07
1335,0.7911239518817594,0.8920981823931835,0.010101379936425778,0.03552807780878203,0.010101971890663409,-4.811824061423664e-08
1336,0.9685087112268599,0.984850603909842,0.005178825800888668,0.014050330607774357,0.005179136181444468,-2.8877314006692245e-07
1337,0.7488141812796464,0.8867619631868227,0.019509163425000003,0.047668714843045835,0.019514710208170732,1.8127964640513028e-07
1338,0.7098265641858453,0.8613908784524477,0.008644943112109373,0.036906637804593065,0.00864865700456242,-4.3581415465343554e-07
1339,0.778523734287565,0.8930712632679052,0.017593801999511723,0.04976334531871374,0.017596631652259512,-2.657124349436657e-07
1340,0.7779418805124033,0.9229474855832324,0.009983470819609375,0.03017490516307655,0.009983991210790298,-1.194875967058806e-07
1341,0.8924957838663086,0.9549034395141037,0.008218382953271488,0.02151267336204493,0.008218850312359116,-2.1613369138862026e-07
1342,0.8495620223592981,0.9430228204744797,0.012637593714746086,0.04195686077488434,0.012638918146978708,2.2359298079699386e-08
1343,0.8097178252673728,0.9098990717342628,0.01211991286049804,0.037634513326950704,0.012120749508565691,-1.7473262725609118e-07
1344,0.8635441469403213,0.9396783679615552,0.008530259403613292,0.030086712927272396,0.008532463454965212,1.4694032135498247e-07
1345,0.7812119072506196,0.9176853008154324,0.01639524489902343,0.04521563432780991,0.016396523430563248,-9.27493803981605e-08
1346,0.91208399928032,0.9585950749553613,0.006948168652031258,0.02610214107899167,0.006948658314463016,-7.196799822750677e-10
1347,0.9055157858621083,0.9540794786627017,0.012262316233203114,0.03299271708510466,0.01226661275170546,-2.141378916409309e-07
1348,0.8642721408863466,0.9317416466600127,0.013530459973339872,0.038900512408002894,0.013535530556341067,1.4088634658904198e-07
1349,0.46972528529680124,0.724679948146032,0.025149181484277347,0.07503872491092871,0.025160652980790878,2.8529680123901e-07
1350,0.9094935784041289,0.9568938569019412,0.01204987849140626,0.03621095821092037,0.012051946597005942,-4.2159587110290886e-07
1351,0.38310365508208777,0.6314746133254115,0.020846706288671846,0.07198289285791425,0.020849546522316756,-3.449179122316792e-07
1352,0.6139029498604773,0.8995100319772992,0.016878827994531238,0.046870147489318226,0.016881164739374187,-5.013952264487642e-08
1353,0.7937304511595106,0.8946555506080971,0.012385133154785158,0.039616734780725436,0.012387226148825446,4.511595105283206e-07
1354,0.8675361498871096,0.9345736644527565,0.012818608783203143,0.035395721554130545,0.012820235601871748,1.4988710961283402e-07
1355,0.733644120015598,0.8776626631200153,0.022549453583203167,0.06651833671744184,0.022556051956961056,1.2001559801522177e-07
1356,0.905260627650558,0.9518712783163674,0.012512826772949213,0.032781371746713334,0.01251818988846673,-3.723494419460849e-07
1357,0.8963521628004792,0.9480106698225896,0.009452927464599605,0.030712280738875605,0.009453765585162352,1.6280047920869123e-07
1358,0.9401002761441453,0.971488083585085,0.006217165913759763,0.021971483751350142,0.006217717778244355,2.761441452170388e-07
1359,0.9721479661330739,0.9862254187776374,0.004811470002998049,0.013498866328000085,0.004811705123985675,-3.3866926152370525e-08
1360,0.8785027676068087,0.9476938991601924,0.013337248573046887,0.03541872795704464,0.013338744852086167,-2.3239319135726078e-07
1361,0.8935960618499366,0.9606206356951594,0.008047438534667982,0.023852490378885753,0.008048694250091672,6.184993661673133e-08
1362,-0.01957999669783228,0.3794697957912448,0.02614804636582031,0.07984037297684324,0.026153598157484227,3.3021677198208366e-09
1363,0.3261661711974073,0.6009416187154514,0.021447353801855477,0.07041118844488507,0.021450945279996345,1.7119740730597854e-07
1364,0.7038586015096839,0.8608754400079793,0.021852390628222668,0.06865418130402019,0.02186074198036379,-3.984903160780817e-07
1365,0.7672834586529996,0.8957378820290358,0.02136452286357422,0.052893916046004054,0.021373642182357662,4.5865299957981165e-07
1366,0.8108731508207407,0.9219559362959036,0.016221073575585932,0.04875908316238579,0.016228210677729154,1.508207407852069e-07
1367,0.8244827541230697,0.9106244375253434,0.01712168225195311,0.044060091540499474,0.01712840905435853,-2.45876930260458e-07
1368,0.9533368310482022,0.9773171663682654,0.008285460171513687,0.0203230959835033,0.00828618871369228,-1.6895179777431935e-07
1369,0.8739788359723542,0.9552650453642018,0.0126025709902344,0.03184929082799513,0.012603714066688552,-1.6402764579925844e-07
1370,0.9163635531120773,0.9597201764107081,0.006328060919892579,0.016880660612179747,0.00632821811213438,-4.468879226671163e-07
1371,0.8142641030681493,0.9124055262302624,0.011987517753076158,0.03896945482112064,0.011988321269709844,1.03068149348573e-07
1372,0.8157367901044739,0.9137067836617685,0.009644194969580052,0.0333490625267435,0.009645012198022197,-2.0989552618200236e-07
1373,0.9172882216858234,0.9585439079903229,0.006492899076552752,0.017576412191533792,0.006493103381011739,2.216858233650143e-07
1374,0.964082995130409,0.9855454391969627,0.004438684129003903,0.01233423965818361,0.00443947954078637,-4.8695910637164275e-09
1375,0.7828015572718346,0.8878192216017811,0.015514001477343721,0.04409433216626779,0.015519759575085943,-4.4272816535073645e-07
1376,0.8885371053880008,0.9507105808383847,0.013812381899023441,0.03848821793886643,0.013819612639589526,1.0538800077064536e-07
1377,0.9619574047091006,0.9812004636658447,0.006266289839160155,0.016750471539237026,0.006267057279179746,4.0470910067647026e-07
1378,0.83644816464418,0.9199056490101977,0.013522249767968748,0.046156163916257945,0.013523890551285103,1.646441800673415e-07
1379,0.9385015793781308,0.9734701293139281,0.006478427654453124,0.01895501389423641,0.006478873438523159,-4.2062186911273614e-07
1380,0.9235351013100429,0.9823222503276058,0.008605189603222657,0.021325391940314613,0.008606373881579355,1.0131004291036305e-07
1381,0.9609050704278714,0.980746808855405,0.006675041798046882,0.01816999745840478,0.006676048504102194,7.042787142363949e-08
1382,0.8288169682565023,0.9140974650650334,0.012484054202734353,0.035994344026990435,0.012485412196071435,-3.17434977192832e-08
1383,0.9675136713366235,0.984338278782288,0.005772270650605469,0.017309232167059332,0.005772771543370387,-3.28663376514271e-07
1384,0.9229677795918156,0.961828713954999,0.009764821263574213,0.030635116758239173,0.009768955491399545,-2.204081843704131e-07
1385,0.8412204566108821,0.9181879183741619,0.019602381054785137,0.05080000053324497,0.01960742753997715,4.5661088210469103e-07
1386,0.8884550098039425,0.9452473573635162,0.012468021238867191,0.031418933035661775,0.012471879255074692,9.803942546682265e-09
1387,0.9153354239156742,0.977425067056141,0.00862113529427734,0.022782790137703436,0.008621914065388968,4.2391567423027965e-07
1388,0.7834543541658323,0.8876897425755409,0.009119720779472661,0.03447416830424095,0.009120191692727351,3.541658323280572e-07
1389,0.9094312064197129,0.9581579806428779,0.013043003736132807,0.032221206915181586,0.013045465124487924,2.0641971287815863e-07
1390,0.8756991991350945,0.9380133724593678,0.01331082837382812,0.03479869727513001,0.013314684815171552,1.991350945251824e-07
1391,0.6711791535677621,0.8379343697087996,0.014957124627929703,0.042073155103869275,0.014959511560114477,1.5356776217334556e-07
1392,0.8724668309143286,0.9358241272917494,0.009190162009570313,0.023860273299929593,0.00919142066157544,-1.690856713532085e-07
1393,0.9354701677882652,0.9737674363174528,0.007697478360468749,0.020204256276233915,0.007698122077205901,1.6778826517072076e-07
1394,0.8276226507890458,0.9118229340230363,0.009839823666406245,0.03658043861604303,0.009840521265977457,-3.492109541536337e-07
1395,0.8156619615851712,0.9191185358053706,0.01539465306953124,0.04315624654665672,0.015401380031936897,-3.8414828762434183e-08
1396,0.10479000020187768,0.716805981344057,0.017707933621494136,0.058171383906573906,0.017709021949449233,2.018776812384715e-10
1397,0.8527982195352957,0.9375628643800873,0.010362559889013679,0.038536439625380156,0.01036339861617056,2.195352957201635e-07
1398,0.834548663800126,0.9176652075811103,0.017727500112890603,0.047393234141751985,0.017730906411506042,-3.361998739404015e-07
1399,0.1355342920863738,0.7547204931977669,0.02027100648317384,0.06484830733067166,0.020271811154472984,2.9208637380984115e-07
1400,0.7217143305872189,0.8528143870944332,0.02144895854267575,0.05529617981031204,0.021456294529163557,3.3058721893297616e-07
1401,0.7730752803190569,0.8903041819221016,0.017900068383007825,0.046799149983178766,0.017902139177152863,2.8031905696668247e-07
1402,0.8620254586045626,0.9518156260367053,0.015902068724023426,0.044883152400952746,0.015907277076730248,4.586045625476487e-07
1403,0.8336145650866974,0.9161400289383063,0.014421320349316404,0.040434918570981346,0.014425629143370361,-4.349133025938201e-07
1404,0.9353430479544264,0.9685469790583682,0.007024169383867194,0.02153341114313678,0.007024721014274777,4.795442631877478e-08
1405,0.8286131623642483,0.916621990889946,0.017477056778515642,0.04565396114048306,0.017480889283437873,1.6236424826843177e-07
1406,0.7140559468249079,0.8606672015107375,0.012514379299902314,0.03989147799323542,0.01251847890395139,-5.317509210733817e-08
1407,0.8096982322135138,0.9009753077096141,0.007285517791962896,0.025897062782802346,0.007285610379612427,2.3221351375113386e-07
1408,0.8986907658341601,0.9492077247821185,0.0077006743786132825,0.023365171565194152,0.007701373651711784,-2.3416583994073648e-07
1409,0.8880310388070796,0.9486446652410105,0.010019412383007818,0.03515481475973592,0.010020508705822254,3.880707954984075e-08
1410,0.8758587280407357,0.9436957915339166,0.01089622138876953,0.02862142303382832,0.01089825139733871,-2.719592643307678e-07
1411,0.9430466164166912,0.9720103816185255,0.008887750408496075,0.023451841047567982,0.008890609576970493,-3.835833087828533e-07
1412,0.9577093805731489,0.9805454974788381,0.008125076040527344,0.022572527554463897,0.008125908395201262,3.8057314888373384e-07
1413,0.8943631215573662,0.95099675247917,0.01264348388623045,0.03270479955638633,0.01264528578002126,1.2155736617280866e-07
1414,0.9065902462846758,0.9524117463597835,0.009755707559765615,0.0317527436348155,0.009756649502905794,2.4628467576448543e-07
1415,0.8542122805007081,0.9295770881660609,0.008486778589013665,0.026329786488909327,0.008487241215207338,2.8050070810525796e-07
1416,0.9633672506783325,0.9825737410606069,0.0063107476762695285,0.018137953017739586,0.006313225808058611,2.5067833253622496e-07
1417,0.9364525844302556,0.968149758080542,0.007096148205498042,0.018673251746101037,0.007096751044905855,-4.1556974439416194e-07
1418,0.805945010647357,0.9046948703552955,0.013206617436660172,0.04223647059978468,0.013207866364446794,1.0647356996074109e-08
1419,0.9441132139482804,0.9768930006291192,0.008098685628046895,0.021997184156721375,0.00809945705394946,2.1394828042531344e-07
1420,0.9222497270810729,0.9608648352292323,0.009158308436914064,0.0254359184150543,0.00915924739258089,-2.7291892712444366e-07
1421,0.8618268164760107,0.9298388151239152,0.009020414426269517,0.026048855081806408,0.009022299004987909,-1.8352398933885183e-07
1422,0.9308572359125051,0.965876335329305,0.010485968150878894,0.027445552812086535,0.010487131170579572,2.3591250508658845e-07
1423,0.4940516601833861,0.7155960147195137,0.01959563058242186,0.06452389758252429,0.019599846544693347,-3.398166139034764e-07
1424,0.9413115540630098,0.9721470799327168,0.009843992321191418,0.025496341976893135,0.009845190504504274,-4.4593699022321687e-07
1425,0.9005105651524818,0.9590068688668265,0.012452947593457027,0.036025136558712034,0.012454661846886301,-4.348475181048528e-07
1426,0.9237439412646395,0.9637335609219917,0.0070713327904394566,0.022102971212124237,0.0070717578430412546,-5.873536046419048e-08
1427,0.8796970952695151,0.9423594238556846,0.008473375356201183,0.022789986364784014,0.008473902384797751,9.526951516569682e-08
1428,0.9294612202744182,0.9658438807541719,0.010714131597363289,0.02712536367616857,0.010718580657247635,2.2027441826111271e-07
1429,0.5766095091980465,0.7724306629181292,0.01259769755966796,0.051797986204708935,0.012599228762838349,5.091980465055101e-07
1430,0.5959433888135945,0.7879351646397754,0.020222789565624993,0.0637460977306914,0.020231244315919585,3.8881359454290276e-07
1431,0.8579565024314135,0.9338434202692127,0.010486392796679692,0.027229832657340088,0.010488536914789643,-4.975685864438972e-07
1432,0.8651190146056299,0.9320042702330718,0.013615747242773453,0.035830123804944915,0.013617903989212069,1.4605629927721964e-08
1433,0.9279968634985627,0.9678551907743759,0.010282984020214842,0.02726139774238897,0.010286194024555129,-1.3650143726451347e-07
1434,0.9130827037599616,0.9571835068841712,0.010294620098105462,0.02903605186417136,0.010295576661883365,-2.962400383887953e-07
1435,0.8562317696740246,0.9501180304491791,0.013846382221777346,0.039507220263415875,0.013850223229394347,-2.3032597540328936e-07
1436,0.8936170336209204,0.9576697806872145,0.006067833993955076,0.019933160827758416,0.006068000005211858,3.3620920381061126e-08
1437,0.4057967488699481,0.6516360647840518,0.01834841681135741,0.06824141717185732,0.01834961569872927,-2.511300519203452e-07
1438,0.9100489798944644,0.9549051341196478,0.009513633707011712,0.02394402664464127,0.009514404862465405,-2.01055355697477e-08
1439,0.9153271500457949,0.9579673231949482,0.013050786144335962,0.03391314487054073,0.013055796014912432,1.5004579489996672e-07
1440,0.9074211776027593,0.9596583757080063,0.010899742438066415,0.03155333839108042,0.010900822592728536,1.7760275927702907e-07
1441,0.884554887165153,0.9470589642803042,0.012163218179589841,0.03820202766490997,0.012164592388046274,-1.1283484702140356e-07
1442,0.8115437158621294,0.9028460799028353,0.011181463084082023,0.03532676410071462,0.011183130100725426,-2.8413787067638197e-07
1443,0.9322875502350062,0.9707007017786827,0.011045196080468755,0.02671429252997154,0.011047721757587909,-4.497649938040027e-07
1444,0.8945586216896619,0.9467000970960858,0.01269684846826171,0.03141001156800454,0.012698191676628168,-3.7831033805613146e-07
1445,0.47881565137861193,0.7429998018870492,0.036587082158300754,0.091624452845837,0.03660531145698509,-3.486213880909972e-07
1446,0.9545543790473624,0.9773091968893405,0.00721013575999024,0.020586008158910766,0.007210700650966192,3.7904736238658643e-07
1447,0.878311571512285,0.9506807450696072,0.012081970029589847,0.03954181587504368,0.012083467464837,-4.284877149762778e-07
1448,0.5801952092451751,0.7993711796766729,0.020340915492285148,0.06979720629077799,0.020343871924784873,2.0924517507570073e-07
1449,0.8226121301852019,0.9144863329391982,0.012960794805957038,0.042002284358576045,0.012962254128932508,1.3018520184093774e-07
1450,0.8923856064903457,0.9461878399735603,0.014740006576171884,0.03801814638438415,0.014743739326799067,-3.935096543061789e-07
1451,0.7653155533850784,0.933884744644384,0.011301936895996083,0.036019104529311195,0.011303702520765383,-4.4661492160091854e-07
1452,0.925054912324466,0.9707822759713213,0.008121727868281253,0.02106540189716653,0.008122436558018684,-8.767553394406491e-08
1453,0.8898715981369757,0.9435778595151134,0.01186767635449218,0.033384533071435414,0.011870799056027781,-4.0186302430189613e-07
1454,0.5551010390429976,0.7526392838470752,0.020071754597753923,0.06860473430230266,0.02007974926157152,3.90429976127038e-08
1455,0.8791038366820688,0.956494308646889,0.019590213939160148,0.049641421660854085,0.019594937324275582,-1.633179311788524e-07
1456,0.938497298258628,0.9694605806810309,0.009258436273046866,0.02549440298757694,0.009261434807970472,2.982586280175781e-07
1457,0.90896597917074,0.9538355994354714,0.007691818564941419,0.02041045339900765,0.007693969475660095,-2.0829260094501478e-08
1458,0.9020597226356442,0.9541520862388798,0.008890964985996076,0.02530774754769209,0.008891770934157358,-2.773643558162675e-07
1459,0.9230884039741216,0.961748301237632,0.007578157921328123,0.02132821397156789,0.007578889933262816,4.0397412159887125e-07
1460,0.8177720864903575,0.9148875623610863,0.016878396105175764,0.04865669273873311,0.016883593243238366,8.649035743157896e-08
1461,0.7971113372798899,0.8950172175039851,0.018017607050292955,0.05645614056463308,0.01802751660671301,3.3727988990595037e-07
1462,0.8937980442096275,0.9586483317685481,0.008803931583105471,0.028276456390104298,0.008805344223598728,4.420962751439106e-08
1463,0.8673279959238054,0.931682213867689,0.009129586820898438,0.03258501709936088,0.009130335111938467,-4.076194604074601e-09
1464,0.9189801005274797,0.9589352508178328,0.011350389929951193,0.027850481097342533,0.011351506122867163,1.0052747967392861e-07
1465,0.905553713126535,0.9585553136073622,0.008758505121250013,0.026890110434795073,0.008759221297256514,-2.8687346498301736e-07
1466,0.8547717951773967,0.9295938760791636,0.01572249326308594,0.03951101379812974,0.015729281221813787,-2.0482260332244095e-07
1467,0.8468073826572324,0.9249711218849763,0.009236648377343741,0.03299649887467574,0.009239267521204944,3.826572324561184e-07
1468,0.6408540548931791,0.8138673719280374,0.02484104172109366,0.06731320305614814,0.024850671125043373,5.489317911333558e-08
1469,0.9022067456209429,0.9548275187363532,0.008025617810048813,0.028533785109019855,0.008026299096442405,-2.543790570408433e-07
1470,0.8636793157222513,0.9309291658905626,0.011744029146289072,0.03423968088038996,0.011747366226486712,3.157222513427982e-07
1471,0.9549875351437379,0.9783498504926833,0.007702418330468743,0.02323181677535021,0.007704396793370331,-4.648562620390706e-07
1472,0.9100833485482374,0.9545666857990316,0.011164149886523438,0.033704044670191134,0.011168241328177874,3.485482373832838e-07
1473,0.5938937968581528,0.7977812322924389,0.017721652402636696,0.05487179556616546,0.01772769091685571,-2.0314184723257966e-07
1474,0.8888860269443167,0.9438958195610913,0.013521665921777332,0.0362902017144736,0.013523353802669157,2.6944316777743893e-08
1475,0.757767194504115,0.8889847299728272,0.01177737681336914,0.03217174767613952,0.011778319504126803,1.9450411503640908e-07
1476,0.7035575111598822,0.8472262018536161,0.009377168118779306,0.04134760004545519,0.009377443172409747,5.111598821994079e-07
1477,0.8866760658794108,0.9476465396774185,0.01503871803652344,0.042701956542213454,0.01504073542329244,6.587941081548365e-08
1478,0.9504288462504802,0.9780030993255351,0.008878780208789051,0.027939113448889323,0.008879867687113274,-1.537495197823091e-07
1479,0.3540801253730622,0.6369639639264161,0.023354709053339848,0.08307158105599438,0.02335568913442903,1.2537306220972155e-07
1480,0.8405898800077511,0.9283045357224874,0.018148411915429666,0.04635679096977775,0.018158863839675667,-1.1999224880376858e-07
1481,0.926193708369468,0.9721639490467942,0.00804967140725587,0.026044273022393642,0.00805044149026961,-2.9163053194558586e-07
1482,0.9333548994358047,0.9668933862130392,0.008814313570156251,0.02589529286775811,0.008815162085306938,-1.0056419530446448e-07
1483,0.6513052838527801,0.8237590842293626,0.018569291851367166,0.05946663692892391,0.018575932730600014,2.8385278005860215e-07
1484,0.889615096954274,0.9652662144248274,0.011129380379521478,0.031321347613009434,0.011130416485282568,9.695427394262879e-08
1485,0.6737582660894053,0.839571474525335,0.019053704829101528,0.05684573396820229,0.019055654634172744,2.6608940528749514e-07
1486,0.7861796848135282,0.9057425386998949,0.01062377925224608,0.03542848624808379,0.010625255328654219,-3.151864718109465e-07
1487,0.9077179237126161,0.9572457231812859,0.013430004637011704,0.03503598616535518,0.013431894213055377,-7.628738396547874e-08
1488,0.8616599551122988,0.9577738944298009,0.009671421332519544,0.03157792302560718,0.009674238793975925,-4.4887701222684484e-08
1489,0.7773170087507033,0.9001209629672952,0.015404860837207029,0.04097106461129365,0.015407074154311032,8.750703273108229e-09
1490,0.8705093106939048,0.9334234986651645,0.008494574359082052,0.0313699572641503,0.008496644305620136,3.106939048258539e-07
1491,0.7641021554480638,0.8804539695402089,0.019319678392675736,0.054518801219156,0.019327330794182924,1.5544806386547094e-07
1492,0.939636508737474,0.9740596951699363,0.00729892666234374,0.020128227373832568,0.007299490805753504,-4.912625259922976e-07
1493,0.824319234760903,0.9207721336017425,0.010692864888691417,0.03877410681497085,0.010693611120742384,2.347609029396125e-07
1494,0.7783360862668309,0.908441758206707,0.01652418458310547,0.04722954179289004,0.016528396808669688,8.626683090096066e-08
1495,0.9235483900448799,0.9620372687960013,0.005121690102392578,0.01639835236539183,0.005121807913910905,3.900448798388467e-07
1496,0.803291010180676,0.907572570073573,0.012722761631054668,0.04104125892467177,0.012724474030964727,1.0180675968918251e-08
1497,0.9075061193018958,0.9538552347490892,0.007180399446142582,0.01987059513229909,0.00718063127361312,1.193018958067782e-07
1498,0.8348962680276918,0.9313315237098093,0.01303668930292969,0.036561681640665235,0.013040956363840337,2.6802769181877295e-07
1499,0.9184249174075779,0.9587085992084732,0.007663500832226558,0.02645027897865782,0.007664549194630583,-8.259242212371731e-08
1500,0.8319146960595929,0.9159530961525215,0.010845394333496076,0.036260250906543355,0.010846400323568086,-3.0394040706482883e-07
1501,0.9233032253742884,0.9740855601887952,0.009327848248535154,0.029172098143418812,0.009331070443516531,2.2537428845392782e-07
1502,0.926879697657971,0.9675910335044602,0.007809363001660158,0.02596034051134345,0.0078103858294813824,-3.023420290793055e-07
1503,0.8383684693378174,0.9292631092430854,0.01330808950019531,0.03854210897071057,0.013309728044843237,4.6933781738811575e-07
1504,0.9178614656044555,0.9625377898146894,0.007840139318164067,0.0237753846550578,0.007840916763879406,4.656044554351979e-07
1505,0.9261306617326606,0.9704297878034203,0.008998209129179681,0.025181660697628224,0.008999024062530765,-3.3826733947250887e-07
1506,0.6064947413938058,0.8121382714510336,0.015828702594375025,0.04718220434911433,0.015829893538844238,-2.5860619423667686e-07
1507,0.9376712143483594,0.9720526730157595,0.010059277711132806,0.026884783065056945,0.0100606677332295,2.1434835939526664e-07
1508,0.9076612004213412,0.9582512442353018,0.008750897229208984,0.025921206387989313,0.008751533833720692,2.0042134118991584e-07
1509,0.9383695837866408,0.969417238647327,0.007355438989726562,0.024602533955740618,0.007356006760018811,-4.1621335922226166e-07
1510,0.9097476233449036,0.9546949376382021,0.009133130957910152,0.02577213899913708,0.00913461704409359,-3.766550964456883e-07
1511,0.8778381543847465,0.9511125933691976,0.010073124539062518,0.03315458807762313,0.010074644817069916,1.5438474654239087e-07
1512,0.8407207296932933,0.9295150248908738,0.009355481546484376,0.02915006600486475,0.009357485960214244,-2.7030670679550894e-07
1513,0.8308112969633497,0.9268192535181248,0.016887933579199224,0.049876154234388924,0.016892588385985265,2.969633496885393e-07
1514,0.7334110272743608,0.861593414025396,0.018622957567089846,0.04904014357304987,0.01862770732323733,2.727436076987999e-08
1515,0.7530186273380085,0.889757245345762,0.00892062829580079,0.030639132491483447,0.008922254942435011,-3.7266199148788814e-07
1516,0.9780729332232128,0.9889936951415016,0.0059879482036132746,0.016098338833845805,0.00598857272012282,-6.677678721089819e-08
1517,0.8929304445027308,0.9571991807605671,0.012380830757128895,0.037369102214488636,0.012382845900607368,4.4450273084528646e-07
1518,0.8914332270495691,0.9471951204507844,0.0129163871243164,0.03475217067619356,0.01291781553114548,2.2704956903485396e-07
1519,0.8504853218074204,0.9436997634687146,0.01583212416123046,0.04405632337331941,0.015833898100920465,3.218074203781285e-07
1520,0.6742687085716843,0.8319745671234048,0.012066444268437518,0.04024124808170587,0.012067500907988322,-2.9142831570183603e-07
1521,0.024735921984698317,0.51636277948179,0.018318136200380825,0.06585892901617145,0.018318728646200783,-7.801530168410897e-08
1522,0.897954478929808,0.9520850002177079,0.007418723406123049,0.02247009353735286,0.007419449985292269,4.789298079233006e-07
1523,0.9459585989953297,0.9739033829943741,0.010574577075195313,0.02567613456103046,0.010575798349352258,-4.010046702473957e-07
1524,0.46701016098547443,0.7033211969975607,0.01905712683906249,0.05987081831814162,0.01906179509746219,1.609854744510919e-07
1525,0.8179913188189529,0.912414501682136,0.01197947338698245,0.03475826643304161,0.011980163033453584,3.1881895290464257e-07
1526,0.36519225494494123,0.7210309942622947,0.014336519762988288,0.05105827036018111,0.014338078640478508,2.5494494121369726e-07
1527,0.7236431671476415,0.8520676742346774,0.010298311973925795,0.038924504857302325,0.010298524703753573,1.67147641505494e-07
1528,0.8154254063953714,0.920947673437553,0.011268675798632838,0.03220394554907798,0.011272023545665009,4.0639537146613947e-07
1529,-1.719430396727311,0.4212107357787091,0.03522829603203126,0.09933963647257314,0.03523578616299676,-3.967273110028202e-07
1530,0.9493749861018149,0.9757700256533137,0.009052962873046865,0.023579088389676102,0.009054085307096978,-1.3898185047267475e-08
1531,0.8345019723098618,0.9197353644043037,0.009539120309375005,0.026592733199729705,0.00954061042487919,-2.7690138182379087e-08
1532,0.9427864983607382,0.9712607429444974,0.010539806346484375,0.02947926604715019,0.010541330344561077,-5.016392617962495e-07
1533,0.9666634781077871,0.9836398431502457,0.008069807489257796,0.020330130347259723,0.008073025633007462,4.781077870275041e-07
1534,0.7456139547006275,0.9226106439118918,0.01111004302688477,0.03522073234759391,0.011110603626056766,-4.5299372475327004e-08
1535,0.8726630003822315,0.9388368033687842,0.007652116060839843,0.02470528366817986,0.0076538925400138295,3.8223157972083754e-10
1536,0.6770262334719989,0.8245999944380813,0.017305070039062526,0.05413535312812231,0.017308057972380442,2.3347199884504732e-07
1537,0.7922609784238398,0.8996054142086464,0.014583422599609387,0.04048464437721976,0.014587292263986924,-2.1576160191827398e-08
1538,-0.19624459783506532,0.19836739446018134,0.021211463196582046,0.07795469067977372,0.021214752970446647,-5.978350653135234e-07
1539,0.9078893806185703,0.9598173596179311,0.008160396527861337,0.030753273076118297,0.008161160702713985,3.806185703281173e-07
1540,0.8652225711308023,0.9313630860207172,0.013606400569042967,0.03530315541162083,0.013608737000024426,-4.2886919771056853e-07
1541,0.9048863730408828,0.9519011846529132,0.012957377918652382,0.03628056749915301,0.012958980449500931,3.730408828506171e-07
1542,0.7556319598132243,0.8967024366355931,0.018223571581347662,0.05543599546146315,0.01823183289156575,-4.018677568495832e-08
1543,0.6680721371132528,0.8211986608821186,0.0166100265841797,0.05593399829561374,0.01661542385372568,1.3711325275167496e-07
1544,0.7821244663195327,0.9302049964938239,0.024817705752832063,0.06615508615370584,0.024827964484029925,4.663195326548575e-07
1545,0.8662849564184022,0.9317572166086645,0.008580846649257807,0.025526358581939117,0.008581297083601237,-4.358159777506643e-08
1546,0.9475035883743077,0.9736554703306247,0.007022700350976561,0.021425635846173945,0.007024631228221377,-4.116256923092365e-07
1547,0.9265286720557542,0.9648601530020552,0.009474489361171895,0.026601741283888928,0.009475422219805832,-3.2794424587034854e-07
1548,0.5521401028046093,0.7809662877429314,0.021132913921484364,0.0771669299186091,0.021137527472211794,1.0280460938094649e-07
1549,0.7389223292381112,0.8694764026089502,0.013662476285869179,0.044376176630087014,0.013663547159819326,3.2923811121854385e-07
1550,0.8023208149397828,0.9118875891882133,0.01604386050351565,0.05251558534810211,0.01604574852651602,-1.8506021715047893e-07
1551,0.8396596519550033,0.9328578592201007,0.011321842290751958,0.03672085178075484,0.01132272591866042,-3.48044996711927e-07
1552,0.2557782702775754,0.5685428254882618,0.019127012608818356,0.0713790137239385,0.019128333049699627,2.7027757537601005e-07
1553,0.9247200587464207,0.9636102362681759,0.007481377400771477,0.022974356943351516,0.007481942233016349,5.87464207280064e-08
1554,0.9212164814822725,0.9667711972123436,0.008935584189345716,0.024947134955349223,0.008936392135707818,4.814822724963363e-07
1555,0.86790065750742,0.932130406325839,0.013233842375781233,0.03615794815971155,0.013235573068580581,-3.4249258007434946e-07
1556,0.8366125982306248,0.946045153239367,0.009822540595546868,0.0320648403510407,0.009823259653045376,-4.0176937521341216e-07
1557,0.8866974836575738,0.9507996510917834,0.011332951563085938,0.03862566305491297,0.011337320342793432,4.836575738798032e-07
1558,0.9391584330692603,0.9709742107378341,0.00677689447949218,0.021183512881695548,0.006778697739852628,4.3306926023056747e-07
1559,0.7288089953468759,0.8659698675944378,0.010769181859570317,0.03563719963785318,0.0107701757193231,-4.6531241082448105e-09
1560,0.9365958139776862,0.9688024986912104,0.012519781854980459,0.03081941935762103,0.012522512863513585,-1.860223137750694e-07
1561,0.6632847706567102,0.84352194562991,0.010654668909570317,0.044951927099168544,0.010656857181164098,-2.2934328980372953e-07
1562,0.9300510429242007,0.9647340587558026,0.0059874518096484355,0.01877209410444641,0.005987703000794931,4.292420074936132e-08
1563,0.8757976777862807,0.944259925404598,0.012254108400683581,0.03892732937070986,0.012257824417767602,-3.2221371926155484e-07
1564,0.8324397116262177,0.9227524029474404,0.007122143450703121,0.023009411170294793,0.0071222720529401035,-2.8837378229784605e-07
1565,0.7573834139432004,0.8760191816999953,0.013889068740126955,0.045307227574861705,0.013889980788073556,4.139432003835708e-07
1566,0.8908725245963109,0.9440899232882268,0.008819722175488277,0.024665855251669595,0.008820609759930102,-4.754036890819435e-07
1567,0.7568154587185589,0.8740475659585417,0.017319407007226558,0.04812733053242875,0.017321572926151916,4.587185589155496e-07
1568,0.8819270971543773,0.9399259503244733,0.012382798168857428,0.03347648829902227,0.012383879630403051,9.715437732094045e-08
1569,0.2800906501186723,0.8388100791089358,0.014554291100195302,0.044153935805706875,0.014554494411054459,-3.498813276880952e-07
1570,0.8222642387335509,0.9332563437613854,0.01401787300576171,0.036760795177519616,0.014020987843924571,2.387335509279609e-07
1571,0.8906428719930005,0.9534133075904193,0.011051046569453132,0.03377765437780078,0.011052046088539703,-1.280069994447075e-07
1572,0.8153910968259055,0.9061225028975897,0.009479853195712892,0.029436709045164274,0.009480268297223711,9.682590551562953e-08
1573,0.9005371295920839,0.9500639551568812,0.0076438265190136735,0.021123777196874076,0.007644137387658859,1.2959208384177856e-07
1574,0.9344351222098414,0.9668029724296412,0.008098901874121111,0.022531621866774154,0.008099562557544815,1.22209841357801e-07
1575,0.8074163908925305,0.918253195587732,0.014213044905166032,0.039101410976384074,0.014214415150479888,3.9089253045521133e-07
1576,0.7237347008043724,0.8539480105164317,0.011682883858691422,0.03617578360372575,0.011685776493870098,-2.9919562760660767e-07
1577,0.8260164402380273,0.9527600641395373,0.018250681945410165,0.0557047268877876,0.01825611607369994,4.4023802736603557e-07
1578,0.8264876786028957,0.9250066683252579,0.02006314353789063,0.0552146897319719,0.02006645353552093,-3.213971042637098e-07
1579,0.7664631221399415,0.8772150973257853,0.01860631881035159,0.05251176872446822,0.018614163187279143,1.22139941494126e-07
1580,0.8355387401018006,0.9148448022837501,0.015912775394433577,0.04453899978211954,0.01591503103178171,-2.598981994061944e-07
1581,0.8439388134214657,0.9477415390590824,0.0094228300196289,0.03175584602106333,0.009424648486705111,-1.8657853428916127e-07
1582,0.8477885622912206,0.9220269188688406,0.012886110361718744,0.04002030766246221,0.012888062873601551,-4.377087794438239e-07
1583,0.880146881127775,0.9388010874680079,0.014397806244238271,0.0408712349659759,0.014400482759725393,-1.1887222506334894e-07
1584,0.7911158407908994,0.9214168671101977,0.007914299773515626,0.032835409760784605,0.00791477714158505,-1.5920910068079053e-07
1585,0.703285025179548,0.8559050221194487,0.015021245939541022,0.04108663219695612,0.015022657589680995,2.517954800218547e-08
1586,0.9464765357457233,0.9760331771101552,0.008542379575683608,0.024112215076211415,0.00854328686335088,-4.6425427668861374e-07
1587,0.8391481896226842,0.9232187409939236,0.01634103417529296,0.042792353508624606,0.016346857586378275,1.8962268422129114e-07
1588,0.8213845962369295,0.9215131572716033,0.014091539361718771,0.037635968576533715,0.014094426403417213,-4.0376307053335836e-07
1589,0.8683724097749443,0.9494370305833142,0.015475098717968748,0.04668116439951906,0.015477244148789062,4.0977494430993744e-07
1590,0.83850870427934,0.9164307030713272,0.007450765872666026,0.023110548965881276,0.007450901337503243,-2.957206599596418e-07
1591,0.8866046774031234,0.9489318886216962,0.009373306993652353,0.026627956451869432,0.009374346741821745,-3.225968765452336e-07
1592,0.917332538023693,0.968571382026013,0.0075064618058691334,0.016838822063999573,0.007506719157220656,-4.6197630698685543e-07
1593,0.860545852726283,0.9356150172021672,0.009855708832197267,0.028955029090966148,0.009856279720140445,-1.472737169994076e-07
1594,0.8984296466158357,0.9503983241801952,0.008303665802128912,0.02266190127443088,0.008303983288072844,-3.533841642644475e-07
1595,0.8961384654263465,0.9741141222613591,0.013843958602343729,0.03954014162661602,0.013846513964033929,4.654263464631825e-07
1596,0.9232339919613753,0.9771981876449136,0.007019306504003902,0.019173829191937213,0.007019742278372956,-8.038624654815862e-09
1597,0.9089493119137289,0.9554858276082322,0.009136271309667971,0.02730077291843821,0.00913682865548501,3.1191372884542545e-07
1598,0.8669010205451851,0.9696936856778574,0.012480934976269523,0.03182501105090204,0.012482697815310015,2.054518510874459e-08
1599,0.5443689018058657,0.7588577220873636,0.01906853483339844,0.05476531723529682,0.019071314773132,-9.819413426814805e-08
1600,0.9694705091589204,0.9847413756119109,0.005117512675996097,0.01262845721320922,0.005117798762021631,-4.908410795589901e-07
1601,0.887520819202653,0.9522252323748114,0.010280150771777349,0.026210770712906322,0.010281446440685947,-1.807973469825086e-07
1602,0.9086924900614853,0.9583192182358253,0.011339955410644519,0.02893065461215481,0.011341712441515849,4.900614852809682e-07
1603,0.9488365321993045,0.9753371051995265,0.008803229859667961,0.027351132070068538,0.008804474620441744,-4.678006955138869e-07
1604,0.901686735398555,0.959365037077889,0.009631855379003906,0.029350204626991713,0.009633189578650506,-2.6460144497697513e-07
1605,0.749732799423936,0.8956317934079282,0.020098549166308606,0.05893446855984454,0.02010264428401676,-2.0057606398005134e-07
1606,0.904709286355405,0.952170085333019,0.009227039045712893,0.027594236217996934,0.0092277740144746,2.863554050547279e-07
1607,0.9253979323156427,0.9688534183381609,0.00963498237011719,0.030874710349316183,0.009637418107076027,-6.768435734105793e-08
1608,0.8850942854124452,0.943033258990437,0.006676956015693356,0.02305215224711606,0.006677107994416754,2.854124451223683e-07
1609,0.9151682912227601,0.957796318844043,0.007202547160693359,0.019591151655694007,0.007202822895702097,2.9122276012927273e-07
1610,0.9513142617544056,0.9808989325174309,0.00556386379172852,0.016884434107532112,0.005564196696003224,2.6175440559494945e-07
1611,0.7504167843343006,0.8692611895145812,0.012177326976562508,0.03963230732561799,0.012181212138848678,-2.1566569941011693e-07
1612,0.9316867757328309,0.9662962284380696,0.009852467195800773,0.02700101155524207,0.009853589798535416,-2.242671691687903e-07
1613,0.8299758349997834,0.9519381553683138,0.012375764255859373,0.0352579381873399,0.012377915720804801,-1.6500021660093012e-07
1614,0.7757138821787251,0.885993316544105,0.010760206737871094,0.030077127670694283,0.01076056022302766,-1.1782127495862937e-07
1615,0.9350659008651538,0.9769094071664639,0.011461309191992187,0.03237068683652143,0.011462820850345544,-9.913484610990508e-08
1616,0.8655347708476306,0.9303654744464974,0.006957554607666007,0.023950954442638103,0.006957701132468505,-2.2915236941312145e-07
1617,0.6333557284685023,0.8023466218957933,0.020672774737304694,0.058707739426520085,0.020676800921912528,-2.7153149773084806e-07
1618,0.9120108279981766,0.9575666373230177,0.00994866251953125,0.026636673481033154,0.009950489590618018,-1.7200182345078474e-07
1619,0.911604458050472,0.9552989480777818,0.012606641808203138,0.03487781723335401,0.012608279226513867,4.5805047199642956e-07
1620,0.831264976244925,0.912874976220324,0.007242220460458996,0.031955650873943794,0.007242596385903461,-2.3755075018172533e-08
1621,0.9559750211522738,0.9782522598424875,0.0058948087792968715,0.015962428861319426,0.005895070500442802,2.1152273821378742e-08
1622,0.8664925276955466,0.9353208522960242,0.01615554348964846,0.043304583195970366,0.016157854137116193,-4.7230445332502313e-07
1623,0.6436140790237624,0.884327002425807,0.01148310881249999,0.03718791708051106,0.011486116611791808,7.902376242263642e-08
1624,0.701704471967844,0.8530326867620176,0.014676511506738278,0.04371732733875618,0.014677670012003237,-5.280321559997248e-07
1625,0.8501503756915315,0.9286298499393683,0.017439076400585937,0.04960443484057954,0.0174412087488146,3.7569153155114776e-07
1626,0.9520930284484111,0.9763469630412627,0.008508597763964853,0.022703060740599017,0.008509769171985338,2.8448411182324662e-08
1627,0.7381916368684809,0.8984151112862273,0.014561156395410184,0.0370069187885614,0.014564434985174592,-3.6313151907663155e-07
1628,0.8850470465621603,0.9500100274831264,0.015490948785253929,0.03807601159163581,0.015494933941259722,4.65621602385724e-08
1629,0.9100442175429004,0.9711173351115163,0.009079325176982431,0.025620902734007533,0.009080027888694362,2.1754290047137914e-07
1630,0.9184057051402835,0.9631724023404075,0.012631715752929694,0.0300595754310432,0.012633288390148337,-2.9485971642095876e-07
1631,0.9212723615544554,0.9600518616880163,0.005807895548701179,0.017538222216633276,0.00580812464204631,3.615544553747796e-07
1632,0.9548268997080337,0.9779190905153823,0.008517911756640616,0.021583677839166177,0.008521557925907565,-1.0029196628735804e-07
1633,0.8957320284081886,0.9499681294809554,0.014904936938867196,0.03923938036204176,0.014907123779639285,2.840818857929861e-08
1634,0.9103907445681669,0.9588246985005353,0.008603245037197262,0.029718772360157474,0.008603954642505712,-2.5543183301834915e-07
1635,0.7830293839212105,0.8980657155762627,0.01499078513945313,0.038854286286496065,0.014993287591119868,3.839212104894685e-07
1636,0.9059153270050497,0.9550416222536504,0.011531026804003919,0.03411263875103416,0.011532260645183251,3.270050497050647e-07
1637,0.8956519689325801,0.9487996679937994,0.007211310330468755,0.023363758178044914,0.00721177530167626,-3.106741985892114e-08
1638,0.8856057865293729,0.9430152469181042,0.008431596333203133,0.02619668075453241,0.008432149889424397,-2.1347062706400521e-07
1639,0.8938083929175004,0.959812687796515,0.009468675674208978,0.025482452850025795,0.009469501394844655,3.92917500313672e-07
1640,0.9489165551282496,0.9741620956776366,0.009994123614746095,0.022854207263130328,0.009996156785054621,-4.4487175043794736e-07
1641,0.9158152424101033,0.9650159395545277,0.011162978878515624,0.033764394760901435,0.011165352434816528,2.424101032127979e-07
1642,0.8543469366908429,0.9278159753410834,0.012449609344238288,0.04177575706269363,0.012450883644865981,-6.330915702790207e-08
1643,0.8959717921845736,0.9579517100821301,0.008213181157197269,0.026212545117457717,0.008213690460380443,-2.0781542642289708e-07
1644,0.9089644155043167,0.9693025562379723,0.011237993056933598,0.03026416632951013,0.01123927912605866,4.1550431673087473e-07
1645,0.38433474121822786,0.6423957985332646,0.017642835921093773,0.06837624752441915,0.01765058856086642,-2.5878177212224074e-07
1646,0.7954210994361526,0.8973342825606003,0.012665000770595694,0.04498060544466721,0.012665997233856535,9.943615253416027e-08
1647,0.9155039746180955,0.9589372883149085,0.008068023338583988,0.028456976046166548,0.008068745502441325,-2.538190446710331e-08
1648,0.9337975473293993,0.9667305353904597,0.008963536816601586,0.02630169473651881,0.008964452730873113,-4.5267060067022413e-07
1649,0.8160004714160837,0.9063551021601639,0.010558447166113283,0.03354890757408659,0.010559637807514632,4.7141608372491817e-07
1650,0.903756323219799,0.9601044417784028,0.009577691730371074,0.026373132388213788,0.009580066551270595,3.2321979903660036e-07
1651,0.9371750766730556,0.9712281556595891,0.008851704833398439,0.022625023496647922,0.008854145610562759,7.667305557124138e-08
1652,0.9076529532081921,0.9655343680728836,0.007545062038388662,0.023849314528961198,0.007545617656775659,-4.6791807983836975e-08
1653,0.7754573783999377,0.882543267831531,0.017579667374707023,0.05673750871409016,0.01758178377137943,3.783999377171554e-07
1654,0.8958004432971479,0.946609103599477,0.012665623121289073,0.03392617924030766,0.01266689424412647,4.432971478784964e-07
1655,0.4755274905100024,0.698683904589632,0.013383969463701184,0.05856244887306052,0.013385093710381546,4.905100024488185e-07
1656,0.8641987077097304,0.941169129817834,0.008650382071865227,0.023951298963655242,0.008650844910926804,-2.922902696544938e-07
1657,0.8399545172034557,0.9166942260838122,0.011307452612792951,0.03138985305075313,0.011309070730465765,5.172034557299199e-07
1658,0.1467792380377857,0.7158060357218564,0.01886624958288085,0.06257111715061975,0.018866999037438294,2.3803778570474776e-07
1659,-0.7827214122185737,0.28009354711745005,0.0268141395502051,0.08178947452980233,0.02681647307169031,-4.1221857371986914e-07
1660,0.8242240775329126,0.9154416207426821,0.014710586471679696,0.043903520147263786,0.014714414934372188,7.753291264567252e-08
1661,0.8428012172703532,0.9199113266088945,0.014578640070996091,0.03942372253609775,0.014581616205110464,2.1727035315333154e-07
1662,0.5940626691140939,0.7924244560980969,0.017767591770898452,0.050662484759039055,0.017771056000133525,-3.3088590611907165e-07
1663,0.9235683671551903,0.9727687330420275,0.011783803780273426,0.03464820351276924,0.011785331629487339,3.6715519036167876e-07
1664,0.9130172532465795,0.9590609388835214,0.00701528575346679,0.023928450210924136,0.0070156581630532655,2.532465794846672e-07
1665,0.8878386485371428,0.9434126806997325,0.0076031246837890655,0.020831834042277394,0.007606469414211527,-3.514628572620637e-07
1666,0.7229301206990697,0.9123097300236164,0.019335430937597615,0.05916963190479253,0.019344236852048183,1.2069906973888322e-07
1667,0.7268219601710759,0.8619124242464588,0.010005224657246098,0.04023479300447509,0.010005624664810465,-3.982892404774674e-08
1668,0.9582996569002519,0.9799579575450784,0.007035674167187492,0.020189618068604812,0.007036400085846028,-3.430997481679299e-07
1669,0.6108808747433311,0.8142248331022426,0.013789756666503904,0.05559728049446701,0.013791199596965014,-1.2525666892582166e-07
1670,0.836639202012837,0.9280205602573862,0.008400570803984379,0.020948054964646207,0.008400711660480939,2.020128370139318e-07
1671,0.9407636175465376,0.9802254200630007,0.0078740712211914,0.020788650089839752,0.007875733338007106,-3.824534624552456e-07
1672,0.9064254363266727,0.9567704011329031,0.014725732298925782,0.0373702227431812,0.0147343073490153,4.36326672681453e-07
1673,0.6281625191072064,0.8604194838018376,0.014416210031542974,0.04572826172670464,0.014417677873700777,-4.808927935862073e-07
1674,0.9177541613271673,0.9637156381406511,0.010897392588281232,0.02929091248269399,0.01089863371051996,1.6132716729178043e-07
1675,-0.014321816389256226,0.6260651125068636,0.028641291698144538,0.08384401607607081,0.02864521518170659,1.836107437740847e-07
1676,0.8439381890688628,0.9192164869709257,0.013755895739746086,0.041227512100915284,0.013757404050623801,1.8906886278813317e-07
1677,0.8218094596696845,0.908518335312326,0.016820735970507806,0.04994667139697408,0.01682770142057034,4.596696845382553e-07
1678,0.8180129324683628,0.9142522889848784,0.009904127092949223,0.03423975464927003,0.00990480586364932,-6.753163717121424e-08
1679,0.8407089504018349,0.9208756900445622,0.012011368133984394,0.030716582672576567,0.01201678823541893,-4.959816513050441e-08
1680,0.871713493122806,0.9365230356840738,0.01100294901953126,0.031553560224810595,0.01100543237443623,-5.068771939953365e-07
1681,0.08841586449070638,0.7677010931069436,0.024108355180566424,0.06876474813179607,0.024111367051981723,-1.355092936194957e-07
1682,0.8962870783884688,0.947163121585081,0.008192813152539063,0.02537372730446878,0.008195004336896164,7.838846882712858e-08
1683,0.8351409441970334,0.915008631445932,0.011373429403349594,0.03029411318460273,0.011374241387466278,-5.58029665809201e-08
1684,0.920545110498434,0.9698838820646324,0.008776938835546894,0.024378110086348558,0.008777580587724251,1.1049843406940596e-07
1685,0.6451929707497704,0.825418145104697,0.00879622451145507,0.035510390699944265,0.00879647008163069,-2.925022957178669e-08
1686,0.6434908623416367,0.811448033949064,0.02249531146933593,0.0631947457799536,0.02250238908501839,-1.3765836337498172e-07
1687,0.9457035154800476,0.9729336124392887,0.00721815534447265,0.02003408525558896,0.007218736607033917,-4.845199523817456e-07
1688,0.873391493782391,0.9363918707544425,0.012076491799316405,0.034062900620703086,0.012078463403133089,-5.062176089420944e-07
1689,0.8733591556345747,0.9434031050158315,0.009337002568525387,0.03105645705736705,0.009337625507574972,1.5563457467226982e-07
1690,0.8440424615010487,0.9240607177493467,0.017283519575585923,0.050881065501407086,0.01728694713465688,4.6150104870967823e-07
1691,0.9159739725921505,0.969101712522203,0.009183321935947262,0.022447001695240932,0.009184110760781804,-2.740784943444652e-08
1692,0.8718028708787604,0.9474547846839102,0.011073137124414064,0.03530922521310256,0.011074328280271321,-1.2912123958930266e-07
1693,0.9083216742260775,0.9551958467056867,0.010257948424287112,0.027269750517508937,0.010258676251515293,-3.2577392250487947e-07
1694,0.8367782698160564,0.9256407185511433,0.013384771618847675,0.041340586483156506,0.01338845356943073,2.6981605638631834e-07
1695,0.9493331194495391,0.9746674702671714,0.007357962946093751,0.01930561238838392,0.007359359097467491,1.1944953914877487e-07
1696,0.8997393888386471,0.9495360103014208,0.01028026868320313,0.027934117800433277,0.010281325479058339,3.8883864716954264e-07
1697,0.7856789742697992,0.9359639098696199,0.010461445661425779,0.028580471798354053,0.010462761192519215,-2.5730200858831154e-08
1698,0.907605804991924,0.95753460754717,0.007171698709482423,0.021884225500977305,0.0071720671520555095,-1.9500807602046422e-07
1699,0.8548443656627296,0.929381506675265,0.01452367922402343,0.04266503522581601,0.014525742819319332,3.6566272954008383e-07
1700,0.8009003254853085,0.897851766493017,0.017469483130664078,0.04731867567284,0.01747633105447683,3.25485308594331e-07
1701,0.8534415713327781,0.9277795558547778,0.015407416329003899,0.041691372257001376,0.015409082235702564,-4.2866722194112583e-07
1702,0.9437900769040838,0.9794291902353224,0.007632338146679675,0.020389019813521755,0.007634270068192288,7.690408376781477e-08
1703,0.9569325782770657,0.9819502276061883,0.006769773980302731,0.018323282818611005,0.006770295904377385,-4.2172293435172037e-07
1704,0.801697763166292,0.8980118506172778,0.015184550699941374,0.04097474553144286,0.015185976637635205,-2.3683370797833447e-07
1705,0.5218040334607128,0.7252875270343476,0.02117268623388669,0.06628650852100065,0.021176887921159928,3.346071275611706e-08
1706,0.6353483237729413,0.841207314512,0.012902692293359374,0.04362336063994468,0.012904472429198458,3.2377294123531186e-07
1707,0.5214826450933829,0.7400203315730627,0.019813677776044893,0.057452934716608374,0.01981510574173262,-3.549066170949189e-07
1708,0.9343179711247795,0.9796669921494147,0.010462112059765608,0.032304077278513116,0.010463320358768978,-2.887522043693025e-08
1709,0.8749189261294261,0.9494853456994573,0.012383642954296887,0.04272828799653125,0.0123850700239904,-7.3870573880086e-08
1710,0.8734616338764237,0.9362832754907681,0.006589612561933587,0.020966362354379556,0.006590203237038875,-3.66123576234223e-07
1711,0.8850883378575867,0.9417206662503464,0.010105809881689454,0.027183284118298002,0.010106591901270185,3.378575866852529e-07
1712,0.651056169214606,0.8113970763825237,0.027358432212695336,0.07366604796758945,0.027369376035604114,1.6921460599395033e-07
1713,0.8766230274747371,0.9406905638345704,0.012848222407910182,0.035260426285671984,0.012849530988726637,2.747473704101111e-08
1714,0.8986994504866104,0.9500711307468529,0.007276302298164061,0.020101596902936385,0.0072769969611672135,4.504866103482996e-07
1715,0.7019817853235475,0.8744635759769253,0.015257875047460926,0.0463701744314516,0.015260092164887433,-2.1467645250350387e-07
1716,0.9256206351813442,0.9646744837134276,0.010671862032773457,0.026783182949322776,0.010672874278160773,-3.6481865584025996e-07
1717,0.4381812827664112,0.7166874487407249,0.01419238569085936,0.055638104441338425,0.014193492218777238,2.8276641123037294e-07
1718,0.9356931612231173,0.9674121502284696,0.010722041679492178,0.026726304000732223,0.010725718657491477,1.6122311730093486e-07
1719,0.5441016835976794,0.7468580016259972,0.016079695678671863,0.05464641023763324,0.016079957538207578,-3.164023205659561e-07
1720,0.8714630098163124,0.9520333153691961,0.013696442963964843,0.0422820481046971,0.013698130111967653,9.816312429578034e-09
1721,0.8376886701804771,0.9166828591889047,0.013270048050292997,0.039159509101907373,0.013272858325859189,-3.298195229151091e-07
1722,0.8109507761064794,0.9050762183400686,0.01066898392285157,0.03414537276144465,0.010671598414306562,-2.2389352061225054e-07
1723,0.9201325514916029,0.9599681783609249,0.01257302428037107,0.03208766948544617,0.012574949759193188,-4.485083970884318e-07
1724,0.7980801205806644,0.9160111438691929,0.013277012765156252,0.0409361425896787,0.013278031852507567,1.2058066434228465e-07
1725,0.5834887808114677,0.8135906151923146,0.030164227987304684,0.07817681771161025,0.030175543342302016,-2.1918853232438806e-07
1726,0.8180612274438885,0.928595959582113,0.013147851996875008,0.038739115276619586,0.01315022641622197,2.274438885008223e-07
1727,0.9043944666485328,0.9560149259771403,0.012080254985839839,0.03126849048747178,0.012082562244136086,-5.333514671024275e-07
1728,0.6980832968239522,0.8452095843562494,0.020739533066015545,0.056232603681425165,0.020742750832946834,2.9682395219499114e-07
1729,0.8152054418758956,0.9163155075367494,0.01490778560068361,0.046006489176535374,0.014911159477164941,4.418758956514779e-07
1730,0.9208806579487008,0.9613844920963528,0.010204448940625008,0.026473559167765934,0.010205522831052638,-3.420512991736402e-07
1731,0.8773182651103657,0.941346999799173,0.01179014122841797,0.031159617371654225,0.011792793545614313,2.651103656603482e-07
1732,0.8425341129096462,0.9278056573063965,0.012290312863671876,0.036935062077413656,0.01229432310343599,1.1290964618826393e-07
1733,0.8838941011090082,0.9571454812560094,0.010442881162890641,0.03525135722110587,0.010446448871716526,1.0110900827697833e-07
1734,0.9358177458517843,0.9704405096482704,0.009067306274648423,0.024707177026518274,0.00906818278161882,-2.5414821569480495e-07
1735,0.6615538715524238,0.8232265633697682,0.016557438976269555,0.05302743376106825,0.01655945188859494,-1.2844757613095226e-07
1736,0.8232520277549098,0.9146979755830886,0.012033819286230471,0.036827842943906626,0.012037923426023382,2.7754909814881046e-08
1737,0.9284701932440876,0.9802809615404187,0.006871138155371099,0.021222597776878103,0.0068728002850758025,1.932440876206698e-07
1738,0.944750643624043,0.9720586255234747,0.0070694011008398455,0.02021961339943695,0.007069945814854474,-3.563759569669145e-07
1739,0.8424134278912286,0.9180715079948671,0.014281122409433595,0.03870146716407056,0.01428235104382614,4.278912286714842e-07
1740,0.898192252276082,0.9486254334234036,0.009690928080175784,0.029000237321486728,0.009691741743569645,2.5227608202449403e-07
1741,0.7939304393972214,0.8926894077837767,0.012150905745800787,0.038887795095630666,0.012155091807480636,4.393972213856401e-07
1742,0.923866345915375,0.9622472489870475,0.008035106296328134,0.0221536192136891,0.008035700148631593,3.459153750107191e-07
1743,0.8966361385599251,0.9472346159217191,0.013736578661328125,0.037820582905533535,0.013738526461524996,1.385599250891545e-07
1744,0.8981694321808485,0.9551518801540816,0.01108843493173829,0.033114558585097334,0.01109249121062996,4.3218084855300987e-07
1745,-0.3114894017208816,0.30695152153412525,0.03672139285722658,0.10170290658276807,0.036722437914647035,-4.0172088155987495e-07
1746,0.8543088963852766,0.9253208659591274,0.011894219628222657,0.03467308979021568,0.011895908290471395,-1.0361472335684851e-07
1747,0.6023073216791716,0.7835765466537815,0.010516711939218751,0.04280211763612058,0.010517039396600529,3.21679171522149e-07
1748,0.911948040392273,0.9617340505954707,0.006153576846074218,0.017619727242545718,0.006153982067085229,4.0392272970812826e-08
1749,0.887987415398268,0.9442886410402888,0.007588842809843752,0.0222027873199543,0.007589227852961701,4.1539826800551793e-07
1750,0.9006715809426484,0.9559933514622998,0.013149890573437508,0.037725823258576756,0.013151409759851058,-4.1905735159719626e-07
1751,0.6562968280894963,0.8241048260386309,0.01783818888193363,0.05506061357743905,0.01784137454856615,-1.7191050372122874e-07
1752,0.646458684787678,0.8441239477026234,0.01744371375302731,0.05476485346764353,0.017445647519315717,-3.1521232202180727e-07
1753,0.9150131989492194,0.9627801042444403,0.011817912772558581,0.0344213583070623,0.011819495018808012,1.9894921943208743e-07
1754,0.9452868298210502,0.9736991396265318,0.008441864378515622,0.027103922785479566,0.00844278646757102,-1.7017894982096493e-07
1755,0.9197901242577952,0.9705180593972482,0.007469809136923829,0.022817249514738427,0.007470344153260638,1.2425779516433977e-07
1756,0.6968657635509398,0.9083076903647179,0.014537046331347652,0.04394287801545685,0.014538525914222238,-2.3644906022024514e-07
1757,0.7789272857086013,0.888110775416358,0.018180034777050793,0.048818193503292265,0.01818755872820212,2.8570860122201225e-07
1758,0.807421626683458,0.9520910644871532,0.011311722140556632,0.03317535748882906,0.01131266224315183,-3.733165420127804e-07
1759,0.8621681549703761,0.9403258383420159,0.013472667774902343,0.03912485206727783,0.01347420057840142,1.5497037608724895e-07
1760,0.9591550565483633,0.9795925774684012,0.006229736605078134,0.0175365859979743,0.0062302362856661376,5.6548363325248374e-08
1761,0.915731662621394,0.9580586226250024,0.007692174129199207,0.02625076868446412,0.0076927565234095555,-3.3737860594129643e-07
1762,0.7880477396299026,0.8900805551627706,0.011081534660683604,0.0378624206478978,0.011082289155895615,-2.60370097371343e-07
1763,0.9359141006636362,0.9684089078136519,0.005772396486611327,0.015714305664465376,0.0057726062128994286,1.0066363620442331e-07
1764,0.9116079516177439,0.9570014503575263,0.007261685810888676,0.020257811129341455,0.007262248771408247,-4.83822560903846e-08
1765,0.9034802380037499,0.9516906544595674,0.011290865334667973,0.03344907875995478,0.01129206748930209,2.3800374993054874e-07
1766,0.8355260683432381,0.9158088446981254,0.007313999732812501,0.027191026581299113,0.007314098873082213,6.834323806881315e-08
1767,-0.1695391957571153,0.608602554970767,0.024411484148046867,0.07637494319605821,0.024416035255511233,-1.9575711529551398e-07
1768,0.7540239973008485,0.8715118777786047,0.01720513792089844,0.047819540708337965,0.017209443446576732,-2.6991515689189782e-09
1769,0.9327736687827031,0.9733403715361646,0.007876019006835941,0.019918763714330125,0.007877969749705364,-3.312172969227589e-07
1770,0.9010916462789296,0.9591925349553021,0.011931839512988287,0.028970276823417875,0.011935698664533942,-3.537210704340765e-07
1771,0.9201273663657656,0.9603440580470769,0.008956131918261723,0.027736649553061106,0.008956938680656154,3.6636576561388523e-07
1772,0.8011148611061699,0.9077788121673727,0.010761609868789056,0.027675925717519086,0.010762424005160212,-1.3889383010390333e-07
1773,0.8945842972692618,0.9482674224338405,0.010425580112207027,0.028440867863664447,0.010427497667505845,2.9726926176198987e-07
1774,0.8410332237469651,0.9197915953585691,0.012680990814355442,0.03647910771312,0.012682840222311807,2.2374696506677338e-07
1775,0.8948302533820233,0.948630814301956,0.010996265630273434,0.027934072393806277,0.010997794236789772,2.533820232519801e-07
1776,0.8224806344493072,0.9127398910154064,0.01739819110771484,0.05032764453589992,0.017403514489505837,-3.655506928268437e-07
1777,0.889774381869448,0.9444475237880673,0.011741085456445319,0.03460364675561833,0.011742330980757477,3.8186944806284373e-07
1778,0.9381758973962818,0.9687006318941631,0.00729223381293945,0.021298379683229115,0.007292748814463054,-1.0260371818837655e-07
1779,0.8431163003440407,0.9420652849357687,0.012693372561718753,0.04420436091393335,0.012699380211797779,3.003440407489677e-07
1780,0.8795637216836945,0.9485514156726084,0.011821891487109385,0.03064665995648068,0.011824636925398405,-2.783163055575244e-07
1781,0.9191775443077205,0.9645157065112282,0.00995984475581056,0.026493189091289934,0.009960662106327582,-4.556922795773133e-07
1782,0.8597672419619112,0.9478288480455148,0.012535528129052734,0.03694969026931548,0.012536646320678796,2.419619112847826e-07
1783,0.8827549633833895,0.9431002700807752,0.01154032296708985,0.04117327171599185,0.01154175088827207,-3.6616610410433736e-08
1784,0.9212694638686072,0.959914733495936,0.009816340560546886,0.02716806456846972,0.009818104228827357,4.6386860719227485e-07
1785,0.510650678300089,0.7437207886899858,0.02227327332207032,0.06552016183360185,0.02227759597991164,-3.216999109323382e-07
1786,0.6244663266247115,0.8985875003964975,0.015364630084472641,0.04433312310861862,0.015366970523257638,3.266247114996901e-07
1787,0.8802160621457429,0.9388170080195932,0.00978215543857421,0.02674318546515588,0.009783550368380538,6.214574288510022e-08
1788,0.24011729548190097,0.6240015171840461,0.023105725338281223,0.07297611689762039,0.02310704330973006,2.954819009748366e-07
1789,0.9296935600336782,0.9660765117223159,0.006595899140039056,0.01530626820450069,0.006597086386009932,-4.3996632181908524e-07
1790,0.9208624776871513,0.96400355057338,0.009685815904492192,0.029587010955697574,0.009689150238546187,4.776871513900716e-07
1791,0.8687095187418911,0.9434114182888306,0.008197937934492193,0.02898665131606424,0.008198635499816287,-4.812581089197465e-07
1792,0.9331566612300649,0.9713017162239624,0.011683409552929706,0.02887889750323317,0.011687486813348202,-3.387699351042883e-07
1793,0.9121975730153539,0.9551543237331493,0.012065233422949219,0.036971140765581306,0.01206734477989496,-4.269846460847049e-07
1794,0.936806943072735,0.9828564922749842,0.0063417681821582,0.01760666501360783,0.0063421279462154475,-5.692726490202915e-08
1795,0.8851558527355681,0.9542992271111723,0.011730898279687488,0.032373558494109736,0.011733044543340664,-1.4726443198220807e-07
1796,0.8583123235462705,0.9291786336094445,0.008522260450087894,0.03406002225774239,0.008523004344981218,3.235462705530878e-07
1797,0.7212685452469696,0.8562159942698664,0.016396937416308578,0.05020422517380472,0.01640230448817052,-4.547530304543912e-07
1798,0.8800829312869987,0.9498124437979645,0.013335712261035162,0.041570254249510774,0.013339504967762901,-6.871300128885593e-08
1799,0.8629098838567595,0.9317329238153075,0.00936378862472657,0.028266578545089377,0.009364180079947616,-1.1614324046949065e-07
1800,0.8683506155338065,0.9406426214711132,0.013540981953515618,0.039113058204225046,0.01354614676739743,-3.844661934371274e-07
1801,0.6103344614949713,0.7825718572737822,0.02351085082968749,0.06961646715685833,0.023516290196994263,4.6149497123781913e-07
1802,0.9426706560008772,0.9776216566577635,0.008922139865644515,0.023980972577582995,0.008922975696125489,-3.4399912285376644e-07
1803,0.9388858550597572,0.9690197380123364,0.008802621318164068,0.025017233760030778,0.008804607823466266,-1.449402428077562e-07
1804,0.8793840019751928,0.946879873645795,0.010333125263701176,0.02879392693692871,0.010333895706675552,1.975192787107005e-09
1805,0.8411775547105167,0.9177799488651602,0.010607360778437517,0.03893309927186364,0.010608284143539027,-4.452894832862597e-07
1806,0.8980622000041062,0.9517458860156979,0.013149845642578123,0.03468182489570644,0.013151352354878498,2.000041061656077e-07
1807,0.7268106476309375,0.8742128645308129,0.01367299631298827,0.042647513040194276,0.013674598126696174,-3.52369062484037e-07
1808,0.8952327666894974,0.9504454915435527,0.013983662748730483,0.04152020794397103,0.013985761968246054,-2.3331050258423858e-07
1809,0.9189427421081091,0.9651796545840083,0.008053844613593748,0.025334485692649324,0.008054571115771963,-2.5789189084246544e-07
1810,0.8650634722208488,0.9321171986699796,0.012495482035058587,0.03203556021089932,0.012499013019985647,4.7222084875730985e-07
1811,0.9029330479043532,0.951802948088611,0.009894607906005874,0.028647223293307763,0.009895571911840824,4.790435326196274e-08
1812,0.9177483440486052,0.9601049723933306,0.008160529269316394,0.023657738463645526,0.008161101565584347,3.4404860516090707e-07
1813,0.8162719271133346,0.9241338672753775,0.018482267417187535,0.05137749555856724,0.018489890678930167,-7.288666536986455e-08
1814,0.8287347491581245,0.9251674074548749,0.012873333673710933,0.036390350478625204,0.012874291248302317,-2.508418754931796e-07
1815,0.828969993103621,0.9207952199220154,0.012715526726015607,0.03767213275864448,0.012716496485910457,-6.896379023402233e-09
1816,0.8356894699760308,0.9520931880860516,0.011180548867675777,0.030991560935180712,0.011181807580273291,4.6997603075915606e-07
1817,0.869121355418669,0.9334492254561473,0.015006275005175772,0.04444405160137784,0.015008862984921148,3.554186689402883e-07
1818,0.7750633068337738,0.8855107155799595,0.013262570582304687,0.04173487054339079,0.013263496059586884,3.068337738332261e-07
1819,0.9618347381275255,0.9829219928191004,0.006426917972851565,0.01948427268272266,0.006427478927796973,-2.6187247448294926e-07
1820,0.48588193110185973,0.7040064221807332,0.025643149538769516,0.0712346612622821,0.025647881726835405,-6.889814024857444e-08
1821,0.81872347296852,0.9098985929370953,0.01139170918535156,0.03731111203661119,0.01139285787480393,4.729685200155487e-07
1822,0.9366445604508545,0.9689031974263895,0.00974469474238279,0.027544007440719005,0.009745878659052649,-4.395491454145528e-07
1823,0.10854730831276926,0.5699871295563463,0.021156087766171883,0.06305257354764435,0.021157805034551218,3.083127692593557e-07
1824,0.7091035379025765,0.8688762648632873,0.01913312291621092,0.05079334104033368,0.01913647535686914,-4.6209742343705784e-07
1825,0.9153027852467337,0.9683872282952097,0.011355077050781254,0.033616877131816124,0.011358435890205342,-2.1475326628106473e-07
1826,0.9057407782358794,0.9554150434978912,0.007956930621757802,0.028044668643788864,0.00795759765504696,-2.2176412062258066e-07
1827,0.8000031753891351,0.8975558394743048,0.010616162045703108,0.0410646290391717,0.010619420659534053,1.7538913510417586e-07
1828,0.643466849151952,0.8105597901498364,0.013781927279843769,0.0443777299040337,0.013782241866267664,-1.508480480527652e-07
1829,0.903402238390117,0.950583477854328,0.00814749467197264,0.027503386808286977,0.008148730783095432,2.38390116980014e-07
1830,0.8672270487848519,0.9411006026136406,0.012185511050781238,0.04038053698441223,0.012187525445205655,4.8784851935934626e-08
1831,0.9301365464196091,0.9657982845495298,0.009032796563183598,0.023308084608838285,0.009033692776511852,-4.535803909133662e-07
1832,0.8725095512188015,0.9422846724300677,0.010141274761396495,0.03486183522050612,0.010142149974273085,-4.4878119853652976e-07
1833,0.8553028232791169,0.9510572578622017,0.015674723109960945,0.03997047414794413,0.015680514777088126,-1.7672088314935053e-07
1834,0.888295494584854,0.9455558644791063,0.009355459087343782,0.027873680882622452,0.009356320455373405,4.945848540716113e-07
1835,0.8906656827742337,0.9449790338802294,0.015342644988671881,0.040768827160103424,0.015349375769763677,-3.172257662109601e-07
1836,0.8599942765994104,0.944668760704338,0.013732144593554672,0.04308829967607307,0.013737044218084842,2.7659941037594393e-07
1837,0.8601878121811246,0.9352220062024864,0.012292329894140632,0.04127159560721168,0.012293776111833632,-1.878188753412502e-07
1838,0.8090664857990855,0.923291151387466,0.01956478068427735,0.05119233239431398,0.01956880172666439,4.857990855144934e-07
1839,0.7659545598452406,0.893596272628504,0.02122129110810547,0.061063206515837194,0.021226433383526738,-4.4015475941794335e-07
1840,0.775918858973242,0.9041557048283327,0.015414127605664097,0.044115796044720344,0.015417323129561443,-1.4102675804927856e-07
1841,0.2470680555792506,0.6120685056190757,0.012892193352177722,0.051792304888812535,0.012892955099810617,5.5579250590742646e-08
1842,0.9484603814903143,0.974519861565939,0.005202929997138655,0.012597265801494334,0.005203102921223621,3.814903143384285e-07
1843,0.5872388306966965,0.7766186217481637,0.025996113179003907,0.07354099043505226,0.02600178793141046,-1.6930330348774447e-07
1844,0.9486683599716529,0.9792029694821571,0.007749574753906256,0.018471910339241903,0.007752233594053314,3.5997165293011335e-07
1845,0.8792928972671136,0.941574226274081,0.01294776239404296,0.0341119892800018,0.012949756085395867,-1.0273288642004275e-07
1846,0.7860924260309758,0.8915112059477124,0.01579773567900391,0.049212031248542086,0.015804357445582146,4.260309758308267e-07
1847,0.9218347647667257,0.9685396361482678,0.008799536269238293,0.021503719029592392,0.008802116469727742,-2.3523327430385876e-07
1848,0.4872831355355318,0.7480782374312389,0.012642423592246106,0.04648035387187863,0.01264282315779918,1.3553553179779243e-07
1849,0.9441597553743963,0.9719616649798056,0.006828265809824212,0.022039515233872854,0.006828791420943851,-2.446256036625627e-07
1850,0.9547743578313107,0.9777161393344647,0.009319103479687497,0.023711918593861053,0.009320236984540988,3.5783131069333507e-07
1851,0.9158994083339276,0.961363226733277,0.00992877044179687,0.0314239396644017,0.00992992365645969,4.0833392755956766e-07
1852,0.8415087898811884,0.919160664548881,0.012026915008886694,0.03876925564193155,0.012030947936631186,-2.101188115721797e-07
1853,0.9531094533797945,0.976275263300554,0.008067448825488264,0.023911519336372762,0.008068343051244313,4.533797944850093e-07
1854,0.5779064731171468,0.764242105229508,0.015608748693701196,0.05766222021943948,0.015609433417731874,-5.268828531246328e-07
1855,0.8848163836841616,0.9442185664027899,0.012039922110742184,0.034864986941198016,0.012044384238335181,3.8368416155343255e-07
1856,0.8720758476058112,0.9503345531194469,0.011606284899111315,0.03704145668487525,0.011607425898862636,-1.5239418871271226e-07
1857,0.9703178047533741,0.9857474034337408,0.0072323454871093895,0.01841568669003422,0.007233221632779324,-1.9524662586700714e-07
1858,0.9084597129696869,0.9536019485680968,0.011190853514746102,0.02879331526388165,0.011192095851935391,-2.870303131841112e-07
1859,0.9247758881549144,0.9728445776672039,0.012036991983691396,0.033300463106361596,0.012038675226446088,-1.1184508563744089e-07
1860,0.8005620030150675,0.9032079502084468,0.010588532459082029,0.03173796710087596,0.01059141241875331,3.015067528977511e-09
1861,0.9237197637368315,0.961723367478916,0.009048805959863284,0.02354399442759484,0.009049827348717378,-2.362631684738048e-07
1862,0.8866674013342949,0.9537662477606212,0.008668297037861311,0.02357444083602033,0.0086688534641716,4.013342949082954e-07
1863,0.6046313581024132,0.791661707787189,0.014465257762851574,0.0511211217929325,0.014466045708542834,3.581024131671384e-07
1864,0.5332935734661175,0.7466565522857502,0.019773311861523365,0.06218465525264821,0.019775782018858934,-4.265338825470977e-07
1865,0.872059809116373,0.9349451249953104,0.016688660441699206,0.04566180286246438,0.01669093208423224,-1.908836269048919e-07
1866,0.834296541262103,0.9337388724181791,0.011807912110839843,0.03303240963344608,0.01181018675398968,-4.587378970022371e-07
1867,0.9201315401209138,0.961889211390502,0.010247622399638657,0.026898014621985943,0.010248624759106697,-4.598790861454205e-07
1868,-0.11630067195883331,0.5411595459532409,0.021489832633330073,0.06754860889242453,0.021491582108290115,3.2804116668894157e-07
1869,0.7833195713027912,0.9024900108615952,0.015065913648730483,0.04790454119325109,0.015067796802386709,-4.2869720884297635e-07
1870,0.7124076799173154,0.8739162882069983,0.02165808436933595,0.06422973047708677,0.021667045759793786,-3.200826846905258e-07
1871,0.9087260731485324,0.9534743837225883,0.008517326494824224,0.026436980388932177,0.008519163205965437,7.314853234241525e-08
1872,0.9362606820861752,0.9708995083740325,0.0119610770819336,0.030800997977918205,0.01196561241159565,-3.179138248210478e-07
1873,0.7856355443093409,0.8974881991231095,0.01697904795888674,0.042625545048051224,0.016982186353534025,-4.5569065909578654e-07
1874,0.7876516605118304,0.8927974608973053,0.01484690183085938,0.0449147047163503,0.014848962413949082,-3.3948816957618533e-07
1875,0.9243902444297942,0.9736904904522358,0.007307105371132795,0.019398466964754345,0.007307531268304797,2.4442979418282107e-07
1876,0.9285135367740946,0.9636992100047324,0.00865633401372069,0.024359278590941023,0.008657162200536602,-4.632259053005683e-07
1877,0.853382193077541,0.9502300827416199,0.00923938853179687,0.030164322347347998,0.009240045769599628,1.9307754106634434e-07
1878,0.920647204305401,0.9596460127527835,0.00865066758186523,0.028691470081575132,0.008651518536836541,2.0430540104143802e-07
1879,0.8752923531559624,0.972023986328179,0.008455357585947277,0.026795717900731725,0.00845581678440492,3.531559624736502e-07
1880,0.805041264213322,0.9193747480674963,0.010667458335742177,0.03080710349882318,0.01066947903050966,2.642133219987741e-07
1881,0.906315393307549,0.9685229787642624,0.014699441747460924,0.039094211888961394,0.014706042837144398,3.9330754897370923e-07
1882,0.9066553097199996,0.9537278479743934,0.008156713783886728,0.022569121468190116,0.008157255606831669,3.0971999964712893e-07
1883,0.8389650670000066,0.9402794598988736,0.018911689857421882,0.04565573817948853,0.01891983660284024,6.700000665382788e-08
1884,0.833293155569296,0.9142305070894371,0.011280836282128929,0.03529878947922484,0.0112839356824934,1.5556929600091252e-07
1885,0.9205983493925173,0.9597035122030694,0.008359727988574229,0.026817591647888005,0.008360519455207178,3.493925172515233e-07
1886,0.5985092399230802,0.7827577743863108,0.016568930044140635,0.0509392964031825,0.016571643602722813,2.399230802918595e-07
1887,0.890864750739359,0.9465509753038946,0.007243223805761715,0.02001217800108674,0.007243361969631773,-2.4926064101649104e-07
1888,0.9217468372272127,0.9612595813519157,0.010114837943554703,0.030347723194811018,0.010116513204756917,-1.627727872488549e-07
1889,0.8651767366992991,0.9447283705455393,0.011523200136718766,0.03567609578233797,0.011524447587871023,-2.6330070090896385e-07
1890,0.9356841841711081,0.9683299889869733,0.007957643658398437,0.021639120732614897,0.007958522048435444,1.8417110814183957e-07
1891,0.60041565216956,0.8474503164515051,0.01673103707900388,0.05957027323132805,0.016732727862589846,-3.4783043989516926e-07
1892,0.7090214380899895,0.8466060772851074,0.017087350109707022,0.05060089508378442,0.017088842778597846,4.380899895073398e-07
1893,0.9011093953660421,0.9499640509604985,0.009329197357812487,0.026261789869921864,0.009331032871820426,3.9536604201639847e-07
1894,0.8564843270901386,0.9427409581969023,0.010439420879335954,0.0316629514147436,0.010440334695731034,3.270901385299396e-07
1895,0.840250429890018,0.9571024094759084,0.010139535919990242,0.02873608500099264,0.010140235517755542,4.29890017916712e-07
1896,0.8016512058851752,0.9035831236837257,0.009474061989453133,0.03864258331968815,0.009476246398810758,2.058851752417823e-07
1897,0.7962575040560805,0.8943800868806185,0.01497766017763672,0.0419054912276702,0.014983082795029565,5.040560805413818e-07
1898,0.5354723928171555,0.7734178309733399,0.0251635311345703,0.07413387527198548,0.025169896588832664,3.928171555811488e-07
1899,0.7774454022111167,0.8881288140106465,0.009196361409228512,0.03500117724773136,0.009196700276180974,4.0221111663463205e-07
1900,0.5850501823760071,0.8885642565499355,0.011266583137714833,0.03993883229192206,0.011267010498127108,1.8237600718506997e-07
1901,0.7502925826330896,0.8690706992632545,0.013321405793974625,0.04198861596861296,0.013322295449537483,-4.1736691036575735e-07
1902,0.8289367876132702,0.9133413370996025,0.01414381016289062,0.042312039983333646,0.014146749042488905,-2.1238672986978457e-07
1903,0.9019890859017585,0.9534901670458026,0.008761388408105468,0.025665419486594794,0.008762773624731234,8.590175848421922e-08
1904,0.9602096693142571,0.9814428363362142,0.00630537267593749,0.018064131671922116,0.0063058130417606795,-3.3068574289973895e-07
1905,0.6635837972576195,0.8666425196183526,0.017430548127353517,0.04468059706559639,0.01743202853261471,-2.0274238043960224e-07
1906,0.8073008627490419,0.9010083775121823,0.01639877380605468,0.04373662467394596,0.016401896725551035,-1.3725095815431132e-07
1907,0.7671938268238963,0.9177971300083132,0.009292524119335942,0.036676351215846496,0.009294592189334549,-1.731761037904178e-07
1908,0.9455140825936231,0.9736778316814221,0.005918969574257805,0.014639367084608565,0.0059191894905560585,8.259362316298535e-08
1909,0.6567396453484309,0.8260843338824283,0.022044407055566376,0.06371840499175031,0.022050687457395652,-3.5465156911218543e-07
1910,0.522695071703174,0.8664247770348003,0.012956421858105483,0.04388492065095893,0.01295884737852817,7.170317395388537e-08
1911,0.8395961304612272,0.9215337058923178,0.008435980776308593,0.024642520011726756,0.008436373792711917,1.3046122715465458e-07
1912,0.8470406837798663,0.9254159582729902,0.013758219609277358,0.03761561330776397,0.013759669266112723,-3.162201337447712e-07
1913,0.8465319573814626,0.9493126996131173,0.00939786856452148,0.03149072866243651,0.009398566968649436,-4.261853736586829e-08
1914,0.779315352636534,0.9237345465797048,0.01342392438027343,0.03987406984445878,0.013425647384896735,3.526365339734383e-07
1915,0.8281022027907464,0.9109318193992494,0.010247419487197268,0.029184312395977775,0.010247833144261443,2.0279074641749162e-07
1916,0.8351940298460412,0.9281460472704686,0.014650947730790993,0.03704543176272298,0.014652375654616613,2.984604119404821e-08
1917,0.8782213551405249,0.9378187710040482,0.009067097462050784,0.030495260717937428,0.00906781313122249,3.5514052487695125e-07
1918,0.6065988813807073,0.7890174141581209,0.02237738253408199,0.05957711018465852,0.02238137218824925,-1.186192927216112e-07
1919,0.843953624660029,0.920128237126553,0.01362241157455078,0.03641788690274802,0.013623749419114437,-3.753399709927052e-07
1920,0.6592338333948151,0.8173170022727079,0.01826411694042968,0.05656350210127136,0.018265970055970603,-1.666051848703276e-07
1921,0.8896829496618555,0.9487529496244086,0.008022416343222634,0.022369121219299768,0.008022773726102175,-5.033814454158403e-08
1922,0.9400864588924218,0.9719208328467267,0.007667614757128897,0.024359259628397776,0.007668883303926839,4.588924218396073e-07
1923,0.8788356897287459,0.9485931133742663,0.008800038978339843,0.02950442091136679,0.008800642126387686,-3.1027125402260936e-07
1924,0.7327262220007085,0.8724994514328788,0.01594866390468747,0.05351223886289384,0.015955038146651543,2.2200070848299447e-07
1925,0.8738866529431795,0.9616100372432664,0.00988347624185546,0.028072552361001913,0.0098842145469182,-3.470568205043989e-07
1926,0.9034302414738625,0.9526445710757465,0.01241478784814452,0.03501534199250781,0.012416319173895978,2.414738625722279e-07
1927,0.9221484978017932,0.960927653557661,0.012766394740429694,0.032237199428516265,0.012771627640265298,-5.021982067976438e-07
1928,0.9045768792680238,0.9522600137963281,0.009164218223154306,0.028937937584481956,0.009165031937032123,-1.207319761942216e-07
1929,0.8800796666130926,0.9539445646434194,0.013350096368261745,0.034951093459632196,0.013352027622894756,-3.333869074140239e-07
1930,0.8822512518269124,0.9429709831619373,0.01145600269140626,0.035407439675340165,0.01146025974585005,2.518269124340833e-07
1931,0.7952382894867562,0.8933439529250443,0.014435750924707032,0.04184519687470726,0.014439261611691137,2.894867562330816e-07
1932,0.7838820255321539,0.8979928237939733,0.017628514507519528,0.047751806399459265,0.0176362560055837,2.5532153946628e-08
1933,0.9134437390317212,0.9568723763041915,0.010029836670742174,0.030289760654951252,0.010030785361256685,-2.6096827887567287e-07
1934,0.9211153584589945,0.9658917060255895,0.005441776510449223,0.015561385605940406,0.005442098877638761,3.5845899448716523e-07
1935,0.5201857442635737,0.7747572396032024,0.02115932601884769,0.06123731525869529,0.021163938015542977,-2.5573642636889105e-07
1936,0.47853605309999947,0.7211252446510453,0.022155692421914053,0.06780563770237821,0.022156980646272844,5.309999945302124e-08
1937,0.9417304322014683,0.9719411315339326,0.006441884369121096,0.0160034387777661,0.006442495657848296,4.322014683921793e-07
1938,0.9341812792388977,0.9699324101021444,0.008891030261132823,0.023271610214586652,0.00889328821187143,2.7923889767134114e-07
1939,0.7999988883367315,0.9091491042279164,0.010825683163574207,0.034677348156539965,0.01082904098278856,-1.1166326852052322e-07
1940,0.844715652444082,0.9239909208330098,0.014041689810351544,0.03553090987998393,0.014043445330895955,-3.4755591804547237e-07
1941,0.845324768327616,0.9544242819109092,0.016071229033593766,0.04139268127259415,0.016073334666152368,-2.316723839435042e-07
1942,0.8860468596292731,0.9621223689560808,0.007391015525351569,0.026078092458051805,0.007391482580792073,-1.4037072693096064e-07
1943,0.8374322406490748,0.9431948845703415,0.016913885299804674,0.04666571729617089,0.01691596029607439,2.406490748896317e-07
1944,0.5194237679059654,0.8944693012496264,0.017116333063281215,0.05447878968062263,0.017122793638864903,-2.3209403454682587e-07
1945,0.9136295399133562,0.9623050600685318,0.011732494463378896,0.028369128748865848,0.011734753059514587,-4.600866438941864e-07
1946,0.5899517710740421,0.7791001025752402,0.01664805834388672,0.052926387615078355,0.016648804764412387,-2.2892595796797366e-07
1947,0.783587075517031,0.9227843807608864,0.012420079403378923,0.03482357844027714,0.012420877903363025,7.551703096186912e-08
1948,0.8540772090993057,0.9383089279191611,0.010066531095722643,0.03219677653714229,0.010067253210332203,2.090993057590751e-07
1949,0.956173028652708,0.9780587399184,0.008218651983496092,0.02220598176821359,0.008219491226428276,2.865270798402264e-08
1950,0.8110092967203533,0.9063546585061844,0.017293334861132804,0.05188235041965531,0.0172953668003832,2.967203532877605e-07
1951,0.7968094785251961,0.9030133992301357,0.011411441972177725,0.030101520531191184,0.0114125009914411,4.785251961347825e-07
1952,0.8277800750037633,0.9181451277617215,0.013234955998144513,0.04000230190910436,0.013236283063913615,7.500376331126546e-08
1953,0.8591818841749539,0.9276620416973883,0.01489302138945314,0.043030537776954994,0.014894810668800716,-1.1582504610974098e-07
1954,0.870483723319281,0.9372880116941283,0.011209415409082024,0.037262294778749906,0.01121104984225311,-2.766807190024423e-07
1955,0.8902446339122474,0.9449702315466233,0.013821208421777333,0.03881281978496347,0.01382317217617461,-3.660877525568651e-07
1956,0.9411554215415028,0.9727597066849413,0.005538753717919932,0.01579612981043376,0.005538984222305225,4.2154150281525915e-07
1957,0.8265015971548431,0.9154376975694131,0.010303289248437496,0.03808313653574212,0.010304683893629875,-4.028451568993674e-07
1958,0.6780419965609961,0.9011429678187565,0.014090185176464855,0.0439654455200059,0.014091651448027149,-3.4390039704845776e-09
1959,0.8337781692532417,0.9564952980870339,0.012269638453271486,0.032480194271288676,0.012270616943065775,1.6925324164418498e-07
1960,0.2712526811447745,0.5524731928544375,0.016488732620605476,0.06612327708224768,0.016489830483672484,-3.1885522550068046e-07
1961,0.904516892566831,0.9543900030594923,0.007539183188798827,0.020707362426324923,0.007539716633024465,-1.0743316902761535e-07
1962,0.6896752144330506,0.8392700265938476,0.022821420156543,0.07130813369949032,0.022824096163132825,2.1443305053825412e-07
1963,0.3942627716011644,0.7000911492280184,0.023610672994873086,0.06573206653130077,0.023612867265900474,-2.2839883556668994e-07
1964,0.9476831446333509,0.976440567877546,0.008909519762695328,0.024582725514251568,0.008910445958109399,1.4463335085146412e-07
1965,0.8871038001185398,0.9546312951771262,0.009945255398203132,0.0312105123219318,0.009946052172364777,-1.9988146016114428e-07
1966,0.8804831162363226,0.9534192402380944,0.014596682502050777,0.04134825573071098,0.01459860619396575,1.1623632256707594e-07
1967,0.8905897716854433,0.9576067891293297,0.007475076901718756,0.020282097847092305,0.007475313639519494,-2.2831455670502265e-07
1968,0.8701291814780021,0.9526221415364982,0.012009481783398427,0.0372022653288279,0.01201152119195511,1.8147800207035658e-07
1969,0.7962562133368859,0.896719533398216,0.016590678215234408,0.04738447569197273,0.016592443573246116,2.1333688593472289e-07
1970,0.7956233690732306,0.8994635644850395,0.014278417261328159,0.039916253357047536,0.014279865222525884,3.690732306438349e-07
1971,0.9452464860821269,0.9728972129293385,0.01058623601015626,0.02452021828925254,0.010587912786140461,-5.13917873035119e-07
1972,0.8398927686275729,0.9195646698525134,0.013336421642968756,0.0438584165452747,0.013341377661920886,-2.3137242710635775e-07
1973,0.6499786661866367,0.8817907918524609,0.016900576983544937,0.045423466968555024,0.016902206388185927,-3.3381336328464073e-07
1974,0.8530532708298598,0.9259482620290966,0.01287440906582031,0.0371981015606571,0.012875879144857504,2.7082985987192387e-07
1975,0.9346783574472599,0.9685676294819267,0.01001080021015626,0.02717151447733348,0.010012580798463813,3.574472599021661e-07
1976,0.8697179480883201,0.9327043028247158,0.008176645563925779,0.03159058598837973,0.008177176679646526,-5.191167984364142e-08
1977,0.873427624731699,0.9633438880664523,0.010328769648828121,0.030568802553960158,0.01032966983906229,-3.7526830098943975e-07
1978,0.8914290365601714,0.9507021541241398,0.010982266732714857,0.031564645406856745,0.010983492794753502,3.65601713347985e-08
1979,0.9228001772322826,0.9700559161167733,0.010289444230761727,0.03231202204264355,0.010293234878168047,1.7723228262767066e-07
1980,0.9242171989561518,0.9669020707113876,0.008356248927441415,0.022736101056524103,0.008357086492199545,1.989561518866978e-07
1981,0.757012217032772,0.8762873553566988,0.019443754191699164,0.050861079278611145,0.01944751570101478,2.170327719763776e-07
1982,0.5549788195486101,0.7961403487679861,0.0177363753564453,0.05211706328452051,0.017740560166538646,-1.8045138994171595e-07
1983,0.8593649868247363,0.9283349192257792,0.009559994872753916,0.03241678539445043,0.009562698841560023,-1.3175263768872014e-08
1984,-0.2509339490386613,0.6722541823161021,0.021069126873144522,0.06640813904039662,0.02107181687389328,5.0961338704524906e-08
1985,0.9001380206499041,0.957799024771036,0.010403961341210941,0.02464931355064869,0.010405136198665808,2.0649904119984797e-08
1986,0.7368889425346561,0.9000545885926121,0.012729768227832037,0.04035692542678648,0.01273254571554046,-5.746534392780944e-08
1987,0.9040708492139351,0.9514433601980123,0.007807325143730472,0.02748167047426101,0.007807929750536466,-1.5078606485641188e-07
1988,0.8419420497572392,0.9209931827618226,0.008569243206347672,0.032410981668940235,0.008571819927990942,4.9757239217740334e-08
1989,0.8643377932105689,0.9310570481255996,0.014143404460449217,0.034405630562566764,0.014145568087328673,-2.0678943113416892e-07
1990,0.8384931327544934,0.9271101853995809,0.013766621416601565,0.03737715829091438,0.013768054934090054,1.3275449339822387e-07
1991,0.8817940524439049,0.94483166945645,0.007864295545703125,0.02081698941061608,0.007864661532446334,5.244390488545747e-08
1992,0.881304200335479,0.9652626198056966,0.01551828226054688,0.04442038424526018,0.015520316433924356,2.0033547898368198e-07
1993,-0.2485231163563686,0.7366120841157616,0.021921286753417965,0.06774234254803407,0.02192553258895275,-1.1635636859574916e-07
1994,0.9298586910687806,0.9668267264109459,0.007926724538740236,0.022034613054159435,0.007927285861924833,-3.089312193838012e-07
1995,0.889701755950646,0.9459980420884141,0.008501464999023435,0.023996890685225425,0.008502343604003973,-2.4404935394795046e-07
1996,0.2018945551945006,0.4852317245469204,0.017158783421874976,0.06838488212588639,0.017160624326133498,-4.4480549937775393e-07
1997,0.9081261045261617,0.960796113480361,0.009853453412109383,0.02800023314005408,0.009856447643200225,1.0452616172607065e-07
1998,0.7836613873763001,0.8941543248302365,0.018726567477050787,0.049823033415698006,0.018729644602202878,3.8737630003726764e-07
1999,0.8502354628852613,0.9249740935709421,0.014406860271386738,0.039275147828720346,0.01441207712768247,4.628852613430823e-07
2000,0.9148104708239492,0.9640015814634986,0.011841375810644527,0.03425885506639943,0.011846546178860868,4.708239491613142e-07
2001,0.9471025011136679,0.9755811347401272,0.009462614077246093,0.026400228668657683,0.00946560179127645,5.011136678945149e-07
2002,0.8806433913965915,0.960180064690972,0.007233343468261714,0.022279200464012744,0.007234552309863915,3.913965915813833e-07
2003,0.8967069125040374,0.9500311269796451,0.0066517337220800814,0.017322497662769516,0.00665192863097261,-8.749596258628145e-08
2004,0.7222222462043308,0.8642357830458933,0.021946052890429696,0.05570006646602782,0.02195066349559296,2.4620433081157245e-07
2005,0.8678994024386193,0.9337591867602599,0.014710195122753894,0.03809684307964622,0.014713358091597574,4.0243861931799074e-07
2006,0.4636752594328676,0.6908436059178138,0.020438629015429706,0.06633327437650378,0.020443377026542198,2.594328675775692e-07
2007,0.6393603308994302,0.9310070205902855,0.016026246974345713,0.04386784253054035,0.016027277604906093,3.308994301898238e-07
2008,0.7561939257172128,0.8845444744081569,0.013223204169873042,0.037379862715550854,0.013224165587605441,-7.428278725463144e-08
2009,0.9344767222079922,0.9703408386813908,0.006998257784326166,0.016373708608225575,0.006998536067675708,-2.777920078411711e-07
2010,0.8875702719742335,0.9566151206818946,0.009704013846240237,0.02344684323994782,0.009704613629501672,2.719742335788311e-07
2011,0.7274240630817506,0.8926030652025531,0.022406953868164027,0.06682194986567991,0.022413047881748274,6.308175060087962e-08
2012,0.8847342844261126,0.9517273734476519,0.013809893589746084,0.04003348485981699,0.013811797522554512,2.844261125511949e-07
2013,0.7236416619320338,0.85192546160081,0.013437445419736311,0.04358399695812222,0.013438390772765296,-3.380679661768582e-07
2014,0.8611157181504498,0.9296333665685991,0.008661600159355475,0.02581464061010693,0.00866196938939999,-2.8184955014332047e-07
2015,0.7883796526968865,0.9269880014493417,0.011803121314160161,0.03535202205444929,0.011805339307211869,-3.4730311349040477e-07
2016,0.7028325376373612,0.8480259575875863,0.021433484606054695,0.060327575244469904,0.021438210007729313,-4.623626388422508e-07
2017,0.8649306942547003,0.9312965352865519,0.014594291931445331,0.03807442940891309,0.014595768309465178,-3.057452997445864e-07
2018,0.6473981671850187,0.8097934939789887,0.020173646522656213,0.058873013172332095,0.020177082009843368,1.6718501871793023e-07
2019,0.8967414904177787,0.9485472881834941,0.014984340492089816,0.04103529757514385,0.014990564390040617,-5.09582221308591e-07
2020,0.8942665812582555,0.9568054649378799,0.012159616944238278,0.031158500013952442,0.012164616708754203,-4.187417445011832e-07
2021,0.914600526066519,0.9582947994921857,0.010695142271777333,0.028526086091820894,0.010698308177183312,5.26066519013213e-07
2022,0.8770893569951586,0.941051958994301,0.007236342826943362,0.0218037751877335,0.0072370177549824395,3.569951585458142e-07
2023,0.9207942235711019,0.9597399466614671,0.009797655929296866,0.026924647084530594,0.009801786321678174,2.2357110185389217e-07
2024,0.46663033940980214,0.6909815521844164,0.01808731292080077,0.06287078036363943,0.018090056102335144,3.394098021525238e-07
2025,0.8868156090030004,0.947171300368598,0.006878697930439457,0.018575672340607825,0.006879122371395485,-3.90996999666271e-07
2026,0.5621677242806583,0.7602054181016965,0.019097588771679688,0.054188207283377476,0.01910053744388834,-2.757193416913495e-07
2027,0.9662547190981958,0.9842244699504938,0.007609139601269535,0.019459237615358397,0.007610909299032837,-2.80901804150524e-07
2028,0.6834543584709221,0.9390413835651815,0.014629129970468743,0.04158612097721771,0.014630037749095834,3.58470922057208e-07
2029,0.8401239535066785,0.9354705715704983,0.008059312318613268,0.022378998431302814,0.008059528073308125,-4.6493321526064335e-08
2030,0.8716664217904794,0.9363386998261458,0.010044756863378903,0.027955195985181033,0.010047199310403824,4.2179047932133784e-07
2031,0.8353909673321596,0.9530262424269522,0.014749891223632813,0.03897490889725666,0.014752312786272054,-3.266784043276516e-08
2032,0.6607196714477723,0.8167535431195542,0.018928468291601573,0.0546171004650002,0.018934784269129347,-3.285522276463837e-07
2033,0.6853411805942508,0.8309572294724354,0.02260338248447267,0.06697374633747864,0.022605837541726043,1.8059425077598945e-07
2034,0.8989269938301933,0.9485512134031037,0.008268116779736337,0.023702128016951016,0.00826860159174392,-6.169806776590292e-09
2035,0.866405271636851,0.9531832794616857,0.01355501649980469,0.03648906136611094,0.013559829889571877,2.7163685101250223e-07
2036,0.9097511613635083,0.9556593826769324,0.005605881230458984,0.017967635064945437,0.0056060341085788145,1.6136350833306778e-07
2037,0.9219344168353063,0.9608269032256873,0.006607159767021487,0.017027567682706923,0.006607391842211373,4.16835306271679e-07
2038,0.9287877435979905,0.965861319687735,0.00602784087522461,0.016375067201473432,0.006028105588630945,-2.564020094020236e-07
2039,0.8535144581213743,0.9392032198565964,0.02101189489755853,0.05042872039569417,0.021015014181331483,4.581213742804735e-07
2040,0.9041803829777713,0.9513851746130629,0.011606790880468738,0.033082087738582955,0.011608139358550346,3.8297777127382915e-07
2041,0.8393922747303576,0.9504410584776759,0.012870249687890611,0.03211506365332591,0.012874496950961042,2.7473035757452635e-07
2042,0.9371969164118533,0.9683621323053204,0.00819244898616212,0.02310664645756986,0.008193168286363671,-8.358814662656755e-08
2043,0.8578737055399493,0.9278583351420086,0.012378007493261723,0.034386429175505405,0.012379536591338319,-2.9446005067601533e-07
2044,0.47527637846911197,0.7355225580701562,0.014769812412060556,0.05799967397997873,0.01477040320883968,3.7846911199457267e-07
2045,0.8318234302539093,0.9138658351338621,0.014434054069726565,0.04632863401096545,0.014435933157612263,4.3025390927819984e-07
2046,0.852231720137762,0.9388470629468364,0.018116290823144494,0.049589102026511456,0.018121058460940826,-2.7986223793963205e-07
2047,0.46298711224045797,0.6985108142875691,0.024577181445507815,0.0752751608356659,0.02458324383322817,1.1224045798341464e-07
2048,0.8483910960223109,0.9632361466992707,0.009333805117783193,0.03144223226820626,0.009334511333399782,9.60223108803504e-08
2049,0.9122014504088802,0.9623801636683166,0.007308220475253888,0.02327756797886508,0.007308919646361081,4.5040888019265424e-07
2050,0.8667174166757493,0.9362934434973732,0.010715385232509762,0.03426861826432091,0.010716382895822541,4.1667574934844964e-07
2051,0.8986225314061626,0.9486410327020959,0.012705322186914047,0.03272746188445051,0.012710085899146857,-4.685938373993892e-07
2052,0.9175946568463207,0.9683131029280045,0.010684640300585947,0.029990019701917087,0.010685817782601812,-3.431536793607748e-07
2053,0.8259147326139669,0.9215396016178606,0.009185860184580065,0.02848516669885122,0.009186276917644001,-2.673860330926203e-07
2054,0.6316045759910465,0.8108732719963218,0.017272733795507804,0.04804639092404701,0.017276891885547017,-4.240089535034741e-07
2055,0.884126915614803,0.9608026426023966,0.006940155558818364,0.020319376620057356,0.006940669975596476,-8.438519694120572e-08
2056,0.7419374882345569,0.9148604443250589,0.011659441353583993,0.03904246536237493,0.011660196984137606,-5.117654431341379e-07
2057,0.7385700747374252,0.9215092015522266,0.013040054392333997,0.036212410791496584,0.013041013337037298,7.473742524854998e-08
2058,0.9428206545397618,0.9764565508888539,0.00794896690273437,0.02365225702648435,0.00795009073392059,-3.454602381935956e-07
2059,0.8937267828722669,0.9473932344787007,0.015778856558203092,0.03956577609451201,0.015782511222788388,-2.1712773312643208e-07
2060,0.8005806336060691,0.936341120304634,0.012430216025791002,0.04004114962028282,0.012431308898331363,-3.6639393086179695e-07
2061,0.7547212341022363,0.8707414912093012,0.018745915421093766,0.048424410290496704,0.018747600805659362,2.3410223637387872e-07
2062,0.9549043231330543,0.9830993202728165,0.006822591534746089,0.019079617238585395,0.0068231510449358245,3.2313305431408423e-07
2063,0.9059896020758135,0.9589591117469682,0.01578176023183592,0.0383099847416913,0.015788322878749986,-3.9792418649042816e-07
2064,0.7566068482420891,0.9053962039711326,0.014479714802773465,0.03854460828483861,0.014480643215456612,-1.517579109044931e-07
2065,0.9133339618352542,0.9599818899198856,0.009440976605107421,0.027725567023078122,0.009441784004915089,-3.816474580808915e-08
2066,0.580872157656035,0.7840362732249474,0.013110006181191403,0.04749579324049727,0.01311080087665358,1.5765603489370505e-07
2067,0.9634360865379253,0.9819855163122797,0.006098515992910144,0.015224006559051144,0.0060989372108855066,8.653792538115823e-08
2068,0.8875784405695022,0.9451080245491215,0.007702061460146487,0.021697940188047233,0.00770242257490372,4.405695022136058e-07
2069,0.9516017441601617,0.9769355076804088,0.005542239343203114,0.013496138791637054,0.005542455837403126,-2.5583983820354206e-07
2070,0.8784144594053203,0.9440759327260548,0.008452435297070304,0.03025706214444818,0.008454504996247756,-5.405946796877004e-07
2071,0.7738178561959159,0.8819264494314802,0.020819135228515577,0.0564206626005699,0.020822142164476618,-1.4380408408509737e-07
2072,0.7206174419174542,0.8534260627757644,0.01778319536406252,0.04835686061514896,0.017786753538296868,4.419174542968918e-07
2073,0.6441531971235102,0.8069918044977694,0.014085843941757782,0.04628102886567266,0.014086901637186417,1.9712351018164043e-07
2074,0.92975592359467,0.9652797532442002,0.010154113215234375,0.02663311940304864,0.010158351614753654,-7.640533006281203e-08
2075,0.8495535288253775,0.9238828873448545,0.015643025314648448,0.040600908342680694,0.015645189437041844,-4.7117462254053777e-07
2076,0.9383920653961156,0.9718254946131502,0.011275038747070304,0.027866585741650022,0.011276648960073282,6.539611563383119e-08
2077,0.944677175152183,0.9723680538091005,0.0068669676416406285,0.02249804598096802,0.006867567504982405,1.7515218297958768e-07
2078,0.6762250115149624,0.8503748038953035,0.01360263840914062,0.051751623191932,0.013603811455599576,1.1514962428016418e-08
2079,0.9176104455295282,0.9581417475180578,0.008554429176562491,0.021088804190686393,0.008557889036963355,4.455295281591276e-07
2080,0.8055677243573679,0.9067757348060986,0.0185018745538086,0.05281003697948276,0.018509183739772436,-2.7564263205270834e-07
2081,0.8294770149111556,0.9216869732776696,0.013184210414707033,0.03727541974317976,0.01318545913899988,1.4911155532537634e-08
2082,0.294337169350393,0.6447432136085123,0.012461621728183596,0.05574376121202903,0.012462173762477696,1.6935039298671128e-07
2083,0.34706783469102664,0.6321890995283889,0.022019457829687505,0.07065517125444093,0.022022130353945377,-1.653089733433255e-07
2084,0.7368586937814539,0.8603873415810225,0.023710654716406255,0.05579693990019356,0.023718157149002998,-3.062185461866207e-07
2085,0.7199963381996546,0.8725945426769791,0.01897838840986328,0.06055559809372937,0.01898209370696204,3.381996546147903e-07
2086,0.8120958172698183,0.9505885618924244,0.011547033587812505,0.03134800622880721,0.011547989819340455,-1.82730181763624e-07
2087,0.730757292112135,0.8791126894556174,0.016154558643066447,0.04448856512345821,0.016157423596631484,2.921121350363265e-07
2088,0.9676711114908643,0.983844834768726,0.004321720282802737,0.012219444788973147,0.004321961565167134,1.1149086431849753e-07
2089,0.7525499098803088,0.8920776577975547,0.016852952710869125,0.051235170447136096,0.016854355846611598,-9.011969126504482e-08
2090,0.6373926096398204,0.8168785386774007,0.02736386037363284,0.07027096496840479,0.027368821810071862,-3.903601796251266e-07
2091,0.9527131686414859,0.976196699019569,0.008439698133417963,0.022593633019737814,0.008440533042839586,1.6864148588702221e-07
2092,0.8392479631421573,0.9397571252739517,0.011910924935937496,0.03290750188120343,0.01191281061592117,-3.685784266682646e-08
2093,0.7830680110583947,0.8905020840263607,0.01969489460351562,0.052456857005389754,0.019702702483058308,1.1058394755458778e-08
2094,0.7970064935595242,0.8972054274303519,0.017048010369921873,0.04528835568828699,0.017051167139455353,4.935595242505642e-07
2095,0.43259064394613345,0.8758889184932713,0.015461330602207035,0.048403191551364466,0.015462564748977234,-3.5605386655701565e-07
2096,0.8315631288117464,0.916986278155754,0.00936568412226564,0.03183127074402617,0.00936692967943614,1.288117463804639e-07
2097,0.9108117443222736,0.9576493753370687,0.0066457829134082035,0.026698193355927824,0.006646245587408248,-2.5567772632406616e-07
2098,0.6526888442705776,0.814033945033747,0.017389448084375012,0.05318110708450311,0.017391619955092488,-1.5572942235753118e-07
2099,0.9583757974939379,0.9795594168711989,0.007377951284667974,0.020819274621046,0.007378765520374998,-2.0250606214133882e-07
2100,0.6298082653096433,0.7975495990568264,0.023480309615039045,0.07107691955619828,0.023491866615009297,2.6530964325477413e-07
2101,0.6981457670487653,0.8489616238322262,0.020323835167001956,0.05378053095278419,0.020325609417903897,-2.3295123474653678e-07
2102,0.8311412175821117,0.957783132280312,0.010007001203398438,0.030682108436120167,0.010007742612598743,2.1758211166122976e-07
2103,0.9249088511754049,0.9630536241379488,0.01027970045478517,0.029590573748717455,0.010280799877355574,-1.4882459509202306e-07
2104,0.929824003277977,0.9648649902426717,0.006846970917695305,0.01598203465499894,0.006847414053436756,3.27797700094834e-09
2105,0.6779718490836935,0.8413758412241299,0.015111639745703134,0.05061803278060096,0.01511448983668527,-1.509163065627206e-07
2106,0.9219548251287937,0.9604590962843301,0.008640594003886724,0.024385209436330397,0.00864123289888508,-1.748712062932256e-07
2107,0.8233708206172403,0.9084847964790241,0.015708305862207065,0.04274950371372098,0.015709952753835195,-1.7938275964635153e-07
2108,0.6935274998682632,0.8820960669267601,0.012591702001074208,0.03799920940568835,0.012594004496168019,4.99868263226233e-07
2109,0.7916283357588179,0.9005297060419755,0.011929204765039053,0.03171556159615583,0.011931133342067185,3.3575881785985473e-07
2110,0.94994117489117,0.9746729957899357,0.0061413738802050845,0.015880574499417266,0.006141712486510484,1.7489116999058751e-07
2111,0.8840932835793986,0.9450530568887687,0.010328247514355475,0.02800047766934571,0.01032929802978835,2.8357939862999615e-07
2112,0.8470778275558665,0.9464333761530785,0.011029965925214854,0.032198874088641576,0.011030783413374691,-1.7244413352823784e-07
2113,0.8785019156758607,0.9492651966717944,0.013674589547167984,0.0404025769269334,0.01367603512185921,-8.432413933778804e-08
2114,0.8602600513135354,0.9289096778282274,0.011812720569414075,0.03535832737427335,0.011813689998216317,5.131353542076056e-08
2115,0.64399589597979,0.8152797038289784,0.020708489595605447,0.0659421457376297,0.02071242384595026,-1.0402021000111006e-07
2116,0.7922867683772142,0.9031320084851412,0.011026499293847674,0.0391012362268682,0.011030066918254075,-2.316227857290798e-07
2117,0.8794978515243647,0.9418340986741428,0.011679814513857413,0.03330344541036102,0.011680925864477526,-1.48475635342038e-07
2118,0.7858444090831072,0.9067796369544157,0.006991257356503909,0.02615030977625156,0.006991503208309582,4.0908310716680774e-07
2119,0.956936933853206,0.9786349943605426,0.0062293199830468805,0.018858680919508562,0.00622983599593924,-6.614679404215451e-08
2120,0.9058358085312861,0.9533438000906638,0.013539634112011726,0.03369844794297752,0.013542803648109043,-1.9146871388375786e-07
2121,0.8421383351418217,0.9260283920130651,0.015884810521972645,0.04392815258555543,0.015889192546772943,3.351418216279711e-07
2122,0.9183923307117702,0.9590723309350646,0.007540208446289065,0.02260521921128274,0.007541926617843436,3.3071177019117215e-07
2123,0.3476156567250497,0.7747313748246095,0.016045817499140618,0.04797381241188914,0.016046187197677485,-3.4327495029851107e-07
2124,0.8978856145451031,0.9482402802417977,0.010537861083496101,0.032454047415482884,0.01054122315075155,-3.854548968895699e-07
2125,0.8787544439357784,0.9439755327967942,0.011912595554882825,0.03307875452636069,0.01191459176490527,4.4393577836032705e-07
2126,0.8649076338037691,0.9336479419430785,0.00972569302315431,0.03188835846013884,0.009726441618636224,-3.66196230894289e-07
2127,0.9335763097680215,0.9729129175738868,0.012486400532519528,0.03296814397256393,0.012488155113317688,3.0976802156690297e-07
2128,0.9161010918887482,0.9589835462105404,0.011672988747265621,0.031866527923193645,0.011677333340005437,9.188874816601356e-08
2129,0.9123767527822811,0.9654268808708527,0.007067632205859373,0.02003166689169895,0.007069857612512507,-2.4721771885172217e-07
2130,0.8439876426942223,0.9212669138772559,0.017019695311230456,0.04405567384836036,0.017027099829944072,-3.5730577763182225e-07
2131,0.790332872103781,0.8898826307601664,0.01613497016409181,0.0491317174926669,0.016136524918267687,-1.2789621894881975e-07
2132,0.9206828893826369,0.9606319635860743,0.01176048677812499,0.03206552446616033,0.011761965747693446,-1.1061736315820525e-07
2133,0.8045330863335053,0.9000686651644159,0.013670952648046878,0.03826606927804467,0.013673071878476538,8.633350523368222e-08
2134,0.9052393958768402,0.9583332946364327,0.00808917623288087,0.02592299109017093,0.008089805552041147,3.9587684019792846e-07
2135,0.8774548216218687,0.9369570653000656,0.008598562989843739,0.028868859492366276,0.008600533336769006,-1.783781312658661e-07
2136,0.9182633376897618,0.9582975886607402,0.00938829625244139,0.025019043466714373,0.009390255520804575,3.376897617091146e-07
2137,0.9485116831678089,0.9749445157643382,0.00957805639208983,0.023728610954746678,0.009580231962176005,-3.1683219114952976e-07
2138,0.9604578951587822,0.9828865149351648,0.005322854221289062,0.01738478982550575,0.005323564016338211,-1.0484121781839661e-07
2139,0.8887838039695007,0.9472509735737414,0.012571308703906244,0.03577654151399012,0.012572597723317683,-1.9603049927763294e-07
2140,0.9048712006967412,0.9548459644586429,0.013177032180761728,0.035698152249646,0.013179825441794803,2.006967412260252e-07
2141,0.8508205948037791,0.9394341435976703,0.011786604846093736,0.03828868320035346,0.011790551340529618,-4.0519622090950946e-07
2142,0.8913747935788878,0.9452423142304319,0.007196289203300778,0.020924232483474636,0.007196952801644452,-2.0642111220325887e-07
2143,0.7483437028582228,0.9018751778329849,0.013794533803417972,0.04831912266564487,0.013796153627750406,-2.971417771835405e-07
2144,0.820130078229647,0.9102546873935228,0.012336977460937511,0.0319437918708544,0.012338266327342504,7.822964698256385e-08
2145,0.32086663814513694,0.6125817137572991,0.02390452634101564,0.08014957066955476,0.023910119852934928,-3.6185486307349635e-07
2146,0.945117858025396,0.9789526338326165,0.008213957524707024,0.02289671862169305,0.008214982260772734,-1.4197460396214723e-07
2147,0.919807017308267,0.9594504666310218,0.008065313115458984,0.02092430448141598,0.008065827845135331,1.730826693080445e-08
2148,0.7910518755710481,0.9425680025572116,0.01526907962568359,0.037247722427210014,0.015273695701565929,-1.24428951919775e-07
2149,0.8920338895189177,0.9478813366565051,0.01154633427144532,0.03513475989453573,0.011547461185641985,-1.1048108228273179e-07
2150,0.867098126675969,0.9321397027051898,0.014822564283984386,0.036184125160668705,0.014828629332770606,1.2667596893667366e-07
2151,0.8550575554041719,0.9264886937609308,0.013572571480957012,0.03478160486185106,0.013574819270120818,-4.445958280419049e-07
2152,0.6224853508974523,0.7903154651524539,0.009928837278779296,0.04592296962683648,0.009929142341649308,3.5089745231697833e-07
2153,0.9517067176677031,0.9789888932449395,0.004753800657158206,0.013047462749869792,0.004754247937755039,-2.8233229687479877e-07
2154,0.8860376829048582,0.9418661348739679,0.014626947172558616,0.04132598719117832,0.01463253328846682,-3.170951418107748e-07
2155,0.9302477302290495,0.9650196933494338,0.009761629696289052,0.028487945172895098,0.009764989755049842,-2.6977095046731847e-07
2156,0.9163558277535618,0.9583310436290167,0.006294095294970703,0.019638085691740442,0.006294540558495456,-1.7224643811264428e-07
2157,0.9505631162692652,0.9750895789959294,0.008475351291113271,0.021951557031178414,0.008476245084881111,1.1626926510466262e-07
2158,0.9453731416799732,0.9770065946490463,0.009678892154785155,0.026623553267268743,0.009680139566610126,1.416799731979168e-07
2159,0.9452930897271667,0.9724124924352107,0.007147004727597652,0.02078717225963548,0.007147580934552093,8.972716669664038e-08
2160,0.9434545094874779,0.9737977921592801,0.007442506330498046,0.01917518807843207,0.007443110681685111,-4.90512522155484e-07
2161,0.9560343063438653,0.9783455430024972,0.005384266654238286,0.012957403079374508,0.005384492411682359,3.063438652750605e-07
2162,0.7603586614734337,0.8874073092720172,0.01321019032216796,0.0436242646554224,0.013214167264554984,-3.38526566334707e-07
2163,0.7695520458257863,0.9037508876402583,0.022332627633496097,0.06051351125507727,0.02233703372731768,4.582578627676526e-08
2164,0.9278144834844602,0.9667971819642235,0.009416697409433586,0.023487058146617924,0.009417563108186283,4.834844601342425e-07
2165,0.480295136396383,0.7660381188447578,0.01788525617906252,0.06078682574685469,0.01788694165054922,1.3639638296591983e-07
2166,0.8570373942454941,0.9371937074176622,0.013211870931933576,0.03474505680179464,0.013215961212457005,3.942454940286666e-07
2167,0.9300157083613445,0.9759983969598491,0.010708563300683592,0.03140345588374836,0.01071006159546055,-2.9163865544745704e-07
2168,0.8829053348088192,0.9402185023379562,0.014021764662499991,0.03466846574344241,0.014026495690089591,3.34808819113519e-07
2169,0.8799938122286461,0.9454685131468662,0.016473475591406307,0.04308498493776651,0.016475574999788443,-1.8777135391001565e-07
2170,0.9127440059955354,0.9592753516647259,0.012897518923339851,0.036940579787385935,0.012899426447954866,5.9955354014817885e-09
2171,0.9098537844155326,0.9549698219143782,0.010907583384453115,0.02882154776377062,0.010908592596169728,-2.1558446750002958e-07
2172,0.8248798754183669,0.9453505466519864,0.011686026450585939,0.033415075871765135,0.011687306999595616,-1.245816330097682e-07
2173,0.7853986986967143,0.9095372898643083,0.014946310719726557,0.03854719869613089,0.014954741034756677,-3.013032856546971e-07
2174,0.8354150861958966,0.9229429132211554,0.015083051521191403,0.04286965275820326,0.015084817989581546,8.61958965314713e-08
2175,0.9097951859823848,0.9541134697988986,0.008704340529023451,0.024700240633337128,0.008705099767977587,1.8598238482603335e-07
2176,0.8023863920208875,0.9476956834676026,0.012313829935253916,0.03431387049414556,0.012317017070578976,3.920208874186315e-07
2177,0.7094700980517263,0.8754638656456458,0.02362418500849607,0.05942705198389445,0.023632517512768833,9.805172629384629e-08
2178,0.907542447212225,0.9541067191765619,0.007770022584541023,0.02799233460418751,0.007770646496741827,4.4721222502985825e-07
2179,0.40315426712787095,0.6649582238378101,0.025925954953261717,0.08353004846206072,0.02592851101154646,2.671278709343028e-07
2180,0.7154472885015439,0.857359247838789,0.014593174085937483,0.050464018910338186,0.014594828592193765,2.8850154387694005e-07
2181,0.9019566849954657,0.9551668261588241,0.008070914493154288,0.029181749136383994,0.008071500253389206,-3.1500453434585296e-07
2182,0.9265385523001302,0.970793358656642,0.008060885074667972,0.02513401688127457,0.008061592273335657,-4.476998698432766e-07
2183,0.8908071479069604,0.9443932569783102,0.013097744980566402,0.040284920812777784,0.013099409349600251,1.4790696034605588e-07
2184,0.8959550774233395,0.9473310036062514,0.00879171623404298,0.029924062017569416,0.008792556297644376,7.742333951732405e-08
2185,0.7910673788493559,0.8958190608270942,0.009195055174218734,0.02944814334404522,0.009196164895668256,3.7884935588650137e-07
2186,0.9727858618059044,0.9863437698723282,0.002843078817910154,0.00868321549495111,0.002843119008126728,-1.3819409561133256e-07
2187,0.9214197307358372,0.9602976920211331,0.007223511604101567,0.02012560596096639,0.0072243461742978795,-2.6926416285544263e-07
2188,0.9191835622682372,0.9623927911633926,0.005841323346679682,0.016192218206761026,0.0058423733105519,-4.377317628367905e-07
2189,0.9547088961654535,0.9771734794700874,0.006729311336416019,0.020241329168913972,0.00672989135095802,-1.0383454651652357e-07
2190,0.896023915838604,0.9473836504983509,0.010912810444921879,0.031187680806374973,0.010916700115389812,-8.416139607447803e-08
2191,0.9751998601875302,0.9880154665866493,0.003990709840302736,0.009944454786025432,0.003990839869448278,-1.398124697127301e-07
2192,0.9647426554214511,0.9879400793037044,0.004874540577480466,0.016773067504399112,0.004874907969898462,-3.445785489164521e-07
2193,0.9327463250687729,0.9664773792566974,0.009087791652812507,0.027511658444289988,0.009088632935939952,3.250687728995061e-07
2194,0.8907248014908136,0.9680220921856524,0.007597038985332036,0.02288913343946142,0.00759758829195323,-1.9850918642205784e-07
2195,0.8977966811006897,0.9526336656166896,0.006352678798408203,0.021780873416121577,0.006353061735112633,-3.1889931029205343e-07
2196,0.8642765563752646,0.934424443074209,0.010992700071484372,0.032583894707358056,0.010996225759460573,-4.436247353911682e-07
2197,0.8854530963577486,0.9415025349354639,0.010456411269628905,0.0315935795986341,0.010459199626356334,9.635774855798473e-08
2198,0.8208713880090477,0.9388416735391101,0.01562234411700195,0.039213816023974044,0.015623859144812022,3.880090476693354e-07
2199,0.8129108174405227,0.9107553718699968,0.01219275087324217,0.03211270570083473,0.012195848496801873,-1.82559477313049e-07
2200,0.7255123193601176,0.8617730681138263,0.014126162786298854,0.0470404255094275,0.014127348390954567,3.193601175732752e-07
2201,0.5156787261098728,0.7731743516779004,0.00932003877577148,0.041114882383847244,0.009320512250150967,-2.7389012724476913e-07
2202,0.9023305020434118,0.9524639636563914,0.011401563971191391,0.032715657435037966,0.011402960788276111,-4.97956588185744e-07
2203,0.8865074620634308,0.9441945110552915,0.014106014047656231,0.03995961425259269,0.014111561381460027,4.6206343073951217e-07
2204,0.8337604601827432,0.9140723748243054,0.00850504135258789,0.03404905110558191,0.008505521410935687,4.6018274324488573e-07
2205,0.5547323591539038,0.8237659743906683,0.01850176847041016,0.05416155020038455,0.01850898301286281,3.591539038394487e-07
2206,0.9601943847767731,0.9817570394475434,0.010982522256835938,0.026934647414368337,0.01098441096698589,3.8477677311021807e-07
2207,0.9534094205481423,0.9766600076575355,0.00848566729345704,0.022539675729406374,0.008486576180306222,4.2054814231029525e-07
2208,0.9530204637166125,0.9770493957087842,0.006449505647685554,0.016073391692667135,0.0064498389383398115,4.6371661255317775e-07
2209,0.9216672641748721,0.9602643690431268,0.010746940666406229,0.029466496872265466,0.010749974267219537,2.641748720888515e-07
2210,0.8885033632355653,0.9571209635847653,0.00829972563006836,0.02560086620960365,0.008300232573828004,3.6323556529271883e-07
2211,0.706678362964213,0.8530263027333704,0.014380284490234365,0.04581575457721714,0.014383279212662642,3.6296421301873494e-07
2212,0.9140768148707363,0.9613061972297952,0.012525679659082021,0.03448430855256375,0.012527761333291192,-1.851292636967372e-07
2213,0.8474986148801842,0.922793170296901,0.010160406252636726,0.02754484628317075,0.010162548082815526,-3.851198158155711e-07
2214,0.8975609337563082,0.947776766124619,0.011858185616552731,0.03656910876314449,0.011859330185532122,-6.624369186525314e-08
2215,0.8517283300047064,0.9229800330448528,0.01242926045488281,0.03626856605946091,0.01243420826135654,3.300047063392597e-07
2216,0.5600255758012177,0.797215208089809,0.014667427274414072,0.04780273511024801,0.014669856050989527,-4.241987823228044e-07
2217,0.9679527546914767,0.9873126828416783,0.006579989347705084,0.017681978588603226,0.006580599564202044,-2.45308523272314e-07
2218,0.917711396536491,0.9590376852328109,0.005045784941894535,0.017148616260010456,0.005045882190374648,3.9653649097637356e-07
2219,0.5022396682762985,0.7281181602947784,0.03746316095732419,0.0963925599652456,0.03747909553210152,-3.3172370150769126e-07
2220,0.8146395963693034,0.9071257151183724,0.017523074778222646,0.04894802449755889,0.01752682100651431,-4.0363069664373086e-07
2221,0.6718219285631527,0.8547239705450146,0.02282288609421876,0.06957840867832903,0.02282512914271299,-7.143684732646705e-08
2222,0.9108352407385547,0.95454632939769,0.010719461957324225,0.03003609826129752,0.010720663025364945,2.407385547575913e-07
2223,0.8498675457869362,0.9292795710928529,0.012749662892675826,0.033401215784138176,0.012752160923680894,-4.5421306371640213e-07
2224,0.838324751034041,0.9344734139947137,0.009573960378349608,0.03071930442211907,0.009574705175611554,-2.489659589599569e-07
2225,0.6779522397512842,0.8471765644302796,0.01832244265205079,0.06198552007777827,0.018326428653948307,2.397512841589844e-07
2226,0.8483789842688267,0.9254019641274528,0.013661776983105481,0.04233285681358277,0.01366533378115017,-1.573117325293083e-08
2227,0.8507899446921616,0.9278220882311025,0.00992747566396485,0.030928952614099343,0.009929309718678158,-5.5307838420226574e-08
2228,0.9252282804634959,0.9665983106167042,0.0122813600944336,0.03267680951424715,0.012283082567069987,2.804634958719632e-07
2229,0.9368708106829984,0.9708645252672755,0.00865916409970702,0.02385288237582597,0.008659956856492143,-1.8931700163093979e-07
2230,0.8412929924542025,0.918025812348499,0.016096541312109355,0.03938765720655813,0.016099358762680323,-7.545797431340873e-09
2231,0.8626708698405846,0.9298685954830751,0.01296753209873049,0.0401403082384292,0.012969260474463066,-1.3015941535687858e-07
2232,0.8768850311799585,0.9401477401986159,0.015852527997460945,0.04105492411621168,0.015858817296739776,3.117995850399069e-08
2233,0.6243619757786278,0.8210665815756398,0.02091657420576178,0.06314121777990953,0.02091884886072223,-2.4221372130206476e-08
2234,0.904479929845143,0.9571565006685089,0.01207770927851564,0.0383675014443745,0.012079457823521643,-7.015485692374313e-08
2235,0.9201936738267754,0.9779270379161837,0.006943290473730472,0.020191365249291073,0.0069447556331330386,-3.2617322454076003e-07
2236,0.9233522383424385,0.9628300557289606,0.011784838748535174,0.03238326342506604,0.011786306859167966,2.3834243856324377e-07
2237,0.9530119633932932,0.9770897998504239,0.0073960207883300945,0.019744254095004056,0.007396723430678553,-3.660670677696487e-08
2238,0.9322988746944606,0.9668069816387985,0.010687878298632799,0.029295286300317386,0.0106891755626331,-1.2530553938905342e-07
2239,0.901471887049365,0.9602011859211008,0.009694290456142564,0.030813499169286152,0.009695098449622346,-1.1295063506722158e-07
2240,0.9626175612551382,0.9819193443560452,0.0075497207344726565,0.01900511496003941,0.0075520493711359995,-4.387448617748646e-07
2241,0.8988444002324156,0.95417356868968,0.008629210453017589,0.02561957354720357,0.008630047255107322,4.0023241565378953e-07
2242,0.6762340081936065,0.8608516912853137,0.026553637610058595,0.07247807237599137,0.026566437582693666,8.193606459983016e-09
2243,0.8942631167714774,0.9505214177716494,0.01205584879671876,0.033586594673021886,0.01205700291064059,1.1677147737643168e-07
2244,0.880640188333702,0.9414106009464008,0.0109664975147461,0.030451530928923637,0.010968323226148895,1.8833370196702504e-07
2245,0.8245683200629397,0.9312999373339351,0.012003384648037093,0.03744574497447901,0.012004502618242508,3.2006293970709976e-07
2246,0.9451197593261789,0.9741492708170658,0.008504568497900386,0.022138573700744107,0.008505349480693291,-2.406738210947168e-07
2247,0.9275366751011511,0.9665199465163259,0.009934093576953133,0.02637400791886895,0.009936271075982486,-3.248988488246951e-07
2248,0.8162981508865531,0.9136977857673555,0.011715660371484388,0.04091075809550441,0.011718334377034048,1.5088655314077215e-07
2249,0.6922345273379845,0.8356164563691437,0.02038968408749998,0.05755061039440879,0.020394305288199858,-4.726620155270922e-07
2250,0.882938444228868,0.9397625208744441,0.012338884262597646,0.03298725665494258,0.012340960310773157,4.44228868023977e-07
2251,0.7873935100573453,0.8951754263001187,0.017023079891015612,0.043213757003028284,0.01702896326670124,-4.899426547799735e-07
2252,0.6496644261485726,0.8208677628907055,0.01776514176298829,0.05665028150412328,0.0177707215029794,4.2614857254097416e-07
2253,0.9215218295874279,0.9624578429592839,0.0063212098092968756,0.01687807676470424,0.006321444579341031,-1.7041257205363536e-07
2254,0.9027170831328422,0.9540608463754638,0.010126903871191419,0.030503789087584037,0.010128355713251285,8.313284216576733e-08
2255,0.8703751667529779,0.936822033872496,0.016735532705859365,0.04297340665842176,0.01673778431779781,1.66752977870388e-07
2256,0.9187937098337006,0.9686990298914291,0.008850468345410159,0.024002265687848284,0.008851711936582869,-2.9016629943257044e-07
2257,0.5649306588791443,0.7748669071540839,0.019541061590957042,0.06173406253618791,0.01954299360935096,-3.411208556736156e-07
2258,0.8324049827210428,0.9339359580909808,0.01901420555156253,0.053600887895897543,0.019016698385897163,-1.727895715397665e-08
2259,0.8555294359536906,0.9258038883479148,0.011833354204199219,0.03649547196192735,0.011834974693907213,4.359536905917949e-07
2260,0.8358748185440407,0.9208093334395416,0.012861613682128905,0.03235341748817352,0.01286446442428929,-1.8145595936935877e-07
2261,0.8586644831196274,0.9324274711001915,0.018346154260839832,0.04621631317822832,0.018356086829368026,-5.168803726141036e-07
2262,0.6697391869755512,0.8311161013842238,0.02584679722763671,0.06821614459072645,0.025857661357671095,1.8697555126401255e-07
2263,0.7872254918153523,0.8999076409502809,0.015199886089902342,0.04508054202602031,0.01520127795463487,4.918153523325586e-07
2264,0.92799494952249,0.9761927299751816,0.014513868449218736,0.03565564771118779,0.01451849474579174,-5.047751006070911e-08
2265,0.4146136457196372,0.86557669594007,0.01341728943312498,0.049762298482846246,0.013418024811463456,-3.542803627687441e-07
2266,0.8780634980040958,0.937877936555277,0.00950890524570314,0.030832803076772924,0.009511439665818782,4.980040957391907e-07
2267,0.749826474004927,0.8726360730885006,0.02023481112871093,0.05892485589246306,0.02023735989467056,4.7400492697580177e-07
2268,0.9109117463656076,0.9580110150458807,0.010061996968554688,0.029016905217978388,0.010063603867457702,-2.5363439248859976e-07
2269,0.867652459927261,0.9364862034631048,0.013539478591503907,0.037840126445012806,0.01354202412640502,4.5992726105392734e-07
2270,0.8762420593438515,0.9620214090959136,0.009644876845996091,0.025465445428996186,0.009646686120564747,5.9343851499527034e-08
2271,0.9509337877503493,0.977489828431058,0.008694657233789064,0.025256455520758538,0.008695691176687476,-2.122496506329341e-07
2272,0.7852277556891545,0.8877075937502213,0.016144449829980485,0.050219296517649344,0.01614669940428819,-2.4431084555409655e-07
2273,0.8049289319500201,0.9005421206944266,0.01848491603437499,0.05463807312506992,0.0184875319776285,-6.804997987330808e-08
2274,0.9678222114235123,0.9840396852970115,0.006284460603632819,0.019352420139060824,0.006285068240196388,2.1142351236402845e-07
2275,0.9407864795934827,0.9766863329310285,0.0105299325171875,0.028306931238419618,0.010534456595405016,4.795934827050985e-07
2276,0.8974796484863367,0.947846862651811,0.011880466814160153,0.028491874784802102,0.01188238457042966,-3.515136633991389e-07
2277,0.7999011894266818,0.9284103551890828,0.016394357924804683,0.040685439422637665,0.016397152058545205,1.8942668178478783e-07
2278,0.8271633635924722,0.91124122447024,0.009319840263486328,0.035038516165483306,0.009320502942670688,3.6359247224115876e-07
2279,0.7236904107833892,0.8534777266842801,0.01593708470078124,0.04810471272236461,0.015939066714163706,4.107833891930923e-07
2280,0.9617648245435321,0.9815949408087551,0.005131931586308594,0.012980631233164338,0.0051321617067428245,-1.7545646791017333e-07
2281,0.7797080668326092,0.8967864115768313,0.019918536720507803,0.05963662819905885,0.019922538293812866,6.683260922457634e-08
2282,0.41823806118143525,0.8458663736821797,0.0230294434144531,0.06179053535239005,0.02303333030736913,6.118143525135622e-08
2283,0.9340304061479064,0.9754147758890116,0.00993355474081056,0.029171191351275903,0.009934530299863914,4.061479064176865e-07
2284,0.8040509114921751,0.8970211290489882,0.015285143897617188,0.04349033189848512,0.015286635662608019,-8.850782484692843e-08
2285,0.895116397307636,0.9464142667651748,0.011946292023828133,0.030790870774947736,0.01194908767061663,3.9730763601308894e-07
2286,0.9567706898082659,0.9795016396817867,0.008700497862011703,0.02348232367036073,0.008701507705046602,-3.101917341874483e-07
2287,0.867466219240891,0.9372015225506193,0.009549629990185545,0.03063898258556322,0.009550409021347099,2.192408909973409e-07
2288,0.6414116920371598,0.8075254603506454,0.017367328621621075,0.05479488079759398,0.017368470022760287,-3.07962840229159e-07
2289,0.9174264637086913,0.9693412693263409,0.011271731795117172,0.032207392983974126,0.011276124395844224,4.6370869133394166e-07
2290,0.7903106709588821,0.9037435774683624,0.009818743554101584,0.035497883938742016,0.009820459251183704,-3.2904111790799107e-07
2291,0.7222909718013477,0.8542349552315108,0.012658925522851562,0.04817289578733862,0.012660854187486418,-2.8198652302080518e-08
2292,0.7859577102473301,0.8921925094881155,0.014714800889453122,0.04020634997419731,0.014718014360364705,-2.897526699685571e-07
2293,0.9063273334509249,0.9537662307392907,0.012003837845605445,0.03219902289713693,0.01200538622108469,3.334509248720252e-07
2294,0.5151944883923651,0.7487933581085774,0.014192932047460931,0.04414100561552457,0.014194450701805401,-5.116076348121723e-07
2295,0.9444060220392562,0.9741199803182735,0.007433167294648433,0.019610137204285717,0.007433691744797515,2.203925619781444e-08
2296,0.8750935622709693,0.9387407195281336,0.013729579732910164,0.03517116024107354,0.01373436810910302,-4.377290306889492e-07
2297,0.8975896185605089,0.9587945773006313,0.015024373390917955,0.04061458379588681,0.015026535121784456,-3.814394911039187e-07
2298,0.9285376541282135,0.9668057490706189,0.0061504610400683534,0.017641736122604168,0.006150707266042726,-3.45871786433527e-07
2299,0.8465951927214166,0.9259351384516304,0.01582664488876953,0.04783749960040453,0.01582982534604384,1.9272141660309217e-07
2300,0.7846376103251466,0.9033888538477741,0.009882575793710942,0.04130037345264285,0.009883398815364168,-3.896748533849248e-07
2301,0.8349088926207927,0.9140779379480974,0.013081660704023418,0.04433786338558441,0.013082946711109829,-1.0737920730363726e-07
2302,0.887365817701512,0.9436787604966581,0.01052802474003909,0.02677459035735473,0.010531175506623684,-1.8229848797179926e-07
2303,0.5218820417498965,0.7304944105458138,0.02043217110332029,0.0614554072231631,0.02043529810241827,4.174989653993322e-08
2304,0.8980741258669098,0.9491005311782301,0.010949219805273445,0.032362441453666776,0.010950907629243072,1.2586690978366732e-07
2305,0.9077991638777331,0.9539018571999903,0.007821947306542969,0.023625325736031686,0.007824002838739966,1.6387773305037712e-07
2306,0.21305056941031064,0.8509571535733417,0.018697589736884755,0.06117799998829236,0.018698677840622343,-4.3058968934861497e-07
2307,0.8203877607866257,0.9121477147762996,0.01502154112070314,0.0398533704345809,0.015027672899645564,-2.3921337433119305e-07
2308,0.9167876767028426,0.9595608128564824,0.009932119624023458,0.02790188824059739,0.009934793426639294,-3.232971574895771e-07
2309,0.8710290280658647,0.9564149148502415,0.012733065417382821,0.03704676177291194,0.01273441327607473,2.806586463233174e-08
2310,0.8475944720315989,0.9385553690260895,0.014063945156445332,0.04283925506518665,0.014065544996851254,4.720315989192869e-07
2311,0.535459972060691,0.740886747431232,0.01663672177504884,0.06177608920797931,0.016637871162946377,-2.793930908850939e-08
2312,0.8988134389398055,0.9508164863276389,0.010019483959648422,0.029050983577328028,0.01002030681050979,4.3893980550269163e-07
2313,0.9392305768261243,0.9734775466981147,0.0060008082781933545,0.015198295079510099,0.006001069917220386,-4.231738757187742e-07
2314,0.8134383709750748,0.9175885325773158,0.008970229943652349,0.027462769277947458,0.008972977316766127,3.709750747704632e-07
2315,0.9231722685581951,0.9610259934113837,0.0077499444230078075,0.020415749300803934,0.0077506462524741734,2.685581951267224e-07
2316,0.8556956187021503,0.9693920135780193,0.012722847808398427,0.031006592479514237,0.01272413337976273,-3.8129784973861547e-07
2317,0.8635392512403018,0.9310409503044011,0.009934320401171886,0.03217125661919516,0.009936164620891441,2.5124030189616064e-07
2318,0.8244799751643002,0.9127910592396613,0.015582921081933565,0.04013102292582405,0.015584498624365267,-2.483569983002809e-08
2319,0.8781133517011169,0.9436700318978347,0.010806832045214848,0.03189121394698228,0.010807997019759213,3.51701116896308e-07
2320,0.7287715736277263,0.8708451016980545,0.009404534359472659,0.03363986353318077,0.009406011373210779,-4.2637227370967423e-07
2321,0.8955268080342472,0.9491211106642431,0.007381724008056632,0.017817037500364282,0.00738187192039595,-1.9196575273827676e-07
2322,0.9382045040232204,0.9699727382876485,0.011010502096386716,0.02745964469987957,0.01101191966080465,-4.959767795353898e-07
2323,0.9242546422608509,0.9677650595208516,0.008713397730371102,0.026947002612604413,0.00871587563899828,-3.577391491926818e-07
2324,0.888710577879858,0.9570508744203248,0.016769024574707043,0.042988923148416465,0.01677162766717117,-4.221201420628873e-07
2325,0.9466944835611428,0.9733424465311445,0.0066061203987109315,0.019374445300305732,0.006606613447431669,4.835611427944642e-07
2326,0.857526028717011,0.9344557672641544,0.01458694697099611,0.04005739019260661,0.014589250990130127,2.8717010991385905e-08
2327,0.7394024989816079,0.8714677805265225,0.01925586029257812,0.051202020556880785,0.019263057612361918,4.989816079215004e-07
2328,0.8728936249627487,0.9428133772092847,0.013985308449414079,0.041492641170820695,0.013987493859650958,-3.750372512545397e-07
2329,0.8550005807937548,0.9257277118236386,0.013953678111914072,0.03809107823923497,0.013961169792898766,-4.1920624516134097e-07
2330,0.794284842277639,0.9336327587129764,0.008566864345468744,0.028859239158612566,0.008567209868324863,-1.577223610604861e-07
2331,0.8349555712178977,0.9346029691802743,0.01197980243535157,0.03313909869928249,0.011982953666971686,-4.287821023796212e-07
2332,0.9177779874242931,0.9614816300951091,0.012071931895996105,0.03510746204757755,0.01207691031605112,-1.2575706920259222e-08
2333,0.9624650311853833,0.9833838697837142,0.00660576060725586,0.018460624746078645,0.006606373571700062,3.1185383275733614e-08
2334,0.6857118611396449,0.8431086582267239,0.01957327441904296,0.053522387379984375,0.019575409718437835,-1.3886035510335404e-07
2335,0.8763172776147545,0.9485548247822773,0.01360117920703125,0.031874223511592456,0.01360351719047706,2.7761475451804074e-07
2336,0.8363749510892879,0.9199167391236306,0.011599891417705075,0.0363104106952747,0.011600955872575917,-4.891071203605435e-08
2337,0.9139593680261032,0.9571312181163865,0.009374721818945312,0.026614017361419457,0.00937830832694772,3.6802610325903373e-07
2338,0.8174097477436405,0.9226964441829354,0.016046785733105483,0.04776897672713732,0.016048788016810672,-2.522563594675731e-07
2339,0.9255303503744835,0.9677719189376107,0.007862745807509772,0.023366460919070013,0.00786344224679748,3.503744835375855e-07
2340,0.7803913344968965,0.888484686809924,0.018616404267773456,0.05013522760568581,0.018618762388024308,3.3449689651465775e-07
2341,0.845182376249936,0.9196039071334574,0.007326509873593748,0.026704782781444107,0.007326781131619495,3.762499359849514e-07
2342,0.8911159187412212,0.9508402631494286,0.010098497775400405,0.028667747720528023,0.01009933602796622,-8.125877881681731e-08
2343,0.7976685659542708,0.8962655375387306,0.013193570678613292,0.043520208015301924,0.013198505646069128,-4.340457291363009e-07
2344,0.4810774676561248,0.7199854969231545,0.019697372205273452,0.06033343543133954,0.019700724230309285,-5.323438752036225e-07
2345,0.9021638643961165,0.9510873498834703,0.007536134491074234,0.021518702285013822,0.007536885097224058,-1.356038834554596e-07
2346,0.8439292776214622,0.9262866040789697,0.011138988546679681,0.03329555814534371,0.01114091399073741,2.776214621524886e-07
2347,0.5139094272077998,0.7457220275291674,0.020320056245019542,0.0660201416153724,0.02032617171932622,4.272077998024315e-07
2348,0.41423539227456196,0.682370461250416,0.017885691484960938,0.06600404905473647,0.01788989323588254,3.922745619444612e-07
2349,0.7625498966459198,0.9164217217063589,0.013103992502470704,0.04157404717126528,0.013105203434014273,-1.0335408018313785e-07
2350,0.9037690526469782,0.9518125663470018,0.008528843393584,0.026578079661183127,0.00852953546158226,5.264697811036001e-08
2351,0.8485040923805139,0.9244201327926036,0.01113798955458984,0.034948255745594195,0.011139115890748778,9.23805139052547e-08
2352,0.9288466437998806,0.9639542580360102,0.011598404984570324,0.03233245780751002,0.01160002687712823,-3.5620011940018514e-07
2353,0.9173718841003441,0.9621188478343937,0.009861405120996113,0.023840353870144698,0.009863641077241896,-1.1589965587255335e-07
2354,0.8963342197321357,0.9476740016716858,0.009259507324218761,0.02596046693369308,0.009261253986533243,2.197321357089166e-07
2355,0.620130659547277,0.7980247501236702,0.02037036189970701,0.05824429167516313,0.020373945725657622,-3.40452723013307e-07
2356,0.9350778909952338,0.9680324824153932,0.008818908207812498,0.028026011557408168,0.00882196264123095,-1.0900476621333866e-07
2357,0.8758122726467652,0.9552011019196052,0.012317160914160151,0.036644299864349,0.01232136540390871,2.726467651648079e-07
2358,0.9419194607621411,0.9714775967713397,0.004695810565664065,0.013234014102733747,0.004696011274312972,4.607621411079066e-07
2359,0.9127273708737951,0.9740709137692989,0.01263847746376953,0.03691334955747051,0.012640157809692293,3.70873795119131e-07
2360,0.4976817754313162,0.7133146672582316,0.01473482846982424,0.054840358667598225,0.014737496985455897,-2.2456868381537376e-07
2361,0.9367371158900877,0.9771123194347823,0.007128685893749996,0.022335536269999165,0.007130504377724841,1.1589008763746023e-07
2362,0.9144741782342429,0.9707429466953873,0.009944108208300778,0.03459655187255731,0.00994603898510797,1.782342429201833e-07
2363,0.9601440560510162,0.9829974535081046,0.007704138315625002,0.021134574513679,0.0077049261890164,5.605101616179553e-08
2364,0.9335917500014382,0.9775974582856675,0.00878741758017579,0.023304150791705548,0.008788318797661197,-2.499985617410161e-07
2365,0.7559858832712344,0.8701182180645285,0.015454486394921887,0.04222429223084543,0.015456515122812164,-1.1672876565338441e-07
2366,0.8827706461615102,0.946338709523394,0.010040909540527334,0.025142212260416408,0.010042205746267798,-3.5383848973058463e-07
2367,0.8646027722552054,0.9305212535703735,0.019353247367480498,0.048714915714294774,0.019362618398464943,-2.2774479457865482e-07
2368,0.8974696344500959,0.9608108592712454,0.011065366063476545,0.035841047591184845,0.011066495026353101,-3.65549904124407e-07
2369,0.748601632796169,0.9524189834147535,0.014527776654355494,0.0384700812133527,0.014528996433635859,-3.6720383100874443e-07
2370,0.741986648910221,0.8692217979345274,0.02266048922597658,0.060777099553525386,0.022668770168522926,-3.510897789160694e-07
2371,0.8910554410075405,0.9606455365793055,0.014317387431738278,0.0349233256156517,0.014319264262000876,4.4100754048592705e-07
2372,0.8939647694575255,0.9504361830136722,0.011125440265332028,0.030010085693380834,0.011129954692933,-2.305424745552287e-07
2373,0.7101588346256489,0.8573247196908235,0.011334173692773453,0.033659604897614305,0.01133535463382345,-1.6537435110208776e-07
2374,0.1117610116802008,0.6015215357618355,0.023924719436259744,0.06967355953563592,0.02392655714108238,1.1680200806551966e-08
2375,0.8806123668995909,0.963554747135647,0.012363683616894538,0.03122585434418473,0.012364945995035492,3.6689959093116897e-07
2376,0.8856682598625734,0.9520195679767756,0.008316223864091803,0.024870179519986282,0.008316631676529867,2.598625733485349e-07
2377,0.8359470901943431,0.9227880266951428,0.017279760324609383,0.052490805117960886,0.01728259782991237,9.019434310530983e-08
2378,0.9328968173643548,0.9751433781963373,0.006882829111132825,0.02058155975946787,0.006883908405400556,-1.8263564516285413e-07
2379,0.8890519934332255,0.9446177485184744,0.010288985066796869,0.02584178013644938,0.010292053582878692,-6.566774457539282e-09
2380,0.8473519064070378,0.945640846769733,0.009952687777539057,0.029449506585342598,0.009953515239040483,-9.359296215816215e-08
2381,0.5735259788512974,0.8491326044624283,0.01456020294158203,0.03846922481428782,0.014560932947548543,-2.114870256697543e-08
2382,0.7605309691549154,0.906119378631237,0.017706825139257823,0.05516796388857494,0.017714069377014422,-3.084508459760826e-08
2383,0.8145613710794184,0.9115304060277057,0.015670002511425765,0.04109917308499924,0.015673285350004777,3.710794184152988e-07
2384,0.8974818779740397,0.9474143418260083,0.008500620212753919,0.022549356548431407,0.008501028385721386,-1.2202596033628055e-07
2385,0.5884721105686879,0.8039095126493571,0.020137380072753893,0.055139158303280665,0.020141667279002563,1.1056868787218121e-07
2386,0.6254670399030866,0.843400639783117,0.01759673845507814,0.054613838734272266,0.01760105778634081,3.990308661272479e-08
2387,0.9477865421935946,0.9744942139412532,0.009435945704785155,0.02325881011882309,0.00943710315605014,-4.578064054516773e-07
2388,0.9000481620640195,0.9531871464918664,0.01300029521669923,0.03535663440122117,0.013002009898361007,1.6206401953766658e-07
2389,0.9273999981100501,0.9634742808436412,0.009270987966796877,0.027201328389427498,0.009273705837733116,-1.8899498632762857e-09
2390,0.9225098575984026,0.9637639686544255,0.007354895699003912,0.0184728193184036,0.007355248035391082,-1.424015974027526e-07
2391,0.7487035696874474,0.9139955882403116,0.010155571345966785,0.033767149136019456,0.010156458459291797,-4.3031255259062817e-07
2392,0.8825906064587101,0.9405788508295558,0.013740120883789049,0.0368713207255084,0.01374291211046742,-3.93541289889221e-07
2393,0.8287635758091771,0.9264872252120052,0.011688740257285163,0.035219490461944024,0.011689620241493181,-4.2419082280087395e-07
2394,0.924396612980415,0.9615837160610632,0.01122582123359376,0.02655421782735341,0.011229404413018505,-3.8701958504638867e-07
2395,0.8605836547121453,0.9359367269628348,0.015772365488085933,0.03961362060303089,0.01577647312004395,-3.452878547527405e-07
2396,0.8128478649679454,0.9054837599690876,0.018535013356835956,0.05285679885705568,0.018537753307218224,-1.3503205464893142e-07
2397,0.8491190867532769,0.9233778427135605,0.013873723185576184,0.04047350893662506,0.01387510704476874,8.675327689555701e-08
2398,0.9136658564173827,0.9587825910786303,0.008034344516650369,0.023403476610592354,0.008034889807580766,-1.4358261724023436e-07
2399,0.7715985731859039,0.8845004026544309,0.014858451125439496,0.04577547743343797,0.014859784104095018,-4.268140961771749e-07
2400,0.7855804028055013,0.8984973085189052,0.0126769010758203,0.04047589569411494,0.012678081252414021,4.028055013982623e-07
2401,0.8511753554558001,0.9248092175073495,0.01269532070152344,0.03439084151102946,0.012696534225472655,3.5545580012730227e-07
2402,0.8846991587683339,0.9417132363111386,0.01163139584384765,0.032295011447308605,0.011632690160934751,1.5876833392436396e-07
2403,0.9121010331235138,0.9818896679532437,0.00663273988708985,0.022848748288467075,0.006633198010701422,3.312351370965416e-08
2404,0.8944741231754065,0.9468760504623959,0.009307994061494127,0.029292038613808136,0.009308838653449126,1.23175406541165e-07
2405,0.9309369677754883,0.9674075148676777,0.009400262679658218,0.025015789894660544,0.009401092730150619,-3.2224511725686966e-08
2406,0.944119963291051,0.9723573723701298,0.005970709032324226,0.015981079357256258,0.005971367361841723,-3.670894899165944e-08
2407,0.8486176839586246,0.9277005449673572,0.008260642010917977,0.029563591486382605,0.008261044327824653,-3.160413754033087e-07
2408,0.9249040682547796,0.9720942920217122,0.009411478247275397,0.03084610773801421,0.009412407405873341,6.825477960603621e-08
2409,0.7791668287626615,0.9099941028014693,0.007613923809873049,0.024500923335115235,0.007614002903449949,-1.7123733853097178e-07
2410,0.8965641200771368,0.947723043696785,0.007913400895654305,0.02803254471624438,0.007913959682224499,1.2007713678929832e-07
2411,0.92014943271387,0.9624357934654376,0.010831640156054702,0.03019964033670907,0.010832860660883495,4.327138699578015e-07
2412,0.9454865269299961,0.9725080188612119,0.00808419735566408,0.024819677579983403,0.008085093942454715,-4.730700038368951e-07
2413,0.9434524937079012,0.9717392443167535,0.007785117714921862,0.023337400118546906,0.0077857789254671345,4.937079012279355e-07
2414,0.8399888761100109,0.923722757568514,0.016583483852441405,0.04647178883397779,0.016585769981901245,-1.238899890454448e-07
2415,0.8711209084346214,0.9371464466133245,0.008605135027255859,0.0253286995390039,0.008605555750983302,-9.15653786126569e-08
2416,0.9204955973255551,0.9747635627430674,0.010565562519570321,0.029983314395989273,0.01056651422616995,-4.0267444489927584e-07
2417,0.9673837745425431,0.983704858163681,0.00859221660390623,0.021882557224038746,0.008595667040467813,-2.2545745692603703e-07
2418,0.6208386200334375,0.7946786280905431,0.02360325936406249,0.06906901839824738,0.02361184715815684,-3.7996656254701833e-07
2419,0.9147868230534089,0.9575165587583097,0.006853284583847663,0.025221138462375108,0.006853737965467816,-1.7694659115718991e-07
2420,0.8494818229009513,0.9399680583234624,0.014764524812011699,0.04420188008153237,0.014767711068246675,-1.7709904864826598e-07
2421,0.8406732165778389,0.9179288786043437,0.011444516136162116,0.03603099611590912,0.011445309975537022,2.1657783888517912e-07
2422,0.8945974253298674,0.9485133780582272,0.010872697539062491,0.03159373550205677,0.010873813928528762,4.25329867437263e-07
2423,0.9227683533526879,0.96920399801236,0.007554750522656242,0.02414157850824717,0.007555342829046064,3.5335268788738716e-07
2424,0.45008788709481695,0.6895596671892457,0.021419099484667956,0.07204080084408793,0.02142142349061817,-1.1290518303619379e-07
2425,0.9282211179621898,0.9647008999823461,0.008563855216503892,0.026599722612154302,0.008564754043760538,1.1796218979398532e-07
2426,0.5445565812575164,0.7419580938384527,0.019913003248867165,0.06791579008829267,0.019914787061550834,5.812575163410827e-07
2427,0.8853670894770576,0.9418108945606521,0.011766262814453124,0.03633049474856124,0.01176770343082837,8.947705754103197e-08
2428,0.9389278872656885,0.9717480035360276,0.008252008659765619,0.025810113638597632,0.008254397086071267,-1.1273431144154245e-07
2429,0.7450182267085578,0.8795307356588533,0.010418128597382805,0.034611448283800535,0.010418406609229281,2.267085578155914e-07
2430,0.7642722613025836,0.8889098982126419,0.019573528121289083,0.05760407585403662,0.019576631299253505,2.6130258368173287e-07
2431,0.8808635806518871,0.9503668507897595,0.013732278849023465,0.03647892130539261,0.013734934461517277,-4.1934811290111895e-07
2432,0.9348350019589885,0.9703013736758457,0.006962509433398431,0.021628582336905008,0.006963315930916534,1.9589885269510887e-09
2433,0.8841499961996683,0.9416416930062198,0.007073666298144531,0.02159169470972446,0.0070748078120176725,-3.80033171598626e-09
2434,0.7530351159666122,0.8901192853485287,0.023022048834570312,0.06461714027640925,0.023025151902056937,1.1596661220192317e-07
2435,0.928348692460727,0.9640760191738017,0.005532214211484369,0.015007508285524175,0.005532363844056815,-3.075392729368076e-07
2436,0.9226988726459359,0.9647051043414475,0.012225632449023409,0.03057155825998931,0.01222725529191842,-1.2735406418329376e-07
2437,0.9557886210289793,0.9782473884959056,0.004743065637148434,0.013331634373509324,0.004743227905156955,-3.7897102067585564e-07
2438,0.9003304075844557,0.9536195403749662,0.00827710768122072,0.02437479644224651,0.008277612241005466,4.075844557416275e-07
2439,0.9713792962337554,0.9858687525749373,0.004995143572783212,0.012703735956350189,0.004995544577185685,2.9623375541465435e-07
2440,0.6582032722576123,0.8312191517284615,0.008905853487578125,0.034685798606529206,0.008905960066538135,2.7225761234372925e-07
2441,0.9388765063177462,0.9700218964210656,0.009178894735644521,0.024749712777727893,0.009179896680057614,-4.93682253743799e-07
2442,0.9552598614141711,0.9782367653497432,0.0065985698274609395,0.01932283810512969,0.006599096062477798,-1.3858582892378735e-07
2443,0.7364998899266033,0.8627179820740556,0.01957143305375974,0.05507156030739355,0.0195732924697642,-1.1007339673074767e-07
2444,0.6073990544740306,0.8085238941325628,0.01859948299628907,0.054572405916406275,0.018601091304864703,5.447403061964451e-08
2445,0.2506860425960308,0.6694549440374453,0.023317589475966807,0.06921472967572638,0.02331871408531322,4.259603075817964e-08
2446,0.9258551586784873,0.9656753872874504,0.007658304803417963,0.025433411416987132,0.007659487904770606,1.5867848734973933e-07
2447,0.9223654708785988,0.9605727384798998,0.010163917368164042,0.02814254294597375,0.010165019046829326,4.7087859877947835e-07
2448,0.9540565905066376,0.9795918373187904,0.008431670432714842,0.02239495501829657,0.008433230878120344,-4.0949336244100465e-07
2449,0.9160330709183616,0.9656005677857824,0.008365178386611343,0.027755182120434763,0.008365920841840528,7.091836162764764e-08
2450,0.8518803973706475,0.9288345152361548,0.012633178123632812,0.03478850368971798,0.012637792884476218,3.9737064749800766e-07
2451,0.9215811318916466,0.9616129987805021,0.007391025512597665,0.022446468045728377,0.007392048201727169,1.318916466042097e-07
2452,0.6731452103809522,0.8239805202876416,0.01360763508370118,0.04733483773107851,0.013608491294183078,2.1038095221470599e-07
2453,0.835205069673143,0.941948659655559,0.012620299307695301,0.032385786829787946,0.012621446213969044,6.967314303274463e-08
2454,0.9374537554886211,0.968358076052603,0.006853391858222649,0.024545037080361234,0.006853901340511391,-2.4451137892178565e-07
2455,0.8936747305961388,0.9593205703797067,0.007440744241894522,0.019857460295286383,0.007442151772338148,-2.694038612194305e-07
2456,0.9160117697975781,0.9611373477777547,0.005557059916464852,0.023612332994498157,0.0055574031699162346,-2.302024219025256e-07
2457,0.7796317135093892,0.8863912683452716,0.014388724085898424,0.04415008039095432,0.01438995084028782,-2.864906107902243e-07
2458,0.9137576492621652,0.9566379347049235,0.010926672918066408,0.03266583840221783,0.01092926683200388,-3.5073783477557186e-07
2459,0.39978094252141705,0.6475502175478576,0.02494656686659186,0.07839857164919628,0.024948305325380796,-5.747858294880004e-08
2460,0.8735617003458498,0.9396423795905098,0.008273868273828117,0.025379202208321537,0.008274980247468814,-2.9965415015986707e-07
2461,0.9148852322836794,0.9583944370163742,0.007751481519628911,0.018628325170891684,0.007752263233821393,2.3228367940220096e-07
2462,0.9098542170789526,0.9663398756929573,0.01196797200625,0.03195032710181954,0.011969909107413771,2.170789525912653e-07
2463,0.9096461862497169,0.9606999597742841,0.009582669200693351,0.024842685238524547,0.009583257883358592,1.8624971698244508e-07
2464,0.9178180542390382,0.9582842113445248,0.007456717008144537,0.02819361042951488,0.007457357019031641,5.423903814971709e-08
2465,0.8518488595081556,0.9407009692542663,0.014896544115625004,0.0444427865015691,0.014898681052816694,-1.4049184438036377e-07
2466,0.8308452414835781,0.928929754907723,0.011301130180566407,0.03204348070156487,0.011302460892753306,2.414835781339164e-07
2467,0.9446199379116257,0.9752774759230233,0.00801778197354493,0.02322131602434065,0.008018501287235278,-6.208837433074876e-08
2468,0.9364007253732626,0.9683395850516893,0.008052411687421879,0.02442534759399274,0.008053097982820471,-2.746267374620359e-07
2469,0.866270793972824,0.9427251217740386,0.014920078297460934,0.04468024365055328,0.014922214196050993,-2.0602717598627862e-07
2470,0.8395680204323055,0.9226889044196276,0.015827476961523444,0.04177908300002408,0.015830029444544175,2.043230551418418e-08
2471,0.8654234284719423,0.9341102956573115,0.012319132107519533,0.03789005560393473,0.012320439465080447,4.2847194225981156e-07
2472,0.8736914273424988,0.9354994473092877,0.013290123218525402,0.03380216391035478,0.013291389451982601,4.273424988321395e-07
2473,0.9609851982662458,0.9805106134460445,0.007079806929296861,0.0194369828585629,0.007080588607161502,1.9826624586549713e-07
2474,0.9127914036702286,0.9585159552657381,0.00853590381201172,0.024370986630440693,0.008537412150766043,4.036702285770133e-07
2475,0.9414356358987255,0.9705744016370518,0.007138937375156252,0.018355618217546315,0.007139527060609874,-3.641012745747574e-07
2476,0.9392100128378021,0.9698727797294678,0.005631170817978509,0.01541605174317417,0.005631362595833746,1.2837802154663791e-08
2477,0.7627062822784414,0.8808663564893263,0.016617181986132806,0.04911846120459269,0.016620595662020815,2.8227844139916414e-07
2478,0.8715969762907849,0.9433345668235019,0.010757106933115242,0.02965924861638742,0.01075786438627828,-2.3709215035694342e-08
2479,0.711516022560818,0.8746281007926184,0.009209142501416011,0.034403835826793676,0.00920948468773974,2.2560817991568172e-08
2480,0.8863071482438964,0.9428758680230702,0.010334830111230476,0.025096403013293158,0.010335563577703792,1.4824389649170655e-07
2481,0.9368417365216621,0.9686628055470086,0.009295043814160157,0.024981032473268286,0.00929606663155382,-2.634783378141492e-07
2482,0.7588755023728624,0.8901208407668554,0.019257108339355466,0.05610013488158877,0.01926101974590104,5.023728624209411e-07
2483,0.8645668260359264,0.9335781395305047,0.013408585057226566,0.04043262413717152,0.013410411646483615,-1.7396407359093757e-07
2484,0.894170145339091,0.9460592702277847,0.01182533943544919,0.0327646152696952,0.011826762794630257,1.453390909844643e-07
2485,0.7988001522881111,0.9091701179595449,0.013750548567773432,0.03726335655700948,0.013752043667957741,1.5228811112155682e-07
2486,0.4605444481217619,0.7550814232275018,0.019204535440234424,0.054580713620185586,0.019208373423069663,4.4812176186459496e-07
2487,0.9378258496029459,0.9685427962020455,0.004440746682392575,0.013154900166498186,0.004440824152303463,-1.5039705414388038e-07
2488,0.8937632332806101,0.9526281468815007,0.008450894331152339,0.025479897129852377,0.008453202674256846,2.3328061016236745e-07
2489,0.8737144530335422,0.9371962112948624,0.014729343882910176,0.045251027175024626,0.014735160959024806,4.530335422359144e-07
2490,0.8304453585056114,0.9120410806349112,0.014947355271777344,0.04301264591813491,0.014948878119970976,3.585056114197016e-07
2491,0.8552924932063836,0.9283465414969988,0.00922102562591797,0.02868690794575801,0.009221415285212333,4.932063835116907e-07
2492,0.9160633633027454,0.9700423531425282,0.008110166993994136,0.021345734010212117,0.008110684690076149,3.633027454430504e-07
2493,0.9469112570004165,0.9785788422715523,0.010304429059277326,0.029109532620655392,0.010305697388668938,2.570004165036721e-07
2494,0.13379398999208902,0.6139050603947688,0.018606998615107385,0.07019191470668049,0.018608029621458844,-1.0007910972165135e-08
2495,0.8287702222861991,0.9130271046219494,0.01476853518271486,0.04274861197425901,0.014771172887305636,2.2228619911413006e-07
2496,0.7587518436997909,0.8996014660509748,0.015059346943261715,0.04238475490680343,0.015060268729147877,-1.5630020910872844e-07
2497,0.952212576625508,0.9769801250286925,0.006238172862011716,0.017313669019057298,0.006239120453387055,-4.2337449202012323e-07
2498,0.9307816242790734,0.9654774986401099,0.009649561285839853,0.02552894514273658,0.009650691847983667,-3.7572092659310385e-07
2499,0.8996593654228511,0.9583085871069378,0.008649636986503905,0.022861187373277223,0.008650345614252783,3.6542285108964734e-07
2500,0.8297864769224139,0.9231841773796025,0.010634702488437495,0.032728297019534884,0.010635669812817213,4.769224138945205e-07
2501,0.7727243234130009,0.8898533596647252,0.017591785230566415,0.04858245414039593,0.017598452763404267,3.2341300093552405e-07
2502,0.7074258222678408,0.84515034158058,0.01802811389140625,0.0574668525854425,0.01803048531672961,-1.777321592122405e-07
2503,0.8917288672754756,0.9497165043921758,0.00918214596340821,0.03169188280510405,0.009182975868332397,-1.3272452437096405e-07
2504,0.9087725355965909,0.9543783328818466,0.0072006889541894456,0.019133022119228908,0.007200962386396816,-4.6440340917275336e-07
2505,0.8763383713471113,0.9411108917025655,0.009082956592646485,0.028108910640444337,0.00908348698844276,3.713471113941935e-07
2506,0.8819976982263686,0.947257503513318,0.01309488352460941,0.03671663076127483,0.013096318509182569,-3.0177363130601265e-07
2507,0.9106708268532714,0.9556259096192988,0.01162383837539062,0.03189642939632905,0.011625149449282876,-1.7314672862145386e-07
2508,0.9257505887172317,0.9649213937654446,0.008052466951044925,0.024835153395079676,0.008053151101584338,-4.1128276828672483e-07
2509,0.7005600500612514,0.8743929175707505,0.01584446190263671,0.04533978431598893,0.015849572681350545,5.006125147755114e-08
2510,0.7669409393310987,0.8937861196525198,0.009835766852216807,0.038101631015388986,0.009836507340456428,-6.066890123612723e-08
2511,0.9274165718738174,0.9646669896194173,0.011102142817382823,0.029630769355214172,0.011106306310620475,-4.281261826166727e-07
2512,0.7764804791903952,0.8844501046266616,0.012341863873828117,0.03518179356064244,0.01234635719348412,4.791903952527932e-07
2513,0.7589658756623711,0.882512977343616,0.017839820702050768,0.055203320126952636,0.017841636636316757,-1.243376289705722e-07
2514,0.7222365426971356,0.8755891875020817,0.01813189475810547,0.053250418657738156,0.0181357351632479,-4.5730286446499235e-07
2515,0.8391751879811329,0.9327519540693385,0.012153178231835943,0.03485314246676495,0.012156323171106525,1.8798113288198692e-07
2516,0.30765385309272664,0.6988369826542867,0.02069410661923827,0.06443348501441576,0.02069806636838501,-1.4690727334620846e-07
2517,0.9291836886466229,0.9642696225209425,0.010004620882812508,0.02730209684015126,0.010008143197769432,-3.1135337708043664e-07
2518,0.9465442906438579,0.9735168323426686,0.005678757241005865,0.016940605487454886,0.005679116692802963,2.9064385786981006e-07
2519,0.9166596007254735,0.965457922878964,0.009156523080078144,0.03175543022080293,0.009160197655810961,-3.992745265524178e-07
2520,0.8838576875835693,0.9578390667405693,0.012318088797558599,0.04230599185984432,0.012319567151776595,-3.1241643072554837e-07
2521,0.9329173597183771,0.9677503824999748,0.012842890767773453,0.03294645834357745,0.012844851928757332,3.597183770853718e-07
2522,0.9541414427123512,0.9798892928950893,0.007186086258984379,0.019496509851406992,0.0071873751386248,4.427123512229514e-07
2523,0.8117809227263191,0.9271856880174114,0.011992375644873038,0.036730972262959155,0.011993446680170371,-7.727368089849307e-08
2524,0.7830400695089208,0.9167937390976142,0.022378791216113303,0.06097222619863042,0.022392158062602096,6.950892084134352e-08
2525,0.45464472768593744,0.744705367589323,0.026948460140234387,0.07294057507985327,0.0269516707202766,-2.723140625771059e-07
2526,0.13938036750393767,0.7615241858686963,0.017902327980957044,0.06007728821908647,0.01790480897692726,3.6750393767048806e-07
2527,0.934479952158727,0.968729117399915,0.005340168037646485,0.017279861367308278,0.005340333288866372,-4.7841272943216495e-08
2528,0.8485948064866802,0.938687813423681,0.01593660701904296,0.04310481904688361,0.01593863580336619,-1.9351331981276587e-07
2529,0.8495033690121861,0.9232778253653695,0.010113402830664052,0.031869853777768783,0.010114862115982332,3.690121861410489e-07
2530,0.6743517505483451,0.8238959212270742,0.017084217307128894,0.046985988110894016,0.01708720417775869,-2.494516548878778e-07
2531,0.4962027197445821,0.710829033359249,0.022966556723144512,0.07510314610220431,0.02297431872078565,-2.802554179281991e-07
2532,0.8919567925071717,0.9475194634371021,0.011637262157031272,0.033076006846069976,0.011638438824145583,-2.0749282825249793e-07
2533,0.843290864269512,0.9204812689852584,0.015518434274609381,0.04048262222154695,0.015520504428979075,-1.3573048796011733e-07
2534,0.6625785643929656,0.8213944055704258,0.02045168891455077,0.06337236830318994,0.020455287615346467,-4.3560703444356363e-07
2535,0.9111056636960784,0.955134431423776,0.009338612206552722,0.028195935070696166,0.00933938517208086,-3.3630392159977873e-07
2536,0.795479531033501,0.9072887694244344,0.01882764101874998,0.049431047963538255,0.018832825096615238,5.310335009500733e-07
2537,0.4879878712251552,0.7172147976131644,0.019836966385742196,0.0667570240655029,0.019843219412792705,-1.287748447875714e-07
2538,0.9481992511065134,0.9739353233657239,0.005616792565683597,0.013522061880743081,0.005617134740074507,2.5110651336035517e-07
2539,0.7442427526968888,0.8906873976551981,0.014546003594042957,0.03788882108823218,0.01454757059579298,-2.47303111211572e-07
2540,0.9448229144125793,0.9737023829391939,0.008450220260937516,0.02177010068135942,0.008451411927767296,-8.558742070619019e-08
2541,0.7352254650932607,0.8626110332325166,0.010601532641718755,0.03480343207980947,0.010602407776649407,4.650932606820035e-07
2542,0.9246802614620803,0.9651451160022426,0.008900831238310555,0.02551028976383232,0.008901642925808117,2.6146208031985196e-07
2543,0.8917686934761451,0.9450742348037855,0.007360143684208993,0.019254578340779652,0.007360546410028536,-3.0652385496487966e-07
2544,0.7699254662395827,0.8919594558203031,0.01351170899736329,0.04054393764628834,0.013516300548186122,4.6623958271929666e-07
2545,0.9385782820975321,0.9692769122626888,0.008939776057324203,0.02363700131537719,0.008942409637203202,2.820975321116137e-07
2546,0.9579663874795263,0.9800260833964632,0.00526467187723633,0.013869279955758951,0.00526495757589457,3.8747952635365124e-07
2547,0.8826008325195533,0.9402070013169952,0.011562935895117185,0.035508924245164615,0.011565839592830265,-1.6748044662229233e-07
2548,0.7179221332548011,0.8602395461978662,0.011099443720703109,0.03462541501861849,0.011100750249035394,1.3325480119341648e-07
2549,0.7934322049347543,0.9000884467853684,0.01744989535019533,0.04611258748298475,0.017458111182709003,2.049347542776303e-07
2550,0.9036974161471689,0.9518487271245792,0.009879569417675772,0.028366407871418354,0.009880591111307105,4.1614716894677883e-07
2551,0.9535581130967438,0.9785268360848548,0.009696648815624997,0.025388040121750315,0.009697889419098724,1.1309674374793133e-07
2552,0.8235645044964358,0.9098371345047594,0.013052657914648437,0.0446585593813091,0.013054382221000232,-4.955035641796002e-07
2553,0.904736445955444,0.9558242980981051,0.006742536745624996,0.01725310039194837,0.006742969213103026,4.459554440172653e-07
2554,0.9174574306866209,0.9583888225009172,0.012702631350390613,0.03038300237578912,0.012708452876609688,4.3068662092249355e-07
2555,0.9337527046187468,0.9683236751313493,0.010514385496484372,0.03197891730046484,0.010515585948415332,-2.9538125323469444e-07
2556,0.8866806004590465,0.9445160823529899,0.010706760671386721,0.03356977994650924,0.01071014174532416,-3.9954095354399755e-07
2557,0.43108225557311053,0.8395265819723227,0.015183745994775389,0.05333782618512418,0.015184414067085357,2.555731105080561e-07
2558,0.8830612482713411,0.9448953630486017,0.009369617445068359,0.02581917569188493,0.009370328935268853,2.482713411522397e-07
2559,0.8328577509269354,0.9370682690034532,0.0177659415341797,0.05448014213123221,0.017774322399138027,-2.490730646176331e-07
2560,0.8933382747209855,0.9661322532233728,0.01614151789052734,0.04484648644224127,0.016143613224976094,2.747209855158417e-07
2561,0.39781671137147623,0.6516663122841366,0.035948999107031254,0.09835247905685314,0.03596483723731712,-2.886285237480024e-07
2562,0.8091232361248002,0.9039581920353367,0.012875567897265633,0.03619060287290239,0.012876609474230756,2.3612480015700044e-07
2563,0.9261503498997713,0.9681484603021158,0.011015219232714852,0.028434295018355486,0.011017259580713258,3.498997712680918e-07
2564,0.8868123194469613,0.9495077075320733,0.007691359077441406,0.02760700920781879,0.007694160802996061,3.1944696121666283e-07
2565,0.9118576368133338,0.9618033952059553,0.011252628436523457,0.02812674092381952,0.01125397032730877,-3.6318666618573303e-07
2566,0.7032956341355008,0.8428306863921778,0.021081075096191403,0.060630427240006515,0.021087046623054533,-3.6586449925213316e-07
2567,0.7174763825184849,0.8818813132863285,0.01440228659931639,0.04042976445269254,0.014403736819392818,3.825184848871288e-07
2568,0.9420052062815288,0.9705916383184551,0.00972202592451172,0.025419206777615017,0.009723596086918395,2.0628152885837636e-07
2569,0.9157799721870805,0.9628641342477468,0.01049832145976562,0.03132007716617696,0.010499513565086237,-2.7812919523029223e-08
2570,0.8438768951994087,0.9212257587405922,0.010276414732324228,0.03412877032938961,0.010277245948679714,-1.048005913162342e-07
2571,0.9566939719727958,0.9782598201886924,0.0075422419647460945,0.02203997263515273,0.0075441552470112755,-2.8027204224123636e-08
2572,0.9393364624020513,0.9698499472594551,0.009698983702734363,0.025634494032969957,0.009702262759014955,4.624020513155358e-07
2573,0.9066680263796754,0.9542489575902096,0.009997077393945331,0.030577629054692353,0.00999810560612454,2.6379675333032537e-08
2574,0.8831241535033164,0.946670728396577,0.012024721402441383,0.03726244465358623,0.012026259515333607,1.5350331639130133e-07
2575,0.922824150003137,0.9626159484865974,0.011948375856054686,0.03321764040178845,0.011949944449977984,1.5000313702273615e-07
2576,0.9118297881726987,0.9582792661062716,0.013189557363281255,0.03408240405048458,0.013195702859419092,-2.1182730136626304e-07
2577,0.8761574326107877,0.9389062173538592,0.011396681687255853,0.03544997819158362,0.011397650481620012,4.326107877483665e-07
2578,0.7869431559427181,0.8979088254335525,0.01859937418183594,0.054808658203779066,0.018603431899150112,1.5594271818297756e-07
2579,0.5310057527987331,0.7795064704604576,0.018467822359404293,0.05772201979914949,0.018469564053146675,-2.4720126690080946e-07
2580,0.7786550290917366,0.8954100423911103,0.014046154614238268,0.04565308859217609,0.014047545225832793,2.9091736575281857e-08
2581,0.8038462818172474,0.9023850595117906,0.008247229591992197,0.033893940547598776,0.008247612590006987,2.818172474272629e-07
2582,0.8699086414932679,0.9336810269123891,0.010842998845605474,0.03542921979091255,0.010845330421374382,-3.5850673218984497e-07
2583,0.9370710562205491,0.9729535351965051,0.007742286212500003,0.02213088831526812,0.007744112718791164,5.6220549105034934e-08
2584,0.9172344990172967,0.961135650130168,0.008781025638906252,0.02867572719218721,0.008781831772159422,-5.009827033219949e-07
2585,0.7347993197115664,0.9357583115360635,0.01588272190917968,0.043455773890530416,0.015886604725644782,3.1971156644328147e-07
2586,0.8521475682429628,0.9254379942663266,0.01733957503564452,0.0465610055344436,0.01734256189131712,-4.317570372336377e-07
2587,0.7331896549769981,0.8571081195756504,0.017192235606835953,0.05321156997274999,0.01719481756860568,-3.4502300194638735e-07
2588,0.8915475610641383,0.9493278550628897,0.010860702482128913,0.03046058609326624,0.010861772760159198,-4.3893586165744125e-07
2589,0.8775823531615445,0.9478678731754963,0.011995600037597646,0.041125873873806604,0.011996971528983444,3.5316154456399573e-07
2590,0.7847469833048247,0.9068904066646468,0.01815438148212889,0.05153103297899548,0.01816229514102167,-1.669517524227615e-08
2591,0.9396075023611613,0.9706649281060616,0.011056952387988268,0.03051724008378172,0.011061803137998621,-4.976388386923603e-07
2592,0.6870956073107424,0.8404854021098126,0.016205514337890616,0.05172226746015546,0.016208364888436015,-3.926892576666674e-07
2593,0.9288889049485071,0.9647060650475604,0.006179564634423837,0.01581053949042164,0.006179954101187648,-9.505149289879e-08
2594,0.9462955857147597,0.9769071220684706,0.008283287155957036,0.021479647226907005,0.008285707249473315,-4.1428524033548797e-07
2595,0.7849218123506673,0.8915531029270344,0.011611374483339832,0.04040261495279185,0.01161227406670316,-1.8764933273907047e-07
2596,0.8266677588869747,0.9228461375352356,0.009012375632617184,0.024698462504082027,0.009012733173420195,-2.411130252122362e-07
2597,0.942907931772467,0.9741220749303982,0.010787706991308595,0.03005696389254611,0.010789220327271814,-6.822753295665507e-08
2598,0.8979797872465907,0.949384331412927,0.011122972905957004,0.032528078936432364,0.01112469483628489,-2.1275340933435416e-07
2599,0.9240063754035127,0.9754409507512418,0.012742474311230469,0.03500992106160803,0.012744006630197273,3.754035127201405e-07
2600,0.4835248916938103,0.7019428875926369,0.026617420355566388,0.07779100138884666,0.026622869886645816,-1.0830618968338257e-07
2601,0.9414786569546078,0.9735800138530697,0.008177693785908203,0.021304648307081,0.008178323565974506,-3.4304539220375574e-07
2602,0.575363683670465,0.7600037942947322,0.014712997888085914,0.05565550461150012,0.01471582133620342,-3.1632953501059546e-07
2603,0.5361050240248753,0.7678678909641102,0.019779450926855454,0.05982606731336632,0.019780972841871684,2.4024875200368e-08
2604,0.6482249773381272,0.8059017395571743,0.02415795539306642,0.0664702058028289,0.024169744826603834,-2.2661872822737905e-08
2605,0.912966609316005,0.95550917599074,0.011550414265624991,0.031108605922764765,0.011551733468966452,-3.9068399493302763e-07
2606,0.9180144942345051,0.9585936030649889,0.006166296045996095,0.024093945274601552,0.00616674294917928,4.942345050995556e-07
2607,0.8819162638144894,0.9499005390851232,0.009522544809541008,0.02885783541752876,0.009523240147396651,2.6381448936518836e-07
2608,0.8438740515156143,0.9250863035436131,0.015545234286523418,0.048158187870454276,0.015547143825595936,5.1515614329922244e-08
2609,0.9210205661950359,0.9641821167467229,0.008448728709179698,0.025198729576211228,0.008451253439167491,-4.3380496406175695e-07
2610,0.6243966684249964,0.8475001303761502,0.025556277190136728,0.07508636717231226,0.025559249592844425,-3.315750035648435e-07
2611,0.6649533063555182,0.9424348912103432,0.01233254673911132,0.040898266768169704,0.012333251465293352,3.06355518175927e-07
2612,0.921254285005634,0.9601397179871803,0.006698079211523451,0.018172326516912234,0.006698977916255295,2.850056339820384e-07
2613,0.9099855763513272,0.9629402772085889,0.010959337374902338,0.03247316309717612,0.0109606449414816,-4.2364867280930696e-07
2614,0.681092116988947,0.8625724578785777,0.0207704980347656,0.06520519141254974,0.020775075932855304,1.1698894697431683e-07
2615,0.9329835313557633,0.9680748227809494,0.009025552297363291,0.025199501428284678,0.00902650355363499,-4.686442367507482e-07
2616,0.9338192088656881,0.9675330710112706,0.0069466504502148346,0.015526272956166622,0.006946964336849616,2.0886568818934137e-07
2617,0.7687681511078679,0.8811505640310626,0.010271547135908216,0.032700812339135236,0.010271946393419155,1.511078678850808e-07
2618,0.9375781973457982,0.972215664388624,0.00674797468613281,0.018188577984133848,0.006749427792715415,1.9734579814745246e-07
2619,0.8852951532974325,0.9419217122108731,0.010485212663964849,0.024185385012654274,0.010486477641470851,1.5329743241476734e-07
2620,0.8318828669813081,0.9163633148197317,0.015116804418359357,0.04200447909280597,0.015118728864725945,-1.330186919501486e-07
2621,0.8175466637423825,0.9267196901983413,0.01176856774042969,0.03333283711836113,0.011771261021431159,-3.362576175280907e-07
2622,0.38950491442843227,0.7004563447942016,0.013881262496972682,0.05668275889034924,0.013882724771314206,-8.557156772059926e-08
2623,0.9234862594937282,0.9609906441556535,0.010389791608398419,0.032283415121063044,0.01039118407798167,2.594937281719112e-07
2624,0.5319184973435749,0.8014689872785042,0.019642928764619143,0.051738657506636934,0.01964447632228242,-5.026564251497945e-07
2625,0.927709850054713,0.9749999048634844,0.008687153260566407,0.027988859829201965,0.008688000255535799,-1.4994528707568122e-07
2626,0.6986816255755484,0.8543190830126489,0.02319043656093748,0.06794415469775494,0.02319557333431067,-3.7442445166568916e-07
2627,0.7800813596220082,0.8971513275734307,0.019097333182324226,0.054037018913264866,0.019106410987831866,3.596220081725221e-07
2628,0.9293805295163338,0.9651250361271385,0.006004551483876948,0.02226832292086159,0.006004899321513282,-4.704836662483558e-07
2629,0.8403765959447582,0.9169618971353548,0.01378824924023438,0.045210941376144585,0.013791581884972443,-4.040552418205223e-07
2630,0.8484261292443903,0.9233645146350022,0.014201114113769555,0.03928830547871826,0.014202881866939394,1.292443903011531e-07
2631,0.8018812391792289,0.9066590422214104,0.015481663080859359,0.039218490840045646,0.015484792473800434,2.391792289779815e-07
2632,0.9063331040418412,0.9716719118355929,0.007194228738574217,0.022827511622527247,0.0071960550800830095,1.0404184114243265e-07
2633,0.8941418183475185,0.9605705023388441,0.010920782042773445,0.03413677996393461,0.010922339655787077,-1.816524815012599e-07
2634,0.3101470420436453,0.6257378985466081,0.018769765271386702,0.06339043891724586,0.018772004495574555,4.2043645287481723e-08
2635,0.8488368682536611,0.928102403619518,0.013837592325781245,0.0428930292258276,0.013841910791551164,-1.3174633883838993e-07
2636,0.9320978127318288,0.9657194759867443,0.006062706621376954,0.017514177949480812,0.006062949482094772,-1.8726817119230077e-07
2637,0.8807299761312658,0.9447336823234106,0.006911851303154299,0.022738408637353127,0.006912061099138709,-2.3868734211340836e-08
2638,0.938215150528744,0.9729976961177618,0.009435367941015608,0.023424902137651582,0.009436345118903492,1.505287440251024e-07
2639,0.8570620397472465,0.9323457784296636,0.006772659567285161,0.02894816415015075,0.006773651153271742,3.97472464941373e-08
2640,0.5768043870349231,0.767038702320842,0.01764801891691407,0.06512215753389003,0.017649405609357016,3.870349231105408e-07
2641,0.9067304361466514,0.9562709098142456,0.009904118475136718,0.030023338467971946,0.009905036119085841,4.3614665135027764e-07
2642,0.2892292621342152,0.6025773852808614,0.02432697668945311,0.07746801681177493,0.024331914941618595,2.621342151676309e-07
2643,0.778807340480435,0.939454917662549,0.01383937056958985,0.03894242505798072,0.013840355482502837,3.4048043495715774e-07
2644,0.9419628283553685,0.9752310455701028,0.007832345028125012,0.02279150735021678,0.00783397568583197,-1.716446315080944e-07
2645,0.8825368392093814,0.9468278915651742,0.010830312786132812,0.029999688982393316,0.010831756097052406,-1.6079061859741728e-07
2646,0.7918979714286097,0.9104940583976152,0.014152765257226575,0.042935147990424194,0.014155522410428483,-2.8571390253695483e-08
2647,0.8781393196360094,0.9473796015091855,0.009751233810742188,0.027187299439776293,0.009753559054343964,3.196360094381845e-07
2648,0.8332203216291543,0.9168849600166492,0.014269960518945314,0.03923313352662018,0.014272421401242642,3.216291543095551e-07
2649,0.754208899023985,0.8772216148642994,0.0122484068347461,0.041608658170251445,0.012249207104354357,-1.0097601499392539e-07
2650,0.8621083697752399,0.9304155170334388,0.0088765768586914,0.02210725740050345,0.008880260964604376,3.6977523987236083e-07
2651,0.8923876426031322,0.9593694635656888,0.010002123338378917,0.02710258314150131,0.01000514474901955,-3.5739686776725677e-07
2652,0.8302211000142371,0.9208779261168327,0.015793512488378913,0.04491756229516054,0.01579728913049405,1.000142371143653e-07
2653,0.7549993375331523,0.8789110915298874,0.019715988996289048,0.04857030775972978,0.019718759799512913,3.375331523169933e-07
2654,0.9021610709361771,0.951188854841934,0.010207617033300786,0.028711149982633563,0.01020870580708817,7.09361771544792e-08
2655,0.7844544716618995,0.899455894677739,0.014069741196953133,0.038269810600936066,0.014071044838451384,4.7166189953706805e-07
2656,0.9760435592825406,0.9890710053595478,0.0028935808140624995,0.008084436527636425,0.00289371196270245,-4.4071745941565155e-07
2657,0.6656639102277648,0.9005829813908414,0.014889795168554687,0.04674657031355611,0.014893902007136573,-8.977223520112432e-08
2658,0.938175173860844,0.9732017944829886,0.00821414510440431,0.0204464339723647,0.00821475636738292,1.738608440549072e-07
2659,0.6145062066845949,0.7915326355806613,0.01753461368398436,0.05733502881080445,0.01753742996023441,2.0668459488337731e-07
2660,0.24637824593798685,0.5414459250047434,0.027845036590527356,0.08327180611123956,0.02784894429869346,2.4593798683691936e-07
2661,0.6823952696484898,0.8294799574991415,0.019471206039648446,0.0561442727010096,0.019480025229522604,2.6964848987010015e-07
2662,0.9207886454450737,0.966324824263161,0.0067041848674804635,0.0188459020620644,0.0067065224882644076,-3.5455492630731555e-07
2663,0.48196775227919353,0.6997361665168332,0.02220025291601555,0.06820832126966966,0.02220315818816289,-2.47720806478835e-07
2664,0.9249088823701109,0.965449292687605,0.005370785142021472,0.01800634221866907,0.005370965471005549,-1.1762988905150706e-07
2665,0.3401517895412751,0.627444369234055,0.010175716371279312,0.05351188459649402,0.010175911250969753,-2.104587248918932e-07
2666,0.7695001280165782,0.932811256289425,0.013840000886132802,0.04184562402097454,0.01384140828606389,1.2801657822691936e-07
2667,0.8528177229261966,0.9363784633749818,0.015673513966113255,0.044015644166349045,0.015675404822792786,-2.7707380334529574e-07
2668,0.8376440031620985,0.9177590770379543,0.008241113713769543,0.02581515637291918,0.008241607323329578,3.1620984719538114e-09
2669,0.7419799538075864,0.9051540889350917,0.009390425363994141,0.032506342192005315,0.00939131337503207,-4.6192413560852685e-08
2670,0.5725949029833642,0.7746783144045629,0.018896198297949213,0.053670511657863844,0.01889925064977428,-9.70166357250335e-08
2671,0.9453587027069541,0.9755343277582267,0.005377430133144535,0.014838223336912492,0.005377723152856594,-2.972930458478018e-07
2672,0.9167546290074702,0.9581118337017392,0.009813924827050785,0.02868130574135956,0.009814961657025821,-3.7099252980787867e-07
2673,0.9023445372886169,0.9511427894015132,0.00695403048173828,0.01958029969737323,0.0069549556661067545,-4.627113830979468e-07
2674,0.9207813070322166,0.9604373804600492,0.007924428354609376,0.02122275865002303,0.007925180264646179,3.070322166509598e-07
2675,0.8923372408783202,0.9483528850544365,0.011580653906640629,0.03239170324303691,0.01158193199484193,2.4087832017904987e-07
2676,0.9470389536649517,0.9757549073874118,0.008261741183935526,0.024452275259721566,0.008262487563190566,-4.6335048242696075e-08
2677,0.8766525792916643,0.9437236585045716,0.015708509758789038,0.04411347220593006,0.01571085434299955,-4.207083357243846e-07
2678,0.8802842719503481,0.9569875566904824,0.01635442082753907,0.04392453198864097,0.01635845182489071,2.71950348129657e-07
2679,0.9600368468226229,0.982585383252543,0.006930646580957033,0.018919533830313244,0.006931338205963929,-1.5317737711573187e-07
2680,0.8800727879344304,0.9601216828925977,0.011793054469042967,0.03873055974967084,0.011794351884312732,-2.1206556954922462e-07
2681,0.9042424923840986,0.9517372397713937,0.008979133706347652,0.031151748460799836,0.008981837182754086,-5.076159014238968e-07
2682,0.7057959683994313,0.887450138408995,0.011548797461718765,0.03815317441856716,0.011551522857557488,-3.160056871731598e-08
2683,0.8002485881989473,0.9460448334926664,0.010931087578222658,0.03450587633804794,0.010932586362564637,-4.1180105270210987e-07
2684,0.8110662550558694,0.9076163325942002,0.017795772676562505,0.050118499921945406,0.01779850563710308,2.5505586942475844e-07
2685,0.9540484133230377,0.9880204004493176,0.006381227678320298,0.015287850794750276,0.006381671211680798,4.1332303768459866e-07
2686,0.9354041147931691,0.9677290350645099,0.006028628106728522,0.017679762103140758,0.0060290118879417175,1.1479316908147297e-07
2687,0.8862624537073234,0.9498605107745742,0.00883213983502929,0.03182498888352305,0.008832921094534011,4.537073233779054e-07
2688,0.9260700979837219,0.9651314062960565,0.009293747950781268,0.029079004707176177,0.00929469705553435,9.798372191394122e-08
2689,0.91574257181663,0.9615581397202232,0.00999559712171876,0.02522562394333296,0.009996526513083715,-4.281833699826265e-07
2690,0.6645587084711064,0.836020568081059,0.019366643229101508,0.05748751999617003,0.019370602506645573,-2.915288935811944e-07
2691,0.9538702801098028,0.9777720312690633,0.007060990208496097,0.020010828068580063,0.007062991536106117,2.8010980279713493e-07
2692,0.8551423166546346,0.9286984805164854,0.014395413805175783,0.04264213757666664,0.014401886198617774,3.166546346244914e-07
2693,0.8033113913526013,0.9403463468058977,0.009631505894101555,0.0329685175508536,0.009632234074237479,3.9135260132550087e-07
2694,0.7618576321389638,0.9275210446412341,0.014709868516992186,0.04154926568741681,0.014711166839841147,-3.678610361879109e-07
2695,0.906928297329122,0.976598082275436,0.012531007506640612,0.03841067226997391,0.012534427211744656,2.973291219898755e-07
2696,0.8634749018464566,0.937271129658683,0.011469386724707022,0.031865222265500835,0.011472736302503353,-9.815354340414473e-08
2697,0.9455452150365222,0.9724290833411097,0.009563097064257817,0.02722233679061748,0.009564309129068695,2.1503652225529635e-07
2698,0.9128469266852977,0.9574834729357059,0.011618076561816399,0.028884595088681186,0.011622846680375075,-7.331470230909076e-08
2699,0.916178171897814,0.9590648224788398,0.01033283292343751,0.028533010731921,0.010336929135244855,1.7189781398307957e-07
2700,0.7385839945407673,0.8621761813228461,0.015593143609179683,0.04714283686820932,0.015598333614646282,-5.459232732540897e-09
2701,0.8998337162689247,0.955068725942027,0.015837592704101552,0.03989917622786023,0.015845456626756297,-2.83731075301219e-07
2702,0.9040433249421188,0.9521934416035758,0.01079186210009766,0.03155226159609323,0.010793123887514728,3.2494211876787915e-07
2703,0.8571109943032302,0.9283534546236722,0.008290772772568355,0.02881516913496682,0.008291509300374639,-5.6967697226184555e-09
2704,0.9076123943110527,0.9571403609905855,0.009900350803417965,0.02579735098078149,0.00990175379083399,3.943110526982707e-07
2705,0.7981108287345462,0.9212684093978971,0.017190358565136718,0.04698589148620306,0.017198257652643895,-1.712654538188474e-07
2706,0.9355027423416605,0.9685693604203627,0.004442558168789061,0.013497002880020361,0.004442645598677223,-2.57658339442024e-07
2707,0.7743169469413624,0.8917084114010215,0.01703587637646485,0.04574368561969976,0.017039496156719056,-5.305863759463847e-08
2708,0.8412989924187684,0.9203464772172817,0.012663450796582017,0.03816780972197094,0.012664813320259375,-7.581231642461717e-09
2709,0.9027047242969483,0.9661706349788851,0.01083471312666017,0.03469040964993571,0.010838416509532678,-2.7570305172197607e-07
2710,0.8831955221615563,0.9456667279408197,0.013092885348144538,0.03370079989671769,0.013096565619287839,-4.778384437020833e-07
2711,0.2875710437072775,0.6057312346466132,0.019268609153320307,0.06715827259678975,0.01927208246823756,4.370727746394465e-08
2712,0.810730958390637,0.9049455673657699,0.018147806828222684,0.049517207199366454,0.0181507608699995,-4.160936295516393e-08
2713,0.7447959029750961,0.8873062110131966,0.02192036286308593,0.06400530815373251,0.021924596237331746,-9.702490388896479e-08
2714,0.8571430328472454,0.9291634895658178,0.010981871096943346,0.027005036538284094,0.010982547903596561,3.284724536811723e-08
2715,0.7484802312683946,0.88192251807108,0.014988222189804685,0.04889280785015405,0.014989574838395503,2.3126839454601367e-07
2716,0.7798907188439049,0.9266848008669669,0.010211317653154304,0.03351600414867964,0.010211821929055839,-2.81156095072177e-07
2717,0.813373773237404,0.9068106272926928,0.013104522077509782,0.03898707225699719,0.013105754780689864,-2.267625960339359e-07
2718,0.8556341076300757,0.9276730951455533,0.014643641485351558,0.037616627131491796,0.01464722218629944,1.0763007574077221e-07
2719,0.814682405481068,0.9079989723912384,0.010026242642050777,0.032971490110468384,0.010026828309994778,4.054810679443577e-07
2720,0.20955907973550714,0.6684085627738973,0.02102999764179687,0.06757960837372642,0.02103259464352374,7.973550714135413e-08
2721,0.8804315606494583,0.9460326335729048,0.011231189588525372,0.03322724740625219,0.011232222958541345,-4.393505417255028e-07
2722,0.9402111918297246,0.9701151179071391,0.005180086043554685,0.013896731394935049,0.005181433758828094,1.918297245495637e-07
2723,0.7644785241539083,0.8921306003411607,0.010438748882021473,0.03550246259245919,0.010439253806388084,-4.758460917519969e-07
2724,0.6814587435953887,0.878092102485257,0.021048552717871104,0.06662566888299079,0.02105738449657826,-2.5640461132070413e-07
2725,0.9408316179254423,0.9737256248152102,0.009168714495312487,0.026113600180185128,0.009170813977092913,-3.8207455765881804e-07
2726,0.308148884738894,0.8107927701687999,0.01708781409854493,0.05142954621196332,0.017088296970071262,-1.1526110599291428e-07
2727,0.6307909679345656,0.797519161710126,0.00908978736807617,0.04102722128085203,0.009089975949535317,-3.206543441880427e-08
2728,0.8601092999409825,0.9697678150158089,0.011342420202441415,0.0326223035280719,0.01134536182558648,2.999409824955279e-07
2729,0.857269438628953,0.9287231272496241,0.016041783269726537,0.046921705903891275,0.016044326022647583,4.386289530478038e-07
2730,0.8794451827304777,0.9595592166981723,0.015291643497460945,0.04054459581322099,0.015299595903059921,1.8273047763806005e-07
2731,0.7388534299729652,0.8887973606422953,0.020973192196875007,0.06188435292351267,0.020976411463523442,4.299729652323947e-07
2732,0.9653026006402274,0.985824581836533,0.004549291750439455,0.012378993465165801,0.004549554082686876,-3.99359772584873e-07
2733,0.8630019384666701,0.9551862481863366,0.00857637972345704,0.028379193956895272,0.008576882772383878,-6.153332998692917e-08
2734,0.9100531447149313,0.9723705025678303,0.012476135299316422,0.033749232950799714,0.012480459789866024,1.447149312605589e-07
2735,0.9626927247004554,0.9830593522206408,0.004901935240332026,0.014091160197858348,0.004902720256545423,-2.7529954460536743e-07
2736,0.8637239675700337,0.9464009999620085,0.015159956514062501,0.04135140236494472,0.015166815431822184,-3.2429966378977326e-08
2737,0.7556311745723981,0.9264796369457464,0.014284275303710925,0.037874097959379786,0.014285824739976475,1.7457239809282044e-07
2738,0.9240539214141905,0.9623488861621493,0.007761418427734377,0.02226896308898615,0.00776200230308974,-7.858580952646577e-08
2739,0.7903260628624207,0.8950354275198562,0.013291892096582023,0.03470573547140527,0.013295609773770575,6.28624207132944e-08
2740,0.9201697323387528,0.9635163803074526,0.012080245327050779,0.03733481264684323,0.012082374376738553,-2.676612472773954e-07
2741,0.8935825776727357,0.9541677526802926,0.012645390792480476,0.03468230932418455,0.012648000596101076,-4.2232726427116063e-07
2742,0.9238393001927354,0.968101235351636,0.010391725064257815,0.028692869966851327,0.010392957474666006,3.001927354473466e-07
2743,0.8870529831303942,0.9512791098690558,0.008275116430566406,0.0315401649428456,0.008276939331269316,-1.6869605823366385e-08
2744,0.7483767733683386,0.865853431477445,0.014554011290039083,0.0412363331310952,0.014557726906717984,-2.266316613264152e-07
2745,0.9324154454180975,0.967576472989,0.008640498937880874,0.022783488438622074,0.008641232173996368,4.4541809751663664e-07
2746,0.6385936255261341,0.9080277532123155,0.013108321882714827,0.0455453511858457,0.013111749775307309,-3.744738659161584e-07
2747,0.9469744359277524,0.9752418584972404,0.009918675870507817,0.024438200658015944,0.009921513501749274,4.359277524512706e-07
2748,0.8463389144577502,0.9297622623150338,0.010166183950712863,0.03648219889802343,0.010166921646280443,-8.554224972812108e-08
2749,0.9212173510955854,0.9687910802588391,0.008590201348125008,0.027611516285835625,0.008590950203556895,3.510955854935105e-07
2750,0.5106988911965098,0.7699814834117081,0.01908923280546875,0.06067123172821379,0.019091721819970826,-1.0880349021746838e-07
2751,0.8119663226615156,0.9055262984124258,0.009968416959472638,0.03422049020393985,0.009971220982479073,3.2266151561710643e-07
2752,0.8968913636467452,0.9475064053700147,0.008982740797236325,0.025657043916773262,0.008983286464514396,3.6364674516065065e-07
2753,0.9128566458125565,0.9648762624014842,0.014351012490234362,0.03878414486446388,0.014353317305738028,-3.5418744348536535e-07
2754,0.7419564836787931,0.8654731319515143,0.016875521402343756,0.04657267689410238,0.016881187660764265,4.836787931283837e-07
2755,0.6874471990891207,0.8349423348225287,0.019918771444824235,0.05843495383541242,0.019922778848036622,1.990891206338219e-07
2756,0.7784614690943523,0.8881385455729661,0.01563156969418947,0.045505646011078794,0.015632686397008325,4.690943523621982e-07
2757,0.9334183384296444,0.9684602375474829,0.007850263745410148,0.022932972533196854,0.00785226751687372,3.3842964441976875e-07
2758,0.9342294797756896,0.977743056197205,0.011248067872656245,0.03014362206656157,0.011249647586419132,4.797756896213201e-07
2759,0.8148504745658106,0.9160118839650069,0.01741465018554687,0.04590292064676337,0.017417254780985797,4.7456581064864167e-07
2760,0.5723584212352251,0.7719073939366642,0.01766643956308595,0.05994089736627724,0.017672096369323993,4.212352250343443e-07
2761,0.8742475464033106,0.9417840993895036,0.014461958361718744,0.04029944503487366,0.014465092289056083,-4.535966894314569e-07
2762,0.594028601379363,0.7801432386884699,0.015582665630957025,0.05232336590142363,0.015584609547618188,-3.986206370543144e-07
2763,0.8418571830226158,0.9204812436150366,0.010279081805126935,0.03825164187871437,0.0102799511558215,1.8302261584057788e-07
2764,0.8592867520606458,0.9353754693327675,0.010426473453808597,0.039438695281301395,0.010427527469327949,-2.479393542698105e-07
2765,0.9229767120176857,0.9626375008536466,0.010700956015234386,0.02756650921251424,0.010702606901981363,-2.8798231432869414e-07
2766,0.8325552399155293,0.9279390200433452,0.017356594180859383,0.04375208259934067,0.01736035802973877,2.399155292209798e-07
2767,0.8339985869857204,0.9234514872610483,0.01881035480156253,0.0545632800021912,0.018813654522785182,-4.130142796654468e-07
2768,0.6784219446698129,0.8567365326572616,0.01858214220009766,0.056374446753111436,0.018586497256170596,-5.5330187098689976e-08
2769,0.9459826654548624,0.9732072683321473,0.007315072300790998,0.021757315216245045,0.00731570329827026,-3.3454513759245685e-07
2770,0.8167970257482171,0.9149796681804963,0.012973585562646484,0.03949653762227919,0.012974732012821576,2.574821711398556e-08
2771,0.7211654713645235,0.8563088530150973,0.01686027633027346,0.0561695782343564,0.01686459396820555,4.7136452352436464e-07
2772,0.9283053307475992,0.9638283442135764,0.011961481414453115,0.030815810953961614,0.011963068905322703,3.3074759919760055e-07
2773,0.8524996170368335,0.93715285877066,0.010703569599492181,0.03325762151745587,0.010704211292981762,-3.829631665119848e-07
2774,0.6658320235367745,0.8258072344547841,0.018894386623144552,0.052186855895909566,0.018899590479856333,2.3536774529375748e-08
2775,0.678566672808723,0.8374189086341588,0.015369841488671886,0.04352742156427146,0.015373732998659384,-3.271912770719254e-07
2776,0.810234703348877,0.9132687378355502,0.009209584900556636,0.0254738534027806,0.009210271537352072,-2.966511229995916e-07
2777,0.9306362561162329,0.9726893485040413,0.009686951923046878,0.028685110306930817,0.009690525816101327,2.561162328884592e-07
2778,0.9627498015692297,0.9812076610302742,0.006549077342753906,0.0177040915723129,0.0065496315765731904,-1.9843077025960554e-07
2779,0.4276870136712677,0.753669943246201,0.023284640832587876,0.06450170827410434,0.023285882077683392,1.3671267728998515e-08
2780,-0.5468787801380539,0.5528476766101676,0.030694396476933578,0.07949883474509484,0.03069703659920301,2.1986194609358023e-07
2781,0.39774157494503193,0.812830417351956,0.014556091822832023,0.045872477531211764,0.014556543251952572,5.74945031917018e-07
2782,0.8922206339965435,0.9457671264374274,0.01659872604082026,0.039091448531015476,0.016603999434511862,-3.660034565422521e-07
2783,0.4814887483514988,0.754919083210557,0.022335064250585988,0.0651828104206805,0.02234057699125783,-2.516485012038494e-07
2784,0.8652426925239955,0.945147590940269,0.012823487254101582,0.03657120329891638,0.012824829358386624,-3.074760044352587e-07
2785,0.9286362169316765,0.9655520337153781,0.0072167528518749975,0.021550723485573645,0.007217267330951532,2.1693167651104517e-07
2786,0.9057446808018573,0.9620999284458218,0.009902769812304679,0.024913804706841094,0.009903721990205621,-3.1919814269532054e-07
2787,0.8837278450878416,0.9412043300424552,0.007340384479570306,0.021590895524613362,0.007340671351098132,-1.5491215832330596e-07
2788,0.6206402470654526,0.8157037440469439,0.018499226589355437,0.05006868529714138,0.018502672140309,2.4706545265207325e-07
2789,0.9741186691699928,0.9873460838476511,0.00545349778454101,0.0114891595340598,0.005453874223701995,-3.308300071669379e-07
2790,0.8894091221159032,0.9448040670944997,0.012699329263183607,0.03494769175525464,0.012700825980590545,1.221159031672414e-07
2791,0.7810253572859347,0.9349154784906972,0.018652948155371118,0.053907165218827525,0.018655116639187837,3.5728593472672543e-07
2792,0.8608837068299071,0.9280104292618577,0.012439238028320287,0.03758871305790762,0.012440617779916403,-2.931700928687775e-07
2793,0.5688602614276352,0.8095622727038263,0.01591763220107421,0.04603513708392147,0.015919717571046023,2.6142763520642376e-07
2794,0.918184676730323,0.9705590653716665,0.006206263856201167,0.015497527307849389,0.0062067447369079575,-3.23269677027227e-07
2795,0.8363338073249698,0.9297692390760323,0.006972109027539065,0.022127106046497955,0.006973207640364427,-1.92675030263878e-07
2796,0.9274624815769259,0.9681707930864227,0.010402777680175775,0.03020348384308674,0.010406856015694967,4.815769258925684e-07
2797,0.889260337636403,0.9454037884344109,0.012611151791210955,0.0366449388566068,0.012612862635214812,3.3763640294726116e-07
2798,0.7358906945800237,0.8608137974872015,0.02227862493183587,0.056206973150544855,0.02228353044828393,-3.054199763097287e-07
2799,0.7883735075518169,0.9185610676511416,0.02554254639355469,0.06392457633188768,0.025549159860012268,5.075518169084248e-07
2800,0.8817405958531563,0.9539355518143728,0.010541989061230456,0.03459264268484972,0.010545498739247811,-4.041468436577489e-07
2801,0.7866766725760058,0.9261774309501258,0.01172966850849609,0.03608485029927235,0.011732482202937232,-3.2742399413976386e-07
2802,0.8083185728776978,0.9012557099843846,0.01767517658222656,0.048587860507643583,0.01768408809113856,-4.2712230219343894e-07
2803,0.9286836926832203,0.9642656836318693,0.006822466810957028,0.017748707421882927,0.006822794782634001,-3.073167796907583e-07
2804,0.5252981311265768,0.8299176325000891,0.018490037468554703,0.050119247382053284,0.01849349619988669,1.3112657670788508e-07
2805,0.9434981733887682,0.9739833784157997,0.008089796942675781,0.02334369684067927,0.008090646813343382,1.733887682320301e-07
2806,0.8584046338373582,0.9342130489523752,0.016332644638867178,0.040496201785881134,0.01633454488547734,-3.6616264176281277e-07
2807,0.8557220205765166,0.9255113113956024,0.011821593573144535,0.034963190280900815,0.011824178617640966,2.0576516601700234e-08
2808,0.9028216035581064,0.958432681032808,0.010186749436523444,0.03733162528814809,0.010187865206426918,-3.9644189364640425e-07
2809,0.9220659989307074,0.9665470669532037,0.009405642538378898,0.022641886412290355,0.009407197609290497,-1.0692926544209058e-09
2810,0.7983394793260447,0.8973458069950547,0.016849651384082013,0.04863560041878658,0.01685149775213622,4.793260446334102e-07
2811,0.9701622997399465,0.9852107330249853,0.0064001917457617175,0.017909562432855183,0.006400803080447176,2.9973994652987557e-07
2812,0.9273081935558425,0.9639759750313855,0.01125544191240235,0.030610430013768657,0.011256921861045113,1.9355584246483204e-07
2813,0.9041657596042754,0.9566131441526524,0.00934212107032226,0.02623984706425174,0.009342937070206725,-2.403957246599475e-07
2814,0.9003283097052643,0.9492268288513938,0.0075119821959961025,0.024978803665749925,0.007512766799309555,3.097052643230569e-07
2815,0.8713929506560916,0.9402931983922975,0.009331663062597665,0.028894930739939876,0.009332768769843887,-4.9343908403720604e-08
2816,0.9371420456218462,0.9713370799080802,0.010678485671874996,0.02717063632118635,0.010679533446882009,4.562184618972509e-08
2817,0.9061669561421155,0.9693976112740466,0.00875688646048829,0.026719516359894953,0.008757568823540434,-4.385788443528327e-08
2818,0.28503250022158455,0.554047914189699,0.031844986609228514,0.10247193547593464,0.03184793593733725,-4.997784154303631e-07
2819,0.9292752286428653,0.9746770094881186,0.008302633708398439,0.024013729172936805,0.008305045282600355,2.2864286530754896e-07
2820,0.8909041749032602,0.9559099454318128,0.010230177562304694,0.028355793165398865,0.010231201714804426,1.7490326020830338e-07
2821,0.6753472935849385,0.8285159642530817,0.014241047603388672,0.051320089661481445,0.01424200073604287,2.93584938471092e-07
2822,0.928475084628892,0.9636366703262605,0.005366179930175777,0.017572136970372066,0.005367499839716112,8.462889189431166e-08
2823,0.9207157916667535,0.9624203113666936,0.006251213414160152,0.016385982611794976,0.00625185511269633,-2.0833324643199091e-07
2824,0.7871441432246589,0.9247370364376669,0.019087916062695304,0.055467337363702726,0.019090711206267715,1.432246589105901e-07
2825,0.8841353400222437,0.9423104804476569,0.009397637889648449,0.03383658974081864,0.00939883936866181,3.400222436944489e-07
2826,0.8972513212913773,0.9718606339905551,0.008152904139599598,0.025454156651988184,0.008153407006194885,3.2129137728098556e-07
2827,0.9348688463986555,0.9691314653499136,0.006624772994433599,0.01934975684318087,0.006625751042084749,-1.5360134442143902e-07
2828,0.8576127286116071,0.951798973712769,0.014380983817578106,0.04276555378853374,0.014382616781054361,-2.7138839286955374e-07
2829,0.9439535900779003,0.9747923798851856,0.010106099945703141,0.024935276819593448,0.01010834166050318,-4.099220997089148e-07
2830,0.8887471240400907,0.9630859539329791,0.0078094300804980405,0.02582208231271727,0.007809880828082428,1.240400907542849e-07
2831,0.8282018739599022,0.9474899036430501,0.014029804714746087,0.03936773580090578,0.01403142133934313,-1.260400978031484e-07
2832,0.9306929672970305,0.9732884004842035,0.007411067124218743,0.02214372477030335,0.007412803873744724,-3.2702969443576535e-08
2833,0.8096564055406505,0.9114497958218353,0.017314982556738277,0.044588372535447736,0.01731946288356102,4.0554065050546484e-07
2834,0.5907655374874884,0.7782363472081929,0.029436881922070304,0.0808459110867046,0.029443924458308686,5.374874884056524e-07
2835,0.6886188817749411,0.8365035004162947,0.01521133452666016,0.04833743090978964,0.015213230518110524,-1.1822505885383805e-07
2836,0.8421272212694226,0.9189332573189888,0.013713733812988273,0.04220470087122534,0.01371681573458115,2.2126942267330918e-07
2837,0.9477425930394352,0.9736420608825256,0.009895692480859374,0.024942663782574283,0.009896836547246766,-4.0696056480271636e-07
2838,0.916654868365847,0.9664851249728373,0.012681186435058583,0.0340851171048749,0.012684069053375453,-1.316341530221976e-07
2839,0.7220895729656158,0.8605397033336807,0.01653780221005859,0.04568102280831626,0.01654197063612696,-4.270343841872304e-07
2840,0.8699210676227369,0.9402533556912125,0.008017625555205089,0.02539852203377604,0.008018092304795239,6.762273685456677e-08
2841,0.8514849366301027,0.9246735709120533,0.017074130985253934,0.04433746095599742,0.017077734774956027,-6.336989732957932e-08
2842,0.9444632416358305,0.9718557429931287,0.005781868439990237,0.016125392658755355,0.00578215171939856,2.416358304557775e-07
2843,0.9298899688924224,0.9678171695840804,0.008065561786015618,0.025997864521009974,0.00806626848897909,-3.1107577624922556e-08
2844,0.9534950183433831,0.9776541895005579,0.007316976520898445,0.01999546026384928,0.007318243224640833,1.834338314576911e-08
2845,0.009468700465263713,0.6272681712471962,0.02508580053467775,0.0636866456991126,0.02508727034817465,-2.995347362869799e-07
2846,0.9592652133155426,0.9796565330165455,0.009440338899218758,0.02265909356885922,0.009442225572027424,2.1331554256320828e-07
2847,0.5435967362004801,0.7421470011209852,0.021847893650517553,0.07269013860670291,0.02184947962580396,-2.6379951989508044e-07
2848,0.9094866697124645,0.9752205382265335,0.008585211304687498,0.02326362603695788,0.008587176187994129,-3.3028753554376067e-07
2849,0.8556254976047509,0.9288380110631429,0.012847583645898436,0.04216545280278589,0.012849088261284744,-5.02395249069032e-07
2850,0.9051448847615373,0.9523705682514999,0.005457510051357421,0.016928474446266772,0.005457589651066545,-1.1523846266126014e-07
2851,0.9230273147929383,0.9626953598166804,0.008879658864091788,0.0256197718591969,0.00888033717568166,3.147929382718573e-07
2852,0.7094921821789539,0.8463509203994987,0.01840375197275391,0.050451188809111334,0.01840940999445925,1.8217895392247385e-07
2853,0.817288040818708,0.9272547811622756,0.016333258478906237,0.05174045096361594,0.01633526589032802,4.081870796923681e-08
2854,0.9181488641634851,0.9698200343580268,0.01409131238027344,0.036997806712058316,0.014093622637902214,-1.3583651492510285e-07
2855,0.9529026293310336,0.9762149093023774,0.0075849043700781165,0.021450600527466186,0.007585558143771196,-3.706689662985596e-07
2856,0.8357208223130628,0.9161758022499759,0.014105630353320315,0.04046233261831812,0.014107520618597248,-1.7768693727493456e-07
2857,0.7189533014591024,0.8529829096979684,0.019733319775195268,0.05378133082078266,0.019735304094895503,3.014591024586011e-07
2858,0.8970833663005622,0.9640814910082542,0.009791791945000017,0.02984364159671182,0.009792694305449368,3.66300562215649e-07
2859,0.9606605082097334,0.9802942221219488,0.0048654330188281185,0.011801499109016974,0.004865631673227323,-4.917902666212726e-07
2860,0.8053852997216108,0.9003261451172199,0.014776165837890624,0.046432415674094736,0.014778303726420902,2.9972161075253467e-07
2861,0.611670009779019,0.9415036957686423,0.017501078475781254,0.047601331541530185,0.017507542032701683,9.77901892795785e-09
2862,0.8524262629998736,0.9439466754974173,0.012448026206152363,0.033863989507328204,0.012449976298229854,2.629998735459438e-07
2863,0.8464754345131531,0.9344494817740061,0.0132678575294922,0.03993561619962451,0.013269507315394165,4.3451315312470484e-07
2864,0.9271214128677895,0.9713598112800828,0.00737894617324219,0.021964169938061072,0.007380047230532693,4.128677895121058e-07
2865,0.9250475710669122,0.9623119609700352,0.00739638352601562,0.021257914652475646,0.007396920833610944,-4.2893308782598893e-07
2866,0.9537977432754332,0.9773807672693979,0.009126588868945323,0.023803855734687445,0.009128657977865513,-2.5672456682723777e-07
2867,0.8609146259899716,0.9503214503850264,0.010829643039648435,0.03771177667596066,0.01083220346816339,-3.740100283922132e-07
2868,0.9306378617392038,0.9652672660124838,0.007230265526318362,0.02165507239019919,0.0072307402775635245,-1.382607961453175e-07
2869,0.5758751213579192,0.8385755706142395,0.01435994612099609,0.0461113055548239,0.014362984762670271,1.2135791915834915e-07
2870,0.9509393987185825,0.9755177428335003,0.008211355151855471,0.020559652219613055,0.008213568585385703,3.9871858248385905e-07
2871,0.8145155503592172,0.9141422549734278,0.012520102888330071,0.03940291521484859,0.012520998007465865,-4.4964078282916375e-07
2872,0.9419455111859194,0.9732610408431869,0.01129048053154296,0.029869098241076964,0.011295183571509175,5.11185919371826e-07
2873,0.734643721909721,0.866185911247092,0.01529901881164062,0.05025391227225215,0.015300117098263271,-2.7809027891567695e-07
2874,0.8643303288559667,0.9298096491932519,0.007337120866142561,0.022668562562010483,0.007337462976968104,3.2885596668030814e-07
2875,0.618854788085117,0.801166450213018,0.02106191483025393,0.0637641159506685,0.02106358069387506,-2.1191488308591744e-07
2876,0.8719686959749597,0.9342301547058713,0.013366017596386717,0.03810719196273722,0.013367511168460836,-3.0402504025417443e-07
2877,0.81012070198394,0.9051672772008209,0.01305518524580079,0.04002241653470271,0.013057391081800063,-2.980160599408421e-07
2878,0.8588047932218603,0.9393440655784604,0.012057336028222666,0.032420101492636896,0.012062597798520409,-2.0677813972191927e-07
2879,0.8051843779843907,0.8989922446207536,0.012031502177148434,0.03370481424043412,0.012033997005237574,3.779843906759339e-07
2880,0.8317869775612654,0.9291654576097382,0.014794265454853494,0.040169682478168885,0.014795636357560364,-2.2438734648133618e-08
2881,0.757551781065949,0.8954238091746901,0.01189103108203125,0.03226591057146263,0.011891396793021071,-2.1893405099948637e-07
2882,0.8906281667730707,0.9440332286569803,0.007187719768701173,0.0228351219944946,0.007187959615028136,1.6677307068668767e-07
2883,0.9515265238366561,0.9760894024212396,0.00681025337554687,0.018159159554384977,0.00681079900581844,-4.7616334386546555e-07
2884,0.8355572655119038,0.9455506575284314,0.009898933632929695,0.030478112601453316,0.009899718495778665,2.6551190379642264e-07
2885,0.8569956131122259,0.9298741487790867,0.00998992622948242,0.026064137685993107,0.00999054618892986,-3.8688777403983465e-07
2886,0.8682493671086048,0.9341762019869118,0.009579006742285156,0.03697237330171167,0.009581798434711764,3.671086047374317e-07
2887,0.8199469470834576,0.9165897135416512,0.01582128427324218,0.052246162791750546,0.01582315725087207,-5.2916542370162745e-08
2888,0.9171485670863155,0.9664884666193393,0.0068662694905663995,0.019847261076849816,0.006866619717492457,-4.3291368445608214e-07
2889,0.02466936316573476,0.6364073175510548,0.018316057296777318,0.0599005495207055,0.018316805405847642,3.6316573475900227e-07
2890,0.9438191103692807,0.9789329034620385,0.008478151665332032,0.024147854576146943,0.008480637163687455,1.1036928071472829e-07
2891,0.560697753320383,0.7934750959553832,0.019963654288574245,0.0621690296324817,0.019967096118764426,-2.4667961706636987e-07
2892,0.7155473827694345,0.851550072262362,0.015087064502539058,0.04364420907563969,0.015088959784528505,3.8276943448156686e-07
2893,0.9389216069023931,0.9706532718889913,0.006945186989160154,0.02350445767589243,0.006945793648738479,-3.9309760690997564e-07
2894,0.8558722985623294,0.9392033402827408,0.014064422664941375,0.03874161332104468,0.014066154067845586,2.98562329414942e-07
2895,0.45640277916033956,0.686036179877613,0.023005243580273435,0.07310279055256164,0.023007753157851453,-2.208396604475027e-07
2896,0.871070839391926,0.9355816365213553,0.013372666466406216,0.03793343978101333,0.013374886088939662,-1.6060807406237387e-07
2897,0.9358732799026994,0.9680072168588314,0.010651964815527337,0.02864358774537297,0.010653755182281845,2.79902699462653e-07
2898,0.3254612113398829,0.7454672962181667,0.013030086011455066,0.054398680829560744,0.013030869726010526,2.1133988292731942e-07
2899,0.7877224928954101,0.9209921155332322,0.014082868090810564,0.035980417646354255,0.014084189738640708,4.928954100424932e-07
2900,0.8084473837435442,0.9029181190200163,0.009451671749589828,0.03367475138448003,0.009452336994480882,3.83743544163373e-07
2901,0.8401493109113577,0.9403869592009853,0.010383419456347668,0.03323966537204326,0.010385946443320682,3.109113576593714e-07
2902,0.9332258487681448,0.968624762955725,0.008262969705869138,0.023143306257303466,0.008263674720947408,-1.5123185514998028e-07
2903,0.9274680594934073,0.9681149349117433,0.008946035075976588,0.026977444019950617,0.008946978059728451,5.949340731170594e-08
2904,0.888568383094776,0.9623779930352956,0.009612987739257813,0.027332320524298823,0.009614488828246691,3.8309477601305986e-07
2905,0.8429726924463131,0.9365446048809186,0.016043410273339852,0.0463824998990082,0.016046054964863894,-3.07553686851314e-07
2906,0.97935970017138,0.9897461115280619,0.0031152546748144565,0.007439927706882705,0.003115329667435204,-2.998286200428524e-07
2907,0.9192991064047003,0.9598902764510332,0.008496987900341781,0.025018936327990755,0.008497566938743923,1.0640470027301063e-07
2908,0.9034754096762247,0.9506850546652071,0.012245206826171876,0.031540499690471825,0.01225003300352436,4.096762247218777e-07
2909,0.7242592427966446,0.8672810039959659,0.015103577320410152,0.04521412474050369,0.0151089109367015,2.42796644567278e-07
2910,0.8872659645916965,0.9526993323351017,0.01008123292660156,0.02599915546087735,0.010081598602010964,-3.5408303511452743e-08
2911,0.9262793021833269,0.9655452942808093,0.01165126905888672,0.030138784553203964,0.011653095788860104,3.0218332691678285e-07
2912,0.9213475899524185,0.974233650096734,0.013347871108984359,0.03601067142284844,0.01334980770818441,-4.1004758144502773e-07
2913,0.7263075139548756,0.862271742971441,0.016434708366894535,0.04518381069967274,0.016438139761173306,-4.860451243704489e-07
2914,0.9574587947442565,0.9810102238626599,0.007101875047070317,0.016843818974381072,0.007104264284323056,-2.0525574340179986e-07
2915,0.8966934392966877,0.9469639796463604,0.008584066615234386,0.026789500822329657,0.008585397573361513,4.392966876931581e-07
2916,0.8865801365727494,0.9471216323895135,0.009132920154687495,0.025582160149647096,0.009134268010015333,1.365727493318758e-07
2917,0.9285588075549911,0.964234661208137,0.013419815448828127,0.03370294193522873,0.013421805149568538,-1.9244500892856564e-07
2918,0.5998356221408838,0.8133005598109007,0.020209125286328136,0.06060335946133399,0.02021206007947288,-3.778591162184597e-07
2919,0.9035870438008117,0.9527972184410841,0.008642602355761713,0.025175226790833095,0.00864492775055487,4.380081164434557e-08
2920,0.8045506155502155,0.8991878262287971,0.016332618139658233,0.045721049072651156,0.016334023523452375,-3.8444978456286805e-07
2921,0.8380958954589561,0.9553739164317854,0.01743912216757809,0.04908266703092809,0.017440989007438974,-1.0454104382162654e-07
2922,0.8588528624572312,0.9432410617692425,0.009925342326503918,0.028981910408188222,0.009926095503245256,-1.3754276873001459e-07
2923,0.8612126861900542,0.93172037138888,0.006635020697099608,0.025595103175228957,0.006635572414156789,-3.1380994580665345e-07
2924,0.30526499684168595,0.5797790852685105,0.022751465041894528,0.07739102768576148,0.022754117066094346,-3.1583140547297717e-09
2925,0.886378254137248,0.9430551810856225,0.014427609202050766,0.038484266078720714,0.01443444314585484,2.541372480235893e-07
2926,0.8864063213093052,0.9451166153941731,0.013015357051562499,0.036178022542922725,0.01302052115821857,3.213093051623872e-07
2927,0.9193705215526544,0.9594206862066837,0.006678070817031252,0.018797831193906215,0.006678298651864569,-4.784473456309613e-07
2928,0.9130228805520566,0.9570289844037688,0.009942963269628919,0.02990424118737696,0.00994609321763889,-1.1944794342522158e-07
2929,0.6192640760932997,0.8157534470131914,0.0229814608776367,0.06946732336229053,0.02298786770900775,7.609329966129508e-08
2930,0.9659356076659926,0.9854120153172887,0.005609057112109378,0.014592443177581911,0.005609864488855492,-3.923340073930248e-07
2931,0.7704620995137645,0.891666881990943,0.014527085636132827,0.04128783354983934,0.014529374112808274,9.951376456207583e-08
2932,0.8430706423051694,0.9199430197433295,0.014697317430527348,0.04464983765205528,0.014698669428693082,-3.57694830643851e-07
2933,0.8855478631979815,0.9461794615190523,0.017702767762304696,0.04358095688874719,0.017713620032874182,-1.3680201849108897e-07
2934,0.9001387822327439,0.9512993482981729,0.006909608857978524,0.02325446595227761,0.006910003412401569,-2.1776725611655223e-07
2935,0.9125228357463002,0.9630847243215461,0.009869299459863264,0.028041249146330077,0.009870444204370754,-1.642536997525923e-07
2936,0.9514147695475095,0.9768845330352963,0.007469804308056633,0.02144913099531153,0.007470478531742756,-2.3045249053499361e-07
2937,0.8294076055962225,0.9404050728193961,0.018276783418066385,0.04749063618003783,0.01828250266938769,-3.944037775260867e-07
2938,0.5692249211577445,0.7656681155294973,0.020180329792871113,0.060266160858581524,0.020183170412641328,-7.884225550203183e-08
2939,0.7954773609063432,0.8966692059289125,0.016917038397656233,0.046430665738745644,0.016919192239590958,3.6090634325525173e-07
2940,0.9528905615246112,0.9784586697521999,0.00589177292639648,0.01639518789080354,0.0058922655611610975,-4.384753888864168e-07
2941,0.9261178817248757,0.9637882549500055,0.010674528198632802,0.028112323467799065,0.010676612394017834,-1.1827512425011122e-07
2942,0.8643327309134186,0.9415207421957511,0.01324330952893552,0.040170289144529,0.013244561629793424,-2.690865814614085e-07
2943,0.6542170839294554,0.8349847498176155,0.013070147225390624,0.04098264956982424,0.013073292422920985,8.39294553856007e-08
2944,0.9459355406314225,0.9744403621716543,0.006539428167070306,0.01952894116572267,0.0065399024041692035,-4.5936857751005533e-07
2945,0.9307278098617285,0.9654090510174286,0.009670972319140618,0.026816952918727228,0.009671951687427755,-1.9013827146086015e-07
2946,0.8966538130880227,0.9504084814338444,0.008572058399765608,0.023975318555122607,0.00857263316515802,-1.8691197722908726e-07
2947,0.5519671691757275,0.8048676975330776,0.029030465151953143,0.0827821355429749,0.029042764605932823,1.691757275379402e-07
2948,0.7037765977802578,0.8412323116870136,0.015754284550585928,0.042919921889289246,0.015756433655656963,-4.0221974217935497e-07
2949,0.5116894986658367,0.7959620576640069,0.018913861399609343,0.05164737352738387,0.018917679134816644,4.986658367345242e-07
2950,0.8288202778433997,0.9317576388997856,0.012115747538476558,0.033663164997802454,0.012117920470656506,2.778433997319141e-07
2951,0.5421448844514958,0.7416956325265848,0.018141432853027384,0.05820210371131106,0.018143897581764143,-1.1554850420925078e-07
2952,0.8112821656107796,0.9026629981030699,0.013684824252539063,0.04694856660342727,0.013686432294736305,1.6561077964549753e-07
2953,0.9410333586489117,0.9788330724676662,0.010708943900488287,0.02781167782436661,0.010710932356160689,3.5864891168024826e-07
2954,0.8514349099574495,0.9477264579667235,0.012645618615332027,0.036792548038355806,0.012647004400721631,-9.004255052680321e-08
2955,0.9077028598418209,0.959588523735151,0.009195533593798835,0.030855196235830974,0.009196386853699607,-1.4015817917378826e-07
2956,0.8197782015013917,0.9165075604767424,0.016045834287304654,0.044830878952191226,0.01604814325243064,2.0150139168340075e-07
2957,0.927637429024525,0.9637520276210139,0.007644429725361328,0.021224813175171477,0.007645098085523494,4.2902452490611864e-07
2958,0.7715960837693,0.8838585600868182,0.018039451381152306,0.057123325510180976,0.01804723793053694,8.37693000521611e-08
2959,0.7339411617210899,0.8593230490833599,0.018427510927207028,0.05308917256875091,0.01842929255510671,1.6172108996403978e-07
2960,0.7798820079040569,0.9048018692132183,0.015283244719824228,0.04671087673775977,0.015285500384301888,7.904056964491701e-09
2961,0.8475243979260266,0.9210559003290338,0.012760505986621092,0.03942384451391393,0.01276222621602631,3.9792602657406917e-07
2962,0.9288874714289133,0.9705241412840108,0.009380295866992162,0.026507583454343373,0.009381277106361741,4.7142891324014613e-07
2963,0.8520928653399478,0.9256269488338814,0.01253296006660153,0.038262177863848,0.012536902570172887,-1.3466005222007027e-07
2964,0.9170481264451928,0.9600403204036437,0.009011909570478491,0.025720575981524725,0.009012667292365635,1.2644519287174916e-07
2965,0.8580148481707983,0.9405215412966719,0.013740248069433587,0.03990792967554919,0.013745780438154461,-1.5182920165557334e-07
2966,0.8399816320192632,0.9183871750495689,0.01784485073603519,0.04310140177791342,0.017852894304005176,-3.6798073677069e-07
2967,0.8314229109532738,0.9184856688205868,0.012807551785058586,0.038461095518392954,0.012811114562423953,-8.904672621490306e-08
2968,0.9510356715640017,0.9818024309017775,0.009066735996679684,0.022941727225779533,0.009069456143337073,-3.284359982869134e-07
2969,0.8647029664647479,0.93918847137362,0.007232761437958994,0.020351549898422753,0.007232851866472469,-3.353525213078967e-08
2970,0.8504380431965615,0.9237370731291241,0.010112789704589838,0.03385713390193212,0.010114243351964263,4.319656143891848e-08
2971,0.775753830524006,0.8889806232681472,0.016157432993925764,0.046499985772723455,0.016158982938361197,-1.694759940162882e-07
2972,0.7061336310991086,0.8992992732064572,0.012774234759414055,0.03610074404544945,0.012775474240012972,-3.6890089138985616e-07
2973,0.9009075202544717,0.9542270293663647,0.012493046302343762,0.03208717669287342,0.012494395006064373,-4.797455283034324e-07
2974,0.7055219386146101,0.8459239902616521,0.016093098490136706,0.04879985995066068,0.016094233240928728,-6.138538988231801e-08
2975,0.8655167780361213,0.9391122347336621,0.017873266335644487,0.046150638494691594,0.017881160907523713,-2.2196387872153167e-07
2976,0.8777411556525755,0.9492486025792548,0.007561732678808596,0.02194432187763659,0.007562559117537728,1.5565257549532419e-07
2977,0.9411642188878061,0.9712253317707913,0.009557674966113308,0.026753395329382222,0.009558752304409281,2.1888780610268554e-07
2978,0.4587240661810782,0.6850071083800128,0.028232055765527418,0.07948065356783625,0.028240234651454747,6.618107817324415e-08
2979,0.8500744117663567,0.9393221862632282,0.016004593286816398,0.04119246113918667,0.016008103482917337,4.117663566782781e-07
2980,0.9372704010288967,0.9695420898072427,0.00836108157255863,0.025519956521366655,0.008361967807354724,4.0102889664606067e-07
2981,0.7812556846895174,0.9064043132484273,0.018421800429003935,0.05260457030850532,0.018423768240369284,-3.153104825015518e-07
2982,0.9135664991447817,0.9583161043505948,0.00786232543085937,0.02149332923507024,0.007865494731283009,4.991447817292993e-07
2983,0.6364047345350929,0.877948291268781,0.011041771175332008,0.03566016823330503,0.011042783598051,-2.6546490705658954e-07
2984,0.5336790240932063,0.7372631163835538,0.022354065460839852,0.07015918741303243,0.022358431787559252,2.409320631890921e-08
2985,0.7956278444413922,0.9007742167542765,0.019897048407519536,0.05566181411197951,0.019901325427238825,-1.5555860777283215e-07
2986,0.8919569509015091,0.9455860541626719,0.011132307263085946,0.030787167837656518,0.011136408554014479,-4.9098490939591954e-08
2987,0.8568663433533806,0.9272878110121677,0.012322404009179683,0.036722034693819884,0.012327185310168071,3.4335338061630694e-07
2988,0.9497485781012375,0.9780676557277397,0.005736278008886722,0.017333395362497752,0.005737593773398656,-4.21898762481554e-07
2989,0.9590124671209148,0.9793715079810924,0.009068004998730476,0.021634869091956672,0.009071929334829329,4.6712091483769314e-07
2990,0.9136868882804889,0.960707447040868,0.00957626632724608,0.026117521318997576,0.009577192262452818,-1.117195110866831e-07
2991,0.9120684662839919,0.9551783338211596,0.005743318958583985,0.01718670604464849,0.005743407306374572,4.662839918623263e-07
2992,0.815554673756599,0.91724843121178,0.017828905538964848,0.04485950007762074,0.01783314323235778,-3.2624340107201277e-07
2993,0.5753262893272095,0.7771072532530404,0.026157697485546895,0.07784382098479858,0.026163436131766537,2.893272095239041e-07
2994,0.8365072823973672,0.917287994615104,0.011526682723427722,0.040170746411894824,0.011527743506731044,2.8239736715729435e-07
2995,0.30455171310652296,0.7183227211597452,0.020807174041699246,0.06194954662978265,0.020809480728938137,-2.86893477030592e-07
2996,0.8532787297728397,0.9493112851290187,0.018131241814648386,0.043356879152689466,0.01813737765504807,-2.702271603149953e-07
2997,0.825609740880468,0.9119276517073878,0.014185008058789084,0.03477323197386457,0.01418815227393228,-2.591195319423534e-07
2998,0.8629532964821315,0.9666238507818016,0.010219576118535153,0.03220562898120821,0.010220560137712316,2.9648213151212133e-07
2999,0.8174306337543266,0.9133129854557246,0.01886965104062502,0.04959848902462555,0.01887302547152374,-3.6624567345544534e-07
3000,0.7930348936149716,0.9141466519610093,0.009218484457333987,0.02860377062521855,0.009218897898630882,-1.063850284532819e-07
3001,0.9206357520429874,0.9618992773102228,0.007771185633691406,0.019772467907497385,0.007771618998906696,-2.479570125890618e-07
3002,0.8180882510634687,0.9062273345103343,0.007382934351240236,0.024490110497986287,0.007383169390967708,2.510634686814228e-07
3003,0.7825475943098221,0.9053076060460589,0.017266529916601568,0.05760722183837519,0.017271024208427622,-4.056901778959343e-07
3004,0.9141911442319023,0.9579009183859325,0.010935324827441403,0.03165814189093968,0.010938742355270755,1.4423190231038774e-07
3005,0.8615123360277123,0.9328492780100808,0.013068450069433581,0.03844390048318194,0.013069892568643587,3.360277123221067e-07
3006,0.874430712628033,0.9359708823067473,0.01316539416142577,0.03610969823990672,0.013170016459223485,-2.873719670004604e-07
3007,0.8396061053111961,0.9177297081245774,0.01569210581230472,0.039374157569969995,0.0156951201338935,1.053111960969133e-07
3008,0.8874883270046969,0.9469274390863659,0.01140333719765625,0.029683588583614556,0.011405967948805142,3.270046968761875e-07
3009,0.8723666163192638,0.9383993758413255,0.017882490187792997,0.049043724263251445,0.01788525747173563,-3.8368073618233467e-07
3010,0.8875800623079932,0.9422668240068127,0.013488511248632816,0.034267655265528225,0.013494054756110633,6.230799320938729e-08
3011,0.8722339693087517,0.935098740956238,0.009346540972705064,0.027856751622492376,0.009347116185168397,-3.0691248209535615e-08
3012,0.9193114020504223,0.9662685893174483,0.012375431492773432,0.03562516623094924,0.012377040355782087,4.02050422287914e-07
3013,0.9050554994545961,0.9594283060129626,0.011669480486328113,0.027880595819633213,0.011673032130087833,4.994545960146368e-07
3014,0.9043282686626547,0.9577026273649725,0.0126695494477539,0.03342263906807696,0.012670994105804884,2.6866265467884176e-07
3015,0.9515972407013232,0.976239987121435,0.006217080977958988,0.021763896653773047,0.00621759944697588,2.407013232064159e-07
3016,0.9405737537859765,0.9721995942924424,0.0063438721753906096,0.019489756776068963,0.006344880014532269,-2.4621402350266663e-07
3017,0.7804269020529967,0.8846068630257964,0.011829741979765617,0.03755668530521653,0.01183025116536942,-9.794700328580319e-08
3018,0.6697084537567108,0.8281389942093837,0.020010675645800783,0.059726023978769964,0.0200131243856573,4.5375671087199976e-07
3019,0.8924351884845336,0.9524896531473633,0.011199378688085956,0.036380465319074066,0.011200943128293062,1.8848453364750384e-07
3020,0.9228766329257877,0.9609634720721133,0.011599943354296862,0.031548210664264685,0.011601649711014378,-3.6707421224857484e-07
3021,0.786692393160605,0.9241154235441283,0.016005772455761742,0.04831988712289212,0.016009406904913533,3.9316060507221806e-07
3022,0.8750333720901072,0.937248343859335,0.013257615162695293,0.03317821106811528,0.013259514222145023,3.7209010728123104e-07
3023,0.5822397726547524,0.7881436373028786,0.023404906928906243,0.0686902286590655,0.023411437282445796,-2.2734524762757502e-07
3024,0.8551889695251784,0.9301583729026365,0.01518626718398437,0.04265203880598993,0.01519094560938204,-3.047482155515979e-08
3025,0.9234788128743143,0.9613657664980233,0.009987969029394524,0.029144034732433915,0.009989224318276023,-1.871256857244319e-07
3026,0.9262458670130088,0.9684055253542002,0.008782370786718762,0.02044733936491494,0.008783238932594747,-1.3298699119701496e-07
3027,0.9332776587968864,0.9685789210193587,0.011086586198535154,0.028388580201221085,0.011090307539030538,-3.412031136518223e-07
3028,0.8449679223014326,0.9295108557124632,0.01658345675820313,0.04714906294536164,0.01658524312322797,-7.769856746886461e-08
3029,0.6486134791538565,0.8422087214939945,0.013651109237939451,0.04827563247264581,0.013652410984541423,-5.208461435479705e-07
3030,0.8228418152160202,0.9136803474136053,0.008605732109179686,0.027703643981951694,0.008606374652332726,-1.847839797841644e-07
3031,0.7306633205711222,0.860265996313589,0.01602922117226562,0.04578171395217052,0.01603200921562186,3.2057112220318373e-07
3032,0.907605089259343,0.9545574797562005,0.00821072733388672,0.023985329906394466,0.00821181418802404,8.925934302794758e-08
3033,0.7895968551779324,0.9037437956702675,0.017706046306249997,0.04909155079000914,0.01771405684012146,-1.4482206756039062e-07
3034,0.9500624998326906,0.975221219087646,0.005985802424199219,0.014800138844613278,0.005986063964552368,-5.001673093474324e-07
3035,0.773230977705286,0.9276514038896425,0.013441898979355476,0.03210178042290267,0.01344250187099394,-2.2294713963866286e-08
3036,0.8505941076279789,0.9432300669585649,0.010414119721611324,0.028402645232208916,0.010414809053035299,1.076279789735679e-07
3037,0.735528479335694,0.9298693393309961,0.014594798145312489,0.04470712977861074,0.01459860221696126,4.793356940258064e-07
3038,0.9182786347188199,0.9617035973243052,0.007004198764013676,0.02253754458878061,0.0070047378254510404,-3.652811800813893e-07
3039,0.8430419901215034,0.9212691551625801,0.009438597893750015,0.027278494841138323,0.00944000375291692,-9.878496576298801e-09
3040,0.9621672882791094,0.9810027211607266,0.007726860517382817,0.01915248932171348,0.007728365014429741,2.8827910936168877e-07
3041,0.8654044667889769,0.9559535294530102,0.010132617321386704,0.02879078579542442,0.010134146959394607,4.6678897691609933e-07
3042,0.8717004443319579,0.9707446182369356,0.009855058236904302,0.029209320538521037,0.00985579085075658,4.4433195789395086e-07
3043,0.739513770347282,0.8712293996903601,0.019544612844238276,0.05130046749565378,0.019547804887399118,-2.2965271795349906e-07
3044,0.9274761402090146,0.9668052125725419,0.013030836878027368,0.03229347405164696,0.013037570692026804,1.402090146207513e-07
3045,0.7943376242051975,0.8923771422135227,0.008257599999902337,0.029988768854717424,0.008258473079069477,-3.7579480249849695e-07
3046,0.9526206788613358,0.9764213007697907,0.009661750328710937,0.022629579965943173,0.009665531639336752,-3.211386642165692e-07
3047,0.9004235780501451,0.9503894594604811,0.010346729341210942,0.03287795403050681,0.010347853553751514,-4.2194985494514725e-07
3048,0.9390895759799963,0.9703016357968917,0.009308499607910154,0.023816060355806128,0.009310359047681186,-4.240200036642605e-07
3049,0.8220426580688703,0.9131701295785573,0.018228972821093765,0.053588567034431114,0.018231515973543097,-3.419311296326555e-07
3050,0.9419025622698396,0.970763024496828,0.0077580012857422,0.01877827454984889,0.007758871849785039,-4.3773016045189905e-07
3051,0.7853826568809559,0.944838938061935,0.01269269311328125,0.03637918155226507,0.012694025210323394,-3.4311904417716477e-07
3052,0.8605016137571875,0.9342319012788542,0.013763471740624995,0.044211089763580146,0.013768930448247025,-3.8624281251120607e-07
3053,0.9076315907969529,0.9530849385624586,0.012408771152246093,0.02861441248647566,0.012410887281751866,-4.0920304711367095e-07
3054,0.8944288879499755,0.972131209677418,0.008945435807597662,0.02729867007403484,0.00894604435850781,-1.1205002448111401e-07
3055,0.8501387904279473,0.9312260563049193,0.011575222729296876,0.03394477024819434,0.011580599320152658,-2.095720527117706e-07
3056,0.4952696859972152,0.7637482565631413,0.022661182400195316,0.06983568849693127,0.02266633640776573,-3.140027847736704e-07
3057,0.8052689068256643,0.9100749185491671,0.016630295469335934,0.04685061671004504,0.016636798033385514,-9.317433569133726e-08
3058,0.8096183571240246,0.909235773355128,0.01733702839199223,0.046416220456283616,0.01734032232147171,3.571240246857954e-07
3059,0.764443475124947,0.8787767923170676,0.019274285699511725,0.05330237332992307,0.01927846783730292,4.751249470524854e-07
3060,0.7669383085911835,0.8820184713414946,0.011299646216503909,0.03964942756052944,0.011303001096428943,3.0859118349546577e-07
3061,0.8867685608449175,0.9462689338311674,0.017343171354199206,0.04164482949422785,0.017347180162635093,-4.3915508252112545e-07
3062,0.8282138921918953,0.929108025455898,0.018977885113085936,0.048963911650474506,0.01898654340977398,-1.0780810466570756e-07
3063,0.7533460381914887,0.8694131622712916,0.019171440020214845,0.05240703951393345,0.019173402580942925,3.819148874928402e-08
3064,0.9153403668335911,0.9582725376530052,0.011883898861816383,0.029692631892630467,0.011886503900879397,3.6683359105893487e-07
3065,0.8465170691878514,0.9342198592435347,0.016232587126757795,0.047972258644584084,0.016234912732548977,6.918785144804929e-08
3066,0.9512374261163687,0.97640263802498,0.006998327069023445,0.015292058651213278,0.006998678371323607,4.2611636874578807e-07
3067,0.7269961621678768,0.8673908051754712,0.017357878816699177,0.04688970153465038,0.017363621775565132,1.6216787679379507e-07
3068,0.8474319263700278,0.9241629319955489,0.009655992531249998,0.03446091463984575,0.00965746239316325,-7.362997211934896e-08
3069,0.8605347959008894,0.9343337750725594,0.014945238016796878,0.041770282361598826,0.01494968637521116,-2.0409911061225472e-07
3070,0.849668252372023,0.9350401142505887,0.008326685311572256,0.026454253548517877,0.008327101997258068,2.5237202305739004e-07
3071,0.5684866425385859,0.7617312087327196,0.014295514073017549,0.05224005291802301,0.014296058770154921,-3.574614140244847e-07
3072,0.8825067366817687,0.946767436995593,0.011832996155566405,0.03610223320260679,0.011835375316915062,-2.633182313305227e-07
3073,0.825596231366041,0.9119436639166947,0.015161846975976561,0.042045066001393405,0.015163559287549278,2.313660409924978e-07
3074,0.4999261972590373,0.7185624167538084,0.021851453462167943,0.07220699468913402,0.021853383571143255,1.9725903732670247e-07
3075,0.917900563278383,0.9596938336292735,0.012224083680761699,0.030820654125461044,0.01222558804303807,-4.367216169809396e-07
3076,0.7999682326262456,0.9033545351118554,0.01151734244751953,0.031759581072342384,0.011518012273607176,2.326262455998318e-07
3077,0.9346748610575744,0.9679800894170222,0.007843319756484371,0.02587912286837149,0.007844000793655197,-1.389424256759142e-07
3078,0.9065505691724909,0.9531547899678833,0.01054808179296875,0.031164212232717127,0.010551442622645752,-4.308275091124969e-07
3079,0.7917391951913186,0.9485320911900876,0.014464838718749989,0.03796224648295158,0.014468847639984603,1.951913186637455e-07
3080,0.9441869968319371,0.9727567640123007,0.007213046734765625,0.018385935987958093,0.007213854129518592,-3.168062923109005e-09
3081,0.9203090137735894,0.9635529206839865,0.010463279938867196,0.024879653674610935,0.010464421324694344,1.3773589380150497e-08
3082,0.5924561592749307,0.7757678912750882,0.021098417776855463,0.07343421259518228,0.021105033561173367,1.5927493068890186e-07
3083,0.9442835430869995,0.9734654366633245,0.009209058897851551,0.024876622859179565,0.00921011774640636,-4.5691300054606643e-07
3084,0.9190261410496257,0.9678289821522665,0.015227112072656257,0.03624355256107892,0.015229346924491776,1.4104962564598367e-07
3085,0.6699187560667215,0.8257959998644253,0.015391967691015635,0.05027873059508485,0.01539381671161304,-2.4393327857641367e-07
3086,0.9548859206624025,0.979589647240398,0.007522212903515609,0.018577486949030202,0.007523662755461098,-7.93375974916799e-08
3087,0.7590568193561085,0.8723961268540391,0.01003606230386722,0.027520354315319795,0.010036788613164541,-1.806438915119557e-07
3088,0.8946494739362505,0.9760464804185488,0.00675438938257812,0.020985028457368656,0.006754718712604048,4.739362504668776e-07
3089,0.9207323200563621,0.969907267023101,0.010659669612597646,0.03133115407193176,0.010663426714248038,3.2005636207976806e-07
3090,0.3520853941865467,0.6200102318983134,0.021732624521875007,0.07453640019258437,0.02173733841369765,3.941865467371741e-07
3091,0.8978448466464057,0.9490732755575753,0.008797024156738277,0.029167705807391687,0.008799084134962549,-1.5335359426771333e-07
3092,0.7793904891018264,0.9254181257175498,0.00680325028343751,0.02621885570457592,0.006803542843876013,4.891018263730729e-07
3093,0.8999015542157155,0.9488342444420135,0.01220568816591795,0.03312608711328336,0.012208185770278851,-4.457842844862725e-07
3094,0.9342878472377786,0.9669597970465865,0.008431426588417954,0.023798043151823683,0.008432206778940429,-1.5276222142812657e-07
3095,0.9147714751928678,0.9763308878196194,0.007247261123535155,0.022604312477781517,0.00724874165509736,4.7519286783259673e-07
3096,0.7963269024102495,0.9041323782955415,0.013925239932421896,0.03733430842671839,0.013926748619885236,-9.758975050289109e-08
3097,0.8967064769496212,0.9498321359654721,0.007421785429736325,0.01982676894079368,0.007421996112521913,4.769496212420066e-07
3098,0.8412964822164389,0.9177501075420813,0.019336588866503895,0.04884870879435553,0.01934547375509367,4.822164388906813e-07
3099,0.9174047120856922,0.9587136788393887,0.0074959831883203085,0.01873786859433413,0.0074966793128688715,-2.8791430783936534e-07
3100,0.6894887520545163,0.8521174371260314,0.011535131953486329,0.0415427966879381,0.01153585934455941,-2.4794548370010716e-07
3101,0.9088508313323256,0.9537572959372687,0.011442785492617173,0.02887884836627893,0.011443884143946441,-1.6866767438283858e-07
3102,0.8830174504243345,0.9498954144930724,0.01265899916874023,0.038371842721623604,0.012660213260909976,4.50424334497157e-07
3103,0.8894356745410315,0.9446706162354828,0.016560335078808597,0.04215769701268616,0.016563021057557043,-3.2545896855307177e-07
3104,0.7354680996600333,0.8689320806619998,0.015826495665917963,0.04892998028052954,0.015828363061369543,9.966003333694573e-08
3105,0.9119402360918843,0.9575941393901548,0.010370927493749993,0.03197933219490388,0.010371878434964394,2.3609188437578865e-07
3106,0.7666016197749439,0.8777177713714989,0.007922649313271475,0.028912596057063852,0.007922732137671697,-3.802250561069087e-07
3107,0.944252018195931,0.972302743777385,0.00913317196484375,0.024406117847541802,0.009134177460579117,1.8195930984177267e-08
3108,0.7478274475452713,0.9238003794558254,0.012199406721972669,0.040968532229394325,0.012201741317744217,4.4754527128709753e-07
3109,0.917298498616344,0.9585500296916519,0.010573329998632813,0.028922219083177447,0.010575643008090755,4.986163441023095e-07
3110,0.5552590732990792,0.7907722416897847,0.015955131797851536,0.047193339760522125,0.0159578404497738,7.329907925068824e-08
3111,0.939538235103617,0.9782278818430354,0.011824886339355481,0.03084253622491912,0.011826478706119683,2.3510361701895022e-07
3112,0.9394838351133681,0.9710038990445923,0.006243502907812507,0.01678708133785134,0.0062453461917633445,-1.6488663190372677e-07
3113,0.7033259874517579,0.8500630657888221,0.01919859041191404,0.056768379407145346,0.019206727359245838,-1.2548242112053742e-08
3114,0.7561924851109971,0.8744112869996928,0.01149793275478515,0.0433664418833847,0.011499382824659463,-5.148890028783271e-07
3115,0.8712650033058911,0.9357239052939103,0.01078933077666017,0.03337360539544565,0.010790744857373526,3.3058911164118854e-09
3116,0.8381733002514354,0.9243515312757236,0.01207952819658204,0.0411293268728456,0.012082906566383384,3.002514354921715e-07
3117,0.7598335104512571,0.926437808297404,0.008694490854882811,0.032458389886639884,0.00869548256858292,-4.895487428768774e-07
3118,0.4376814993705994,0.688819470136739,0.011964256586142578,0.04800248762493886,0.011964631247084034,4.993705994271735e-07
3119,0.8134919672931272,0.9183061349340363,0.0130815670173828,0.039545581317203725,0.013085467203693104,-3.270687276568651e-08
3120,0.759159707365162,0.8933087776407072,0.024153669126074178,0.06365507623483645,0.024157940513278478,-2.9263483791730494e-07
3121,0.7894111567348261,0.8947813570099796,0.010287531764560553,0.031778931325152374,0.010288307339349852,1.56734826117777e-07
3122,0.88472564414577,0.9452850319733697,0.011296855818847656,0.030563174372174467,0.011298913502401885,-3.558542299719747e-07
3123,0.8321993217082688,0.9131888426894462,0.011721981448320309,0.03603527394462568,0.011722853431319976,3.2170826880228987e-07
3124,0.5580007742053286,0.7716021993238215,0.018331394339648418,0.06265260034492935,0.018334652370705386,-2.2579467140459997e-07
3125,0.864971232493075,0.9373825264265826,0.019076357591992187,0.047834851897906865,0.019079034771690866,2.3249307490313953e-07
3126,0.8065401217616832,0.9011793746834413,0.017006104351757825,0.04507706199819825,0.017014318003565454,1.2176168318056568e-07
3127,0.9006000227928844,0.9504420273884586,0.014318832844921876,0.03495038657037547,0.014325183717435463,2.2792884468714192e-08
3128,0.7169654754220929,0.8716985835656103,0.02214923164472657,0.05748884861339465,0.022157036735663962,4.7542209291595583e-07
3129,0.5642399356448584,0.7784927217313887,0.022408329605205037,0.057840724841907776,0.022410385960930944,-6.43551415491217e-08
3130,0.20697019335032396,0.7427421789600376,0.023199998029589844,0.06421338402251092,0.023206434914474244,1.9335032397371776e-07
3131,0.9331337193345173,0.9684619819280236,0.007969030583339861,0.021013083184705728,0.007969605413923412,-2.806654827436361e-07
3132,0.8870403352169831,0.944078300211116,0.011039272176074205,0.031052778655648906,0.011040328594425292,3.3521698306060443e-07
3133,0.7007887814869059,0.8424916382008454,0.02118000131291016,0.05764915750134437,0.02118192120284961,-2.185130940635105e-07
3134,0.8518346125774644,0.9244668332599387,0.013331692944726543,0.040051839855708454,0.013334059909703076,-3.8742253560819506e-07
3135,0.8517169170784555,0.9332756090421135,0.008969781912021484,0.027572078554505105,0.008970246451124564,-8.292154440869837e-08
3136,0.8207493360857417,0.9421406854352559,0.011066867138769525,0.03442088912881811,0.011068537251538895,3.360857417922247e-07
3137,0.9043528541923742,0.9680228958684876,0.007423022390126956,0.020368085085957922,0.007423333035457991,-1.4580762575100437e-07
3138,0.9485265942159915,0.9759723143243579,0.005379307188349611,0.013693003642738837,0.005379497942334127,-4.057840085058828e-07
3139,0.8950749936711407,0.947455273992804,0.013683560118652354,0.0343575699476609,0.013686486426315165,-6.328859214477234e-09
3140,0.9257405511172224,0.9631865377445659,0.008678979897958974,0.02370250044070318,0.008679794949713503,-4.488827776150117e-07
3141,0.9550024803284187,0.9773486574418273,0.00661462490546876,0.015876766943712484,0.006616174684181339,4.803284187060441e-07
3142,0.9237693584050972,0.9641928548097299,0.006272526388291017,0.017290300977434645,0.006272916410632598,3.5840509726714487e-07
3143,0.7467449859027866,0.8791878514448194,0.020192932372167953,0.05643486027043105,0.020201488969379844,-1.4097213396624397e-08
3144,0.8388510532148852,0.9218025659875719,0.01440882097714846,0.04390399219307722,0.014410317321442611,5.3214885165076e-08
3145,0.8765018809507295,0.9445586440853311,0.00897449152021483,0.027702298889938533,0.008975515569995618,-1.1904927055272907e-07
3146,0.8804624617056945,0.9391331169933602,0.006941609484472672,0.021915945286106735,0.006942472283820149,4.6170569456549515e-07
3147,0.9019284954961231,0.954550747795209,0.008695983357050794,0.027317021039942168,0.008696638767143152,4.954961231318222e-07
3148,0.819814144859889,0.9097597507871772,0.0181653887816406,0.04710665690033697,0.01817052008381776,1.4485988897305901e-07
3149,0.9546986359253887,0.9778430430398906,0.005138343832109375,0.013043348689307807,0.005138576647502817,-3.640746112365534e-07
3150,0.6796932998737519,0.8354510614895496,0.011988615128525384,0.04539559061289488,0.011989252325514966,2.99873751941071e-07
3151,0.8980477572707287,0.9513062624209174,0.008319164322412117,0.027674036103185303,0.008319787317487809,-2.4272927123814014e-07
3152,0.8363046600063664,0.9299089493694425,0.014222530847070303,0.0420782497179525,0.014229343765797566,-3.399936335801712e-07
3153,0.8491649991800653,0.9234156523159457,0.014542745202343752,0.043630310103332556,0.014547333373100295,-8.199346757109538e-10
3154,0.8601857019032882,0.9564297713477998,0.012114541448144545,0.040618769698125015,0.012115753037987247,-2.980967117593991e-07
3155,0.7974872341166568,0.8959989831755786,0.018894944060449254,0.05217970490263077,0.018897668019451513,2.3411665683870098e-07
3156,0.9556687013061175,0.9791102288896758,0.009772929275000012,0.02604773049365386,0.00977442657933255,-2.986938825166874e-07
3157,0.8274528017386953,0.9278708038167861,0.017316120985058595,0.043650716881631864,0.017324098285357265,-1.9826130470690373e-07
3158,0.9369178958301364,0.9687248460591182,0.005795081683105472,0.018765427669912134,0.005795965113381598,-1.0416986362393743e-07
3159,0.9437449825950328,0.9725090034122694,0.010696554235253918,0.02834663426328031,0.010700272409781985,-1.7404967134204696e-08
3160,0.8607204257018218,0.929759784493252,0.01587003538408205,0.04117732539666235,0.015876732678929386,4.2570182179346716e-07
3161,-0.8431452205683565,0.23643290923941962,0.025862514474492188,0.07898333342241005,0.025863419885318845,-2.2056835646822037e-07
3162,0.8960981498803849,0.9587414035407326,0.011228380285156237,0.029421954041510733,0.011230357159311812,1.4988038499197387e-07
3163,0.595452228842286,0.7977085480456727,0.015399026412968723,0.043472722399819426,0.015400057930717003,2.2884228600972278e-07
3164,0.862638445145756,0.9290988889524412,0.011610513713867196,0.03733142477611282,0.011614327663951332,4.451457560339378e-07
3165,0.9425387185025441,0.9716593823904003,0.009016446098535167,0.023784950758745583,0.009019427479307878,-2.8149745590067e-07
3166,0.6685405440143133,0.8374945857892422,0.027420629665917955,0.06807225305324478,0.027423863674404712,5.440143132640074e-07
3167,0.9081673522088316,0.9547278963727924,0.011930715441601547,0.03167464124239987,0.011933283280104281,3.522088316554317e-07
3168,0.8999152741998675,0.9544212024375073,0.012986943583300778,0.04209502177568245,0.012992726631632518,2.741998674782309e-07
3169,0.3816556018335743,0.6970945081687823,0.020168847491972692,0.059521311926335585,0.02017083467964145,-3.981664257191042e-07
3170,0.843966292628229,0.9381591545719696,0.014308888630664082,0.045710965954483,0.014310663490668583,2.9262822898168395e-07
3171,0.8894347189570975,0.9432260516091666,0.007083640515302743,0.022335339002103195,0.007083881777156566,-2.8104290250574593e-07
3172,0.9585666635511582,0.9791827111724811,0.005387154662988279,0.015413160563530159,0.005387731873871173,-3.364488417867406e-07
3173,0.9020019704735107,0.9499911295974636,0.007316311554580077,0.022838193739681774,0.0073166746344618,-2.9526489253584032e-08
3174,0.8888220314372004,0.9455920327613369,0.012111877501074215,0.03440545489218002,0.012116170366857491,3.143720039844311e-08
3175,0.7530910882846914,0.8771200106921343,0.02403126496308594,0.06571586109360633,0.02404748625987075,8.828469144628315e-08
3176,0.9516233435643168,0.9761096146109653,0.008236188759960947,0.02362518219709857,0.008237054493333422,3.435643167737368e-07
3177,0.7958485485592179,0.8937444980394224,0.00756088492396484,0.028099521896568846,0.0075612121951561615,-4.51440782089918e-07
3178,0.9462532472884209,0.973352323077984,0.004989696507597653,0.014841512095943955,0.004990087077771061,2.4728842085153246e-07
3179,0.9283615439187556,0.9682013154721282,0.013109422087499979,0.03432893943337245,0.013111597249037205,-4.5608124443763387e-07
3180,0.7172348120663629,0.8488498659901962,0.018709672558017598,0.05345788578016117,0.018711318722395044,-1.8793363709690425e-07
3181,0.40130892755524716,0.8781095997098801,0.017254321718525388,0.04444191131646813,0.01725521262344366,-7.244475286327656e-08
3182,0.9405696949100647,0.977719368842426,0.0082794357857422,0.02371663359671939,0.008280266621070745,-3.050899353151948e-07
3183,0.8955584549316742,0.946917197919439,0.011697838797167992,0.03188019313678342,0.011699507352827833,4.549316742208376e-07
3184,0.9092993931689319,0.9568153613949105,0.01046791644052734,0.02904950864964026,0.010473275582128232,3.9316893196694735e-07
3185,0.7752977079816941,0.9053949122955276,0.012814671754091799,0.039349391447442025,0.012815840894428243,-2.9201830598069023e-07
3186,0.6516736948240083,0.8184109795606781,0.02042773891806641,0.061938123522677,0.02042996978496105,-3.0517599169943566e-07
3187,0.8804294457616718,0.9574455166833278,0.01150228430367187,0.032889190221692566,0.011503355173091374,4.4576167179677384e-07
3188,0.9334096345264368,0.9673237712883184,0.011290173176953135,0.029530059623005134,0.01129180013565044,-3.6547356319083235e-07
3189,0.7893048669262719,0.9296353131590797,0.014250373762792966,0.040047575518374574,0.014252738551518505,-1.3307372814796992e-07
3190,0.9004345713452204,0.9495580914684432,0.014648181881445324,0.03748313695287078,0.014650338660351885,-4.2865477956066655e-07
3191,0.8767165771976981,0.9467942319625938,0.008618557874999992,0.02727055862398217,0.008620199077288376,-4.2280230183600054e-07
3192,0.6540200527711943,0.8202317307034441,0.012994936061757818,0.04337104110695841,0.012995377358262334,5.277119430324717e-08
3193,0.8103292909851844,0.9109778512591542,0.010258382356572273,0.029516802095795172,0.010258748414259977,2.909851843924116e-07
3194,0.8359585060905257,0.9195848666708755,0.015008023859570315,0.043018667868871714,0.015009812490366897,5.060905257092685e-07
3195,0.8347567696098281,0.9149073030199575,0.008613629239238273,0.024470768243539612,0.008614075144856908,-2.3039017182924226e-07
3196,0.8466326060241394,0.9250722620447401,0.00900854726642579,0.029967514666045688,0.009009012872391224,-3.9397586060196943e-07
3197,0.8953289630618171,0.9469015548440199,0.008495709296484369,0.03148896660848144,0.008498250060796296,-3.6938182956802734e-08
3198,0.955093554325674,0.9783374760489418,0.00608605104072265,0.014186735640056677,0.006086792671976144,-4.456743259995122e-07
3199,0.8946033428857738,0.9497415952164082,0.011458241866601573,0.031241028327973947,0.011462651045248299,3.4288577377417084e-07
3200,0.7532516557050573,0.8743588079196898,0.017214463867050767,0.04745469840621806,0.01721615081259184,-3.4429494277787853e-07
3201,0.9235196975208294,0.9612048055826612,0.011385595049414046,0.03023183542619353,0.011387381842360192,-3.0247917059966767e-07
3202,0.6750678569052229,0.8297926866185208,0.016617791837841803,0.05137623276621402,0.01661862406945261,-1.4309477713858598e-07
3203,0.927492593121815,0.9637897695903153,0.011580824987109358,0.028980258994421026,0.01158241855995814,-4.0687818503304385e-07
3204,0.9017199663833582,0.9583844525376047,0.011775347683593751,0.02979175088845182,0.011778658673969931,-3.3616641803568825e-08
3205,0.7579575196738808,0.8908473132795425,0.01575653414984374,0.04216825377269162,0.015757938740331694,-4.803261192121155e-07
3206,0.9641830169953222,0.981929404555412,0.005112819824804686,0.011970151843291294,0.0051143149108941206,1.699532214960442e-08
3207,0.8761477049396329,0.9367944498598804,0.015029955096093756,0.04479320754839566,0.015036084581534761,-2.9506036713922157e-07
3208,0.9078865966359441,0.9538135218730873,0.009311295376669911,0.028007454941070268,0.009312063088945378,-4.0336405593421887e-07
3209,0.5533820673077732,0.773450459227198,0.012341813114550794,0.044980658554026796,0.012343398340169426,6.730777313279646e-08
3210,0.8994038480078526,0.9487887682164784,0.011813846737304677,0.034862021951415335,0.011815063854292561,-1.5199214742356304e-07
3211,0.8241111477186012,0.9186700587883833,0.0138551625515625,0.04125850708145555,0.013859466972148734,1.477186011289433e-07
3212,0.903079760367465,0.9519076923966362,0.012151770962695336,0.03322075759459035,0.01215327133508539,-2.396325350373374e-07
3213,0.9248980497088869,0.9675838890865642,0.010696566777539059,0.028652102110909003,0.010697856208334204,4.970888689559416e-08
3214,0.852343623569116,0.9582959987181141,0.012252532160576177,0.03588524395417771,0.012253730304224879,-3.7643088401928537e-07
3215,0.7832117562087669,0.8862004426861751,0.01796414963457029,0.05045764634264232,0.017966115082645045,-2.4379123308992945e-07
3216,0.8493623449098353,0.9225667013237419,0.013913528217187499,0.04531486740900045,0.01391557115244749,3.449098353591751e-07
3217,0.88136186611739,0.9520519400341475,0.010717852089257811,0.03130979111122597,0.010720174961424854,-1.3388260999835921e-07
3218,0.7542871188564406,0.8756435673922082,0.013572031573437483,0.039508019241148565,0.013573836991488977,1.1885644057851863e-07
3219,0.9445616057957847,0.9749494917857516,0.007373725708300784,0.017234119408644083,0.007374798489262863,-3.942042152704772e-07
3220,0.8730674808904302,0.9663614583881646,0.009189178846904298,0.026411987459322772,0.009189864871327827,4.808904301434325e-07
3221,0.2750968593156825,0.5577906917069219,0.024554488144628923,0.07682838832545436,0.02455981992435165,-1.4068431747338295e-07
3222,0.802726464719962,0.8973563018888897,0.016585725381347654,0.044141304676462975,0.01659012723814874,-5.352800379609945e-07
3223,0.777182859257174,0.8902282086471487,0.018925563021972673,0.047891677337259894,0.01893047665624757,-1.4074282594922494e-07
3224,0.9502570298500427,0.9756463643419764,0.011151962726367183,0.026989799923385755,0.011153665006528046,2.9850042659873566e-08
3225,0.8427015293918451,0.923579144753535,0.007890896137929681,0.02503095892391661,0.007891128565282136,5.293918450277602e-07
3226,0.9070518921516576,0.9574440513839165,0.0066963953839355465,0.021591574969500777,0.006696656495210981,-1.0784834236776675e-07
3227,0.9011115234406424,0.9524589621293701,0.006361444689062494,0.019585529283776992,0.006362356564273533,-4.765593576427918e-07
3228,0.9555779217925331,0.9778169272743337,0.007673813308886719,0.021889673348458077,0.007674732035709249,-7.820746694697789e-08
3229,0.9104692536028209,0.9568620843247521,0.011072493664550789,0.031151487599376804,0.011073721704851948,2.536028209654262e-07
3230,0.8633605477655589,0.9487900445525773,0.01062299095435547,0.03248320958250577,0.010623940829537422,-4.5223444111730515e-07
3231,0.8656124675160393,0.9355555210117641,0.01219818142773438,0.03981797386353722,0.012203080812141944,-5.32483960702379e-07
3232,0.8834860776806159,0.9509735266425943,0.010897286095019519,0.028273931773606487,0.010900019470011972,7.768061593971254e-08
3233,0.8590513271732884,0.9332019331447108,0.011773809409863294,0.032438650507781254,0.01177620736481799,3.27173288350302e-07
3234,0.8360361746219931,0.9172011718314257,0.01666346360302733,0.04804857320052921,0.016669924378954818,1.7462199308759807e-07
3235,0.9642129674341824,0.9820364779631906,0.005440401122890621,0.015136002156969166,0.005440852182812256,-3.2565817598140256e-08
3236,0.9119037596288148,0.9611537454506051,0.008643797335585934,0.022245810466674093,0.008644386801508561,-2.403711852894119e-07
3237,0.9027106701973049,0.9600212390637504,0.01040156732773436,0.03160566589927559,0.010403714717914797,-3.2980269515370253e-07
3238,0.6834567867774689,0.8379845126307056,0.013606927115917976,0.04939179153569874,0.013608346104434663,-2.1322253107580735e-07
3239,0.9271563188362002,0.9640456639785437,0.010858625234667968,0.030298459672947184,0.010860117848179009,3.188362002193301e-07
3240,0.729261071324083,0.865939923146956,0.012664168516777355,0.0402404954112892,0.012665352223129199,7.132408297305659e-08
3241,0.6931925386633009,0.8343201761545691,0.020707196098828085,0.060115058473134156,0.020714351113274913,-4.613366990646739e-07
3242,0.10433598061317573,0.44036426794099565,0.02572863591930664,0.08099376515474392,0.025730834046307532,-1.9386824270939407e-08
3243,0.963889321289393,0.9826553838869464,0.006361999405566406,0.017597771524965528,0.006363105327907539,3.2128939297937364e-07
3244,0.874101388728308,0.9367503079762483,0.01485626290458984,0.03839590378885121,0.014858838198307507,3.887283079873072e-07
3245,0.8962176597935174,0.9535549179722441,0.008707602005361349,0.02369224107772645,0.008708198965201466,-3.402064825408502e-07
3246,0.9077023303933116,0.958396785454792,0.008320106038935555,0.0296127275450595,0.00832080105805746,3.303933115983426e-07
3247,0.9068246637281552,0.9726434272950519,0.009233306299326175,0.026791573199299035,0.009234095878516072,-3.3627184481410666e-07
3248,0.8102309491715315,0.9158703722675976,0.016318210042089845,0.04793488758907578,0.01632085616208443,-5.0828468545205396e-08
3249,-0.6854343320906469,0.5176031765843779,0.03245372373056641,0.09149139344541406,0.03245767013858518,-3.3209064687067524e-07
3250,0.5328451056619927,0.9410165650399541,0.01704008376392579,0.04556896646935019,0.017041717738137566,1.056619927108926e-07
3251,0.9210705717065157,0.9597421631051344,0.007270322120800782,0.024846148797522193,0.007272365741388028,-4.282934842336772e-07
3252,0.6204958863942243,0.7912878610387407,0.014780979374082057,0.048601025999784664,0.01478232964307069,-1.1360577578667375e-07
3253,0.9040845509755248,0.952610904849642,0.010942722136132815,0.033288895287314796,0.010944004655283163,-4.490244752686223e-07
3254,0.9182413013353634,0.9604861762812062,0.012705552725683598,0.03217355409127726,0.012707246235638117,3.013353634395699e-07
3255,0.8429222921908818,0.9404908070099844,0.014605964960253898,0.03605380535532832,0.014609368202350077,2.921908818231955e-07
3256,0.935294487852071,0.9683681157966414,0.008160061433281256,0.023755190808636143,0.008160749216818445,-5.121479289549313e-07
3257,0.9303924272923287,0.9706894863915199,0.010520864105634761,0.028695100469543326,0.010521808991017985,4.272923287418351e-07
3258,0.8493873351334577,0.9251165942540491,0.01280039126447265,0.03745702055597077,0.012801625840467078,3.351334576517928e-07
3259,0.8939111285407534,0.9460352599228853,0.009913048723339833,0.03256961348337446,0.009914195167160699,1.2854075337465076e-07
3260,0.9264533006740251,0.9637603107769303,0.0094836237345703,0.026716795133391084,0.009484707809167235,3.006740251221274e-07
3261,0.9060281613298244,0.9530987300883769,0.01222216994677735,0.0340546279677378,0.012226634822820735,1.6132982449956756e-07
3262,0.9568337802031976,0.9783539180351818,0.0061154113650878925,0.015653181099346512,0.006115688937250119,-2.1979680231432042e-07
3263,0.6782346440948932,0.8285766792404274,0.014959921281835925,0.04011937735520409,0.01496223697228989,-3.5590510683025656e-07
3264,0.8617727031723345,0.9456322089431354,0.014657306734472665,0.037473348170567085,0.014664795988591333,-2.968276655579416e-07
3265,0.2136371651340495,0.5001368752158717,0.021470327045507828,0.07760955283738386,0.02147355612077271,1.65134049517901e-07
3266,0.8913984794111283,0.9473828300256515,0.012420938369140648,0.03471789190830243,0.012422749578699172,4.794111282402369e-07
3267,0.8512123871105841,0.9374694958707732,0.01716490455976564,0.0513788066828292,0.01716798286665034,3.8711058414353516e-07
3268,0.9066052303499196,0.9553390797726308,0.00668263490621094,0.017868917998871872,0.006682832196248411,2.3034991958326145e-07
3269,0.8819025169958681,0.9513645884080754,0.010550418742792951,0.02766847381351934,0.01055147102327163,-4.830041319126011e-07
3270,0.8917601439304341,0.9464380005542857,0.008889572901132813,0.021979846090724148,0.00889029903079734,1.4393043412663786e-07
3271,0.4695761435648603,0.7296516128783929,0.02059169021367187,0.05967323918609488,0.020597461092915353,1.435648603331785e-07
3272,0.7901239496109282,0.8941696311776829,0.0157139573086914,0.04722013025505813,0.015715932339338042,-5.0389071803991214e-08
3273,0.88719868164795,0.9431818606469682,0.009184429675224611,0.027693472559682773,0.009185089517267537,-3.183520499439041e-07
3274,0.9265402183811094,0.9652163954139205,0.00841121898479492,0.027706932058580384,0.008411979157602117,2.1838110941807543e-07
3275,0.9462018578097783,0.9727923951632114,0.009350160936816392,0.027932059128483063,0.009351285092202465,-1.421902217080273e-07
3276,0.9361743978557101,0.9685561062139681,0.008490667430273427,0.02533608934571422,0.00849297753545043,3.978557101547153e-07
3277,0.3772920609730498,0.8689637742887311,0.020326064920214836,0.05446675057125359,0.020329274829360363,6.09730497758143e-08
3278,0.9732602240318198,0.9875661240095154,0.005839341150195316,0.016457260517713478,0.005839980513597937,2.2403181976216047e-07
3279,0.9222691814830355,0.9700867229421183,0.013964606007421854,0.034887508898852594,0.01397183036166809,1.8148303548848332e-07
3280,0.3027413330152441,0.6337013699983755,0.022649848346289074,0.07050162191645357,0.022653471019148694,3.330152441027856e-07
3281,0.9517357763255954,0.976330213990597,0.006962191033681636,0.019307672873436082,0.006962820852647849,-2.2367440466464217e-07
3282,0.959437363406247,0.9796752824845084,0.0073273828284765525,0.021123891021787234,0.007328071563951035,3.634062469837218e-07
3283,0.821602972337443,0.9104249992294486,0.007303165018203124,0.027179164094891097,0.007303445817071003,-2.7662557022800627e-08
3284,0.3380716005332802,0.623269910109879,0.018102296295117153,0.06779533193157292,0.018104426860278924,-3.9946671975821246e-07
3285,0.8262163873996546,0.9181044191872182,0.02015606702724613,0.055884326317127475,0.020159534832124834,3.8739965468881365e-07
3286,0.8624018439967802,0.9391684772747577,0.012083793533124996,0.03827976533722007,0.012084968207745246,-1.560032197867045e-07
3287,0.9178782834479284,0.9589386404733447,0.008042952839316412,0.025185894868675576,0.008043518323589467,2.834479284619107e-07
3288,0.30556679077863036,0.7858523513165792,0.015460436123486312,0.04914723075978197,0.015461086992730716,-2.0922136961809557e-07
3289,0.9358411416928973,0.9694792955408011,0.010440678574902336,0.026842988128929705,0.010442421365948931,1.4169289730414647e-07
3290,0.8441095222163565,0.9198226867478908,0.008056592405527332,0.03413247769649449,0.008057120834375531,-4.77783643537677e-07
3291,0.8639383593455574,0.932578228915541,0.011678737243847652,0.03269649826054427,0.011682656817267408,3.593455574213422e-07
3292,0.9371875895104337,0.970454726931764,0.007534309620380858,0.02114571135298306,0.007534921000932254,-4.104895663381569e-07
3293,0.8055317269808723,0.935375761201198,0.01275056306953125,0.03613300598452972,0.012753273936046954,-2.7301912775001824e-07
3294,0.7716702762046024,0.8923636995727239,0.018580265025097666,0.051631547135436454,0.01858359975543906,2.7620460241184475e-07
3295,0.476137681698268,0.698456176325794,0.02254348382548831,0.06286752723611858,0.022546835417082425,-3.1830173202740397e-07
3296,0.800976032268705,0.8964747139665341,0.00954927868709961,0.028575717877678583,0.00954941816074458,3.226870493033829e-08
3297,0.7649688591951385,0.8854173534442056,0.023585323957031258,0.06663362238738109,0.02358962252173915,-1.40804861548105e-07
3298,0.8874370756734467,0.9512248460897923,0.011547765703710942,0.03503114929084758,0.011549740622734374,7.567344662007258e-08
3299,0.8134750809574982,0.9062225213283003,0.018045155194726523,0.044329318164973666,0.018048808643596564,8.09574982607586e-08
3300,0.885909922846633,0.9530427642932735,0.006408352818066405,0.02537825353791675,0.006409828700995278,-7.715336702851516e-08
3301,0.5957934908336124,0.7788684543382227,0.022660820242871086,0.06330287203075463,0.022667352241631647,4.908336124209711e-07
3302,0.9063548111786961,0.961376156670484,0.008627515396591798,0.029945946246939043,0.008628373955090378,-1.8882130392583463e-07
3303,0.955500632950871,0.9808553923989467,0.0088981304665039,0.024215324682718174,0.00889938737147931,-3.670491290908018e-07
3304,0.906376177357123,0.9592474172028044,0.010703423701660164,0.025702221943040598,0.010706780019162773,1.7735712298794226e-07
3305,0.8087915989661174,0.9035718983997396,0.014499957341113286,0.044711683966605596,0.014501461947548384,-4.0103388254664196e-07
3306,0.7410556839922269,0.8678892864683068,0.022219860386328165,0.05699204297597425,0.022224378871467717,-3.1600777317120077e-07
3307,0.9323773317700841,0.9664116094012692,0.009161292635742203,0.02298909061369071,0.009164043566153813,3.3177008407214714e-07
3308,0.8244772983752398,0.9105820015307806,0.017121079318261716,0.04632155626426025,0.017123477701042434,2.9837523973785807e-07
3309,0.8876206261849314,0.9514317503109343,0.014137753273242185,0.038795726510097044,0.014139513631377679,-3.738150685661523e-07
3310,0.7309021449265387,0.8862423335350738,0.00952078647940429,0.03343858555714392,0.009521433870543093,1.4492653865882943e-07
3311,0.9696082762249434,0.988266830401412,0.0043624653308593775,0.011769443272547942,0.004363279166635242,2.762249433629904e-07
3312,0.7160258009604707,0.861166796919367,0.017452126457128892,0.05134551765961331,0.017454617147213636,-1.9903952930278024e-07
3313,0.9139136382858095,0.9587835256860034,0.008287869509179676,0.024003949825981488,0.008289350787152611,-3.617141904888044e-07
3314,0.8957672250603611,0.948372936798915,0.011404808461718752,0.029034030187786254,0.011407382645982954,2.25060361125351e-07
3315,0.9185725948058893,0.9588278342734695,0.008425697247988277,0.02411238082191596,0.008426214279822389,-4.0519411070860656e-07
3316,0.8891126814892297,0.9490606602503807,0.011621668457617175,0.03835935908569938,0.011622872766227995,-3.1851077031408437e-07
3317,0.09446124653531274,0.6606934518409314,0.022564683784472662,0.07791042375490176,0.022567519386513323,2.4653531273399754e-07
3318,0.8642351810065683,0.9587513477667688,0.008835889925878897,0.025835222070406488,0.008837401856868255,1.810065682894546e-07
3319,0.9204538998822976,0.9622223609509793,0.012453669201660132,0.03185226001692205,0.012455371898329046,-1.001177023507438e-07
3320,0.913621722865164,0.9608135901321226,0.011148478078613282,0.02798065423711985,0.011153054297244428,-2.7713483607971767e-07
3321,0.8119096529546389,0.9039860591309036,0.01615300353349611,0.044549402984722465,0.016157807858921923,-3.470453611154056e-07
3322,0.3659637454734741,0.624715583260728,0.027538702549121122,0.0867863628309807,0.02754414750374381,-2.5452652591129166e-07
3323,0.7837322822079203,0.8939068262078435,0.011454231513964838,0.035512183700324246,0.01145615758962452,2.8220792036570685e-07
3324,0.85220787745581,0.927364635977731,0.014536700123339864,0.0404585901899627,0.014541613800080172,-1.2254419001767047e-07
3325,0.9288667963693689,0.9657467651763672,0.005534932347539064,0.021530376404882125,0.005535293539170022,-2.0363063113482127e-07
3326,0.6123542209854689,0.7954254852535707,0.02050942403115234,0.05757283935612719,0.02051480690107771,2.2098546892390658e-07
3327,0.9280835307380353,0.9643811046698179,0.006717254277304701,0.01674596958224755,0.006717710688779817,-4.692619647306273e-07
3328,0.8760554831026637,0.9532803323472341,0.00978620473702151,0.02915574501329673,0.009787118341518962,4.83102663650925e-07
3329,0.40235112079159063,0.6623458273602204,0.023127177744277368,0.07504835243868736,0.02312893104284051,1.2079159061872957e-07
3330,0.5641322389999992,0.7718441645133601,0.017859607081484374,0.05555016153965599,0.017860542595451476,2.389999992358227e-07
3331,0.9617975060125885,0.9818312618089551,0.009032834071386721,0.0235006701725296,0.009036274828211099,-4.939874115317267e-07
3332,0.7095635854317084,0.885333929125079,0.01486159200882813,0.043368264449910314,0.014863003522411027,-4.1456829158459385e-07
3333,0.7277874231538135,0.8699743849414147,0.014907682031054678,0.047874578850323396,0.014909864939650895,4.2315381354463e-07
3334,0.6471656009849911,0.8151600528825044,0.01802361480048827,0.05981154514527609,0.018031782536210753,-3.990150089228095e-07
3335,0.9435649500766956,0.9720662013467415,0.008282245603417959,0.023614615427499687,0.008283426407509033,-4.992330437936232e-08
3336,0.8883612913759464,0.9519036205136577,0.005195241674101559,0.018028738864850628,0.005195378187858823,2.9137594648176446e-07
3337,0.9205780285926063,0.9600245335155522,0.010974757832519529,0.03240983927555426,0.010978873310389083,2.8592606282629163e-08
3338,0.9231070434216602,0.9632594541909819,0.006255369535302738,0.023985319795101233,0.006255844388924585,4.342166015636195e-08
3339,0.9310153118870236,0.9672767593999917,0.007518458133984376,0.018619171057218418,0.007520037696846493,3.118870235407911e-07
3340,0.3277198853993595,0.6107490839440742,0.019996873947656264,0.06838586229729117,0.020000028090086264,-1.1460064053281371e-07
3341,0.871543762562376,0.9584454668256046,0.0084056437876953,0.02722417951077533,0.008406748613526863,-2.3743762400663115e-07
3342,0.8632183523594037,0.932151368455573,0.012885054978007819,0.035270178715887855,0.01288601963265369,3.5235940365474505e-07
3343,0.8644845774802933,0.9318682346581394,0.01033580558554686,0.03095189483521321,0.010337721368969639,-4.2251970666651317e-07
3344,0.5895247780277055,0.7830381044487698,0.02215718848066408,0.06018469803742643,0.022160025695233915,-2.2197229443410293e-07
3345,0.9015347859074235,0.949737016116696,0.011622543785156212,0.0316697815913883,0.011624101478686914,-2.1409257644489088e-07
3346,0.8500140243211827,0.9533953002775584,0.011006080153320318,0.030487399105002286,0.011007184253152636,2.432118262341021e-08
3347,0.9565839092318871,0.9821005720970446,0.00796544216314452,0.019718857737980135,0.007966124437485572,-9.076811291475195e-08
3348,0.9610251626528775,0.9821449776499211,0.006270711248837881,0.01880827051448191,0.006271228350559712,1.6265287750005797e-07
3349,0.8389912652235926,0.9179615344992688,0.01309687842265625,0.0375537660614968,0.013098283478144606,2.652235925326707e-07
3350,0.9354491480800896,0.98019733294543,0.008246495400292963,0.023252560466557357,0.008248958498880831,1.4808008963473895e-07
3351,0.8248321486250296,0.9093750500331875,0.012995841143339844,0.03587691901894842,0.012996543361393718,1.4862502961676682e-07
3352,0.7348244142261354,0.8640302163036008,0.015158070060175775,0.04874016413358705,0.015159262384823574,4.14226135392326e-07
3353,-0.24610413431922695,0.715478649265467,0.025981532268964835,0.07425736150337751,0.025982771950145978,-1.3431922696316434e-07
3354,0.9043571704337592,0.9511150851090546,0.009376269545312512,0.03114005923561486,0.00937727353248054,1.704337592167704e-07
3355,0.8897839267290538,0.9648924807422565,0.011009118810644519,0.0294193035828583,0.01101035360528582,-7.327094619924424e-08
3356,0.9378218797199082,0.9699161967440347,0.006103299692460933,0.022508064578047424,0.006103766742315651,-1.2028009188647104e-07
3357,0.8577492893547378,0.9276847529199491,0.012202156429687519,0.04088729455291066,0.012205496587104094,2.893547378368666e-07
3358,0.9603102459567251,0.9799792892124255,0.007961258448828128,0.020854202717173313,0.007962089560399965,2.4595672509786226e-07
3359,0.9320678708711697,0.9656327286958217,0.011967071409472655,0.0311073830826728,0.011968907048430623,-1.2912883029514433e-07
3360,0.9010974387592734,0.9523996579486399,0.009777900432939452,0.02650930419965974,0.009778760663278718,4.3875927335790266e-07
3361,0.1073289378762109,0.669395665875598,0.02166879717443359,0.06574114849107415,0.021669552198839814,-6.212378909908889e-08
3362,0.9275029476468104,0.9632335072544987,0.005741836565585943,0.016658642062106304,0.005742056192115141,-5.235318956131607e-08
3363,0.9629555183387615,0.9816547478464478,0.00657804396054687,0.0159464880385113,0.006578565045394833,-4.816612385605268e-07
3364,0.6731582913518332,0.8914335368896213,0.01865339809560548,0.04477992921880928,0.018659152036978273,2.913518332148257e-07
3365,0.9246966384251145,0.9676235641281513,0.010455468417968756,0.030704689637509074,0.01045661322680673,-3.6157488547683414e-07
3366,0.9279575238316342,0.9641079068268679,0.007662191320703132,0.02568105854880295,0.007663217902232394,-4.7616836573727284e-07
3367,0.8359603006108991,0.9465620485450086,0.014735349081152345,0.036379359627014905,0.014737035292730538,3.006108990621925e-07
3368,0.9150939946563357,0.9633819221745717,0.01326056614296876,0.034471513126932925,0.01326356106168827,-5.343664288837147e-09
3369,0.9289772823286128,0.9697982135724368,0.007750944285058585,0.0194137928563602,0.007753287690677242,2.8232861271071386e-07
3370,0.9411035194668066,0.9802670999107943,0.007380869292509764,0.023740861640089414,0.007381543618663959,-4.805331934587542e-07
3371,0.9399188150807549,0.9714589327639619,0.006815826516308599,0.021887025441306718,0.006817307211574378,-1.8491924502761492e-07
3372,0.4838144534695914,0.7447224200039793,0.020447313948740227,0.0696325089968057,0.020447778123118553,4.534695913771536e-07
3373,0.8118862066796333,0.9407728026829594,0.015131931474511726,0.04137726447816326,0.015133550873416746,2.0667963329668027e-07
3374,0.9310380652070949,0.971870708925874,0.010413582015136709,0.028996351109114485,0.010414927482124385,6.520709483481824e-08
3375,0.9317383837723734,0.969388465734113,0.006336625755166017,0.018357478297839354,0.006336986139884641,3.837723734356757e-07
3376,0.8200099473989534,0.9394224807310126,0.012758987030078127,0.04003074780283116,0.01276091244121045,-5.260104662951903e-08
3377,0.8675172636792132,0.9525353115047015,0.011587670595185546,0.03538490276895564,0.011588790379786842,2.636792132415522e-07
3378,0.8127762367846011,0.9259575949325698,0.015340217868945325,0.04935001089369232,0.01534185982535639,2.3678460103759846e-07
3379,0.9571047744019527,0.9786317663122326,0.006022044335839854,0.016104986923055946,0.006022433973948165,-2.2559804724320287e-07
3380,0.9330728148552069,0.9662388661982076,0.00808227102675782,0.025291705373593723,0.008084389515968873,-1.8514479316333876e-07
3381,0.8767767897847193,0.9399094198150649,0.015926269075097647,0.0424616360548311,0.015929556121480802,-2.1021528073816853e-07
3382,0.8740291429899926,0.9504378656430303,0.014216591238769526,0.04000455109889987,0.014219526487461267,1.4298999262418732e-07
3383,0.7882929240243752,0.8927217738726221,0.021419078806640658,0.05590286065475549,0.021422801712536986,-7.59756247914467e-08
3384,0.7193163522334995,0.8642115122854721,0.017137532520214837,0.04567351828305787,0.01714048479045895,3.5223349958979355e-07
3385,0.8970181267906387,0.9491975780850975,0.012802251040429685,0.03533757391522725,0.012803669460380945,1.2679063876586127e-07
3386,0.6841058759085663,0.8852007980239814,0.022517809083496078,0.0705922651445867,0.022523454546836023,-1.240914336841925e-07
3387,0.8976911336242785,0.9518162237354362,0.012234050621484348,0.03367867424886214,0.012236953132542848,1.3362427853103043e-07
3388,0.7991784734492612,0.8957408273078766,0.015480575762402337,0.04558267907933668,0.015485560863315562,4.73449261129133e-07
3389,0.3902601002884152,0.647079727786773,0.03156261994189456,0.09560081312829724,0.031569302206621845,1.0028841518350262e-07
3390,0.8029472321817545,0.8973233935274856,0.006912765978076176,0.02825361106197628,0.006912967537535036,2.3218175448924683e-07
3391,0.9042531722834617,0.9653228854253091,0.01162710408330077,0.028447787048881474,0.011628322851307313,1.7228346171904718e-07
3392,0.9181961855508565,0.9598221970942118,0.008047245275195309,0.021418324903543274,0.008049175467472408,1.855508564574393e-07
3393,0.910531553434187,0.9664369911550685,0.006655044696787111,0.01901446945038535,0.0066552444864945185,-4.46565812994848e-07
3394,0.883233626036072,0.9407967394393929,0.01343242103027343,0.04011166953772231,0.01343405898328859,-3.739639279354279e-07
3395,0.5376284277559875,0.7453337660778757,0.021721984254589828,0.06828817883367158,0.021726145452365245,4.277559875198733e-07
3396,0.9274228133746725,0.9692085969848039,0.005546836513671886,0.015047711946169252,0.005546956859116632,-1.8662532752511396e-07
3397,0.9147679867242684,0.956956843076423,0.0117113650491211,0.032491165402543515,0.011712999491611857,-1.3275731625128628e-08
3398,0.9399534450602639,0.9705186658877171,0.010300487972070303,0.027278309558504854,0.010301874486934875,4.4506026386503805e-07
3399,0.9219783810739106,0.9607748437393692,0.01048548840705079,0.028001730644196542,0.010486385187506766,3.810739106491212e-07
3400,0.6549862261217585,0.8477926283445222,0.015138638083388705,0.04844446265262716,0.015139813278389645,2.2612175853975458e-07
3401,0.9045218120947952,0.9531362846196911,0.012707529859375,0.03259581684616776,0.012708879597036387,-1.879052048403551e-07
3402,0.9206002225849031,0.9599140048905204,0.00840443577460938,0.02355017480772766,0.008405306719043116,2.2258490317561552e-07
3403,0.87435073850221,0.9378519598413319,0.011872502990234362,0.034741786624643695,0.011873740288591637,-2.614977899773052e-07
3404,0.7694644763808287,0.8818166682494439,0.01065676623044921,0.0325859712701944,0.010657325958110898,4.7638082867340614e-07
3405,0.9011547164380174,0.9514935703825698,0.011206816713984368,0.029294425467426367,0.011207823803863853,-2.8356198267243116e-07
3406,0.12294660785205258,0.6452201832687671,0.015735976922304662,0.06579763238373044,0.01573732690419913,-3.9214794742004067e-07
3407,0.7480936738209523,0.8725477842328354,0.015296609118457028,0.042084652569926065,0.015299704543970569,-3.261790477715465e-07
3408,0.6918400238990621,0.8415941594410901,0.024231503826171855,0.07016467348518561,0.024243363677258434,2.389906206268222e-08
3409,0.9298272771086802,0.9646142863124672,0.009405871527011726,0.023885994452157194,0.009406784260139332,2.771086802244582e-07
3410,0.8332588103264974,0.9358203594179214,0.018051102456152306,0.05017730551041403,0.018055094477262435,-1.896735025708196e-07
3411,0.5461474259292634,0.7480672442734244,0.026067316892871145,0.0724537720709971,0.026076923300238027,4.259292633035372e-07
3412,0.9430784157821126,0.9752940117272672,0.007050427961513673,0.019239555133278647,0.007050956288046616,4.1578211262827125e-07
3413,0.9320492774727072,0.9676065876418357,0.006972668189101562,0.021514343854433637,0.006973096076406861,2.774727071441774e-07
3414,0.9155424657837744,0.9575292473160653,0.009763710440820307,0.030554440358659517,0.009764787369924973,4.6578377443928787e-07
3415,0.7949515032302632,0.9011806436146624,0.012262693384267548,0.039931578952010494,0.012263520449208608,5.032302632379526e-07
3416,0.7367031974732616,0.8612402753755928,0.015057494549101567,0.04511746845563351,0.015058747701944328,1.9747326163166434e-07
3417,0.9555244497267025,0.9779717919135159,0.007666699883007821,0.02235196298312874,0.007668602786974307,4.49726702433928e-07
3418,0.9036369504162926,0.9520012432569666,0.007209722276630865,0.02356153478321564,0.007209962254168126,-4.9583707473210836e-08
3419,0.3902443282406508,0.6503139611279098,0.01993205959140625,0.07328249898580981,0.019934119986034827,3.2824065082648346e-07
3420,0.8484456915692802,0.9396497102028336,0.011944812557128905,0.03479291207324086,0.011947169803024626,-3.0843071985309223e-07
3421,0.9030755061525451,0.967904100728212,0.00891365596348632,0.02809228674337983,0.008914407771297865,-4.938474549298633e-07
3422,0.9194632105207843,0.9681997284815171,0.009589407179101561,0.025215274505272778,0.009591211605391881,2.10520784249546e-07
3423,0.8914842363291653,0.9453363198927377,0.006011708166093743,0.018582028716352058,0.006012272795105559,2.3632916523741443e-07
3424,0.8918480619286673,0.9447866729530349,0.008368270036191401,0.02486191601340748,0.00836873192374586,6.19286673053665e-08
3425,0.7743966603117486,0.9032332294970252,0.016415188629003888,0.051133863855363386,0.01641719737981509,-3.396882514161703e-07
3426,0.9350591253118778,0.9670985614865163,0.0080313662208203,0.024898368790732,0.008032127472528816,1.253118778743456e-07
3427,0.13532875156911905,0.5099778182095989,0.03112632305947266,0.09185771764733942,0.031130266162183985,-2.484308809502789e-07
3428,0.79447820105519,0.8916945527803148,0.01643475591367186,0.05324377330044582,0.016441377742679095,2.0105518994117944e-07
3429,0.8425860290638463,0.9276331176402354,0.01099475145546875,0.04229490461265899,0.010998197635115016,2.906384632961334e-08
3430,0.8665290542496809,0.9422991425218876,0.016429273893066403,0.044111210798533335,0.016438396415677913,5.424968085865345e-08
3431,0.8571504394855607,0.9496797672422966,0.019901474298437534,0.052566328085532375,0.019909438163295323,4.394855607214865e-07
3432,0.7954223233238549,0.899234056741667,0.012583808165136719,0.03812538012643624,0.012586515975320282,3.2332385491162796e-07
3433,0.9403924453418114,0.9703442018757233,0.009419968785937491,0.02540850161343331,0.009421035046436701,4.453418114280794e-07
3434,0.9239051000897816,0.9653376246981803,0.00869700492998046,0.024268827741507293,0.008698023768645587,1.000897815739421e-07
3435,0.9534684785483594,0.9812048022227524,0.009370474589746101,0.024897326898090013,0.009373063400800906,-5.214516406448766e-07
3436,0.8833223370266283,0.9550695325161284,0.009342836451269512,0.027101550990316973,0.009345746400812496,3.3702662827206353e-07
3437,0.8834489802908925,0.954618487398289,0.008420404769589846,0.02872177134672537,0.008420994638959189,-1.9709107568210982e-08
3438,0.9040071518413222,0.9543546059271188,0.00793670953505859,0.02704505731522441,0.007937720723682895,1.5184132218237778e-07
3439,0.8996222124757457,0.9485419115204756,0.011399379831640627,0.03091196879727246,0.01140056014987384,2.1247574566451988e-07
3440,0.6610655790891943,0.8213856629348805,0.020651693516796923,0.06279362768630983,0.02065615243235435,-4.2091080576511786e-07
3441,0.7306344205696916,0.8576386046322255,0.01337344350087889,0.040371581848858265,0.01337725868435386,4.205696916281809e-07
3442,0.7033917509905772,0.9367085300087298,0.011689990686152354,0.04224359667790054,0.011690875387652603,-2.490094228591033e-07
3443,0.6522425281615716,0.8116006992125786,0.019428472952148407,0.05785379901841894,0.019431372396608016,-4.7183842843967483e-07
3444,0.9108489800493451,0.9597500342426579,0.010760979625878898,0.033217303049601535,0.010762167705696817,-1.995065490589809e-08
3445,0.35999668903640036,0.6458072095551062,0.01664209294016603,0.06199796953312098,0.016642897080017115,-3.1096359964788434e-07
3446,0.4636911660336964,0.9202921134968812,0.015899294040624977,0.050020042586907884,0.01590201042840716,1.6603369640266763e-07
3447,0.8386660250059799,0.9199135172935341,0.015062493483105484,0.04614957645895267,0.015064275190670101,2.5005979842340764e-08
3448,0.319664248401618,0.6277760924282256,0.02152005522021487,0.06900430094819675,0.021524274554878185,2.4840161799710714e-07
3449,0.8771659752651301,0.9377705335062619,0.011649961041484374,0.033575168434554624,0.011651060770313635,-2.4734869930043146e-08
3450,0.7853251127165737,0.8863336631292651,0.008833163555302738,0.030411818718630263,0.008833557030465263,1.1271657363032261e-07
3451,0.692121717625592,0.8366969508703423,0.01839515804746096,0.05155892577343775,0.01839895178988695,-2.823744079671897e-07
3452,0.9406700197047331,0.9699485603085325,0.007458225937011718,0.021121657108730593,0.00746049841975137,1.9704733067449354e-08
3453,0.9512095359018409,0.9755024271570644,0.006353308088134752,0.017972330376452735,0.00635381291509077,-4.640981591252924e-07
3454,0.9545334830114656,0.9789294093237754,0.005018145658300785,0.01586247316896511,0.005019200314755403,4.830114656018125e-07
3455,0.7984523090883885,0.9161073656559597,0.010958128293945307,0.03876585483390179,0.01095974465791097,3.0908838843934916e-07
3456,0.8910436451463988,0.9557226745349754,0.013686693090722664,0.03408933635416113,0.013693894912726911,-3.5485360116993547e-07
3457,0.9514760567187849,0.9757938454678456,0.006549526413232422,0.02104562982067459,0.006550031885153528,5.671878489099669e-08
3458,0.8030471256576625,0.9313850500276266,0.0105980165642578,0.03676848373882989,0.010599112032302165,1.2565766249750254e-07
3459,0.7304838651260018,0.8585926508975191,0.016523462016113245,0.04344525066790646,0.01652825843406952,-1.3487399819211987e-07
3460,0.8777039092032731,0.9672192367123974,0.01335591536689452,0.03561034972975565,0.013359692313563841,-9.079672691481022e-08
3461,0.6689079929243195,0.8289104222295646,0.02583624634931644,0.06535507026658424,0.025838965298366198,-7.075680485968405e-09
3462,0.8779943314933149,0.9429857147961659,0.010583321899941399,0.0346370238460896,0.010584318750238913,3.314933147979815e-07
3463,0.6673151537804873,0.8367909512462246,0.01643063308231446,0.05353679279281018,0.016432104253702246,1.5378048734415728e-07
3464,0.9066250330346711,0.9527223178121075,0.012426720614941414,0.03388126199558127,0.012428452572006823,3.30346711097107e-08
3465,0.266252095795527,0.828149036788375,0.017071057687275393,0.05841393482770632,0.017072004504913234,9.5795527010889e-08
3466,0.9292929278355632,0.9645522053641813,0.009778821030468742,0.029498263589569272,0.00978167815497202,-7.216443687063645e-08
3467,0.9115361353609491,0.9563378392361805,0.01133567015605469,0.03741826304387011,0.011337441777585437,1.3536094911614782e-07
3468,0.9541261840546068,0.9773403800946805,0.00945324372080079,0.025148684603266944,0.009454702409306962,1.8405460677772822e-07
3469,0.8446889475189032,0.9277345239509588,0.01456267776972658,0.042302827755499955,0.014565261331020532,-5.24810968016709e-08
3470,0.7317293496882313,0.9118751152958527,0.016041811742011716,0.046227311887005997,0.01604322404563459,3.4968823137138116e-07
3471,0.8104023517139849,0.9279211339751758,0.01807268518974609,0.04335636297809036,0.01807635927303559,3.517139849362749e-07
3472,0.9501290184525605,0.9748354312566249,0.010573667794433602,0.025813436317762097,0.01057514121511142,1.8452560479609303e-08
3473,0.8078447127616233,0.9377141736789179,0.015411499263671856,0.044347770283440106,0.015413186081215264,-2.8723837675048713e-07
3474,0.19207686985123917,0.5186391555550246,0.030067602031074198,0.08966324005008787,0.030069859474956214,-1.30148760824067e-07
3475,0.9170413056527247,0.9592557491325749,0.012439112825781263,0.032345630754734934,0.012442919898882285,3.0565272468585647e-07
3476,0.8322690753388384,0.9729161245028741,0.011466308346972647,0.0340906008147609,0.011467464109103839,7.533883839005995e-08
3477,0.9203046358918044,0.9604923499300376,0.006674790817783199,0.01860442983752967,0.006675106514943291,-3.641081955940706e-07
3478,0.815235768513325,0.9458892081392322,0.01590029698398438,0.03984711083561043,0.01590507617944696,-2.314866749397737e-07
3479,0.8509525600809864,0.9231507775171472,0.014814129427636737,0.043477364253692447,0.01481576770781941,-4.399190135506714e-07
3480,0.847721278071436,0.9279718376759721,0.012909699931679673,0.03463219201011751,0.012910759242304193,2.780714360994807e-07
3481,0.8753043757768898,0.9624197505099822,0.006607046605791021,0.02225500789805753,0.006607324110166059,3.7577688982715074e-07
3482,0.8092783916526298,0.9037043298576959,0.01619184992373047,0.047422225191816395,0.016193573996876404,3.916526297720324e-07
3483,0.9322020516705745,0.9666862590436129,0.008421817997558593,0.025674745939644538,0.008424174437116754,5.167057448574042e-08
3484,0.9098303627707862,0.9593878886195398,0.007762778771484382,0.02063058366388081,0.007763921108252724,3.6277078618862646e-07
3485,0.8991727291348092,0.9523152107454309,0.00790184524149414,0.020062503381963654,0.007902526240507536,-2.708651908323034e-07
3486,0.900082679724496,0.9527217176954296,0.00837759104541015,0.02163865591276293,0.00838089574993689,-3.202755040065952e-07
3487,0.5347262555219565,0.7346631058190924,0.016852424636787086,0.05691263697393756,0.016853568215434062,2.555219564825961e-07
3488,0.7546287243491425,0.9069645220534317,0.012562966799023445,0.04584486896446765,0.01256541700759134,-2.756508574730532e-07
3489,0.6667070495041709,0.9165751080167808,0.012643143851787109,0.03827065719551941,0.01264369701960069,4.9504170873682085e-08
3490,0.9340268479415377,0.9688676908091554,0.007559918103906249,0.01964854104560753,0.007561453850306153,-1.5205846237709153e-07
3491,0.76013729289715,0.876988097200959,0.022019872348730506,0.060947202991487315,0.022026655448465195,2.928971500892885e-07
3492,0.8420186739797365,0.9373150181214496,0.012375812707314441,0.03733266425391918,0.012376889290112398,-3.2602026345252e-07
3493,0.9220049327600393,0.962531490868114,0.007073143639648434,0.022727003337123013,0.007074887100539176,-6.723996071045235e-08
3494,0.5144851184680304,0.7274050248341912,0.024561028693554733,0.07448947376642376,0.024570564512442616,1.1846803038562115e-07
3495,0.7340001779969572,0.9251214264141783,0.014498325113671884,0.04502730966935687,0.014502297767255472,1.7799695717357622e-07
3496,0.722833918621068,0.853336000487095,0.015820162009082015,0.05033421199522744,0.015825023837788058,-8.137893192650125e-08
3497,0.9321102888909295,0.9691562997175771,0.008406983374716799,0.021115704100158356,0.008407696966562368,2.8889092951178696e-07
3498,0.4794556468879031,0.7064985244580704,0.014629896115830088,0.06228274358434941,0.014630955931508349,-3.5311209689581347e-07
3499,0.93364435262208,0.9672670468634749,0.008912238907646482,0.023738147621185094,0.008913112702600265,3.526220799798807e-07
3500,0.8669290386710691,0.939535766232674,0.007192127923271487,0.02205672491053373,0.007192579727252902,3.867106912469609e-08
3501,0.5539154321043763,0.7946460803583879,0.017778507853320313,0.0612952205664244,0.0177804598526565,4.321043762800514e-07
3502,0.729016333834404,0.8602391655541709,0.017895403099746097,0.06023272714884319,0.017896849313356528,3.338344040093588e-07
3503,0.8047566100254642,0.9126590215454031,0.010516366075312504,0.03168865788600181,0.010517036038588648,-3.8997453577493957e-07
3504,0.8369755283236568,0.9401497127511171,0.012489326513964843,0.04007804812330254,0.012491767581484186,-4.716763432055515e-07
3505,0.636512442211778,0.8052560715330325,0.01988529743046877,0.05199577086401983,0.019888387166991036,4.422117780844559e-07
3506,0.8513638640426326,0.9234157194958017,0.007618160440624997,0.02357107087982625,0.007618453033789444,-1.3595736736427e-07
3507,0.8241461261485836,0.942895304934763,0.012440172203222643,0.039980581209464766,0.012443971592896194,1.2614858357906655e-07
3508,0.7897989001852785,0.8985594285919568,0.017987345234277363,0.04998366154565497,0.017989258350527646,-9.981472148812287e-08
3509,0.9356103827352441,0.9680157956797427,0.0073030118336914075,0.018033960333457617,0.0073050077882744055,3.827352440533005e-07
3510,0.8959919636501598,0.9476404770221738,0.011259408772656266,0.030406698951335548,0.011264025673752228,-3.6349840248917076e-08
3511,0.8509336454425188,0.975311067591977,0.011046163257988306,0.03043416058502156,0.011047014039687176,-3.545574811525398e-07
3512,0.8916522764791482,0.9609034550545801,0.007977235716630861,0.023082844136910984,0.007977700461240973,2.76479148242359e-07
3513,0.7405759361753597,0.8614661334296179,0.010711282959775395,0.03627477819607933,0.010711569878815011,-6.382464035059598e-08
3514,0.902301879271382,0.9504599105720938,0.008405803285742188,0.028679442262950276,0.008407988641383523,-1.2072861810263902e-07
3515,0.6601388195269839,0.9009653538418223,0.013621803432617173,0.04440965201515605,0.013626622726210194,-1.8047301608703492e-07
3516,0.8514956872060807,0.9244451908926586,0.016729998978515657,0.04452762255593953,0.016732847297327717,-3.127939193214857e-07
3517,0.8009663901552566,0.8968897063952697,0.014692310498632826,0.039805228556183736,0.014694969479885365,3.901552566576427e-07
3518,0.5330128106933021,0.7378077758385444,0.015145746205205082,0.05764108157360049,0.015146809315219298,-1.8930669787309284e-07
3519,0.8954418152616022,0.9544018907633652,0.008772800251464851,0.02709607122597614,0.008773899417507398,-1.8473839780153156e-07
3520,0.9167719516246928,0.9599327956434582,0.012056775347656248,0.03193355248284464,0.01205834835075776,-4.837530720447347e-08
3521,0.8627989148725206,0.9309951671180248,0.014190975578906253,0.03842030032121254,0.014194811826165957,-8.512747939892762e-08
3522,0.9202895865512493,0.9654785586519554,0.009810098731562486,0.026223187837198014,0.009811053820580685,-4.134487507911899e-07
3523,0.8655517219641056,0.9515349184725281,0.009318813296777348,0.026817810967949746,0.009319849443154993,-2.780358944187711e-07
3524,0.4445806115738119,0.7515715438723863,0.022571681505273423,0.05897774884310898,0.02257488216980997,-3.8842618810264185e-07
3525,0.7463468733173194,0.8689832675556878,0.016021382943457035,0.053410944186569886,0.01602300706749941,-1.2668268056792442e-07
3526,0.6864730797871004,0.8891692892262236,0.010626788128076175,0.03835856485877399,0.010627497443389037,7.978710037104264e-08
3527,0.8673860888829898,0.9345909658868227,0.007881944513671881,0.028403238982363004,0.007883401568885232,8.888298985709753e-08
3528,0.17599324919511083,0.6500368294707475,0.021930498252246088,0.06990946856266128,0.02193296786494834,2.491951108241075e-07
3529,0.9573970698517053,0.9792820686682836,0.00648786273636718,0.01588724486749812,0.0064884071091168664,6.985170519779871e-08
3530,0.773547838412461,0.9014320554759357,0.01846338676767579,0.053132822276595826,0.018470311200534405,-1.6158753901596157e-07
3531,0.7866398385288367,0.9137684790721666,0.01278558862783203,0.040968624189648584,0.012787190269447163,-1.614711633290966e-07
3532,0.8392445646783324,0.9194034826560686,0.013000884049511727,0.04302117233901341,0.013005164656541383,-4.353216676022953e-07
3533,0.9067171487450294,0.9701016731109985,0.009520087929287092,0.028659387790781247,0.009520920309931359,1.4874502940465106e-07
3534,0.9121973470313073,0.9627970936036307,0.009109650863574206,0.025441219831127494,0.009110607973939604,3.470313072462261e-07
3535,0.8173204562116745,0.9174871963277768,0.018556231845214856,0.045796921529318864,0.018558775020967568,4.5621167443776756e-07
3536,0.8657280111129506,0.9473789796782408,0.014533966477734353,0.03490325297060202,0.014535782164088141,1.1112950559777346e-08
3537,0.8630713210958458,0.9367940006509374,0.01143523993740234,0.029437791048283278,0.011436599671334383,3.210958458010893e-07
3538,0.9281234610623931,0.9658213025229491,0.006736612612353521,0.019565253901123333,0.006736941535304913,4.61062393042333e-07
3539,0.8185925664476325,0.9101153822626176,0.012347397545312501,0.034340950906568954,0.012349121030630548,-4.3355236756248416e-07
3540,0.8871816119102827,0.9437016064029502,0.010263939558789055,0.033097207018446546,0.01026681354585158,-3.880897173624831e-07
3541,0.9448242173071184,0.9723446390319945,0.007464087490214836,0.018664128401017825,0.007464614912285462,2.173071184108366e-07
3542,0.9016118520255655,0.9594210161792744,0.013871433198730479,0.03613888060936466,0.013878090953345044,-1.4797443448344438e-07
3543,0.8995106168898884,0.9496730248437569,0.010128188076855468,0.03277434203498928,0.01012952632909691,-3.83110111523699e-07
3544,0.8297223933376747,0.9316016842175509,0.017358089208789104,0.05339943731772359,0.01736587467251252,3.9333767476446013e-07
3545,0.8986852584461738,0.9570694268977221,0.007922283641015614,0.027373200583423914,0.007923190416089016,2.5844617379533474e-07
3546,0.8995761978884632,0.951941282765477,0.01252206505878907,0.03577330818764698,0.012524051952039863,1.9788846317148057e-07
3547,0.8465585508078962,0.92096896659078,0.011207773177832041,0.03798913640463592,0.01121114959042513,-4.491921037352853e-07
3548,0.9567928584617362,0.9789265681479004,0.007179950686621088,0.01897458218886194,0.00718178572767408,-1.4153826377594214e-07
3549,0.8663691225533443,0.9335699552003817,0.015635427439746087,0.044819058188134656,0.01564240278446471,1.2255334436162002e-07
3550,0.9536211898282134,0.9824042416687779,0.00881453983095703,0.023658475454347974,0.00881757770956269,1.8982821337054645e-07
3551,0.8609225409964308,0.939236365310822,0.010426283612011727,0.02904070458306982,0.010427486681202074,-4.590035691531824e-07
3552,0.6892314417676592,0.8673607356348956,0.015266585215527347,0.04780698466415083,0.015268365659646918,-5.582323407971046e-07
3553,0.9249780358504157,0.9661927896623227,0.008912828526953112,0.02389392074112488,0.008914543429261505,3.5850415747162856e-08
3554,0.8133886048717966,0.9044361611548194,0.01320390653828123,0.03405203161009667,0.013206292311774408,-3.951282033787251e-07
3555,0.9249170883505073,0.9650717662940187,0.009893326404296868,0.030120331320120368,0.009894394997967208,8.835050735456207e-08
3556,0.9206006233642476,0.963978998462995,0.008254276593496097,0.026526953947653805,0.008255042776871288,-3.7663575236379643e-07
3557,0.7666775532590957,0.8797361961787952,0.02143839213291019,0.063006729479554,0.02144158495000945,5.532590956480732e-07
3558,0.9558943941122331,0.9786555272219254,0.008123256240332033,0.019867685675717322,0.00812407645115258,3.941122330708424e-07
3559,0.8531578782871825,0.9326272844373676,0.019258629009179684,0.04993259432402907,0.019269402443446562,-1.2171281749129292e-07
3560,0.782224505714908,0.8879876516302676,0.011768465571875024,0.04081805302462268,0.011770454440863486,-4.942850919675834e-07
3561,0.9054337870020299,0.9550113686889119,0.007144673081044936,0.019104912594056535,0.007145303571985626,-2.129979700393747e-07
3562,0.9170396112851946,0.9712065534108449,0.012791162142773427,0.0382582291098231,0.012792822446441815,-3.887148053438594e-07
3563,0.8717219485162448,0.9387277734796036,0.011156043022558586,0.03334684674133438,0.011159282851395773,-5.1483755147962995e-08
3564,0.9355188676428494,0.9750737530648605,0.008516789816308596,0.02601427405674023,0.00851766578583451,-1.3235715057291486e-07
3565,0.885639285223969,0.944078570304376,0.013029985313867171,0.036672964880867895,0.013032930565894276,2.8522396899877123e-07
3566,0.9411906121388587,0.9711339623406837,0.007681352122167966,0.02243798151213783,0.0076821798901108304,-3.878611413155042e-07
3567,0.7588285202197266,0.8923635160894785,0.01360140452304688,0.03998624729346097,0.013602923941084958,-4.797802733991219e-07
3568,0.9334911562895587,0.9663479545565901,0.008868516278222651,0.023250697149419835,0.008870653704811963,1.562895587392532e-07
3569,0.7172038085865544,0.85560335935943,0.014593963383007814,0.0528516498769602,0.01459542985006474,-1.9141344553830208e-07
3570,0.4488190122412361,0.7430981628176461,0.010533201079687507,0.048086511270963486,0.0105336265958568,1.2241236080345885e-08
3571,0.4461169422574395,0.6987909319405526,0.027042204758691412,0.08812109906245404,0.027048477000269678,-5.774256051083171e-08
3572,0.8864806504212259,0.94163899891436,0.011490786805175795,0.031311925612621326,0.011492257048693708,-3.4957877403929416e-07
3573,0.8687335981497255,0.9323991890637207,0.016081274928125004,0.04047554591713556,0.01608794624388873,-4.0185027450068134e-07
3574,0.9312427849138679,0.9717199640319931,0.011073117381933598,0.029744762956970507,0.011075706174299524,-2.150861321270625e-07
3575,0.8157300260027905,0.9238074112047218,0.01261630157575197,0.041300391364856574,0.012617400404586842,2.6002790587398295e-08
3576,0.5054895083868802,0.7550215647989482,0.03831394230664061,0.09989332327902797,0.03832891228042722,5.083868802602254e-07
3577,0.33008642524012244,0.6034715387339065,0.024907548960058565,0.07430576985150586,0.02491226390744144,4.252401224480451e-07
3578,0.9105142757932863,0.958516542130006,0.007517228450341806,0.020629226350097476,0.007517897321199885,2.757932862085255e-07
3579,0.8558530906133573,0.9252001049925852,0.011760269295703125,0.033195232568322276,0.011761829227123299,9.061335737303722e-08
3580,0.8853233050159259,0.941013965597596,0.011256048854101568,0.040287384108471457,0.011260306669947479,3.0501592596099414e-07
3581,0.8210188697659669,0.9112575892071177,0.016315457092968742,0.041679360671951375,0.01632021574147464,-1.3023403311329673e-07
3582,0.6609995306226923,0.8655085723249947,0.01598932285292968,0.051161359962397936,0.015993967617881875,-4.6937730768803476e-07
3583,0.8750874450135846,0.9442732201279493,0.010231878374531253,0.03526455497935745,0.010232900432328615,4.4501358464899e-07
3584,0.6814113039121308,0.8405059501955974,0.021398102932949224,0.06252291646994312,0.021400011635296996,3.0391213079461465e-07
3585,0.796005855766307,0.8949156384884738,0.021551057517871078,0.057257797118938615,0.02155499674310237,-1.4423369298910416e-07
3586,0.9483728508207849,0.9746720269375501,0.005980075983789072,0.01812662723258887,0.0059806777326694835,-1.4917921509205456e-07
3587,0.8071333505706282,0.9003216999345166,0.017075867466992162,0.04599962114813049,0.01708176761714226,3.5057062819365825e-07
3588,0.896135889801219,0.9504570966146418,0.006629727448105475,0.02463966104626895,0.006630133694364591,-1.1019878098927904e-07
3589,0.6579032142325518,0.9166090900863709,0.01144714135994143,0.03966534334880879,0.01144775801220108,2.1423255180952339e-07
3590,0.8389966252694443,0.917799157236046,0.011760430248964837,0.042605470068133706,0.011761372063649895,-3.7473055569670066e-07
3591,0.7704771333314919,0.8847765106337337,0.012384975023027345,0.03698220311358725,0.012385869239064286,1.333314919582662e-07
3592,0.8819420034138558,0.9769581279416847,0.009595229531494135,0.027369752469539512,0.009596026014895887,3.413855753642281e-09
3593,0.908570244846962,0.9703192466319598,0.007116704117871093,0.028905023031843717,0.007117129094744858,2.448469620386362e-07
3594,0.9485824555059841,0.982945649066188,0.005916752707119137,0.018174296773599073,0.005917218350368576,4.555059840427589e-07
3595,0.7329714626957349,0.8569098757578908,0.01829388421679689,0.052371278497076484,0.018301403666937874,4.626957348374816e-07
3596,0.8685572153615059,0.9446361507618407,0.0117530600272461,0.028365470460529955,0.011755660152387567,2.153615058508862e-07
3597,0.8573003171710358,0.928945310536129,0.01314110396015624,0.03975742691565376,0.013146071576649909,3.1717103587958206e-07
3598,0.790103823034119,0.9307297691768395,0.02101883940947265,0.05730311012560122,0.021028492315968275,-1.7696588106019817e-07
3599,0.8909799263700947,0.9455228727314218,0.01144562238613283,0.030993616810105536,0.011447913975747298,-7.362990528392288e-08
3600,0.9264657901771592,0.9637835373115378,0.008228065845605492,0.02117135964025138,0.008229507722840496,-2.0982284076875857e-07
3601,0.6968459317350938,0.835973131766617,0.014986841701142594,0.04782153310488964,0.014988020463088673,-6.826490617228842e-08
3602,0.3719252196219267,0.6654136408180222,0.014187205669726578,0.05236567008329709,0.014189347372926743,2.1962192670033076e-07
3603,0.9161865839106808,0.9579299887275442,0.007595155082119134,0.023885007614197516,0.007595638346101789,-4.160893192217685e-07
3604,0.8187107789256545,0.9413756121029352,0.017018727771582035,0.04822592733705185,0.01702081187978641,-2.210743454966746e-07
3605,0.9030336457489688,0.9509596510705759,0.013426266612304673,0.03859135566442623,0.01342875253357356,-3.5425103117603385e-07
3606,0.9375971507937989,0.9718113571539319,0.008357621518525395,0.021172495116619144,0.008358235410772968,1.5079379889204603e-07
3607,0.9294216801507366,0.9717198147249712,0.01022510053183593,0.0265879538724704,0.010228399979438937,-3.1984926340822284e-07
3608,0.8209205428792465,0.9086566628430688,0.01159191280449218,0.0352322887645172,0.011593624615919708,-4.5712075347204006e-07
3609,0.9301931725145842,0.9645380208442674,0.00790839116835937,0.01913479082552628,0.007909248136976861,1.7251458417355536e-07
3610,0.688932836101036,0.8507591041987196,0.01259852922841797,0.041525045220664164,0.012600393031933799,-1.6389896406732163e-07
3611,0.7425931725125934,0.869238472289045,0.016955235013183596,0.04998089448560406,0.01695804731709681,1.725125934326499e-07
3612,0.7757499332001565,0.9004491668923239,0.012439708414746092,0.03749327785149957,0.01244185518469545,-6.679984354551749e-08
3613,0.8498332078079393,0.9329109990806651,0.009546747302041017,0.031357737410435384,0.009547313047552167,2.078079393008636e-07
3614,0.9584840584619652,0.979111806042894,0.007675615937597648,0.020538994156037573,0.007678006239912045,5.846196515779667e-08
3615,0.7098792333622087,0.8520130513096402,0.01882347494794926,0.05823295190644846,0.018827591578254737,2.3336220866809754e-07
3616,0.772303129848337,0.9140615065000206,0.01902435236035157,0.056908426755438474,0.01902837601701927,1.2984833708262755e-07
3617,0.9341053592070995,0.973554426748281,0.010232244637988303,0.025516422086060954,0.010235786510817382,3.5920709950953977e-07
3618,0.895328420150654,0.9594243066711228,0.013195700086132817,0.03895168375978972,0.01319722958301451,4.201506539347477e-07
3619,0.9459946484063209,0.9737533912062695,0.0060219298452148465,0.017734580950282533,0.006022316362417285,-3.515936791709251e-07
3620,0.8128072518339764,0.9124005209758463,0.015569871438574209,0.04571264141447562,0.015571517919493006,2.5183397645012207e-07
3621,0.4189434787202696,0.6674772366943846,0.02057141793232415,0.06882578582753243,0.020574747078654605,-5.212797303810746e-07
3622,0.9320203423395237,0.9672282089569951,0.006242989675878909,0.016517254228076348,0.006243244848721014,3.423395237289739e-07
3623,0.8988429252934521,0.9500352570891257,0.010486792173339865,0.028038080119785196,0.010488622681333803,-7.470654783681141e-08
3624,0.9452998974471908,0.9746771456900831,0.008277792645019528,0.024133492493703376,0.008278730353626237,-1.0255280924464927e-07
3625,0.9117052061884243,0.9562055650490828,0.008662552679082041,0.029126337812656493,0.008663257791943003,2.0618842433428597e-07
3626,0.8946286547024983,0.9482869158657474,0.007780155280175775,0.022839987908332433,0.007781640141621038,-3.4529750170264606e-07
3627,0.9464271231928337,0.9731008921512239,0.00828507450302734,0.022182454520268784,0.008287650983711693,1.2319283371198253e-07
3628,0.8892486405191624,0.9520976067501953,0.0106804163904297,0.02985394173251136,0.010681438394834708,-3.594808375417813e-07
3629,0.9018629098034057,0.950507101974286,0.00717039666619141,0.025065679883921214,0.007170918808111029,-9.019659430453686e-08
3630,0.9083492524429772,0.9555237028304459,0.014372553079003921,0.03503135913365152,0.014374873518524362,2.5244297718884923e-07
3631,0.9054259000025588,0.9528848576504239,0.01215426305703124,0.031211507645241932,0.01215559305881465,-9.999744110533726e-08
3632,0.8406584229917343,0.920561833359507,0.012889997079394547,0.039804404408301526,0.012894573029393236,4.22991734305711e-07
3633,0.8706062977977,0.9342722894570206,0.009317844834003905,0.033976101596171454,0.009318658168072985,2.977977000551135e-07
3634,0.8109784574968599,0.9103452805288708,0.011450405162402345,0.03777467091500318,0.01145476195132815,4.5749685995133405e-07
3635,0.8320834944655208,0.9262331330677741,0.008875685751171885,0.03371030064249429,0.00887773810045153,4.944655207506088e-07
3636,0.6627840132994367,0.8329634065294628,0.013395061012402348,0.04903376268522036,0.01339651181310252,1.3299436663061215e-08
3637,0.7243184571616474,0.8591204660467547,0.009711837913281235,0.03799605495609074,0.009712882286092605,4.571616474269291e-07
3638,0.8360361297063963,0.932046865534013,0.012491115622753924,0.035656665277321004,0.012493834462293517,1.2970639629017455e-07
3639,0.9402295772689974,0.9698761900413212,0.008210579914453123,0.022210217982524788,0.008212199722396387,-4.227310026472253e-07
3640,0.9223483540642036,0.9799930688287688,0.00774804716689453,0.020660098011571093,0.007749879495703314,3.5406420362260604e-07
3641,0.854833084109166,0.9269726189312225,0.016643516343066416,0.040938796086110014,0.01664875396781017,8.410916607637375e-08
3642,0.7806269004787035,0.9005771588009275,0.018164027139648414,0.05461869299163723,0.01817245321191205,-9.95212964260972e-08
3643,0.7929084447403922,0.893207839840821,0.010668679748583975,0.03165593032965795,0.010669365942559645,4.447403922913651e-07
3644,0.7814532484617704,0.9130742266301883,0.012259482858300782,0.04173023039076884,0.012260880118007732,2.48461770491204e-07
3645,0.8939624696738742,0.9510584057480777,0.013800812498437509,0.03693215121266386,0.013802324703215713,-5.303261257916247e-07
3646,0.9509762166909885,0.9761689282029704,0.007999025430273442,0.02297361611087002,0.007999850110021748,2.1669098848597912e-07
3647,0.937667237299863,0.9690296530119933,0.0064141002900195265,0.017298033186584783,0.006414597291863072,2.3729986298182126e-07
3648,0.8282166662498769,0.9678359863982671,0.011485177286748048,0.03517381840273615,0.011486096059686722,-3.3375012309377894e-07
3649,0.9367381441034915,0.9702175626223348,0.008468388644335944,0.026051291265631406,0.008469308185921337,1.4410349158389124e-07
3650,0.6851723207796181,0.834611867546971,0.016781642067089906,0.05732207754336295,0.016788627744582188,3.2077961809040545e-07
3651,0.6281885831607277,0.8390091778778718,0.018264853008300785,0.05267089982526691,0.018267811834822983,5.831607277073658e-07
3652,0.950379506376497,0.9803173043408403,0.00575006814545898,0.020271131321603346,0.005750518994658929,5.063764970669737e-07
3653,0.9344050839482261,0.981094357769352,0.006758303462011723,0.019741799022692668,0.006758756326058532,8.394822603730034e-08
3654,0.7572803271176431,0.8720089189609697,0.016152790937499977,0.04946042220550105,0.016154960820141465,3.271176431951517e-07
3655,0.37974444460397494,0.7756351964808036,0.017911137400888646,0.05505005126706915,0.017912195300875018,4.4460397491397075e-07
3656,0.9006906592268066,0.9491217033959342,0.012819658288964865,0.03103792966791202,0.012821164020570722,-3.4077319344127943e-07
3657,0.9745327036557121,0.9874824062000502,0.005760623384179698,0.01527235721198287,0.005761311809089078,-2.963442878867184e-07
3658,0.8327813658714882,0.9218887177332845,0.011116791846777352,0.02961300208180299,0.01111835939980874,3.658714882170955e-07
3659,0.878788887225638,0.9495590803895708,0.00975123887512696,0.028782592051734595,0.009751949093196143,-1.1277436207102198e-07
3660,0.9180539449380591,0.9582945451835798,0.00962834330791013,0.02417589667067504,0.009629807813897372,-5.5061940895662076e-08
3661,0.7503544054444212,0.8716322699064797,0.013430784123730489,0.04098557044925953,0.0134328508524611,4.0544442125867164e-07
3662,0.9022961040143598,0.9500709865380405,0.013657003225976568,0.03477453282071445,0.01366198461098848,1.040143597919041e-07
3663,0.8780723185722702,0.9621145335272072,0.011081168972460956,0.038559751869409825,0.011082682589835663,3.1857227023035506e-07
3664,0.7613538905972421,0.8965966863165067,0.016269200380869143,0.04847428993946003,0.016270719686654694,-1.0940275785298326e-07
3665,0.8894206348214696,0.9453416979103072,0.01136819726982421,0.03217066016923349,0.011369415935916491,-3.651785304148447e-07
3666,0.8805687955871759,0.9435469352670738,0.01205590804072266,0.040395074808426495,0.012060693369267201,-2.04412824111877e-07
3667,0.9306649589984334,0.967011932802996,0.007868342002490229,0.022003602839630702,0.007868948899895502,-4.100156658637388e-08
3668,0.8487777349378525,0.9622777238960799,0.009593173279003912,0.028930802089912024,0.00959381869931938,-2.650621475641657e-07
3669,0.9196880908684695,0.9590746504052321,0.009285993949902338,0.02568254431209926,0.009287743616839724,9.08684695266615e-08
3670,0.9124619238788677,0.9603302702375267,0.009802323132421875,0.026959497299411158,0.009804714887708283,-7.612113228638862e-08
3671,0.9427657747951642,0.9718305091478816,0.007729870204394535,0.023036812361732606,0.00773067903441919,-2.252048357798131e-07
3672,0.9569620319920559,0.9808077810222732,0.007177465012910156,0.022714349075131514,0.0071781122617136095,3.199205589332621e-08
3673,0.9026033520413549,0.9656536815376319,0.01287144343486328,0.035217075699205375,0.012877086650685815,3.520413548452339e-07
3674,0.7915110322412808,0.8940739898165859,0.011460231740654298,0.030066508889658724,0.011460799630840133,3.224128086731781e-08
3675,0.6367031403421861,0.8075476264339965,0.017749027538085955,0.05081343030014738,0.01775247177857233,1.403421860945997e-07
3676,0.8876056707123676,0.9426966183215177,0.01116736375568358,0.03223839372629123,0.011168448177826194,-3.2928763238349035e-07
3677,0.8661744564650016,0.9377909446151035,0.014576488343847668,0.045218373699033164,0.01458280757310111,4.5646500157481285e-07
3678,0.7320623742368142,0.8585764474421552,0.017691666557226524,0.05686948914372541,0.017699937442404404,3.742368142045649e-07
3679,0.9303399689417072,0.973946711160512,0.009285669895800788,0.02759002412001996,0.009287790514780831,-3.10582927154357e-08
3680,0.6382429092708766,0.8188291981128167,0.022990610336230455,0.059873787203252905,0.022996106152643768,-9.072912343643935e-08
3681,0.7512935532858646,0.9103760219578145,0.010965275838281252,0.0402825225241861,0.010968114680305988,-4.4671413546026884e-07
3682,0.8169374072193918,0.9224153570656026,0.010927423298632818,0.037358226688857715,0.010930533306435725,4.0721939176258104e-07
3683,0.8976035375924686,0.9661411719942299,0.008166646452246096,0.022177453086465824,0.008168557472380211,-4.6240753137638535e-07
3684,0.8940180219319269,0.9458709690958123,0.011054168698632807,0.030494894107060612,0.011058189727343317,2.1931926941221036e-08
3685,0.9490280669189691,0.9744091363754216,0.008453723164355467,0.02288080602889565,0.008454573906700286,6.691896914379214e-08
3686,0.9264885840166674,0.9625528471729994,0.007901356122558595,0.025524998954774707,0.007903599292075994,-4.159833325578788e-07
3687,0.7624431804286634,0.8825366891875228,0.019338107213867223,0.05926757126330376,0.01934316374511953,1.8042866345435726e-07
3688,0.7662810752277046,0.8852051248602879,0.010630625244755857,0.03067945245058629,0.010631442746675372,7.522770462120576e-08
3689,0.9476994312205481,0.9740603880174201,0.008695178189746083,0.023410099448958655,0.008696164180842084,4.3122054815825095e-07
3690,-0.3513962442871341,0.595008258650144,0.02356435466067383,0.06907452015051135,0.023565151456179184,-2.4428713413238157e-07
3691,0.8757254509578273,0.9371269743557663,0.009515284408847665,0.030596793657074167,0.009516003034939095,4.509578273026449e-07
3692,0.9387623916764035,0.9702118276092814,0.006222336150957041,0.016704349746402825,0.006222671633417226,3.916764035327702e-07
3693,0.9248664571145728,0.9626375759866915,0.006720942873173825,0.02072061799427905,0.00672136177653503,4.57114572860462e-07
3694,0.8136774040773305,0.954695542970759,0.016439748089648425,0.04107818003607132,0.016444803952532727,4.0407733048475336e-07
3695,0.951411392188069,0.9754463966681346,0.006270381189921877,0.016530800990281945,0.006270726509675504,3.9218806902052705e-07
3696,0.7653095434892279,0.884135539152404,0.013615569115136733,0.0451242696501065,0.013619990426895117,-4.5651077218433755e-07
3697,0.9180117201140796,0.9623566731053982,0.010019840465625011,0.02770359948459933,0.010020903593308128,-2.7988592044003724e-07
3698,0.8031093152606426,0.9028439312581426,0.012283854822363294,0.036240897857882134,0.01228486932210515,3.1526064259157494e-07
3699,0.4870079855099865,0.7174151761565299,0.02463623607636716,0.07746031608400561,0.02464603739878104,-1.4490013522383549e-08
3700,0.9093952427358788,0.9603378245193246,0.009565905148730458,0.026510410764893962,0.009567814544856194,2.427358788414935e-07
3701,0.5693044655531421,0.7621572555630571,0.010187729906767567,0.04472736760091232,0.010187980512444168,4.6555314203722276e-07
3702,0.8910846006314335,0.9523188361005404,0.008750519186718762,0.023962595489712267,0.00875347174236628,-3.9936856655042874e-07
3703,0.018754045971943967,0.6158244844378605,0.02329892115820315,0.07380037494024629,0.023305101107033287,4.5971943966882645e-08
3704,-0.03492806325444264,0.7022691981997297,0.026095109339453103,0.07370813321775778,0.026097849039449564,-6.325444264210223e-08
3705,0.44438292189675666,0.7408919338677217,0.016349784480664053,0.05861847822948542,0.016353770936376456,-7.810324331725127e-08
3706,0.862914561579664,0.9420422136496753,0.009212174787011708,0.028286495797977707,0.00921274137687105,-4.384203360352501e-07
3707,0.8797148805989046,0.9444072698342353,0.010790754569531262,0.02868052341552427,0.010793855999477773,-1.1940109545527378e-07
3708,0.8134811407022094,0.9066113214248036,0.012252892249404292,0.034871778763894676,0.012253986799032836,1.4070220943906975e-07
3709,0.5491619561836452,0.8060949672360127,0.01663723049389645,0.05842080028147703,0.016638624469368795,-4.3816354877712627e-08
3710,0.8356835143920633,0.9262476739861151,0.014419566603222644,0.042339447509332793,0.01442300978671451,-4.856079366399868e-07
3711,0.8497444451879179,0.9274588477600219,0.01661260927568356,0.04618825353340342,0.016615360044908083,4.4518791786352097e-07
3712,0.7032256062110968,0.8479447787725813,0.018090734242968764,0.05609792192181153,0.018096129477299515,-3.9378890326347005e-07
3713,0.4968010242753895,0.7272561967789825,0.028500368023828115,0.07862663281147562,0.028512134842168017,2.427538953186925e-08
3714,0.8697782769983557,0.9349095965084868,0.015839822809667975,0.03884359863166344,0.015842362284893975,2.769983556971667e-07
3715,0.9300467061221138,0.9669126247007253,0.006528108492353518,0.019082981159746704,0.006528613179091564,-2.938778861372171e-07
3716,0.7724495111423092,0.8884565180725374,0.013932620334082024,0.037888735587618155,0.013936739809988346,5.111423091452849e-07
3717,0.7845259034103705,0.9383982187908779,0.019432903202148483,0.05594634107148734,0.019435266699665985,-9.658962940584104e-08
3718,0.9330763802759338,0.9693124725680006,0.005919044647558596,0.014363097591445877,0.005920642158186038,3.802759337423467e-07
3719,0.7874645210108431,0.8894913563566991,0.015178564403515631,0.04750498949861757,0.01518411982047117,5.210108430242499e-07
3720,0.19015320070550068,0.6367953811593019,0.016992508311699225,0.05453656102809502,0.01699304604746515,2.0070550069140047e-07
3721,0.7319978725765843,0.888418352345288,0.012084613999169927,0.033486309014752566,0.012085062486473654,-1.274234157078169e-07
3722,0.8701719538875203,0.9422160057804186,0.007576484951015612,0.02410440731080976,0.007577133719525461,-4.611247961250342e-08
3723,0.9129630120275691,0.9602858382996141,0.009856433196777335,0.027506389210786682,0.00985958729156937,1.2027569162853524e-08
3724,0.8426415945836475,0.9388698729243169,0.013741475824033187,0.03823237506030581,0.013742614196778405,-4.0541635248914076e-07
3725,0.9390127558084004,0.9692118939691157,0.01113536626259767,0.028955302977657714,0.011136874051678592,-2.44191599607646e-07
3726,0.9363997480740299,0.9689544893095616,0.009979985264941415,0.026960811366145383,0.009981138514630696,-2.51925970085054e-07
3727,0.8517240602357771,0.9500790052264597,0.008396755624218752,0.023053404888019966,0.008398209270261341,6.023577703295757e-08
3728,0.927163653036014,0.9651999837627846,0.00823387814003906,0.026440032750569012,0.008234732382354842,-3.469639859865481e-07
3729,0.8039364571687448,0.9096863186473082,0.01580068581289064,0.04668239581828525,0.015807502600793447,4.5716874486068093e-07
3730,0.8347952317428418,0.9380273880890636,0.009283339889843747,0.02790407935260384,0.009284557097136093,2.3174284180527138e-07
3731,0.7918385906413353,0.93333505065193,0.013533045726367203,0.03478561574554276,0.013535731293963167,-4.09358664632542e-07
3732,0.9015480478003719,0.9505876246749868,0.012499615692285153,0.033260130345165784,0.012501791168972197,4.7800371882900095e-08
3733,0.9677196800220778,0.9848182634685921,0.004718087869853517,0.012999330788938062,0.0047183297193560065,-3.1997792226956534e-07
3734,-0.7123515328044412,0.5702440106654957,0.022691570758818363,0.08575112965701366,0.022692558768319174,4.6719555879537467e-07
3735,0.7781768005492549,0.8826535610398121,0.01822479293642579,0.055528788116096336,0.018227942044908914,-1.9945074514193806e-07
3736,0.9580039477881683,0.9798861625744534,0.006051663370664059,0.017113145272495706,0.00605209774938885,-5.2211831635951e-08
3737,0.8680435110449046,0.9519139214121662,0.008061026705117193,0.023638987068721074,0.00806143808086676,-4.889550954123578e-07
3738,0.8165279368424156,0.9373683904768195,0.010808968064101577,0.03053611428175052,0.010809837355116817,-6.315758438457664e-08
3739,0.8512906437508464,0.9263434142072984,0.014206200775292973,0.03943967190766498,0.014208363974553878,-3.5624915362131304e-07
3740,0.9383482578695714,0.9782135686876688,0.006390930291113277,0.01862723948155389,0.00639215841203447,2.578695714738899e-07
3741,0.6888725214099022,0.8338180317345706,0.0191664216708008,0.05644780888789929,0.01917380999361826,-4.785900977744006e-07
3742,0.676987518545136,0.857987088448748,0.018888015222167966,0.058534426477477336,0.018896800953408194,-4.814548640874605e-07
3743,0.9205771154128498,0.9649978606230807,0.008568355250195319,0.02303057862426368,0.008571433386495913,1.1541284983263012e-07
3744,0.9246697131414339,0.9640835787659064,0.006121374373525388,0.02135760091724622,0.006121758807551332,-2.868585661230938e-07
3745,0.8157297917072918,0.905856933424108,0.01666537091230469,0.04558185925751984,0.016672992400564267,-2.0829270819255896e-07
3746,0.5718185467054613,0.7755134630397089,0.016911074273427706,0.06393096110825426,0.01691188621342305,-4.532945386825915e-07
3747,0.81169996484662,0.9090853491378087,0.007160390745078141,0.027157891906643614,0.00716068481027179,-3.5153379984720345e-08
3748,0.9232981193254665,0.9636015733900308,0.010213287603710947,0.027385902691797664,0.010217066433751682,1.193254665077248e-07
3749,0.6738445354965985,0.8340415440661418,0.021771090962792984,0.05479382664980398,0.02177541836555427,-4.645034015204885e-07
3750,0.880557642357376,0.955996857203153,0.006504928335205079,0.0224074543401506,0.0065052400167367515,-3.5764262396043023e-07
3751,0.6488653716858421,0.8932107522083039,0.015613535800859387,0.041647165524202105,0.015614798004786788,3.716858421043412e-07
3752,0.8216277583214446,0.9087444714588621,0.010362976763515608,0.029263754321295604,0.010363979321915275,-2.416785553904788e-07
3753,0.7878727239675667,0.8903519323813274,0.013982519326562512,0.05243289286240878,0.01398477498126443,-2.7603243335505567e-07
3754,0.7985135893378583,0.910966058286766,0.01721772237167965,0.049194531525156,0.017221074081774465,-4.106621416255507e-07
3755,0.7527558663691681,0.8736206140965153,0.015754246163183598,0.051349690460229046,0.0157559805767987,-1.3363083184447788e-07
3756,0.9220849932908077,0.9605080324525855,0.011316150137109357,0.03149549295224309,0.011317536199162929,-6.709192312825962e-09
3757,0.800034184284987,0.9212278288107006,0.014591351193681634,0.042767237849425294,0.014592648116596335,1.8428498693712214e-07
3758,0.8491549207552043,0.9661987228793846,0.012542391605273448,0.032700290353792835,0.012545621127919125,-7.924479572540832e-08
3759,0.8248495862342833,0.9410076517461763,0.012221098968261727,0.03286946984220222,0.012224158658060017,-4.1376571668916284e-07
3760,0.9398793575624795,0.9707026769839066,0.01017944494863281,0.025783227222411116,0.010183157943902104,3.575624795137955e-07
3761,0.9426358315132074,0.9747706072882113,0.008480318347705084,0.02466610925902325,0.008481080329858455,-1.6848679262881916e-07
3762,0.7382702679400328,0.8702569129476992,0.017341972781542956,0.046155945837017084,0.01734517744704127,2.6794003282759604e-07
3763,0.915659866234639,0.9689813474549536,0.009023365692724614,0.02614446623644915,0.009024130393924542,-1.337653610100631e-07
3764,0.9586081814709277,0.9817082662345272,0.00397646938813476,0.011246270495876716,0.003976543335536973,1.8147092772924367e-07
3765,0.9151657094646678,0.9579158464292755,0.011176353949609374,0.03302558276416158,0.01117787119025104,-2.905353322368853e-07
3766,0.935164302338161,0.9688764683482354,0.007356055441445309,0.021277640021364466,0.0073565706980111,3.023381609512654e-07
3767,0.9555779001587872,0.9811011130708575,0.004364587428095702,0.01141448383600988,0.004364660643182953,-9.984121285278036e-08
3768,0.8160560440169804,0.914465723218182,0.015408132332519534,0.04811827096898262,0.015410458336246295,4.4016980393912775e-08
3769,0.6993378201213774,0.8411897217307822,0.01772931145654299,0.05699932015872732,0.0177316391827962,-1.7987862266366506e-07
3770,0.9104874352312049,0.9547539869447433,0.006900938855693356,0.01976385851977501,0.006901225035279045,4.35231204853892e-07
3771,0.6049589141049531,0.7849641075457776,0.0208281615493164,0.06379964043008245,0.020831291194593506,-8.589504696399075e-08
3772,0.906905757436641,0.966849436242526,0.012442408148535158,0.03390861911945346,0.012444008812677926,-2.4256335895422865e-07
3773,0.8487911641618467,0.9257545914192957,0.006568043655722664,0.025261885089843422,0.006568344794035285,1.6416184678291756e-07
3774,0.8072797859039552,0.9031366269583528,0.01443586258740234,0.03841389348256947,0.014438687721684452,-2.140960447816198e-07
3775,0.9798547012982028,0.9900306905551943,0.004637039601992187,0.013896266813736673,0.004637432511893457,-2.9870179718560763e-07
3776,0.9192695440132642,0.9683204316585533,0.011255240437109366,0.033654191110868766,0.011256451068421774,-4.5598673581448423e-07
3777,0.9641433487192836,0.9831135410870077,0.005137220123945319,0.013908807280678065,0.005137473244426461,3.4871928367152805e-07
3778,0.9740983920314471,0.9871478295000157,0.004723529524726554,0.013859382426272146,0.004723926034733125,3.920314470828856e-07
3779,0.9413529204007057,0.9706203422962186,0.007776605974765627,0.021258090824537643,0.007777234480148745,-7.959929426704093e-08
3780,0.927720107867819,0.9655448466764853,0.009546483921679687,0.023858085922227445,0.00954943975594757,1.0786781901028775e-07
3781,0.7975838315755723,0.9079885773581174,0.021493694391113264,0.05750974316006079,0.021497803320006323,-1.6842442762676768e-07
3782,0.8408760242724236,0.938911382754947,0.00896725126555665,0.02914565279345614,0.008967727816979932,2.4272423626570117e-08
3783,0.9209634882264564,0.9654459663326104,0.012040890020507816,0.035093759370271774,0.012042505737009037,4.882264563743632e-07
3784,0.9107908979467487,0.9551651602840011,0.007660381138828118,0.022673830500389448,0.0076608898232913445,-1.0205325129408749e-07
3785,0.9272206277864988,0.9699525161121101,0.008900011674023428,0.01989819820381253,0.00890154983334967,-3.7221350113192386e-07
3786,0.9482607803881655,0.9738377542705363,0.008650411393164045,0.023468924739346024,0.008651622847035148,-2.1961183449548116e-07
3787,0.8409872889860077,0.9299767801035246,0.008685716464687495,0.023296287396464506,0.008686262740624198,2.8898600767934823e-07
3788,0.8827008146575048,0.9538034393665932,0.008555174800556625,0.035068826687741014,0.008556003166687413,-1.8534249512924816e-07
3789,0.6159551668586482,0.8030657362452186,0.01835571664199217,0.057113082836507734,0.018359025656253327,1.6685864812071571e-07
3790,0.7073184304536904,0.8413774269284752,0.020560783930664073,0.05527051802854779,0.02056712540066571,4.3045369035876746e-07
3791,0.851508330369962,0.9243145302295857,0.014797781784570295,0.03830104531926224,0.0148042636967111,3.303699619428002e-07
3792,0.8859708724646799,0.9479778689699356,0.008109179772441405,0.029743270479270736,0.008109836669536031,-1.2753532008247248e-07
3793,0.4927062563655553,0.7315959147069452,0.01935342560267576,0.07077873188603637,0.0193545107018991,2.5636555534003236e-07
3794,0.6336388432657694,0.7985599872201556,0.016673274475820326,0.057477890918094875,0.016674352180887655,-1.567342305941466e-07
3795,0.9276070306750018,0.9639896499294273,0.005792116244570307,0.016119500652851598,0.005792658440991832,3.0675001871927066e-08
3796,0.8520639774181591,0.9231346367107278,0.018444342248339834,0.0474926236973361,0.018452576239946214,-2.258184095271787e-08
3797,0.9081985733368203,0.9531007941786713,0.010114099302050783,0.027888026131806038,0.01011650102312763,-4.2666317967565703e-07
3798,0.7083240699353632,0.855207744479521,0.016289131888085975,0.040825427108411354,0.016291694293010292,6.993536327826178e-08
3799,0.9590427036761866,0.9795701535606323,0.0052773592157812545,0.016877460805156307,0.00527768651330479,-2.9632381337574287e-07
3800,0.8957653673141235,0.9484255395276966,0.013284482948925778,0.037901951869239434,0.013286026135476043,3.6731412345059056e-07
3801,0.5210252015920455,0.7389285997513136,0.02180402194746094,0.06370172321188122,0.021808760197212923,2.015920455011866e-07
3802,0.8776737990251914,0.9383517054911965,0.012254842012988284,0.035967193455230646,0.012256201624074946,-2.0097480857295125e-07
3803,0.8498716091101686,0.9496628975941512,0.013911541733105463,0.040354408915867,0.013913231566036638,-3.9088983139201616e-07
3804,0.5532486305307373,0.7752572348959936,0.026118797614257814,0.07222371431401964,0.026122085935577223,-3.6946926273984104e-07
3805,0.8941571997805442,0.9469682193294469,0.00745192157021484,0.025100067902093067,0.007452571227020779,1.9978054421887492e-07
3806,0.7891103240164042,0.9102826449775819,0.02198031971083986,0.06194065846599165,0.02198499959614589,3.2401640426282796e-07
3807,0.9554298853764236,0.977694743291339,0.007317477836650388,0.020189641526936707,0.007318051411615733,-1.1462357640823484e-07
3808,0.9183515075673212,0.9607521954138065,0.011065306050585928,0.03436167688075242,0.011066762930165164,-4.924326787447697e-07
3809,0.9647863112115473,0.9822907355092947,0.005841829601289056,0.015114634464763466,0.005842227662697721,3.112115473102861e-07
3810,0.9290423928041256,0.9639982408510319,0.006760100448007807,0.0193443969379449,0.006760491808687106,3.928041255596426e-07
3811,0.8442410769031838,0.9192494613631426,0.017566377785351573,0.04443770283240194,0.017568377955722858,7.690318382103101e-08
3812,0.38406824664744676,0.7506306820013788,0.021240812431835964,0.0655394350140692,0.02124769094682618,2.4664744674440797e-07
3813,0.759726965449994,0.8731350072350205,0.01380257497050782,0.04505068897082501,0.013804494221763516,-3.455000607832659e-08
3814,0.840009938638475,0.9188291855177979,0.009429914334160162,0.028848523496359607,0.009430457272273521,-6.136152508329218e-08
3815,0.9343959430520978,0.9682489980138458,0.009290379916015628,0.023887415715924117,0.009291708288365999,-5.694790217170009e-08
3816,0.884002755682749,0.9490781378626225,0.009453052280332018,0.03008749019295565,0.009453696286259411,-2.443172509858371e-07
3817,0.404344882530146,0.6434971955290966,0.021491506139257818,0.07486687118086953,0.02149337448221501,-1.1746985401073218e-07
3818,0.9532066285093113,0.9768247505131046,0.006924461866992179,0.019152768953632663,0.006926073391118457,-3.714906887664071e-07
3819,0.7405377437884084,0.8783463161895186,0.013513947732910161,0.042342461802639564,0.013517705161548833,-2.562115916093788e-07
3820,0.9480641300878581,0.973942617505216,0.007788055910839849,0.020199907062917428,0.0077889593218546495,1.3008785804125012e-07
3821,0.9152104935067836,0.9611653207069554,0.012259661865332021,0.030728175826988363,0.01226441391363925,4.935067836608908e-07
3822,0.9019023315939134,0.9540654173214554,0.0069225017096582065,0.01867304901292295,0.006922958087739679,3.315939134385104e-07
3823,0.9513231191319302,0.9798761658892554,0.005842849407353517,0.015826317739994555,0.005843251082366445,1.1913193020962609e-07
3824,0.6260708544511193,0.7931320945028221,0.018979593474785176,0.06204264553468211,0.018981114938320953,-1.455488807255989e-07
3825,0.9471132223595865,0.9750503002022247,0.009171262320898457,0.024953866569021443,0.009174348656190406,2.2235958652139232e-07
3826,0.1315682827235134,0.8291173941614343,0.020037259900917946,0.054179692809780744,0.020037856129130473,2.827235134061912e-07
3827,0.914984908027259,0.9589952952697578,0.007892954155273425,0.021019743419719586,0.007893467815824222,-9.197274108974085e-08
3828,0.3040670478735302,0.6043923796304552,0.009104365892800777,0.04664340815861029,0.009104433102618175,4.7873530251152374e-08
3829,0.9177507452509943,0.9587439774093962,0.010517318919140624,0.027188331244852145,0.010520955168509677,-2.547490056681312e-07
3830,0.5167230092921682,0.7479351698216615,0.015658946903320283,0.047680607346750316,0.015660999444870226,9.29216814604672e-09
3831,0.8419183828848629,0.9238167628180037,0.014226865127148419,0.0394664501837289,0.014233086689732307,3.828848628151249e-07
3832,0.9141947851155889,0.965999529517861,0.008633084814013672,0.029718012441126283,0.008633853322190748,-2.1488441104278166e-07
3833,0.2632151967807236,0.5912277902714405,0.02638088541474606,0.08279524378557673,0.02638939305686745,1.967807236047392e-07
3834,0.8222859282956436,0.9078067019325394,0.017843100755957044,0.04953678803539676,0.017849206119748398,-7.17043563414066e-08
3835,0.9195866346560424,0.9617378043769225,0.008077026806474607,0.02138639694896764,0.008077748636596875,-3.6534395764231675e-07
3836,0.9651843964886601,0.9841833450217893,0.00766044738339844,0.020684419228898663,0.007661461887366448,3.9648866001495975e-07
3837,-0.21127315081367715,0.6556566905769007,0.02499935386170897,0.07925595636816422,0.025000395667197035,-1.5081367715774618e-07
3838,0.8185668963689103,0.9072032792180085,0.012760948678916013,0.04171727422037108,0.012762138756267562,-1.0363108970956603e-07
3839,0.9282396486434844,0.9639756135256754,0.008712225697851543,0.02258838193808159,0.008714824505579158,-3.513565155488507e-07
3840,0.8984284049996384,0.9489448524586693,0.011328830736425804,0.030021903720094438,0.01133254264730769,4.049996383814758e-07
3841,0.849509808058904,0.9276423450769021,0.012233269695019535,0.03598504793527336,0.012237493143932092,-1.9194109601716747e-07
3842,0.9428005468737951,0.9714972075222104,0.00879765085566405,0.02430051278813385,0.00879872367084315,-4.53126204891241e-07
3843,0.7292376362596862,0.923780409407252,0.014843681016210928,0.037210136113026475,0.01484802107495351,-3.6374031386898764e-07
3844,0.8355163883384593,0.9159667040911407,0.014179144880078121,0.04189754734034139,0.014185088205074635,3.883384592784367e-07
3845,0.8259887827273711,0.9398652450104186,0.0103424680953125,0.03159123829189807,0.010342999049962399,-2.1727262888848742e-07
3846,0.9181776236208977,0.9591824688861481,0.010851535943066407,0.03189786884736063,0.010852920835456074,-3.7637910232923844e-07
3847,0.6774177902237557,0.8962572240513641,0.017288678687382774,0.0475450106106454,0.017289830380965873,-2.0977624426432584e-07
3848,0.7600175625101228,0.8785001587819945,0.013373485252929682,0.04217433582450404,0.013376207761987446,-4.374898772141478e-07
3849,0.7759507923129397,0.8820957582520672,0.01808756975283204,0.04785790022241683,0.018092557547090993,-2.0768706021634387e-07
3850,0.7486909913631261,0.8918343402690633,0.020991076611621095,0.057015273457612356,0.020998727392953078,-8.636873882750251e-09
3851,0.8418744537119898,0.9293368608430032,0.013168868876562519,0.03501992282284936,0.013170713362530017,4.5371198975630023e-07
3852,0.905154419502145,0.9553537933686888,0.013016109323437513,0.02850828251291526,0.013017866641705502,4.1950214502151084e-07
3853,0.8828371632682079,0.9471720862690595,0.01258168810078125,0.03666347462539572,0.01258324570400915,1.6326820795331543e-07
3854,0.6403869304020522,0.8308387829999238,0.008797471207695308,0.033922774080625925,0.00879762578505952,-6.959794784933138e-08
3855,0.8503265745660349,0.9485493566466205,0.015416686675683598,0.05028180164635614,0.015418602629792883,-4.254339651676986e-07
3856,0.7051034961289093,0.8494746015086915,0.01682580256249998,0.05357782158937287,0.01682850510598617,-5.038710906291044e-07
3857,0.7128295360410701,0.8482300316405145,0.008337845553222657,0.03710287988441185,0.00833980997544683,5.360410700872009e-07
3858,0.9553688124243862,0.9787636107708194,0.010078645723046878,0.025500861361403823,0.010080076663513824,-1.8757561381921306e-07
3859,0.96113584195305,0.9806372747133711,0.00752782423544922,0.0188525705675805,0.007528624518448318,-1.580469499717907e-07
3860,0.9104372341146378,0.9542619558308997,0.01133669011845703,0.03513501964260252,0.011337935389978163,2.341146377871084e-07
3861,0.937857696648646,0.9706148286328564,0.009287817244433609,0.024288911618021932,0.009290701530645885,-3.033513539252297e-07
3862,0.8832435073380258,0.9458360663628587,0.011699655121113284,0.0323770161748552,0.01170079195086993,-4.926619742162686e-07
3863,0.8494079863130534,0.935502074868738,0.01078492616546875,0.031172804750480034,0.010785870908422457,-1.368694668713033e-08
3864,0.8884336708470163,0.9535679293164158,0.009597044964218754,0.028003597103416145,0.00959772885950648,-3.291529836468854e-07
3865,0.7077036019755947,0.8519672107343403,0.02156927067089843,0.0642026434161162,0.02157215410856292,-3.9802440532366035e-07
3866,0.8459851281275542,0.9458546578893413,0.013903289062792977,0.035824130143714564,0.013906853140320169,1.2812755423308175e-07
3867,0.908479610042213,0.9533906879415568,0.013572903497460941,0.03294206354324747,0.01357945419357323,-3.8995778695039007e-07
3868,0.8563423672280517,0.9449119252059699,0.009481512064843737,0.027483876607993063,0.009483268669665956,3.6722805163424965e-07
3869,0.8923820181156843,0.9453103392897718,0.011441608646484382,0.03399176077147757,0.01144382439060783,1.8115684286001965e-08
3870,0.8102365087943884,0.9258510944507461,0.02092638371669921,0.05288111904387566,0.020933698974778876,-4.912056116301855e-07
3871,0.80993851342864,0.9128367791933094,0.017757403935644536,0.04400739951603896,0.017760392499979016,5.134286399366417e-07
3872,0.8682889109823813,0.935088722156864,0.00793545071451171,0.02270639169279597,0.007935703258268919,-8.901761872071035e-08
3873,0.39439341314195564,0.7103830090064138,0.020293787245937497,0.05929769554635353,0.020295551309481966,-5.868580443824101e-07
3874,0.8882479415144298,0.9436850224581813,0.010367055163378911,0.02958009756266623,0.010370125614465622,-5.848557027565704e-08
3875,0.9035023072359398,0.9521544860611223,0.0076081431804687575,0.01873700620786859,0.007609402697934602,3.0723593980042097e-07
3876,0.924029588614463,0.9660252121425964,0.00995762933616212,0.027303054108413004,0.009958515490779245,-4.113855369691777e-07
3877,0.9015794906842991,0.9521370705631906,0.00945227392651367,0.02504227886725624,0.009452923230133381,4.906842990815008e-07
3878,0.896454385967341,0.9522963899033116,0.00991476254003907,0.03211257116040447,0.009917071418722875,3.859673409767339e-07
3879,0.9444419351412972,0.9719762489384342,0.006122619496865238,0.01731053468954985,0.006122974767107433,-6.485870285288797e-08
3880,0.9615760675406452,0.9848570572983482,0.006935089890527337,0.019432683164995256,0.006937167613156766,6.754064518776914e-08
3881,0.8924380194922178,0.9654365890949577,0.008953575658300768,0.02730781619716722,0.008954802855825941,1.9492217839811588e-08
3882,0.9138007930165635,0.9590838475060436,0.007687967916396488,0.018467835627682366,0.007688695206529881,-2.0698343650149553e-07
3883,0.860548645055508,0.9308914042671138,0.011516553486621086,0.028151478818025755,0.011518136512811692,-3.5494449202033707e-07
3884,0.830857019199619,0.9526984216959592,0.012794064044013679,0.03577128093306388,0.012795266783353135,1.9199619005760837e-08
3885,0.39026407818445996,0.6795890348569551,0.012601076256162119,0.056126281331646384,0.012601756901247728,7.818445996177203e-08
3886,0.8689687509812816,0.9600554980944573,0.016605242069238264,0.045802768178817295,0.016611537624386764,-2.490187184234216e-07
3887,0.8995762368394291,0.9489472808323355,0.010597209136035173,0.032288626655671185,0.010598580384604765,2.3683942906860267e-07
3888,0.800335428815895,0.9388780899337186,0.011145775743750003,0.03479396258545585,0.011146901598646508,4.2881589501497785e-07
3889,0.897053682345849,0.9509280424312772,0.007373580771005859,0.0226365053599909,0.007373901526357401,-3.1765415098305994e-07
3890,0.9221533524816312,0.9603905393342064,0.009333073700585948,0.02652097411797115,0.009336046642336988,3.524816312161505e-07
3891,0.8563753979667328,0.9324424290043991,0.008932943595634766,0.025956351214064765,0.008933280902385722,3.9796673279024475e-07
3892,0.7406364550526661,0.878338177241724,0.017952190933105457,0.04858678099998713,0.01795947584427191,4.550526661040166e-07
3893,0.9392373261344923,0.9693139875077892,0.011568899326074224,0.02857557927875916,0.011570369599551088,3.2613449230112224e-07
3894,0.9347619509289724,0.9686801055221553,0.009789235055566396,0.025665095738022385,0.009791073807478151,-4.907102757467641e-08
3895,0.7296553552394733,0.8659049064762743,0.01782217406396482,0.04689053410535388,0.017828091540932567,3.5523947328197636e-07
3896,0.9495207065187742,0.9758362597540321,0.009891311494921867,0.02467236164122902,0.009893336539223406,-2.9348122576600133e-07
3897,0.9673127933794828,0.9835826145533724,0.005577213107412115,0.01600464617085491,0.005577633685589373,-2.0662051714026575e-07
3898,0.6915171013944377,0.8401909441105265,0.020016883419433588,0.0585670484043119,0.02002316642274893,1.0139443762380296e-07
3899,0.9334062726711005,0.9671154999388835,0.009117240884960947,0.025089582732693023,0.009120896501058715,2.7267110058737387e-07
3900,0.9320844819635867,0.9661989919322519,0.011975000899999973,0.030559268297063923,0.011976502318643696,-5.180364133217097e-07
3901,0.7557655752142907,0.88257335020865,0.016591901801269536,0.05099654295445766,0.016594404755252055,-4.2478570938531135e-07
3902,0.904163271826059,0.9517712610460453,0.012056643050683604,0.032903307797682385,0.012058109752127224,2.7182605899511714e-07
3903,0.84487391629796,0.9196898896559644,0.01675053320332031,0.04526325304450307,0.01675694366763494,-8.370203996577175e-08
3904,0.9361088193727806,0.973517324484506,0.010527635251367193,0.027126986705660244,0.010530465021094684,-1.806272194038172e-07
3905,0.7773280941860412,0.8901728795959158,0.015821628971894524,0.041963330895501694,0.015823088796617275,9.418604118849316e-08
3906,0.8772498345959439,0.943164049466168,0.012709974416406245,0.03344126921055071,0.012711929353512891,-1.6540405611831233e-07
3907,0.9049308904936936,0.9692809025911908,0.008092468515781256,0.02420270388829767,0.008093041251489208,-1.095063064671109e-07
3908,-0.3242589072251909,0.6658503254182663,0.025111065675068375,0.07665717331145296,0.025112091614252898,9.277480911284997e-08
3909,0.8184457025752232,0.9217609376453797,0.02406204811416013,0.06055781884592373,0.02406618645375768,-2.9742477680727575e-07
3910,0.7461369539398184,0.9370449889474174,0.010903704851074201,0.03605762071608974,0.010905972819010738,-4.606018166875003e-08
3911,0.8544044828718633,0.9249821158006891,0.011480583182128905,0.03737585905690866,0.011484564984170002,4.828718632721163e-07
3912,0.842631435337876,0.9473114482557542,0.00988495644621093,0.03771959387488068,0.009885829855126581,4.353378759702764e-07
3913,0.8305402913161901,0.9191331747762529,0.013969720391113282,0.04601588502131394,0.013974479977415613,2.9131619017075394e-07
3914,0.9448908351823436,0.9741293279046151,0.006615223317988286,0.02101581022109169,0.006615702985100699,-1.6481765641174206e-07
3915,0.5911812807972096,0.8471270183485187,0.03076218920449218,0.08110495290055192,0.03077014211696401,2.8079720959528487e-07
3916,0.9552551348233067,0.9778238554834944,0.006140377394775394,0.01877782345097921,0.006140939155546055,1.3482330674108312e-07
3917,0.9351856550253531,0.9674468883141841,0.008834822452929695,0.023672639471471708,0.008835957818726462,-3.449746468486836e-07
3918,0.6451441239586284,0.8220433178152482,0.021711920062207034,0.057696089738005836,0.021718394930366352,1.2395862836189764e-07
3919,0.7148441456945587,0.8556556026262112,0.01934708449638669,0.0576378975580178,0.01935193667326536,1.456945586397751e-07
3920,0.9607076580737194,0.9828808023889686,0.006366295565683598,0.015002864220762118,0.006366717882050144,-3.4192628062257313e-07
3921,0.34594525673926835,0.7200835777467822,0.02309416776015626,0.06863206826281026,0.023097304260898097,2.567392683450187e-07
3922,0.4367842573062505,0.689715272247425,0.017623911292451194,0.062017067158819626,0.017624903835033182,2.573062504729329e-07
3923,0.7280511990436571,0.8602230295044848,0.014495523102246092,0.04377862096503027,0.014499271436498729,1.990436571119858e-07
3924,0.8923876651913584,0.9465769515664325,0.016757369571093746,0.04243772455147165,0.016765777162371,-3.3480864158885737e-07
3925,0.825612474077108,0.9316496401440298,0.01617608673486328,0.041821980093835955,0.016178056045945,4.7407710801472547e-07
3926,0.484185834394943,0.7047708577375204,0.017299087430957025,0.06615876419783169,0.017304187179108116,-1.656050570009171e-07
3927,0.16461857980927352,0.6239139008968904,0.015378632135722657,0.06233791983521748,0.015380097423904197,-4.201907264633764e-07
3928,0.7302000940064224,0.8841088073864957,0.016466692911425752,0.04294487893172392,0.016469296471686986,9.400642242418655e-08
3929,0.9470426145518485,0.9824904991476805,0.008354830259277348,0.023579814651185502,0.00835571239021695,-3.854481515075392e-07
3930,0.9139292503585145,0.9577032391346599,0.010298209389746108,0.032447403322054647,0.0102993763029016,2.503585144753018e-07
3931,0.648474675099865,0.8105899095116896,0.01629673840800785,0.048563409402887725,0.016298685193051655,-3.2490013501806914e-07
3932,0.9357794016629006,0.973716697126173,0.006397979570761716,0.019679114608756074,0.006398463349489753,4.016629006065031e-07
3933,0.7710853969568194,0.8888136927856587,0.014967901665429684,0.053044285773810956,0.014969490115449558,3.969568194150952e-07
3934,0.9142033710325866,0.9609113070742009,0.010564398739160147,0.027770104587753384,0.010566028319745653,3.7103258665460714e-07
3935,0.9330098661330146,0.9690666845838851,0.009383577561621101,0.024417050429376058,0.009386246282629794,-1.3386698538564445e-07
3936,0.7850357198681399,0.9496475398710471,0.011295886753710948,0.029786034030786893,0.011296677446122236,-2.8013186004205437e-07
3937,0.6679266206834391,0.8250966711727881,0.019231547593261743,0.06165223205577,0.019235779764888182,-3.7931656093892485e-07
3938,0.8222135353398512,0.915575077951955,0.017007603339941346,0.04832294093951048,0.017009714430908107,-4.6466014880230944e-07
3939,0.9184664851720271,0.9603431003417723,0.009308499353613294,0.02782204710726774,0.009311081119012677,-5.148279729194627e-07
3940,0.6717268929544249,0.8392153996432524,0.01732522070068357,0.05274646242002889,0.01732746881500454,-1.0704557507068557e-07
3941,0.9362345267025461,0.9757012635639607,0.008688005201923843,0.022187429020011935,0.008688690925402068,-4.7329745389568245e-07
3942,0.7177128573154068,0.8664803645415661,0.018102673285156252,0.055823697108727956,0.018106119227282693,-1.4268459325172955e-07
3943,0.9490617258239882,0.977190662547301,0.008644402875097667,0.02426284367684152,0.008646842254789218,-2.7417601178303386e-07
3944,0.9220091119841065,0.9663538109261949,0.012270302610937487,0.029858040096195138,0.012271844883633528,1.1198410654333912e-07
3945,0.7355712428470969,0.862031625454071,0.017144268553222687,0.048504185277014215,0.01714661069965519,2.4284709687627526e-07
3946,0.9010537468189925,0.9504004788897185,0.012672176506054662,0.03526924757838409,0.012673546527840512,-2.531810074923868e-07
3947,0.9172816826487213,0.9606658074165805,0.00863838914286133,0.024549652353049536,0.008639130100661717,-3.173512787002508e-07
3948,0.24061303729541073,0.7357570649079685,0.019350657522998034,0.05762635568590414,0.01935121484262979,3.72954107319412e-08
3949,0.9567098421895788,0.9783373596368952,0.004858303127333977,0.012024516314912031,0.004858475348916264,-1.578104211752418e-07
3950,0.9095086777253398,0.9548668006772675,0.0067682872876171744,0.018975696288737152,0.006768875921725125,-3.2227466018053263e-07
3951,0.7814486428796801,0.8953331861469784,0.012439393004501944,0.04328712152068121,0.012440614373512241,-3.5712031987156223e-07
3952,0.9253617260734561,0.9645125612981554,0.008858636412636723,0.024859502475248683,0.008859498835855364,-2.7392654389224447e-07
3953,0.9182277012711102,0.9595781746973235,0.005909856912207045,0.01764979708636982,0.005909972399154996,-2.9872888984705526e-07
3954,0.506633238499002,0.7138564360308057,0.022924921075585962,0.06963218488551845,0.0229279123771382,2.384990019921318e-07
3955,0.7967382479264931,0.9190001130336821,0.014343451124999997,0.044227876166137145,0.014345129661532308,2.4792649311322634e-07
3956,0.7717971042841343,0.8803890584801147,0.013945301476591798,0.046680924673318705,0.013946255552904189,1.042841343279477e-07
3957,0.8414277069685641,0.9318638759565363,0.016088132415820317,0.04933812895853694,0.0160899317013947,-2.930314358939867e-07
3958,0.8964929309561592,0.9561671943673552,0.013263997367675796,0.036211241078499525,0.013268682495678367,-6.904384075578918e-08
3959,0.6054504330256552,0.8106983075767359,0.020098178527734403,0.0642210986120394,0.0201051275856231,4.330256551110523e-07
3960,0.8763202600234001,0.9367670533777503,0.01322102137326173,0.035595698847315706,0.013222331108889701,2.600234001448598e-07
3961,0.845719658453732,0.9230379646828589,0.010141920797792966,0.02733929414286838,0.010142827502367578,-3.415462680456116e-07
3962,0.7794702916436254,0.8870705814594543,0.016507979803124993,0.04808852075134821,0.01651495894550356,2.916436253608268e-07
3963,0.7480002953202318,0.8663963253015283,0.009096987220341798,0.034445829970560726,0.009097203527643124,2.9532023182454736e-07
3964,0.6806033189789366,0.8414871421805463,0.02020639460291021,0.06046889036235141,0.020208265714726392,3.1897893659760257e-07
3965,0.9324461203896462,0.9694813529847033,0.007275191582324214,0.021353990103589807,0.007276641129258688,1.203896462520504e-07
3966,0.6577060298764861,0.9009790014271292,0.019415382650976563,0.055126388228286166,0.019418208448866485,2.987648606289639e-08
3967,0.8167079693372864,0.9373730163101389,0.009387061235605473,0.03227312361208799,0.009387549965631884,-3.066271359042361e-08
3968,0.7593684122997081,0.8782545538075047,0.025571841614648438,0.06482549739248697,0.025577165291871182,4.1229970804135263e-07
3969,0.3231010782353565,0.7169290332727176,0.02636575024375002,0.07725080889247515,0.026373697564543,7.823535647100144e-08
3970,0.9008396141728576,0.9506892766748769,0.007267493883759766,0.019628074165182537,0.007267796981782043,-3.8582714234625115e-07
3971,0.6483327514774193,0.8229140776946228,0.019544345333300815,0.060540768037158015,0.019546306545196748,-2.485225807369318e-07
3972,0.8736942822741212,0.9445743667862004,0.011675584701757797,0.033770106186853874,0.011677041399827679,2.822741211883084e-07
3973,0.9671212550622857,0.9835079337600122,0.005308749254394529,0.013658101887847962,0.005310711034237002,2.5506228573668466e-07
3974,0.9281745702972821,0.9638181779922187,0.005886016856269529,0.01658174180814736,0.005886268843318323,-4.297027178523649e-07
3975,0.572096335665045,0.7677468023616525,0.01940173342509766,0.058286991176464784,0.019404953549066434,3.356650449815035e-07
3976,0.6012020299251182,0.7841303477248094,0.014637936348144545,0.04924300199506834,0.014641262863564914,2.992511816124477e-08
3977,0.921357618203962,0.9651916010178536,0.010091804057128905,0.026228481459398996,0.010093218020078626,-3.8179603800703177e-07
3978,0.6990710032019298,0.8457887666660914,0.010155047643359396,0.0466282779536811,0.010156999054771394,3.2019298323859857e-09
3979,0.777433391256859,0.8967251871684392,0.00841668303486329,0.03162255999102104,0.008417102807564247,3.9125685891150397e-07
3980,0.7936604996035681,0.9176210269118099,0.024612226080078094,0.062345696071787554,0.02462639702010015,-5.00396431846184e-07
3981,0.8728769145170608,0.945840753133272,0.013154437195898455,0.036901196573254184,0.01315755646702038,-8.548293917165495e-08
3982,0.8489791790695489,0.933458983974372,0.009754489667060549,0.02810706606635792,0.009755106481467862,1.790695488557148e-07
3983,0.9068979619297197,0.9564705993177192,0.010491275564042958,0.029645490454371613,0.010492145654389513,-3.807028026159287e-08
3984,0.9089147737890808,0.9559041073633303,0.007078000607812501,0.020207519636732296,0.007079620681306652,-2.262109192185946e-07
3985,0.8701811398693131,0.9351242612225751,0.012284969754394522,0.038867302277391304,0.012286361494450077,1.398693131315909e-07
3986,0.735773441647127,0.9210674460507042,0.013366930077832049,0.03594218106525358,0.01336890808398585,4.416471269808042e-07
3987,0.932978894790434,0.9682326936357248,0.006167120540097665,0.02102291378637059,0.006167546462776899,-1.0520956594817221e-07
3988,0.43347765281508066,0.7204614676547685,0.02115417690283202,0.06966400906470005,0.02115578041282449,-3.4718491931373663e-07
3989,0.9522620683364075,0.9761334334525417,0.006861006015283193,0.019467391372929046,0.006861554563840957,6.833640742165414e-08
3990,0.9168263469543355,0.960417590619706,0.009483169972753914,0.03035727808962838,0.009486397512704144,3.4695433548392884e-07
3991,0.0878899771604632,0.6005984654840842,0.025294273664843738,0.08043186821514134,0.025298644352247015,-2.2839536789609483e-08
3992,0.8778949023024212,0.9374985422456426,0.008080184719335944,0.02704686610960828,0.008084520330363573,-9.769757880473406e-08
3993,0.8429325308008464,0.9239711666713266,0.010586100065429684,0.026685141632373576,0.010587570089187417,-4.6919915364096454e-07
3994,0.8339193150841483,0.9151167378671512,0.009593533316113274,0.038277233153888146,0.009594505190557101,3.1508414832792653e-07
3995,0.9198683513681992,0.9618589002302267,0.010116717618124993,0.029563433574429854,0.010117721822858418,3.5136819920289497e-07
3996,0.9159461612366926,0.9621611117309241,0.010760358182617188,0.027428580402098335,0.010763952085384103,1.6123669255296846e-07
3997,0.8369517166242568,0.9183672242393984,0.009934844174804678,0.03450493613174832,0.009938475949335397,-2.833757432041395e-07
3998,0.8425280609804247,0.9468936920597948,0.013280808350781253,0.03777566810992453,0.013282442904143968,6.098042459878883e-08
3999,0.8620827198160225,0.9305883829701017,0.01448009713867189,0.043115644360271585,0.014481893669716434,-2.8018397757456626e-07
4000,0.905104974219208,0.9550512105851757,0.01191293704052735,0.03259351264909713,0.011914379857630854,-2.5780792056728785e-08
4001,0.9402680787919171,0.9701334103494839,0.010830914920703124,0.02972369517356083,0.01083261482120111,7.879191710191691e-08
4002,0.9488137376999248,0.9789056754947159,0.008884303889550778,0.024993324430134817,0.008885473934978367,-2.623000752155491e-07
4003,0.8691449392306426,0.9355344967553343,0.006115444874306646,0.021905003310665798,0.0061155246964588825,-6.076935732401978e-08
