index,r2,pearson,mae,rmse,normalized_mae,saved_r2_difference
0,-0.3788226129280754,0.31025515760698513,0.019314764364101566,0.06334873865327949,0.0193156252053085,-6.129280754052502e-07
1,-0.29818584422878835,0.38087539333961895,0.03129424178750976,0.09478868272817143,0.03129539886603295,1.5577121165177843e-07
2,0.07556577542915921,0.5354648999102466,0.025469371696181638,0.07647048984539652,0.025470750075622755,-2.2457084078442158e-07
3,0.09344274105128048,0.48873401428036867,0.021860546214277275,0.06884593975318055,0.021862714252636105,-2.5894871952258924e-07
4,-0.20339338098329995,0.3378968670257815,0.03922531095747065,0.11334270695655324,0.039226230284978035,-3.809832999634999e-07
5,-0.4468138196896325,0.333427899734887,0.030137105260253896,0.09211000677938105,0.03014045064532046,1.8031036747023776e-07
6,-0.2525113946226527,0.32365370804984517,0.0276611377794238,0.08080942813532735,0.02766186750585083,-3.9462265272183217e-07
7,0.195303540771401,0.6377350360085724,0.0265021142455078,0.07507059358509326,0.02650530179960752,-4.592285990090428e-07
8,0.33592127313625664,0.5985197660502156,0.03059072725649413,0.09138628669773032,0.030592450839151426,2.731362566121831e-07
9,0.49279199980541266,0.7965828731589909,0.029744953364746113,0.08800026964179136,0.02975576848860386,-1.9458734623611917e-10
10,0.3480643627132295,0.6092265824711967,0.018683600787646488,0.06186398272605547,0.018683888581934836,3.627132295069835e-07
11,0.43275373107576853,0.7295675751922795,0.026300600371679632,0.07324479451051262,0.02630409840116223,-2.68924231494605e-07
12,0.35883733500048787,0.6467163963669982,0.02425821991824213,0.07318940176623019,0.024260035169308664,3.3500048784995684e-07
13,0.3204776838674708,0.5845698115350596,0.022517234040039056,0.0722096452148675,0.022521462178809872,-3.1613252921003365e-07
14,0.7394437712639161,0.8627434807698557,0.010652459250048851,0.030118071028187362,0.010652658506321785,-2.2873608385154398e-07
15,0.5206466137166093,0.7299257579512726,0.027964955316796856,0.08036912650544242,0.027974816554329006,-3.862833907186669e-07
16,0.07668130765436487,0.48994239238935194,0.025253426696875032,0.08278924089774507,0.025256070239644587,3.076543648727892e-07
17,-0.24996976673565308,0.25493091348427577,0.03672986624001946,0.11130717057166883,0.03673063951695018,2.3326434692161335e-07
18,0.38508679891344433,0.6738736655734899,0.02907452606064451,0.08225918704383693,0.029076759210125386,-2.010865556845154e-07
19,0.6256216303493516,0.8015129483761799,0.019238674688085943,0.06231705766782971,0.019243649383131625,-3.6965064842409134e-07
20,0.5181545642397325,0.7236435113801232,0.018500876367802736,0.0625038704918695,0.018501750501136876,-4.357602675364447e-07
21,0.4400562435730885,0.6985825228333193,0.02870981615810547,0.08786572034365006,0.02871747200927511,2.435730884764453e-07
22,0.736763960267994,0.8623251505972067,0.01560261612167968,0.043209696254797675,0.015605304074445818,-3.973200601858906e-08
23,0.7201568229515729,0.8500140957964781,0.010972013015654314,0.031514850131218825,0.010972138931810973,-1.7704842714127977e-07
24,0.526725000865173,0.7821636149692718,0.02868647168232415,0.08217136911215968,0.028695130193951566,8.651730443176575e-10
25,0.4014455272994496,0.6409239603550104,0.02309803921552733,0.07883689623971578,0.023103529330305617,-4.7270055042458736e-07
26,0.7493930699777105,0.8699003550792281,0.0170848679969727,0.04726351611690727,0.0170884851439647,6.997771051509005e-08
27,0.7297096162335803,0.8702970819266909,0.012457994737402358,0.030915071716919276,0.012460074963115547,-3.8376641964266156e-07
28,0.3855716264854283,0.6273197368101312,0.019914590493974642,0.07246709602627144,0.019915154962156584,-3.735145717165267e-07
29,0.12467502321067636,0.495841678913753,0.02497016833761721,0.08099584514258863,0.02497076564382498,2.3210676367013683e-08
30,-1.5647652986876315,0.32161069262420017,0.030379370111621087,0.09037794894066455,0.030379837177313816,-2.9868763151696953e-07
31,-0.4251508278806633,0.4313299544740601,0.026454112499091777,0.08463331523922171,0.02645505518847544,1.7211933672767188e-07
32,-1.771655069231401,0.2217141434565806,0.024974178762988283,0.09158120840772518,0.024974451143343252,-1.0692314009741466e-06
33,0.031245251282869813,0.5833090183964258,0.028341557017421845,0.07644999372340333,0.028342785626445165,2.512828698141012e-07
34,0.14459506731795035,0.5301659850405896,0.024082581423457036,0.07158753271488658,0.024084867832715812,6.731795035297417e-08
35,0.6706284135506015,0.8222905276240869,0.017127012639550795,0.04958291045108029,0.017131209097104978,4.13550601541246e-07
36,0.2766763407908176,0.5593165731524946,0.023526060552246156,0.07860298092178168,0.023530905730452398,3.407908176211727e-07
37,0.6718555146160041,0.8536247624967221,0.02554538842646482,0.07172337487132119,0.025556895958120468,-4.85383995885158e-07
38,0.31913790563898636,0.6142099460864584,0.024386260534501953,0.07448676996185458,0.02438736038201881,-9.436101361393057e-08
39,-0.4343303195295172,0.240251553658036,0.03505758838795903,0.11380785993679791,0.03505821463144466,-3.1952951717872935e-07
40,-0.24094037923567146,0.412404404084941,0.023838227354023408,0.07669111393432897,0.02383872584418921,-3.7923567147712944e-07
41,0.632766032639781,0.8207166961091488,0.014149190472148413,0.03691580614924491,0.01414978192836359,3.263978098910769e-08
42,0.1407342483131736,0.44714184640259075,0.024081411428212914,0.07235785720429277,0.024081728005405183,2.4831317360640703e-07
43,-0.30663087686250745,0.5137227352973073,0.02793945527714841,0.07981414113914911,0.0279409978661114,1.2313749253589634e-07
44,-0.5625224876153965,0.23988084601845686,0.030361213462968755,0.10075348926225491,0.030363041615935473,5.123846035237634e-07
45,0.2760862779054247,0.6275975533246329,0.031419101027929684,0.08289084346700615,0.03142326315854343,2.7790542472816426e-07
46,-1.2254188522508125,0.2636161600178142,0.028138503389687496,0.08627286613798557,0.028139502100293732,1.4774918755122712e-07
47,-0.6211933372096783,0.29168446391933445,0.027288601055937483,0.07327555924057542,0.027290159604593744,-3.3720967829165005e-07
48,0.3902664113905919,0.6407528215130059,0.015316195062851541,0.05731890139671202,0.015316418517297738,4.113905919256311e-07
49,0.793275880882317,0.9088608462729868,0.00970628404684568,0.027596306041147364,0.009706595876479773,-1.1911768293959568e-07
50,-0.0671460439746483,0.5076566813063387,0.02901112187392576,0.08420315292709256,0.02901456984064297,-4.3974648297750996e-08
51,-0.5220462017956715,0.37556762439073854,0.03357452735330071,0.08982919830351586,0.03357524233439294,-2.017956715061331e-07
52,0.46079413428020266,0.6927579568907718,0.02920842353466795,0.08569957947026935,0.02921775335643505,1.3428020267935992e-07
53,0.5641320000146579,0.7607594762235402,0.012948174339736312,0.04915533565837573,0.01294889961148822,1.4657941527218554e-11
54,0.2289659780023715,0.5123411469555305,0.022004523698437476,0.07442927021979238,0.022004852754604596,-2.199762849652842e-08
55,0.4903368315038057,0.7245926410687743,0.025164757794628886,0.07943120698232468,0.025167118687050623,-1.684961943304586e-07
56,0.35316813364375266,0.6724754642322349,0.03159780461757811,0.08348592638403673,0.03160416368819339,1.3364375267554962e-07
57,0.493440575127027,0.7204418716789566,0.022453826241132836,0.06744440916766027,0.022455162503167626,-4.248729730260692e-07
58,0.7924960686429199,0.8923471615955842,0.010837113380156232,0.027654329850907964,0.010837381652603117,6.86429199037164e-08
59,-0.12331704768901597,0.3989368718074852,0.0259874935727051,0.07506992500286111,0.025988668353294213,-4.768901597229647e-08
60,-0.10075274861108086,0.5375145167727513,0.025115839179570335,0.07899913142344407,0.02511702057948042,2.513889191396723e-07
61,0.04137848354977636,0.5401152873200549,0.027170894109677782,0.07658980620049609,0.02717180376949812,4.835497763588936e-07
62,0.6874656349060952,0.8342808560855333,0.018854186003701184,0.05236522038763445,0.018855872028273928,-3.650939047750157e-07
63,0.15551234814958803,0.4999643899660786,0.028930345560585973,0.08468359649672089,0.028931116347438057,3.481495880197638e-07
64,-0.7610481847206976,0.2539398637079937,0.031602927242011705,0.10488961701343551,0.03160395818556653,-1.8472069762687227e-07
65,0.8397529029353421,0.917129690962386,0.007876856370302738,0.023443688025119643,0.007876958795894583,-9.706465786685214e-08
66,-0.07808814688105081,0.39556170354751063,0.03148116534141594,0.09932590308683543,0.0314818531667033,-1.468810508081786e-07
67,0.21412312427582025,0.5892107404502855,0.020710254455781247,0.06821415147006542,0.020711209886054283,1.2427582024576722e-07
68,0.07294990412899027,0.5342318429374037,0.029729481663085984,0.07827458538966071,0.02973107804240115,-9.587100972818785e-08
69,-1.0191699656090916,0.3934774073916746,0.02982037841171878,0.09549697552009304,0.029820856018970276,3.439090834334024e-08
70,0.7573142136055226,0.9028758357214796,0.021705340930468775,0.059579304199752686,0.02170834981629506,2.1360552260318855e-07
71,0.5495119935350778,0.7905943645435026,0.023902626629199217,0.07365870331041167,0.02390887491479726,-6.46492215317096e-09
72,0.3751139535850597,0.6351135069941746,0.027225675367314482,0.08517978119127464,0.027228020611210955,-4.641494028012616e-08
73,0.4037646997579476,0.6645943729696304,0.02406356793437495,0.07378381106487672,0.02407105028315048,-3.002420523867677e-07
74,0.6110021277850608,0.7862559630265212,0.02282522383408201,0.06449809264122786,0.022833388715952682,1.2778506075505902e-07
75,0.419802265205396,0.6700295371163665,0.0225112111764746,0.07696296303360486,0.02251257825639123,2.652053959772971e-07
76,-0.03588420874214093,0.4768058925501824,0.029156667760449197,0.08592152942359732,0.02916156788076569,-2.0874214093358212e-07
77,0.18099989123228244,0.5053117619620799,0.021150152024941426,0.06410058954659661,0.021152168509815453,-1.0876771755485848e-07
78,0.22849289405671702,0.5678842394320608,0.020910684071650407,0.07173730064233717,0.020911811161391878,-1.0594328297974798e-07
79,-0.3088371139181767,0.5108153473432084,0.031730277035312476,0.08383398301406945,0.031731684819125076,-1.1391817672512516e-07
80,-0.15611414239311894,0.4629357100404829,0.033763570645410204,0.0910400888759341,0.03376701694092621,-1.4239311893482487e-07
81,-0.01810993648694459,0.6079962475414449,0.028588262949892605,0.08274930125567809,0.02858919375486163,6.351305541218988e-08
82,0.3598683282386843,0.6355511090727596,0.024480329224609368,0.06006672302068322,0.024484992572633767,3.2823868428843994e-07
83,-0.6449305430812757,0.4170796926720437,0.03238930718582028,0.09478871534263729,0.03239002189529812,4.569187243008699e-07
84,-0.2652326334847148,0.47240556496454517,0.036667459766875014,0.10388317380252157,0.03667094714131101,3.665152851772824e-07
85,0.31521053660916143,0.5944849507415982,0.034866193161884794,0.09897311726995871,0.034868635499543665,-4.6339083858981667e-07
86,0.1381591822781031,0.5472480393050305,0.025546966027040985,0.07169066139163545,0.025549169193474035,1.822781030835774e-07
87,-0.06043029581502335,0.5506870546622107,0.02400498944902346,0.06983510754171174,0.024010065570650174,-2.9581502335174203e-07
88,-0.06299118797700864,0.5978782923077117,0.02636067584990236,0.0777758128738237,0.02636467736199131,-1.8797700863937283e-07
89,-0.028881120409888217,0.5573197255445258,0.024364534857226554,0.07196993869523027,0.024368265285301886,-1.2040988821640508e-07
90,-0.10408796458536518,0.4402715843263122,0.030978186740527384,0.07402678043260558,0.030981437195188442,3.5414634821928637e-08
91,0.7565727180940681,0.8715350911848291,0.011683655563203128,0.0348184032902314,0.011684453830483258,-2.8190593193144764e-07
92,0.41670198600621666,0.6636404897036918,0.024245788724316392,0.07782578531774641,0.02425108232331917,-1.399378335431578e-08
93,0.427544750179906,0.7456613159697508,0.025286188288671883,0.07155368448500345,0.02528918400494641,-2.4982009400043026e-07
94,0.8441987226860068,0.9221513352062473,0.009376568216162097,0.028713932602187714,0.009377206583847417,-2.7731399321329064e-07
95,0.3361797036004217,0.6560103325746101,0.022083426829755864,0.07144466787739596,0.02208515643916242,-2.963995782701012e-07
96,-0.3913130906453324,0.29880674477940067,0.03486704894530272,0.10021414641812113,0.03486803006786034,-9.064533235125793e-08
97,0.39033862650751927,0.6444049967064359,0.0175075218874707,0.06119774466374211,0.017507732743250612,-3.734924807208273e-07
98,0.03195136736499915,0.5695107838175233,0.023821283008056634,0.07250306293364399,0.023822313245443757,3.6736499915007714e-07
99,0.5467524047002716,0.743392006835631,0.014497065465234398,0.04675532526056025,0.01449742976230346,4.047002716278669e-07
100,-0.9711436016048438,0.24116597742868387,0.0266568535454199,0.07695164843894592,0.02665712357834975,-6.016048438306498e-07
101,0.522565136253868,0.7449943577384136,0.0187170829592285,0.055821578869325005,0.01871842253040836,1.362538680771408e-07
102,0.3676309754460807,0.6763385738671276,0.022714592913183607,0.058307590246431854,0.022717947867919613,-2.4553919286685044e-08
103,0.7284209286453357,0.8561788376320375,0.013806442277402353,0.035964505133346335,0.013806855891731466,-7.13546642883145e-08
104,-0.9006754369146961,0.34460131073715333,0.023400019081611316,0.08056372038226624,0.023400384937503665,-4.3691469608919675e-07
105,0.3669256230885617,0.634276983426881,0.029526859598037154,0.08516244370377023,0.029528880388658644,-3.7691143828233464e-07
106,0.4233587538608594,0.692959686245425,0.02480701948095707,0.0701900456784661,0.0248116616485672,-2.4613914056947905e-07
107,0.21969316281217632,0.6139416906014614,0.032971480448105474,0.08715630962501403,0.03297418347250248,1.6281217632418965e-07
108,0.12336349380176459,0.50209717519407,0.017157299858779285,0.06865004752685042,0.017157728679318505,4.938017645894632e-07
109,0.30467257982858287,0.5858349292902824,0.026523740044726556,0.08184977488316394,0.02652750144016901,-4.201714171592208e-07
110,0.6324743928834005,0.7990207616595421,0.02905124085820312,0.06599369943015491,0.029057991264943694,3.9288340047960446e-07
111,-0.514237585802678,0.6142505013310231,0.03390226120888676,0.09292650902953015,0.03390442855185524,4.141973219962125e-07
112,0.20663671768837544,0.558156164309312,0.01776004189718753,0.05934941554107046,0.01776022162778877,-2.8231162454983583e-07
113,-1.9766224711129086,0.3075869230470346,0.030196244664189457,0.09828061202360787,0.030196903349242212,-4.7111290846224563e-07
114,0.3473071613890113,0.6051866943861106,0.026275437208945294,0.0877422772553716,0.026276401418867716,1.613890113216776e-07
115,0.6259474935634909,0.7995214293304589,0.023263111498535136,0.06708095044271033,0.02327064170133281,4.935634908553865e-07
116,0.7908408774261748,0.8893850153069127,0.014159367332128914,0.04396258195018381,0.014162380821931298,-1.225738252008668e-07
117,-2.2683397200498843,0.18826027540711332,0.035776378112490244,0.0965305208334395,0.03577675735363131,2.799501155337225e-07
118,-0.6497952958467745,0.19736595381593966,0.02981632493249708,0.09114717542263687,0.02981660632901519,-2.958467745228788e-07
119,0.4409592668581994,0.6855343965078163,0.026312786818261682,0.0808742687354677,0.02631728025701004,2.668581994269559e-07
120,0.6036511707785499,0.835042222863186,0.013587890763466805,0.04061948102237121,0.013588482172394582,1.7077854985725338e-07
121,0.06154803083446814,0.46305129276829265,0.021100554874804722,0.06752921755092686,0.02110316567827041,3.083446813850754e-08
122,-0.14805145342333148,0.5184193001371871,0.02112111556359377,0.07595478882639477,0.021122017043888497,5.465766685086582e-07
123,0.6339608828739567,0.807736474384134,0.016077156859316426,0.054137473036824986,0.016078587026640067,-1.1712604330860188e-07
124,0.38146376755136024,0.6418479618242234,0.022341586700683563,0.06753416277194461,0.022344511780500627,-2.3244863978089114e-07
125,0.057832594631581524,0.5397723763577232,0.026726016552343725,0.07927121650905727,0.02673232453084508,-4.053684184782136e-07
126,-1.1247721905045016,0.1870010858254715,0.02814501432689452,0.08098920306653615,0.02814660680308103,-1.9050450150714937e-07
127,0.3712481296356741,0.6503338557236971,0.03035591222949217,0.09231157018040886,0.030362119974419566,1.296356740843052e-07
128,0.04171385969505914,0.5128138268567715,0.026664596617529294,0.0834023272502114,0.026665587310228524,-1.403049408599255e-07
129,-1.8310494815084524,0.3078595382708094,0.0372629012627929,0.11231115092127723,0.03726353018100461,-4.815084524434354e-07
130,0.2989768592178984,0.6292106491356892,0.018832024512441405,0.06651368833021523,0.01883303208210609,-1.4078210158752213e-07
131,0.615566435095751,0.8488773904319963,0.021142105915996107,0.05925325853771171,0.02114419090702479,4.350957510945719e-07
132,0.11710282852154197,0.3919166850050805,0.03020826514873048,0.0990006240355769,0.030216691121396386,-1.7147845803033857e-07
133,-2.045014712606524,0.30098573680663837,0.03070279289416992,0.10123145311997316,0.030703482728659578,-7.126065240115054e-07
134,-0.8385353586751572,0.3666497158495209,0.025966432246953126,0.08962184630847361,0.025966800340370022,-3.586751571305058e-07
135,-0.7818674718826806,0.23298918746588704,0.02598140752952147,0.08301412083073852,0.025981840932610065,5.281173194315869e-07
136,0.5292289376028596,0.7472190679635954,0.02642796601375972,0.07345200290793086,0.026430415500355266,-6.239714034350641e-08
137,-1.0020902171898163,0.2921181566578625,0.02915419294590823,0.08299979115500768,0.02915561321087503,-2.171898163538799e-07
138,-1.3486911001802446,0.3174324174339119,0.03118170359101564,0.08608663620796925,0.03118437204552767,-1.0018024454439001e-07
139,0.17937194125227285,0.4411993558913299,0.023291574545488296,0.07306443817021817,0.02329294265763994,-5.874772715519505e-08
140,0.623129918762203,0.816580044860465,0.02332826703466798,0.06643475085851208,0.0233307021300414,-8.123779693391953e-08
141,-0.13557243244476513,0.6449497092761582,0.025075275675585963,0.07601061304037882,0.025078370710167972,-4.324447651360419e-07
142,0.354587698883276,0.6863639685986853,0.020577671432607417,0.0664306986891574,0.02057875122479026,-3.011167239996837e-07
143,-0.5819683992029618,0.3846692371200954,0.025899413155343796,0.0856241899625159,0.025899669005327662,-3.9920296179829506e-07
144,-1.3474525597605642,0.27967976269681283,0.03546036205646483,0.09115620605869754,0.03546155419767461,4.402394357949646e-07
145,-0.22979445929054254,0.5215268795567184,0.028824395735361337,0.08471224061678533,0.028827070388496797,-4.5929054254267854e-07
146,0.40914462558812514,0.6512064688214938,0.023030712564062507,0.0661655430769341,0.023035007650857576,-3.744118748372216e-07
147,-0.5687346041967405,0.30877595756526227,0.02497609567929689,0.07086928162395456,0.024976479708907127,3.958032595008376e-07
148,0.7277425552245543,0.8565341178511279,0.01133130707533203,0.02856856811554387,0.011331663369457774,-4.447754456959885e-07
149,-0.08949973254471266,0.46196792269923215,0.03327138017612298,0.09835041138593123,0.03327336103147239,2.6745528733385093e-07
150,0.45113465407691133,0.6990100557243402,0.025923459417480477,0.07781655865684083,0.02592527750793408,-3.4592308867376076e-07
151,0.7861304256154983,0.891309882757567,0.012291846929628895,0.02680389244665016,0.012292061519522078,4.256154982895666e-07
152,-0.4558670306261643,0.5287114688602887,0.03286063463932614,0.09023408954853973,0.0328618784614259,-3.062616427129683e-08
153,0.4454854214860494,0.6907073461892942,0.031536488691503904,0.08660122379661818,0.03153964383231585,4.2148604939562517e-07
154,-0.27048176788088973,0.38686046093481136,0.028318614329892574,0.09063896246900745,0.02831969296979201,2.3211911026610466e-07
155,-1.4987895841642649,0.2535846858717604,0.03111748401764652,0.09781229534242544,0.03111794068338379,-5.841642649606626e-07
156,0.39277135401047425,0.65614032848797,0.02295497110605471,0.07474697721031058,0.022962115148205963,3.54010474268307e-07
157,-0.32432527110088283,0.29071447183967825,0.02587607637805665,0.07969460044075513,0.025876334596964538,-2.7110088285375866e-07
158,0.6162975683568432,0.8043335134305222,0.023454691437500008,0.061906340338553724,0.02346244405076915,-4.3164315677302056e-07
159,-0.977598344355898,0.300298818977341,0.02796132073009769,0.07820244797273669,0.0279617636505855,-3.4435589801873334e-07
160,0.2906252242235051,0.5927093525534037,0.025318157084687477,0.0739722500469189,0.025319497768298786,2.2422350509643252e-07
161,-0.09224690349102604,0.3971332285415944,0.02898506053468745,0.08911435047336426,0.028987597943202336,9.650897395130364e-08
162,0.3975933753320272,0.6338566024150892,0.02261986168955079,0.06227151100384819,0.02262360493240153,3.753320272359417e-07
163,0.762081771811935,0.8752313550131636,0.018178537982519546,0.04834400618365323,0.018180417021338827,-2.2818806499902422e-07
164,0.7030962817643063,0.8531371247342007,0.011938083075654296,0.033580257151650486,0.011938366328557165,2.8176430622028903e-07
165,0.49500155488230113,0.7381853929898627,0.017248598673242185,0.051082112979904046,0.017251974348085702,5.54882301107007e-07
166,0.7514455637053613,0.8836474594190563,0.011133613202236325,0.027790700177776465,0.011134082417521085,-4.3629463863936735e-07
167,0.6566635961982268,0.8105574126487146,0.01831676170273439,0.054887370006894226,0.018321243670712414,-4.038017732410637e-07
168,-0.5736875076628098,0.28442616789958636,0.020599640768945337,0.06901806138311997,0.020600263435803987,4.923371901277562e-07
169,-0.9013469562080536,0.26609218997783296,0.03286198217500001,0.09542924284052864,0.03286496054956113,4.379194640247164e-08
170,-0.30533956930803385,0.45128751842390297,0.034401158466943395,0.08929922741609282,0.03440226001458022,4.3069196614675676e-07
171,-1.5154687375709108,0.2365629485096609,0.03331697940143553,0.09777959474582289,0.033317570156937856,-7.375709107915185e-07
172,0.24993035752695802,0.5961566297534666,0.030809520911914075,0.08468799238138996,0.03081698068906023,3.5752695801138934e-07
173,0.7066745563617775,0.8567984574957467,0.026088099726269503,0.060604104416706356,0.02609512289196879,-4.4363822260251595e-07
174,0.011324703134036107,0.4147253878462643,0.026179256971103532,0.07476990626216207,0.02618181773903113,-2.9686596389293107e-07
175,0.15398244874910494,0.4643371188595166,0.03274912910583009,0.09030111754279953,0.03275154171343377,-5.512508950700212e-07
176,0.3696923631402803,0.677101227562731,0.018056457707890643,0.06482172936413311,0.018057462226276254,3.631402802906081e-07
177,-0.5622514138566175,0.47479161810550347,0.028240256902177706,0.08513781399127175,0.028241640279670924,-4.1385661753157166e-07
178,-0.3248437645243696,0.4273931243920678,0.03186623495509765,0.08637711899558306,0.0318665962012055,2.354756304390193e-07
179,-0.0808224026835267,0.3253464263953888,0.025098531119130876,0.08452237552987,0.025098917869611274,-4.0268352669015073e-07
180,-0.4968618595716394,0.43067200889082796,0.03505882866399417,0.09816202318155813,0.035060059161280945,1.4042836060657038e-07
181,0.3152808288037352,0.654908657188063,0.02162117853496094,0.06756821594205333,0.021622527329836626,-1.711962647754639e-07
182,0.17686645524913358,0.5589595204370893,0.023001584871005846,0.0659920726255224,0.02300249227723162,4.5524913358518937e-07
183,0.20950369854934792,0.5994733572999035,0.024285910959277367,0.07201386602852694,0.024286856755782554,-3.0145065207931587e-07
184,0.3332435292707816,0.5985202512885568,0.020784692929814438,0.06585392438697715,0.020785012584393622,-4.7072921838253734e-07
185,-0.031800726189803896,0.6420733598860322,0.02529534420490234,0.06940597125709835,0.025296417349756285,2.738101961066719e-07
186,0.41000647422682257,0.6673335767801715,0.018922487179687513,0.05335522275167484,0.018924500275296748,4.742268225887969e-07
187,0.14897897946775507,0.6122270920111837,0.02903433855162106,0.086617288476868,0.029036357656307767,-2.0532244932036647e-08
188,0.5951511497504969,0.780866172492687,0.02347550963642572,0.07459668334043575,0.02348460004601769,1.497504968916985e-07
189,-1.1772165233480552,0.32154200114247394,0.02728554640020514,0.08626341797143602,0.027286367746614953,4.766519448029527e-07
190,-1.681249886775844,0.20955158331210835,0.03441468463383788,0.09767274868436121,0.034415145723486314,1.1322415582881717e-07
191,-1.491184114904812,0.2649412561057587,0.03127810890669926,0.09031216410711707,0.03127862069687469,-1.1490481188758395e-07
192,0.744717989611425,0.8795621311691599,0.0194580242740234,0.05579766166040256,0.01946046421729673,-1.0388575000241929e-08
193,0.5790818749245272,0.7924349203657733,0.016168218611777363,0.0518092560294292,0.016168753158679477,-1.2507547275664166e-07
194,0.36036361929267613,0.6099882534986046,0.020532764010644515,0.06690910599531856,0.020535587756638992,-3.807073238881742e-07
195,0.5915382798217511,0.81353801221857,0.02452079233260744,0.07122444117569404,0.02452310263546917,2.7982175110352614e-07
196,0.6930821557365687,0.8430058439381254,0.01838050467333985,0.0517199882370384,0.018382404531613,1.557365687521184e-07
197,-0.3440697454971462,0.2614563727241718,0.025691055578125007,0.07775026521478315,0.025693638549330915,2.5450285379147175e-07
198,0.607821403408564,0.798922344305912,0.015311013785292949,0.04408613684515413,0.01531148739639322,4.034085641091423e-07
199,-0.27625838495198085,0.4259977127403422,0.023263876840849632,0.07020964203195208,0.023264218903500573,-3.8495198084742555e-07
200,0.647791892372247,0.8191424373027528,0.017426223251494115,0.056523350036873914,0.017427941696389292,-1.076277530431824e-07
201,-0.03320749096192266,0.6276547544003921,0.028070285746289142,0.08217227788747757,0.028076407677831816,-4.909619226584061e-07
202,-0.014548124928940531,0.4948123619854161,0.026313608475292984,0.07830526900830707,0.026318295353129968,-1.249289405310522e-07
203,-0.45792574296453514,0.5418981951970904,0.027385859542900383,0.08120823083487647,0.027387110288400466,2.5703546485678075e-07
204,-0.41429563689882687,0.3089833637140911,0.02327635413180659,0.07831629181410282,0.023276683687516807,-6.368988268445896e-07
205,0.12703017610725864,0.544871411664061,0.019178511462089848,0.06048099604582713,0.01917877641880395,1.7610725863703713e-07
206,-0.07791236003728907,0.2788278319154823,0.03169062106064452,0.0932260187612716,0.0316945958513851,-3.600372890794068e-07
207,0.6860962494911989,0.8336955418709824,0.014150228564091791,0.03372555406568301,0.01415129081106623,2.494911988115689e-07
208,0.43354985092042286,0.6641000578156325,0.023303327765742232,0.0693694393897434,0.023305277546321584,-1.4907957712750886e-07
209,-1.5770887423924203,0.26950318907822207,0.032564782788583956,0.08869282629557805,0.032565345969118,2.576075797122712e-07
210,0.43717919226918,0.7442186261790676,0.025492060174394513,0.07415059462154261,0.025494418740575234,1.922691800215759e-07
211,0.15166142582232234,0.47113707381752995,0.020555460565253897,0.07106242645692755,0.020556513093053636,4.2582232234744666e-07
212,0.6325877248783223,0.7980523601805024,0.013083768562509758,0.041609101864123955,0.013083933058688066,-2.751216777729937e-07
213,-0.22656709321478186,0.4103829753310118,0.03404160956791986,0.10539799865200329,0.034043097422514,-9.32147818655249e-08
214,0.22216315579788137,0.6156606390021079,0.02232403956760742,0.06939718790196632,0.022324934279087036,1.5579788137376482e-07
215,0.442103618298905,0.7121625879684704,0.027865769331542944,0.07766046457422034,0.027868562611507774,-3.8170109500912375e-07
216,0.5324953862741757,0.7367614495277721,0.027131978990722682,0.08018142147379426,0.027140802919003056,3.862741756455179e-07
217,-1.4194524718565082,0.24807576740322151,0.03004591285808591,0.08805693375482468,0.030046744536951317,-4.7185650831060855e-07
218,0.6806955263465936,0.830901651666239,0.013233950293681648,0.034858265792160226,0.013234113263978366,-4.736534063853881e-07
219,0.39965607467478126,0.6747676453783888,0.02438324830289062,0.0662977951474549,0.024384632463145442,7.467478124745242e-08
220,-0.08798764108542878,0.5137839511489757,0.02652055972736329,0.0764520997127933,0.026522447778201032,3.5891457121628445e-07
221,-2.023289759194214,0.263547943036424,0.03480640951403319,0.09464549836629081,0.03480684905248654,2.4080578597818203e-07
222,0.40301178980699115,0.6393555520792145,0.024904049726962828,0.07912479851511077,0.024905582441660926,-2.1019300883162728e-07
223,0.5679001796906005,0.7591458843841647,0.014543471359238298,0.04690162457949709,0.01454396325265562,1.7969060051026275e-07
224,0.7255170307074759,0.8614125456246196,0.01866925173925783,0.054446948714275696,0.01867116603416358,3.070747589539735e-08
225,0.3279372973199832,0.622144601634985,0.03474465925722646,0.09316799099720274,0.034747584131993484,2.9731998324455944e-07
226,0.1875464238310528,0.5014523014439387,0.03255400234083007,0.09112168042231544,0.03255501464910263,4.238310528092981e-07
227,-0.20118009385304414,0.5657621623500133,0.021842080511816377,0.07377169226376729,0.021845532250092406,-9.385304414188944e-08
228,-0.3313216947677875,0.45224482261998145,0.03200624085429689,0.08801991315172339,0.032012774078853896,-6.947677875235314e-07
229,0.3662686248931708,0.6686503678409328,0.019382489650107446,0.06384558946107297,0.019383458342896325,-3.751068292090487e-07
230,-0.1748638881233313,0.5636891021656253,0.024930323330537102,0.07891720456468143,0.024931569519332637,1.1187666867917834e-07
231,0.4533949870765672,0.6773595224243264,0.015875190961767566,0.05702947426735554,0.015875494128934974,-1.292343276837471e-08
232,-0.2034463550364165,0.5668500625056627,0.029114581293261704,0.07148347249252834,0.029119310877941878,-3.5503641651613016e-07
233,-0.9136014310871596,0.3972193429407052,0.02764375830591797,0.08459932016353057,0.027644273565874306,-4.3108715963580124e-07
234,-1.1713479753959088,0.2901962585400284,0.038070770196874985,0.10588688290789153,0.038071548448234765,2.4604091208857426e-08
235,0.17229198481900931,0.6254325373958198,0.02797229596455083,0.07576770017651968,0.027978862905846547,-1.5180990686758378e-08
236,0.49003956921773817,0.704706001863351,0.01687309062656249,0.06203980936976685,0.01687613668485342,-4.3078226180659485e-07
237,0.1919775402579188,0.5008024136568047,0.02314375997822264,0.07666297316327834,0.023146739489025864,-4.5974208121024596e-07
238,0.46724459914641736,0.7086723542870792,0.025487661138769532,0.08220844502458344,0.025494470992410787,-4.0085358266050974e-07
239,0.6492200041830349,0.82963104414968,0.013564205662617198,0.03884176881834651,0.013564782618263974,4.183034918447959e-09
240,-0.642749429563721,0.26513587313086456,0.027700644956591813,0.09071558479442396,0.02770110108873957,-4.295637210383063e-07
241,0.3052679450110425,0.6832593942081954,0.03282998892049814,0.08277280790098435,0.032833154296939275,-5.498895749855848e-08
242,0.7344792585399,0.8655632818788511,0.01651238708974608,0.05002592747082905,0.01651406441501168,2.5853990004431893e-07
243,0.17644163236104926,0.6639690414261255,0.026637407962402312,0.07586724623871258,0.026640964520509413,-3.6763895072677855e-07
244,0.3909770724922341,0.6421163988955779,0.027053035198183587,0.08221034835299465,0.027054530728272814,7.249223410443761e-08
245,0.7094038281394268,0.8433813601281114,0.014730798804755868,0.036404950813439,0.014731218072163103,-1.7186057321705306e-07
246,0.12487974864551399,0.4794021821986924,0.021399375494609338,0.0707348604320607,0.021400976299193044,-2.513544860166528e-07
247,0.4545998078327941,0.6977670925370432,0.025328080336630848,0.07028760886253449,0.02532945228817683,-1.9216720592574177e-07
248,0.32857267487930986,0.6266967738942567,0.03321639778183602,0.08414072019057584,0.0332203198691387,-3.2512069014778433e-07
249,0.17360000033755052,0.5100436935664859,0.02407775644892578,0.07718029237830956,0.02408260665941612,3.3755051531692004e-10
250,0.29777935701132885,0.5891830640376641,0.03164355533589849,0.09369841230676085,0.03164577180702169,3.5701132883314557e-07
251,0.6801433695496415,0.8264578790190551,0.013110048927929673,0.04001785846285277,0.013110341716471503,3.6954964144353397e-07
252,-1.07577352960126,0.48797488954458446,0.03915611175332032,0.10005848898823738,0.039159451102924736,-5.296012599576017e-07
253,-0.009556431410227217,0.5517247390970247,0.024570431651171905,0.0742496409858166,0.024575663546981458,-4.314102272171688e-07
254,0.6977471748641919,0.8467950030531255,0.018194408580761712,0.05261038083506253,0.01819627221930726,1.7486419190415603e-07
255,0.6206384642034952,0.7988167811396129,0.015198669235742165,0.04207562578746705,0.015199114041462375,4.642034951984897e-07
256,0.2740812259473012,0.6484423735600369,0.024485107960097657,0.0747272645483853,0.02448679647604308,2.2594730120228945e-07
257,0.19394948212767738,0.6386647663477647,0.02437168700908202,0.07248114909940871,0.024377540668472787,-5.178723226362258e-07
258,0.21010992851320087,0.5085592753023831,0.027750336449023433,0.08642801767413053,0.02775607808799036,-7.148679911916922e-08
259,0.4482391602742012,0.6890072439604473,0.02679098508560547,0.08015726834913146,0.026792731144048596,1.602742011885816e-07
260,-0.1954263408009176,0.5411200860068192,0.023861846267216828,0.07650979070685678,0.023862515333966768,-3.4080091759758346e-07
261,-0.15486752392105885,0.3149596355938702,0.02810807720134762,0.08635370740297045,0.02810920173835346,4.7607894115841987e-07
262,0.18032614023482907,0.4929691533505822,0.019747612437402296,0.07019038061060376,0.01974960991097373,1.4023482908243068e-07
263,-0.9989526393753114,0.1952735271925393,0.023800570715732425,0.07975135899184077,0.023801173924353953,3.606246885556885e-07
264,-0.9012596866549651,0.2099702656303374,0.0285937992828418,0.08038231103231522,0.028596336598898948,3.1334503480806575e-07
265,0.3568013087675742,0.6251073801520156,0.019573443913740215,0.06398053349786324,0.01957477152798862,3.0876757423081713e-07
266,-0.2577747278788405,0.587877644029478,0.030342299632802765,0.08727644408948236,0.030344268059706386,2.721211594947093e-07
267,0.6252692839922833,0.790906241555008,0.011664654245839852,0.03857625006014206,0.011664748844701686,2.839922833564046e-07
268,0.14386423929737757,0.41257649601084057,0.028065726964619137,0.08097735753812764,0.028067821856183416,2.392973775799945e-07
269,-0.19351059787237146,0.4213041919455479,0.02076411172078125,0.06527913428111187,0.020764979342044246,4.0212762852931405e-07
270,0.8884695172022655,0.9432988049042667,0.008042296032578127,0.018191604323648008,0.008042589295060978,-4.827977344579182e-07
271,-0.21843004206184524,0.2529499323985849,0.017426202106104446,0.06256052205720916,0.017426296607516843,-4.2061845229035555e-08
272,-0.9233701687820968,0.3526501760437864,0.027062174521914065,0.07927055555071222,0.027063145157311754,-1.6878209674331401e-07
273,0.6595751084826914,0.8256182742606653,0.01952674046818353,0.05661500423737356,0.01952863864443889,1.0848269138552524e-07
274,0.44358282256250403,0.6836827760407722,0.02041253025513671,0.06692244826211811,0.020413495630575113,-1.7743749597398661e-07
275,-0.9494472602187176,0.38730695363668305,0.03301307432927734,0.09123566978405162,0.03301390082238025,-2.602187175737569e-07
276,0.533834484003377,0.746955239466669,0.024909811653515617,0.07493619554006219,0.02491452868385954,-5.15996622985071e-07
277,0.08784895293976791,0.5144916057399374,0.025981631570917967,0.08521989112507222,0.025982424023678244,-4.706023208622678e-08
278,-0.46438560551550223,0.2970128945342022,0.033228961716171866,0.1000885196042726,0.033229624542175866,3.9448449778989314e-07
279,0.028586988218319953,0.3573538770196265,0.03455079909990233,0.10905804943510147,0.03455177500096652,-1.1781680048228438e-08
280,0.09399094297543342,0.6510476879384803,0.025589628133447256,0.0771393822494451,0.025591143764074367,-5.7024566582630776e-08
281,0.535620215061958,0.7922061582111333,0.024266124439453123,0.0740058117395345,0.024267885925651787,2.1506195801990202e-07
282,0.44839038106427487,0.7662913757418258,0.031335852662597634,0.0930224008132888,0.03134756263866399,3.8106427485695704e-07
283,-1.32139677411547,0.2985025524833257,0.028841863032099638,0.08765745735453148,0.028844255604548195,2.2588452996963326e-07
284,-1.7012243499902429,0.2754241420192018,0.028232198739941403,0.09070278745724143,0.02823364549800345,-3.49990242787257e-07
285,0.06285746337271092,0.4272433734985345,0.020822581967382774,0.07056171937186866,0.02082550914471928,-5.366272890772184e-07
286,-0.7605333794653688,0.348327520680423,0.022405315520019533,0.07572860196833542,0.022405564854970684,-3.7946536879385206e-07
287,0.8896791057044743,0.9465234756711198,0.011337745947675776,0.030808506145784634,0.011338879440573274,1.0570447428470686e-07
288,0.11271403342166353,0.5532337984332841,0.03498771812539062,0.09546914366893691,0.03498937324030918,3.342166353392795e-08
289,0.6965750201649548,0.8584778801588516,0.024153692019628942,0.07026047429897045,0.024156411869757515,2.016495470602564e-08
290,0.14248743819769727,0.6204919236221311,0.029685899667197254,0.08577046534012213,0.029688055389337924,-5.618023027342822e-07
291,-0.0001549496882462531,0.5070045650257913,0.022165144044052756,0.07066488087973538,0.02216597244717787,5.0311753746896644e-08
292,-2.049043408733497,0.20091805507975083,0.039201478653193324,0.11007396231983349,0.039203326122089856,-4.0873349682613025e-07
293,-0.5353887045682386,0.5294756119801852,0.033741730730459066,0.0972146384158963,0.03374360646026933,-7.045682386408458e-07
294,0.22881010030126037,0.6414640654589688,0.022328212067402365,0.06684360495126757,0.0223292647915323,1.0030126035287523e-07
295,-0.860549433100581,0.21791861015418607,0.023875682681337884,0.08319798430448504,0.02387608097471912,-4.3310058095435977e-07
296,0.024201913009927245,0.5477496317372507,0.02971017474862301,0.08089204019075133,0.029712751475869062,-8.699007275625448e-08
297,0.7576240606396747,0.8719307622001987,0.019017631419726504,0.05556367128447422,0.019020132810648804,6.063967472602627e-08
298,-0.254550734988779,0.2823169176686458,0.030678767645712885,0.08854914608231436,0.03067948832131291,2.6501122102340346e-07
299,0.11322645465266468,0.5122408018426834,0.029184681302226546,0.08034528099432138,0.029185723213866418,4.546526646831417e-07
300,0.08583448532833993,0.5125610419204233,0.03395947110442379,0.08491905656261191,0.03396209500909177,-5.146716600679113e-07
301,0.41044975670700456,0.7112630843802139,0.03727047300000001,0.10700300425672883,0.037279426045598835,-2.4329299541658855e-07
302,0.23750791907285196,0.6112726275960677,0.03520283280489263,0.10208665576780873,0.03520616927137459,-8.092714803842327e-08
303,0.2976491302886626,0.6611159663333402,0.01877663313256838,0.059160513899394855,0.018777545792273007,1.3028866258091298e-07
304,-0.45730974835457916,0.2389948064016903,0.023408273909160122,0.07092901004784719,0.02340949147075528,2.5164542083455643e-07
305,-1.9033826629071204,0.2788465011506726,0.02898434236401367,0.09354096267637657,0.02898485794086975,3.370928796098127e-07
306,0.26094824081392864,0.6087087921477387,0.023799093353281217,0.08051127646328216,0.023800462020746146,2.408139286314004e-07
307,0.17074762470170746,0.5832875641477123,0.02445575362353515,0.07281709107498666,0.024457089963088437,-3.75298292554227e-07
308,0.05765998637553327,0.4431170714204965,0.022816554972509766,0.0768057919207069,0.02281689431654232,-1.362446673536244e-08
309,0.6277320030743488,0.8024857976420088,0.016744012381953145,0.057672798852263465,0.016745584529267308,3.0743488865780932e-09
310,0.7684927121467537,0.8770271238507422,0.01875263602373045,0.05286684701502995,0.018757063716778995,-2.8785324623914477e-07
311,0.12314610226802336,0.5512036286876962,0.02251123377826171,0.07078599142114257,0.02251231232536049,1.0226802335533414e-07
312,-0.3773158040700235,0.456900233433741,0.03123005563701176,0.09059806245075537,0.031233275419154823,1.959299764653366e-07
313,-0.10762983081369293,0.4323732976256149,0.021977674781494195,0.06568619717676184,0.021978001668664652,1.6918630707518645e-07
314,-0.043197129004312496,0.5173074263228848,0.0300853864232422,0.08622345455318671,0.030089739349367227,-1.2900431249629474e-07
315,0.5712135763978985,0.7821776835408394,0.026010389295996052,0.07384953624896108,0.026018095848180853,5.763978985218188e-07
316,0.07993850289438365,0.4475838122475149,0.016133321884999993,0.059056958668154545,0.016133618207454875,-4.97105616351079e-07
317,-0.20876916418114821,0.564563125902404,0.026881587093115295,0.08058455112456726,0.026884092719591583,-1.641811482044897e-07
318,0.11172269818300462,0.550949392944061,0.024626573559648434,0.07240701123589414,0.02462758765351938,-3.018169953822314e-07
319,0.20960894065841817,0.47075458860506564,0.017980245653496072,0.06793577208993289,0.01798117251443092,-5.934158181508664e-08
320,0.5767762462756617,0.7945833815056866,0.01731669459793943,0.04345551491995615,0.017317884359627722,2.462756617527262e-07
321,0.8606426883765215,0.928405911287519,0.007785888287617193,0.020931470431959445,0.007785999307869883,-3.11623478577161e-07
322,-2.808879795854618,0.23403875890783707,0.035213312272753976,0.10919817236220994,0.03521392814956746,2.0414538193236353e-07
323,0.627012849568286,0.8021019269536357,0.023517202143964813,0.06697134998170697,0.023519454724444937,-1.5043171408546385e-07
324,0.08799300364014617,0.5750414568220554,0.027273177849277335,0.07941137100225486,0.027274471203883585,3.6401461706025984e-09
325,-0.10965067137986417,0.4935373723562986,0.02890103109786133,0.08409597974964343,0.02890244056757317,3.286201358254637e-07
326,0.3916371094584269,0.6346946510583216,0.03268797040908206,0.08598655375893959,0.032693327168237245,1.0945842687792862e-07
327,-1.2075940316512694,0.315258543161131,0.02709925587866209,0.08652891001750322,0.02709960038233195,-3.165126938320384e-08
328,0.13112229469637438,0.5927062567724168,0.03406081536015625,0.09632844893580214,0.034063478378515914,2.94696374386616e-07
329,-0.6522966601301141,0.3130486063781829,0.02479361697199219,0.0748783486287767,0.024794340982121358,-6.601301141273552e-07
330,0.359909180605563,0.6732340955905004,0.024791888794931622,0.07507379142167411,0.024793435728791835,1.806055630049208e-07
331,-2.4532958553214352,0.24847471454566858,0.028823972292890607,0.10023277314623762,0.02882442100524659,1.4467856468414197e-07
332,0.45670857765094697,0.6988204915186703,0.018700714710742153,0.062426152968945416,0.018703617080059423,-4.2234905300864156e-07
333,-1.088231846182647,0.2548916690211208,0.04189555955075188,0.11582232694333998,0.04189631008921112,1.5381735307684608e-07
334,0.14820924904568744,0.6207692315524271,0.02391368362035153,0.0700744988647718,0.023914633495962644,2.4904568743377986e-07
335,0.07811074717286204,0.5397803539057459,0.01909161418297851,0.06294172751998625,0.019091915922691063,-2.528271379614866e-07
336,0.4086655133589534,0.6908614762103568,0.01578067901177734,0.057768883046844945,0.015781126821135107,5.133589534023209e-07
337,-1.694375024467722,0.3353995918708276,0.03260774480237304,0.0972849788116497,0.03260826413234833,-2.4467722070653508e-08
338,0.2083094517149855,0.6015382775889724,0.021787567881533233,0.07122902454346458,0.02178852473897757,4.5171498549989586e-07
339,-0.8766620566313641,0.46825153749085036,0.029369964300146465,0.08385458579970165,0.02937027955397203,-5.663136404265856e-08
340,0.11894989862749872,0.6207594610833795,0.027164573923925794,0.0779788665002972,0.02716616778445098,-1.013725012821709e-07
341,0.08443288554790751,0.5350748246602994,0.023668942737539053,0.07351196516267276,0.023669932812720017,-1.1445209248395205e-07
342,-0.6624433744788032,0.3028062063505765,0.022042352519824223,0.08064713593311673,0.022042919991874778,-3.744788031889712e-07
343,0.4665635872930459,0.7142594970549613,0.01804505964997072,0.06139080314394302,0.018046466549074054,-4.127069540560413e-07
344,0.058857757109613495,0.5401181541037522,0.02606899782631837,0.08110381746135677,0.026070156457589186,-2.428903865051013e-07
345,-0.0712766584941813,0.5841378848121092,0.021196510405693366,0.06991302519573134,0.021198289149896275,3.4150581869341057e-07
346,0.15222878463872513,0.57181795286864,0.0226014961659375,0.07264681414722562,0.022602684880464033,-2.1536127486898593e-07
347,0.4002024556947317,0.6504835928408447,0.027298297582324233,0.08114219483361318,0.027303663361046372,4.556947316713966e-07
348,0.26595673181047685,0.6898566460499859,0.017941887797353513,0.0582470687473774,0.0179425897941816,-2.6818952314489053e-07
349,-0.4331061205598048,0.34533657875052737,0.029785912218271555,0.08813684050015551,0.02978666249336457,-1.2055980480596418e-07
350,0.45796154978169135,0.7033767525483595,0.015567273293164067,0.059601742408933345,0.0155677885850981,-4.502183086341205e-07
351,-1.3526430326601155,0.34324518198196563,0.026251054345009798,0.08615213357197413,0.026251429609721096,-3.266011550095982e-08
352,-0.14759192086673045,0.5721360062874558,0.028385834533593713,0.08020970535605794,0.028388957563070687,7.913326954822608e-08
353,0.4883996433981197,0.712481823584785,0.026530544444042913,0.07439308411475734,0.026536603570619134,-3.566018803025095e-07
354,0.11089939844763586,0.6245816905806588,0.03111726056223631,0.0847647979988217,0.031119685433643438,-6.015523641433873e-07
355,-0.5726084202877328,0.38917601565780724,0.032944950089312496,0.09830849016075219,0.032945275481067925,-4.2028773283853127e-07
356,-0.6505126240498684,0.3397240976018052,0.031107328999179677,0.09086299449257058,0.03110788622510218,3.759501315814262e-07
357,-0.1239642411410895,0.48291512636224593,0.02251599146140627,0.07466414429095153,0.022516941625004217,-2.411410894992416e-07
358,0.16005362513814647,0.6812513067762362,0.017961905830175772,0.060349074886692486,0.017962532785438846,-3.748618535304171e-07
359,0.17997216909579972,0.5702446041605284,0.022391338062236334,0.06493141995875909,0.022392835072525166,1.6909579972357314e-07
360,0.05075357250940005,0.5657880137804523,0.025810473970361358,0.07183188545781487,0.025812544409003428,-4.274905999537837e-07
361,0.5224876515326091,0.741587107733537,0.019326550897763663,0.059937664271380475,0.01932702916462064,-3.4846739083160827e-07
362,0.48341059565785294,0.7058203867889445,0.03162206500322273,0.08713299414251668,0.03163055262868207,-4.0434214704232474e-07
363,0.6474262029366045,0.814632477758395,0.025381399392285158,0.06107677588204414,0.02538800202966261,2.029366045208647e-07
364,-0.30870565606865696,0.42712556955457454,0.030753303838613313,0.0924918256970847,0.030754020573364384,3.439313430164681e-07
365,-0.10197133386001056,0.5264583669859855,0.026707585728066387,0.08748686321345851,0.026709325759977483,-3.3386001055402126e-07
366,-0.6670275258223635,0.387109271881976,0.029987437240751955,0.0911129783226555,0.02998833466655717,4.7417763648915923e-07
367,0.07996808133538924,0.5501000115130469,0.02665782992955078,0.07849367380616805,0.026658854538632003,8.133538924315342e-08
368,-1.1305995206917454,0.332572985112539,0.03260021950226555,0.08912326320060103,0.032600680105538515,-5.206917454980697e-07
369,-0.6765560968067668,0.4864125879588181,0.031025915666728517,0.08798640961472404,0.031026888698192562,-9.680676671397492e-08
370,0.7358376690025439,0.8599877727765387,0.0174506295622754,0.05049099288715038,0.017452338296633795,-3.3099745611053777e-07
371,0.40583998428434354,0.6509553486637654,0.021086987474384814,0.0736790395923963,0.021088343194622074,-1.571565644287176e-08
372,-1.6914513663756714,0.2651411837125398,0.03560364396563471,0.10297005669550427,0.03560436515733007,-3.6637567135677784e-07
373,0.23870319161316578,0.5479312735359321,0.0358747492091992,0.09926164706534826,0.035876985973164174,1.9161316577864795e-07
374,0.6555776770363227,0.8159168043498249,0.01923855071269531,0.05298533595244985,0.019241641882463727,-3.229636772461575e-07
375,0.19760167227097492,0.5237216083608275,0.025121757003027302,0.07630464336365139,0.025125841331652382,-3.277290250847109e-07
376,0.47533711272623547,0.7039641407677018,0.022908321586728536,0.0737909926510517,0.022910307967475983,1.1272623545721672e-07
377,0.4981939723878882,0.7400060822579368,0.0229116802885742,0.059649856636536776,0.02291451954419865,-2.7612111819230734e-08
378,0.07243802831194301,0.6358385408724425,0.03101530781862307,0.08554049218501593,0.03101773673632042,2.8311943012226948e-08
379,0.8565409481443714,0.9268338893156313,0.007389584873535151,0.02194206343207481,0.007389684037035387,-5.1855628568908685e-08
380,0.4105972208840377,0.6710933385670429,0.016568480752578142,0.05391814022615852,0.016568934478268165,2.208840377271315e-07
381,0.13475099290423764,0.5871694679586666,0.026255539215791004,0.0737149874418928,0.02625791556318879,-7.095762366571279e-09
382,-0.05979718438348414,0.5156384019592832,0.027089471886386725,0.07848641207037,0.027089841686564805,-1.8438348413363226e-07
383,0.0354794526084834,0.34848289065537885,0.030585901447265595,0.09806443522406506,0.030588301393769394,-5.473915166004373e-07
384,-0.968185376953332,0.35526400185116075,0.033277499594814415,0.09777416608797398,0.03327801859479906,6.230466680356983e-07
385,-0.44984856076985746,0.3148650247504611,0.02339437287208983,0.07532716328473726,0.023394719178971,-5.607698574383591e-07
386,0.47592722949506605,0.699925359502297,0.02601791352457027,0.07815488452643578,0.026020228864120924,2.2949506606195769e-07
387,0.3390569490612745,0.627005648879748,0.02658408020107424,0.07826917048636256,0.026588812331654558,-5.0938725515425887e-08
388,-0.8991547576741055,0.35748375732730137,0.03230837189242185,0.08287812317231898,0.0323089847444297,2.423258945727369e-07
389,-0.5552582461724778,0.41460046484154034,0.02610344300391604,0.08773436879943655,0.026104283163482546,-2.4617247773583983e-07
390,0.5564308587543,0.7581040931340025,0.017596389545185553,0.057887325345139615,0.017597562176162748,-1.4124570002493897e-07
391,0.44798975693479126,0.6999063107182494,0.018075604837597632,0.06303143143825919,0.018078736687661107,-2.4306520873818016e-07
392,-0.9271798730431808,0.22542694968489813,0.04018921492119141,0.10356183778200669,0.04019189117422792,1.2695681916863322e-07
393,0.22274972721223618,0.557242931004564,0.024617832472412147,0.07229028861860085,0.024619068506967042,-2.727877638220022e-07
394,0.05044143656683986,0.5535881422158194,0.027738557972587934,0.07989939656185054,0.0277397938841523,4.365668398592648e-07
395,0.6710412627407114,0.8271453438718163,0.013634382807187494,0.04078352557108449,0.013634846286154816,2.6274071140974797e-07
396,0.05894400988497683,0.6556551856277519,0.024059144929960957,0.0696330688645455,0.02405998910956585,9.884976830132342e-09
397,0.33857750492332095,0.6980179362368123,0.023957223011767566,0.06391937924463958,0.02395870491924069,-4.950766790412509e-07
398,0.42112340202929355,0.6536984289556488,0.01698895300444332,0.05798526821125659,0.0169892181901694,4.0202929352251005e-07
399,0.2601889174673685,0.6318145555717223,0.020577549625683575,0.06691916887962542,0.020581462750382255,-8.253263150681533e-08
400,-0.3711294582979259,0.6116845669268329,0.030299597351640638,0.0828120207401794,0.030301881336553173,5.417020741416145e-07
401,-0.5793268732933905,0.5421576319198896,0.030178366010322245,0.08952383217254,0.030179844261345946,1.2670660953784108e-07
402,0.2663375098358347,0.5529466614404402,0.02881622522617189,0.08469991680457539,0.02881967750652072,5.098358347166432e-07
403,-1.0309852073512258,0.23317511288693,0.02754535617208002,0.08630070087016961,0.027546170119536872,-2.0735122574500053e-07
404,-1.370339267598717,0.27960951255964206,0.02712832459286133,0.08707222407377144,0.027128822016090286,-2.6759871696313553e-07
405,0.367264611148699,0.6265173071439232,0.020369017717675752,0.06593374916617771,0.020372982860397414,-3.8885130099197696e-07
406,0.12627641114440824,0.6171197025106311,0.030738196350625007,0.0808474090528748,0.030739989347805287,4.11144408241082e-07
407,-0.5457417482098097,0.28734788526066823,0.02974592952302732,0.08483944661938575,0.02974664915812828,2.5179019025323157e-07
408,0.4974133699789556,0.7250848673550269,0.030786908179394543,0.08484449458185421,0.03079028774600977,3.699789555833277e-07
409,0.28894474924639535,0.5657080112034886,0.030519802777832047,0.08311474528674839,0.03052348866001928,-2.507536046580938e-07
410,0.24027237699889925,0.6192616896401,0.020187965291113236,0.0669987773759723,0.02019077533823278,3.7699889923747953e-07
411,0.1725103863132298,0.6060251328590495,0.030022365392382858,0.07821090147365657,0.030028627754598015,3.863132297943217e-07
412,-0.4263987105150331,0.6266104451411593,0.026757301395585922,0.07919843151707415,0.026758207617141202,2.8948496688663283e-07
413,-0.1665982158048822,0.6315643681540402,0.02657654451501956,0.07944454181474282,0.0265778937263794,-2.1580488221428773e-07
414,-0.9348170575028067,0.3445919152150166,0.0319056356186914,0.09508813465768913,0.03190630692962264,-5.750280673844088e-08
415,-0.3306732247568407,0.4043591444952963,0.029301483420800776,0.0954043475274751,0.029302121870376167,-2.247568406943401e-07
416,-1.4178099438734666,0.28583466842620237,0.027663380637138694,0.0872799067213103,0.02766456681242978,5.612653342090823e-08
417,0.3429659146195052,0.6069885676865624,0.027040735388964857,0.09018369076270177,0.02704557776443569,-8.53804947853476e-08
418,-1.6507624242869219,0.26664864065953525,0.027725544278779265,0.09144553649198543,0.027726088996891392,5.75713078099227e-07
419,-0.779934582863729,0.1845140706510143,0.026582602165595704,0.07963163824964845,0.026583835961830123,4.171362710803095e-07
420,0.04598884128915337,0.6365766959558201,0.022405820688769555,0.06913638398501877,0.022408255161945206,-1.5871084663166002e-07
421,-0.4686775640672751,0.44225143934176114,0.027943679804306624,0.08339412298653145,0.02794414756614324,4.359327248626421e-07
422,-0.1160347132382844,0.4747041018841251,0.022134556124443382,0.0667056215431841,0.02213495879586656,2.86761715595496e-07
423,-0.1359370809700291,0.567419218442454,0.030372643808095675,0.08065778982567105,0.030373968350336438,-8.097002909823736e-08
424,-0.1948850115940628,0.5671183153717136,0.028072415171748036,0.08439007037259523,0.028073830309525604,-1.1594062793163218e-08
425,0.23886896715223793,0.6860462698207545,0.019886928466435527,0.06300537277622419,0.019887561048982993,-3.284776206591289e-08
426,0.42991063816599484,0.7235697899648039,0.025600351056250033,0.07664646827039925,0.02560665355018971,-3.6183400514699926e-07
427,0.2537646331275678,0.5274842504907322,0.03678737265810543,0.10280241548821387,0.036790739083209296,-3.668724322114514e-07
428,0.29345387898822894,0.5553753778401544,0.023821000232910183,0.07402341398244183,0.023825572670038007,-1.2101177104817396e-07
429,0.5411786767847029,0.7517897055419668,0.0226260998361035,0.07840771224349964,0.02262776529823536,-3.232152970822355e-07
430,0.14280068830047177,0.5777763084886328,0.02722725382974608,0.07848512067215513,0.027228692565815706,-3.1169952824372515e-07
431,0.3676453651824042,0.6475324006206946,0.03363619346207034,0.09854580223446971,0.03363841199708289,3.6518240420502224e-07
432,-0.5518216089890666,0.22442400875908317,0.03138479149809572,0.10210735962210174,0.031386235501581004,3.9101093340931925e-07
433,0.52090701539406,0.739586798417209,0.02607803126814454,0.08176209851181367,0.026080284048654687,1.5394060026707734e-08
434,0.39814667894237643,0.658390393579927,0.02858192340781248,0.08481781653884746,0.028587963381234184,-3.2105762354239786e-07
435,0.2891551397563382,0.547913609412589,0.01916517211416016,0.06762437890577393,0.019168231315957608,1.3975633822438382e-07
436,-0.8578853654260827,0.3553345195723023,0.030786063566113266,0.08380253894917683,0.030789268162406437,6.345739173019282e-07
437,0.49427941815210075,0.7171048899148866,0.022610732277539066,0.07240986741698496,0.0226129114440162,4.1815210072293496e-07
438,0.3661636000899402,0.6312338385163939,0.02732246640244142,0.07254129057707377,0.027327702857612657,-3.999100597895655e-07
439,0.503861086643265,0.7227169248050613,0.027425869043818312,0.08072841759409574,0.027428567634164992,8.66432650070692e-08
440,0.6156363303771121,0.7901159803531072,0.01512393627222654,0.04404156717475951,0.015124314934708536,3.303771121121457e-07
441,-0.2864571764566497,0.5461162948431277,0.022656408797792932,0.06765501506796441,0.022656921982513494,-1.7645664968091168e-07
442,0.16795441750297702,0.5290995054261568,0.014590394513583961,0.05564011144736424,0.01459063546961208,4.175029770236982e-07
443,-0.28544263871814035,0.3347877334962838,0.024227533478564465,0.07204099297639338,0.02422820384752531,3.612818596510081e-07
444,0.3661133450280093,0.6209116474227739,0.025430340364990263,0.09042178371497603,0.0254319994873457,3.45028009274273e-07
445,0.06582481509004778,0.5407461861199879,0.024823137860429716,0.07343562453725844,0.024825078935337676,-1.8490995221109863e-07
446,-0.14481852307499832,0.49535559767406345,0.027546539053339845,0.07600920428439552,0.027548411195981455,4.76925001685613e-07
447,0.3443261480986062,0.6153757328634989,0.03345436859003904,0.10304037763559555,0.03346144774411595,1.4809860615638826e-07
448,0.7055335305114006,0.8636209416660254,0.022415775646093754,0.0653744657584207,0.022418918726935758,-4.6948859944162535e-07
449,0.6727669101531948,0.8483288882094657,0.01521977502933593,0.036752919643182974,0.01522033476749683,-8.984680521795241e-08
450,0.5173780278187134,0.7322376658302392,0.021723790336699203,0.06396123590580494,0.021725222473140984,2.7818713443927834e-08
451,0.3664352615238381,0.6578103863173925,0.019439558788183573,0.05612415523715848,0.019442443696864202,2.615238380854201e-07
452,0.39053392984068325,0.6753097626746657,0.030171464694238335,0.08524255682565102,0.03017456908709804,-7.01593167451442e-08
453,0.2523337755014894,0.5653409601199403,0.029542786073730436,0.09507759979062363,0.029548437295098748,-2.244985106147901e-07
454,-1.5971805200518578,0.28542389634562526,0.027569541928183564,0.0895396501051237,0.02757096573944928,4.799481421180474e-07
455,-0.12495072088097547,0.595924623407853,0.03314625333359369,0.08098023823220518,0.03315284024598285,2.7911902453214843e-07
456,0.5084318056848943,0.7282645441374482,0.02032830913077153,0.06079174980984526,0.020328836967193786,-1.9431510567269328e-07
457,-0.4765153015915009,0.5214295417374343,0.032396122801581995,0.09239638639485759,0.03239796926681993,-3.015915008841574e-07
458,0.4495523544279182,0.6723216327112452,0.017554138206894523,0.059294431479654616,0.01755434887698648,3.544279181810772e-07
459,-2.3054881702932777,0.38824625975608223,0.03884827997070314,0.10338641639343163,0.038848933700746505,-1.7029327770146097e-07
460,0.37757068802356075,0.633510230597742,0.02854756173030274,0.08776028675244099,0.0285502024858497,-3.119764392378599e-07
461,0.07126257582122086,0.5418964092143452,0.030535436147568353,0.08370471808720797,0.030536935519347323,-4.241787791431362e-07
462,0.6723254842652415,0.8564864279845706,0.02279264206958985,0.06686617229416414,0.02279486742353694,4.842652415737447e-07
463,-0.08690066815350317,0.3191903293844859,0.030566125744374974,0.09123508759324915,0.030566574972157368,3.318464968371515e-07
464,-1.2479509220174179,0.196557752032095,0.03128703223063474,0.08306478086024645,0.03128741847193853,7.798258216951126e-08
465,0.5414169620375207,0.7390375785845831,0.015408369087724588,0.06008387685707046,0.015409034288030284,-3.796247938225861e-08
466,-0.7789251744433381,0.3063382254847823,0.030366355709462892,0.0904644842623693,0.03036679786340117,-1.7444333810789914e-07
467,0.03165837351926648,0.4634436592308053,0.0255204745543164,0.07169064473451106,0.025521228276068834,3.7351926648193645e-07
468,0.31360510732885116,0.6006541410551802,0.029949131631835966,0.09145990277245605,0.02995140653341251,1.0732885113995394e-07
469,-0.03175706494887054,0.5436125204600692,0.033202044541474636,0.09486913831221251,0.033203842862932244,-6.49488705387058e-08
470,-1.5156891425905776,0.1770415321722679,0.026424824794850633,0.09344512468002811,0.02642505509028917,-1.4259057756760285e-07
471,-0.20710193841125268,0.19058102546740258,0.020765052503869143,0.08053993685876491,0.020765174122628384,6.158874732431485e-08
472,0.4738003950622328,0.7290932937203799,0.025342503149843754,0.07303186802872434,0.02534487507608297,3.9506223281637887e-07
473,-0.5606179860306462,0.22477244767348373,0.03337469280832034,0.09558046707541258,0.033377444549987985,1.3969353784837324e-08
474,-0.6472575919890828,0.23475767461767494,0.02993492476079103,0.0969488702594033,0.02993549102473022,-5.919890828653962e-07
475,-0.32756904875520343,0.45906668617813057,0.029093997218173826,0.09273168319833648,0.029096088290609796,-4.875520343006201e-08
476,0.6777794619388213,0.8344555129427141,0.013733900392832031,0.04334733278069807,0.013734330185621514,4.619388213056297e-07
477,0.6361810978514806,0.8150373977558523,0.021746721771875,0.05581067989325771,0.021754055644866172,9.785148058494286e-08
478,-0.14905717366443327,0.4321117883285603,0.02425291802253906,0.07862380703293471,0.024253834005203555,-1.7366443327837544e-07
479,-1.8435985954168381,0.23777996446533736,0.03796063617355471,0.10896467392047382,0.037961313119809756,4.045831618615381e-07
480,-0.03236229779142996,0.43113865796577616,0.02727943889898437,0.08388207711531785,0.027280387336296206,-2.9779142995955965e-07
481,0.2779628939598544,0.6168092157934816,0.024478523290917965,0.07925032112697374,0.02447985809655164,-1.0604014560877673e-07
482,0.10542333107821034,0.5847434655520155,0.02066257145261714,0.06635732479434721,0.020663051265404592,3.31078210333291e-07
483,-1.3212263705582767,0.15510993882944926,0.033639411302255826,0.08652640489484067,0.033641651094756746,-3.705582767299376e-07
484,0.3025422616340705,0.5990845969596741,0.023786112754423796,0.06931219090904962,0.023787153109352185,2.6163407051971177e-07
485,-0.05622951852263758,0.3119245869030173,0.021196021214023385,0.0644462721000075,0.021196414625625794,4.814773624239876e-07
486,-0.46191671667122525,0.3036072231206527,0.030101241902958965,0.08007004067206351,0.03010236010840637,2.833287747749935e-07
487,0.3162940586559788,0.5820595805457947,0.017111840039062493,0.064397409085207,0.01711518348330988,5.8655978796284813e-08
488,0.09569509672927312,0.6338715475231826,0.029588668956914047,0.07989883770366268,0.02959057439283172,9.672927311910051e-08
489,-0.5156649436400513,0.28124775106373284,0.026009385764326137,0.07292526787893472,0.026010754426814397,5.635994870800687e-08
490,0.29577547177872676,0.578067392226368,0.033377230831269554,0.09722869642547556,0.03337968021317718,4.717787267516371e-07
491,-1.03492503579425,0.25670641618234713,0.026422588350341863,0.08303272867972825,0.026423818306682778,-3.579425000843628e-08
492,0.25836260762583074,0.6727727728062609,0.019829723119287095,0.057691307326728475,0.01983023473537722,-3.923741692668514e-07
493,0.1530679852141258,0.5136510683879467,0.01754880484218752,0.07156292119415834,0.01754905614414503,-1.4785874219436224e-08
494,-0.27673027571664766,0.556878963380663,0.027283464578125,0.08406627348809481,0.027286440309058833,-2.757166476796691e-07
495,-0.5829404193460692,0.43658127842659816,0.028130478549072278,0.08676629160874876,0.028133114559450983,5.806539308261804e-07
496,0.5416398027572227,0.7434546246505658,0.025930368064863315,0.07080788775535182,0.025931701521188497,-1.9724277733335072e-07
497,0.23363795140742794,0.5905800340448033,0.027529220663212877,0.07910670853149813,0.0275302831256644,-4.859257207723289e-08
498,-1.7346306479823719,0.2389856903982254,0.036072108328232426,0.10793425200512329,0.036072778976384945,3.5201762815795234e-07
499,0.6333132595295173,0.8039538524547639,0.014932117773828121,0.040749955656272416,0.014933674549665224,2.59529517321333e-07
500,-0.13171460497587661,0.4172131912479199,0.020297330064326182,0.06520633859906864,0.020297684430028964,3.950241233841023e-07
501,-0.4678919111851485,0.3809418155274957,0.03314770179345703,0.09491972206815087,0.033151663669218144,8.881485147327339e-08
502,-1.458140510750653,0.22958469637648546,0.03175956106126953,0.09271293054510842,0.03176243388511487,4.892493468133807e-07
503,0.4669413119809894,0.6991111351618015,0.025281887539941445,0.07421763448334567,0.025289162976709297,3.1198098943141517e-07
504,0.023653915626657418,0.47712627218893855,0.0280419842470996,0.07998657688630617,0.028042900093723892,-8.437334258343254e-08
505,-2.2685134572392958,0.2421268243514372,0.031797831387412115,0.10036958867378508,0.03179840186282493,5.427607043806404e-07
506,0.6689724319902169,0.8261568930554781,0.022975168392382787,0.0667864437566434,0.022977636172125563,4.319902169314105e-07
507,-0.06703946043942288,0.5989756022166877,0.024366845637011754,0.0748503859599913,0.024369356177832938,-4.604394228807651e-07
508,0.21195129437968474,0.6607577212439945,0.028155395235839823,0.07823289942061096,0.028159421467105244,2.943796847398872e-07
509,0.04228717197405152,0.5039211628646675,0.022708832649355467,0.07171357074218904,0.022709298712065843,1.7197405152019618e-07
510,-0.17434586034499855,0.3664130189457917,0.04198660280305663,0.11739308960900523,0.04198812190601491,1.39655001452077e-07
511,0.4142100159680818,0.6593234598811176,0.028751285007441393,0.09223710962895282,0.028753342735238635,1.59680818012653e-08
512,0.3569159520275267,0.6262423470137467,0.030072584401689487,0.09511948723256286,0.030075226072404652,-4.797247332710697e-08
513,0.1666712561997733,0.5956172392631933,0.017756292018906234,0.05813129312840602,0.01775658840992675,2.5619977328528165e-07
514,0.6629411056592089,0.8191058418274105,0.021070021078124983,0.05809704665983377,0.021072314641531354,1.0565920893768066e-07
515,0.4021899374243977,0.66480292950571,0.02222682853242185,0.060331814251126076,0.022228572842320216,-6.257560231093251e-08
516,0.605147468531372,0.827086488974861,0.01863289553846683,0.057423711319110955,0.018634719829087827,4.685313720331763e-07
517,0.33566347562859167,0.617182583668556,0.026227105166826227,0.07720146734562218,0.026228020324091182,4.756285916784897e-07
518,-0.33110722521618907,0.3791322496994183,0.028634403952148467,0.08213041314315128,0.028639271365288696,-2.2521618908699637e-07
519,-0.8264856648663614,0.34727708206137736,0.02454702688288086,0.07631878295230787,0.02454757812673193,3.351336386181458e-07
520,0.10655021317757785,0.6300140234689607,0.021739744614804688,0.06720198350875128,0.02174061994151474,2.1317757784022895e-07
521,-2.227619065934318,0.2464407759553917,0.04268626065615238,0.11086216520009179,0.0426894925931114,-6.593431800538951e-08
522,0.6177104138136741,0.8148118556399205,0.023643488454785148,0.06765519606782337,0.02364598228776552,4.1381367410497916e-07
523,0.11823455794331239,0.5306962393279877,0.025149079972353494,0.0721214006547073,0.02515141702240511,-4.420566876162102e-07
524,0.18020697231250393,0.46556089425632424,0.023356563394169933,0.06967967629855502,0.023357269548894458,-2.7687496073625084e-08
525,-0.003493288269236672,0.5660727969323157,0.026485173021972643,0.06868667635602141,0.026486628403138212,-2.882692366717836e-07
526,0.6811893532552449,0.8362196991329207,0.021481167513085958,0.05999297147663443,0.021486947052765958,3.5325524483376114e-07
527,0.7336423297965418,0.8781254168424315,0.012450077268457038,0.039057049423312847,0.012450847506147191,3.2979654174258854e-07
528,-0.8194090180090536,0.27447087266255654,0.023818640118642615,0.08032741433604411,0.023818955529489927,-1.8009053581735657e-08
529,-0.10980059063053949,0.3943786893844007,0.022999159992197264,0.0789107137268819,0.02300003225186039,-5.906305394903777e-07
530,0.2551754010769568,0.5409637407551918,0.027075564823427687,0.0916372833401667,0.02707644429585174,4.010769568130179e-07
531,-0.2616408637420393,0.4340110225694688,0.023791262160546896,0.07784972651337727,0.023793140743215646,1.3625796069227647e-07
532,-0.9305869030934721,0.24771942846680103,0.020308558059248038,0.07463504500830968,0.020308768417877484,9.690652791327636e-08
533,0.31211753304440304,0.6741077462065003,0.025464863567929697,0.07095620760189092,0.025466300203161655,-4.66955596967189e-07
534,-0.5435865772501904,0.30645865566808167,0.03373170441524413,0.10242670232956258,0.03373244839147722,4.2274980960321784e-07
535,0.2644823142414138,0.5966358250220342,0.024377432721953154,0.0747367750191985,0.02437888408322388,3.1424141377911496e-07
536,0.7905636994477051,0.8975381339764622,0.010898134788955093,0.029378172204474712,0.010898443197569059,-3.0055229494063695e-07
537,0.6913191785210739,0.8513948938694943,0.012455263261884734,0.03752785296362871,0.012455906394336497,1.7852107392357652e-07
538,0.198273008250198,0.4786461250583367,0.029838085499550783,0.09664268276487943,0.029839774002260157,8.250197996995112e-09
539,-0.6024400052130496,0.3876711437882483,0.024822485428974587,0.0837731460878174,0.024823994826411292,-5.213049658614466e-09
540,0.4653300535571683,0.6863733508246002,0.025848021791210932,0.07149031049621937,0.025854326029921656,5.355716825583556e-08
541,-0.5540569375113749,0.6421728575683138,0.03868594505877938,0.0903525319637703,0.03868800964634855,6.248862516322617e-08
542,0.4211234643695282,0.6870558421889257,0.028351301790917972,0.07603504822312908,0.028359403374820832,4.6436952816364396e-07
543,-1.3285769341582232,0.3142853984886683,0.030224853262373057,0.09352025025709164,0.030225442681174417,6.584177669743951e-08
544,0.3555263494366857,0.6448575526979412,0.027979172101787107,0.07908240896174057,0.027981086427255407,3.494366856982012e-07
545,0.4111379842939661,0.692997289080667,0.02645894969208987,0.06877884542999427,0.02646514269956545,-1.570603391787273e-08
546,0.336088865310485,0.6931786556663746,0.022413449650214877,0.06322677315452464,0.022414054809297937,-1.3468951504114202e-07
547,0.4097787458550515,0.6465092276391743,0.019011505814218774,0.06227201644707732,0.019011799540628017,-2.541449485304881e-07
548,-0.025886691776269233,0.3598123919672394,0.019160515490849604,0.06797538354318147,0.019160990061054158,3.0822373076749843e-07
549,0.4969383759787944,0.7149774437941335,0.015467770792978518,0.0628157557856486,0.015468340433486355,3.7597879443129756e-07
550,-0.2861384535603293,0.34277695389140433,0.03696717025272462,0.09332920313374984,0.03697084729223015,-4.5356032929433354e-07
551,0.29039770312190094,0.5895093237757111,0.03703858048173826,0.10753987684112833,0.03704163831750591,-2.968780990486586e-07
552,0.21976697249545596,0.650872069063424,0.023819375525703124,0.07121699370150078,0.02382077125258001,-2.750454403122049e-08
553,0.7157487943736716,0.8512970442004245,0.011991597572470716,0.03264484405633169,0.011991805276174248,-2.0562632840892547e-07
554,0.5035079452886744,0.713074846610736,0.022443856012695336,0.06737827326566424,0.022447954744345786,-5.47113255811027e-08
555,-1.5237404913456811,0.2183083608879612,0.028629512591845707,0.08856228556659515,0.02862991107296849,-4.913456810307082e-07
556,-0.3260825622635546,0.4990791501541453,0.030557807042753925,0.08780915902688652,0.030558944444527024,4.3773644542444146e-07
557,-0.7837223035484762,0.3649297882001401,0.027375205222851584,0.08334805511346684,0.027375877037550678,-3.0354847613267566e-07
558,-0.11274280405704595,0.5624720659830339,0.02345178821337893,0.07374856671382983,0.02345584249946094,1.959429540426827e-07
559,0.48863375615367954,0.7131186177674316,0.022882969278613254,0.07518669874548901,0.022888324725453834,-2.438463204690322e-07
560,-0.3886337424472126,0.40132186194537595,0.03387462956804686,0.10350247773461675,0.03387623654322308,2.5755278737493725e-07
561,-1.7348721556033078,0.2335463912953753,0.02856746052221679,0.0951718872314803,0.02856783387609475,-1.556033077942942e-07
562,-0.7286282577093182,0.48922761943873416,0.026441605377910155,0.07981528740726467,0.02644380994836675,-2.577093181077572e-07
563,0.48782742567729165,0.7064683788684248,0.019252129981054692,0.06601048501515344,0.019256043282748412,4.2567729163778267e-07
564,-1.5787515747637495,0.25992481338469114,0.030265040114462866,0.0888081450854222,0.030266620290216286,4.252362504342244e-07
565,0.8833092423557762,0.9413424959054665,0.007253178206250013,0.019019060849672174,0.007253274704977212,2.423557762254447e-07
566,0.537026219704474,0.7728367874594207,0.032247856951445275,0.0953616797148643,0.03225091465098806,2.1970447394714654e-07
567,-1.1787148379756958,0.31584899017848683,0.037240638590986384,0.1045332715914134,0.03724146540477367,1.6202430419554048e-07
568,0.39791298554033916,0.6617762176792428,0.034316399576660106,0.09217039231005494,0.03432115392137129,-1.4459660857557566e-08
569,-0.9117549078140987,0.2009713887332937,0.02730573867707029,0.08051751716068102,0.02730695376633402,9.218590124593362e-08
570,-1.6526639812020019,0.24700027479964473,0.028899760491376953,0.09209364878015967,0.028900127454791327,1.8797998047048736e-08
571,0.5531367660105362,0.7593414443972529,0.027098273428515635,0.07091464679740933,0.027103317724549294,-2.339894638048179e-07
572,0.31530735038446556,0.6548935104852949,0.027182919229550843,0.08327447961140289,0.027185279164061674,3.503844655527999e-07
573,0.4556218504069196,0.6851965521134153,0.027607192918847674,0.08212353338245686,0.027611085051946524,-1.495930804229495e-07
574,-2.0166270116346743,0.33761427422299517,0.03511202373093747,0.09554974050534253,0.035112720156980186,-1.1634674113025767e-08
575,0.22410504812489251,0.5109082061228438,0.023102557516015625,0.0707511292718115,0.023105352662948674,4.812489251548868e-08
576,0.2878691132411906,0.5544334190734819,0.019108488229697303,0.05763305743354415,0.019109044496848963,1.1324119059130666e-07
577,0.12310972488640048,0.4775346132620433,0.020408232203535125,0.0698736858270819,0.0204085543703213,-2.7511359951271075e-07
578,0.4256245652814421,0.6704292967530348,0.01975621234074222,0.05914964293703746,0.01975703516336866,-4.3471855787347025e-07
579,-1.3620428411222854,0.3102236517846592,0.03018206939020507,0.10031438311760021,0.03018280320900443,1.5887771454003996e-07
580,0.08899015229534235,0.7619682556726965,0.02233209990190429,0.06189810146874295,0.022333011409025157,1.522953423510609e-07
581,-0.4473776498352644,0.3283094200188427,0.01903822180076174,0.06620250702334476,0.019038455688951416,3.5016473559634775e-07
582,-0.7070603361232985,0.312319512286253,0.0320645122034668,0.09688968233792786,0.03206566177539822,6.638767015010316e-07
583,-1.430680241765799,0.28867491590446814,0.02674012698560549,0.0884410183537212,0.026740529040423226,-2.417657991582445e-07
584,-0.4911458249574876,0.2418132695018116,0.027480260175830058,0.08593363651593922,0.027480615496890758,1.750425124291688e-07
585,-0.3970060060095344,0.49282455900365385,0.023110851866972634,0.07814887170794567,0.02311160426871634,-6.009534370132741e-09
586,-1.0905694351813033,0.26783311962584366,0.029360147124658138,0.07872432059856885,0.029360966887551392,5.648186967022184e-07
587,-2.05752058145867,0.3417329559836926,0.03728677656497065,0.10125280115371202,0.03728755915738087,4.1854133003838e-07
588,0.4888003468243972,0.708725646228207,0.028005815257480488,0.08032076016919067,0.02800735907240551,3.4682439720157276e-07
589,0.01912271326164916,0.42063096231766905,0.020397108403972637,0.06578117193772702,0.02039730855574482,-2.867383508409205e-07
590,-1.6181821311071296,0.25724289944211826,0.030114636327900412,0.0919422623171367,0.030115102629547225,-1.3110712959729653e-07
591,-0.6078519346356306,0.27155086479985097,0.029591669365624972,0.08246805062383744,0.029592491510438537,6.536436936155354e-08
592,-0.662808344686793,0.36332032677320647,0.023547759589306647,0.07942815449655952,0.023548257699714702,-3.446867929968178e-07
593,0.24987572308984984,0.5768349724601923,0.021375796899511728,0.06540008846139286,0.021378178007391644,-2.7691015014319476e-07
594,-0.06675047455762906,0.5390491628663071,0.031559533895800795,0.09132078944473107,0.03156337856150394,5.254423709466494e-07
595,0.31168090990451136,0.5903324047899168,0.031330955438798824,0.10006753635714127,0.031333000759329425,-9.00954886251526e-08
596,0.5018853719526042,0.7366023811862076,0.017291267869384785,0.05565131475655852,0.01729182474983416,3.7195260416122977e-07
597,0.8078203559349316,0.9214139064980363,0.009572612601181633,0.02428959354129918,0.009572822414474184,3.559349316395455e-07
598,0.2777578768201807,0.6067286730241718,0.032354167939345695,0.09173152252596456,0.03235666824167137,-1.2317981928910982e-07
599,0.3780511508883838,0.6843627208090444,0.02981929677919921,0.08440399996912834,0.02982639675310943,1.5088838378751745e-07
600,0.2570321382994639,0.624939063503855,0.027387723420214814,0.07656698924376071,0.027393865965956065,1.3829946393650872e-07
601,-1.4252763911161836,0.33219644622583044,0.03525031586132816,0.09348202883159085,0.03525147442324351,6.088838162554566e-07
602,-0.48017813004494303,0.4934050755280465,0.02570372756999028,0.08282205220196374,0.025705915421787736,-1.3004494303636704e-07
603,-1.1881570047494634,0.31843951366384027,0.027213492789384765,0.08739783245622915,0.027214001317289016,-4.7494634891620535e-09
604,0.530228081908485,0.7392401850059256,0.015250008694208988,0.04603347707682507,0.015250378417520671,8.190848499456393e-08
605,0.1896148871732003,0.5154782795322799,0.029488822140751977,0.08975578498102012,0.029490587299559886,-1.1282679970858744e-07
606,-0.8429780235628401,0.30366621593584014,0.029683167449326153,0.09594760620782018,0.02968357713849579,-2.3562840123503292e-08
607,0.6391208551883829,0.82666400013254,0.02779395312294925,0.07785184047210295,0.027797819707937817,-1.4481161714208213e-07
608,0.5392039343324831,0.744306954469165,0.015772345188281255,0.05078543289849489,0.01577271900708445,-6.566751686865047e-08
609,-0.10980475598952077,0.6203390768476085,0.029065283679589878,0.07950755887366817,0.029068597999741732,2.4401047922506525e-07
610,0.4273463398618096,0.6587251311205816,0.016335399895634765,0.05367642048766378,0.016336017508508226,3.398618095840078e-07
611,0.30206325883635077,0.5587498890093403,0.020427276289843734,0.06998512679362866,0.020430305129568893,2.5883635074164246e-07
612,0.5270992997499748,0.7575392230456678,0.022527597345097638,0.06356245720619239,0.022529508117965433,2.997499748413901e-07
613,0.33994425284293006,0.6280414705245844,0.020528102933037123,0.07055705598117662,0.020528741448746772,2.5284293003746683e-07
614,-1.1563417120384138,0.4632794145549064,0.029994711310126966,0.09445604408578817,0.02999568644079734,2.879615861317575e-07
615,0.3990566555301269,0.6551899472402252,0.028800973200078118,0.08318763093553525,0.02880264171061398,-3.4446987307035215e-07
616,0.5099262191544636,0.7266599183680991,0.028003826603486364,0.0771247030601211,0.028005960331394176,2.191544635765652e-07
617,-0.32533690928691805,0.4964117248746856,0.029420356498925763,0.08719802076975236,0.029421530256753023,9.071308193497885e-08
618,0.301606089627914,0.5867901943450529,0.031122885362578127,0.10184046902580295,0.03112520032113965,8.962791403499537e-08
619,-0.07059669410096991,0.5487061986108714,0.02385330825376951,0.07552863694587064,0.023855239653886938,3.0589903007860464e-07
620,-0.004913029846034478,0.4795390423743039,0.02420344089433597,0.07282458742918876,0.02420565005639216,-2.9846034478066275e-08
621,0.4325731621120156,0.6929920649358583,0.023746457385136747,0.06983888641789371,0.023748345808236076,1.6211201558924415e-07
622,-1.6085923796521087,0.21650115106949586,0.032048740285693336,0.08898084957548039,0.0320491923837798,6.203478912780724e-07
623,0.4813552089731893,0.7090625254334423,0.022813263969687508,0.06519529046343706,0.022814532488721645,2.0897318930845898e-07
624,-1.7905608336045913,0.27109394543207194,0.03722616656022471,0.09784934800881798,0.03722680297736357,1.663954087849362e-07
625,0.38020010429924855,0.6373507660110925,0.016232817683593723,0.059546973073225644,0.016233045842137313,1.0429924857113804e-07
626,0.14364436144661719,0.6399512943948196,0.02817219789052733,0.07752902509934695,0.028175490348722222,3.614466171919517e-07
627,-0.1188275272502537,0.35369960102790504,0.02271130848419925,0.07161614509794259,0.022711615688099415,-5.272502536929347e-07
628,-0.008098649354563614,0.358682631470902,0.04106719763409182,0.10963896859137502,0.04106870758672931,3.5064543638628487e-07
629,-0.6064506105651073,0.30514164148589845,0.02478939933129883,0.07868871021133078,0.02478980880960864,3.894348926669622e-07
630,-1.2254132651073517,0.29689049204318946,0.023938962981220703,0.08286310102261137,0.02393930385464404,-2.6510735162688093e-07
631,-0.010494283394543391,0.6182806619306184,0.02365416641523439,0.07122600739699797,0.023657506325199366,-2.8339454339124104e-07
632,-0.7973823708624701,0.2990559429052809,0.018484342193759763,0.07423377529971756,0.018484550424438438,-3.708624700671237e-07
633,0.06254015891001696,0.6453557264426464,0.028520696854794962,0.07810820186119834,0.02852232339790182,1.58910016964664e-07
634,0.5060172624498059,0.7547926957127301,0.023383108133593775,0.06520032315387819,0.023389177526927464,2.624498058878544e-07
635,-2.0317029442668244,0.295679211071321,0.04394368940882811,0.11332482414571961,0.043947735650920326,5.5733175408079205e-08
636,-2.3603834304883327,0.2927253052350856,0.032989072828154276,0.10739687983407945,0.03298979020961666,-4.3048833253678254e-07
637,0.6987610396429313,0.8384136249199351,0.019164691701728513,0.058178859624347004,0.019166308121840083,3.964293138203345e-08
638,-0.013174906112666918,0.47183799955022315,0.02916326410509765,0.08244165316582516,0.02916372531454,9.388733308163255e-08
639,0.4840001630668326,0.7178422808402106,0.024419825378125024,0.07199059683709767,0.02442711336373062,1.6306683259248445e-07
640,0.37685069035842067,0.6898420480615126,0.028530745325263746,0.0791620748101111,0.02853292325299684,-3.096415793213403e-07
641,-0.23286467515902154,0.3318924002903085,0.02738213527578126,0.0885390570663867,0.02738252011026654,3.248409784495365e-07
642,-1.6480346329308118,0.2608563096730752,0.026121938372333998,0.09371591359328987,0.02612233481507486,3.670691881563215e-07
643,0.6707474040182247,0.8201310507719031,0.012869175293564473,0.03811386039335333,0.012869624501630282,4.040182247644353e-07
644,0.10761924401280165,0.5817463123015233,0.02798151655068361,0.07608528552440819,0.027985256545144714,2.440128016450993e-07
645,0.3494587203396463,0.6315136591562912,0.034366329460634795,0.09776163613646201,0.03436951079432051,-2.7966035370807774e-07
646,-1.4385307791029813,0.2673507806330674,0.0322652927434277,0.09371836394327161,0.032266319698104576,2.2089701867678002e-07
647,-2.2081604967124044,0.2972622945920815,0.034428488323867176,0.10054718890060708,0.034430389719759695,5.032875955990335e-07
648,-1.1629798016020514,0.3083234960240002,0.02968966995504884,0.09025850341754552,0.02969076654402242,1.9839794851428394e-07
649,-0.181317520075861,0.38688451485204817,0.025555613882490235,0.07879327550902918,0.025556282233449957,-5.200758609880118e-07
650,0.5655729894105527,0.770089324397397,0.022762140562890623,0.06866364792476412,0.02276667367626632,-1.058944731902045e-08
651,0.794683057173968,0.8922566030606309,0.010720494622939426,0.02975700536988218,0.010720859619215132,5.717396800442032e-08
652,0.058559230968304066,0.5515720075424548,0.028682489258105487,0.08579484836906612,0.028684230963175357,2.3096830406577062e-07
653,0.7664698120397929,0.8847521342731514,0.016478873698437518,0.0490205407652884,0.016480692290093513,-1.8796020706535188e-07
654,0.19675624444673012,0.602748989318099,0.02649023622412109,0.06944029068165135,0.02649484571259466,2.4444673013546137e-07
655,-0.33363203923624174,0.32288958330794115,0.025915336496162122,0.08740069765317002,0.02591609680887477,-3.923624175561358e-08
656,-2.031111745327956,0.28928432883844074,0.031084564500214847,0.09954291392999592,0.031085175496436076,2.5467204389784115e-07
657,0.21502183355061433,0.5198242701553129,0.030672844296123086,0.09817108569859175,0.030675201164774433,-1.6644938566345857e-07
658,-0.434509564072884,0.41666414924135553,0.029693137921259757,0.07903485901007697,0.029693584411514182,-5.64072884012834e-07
659,0.685276293466209,0.833609882050657,0.012150715229101569,0.037000521997695934,0.01215194589433332,2.9346620900039255e-07
660,-2.4532067560137487,0.2767759118870437,0.036445384217275396,0.10538964695080817,0.03644590657021321,2.439862512026991e-07
661,-2.026142796156256,0.22760428725610818,0.03517672931750003,0.09843545114989029,0.03517957150146631,2.0384374366244629e-07
662,0.4174183236792329,0.6588125095258255,0.026957453558691405,0.08089317944188226,0.02696262487420299,3.2367923291642953e-07
663,-1.5633335692545667,0.508403728835254,0.034341209057705054,0.08924162511236426,0.03434205026416575,4.3074543332188853e-07
664,0.22003696548315033,0.5896567240810913,0.028858003974541028,0.07314449765193369,0.02885973772328475,-3.4516849684029793e-08
665,-0.0268321534785525,0.3616007559099622,0.03257614767142582,0.08911939044976558,0.03257817752253897,-1.5347855249897568e-07
666,0.2052008082941733,0.4889831405575425,0.030747975923642545,0.09758416741887116,0.030749881332044315,-1.9170582668537328e-07
667,-0.4744941966657168,0.32152315823785754,0.033608590024414124,0.09070921009836161,0.033609985482442865,-1.9666571676735245e-07
668,-0.411627245089061,0.33024709359061055,0.025562927106347725,0.0845440947714222,0.0255647711830255,-2.450890609906331e-07
669,0.538066114933608,0.7422435230988746,0.02829398307792967,0.07928296946171508,0.028300143189907916,1.1493360796421825e-07
670,0.6290969798084562,0.8049617563100795,0.023626343000253878,0.06812926344432099,0.023627892840932238,-2.0191543770309295e-08
671,-0.8569812129722907,0.33037908793796367,0.026357309361982446,0.08095587815316356,0.02635815603155379,-2.1297229069183743e-07
672,0.7699522331272024,0.881061312161846,0.010320579234423838,0.02797969783894005,0.010320727885209262,2.331272024314046e-07
673,-0.2987180277642292,0.390133785509716,0.026887419805917967,0.08194012345861289,0.026889081455426782,-2.7764229193483203e-08
674,0.2191688289323125,0.5132743430617841,0.02808659944560547,0.09989099158436918,0.02809148778866216,-1.710676875155137e-07
675,-1.575473025218625,0.28540384491726406,0.02877438731891604,0.08731269520931982,0.02877472964468094,-2.5218625188117016e-08
676,0.36877673453688486,0.6292131203137566,0.03256219926328123,0.10281996994832796,0.03257144703320866,-2.654631151566278e-07
677,-0.06648976247209082,0.5876709485171385,0.025637824009902378,0.07581689103510934,0.025639160184992536,2.3752790917486166e-07
678,-0.22466504526108233,0.5254571451704365,0.02836847837512695,0.08348554092384908,0.028369237136473862,-4.5261082326497615e-08
679,0.6348248050498,0.8033981385750683,0.015098159533906216,0.04542925373976213,0.01509877458898157,-1.949501999831682e-07
680,-1.025199677189967,0.30547847589843086,0.025964058115449214,0.08246093579581121,0.025964539219406835,3.228100329266681e-07
681,0.47919603309320624,0.7119004570940376,0.019672303882900435,0.06277795030869805,0.019673343308058706,3.309320623090528e-08
682,0.2684984921215504,0.6509490242072357,0.020051007093505848,0.0647927034747023,0.020051984799610338,4.921215503994603e-07
683,0.4607381398751227,0.6974389142651466,0.022632614961816358,0.07140641336048036,0.022638371109510353,1.3987512270663416e-07
684,0.2552768549541702,0.675229135600958,0.027728844284892612,0.07635024623482681,0.027730938291303252,-1.4504582979135705e-07
685,-1.461177915145639,0.2777602716798051,0.02822572810632812,0.09346678925536611,0.028226070711834073,8.485436109317845e-08
686,-0.20451011129565222,0.5356484832477426,0.020306732287304684,0.06551607561444382,0.02030701819813977,-1.1129565222200988e-07
687,0.28614063448239935,0.6363731073025435,0.022747283736230455,0.061425317049461754,0.02275073482022114,-3.655176006311933e-07
688,0.5118637880100587,0.7302849440096828,0.017777253321904295,0.05750564929622915,0.017778049104716125,-2.1198994126780946e-07
689,-0.177869970317716,0.4933486233156843,0.03039683043640622,0.08586169952389881,0.030399267923274534,2.968228399180539e-08
690,0.6175798657649807,0.7883442460780496,0.01562510756900391,0.04315762372692151,0.01562562936767712,-1.3423501932230408e-07
691,-0.7202146220909436,0.38073397973448414,0.032716686826308586,0.08809116275081158,0.032718606257455325,-6.220909435361577e-07
692,0.5266820126610202,0.7400880561644894,0.027282846624902317,0.080418170548738,0.02729178769019668,1.2661020232229703e-08
693,0.31042030486301975,0.6183191469712862,0.03229076758592773,0.08754798912599161,0.03229296555851195,3.0486301977328267e-07
694,0.5073760516357761,0.7396600957538774,0.016477537467109393,0.0570096385502572,0.016477867097613074,5.1635776099345776e-08
695,-0.8399092080806083,0.5665808410757535,0.03245120880175785,0.09576874828297634,0.03245468477963446,-2.080806082993547e-07
696,0.39798350422111695,0.6378421323866046,0.02601644293095702,0.07202536856867252,0.026021786624540588,5.042211169703492e-07
697,-0.08697493107496346,0.4326715659318104,0.031784515391718775,0.09378731370788633,0.03178687776513756,6.892503653932458e-08
698,0.4030778873375468,0.6608680203647644,0.028155279401103486,0.08465246759173359,0.02815790713670013,-1.1266245319996315e-07
699,0.2821929335248484,0.5803661467856902,0.02710244784511723,0.07355434414374735,0.027105491604796556,-6.64751516055162e-08
700,-1.4317747883040886,0.3252767249043592,0.02833934400602537,0.08656920212817476,0.028339638170902792,2.1169591146730227e-07
701,0.48403023130092937,0.7149979045932038,0.03230274592177732,0.08821510804519879,0.03231142776331276,2.3130092935419455e-07
702,0.3720791137247581,0.6266707108950864,0.019410210449248042,0.06244963920677584,0.019410995902385975,1.1372475811066707e-07
703,0.43717642920910804,0.6743176116387526,0.020501719480888667,0.06594610417445933,0.020503040025313335,4.2920910803267986e-07
704,0.020933523525589304,0.5652784349685132,0.02495696160566405,0.07440397495728267,0.024959940250053672,-4.7647441069748053e-07
705,-0.08862930844925909,0.4242341379616392,0.02602215750883791,0.06649837631407932,0.026022732024663275,-3.0844925909268017e-07
706,-1.0832084222809044,0.37754270938600837,0.029984445841972674,0.08416160077366368,0.029984943283785967,-4.2228090446627675e-07
707,0.7094000654541908,0.860899177731391,0.026090835036621116,0.06665006837591742,0.02609472618824929,6.545419073411551e-08
708,0.5438413352270315,0.7660112724301246,0.024429682915429702,0.06835756961039187,0.024435351528462212,3.352270314671557e-07
709,0.42613001645307136,0.6823027135952042,0.031714545268291,0.0907026921496729,0.03171767340955806,1.6453071349786796e-08
710,0.5434303516562979,0.784941248944404,0.02193926664238287,0.07348142479307619,0.02194586894732633,3.5165629796996e-07
711,0.7560356417122929,0.8711170322917285,0.018977374495703116,0.055988458232273615,0.01897988600152631,-3.582877071695023e-07
712,-1.8980721432036365,0.31709524312453236,0.03101172504738283,0.0966078268980855,0.03101227475638939,-1.4320363650455192e-07
713,0.7332530265895014,0.8810552737794883,0.019949430391601575,0.05942174751265803,0.01995192457770265,2.6589501378460056e-08
714,0.4676098317127799,0.6987281638188001,0.026098403132617198,0.0846201264216829,0.026104145350223977,-1.6828722010364672e-07
715,0.5759653687173334,0.7631928286969806,0.019834967243359366,0.054985520686545664,0.019836309768176647,3.6871733344323587e-07
716,-0.39087430781960486,0.2489060842503218,0.035108834644570326,0.09383265029301972,0.03510986080995188,-3.078196048611481e-07
717,-0.1351147457792501,0.30279979203102114,0.019038420294501947,0.06431533094519296,0.01903915619996561,2.5422074992342836e-07
718,-1.0477906592657797,0.3760369528063612,0.0317767520406347,0.08096773267871978,0.03177730964376026,3.40734220172223e-07
719,0.5653588385118541,0.8131848745194588,0.029545023417285154,0.0858672837341981,0.029548911409860424,-1.614881458555928e-07
720,0.673167951241713,0.8307317122165931,0.017362078500976593,0.05488910539618749,0.017368248423598964,-4.8758286963490605e-08
721,-0.5292437852232099,0.38833334639000605,0.021269783583457016,0.07578614207115449,0.021270088295976833,2.147767901305997e-07
722,0.15223474847371654,0.5307754688682232,0.031890767139941364,0.083260424673971,0.03189749027284839,-2.515262834679177e-07
723,-0.9468409661505652,0.2919298457679501,0.02351863323469725,0.07788734032225507,0.023519049389224,3.384943481066216e-08
724,0.5063612632032805,0.7297573082241376,0.023773567272841783,0.07000394481310637,0.023775097041043223,2.6320328050388753e-07
725,0.12566548261361832,0.48382125308935,0.01926629664901367,0.0712438579760813,0.019266570485165307,4.826136183189167e-07
726,0.7282840588309177,0.8650126631188769,0.016921292966406258,0.05059994127009616,0.016923007136722054,5.883091769298687e-08
727,-0.12383654513691922,0.4573218314191162,0.030141397178994105,0.08504429732589734,0.030143936484610008,4.548630807843512e-07
728,-0.2669673405512685,0.31517991189052263,0.025003575640844756,0.08732092131943954,0.02500380165020787,6.594487315103592e-07
729,0.3825353908347724,0.684443267252243,0.02565018505673825,0.07232922545986928,0.02565450857258622,3.908347723791117e-07
730,-1.5618923368125412,0.22929373145073176,0.02530576998041016,0.09032507632808318,0.02530611458414796,6.631874587270659e-07
731,-0.23790129759329548,0.2701086283567064,0.03085845469084963,0.08467652481287204,0.030861120447584718,-2.9759329547851543e-07
732,0.49931873953677275,0.752128198362556,0.017549562731835923,0.054939496061449176,0.017550218897840555,-2.604632272640295e-07
733,0.5111164914563229,0.7206298791228728,0.025027852590625035,0.06826019992247276,0.02503155777932962,-5.085436771690155e-07
734,0.3942756913220469,0.6787031762344077,0.036256663772685584,0.10808781178183585,0.036259949601092696,-3.086779531424888e-07
735,0.4247295766998358,0.6617798053446152,0.020901889144990225,0.07067368085879813,0.020903004534119855,-4.2330016419844796e-07
736,-1.3640650188135552,0.2643864953162279,0.02423735277100589,0.08431922102885726,0.024237703197537326,-1.88135551582036e-08
737,0.3939867088102609,0.6778852002919914,0.014871606657011741,0.05064422745464669,0.014871916071389742,-2.911897390989182e-07
738,-0.6855136476790573,0.23337265138844188,0.02147404462181833,0.0718579537003774,0.021474198935519252,3.5232094264259217e-07
739,-0.6550598519173569,0.26182331629536215,0.024826378518017615,0.08834554119214857,0.024826675347982476,1.480826430366733e-07
740,-0.0031218351581716597,0.6282422792173596,0.03358187379184563,0.08834540697867811,0.03358356305547822,1.6484182834052355e-07
741,-0.4791019952337958,0.4252022298715515,0.029629892069326102,0.08415475581062287,0.029631757259547444,4.766204153572318e-09
742,0.4745570175827767,0.7008059981953607,0.019073066171835906,0.07093756593944991,0.01907440318964781,1.7582776679070378e-08
743,0.4690668479535175,0.721559397671833,0.017275008367099616,0.05415321399597972,0.01727552018772693,-1.520464825155443e-07
744,0.535804176678758,0.7511452963571404,0.02123274960594725,0.06507187478615264,0.021234188729306085,1.7667875806814948e-07
745,0.6932584999377704,0.8456971205871352,0.013027439823867195,0.032994490789711096,0.013027677212768322,4.999377704040242e-07
746,-0.10297862532082469,0.43777364563749066,0.025788958543066433,0.07455155570870073,0.025792602359434376,3.7467917531064376e-07
747,-0.8834503765412087,0.37314359938281616,0.023943253911376954,0.08669981308671704,0.023943623620319987,6.234587912601341e-07
748,0.11552065609679596,0.3781768156238147,0.01802022423087893,0.0670630219442473,0.018020598193431606,6.560967959617914e-07
749,0.5742860871633222,0.7875710666151978,0.017361592026591814,0.05797550507679388,0.017363117436187705,8.716332222657996e-08
750,0.23514289574050273,0.5329576263526457,0.025957111007421874,0.0821394155019455,0.025959854083959493,-1.0425949725778594e-07
751,-0.19550589667721252,0.509904629197331,0.02917029099468747,0.08232964143618429,0.02917133714534815,1.0332278749247692e-07
752,-1.0910344190467987,0.20794726570265892,0.028173843709209008,0.08386471870774218,0.02817433693422276,-4.190467985942803e-07
753,0.6582512176596447,0.8165518767757289,0.020243650979199217,0.06501016802254792,0.020249167927773558,2.1765964464126597e-07
754,-0.6804941726264586,0.33656069484808304,0.025774144453300802,0.09110311378224081,0.025774416076469134,-1.7262645857218928e-07
755,-0.7837281521989194,0.25098912884204433,0.032196970599628866,0.10074602547147107,0.032198794580522876,-1.5219891946749442e-07
756,0.45186504727156085,0.6778923880395943,0.016734302445849603,0.0597645331055983,0.01673459500204758,4.727156083239592e-08
757,0.5782181826325028,0.7842700747191861,0.028334882098339835,0.08214547933181189,0.02833799943980481,1.8263250278760523e-07
758,-0.09320476656593946,0.5064317602277367,0.025913839017832018,0.07890923937492506,0.025914787688498513,2.3343406053977223e-07
759,0.4697513853895301,0.6979834959214237,0.01611067754098637,0.055069961427622494,0.016111027324439513,3.853895301220156e-07
760,-1.1811508553296122,0.2867306270746452,0.031354626182324194,0.08448573958014069,0.0313567762964065,1.446703878915656e-07
761,-1.5462122284680393,0.20208058659287326,0.025479793231933598,0.08869853768134717,0.02548013245097533,-2.2846803937603966e-07
762,-0.1377031170284766,0.3293540708874202,0.01626747103089846,0.06285516092570423,0.016267657055461127,-1.1702847660388649e-07
763,0.40022129881397506,0.6496880726479063,0.01638122557825193,0.05562769892922639,0.01638146498926738,2.9881397506370533e-07
764,-0.5924019311702906,0.3278197085644559,0.03008881661429688,0.08541159608192403,0.030089036075541795,6.882970937649446e-08
765,0.08472965992542925,0.5065009215293655,0.026306768482988283,0.07692218841860406,0.026307785784544496,-3.400745707538011e-07
766,0.2989778473568122,0.5609599409609409,0.019179146766835912,0.057325597240631285,0.019179706400364736,-1.526431878118295e-07
767,-1.2959376148184423,0.40898345833864386,0.0366245609290527,0.10431980869651224,0.03662662006847629,3.8518155776046115e-07
768,-0.09210598305891482,0.6348135115979651,0.027637779632910187,0.07719371079565883,0.027643651321370213,1.6941085173582948e-08
769,0.8287574077971809,0.9185991654330501,0.017929597290429703,0.0486899770235287,0.017932215349040125,4.077971809124392e-07
770,-0.7867918036581851,0.26152076952234465,0.024859837710673797,0.08399031504898363,0.024860419150631766,1.9634181491756664e-07
771,0.5977948318337996,0.7806776373612698,0.014071769566953145,0.04247777076160635,0.0140720741482734,-1.681662004093809e-07
772,0.43998968980501085,0.700001873713032,0.01746702890452149,0.053746940038960876,0.017467443580584045,-3.1019498913931187e-07
773,-0.22755915048563846,0.4157365831008614,0.02321350090691406,0.07200195502793848,0.02321567923131045,-1.5048563845043716e-07
774,-1.615066632764318,0.24806724448127598,0.03683271634221687,0.10530010784184937,0.036833548774525805,3.672356820860756e-07
775,0.49486974306421727,0.7203645214923359,0.023394056133710883,0.07572116124715422,0.023395566126128593,-2.5693578270535866e-07
776,0.48596046937380566,0.7065207859395022,0.01775668560201173,0.058094134594874176,0.017757306663457137,-5.306261943172075e-07
777,-0.5616487704271587,0.43797251992976455,0.034392378163867185,0.0976654098936345,0.034399670746146783,2.2957284129265787e-07
778,0.36034141118266616,0.6569889151704184,0.02460388246298836,0.06990502125710683,0.024607024366601962,4.1118266613793253e-07
779,-0.6669522136206676,0.20781094103617306,0.02830682569106445,0.09081160054139555,0.028307136300175787,-2.1362066759955667e-07
780,-0.011374919651044646,0.5323459118096524,0.030624746884677725,0.07548545231961534,0.03062774352484989,8.034895535372066e-08
781,-2.4694412058913002,0.3708979667495065,0.03889932334022457,0.10724464043459021,0.03890000413619896,-2.0589130000914224e-07
782,0.1114868834549515,0.5239549049834773,0.02731084784602538,0.07840662787626061,0.027312928974860186,-1.165450485007824e-07
783,0.30300257176170253,0.6305541121626964,0.027771983239843766,0.07854093333303779,0.027779153261533792,-4.2823829748961373e-07
784,-0.07915008090663278,0.6220736981637682,0.02708191516152344,0.0792586382480162,0.027085921667719053,-8.090663278226273e-08
785,-0.3210848502721948,0.3156182170799341,0.03549861476336916,0.10288358399004559,0.03549929456421027,1.4972780520983164e-07
786,-2.070503741083844,0.27665412332870126,0.03254709260803714,0.09837058880520812,0.032547649756427335,2.589161560706543e-07
787,0.7044342996658555,0.8448232736747777,0.019704472938574222,0.05322720098471872,0.019706492759490903,2.996658554632603e-07
788,0.04388257306587395,0.4380526588003593,0.030536253629043008,0.08762392480278279,0.030537747087947174,-4.2693412604516423e-07
789,0.502298374524319,0.7180108654121662,0.020702230616455087,0.06497020271744684,0.020703573976548054,3.7452431900231176e-07
790,0.5818656511350524,0.7673669444561432,0.03364590266689459,0.08170324814023398,0.03365518750377488,-3.488649475968941e-07
791,-0.9930623921965991,0.2801544492241016,0.023011319181972658,0.07749306264905217,0.023011619238069738,-3.9219659908606985e-07
792,-0.06456121112629343,0.5623833971697516,0.023963776898144572,0.06892697326040825,0.023966408946694478,-2.1112629343400524e-07
793,0.3068439337256409,0.6056628546846156,0.015875912386484364,0.05723875213205433,0.01587613724656664,-6.627435911177315e-08
794,0.26528292314844426,0.6366320896769831,0.020395658024999992,0.06533030743675615,0.02039674564780703,-7.685155573033953e-08
795,-0.8597603493744146,0.35327308032951515,0.02595100472173823,0.07469117877894299,0.025951753900084026,-3.493744146210176e-07
796,0.28335436996637686,0.5679338584513564,0.027977741984960947,0.09035312469205257,0.027984080703855704,3.69966376867481e-07
797,0.47500076216634857,0.705772276346412,0.026625314302998023,0.08379429564475922,0.026627783630512998,-2.378336514397006e-07
798,0.14535339037055994,0.5314556541724942,0.03336668358417971,0.08429884548896362,0.03337267730033651,3.903705599328511e-07
799,0.46342183357878175,0.6809337738782221,0.010684366884892582,0.042863347755299194,0.010684568742893865,-1.6642121825061196e-07
800,0.14113918487430632,0.5883951415878081,0.02193063720620119,0.06547704094157762,0.02193245146494678,1.8487430633595814e-07
801,0.7064064318948073,0.8601149479924212,0.0210203191479492,0.05545292069226403,0.021025367384914125,4.3189480736227637e-07
802,-0.6311484272847214,0.35675540092176206,0.036440413025048836,0.10202692993249998,0.0364417175831469,-4.2728472138264806e-07
803,0.4280284194662435,0.6812690339334128,0.025248290608007845,0.06633806984034896,0.02525363504489385,4.194662434620078e-07
804,0.7361577700113002,0.8650121932294053,0.019384645420605456,0.0551154979637712,0.01938688704105171,-2.2998869975143776e-07
805,0.5374670993212927,0.7438243729399534,0.026331221396581988,0.0764905009787573,0.026340885469713454,9.932129263479084e-08
806,0.20964073854939147,0.5291178487092912,0.027265760367480484,0.08165468423910698,0.027271047421806777,-2.614506085241164e-07
807,-0.027122276407948398,0.5440121198452426,0.02596307152534184,0.07289287727881431,0.025964069268441435,-2.7640794839772775e-07
808,0.2384864148296778,0.5926109147422975,0.0231874061015625,0.07134979689103545,0.02319063737829786,-5.851703221981808e-07
809,-0.16055167846541774,0.46094323393201575,0.03152234604354496,0.08913927498371604,0.03152303833580568,3.2153458226491516e-07
810,0.29507157133391626,0.57510235416092,0.02875090882842771,0.09018510147989,0.028753052348640694,5.713339162327635e-07
811,0.6664480850788026,0.832581865408104,0.014203719548564444,0.041666761813174934,0.014204208587534578,8.507880255859135e-08
812,0.7613081347723208,0.8749709811136718,0.015424537943857428,0.0445546412941919,0.015426048476716232,1.3477232085890023e-07
813,0.48621362942936286,0.7055676234515238,0.026304975514355462,0.08164005566319962,0.026311542256981558,-3.705706371204265e-07
814,0.7018633395886507,0.841323066215247,0.025762476943359352,0.064787371112967,0.02576536601127366,3.3958865064409594e-07
815,0.3695674988226523,0.6591077692029429,0.016376386690332013,0.05146949866455006,0.016378273084139715,-5.011773477336945e-07
816,0.12984296585155486,0.4384578584917878,0.030114316895800755,0.09077521104908218,0.030119402532822897,-3.414844512716897e-08
817,-0.01526644385311604,0.15838747698637656,0.021208486770498,0.08554374848182496,0.02120958877661489,-4.438531160406295e-07
818,-1.2415419111670278,0.28963373939748543,0.028071131797783175,0.08524472072104601,0.028071601391882764,8.883297208939211e-08
819,-0.5167589692942125,0.21931209785868666,0.019351956041796892,0.06619390788119896,0.019352347520821937,3.07057874682215e-08
820,0.4258273267146354,0.7340487944438899,0.01883030212170897,0.05310474729225373,0.01883141929584701,3.267146354013484e-07
821,0.6995593195333238,0.8466142871872119,0.023589241473925833,0.06603348090890399,0.023597476563772514,3.195333238004139e-07
822,0.6851931409354104,0.8414942068588322,0.018628795911328152,0.06011486767821146,0.01863329257388858,1.4093541034210233e-07
823,-1.457923149473475,0.3271696056614256,0.027324187008632844,0.0967835346346299,0.02732461578349801,-1.4947347493077245e-07
824,0.4330456690747684,0.6604812934463059,0.020040804640683595,0.06418002327407986,0.020041610679392717,-3.3092523160638265e-07
825,0.4367481504750078,0.6753624797159783,0.024114313217871143,0.07456789330204473,0.024119102523940218,1.5047500778742062e-07
826,0.7892140201633,0.8902894329782896,0.01633888758388671,0.05094866014120821,0.016340812301170335,2.0163300029629738e-08
827,0.0651068720410275,0.33408086122139175,0.026236970883398485,0.0895771927508098,0.026240271132794965,-1.2795897250117427e-07
828,0.5615701747141094,0.757923240215961,0.024061711920888667,0.07402192824152506,0.0240640911630899,1.7471410940217424e-07
829,0.5033534165971639,0.7112228861821016,0.022366489300976553,0.06298887806416868,0.02237244054466647,4.165971638769861e-07
830,0.4647750039549756,0.7390438334251744,0.026514704147783195,0.06357520529000989,0.026516569580498212,3.954975624775869e-09
831,0.5076054968453909,0.7321782800894687,0.02551965417021486,0.08050453615179999,0.025522294798714994,4.968453909404147e-07
832,0.06319992605545466,0.5496538859459787,0.029319819312792983,0.08297212524226008,0.02932090677713906,-7.394454534792594e-08
833,-0.6852455150188244,0.25337449862858596,0.02626158557034176,0.08049179943678282,0.026262873846506725,4.849811756635347e-07
834,0.42426138072383934,0.7040786257071432,0.02221627012480472,0.07376702814195807,0.022222133632540653,3.807238393438439e-07
835,-0.40890381115035224,0.3500685985887332,0.022263610803232428,0.07892099989024265,0.022263919348649276,1.8884964775311985e-07
836,-0.3881388148009153,0.2510894901498473,0.0342228091277344,0.10935785229788181,0.03422361518730253,1.8519908473457747e-07
837,0.6028378021783473,0.8083149101301059,0.01768112450389648,0.049670886187219064,0.017682343530848316,-1.9782165272541619e-07
838,0.6359078445074535,0.797654021226382,0.014683105260234355,0.04944306156634434,0.014683980835028346,-1.5549254650526478e-07
839,0.4097795924154011,0.6939718410579988,0.023534112622753883,0.0660469730928614,0.023535391934170417,-4.075845989048865e-07
840,0.4879744971390144,0.7114652547931173,0.029233250046582032,0.09062867885299265,0.02923911766792219,-5.028609855739496e-07
841,-1.0401105072656538,0.28065152358713574,0.02142938625534179,0.08114004824478108,0.021429527782950725,4.927343462135525e-07
842,-0.058780533230728516,0.36270344440962365,0.031383977116406274,0.08420426233785505,0.031388524218105986,4.6676927148436853e-07
843,-0.08487789913670385,0.40612183162455706,0.023146236488388698,0.07043547751143213,0.023146560995535487,1.0086329614578116e-07
844,0.42680299068976746,0.7109850374919026,0.035979827691308544,0.10360202689846414,0.03598830558241366,-9.310232529369245e-09
845,0.40949449020434603,0.6649957277431056,0.029051223153789035,0.08695300971038517,0.029053397203231846,4.902043460042194e-07
846,-2.03532106023098,0.2473945363247356,0.03739982611544922,0.10086957131463871,0.037400487792911094,-6.023097975926817e-08
847,-0.019889882718779006,0.5996685694238757,0.02559428882098625,0.07836772958262132,0.025595642821277065,1.1728122099527449e-07
848,0.5386596911471387,0.7368278452796772,0.016463444199804708,0.04694580062806171,0.0164639011226172,-3.088528612860131e-07
849,-0.3331980113156443,0.5995267691743945,0.027998826972685548,0.0753149030225875,0.027999282930928335,-1.1315644310450068e-08
850,0.3572898893685841,0.6742551740702918,0.01795338475838869,0.06159219265276795,0.01795407521646388,-1.1063141591716175e-07
851,0.42050341079481424,0.713940652961079,0.02725706594167964,0.07993186102815995,0.02725944708436785,4.10794814220683e-07
852,-1.0438093675620457,0.17984685231386804,0.030181526682773487,0.0817373425127572,0.03018345485167211,-3.6756204568888506e-07
853,0.2866065161838286,0.5867349267935871,0.024410726127724568,0.06902953906467896,0.024411758529066283,5.161838285694387e-07
854,-0.8590869238244718,0.2837399457648731,0.0219867438590244,0.0751316205805646,0.021986949084613506,7.617552821859164e-08
855,0.5976479471294371,0.7792949825579318,0.021365295122236307,0.06681414910221362,0.0213674186767742,-5.28705628166648e-08
856,0.5403127640571903,0.760667794085149,0.019859864574218757,0.0651347449284877,0.019863522674322447,-2.3594280973426862e-07
857,0.27317213725081824,0.5695526993766841,0.03152197010719724,0.09628916089546896,0.03152424360632858,1.3725081821069907e-07
858,-1.0724250679418161,0.2841968991378615,0.02604746678874996,0.09232965921717814,0.026048153634800408,-6.794181617308936e-08
859,-0.37416722914083,0.49996628826981304,0.03422946777221679,0.09400527592112047,0.03423228840563435,-2.291408299770481e-07
