index,r2,pearson,mae,rmse,normalized_mae,saved_r2_difference
0,0.3806922448046053,0.6998302655993464,0.03497570708671868,0.08376875613832725,0.03499075351312299,2.4480460530940107e-07
1,0.6198727840327802,0.7977704995290443,0.03077495727080082,0.0684025044116527,0.030788783112406973,-2.1596721977434896e-07
2,0.25716095276275985,0.5875815929811574,0.0505701675452148,0.10386404103479305,0.050598968918534264,-4.7237240119457624e-08
3,0.6768584080488329,0.8396810595238205,0.03067563822333986,0.06814924303607273,0.030693264247762527,4.0804883294498495e-07
4,0.05292788308073337,0.4595921900187546,0.05292474124082035,0.11331114828364187,0.05295251781234442,-1.1691926662948937e-07
5,0.274580405404392,0.5819120232974369,0.051022476420214916,0.11012563307097217,0.051056648665800924,4.054043920009853e-07
6,0.7373576310755858,0.8648157637846351,0.023872997225683583,0.051396917304936805,0.02388305836764464,-3.689244141291681e-07
7,0.118249273585054,0.49866256666385644,0.05848589873261716,0.12102258616442897,0.058518560305273366,2.7358505398644706e-07
8,0.2856360795372529,0.5874977711985874,0.046815741430859426,0.09888484856458386,0.04684484506972326,7.953725289500113e-08
9,0.19307438892223072,0.568049960562456,0.07248416807636728,0.13839404004211794,0.07253740742881898,3.889222307262852e-07
10,0.4437010377308239,0.8150415251436562,0.029944792118749994,0.06699313912297034,0.029957719788549206,3.77308239096763e-08
11,0.42246138905001007,0.7436485956149206,0.02974944579072264,0.06848806585462003,0.029757521023736303,3.8905001009670315e-07
12,0.4755612716793718,0.7117418290795459,0.03406888185664065,0.06883994018019006,0.034086916541992536,2.7167937177718926e-07
13,0.38951928337719033,0.6812686256207882,0.05276549117910163,0.10472161996392648,0.052807375782223775,2.8337719032434094e-07
14,0.42556074930984367,0.6703596963661296,0.04356015039033204,0.08449403634814191,0.04358018733586581,-2.5069015635592606e-07
15,0.6758287846494286,0.842198220045936,0.024613535778124997,0.055932961152849105,0.024622826009775004,-2.1535057137533897e-07
16,0.3382319691406648,0.6220572981934799,0.04284723466865236,0.09328433295328019,0.04287063848757771,-3.085933519830775e-08
17,0.2978372334771816,0.6470866506569526,0.03971295075615236,0.0807272899379325,0.039733137919882235,2.3347718158817088e-07
18,0.5177868259770273,0.8001745567539601,0.02120963098505858,0.047739813313035805,0.02121299963273456,-1.7402297269875078e-07
19,0.16287535283602406,0.5207425226729161,0.038788100459863264,0.08415724516620053,0.03880428760635139,3.5283602406455117e-07
20,0.5562888428149115,0.8679123342888582,0.022473486367089814,0.051433825117401286,0.022477358528157042,-1.571850885007109e-07
21,0.25589502835446765,0.5822533891856481,0.053771390902832034,0.10262018686539422,0.05380524052215684,2.835446766269456e-08
22,0.35596286725921467,0.6850021284413567,0.05326715225117192,0.10085550602237653,0.05330072681072588,-1.3274078530800537e-07
23,0.20871320294104512,0.5193702506385285,0.04439741434501955,0.09733151171330477,0.044415430651661016,2.0294104510765187e-07
24,-0.02302850906498466,0.45291821519293435,0.03578499361757817,0.09478751105369465,0.03580030352071799,-5.090649846592465e-07
25,0.23898647769931103,0.567230918500463,0.04511514743447264,0.09286675958707763,0.04513841398030653,4.77699311024482e-07
26,-0.11595611073409828,0.33210623059890765,0.0652759710976563,0.13221675546680703,0.06530994825209172,-1.1073409827977443e-07
27,0.6066454030243844,0.7949676883039019,0.028867721458007794,0.06561990955178418,0.028883427188360986,4.0302438442108013e-07
28,0.4935238852458681,0.7491195711707165,0.03740196154941404,0.07897452112845976,0.03742009853606706,-1.1475413191908146e-07
29,0.5034171288720641,0.7263884168973432,0.03370156981376958,0.07109876791594746,0.03371899202243536,1.2887206413125796e-07
30,0.16205491265138705,0.5111699647041827,0.07018899451572269,0.13999503249231537,0.07024560734028507,-8.734861295378593e-08
31,0.45794732821995765,0.6951620247975715,0.040721904232128896,0.08513365870248765,0.04074729769541943,3.2821995765708323e-07
32,0.10718771221051593,0.44298988851032256,0.046877417289355496,0.10689832645534425,0.04690605594129104,-2.8778948407692795e-07
33,0.7437538571708391,0.8857013151003672,0.022986677165332012,0.04769652782210344,0.02299429990681863,-1.4282916094288112e-07
34,0.272797307400789,0.5656888126242778,0.050423574801757805,0.09755479534797723,0.05045144205434291,3.0740078899027523e-07
35,0.11645864695203556,0.4373550462077827,0.06924794697275398,0.13813531340587493,0.06929581587791135,-3.5304796443258457e-07
36,0.6568835737891903,0.815939134099113,0.030084528316601567,0.06619203763562029,0.030099102666311734,-4.262108097563555e-07
37,0.13295237524665204,0.5286470820979661,0.07136289271445304,0.13208151582164274,0.0714203779482101,3.752466520567932e-07
38,0.053041617963820564,0.42665881235466174,0.0630403839763672,0.12787723073379953,0.06307894658387705,-3.820361794346083e-07
39,0.6898392339043223,0.8587965626071609,0.01925238095302733,0.04994834222924156,0.019258554741103193,2.3390432235537162e-07
40,0.37983226391789215,0.7230580562743605,0.03532956660449223,0.07503982452989728,0.035337899277608095,2.6391789215152173e-07
41,0.5515529076300616,0.7607077414153333,0.03502100158554689,0.08090788395443511,0.03504306656104056,-9.236993836481133e-08
42,0.20207271280807437,0.5015165866178738,0.04108304077939453,0.09107519713010215,0.041099703137452565,-2.871919256297595e-07
43,0.4004014413852829,0.6809749073526646,0.045219890422265575,0.09150623986992538,0.04523477225522459,4.413852828788478e-07
44,0.8570176307831551,0.932307997030964,0.020214804012304705,0.03973786454665671,0.02022562824672114,-3.692168448754529e-07
45,0.6430416989187006,0.8133455409449454,0.02357976018066405,0.05582571364223059,0.023584847691744484,-3.0108129944750317e-07
46,0.19561626747155192,0.5478933428356012,0.06580882556982418,0.12870203100945088,0.06585909906040466,2.6747155190687266e-07
47,0.24982765583812228,0.5513760185781853,0.031229042010449192,0.07866777797066896,0.03123740750063253,-3.4416187771890705e-07
48,0.6525101186262036,0.8732991498744506,0.025312800189160156,0.05559476740880535,0.025321976007253603,1.1862620352687259e-07
49,0.3150989090654651,0.6259821884677649,0.05874883808632819,0.12016276835065931,0.0587911413167329,-9.093453490205405e-08
50,0.568209760647991,0.7740637366697672,0.01931737828437499,0.05059863722758798,0.019323060083337236,-2.39352008990501e-07
51,0.21785627333030877,0.5655849834058575,0.04317181003955081,0.10087298089031607,0.0431871753498642,2.733303087754102e-07
52,0.6019474094187259,0.8346080153682858,0.030355867808496112,0.06626726856464514,0.03036582836804182,4.094187259218174e-07
53,0.4705934560794244,0.7455159085775976,0.04967402469531259,0.10282664502269155,0.04970975443632147,4.5607942439351845e-07
54,0.33659555868055846,0.6468921600313983,0.0500852709623047,0.0938278284343977,0.05011244073499513,5.58680558482294e-07
55,0.3089560367110128,0.647226875603471,0.04851940217958983,0.10137135165675734,0.048547917196848325,3.6711012785239916e-08
56,0.4268964852281837,0.7002163233302936,0.049463331624511685,0.09520614746058215,0.049496041122884575,-5.147718163400761e-07
57,0.04601020084227181,0.4378695171061781,0.06049137809472661,0.12231705254720998,0.06053730799244971,2.0084227180666714e-07
58,0.5153911561072526,0.7867512667445561,0.02581021452402348,0.05945552538597598,0.025819720839169932,1.561072525690932e-07
59,0.5194474347917868,0.7943776371985247,0.030413270241210877,0.06899297459958932,0.030424569920394398,4.3479178679639574e-07
60,0.7787901419973803,0.8959454587769475,0.023652764903710936,0.04558921314137384,0.023659925610954993,1.4199738029851972e-07
61,0.3330315964581778,0.6310148619985253,0.05041401845937506,0.09890379666149507,0.05043398099060425,-4.035418221803866e-07
62,0.4686869006526364,0.7585587010379811,0.049293051181640624,0.091867744795143,0.049327794779809184,-9.934736361350005e-08
63,0.3613769878162967,0.6410517953845789,0.03949172347900388,0.08596135103632438,0.03951474501048693,-1.2183703324009088e-08
64,0.5517677323872309,0.754360433335403,0.03544999217695317,0.08598500312587903,0.03546968195073106,-2.676127691669805e-07
65,0.39093552009357957,0.6736851283392148,0.061422670753808625,0.11739253964599779,0.06146698591821584,5.200935795923733e-07
66,0.009837298815486228,0.3534278775086679,0.0754637616249024,0.15059652143317215,0.07550197276560841,2.988154862281628e-07
67,-0.07354589305084969,0.2857176849512578,0.04232970784404291,0.09934997372424303,0.04234757341714235,1.0694915031361774e-07
68,0.7805801289468313,0.8941354673721318,0.022881633416601557,0.047781576458210163,0.02289180341617608,1.2894683121267292e-07
69,0.24484165427111004,0.5679094460202063,0.06389555350205073,0.129595167389983,0.06394402780698648,-3.457288899610944e-07
70,0.41705325150412087,0.6724898344915418,0.03995361683759762,0.08086274389061333,0.039974438287291324,2.5150412086283325e-07
71,0.837517451599342,0.9163753442986361,0.020413634727734376,0.040598626440734316,0.020420085937258078,4.515993420328712e-07
72,0.525414100313373,0.746717107573053,0.0374117690441406,0.07537587791111881,0.03743184726616627,1.0031337294158504e-07
73,0.5722988780130258,0.7633427086515817,0.03121652071845707,0.06799464099501609,0.031229187936019785,-1.2198697418863702e-07
74,0.3209399993693065,0.6341405968144306,0.04440066818720703,0.08972835765358599,0.044413072811739035,-6.306934974276146e-10
75,0.5283557917165278,0.79181245777546,0.03119432032275391,0.06028066523053027,0.031205663762524437,-2.082834722472171e-07
76,0.44383959678282225,0.6943869932823977,0.03181761566152348,0.0665309458739825,0.031831029680783655,-4.0321717775793076e-07
77,0.18128496578902975,0.5715089467049005,0.06473401244013682,0.13679796826613724,0.0647852322926397,-3.4210970251136175e-08
78,0.5980839652782183,0.7832961144727104,0.03212789649414064,0.06791940380585888,0.03214475489120522,-3.4721781672075736e-08
79,0.46183051145083176,0.7527430695697069,0.031644190523828115,0.06786063767656589,0.03165681379545927,5.114508317416444e-07
80,0.08192878072380849,0.441115351315064,0.06430612771181646,0.13133790552082883,0.06435058603877705,-2.19276191509854e-07
81,0.40666723026796303,0.7355102559443001,0.038553044470410185,0.0834430932620895,0.038564209661376185,2.3026796303060593e-07
82,0.5158225715833743,0.7365726083724565,0.02793885175322266,0.06257827529439394,0.0279518843640304,-4.284166257306765e-07
83,0.3418993576948921,0.6359572759572862,0.059156744037695344,0.11957954261765988,0.059197993116421675,3.576948920946954e-07
84,0.4666342312012689,0.7345740409859779,0.040028222579199225,0.08492402559286408,0.04004090056537755,2.312012689076326e-07
85,0.26909553741163517,0.6320473691861719,0.04222326145576169,0.08492804983427577,0.04224489428882094,-4.625883648357032e-07
86,0.11340325583471444,0.4831718720488675,0.04976051570058582,0.10100413306498982,0.04978093284242562,2.558347144410167e-07
87,0.1714099620382742,0.5760969121749137,0.06061988187490235,0.11858470654089398,0.06064559465490019,-3.796172581838064e-08
88,0.5299731225192008,0.8524809433889746,0.0388565698269531,0.08504170199187266,0.03887939762421588,1.225192007847653e-07
89,0.14243782551087725,0.5177774616961629,0.037253712045898425,0.08040137380889754,0.037264938540907164,-1.744891227617451e-07
90,-0.016903713959602218,0.428557744320076,0.0778238408359375,0.15464592571755173,0.07786871339063414,2.8604039778099e-07
91,0.587027632180571,0.8104440947064948,0.03030755354121095,0.061293271238084694,0.03031947565324526,-3.678194290257508e-07
92,0.1829303020992118,0.5072365923229636,0.04450912933701173,0.1185732195175948,0.04453015008825988,3.020992117852561e-07
93,0.08844780775972927,0.42848852802790605,0.04692409569140632,0.1028123288844311,0.04694441208281767,-1.9224027072994865e-07
94,0.2606023177888118,0.6002045112070973,0.03869036360556643,0.08624491811486054,0.03870767794085692,3.1778881182109586e-07
95,0.05521811861163928,0.46441820357837643,0.05647927386181642,0.1224966343824456,0.05651598720095884,1.1861163927429086e-07
96,0.4875742266089005,0.7821205105284055,0.027982317592675773,0.06160251572961525,0.027993042082609252,2.2660890047765392e-07
97,0.1985511767075624,0.5178416368333211,0.03515622584541018,0.07673516715302302,0.03518019334420737,1.7670756238818974e-07
98,-0.12440028582042317,0.2635342252233522,0.06688047203349631,0.1371060979154456,0.06691446747367794,-2.8582042317648604e-07
99,-0.21760679062315447,0.33025489556561155,0.05899483779716804,0.11702324787080903,0.05901818083330213,2.0937684552801983e-07
100,0.29418605368829753,0.5739828247741559,0.048053173842285184,0.10474024174168799,0.048084193648019906,5.368829752994131e-08
101,0.4104983051344663,0.6850341866289331,0.04249105648681646,0.08599031974063288,0.04251388868126885,3.0513446630520136e-07
102,0.4207926167498687,0.6739829350677102,0.03367310130673826,0.07468763236252873,0.03368424244066241,-3.832501312972525e-07
103,-0.1459461155215498,0.6986825682348893,0.03561502927568358,0.07921866488368169,0.03562708727762352,-1.155215497983253e-07
104,0.5290733838398157,0.7686432203103509,0.03898557190029295,0.07376241110408577,0.03900644696491258,3.838398157096634e-07
105,0.639434465500234,0.8130528527436472,0.028997345984374964,0.059216804863661224,0.02900977157447776,4.6550023402591734e-07
106,0.29133779518834846,0.6207335286397373,0.039780394727343696,0.07842259342742598,0.03979808075564302,-2.0481165152741454e-07
107,0.4125549565923735,0.7168443227498165,0.04193134990166015,0.07689340435318456,0.041954509999469744,-4.340762649324148e-08
108,0.5563157818190617,0.779286415052547,0.026706440350585916,0.05566845799122376,0.02671763198188923,-2.1818093831615926e-07
109,0.20405861699517003,0.5787801190842744,0.04302918522988282,0.09505683658581775,0.043042219998051925,-3.830048299624522e-07
110,-0.36317012658903236,0.21264500376459922,0.07534159625830078,0.14179008932240336,0.07537255715666286,-1.2658903236761887e-07
111,0.020462136873283132,0.4039740232022713,0.055211507488281186,0.11733024992246702,0.055234468992815845,1.3687328313111147e-07
112,0.18575677128291324,0.5438549321461508,0.04965971735126954,0.10228344261087038,0.0496832785232671,-2.2871708676985847e-07
113,0.45459273941262146,0.7085375386472379,0.03951996294951174,0.08945488799306216,0.03954067105136241,-2.6058737856438086e-07
114,0.29293616022535895,0.6795487189647124,0.05346148598486331,0.10618960163459758,0.053493036803838746,1.602253589805258e-07
115,0.7281208349948386,0.8588231856742917,0.03208598952441404,0.06548365838098692,0.03210106666030996,-1.650051614232595e-07
116,0.3183899577407363,0.63280497227444,0.041258408780761674,0.08807557437133176,0.04128002578453619,-4.225926369949562e-08
117,0.17950921428953126,0.4962767242380268,0.04479957197285156,0.09649813977346537,0.04482199014840858,2.1428953125846029e-07
118,0.5181966321489773,0.7603231181835275,0.038210624141406226,0.07360934842330957,0.0382332780353712,-3.678510227533849e-07
119,-0.012896502589023084,0.3535809779013473,0.05278475169775387,0.11697397084060801,0.05281845351028488,4.974109769160379e-07
120,0.598025742126707,0.7826982629095716,0.035863036936035174,0.07440036233571859,0.035881287113103136,-2.5787329294146843e-07
121,0.6284334141382701,0.8161288511344658,0.034738328239843755,0.07135567494365713,0.03475969857552335,4.141382701217111e-07
122,0.26130747668918386,0.5781578551256259,0.04271256631562504,0.08413669327617751,0.042734012525106405,-5.23310816125111e-07
123,0.3701327459095818,0.764965502789012,0.03050506018720701,0.06779167268626671,0.030516796477173463,-2.5409041820578793e-07
124,0.5268799962097264,0.7629720036600949,0.03419380684843745,0.06595909682644507,0.03420647039505658,-3.790273650494669e-09
125,0.65533945968973,0.8190456521065353,0.033141180548535154,0.07107405545309117,0.03315552898499199,4.596897299480318e-07
126,0.03930492828590881,0.5086381270498432,0.056478531753417896,0.11958744027393721,0.056517841607791365,-7.171409118628125e-08
127,0.11838821889277773,0.6349218080317449,0.032653255742578075,0.08765485065621448,0.03266628347782409,2.1889277773690097e-07
128,0.273526086615579,0.6155612818814985,0.05163681851874999,0.10935694571071698,0.05166010374225066,8.661557898692607e-08
129,-0.07813510397762102,0.2800462910593172,0.055741539647168034,0.13185065343100683,0.055771273839690674,-1.0397762102709596e-07
130,0.18827694234004178,0.534269588138259,0.045597878686523506,0.09759928565097171,0.045626536280509195,-5.7659958224709484e-08
131,0.04349993244808492,0.49479224703094193,0.05308540561494142,0.11005406928175397,0.05310866660547582,-6.75519150755699e-08
132,0.3796508002927249,0.6548877152559474,0.02684872891171873,0.06734584482418923,0.026858600502946563,-1.9970727510587594e-07
133,0.6162441764250063,0.7868787967181216,0.03217800083896482,0.06827143850123828,0.03219457080183479,1.7642500627079727e-07
134,0.03362545494816205,0.47069038716270706,0.06512621931201168,0.13171893283780822,0.06516645591011476,-5.450518379551683e-07
135,0.4934730432141875,0.742785070409241,0.02799699573515627,0.06975448498718602,0.028013780861488792,4.321418750619088e-08
136,0.485546599139543,0.7132039924217168,0.03533500137851561,0.0710894253055708,0.03535189706472229,-4.0086045699494477e-07
137,0.4170351596623071,0.6942211374129176,0.053880474320605505,0.10514945281310054,0.05392234950054769,1.5966230709762996e-07
138,0.24946021045260813,0.5619047851863633,0.04309727929580076,0.09553583475873369,0.043117653374414436,2.1045260814589462e-07
139,0.21112448070785594,0.5775261776854042,0.05046922928544922,0.09719135500094371,0.050502791137511924,-5.192921440633214e-07
140,0.48368377731262713,0.7494255408100278,0.04842263914404296,0.09366296289702279,0.048456805005122124,-2.2268737287500784e-07
141,0.6691990508251529,0.8284331043305928,0.035038947719824215,0.06585643995339072,0.035057870591112344,5.0825152864142353e-08
142,0.4317231084650981,0.6915981341092649,0.03828080139365242,0.08118945293639122,0.03829868564663172,1.0846509806983207e-07
143,0.5778238990658903,0.7952054668515741,0.02650397518378906,0.060563376995112744,0.026518612229928233,-1.0093410973688322e-07
144,0.4828508690617547,0.7285421182447892,0.04273011783583979,0.088547402839113,0.04274734233026579,-1.3093824530185927e-07
145,0.32454926257391903,0.6254284884089923,0.04230603385791023,0.09538420173113368,0.04232354735450258,2.6257391905204486e-07
146,0.5829050544475491,0.7827834035107207,0.04305216298037113,0.09373294059151602,0.04307602208686588,5.444754913597194e-08
147,0.41015183847405423,0.6666805444854942,0.03343036953105468,0.06970016310926871,0.03344448298581901,-1.6152594578544566e-07
148,0.09176263028828091,0.5428202955864392,0.07381245201904293,0.14019237620547365,0.07386659522875992,-3.6971171908650735e-07
149,0.37774508321340416,0.6848949651728667,0.05292966205458983,0.10945851044528815,0.05295884091956838,8.321340416728162e-08
150,0.30428189040973275,0.5981180604809677,0.048874945749902296,0.09961967207458576,0.048902462931061784,-1.0959026724988163e-07
151,0.21407984251658296,0.5491983731715974,0.060184005418652285,0.11522128241115571,0.06022384607643484,-1.5748341702925828e-07
152,0.32060934183636625,0.5987097736234216,0.03612524129121101,0.08177109541006455,0.03614139329550079,3.4183636626883285e-07
153,0.6402885292358911,0.8002815185870428,0.03226532460498047,0.06215519349570043,0.032274648031071995,-4.70764108917443e-07
154,0.5890785880333409,0.7805878763320718,0.027384467310644513,0.06003480152205462,0.027389512056139424,-4.119666591195781e-07
155,0.3831399358559189,0.7724398959233605,0.027842164994433573,0.06536597956757788,0.027852075381170266,-6.414408110222425e-08
156,0.4072120078846645,0.7254357617581004,0.053239633635254004,0.11104332200421178,0.053260097592119506,7.884664476875969e-09
157,0.5277884915745632,0.8028277720751026,0.03058886018183592,0.06584887474661773,0.030600349428812915,4.91574563166175e-07
158,0.25715240525866656,0.5875832085479751,0.056580787333496044,0.11299040320036453,0.056619231587915,4.052586665692637e-07
159,0.5949345600308762,0.7911405260142742,0.03708750166230471,0.06929010157233734,0.03710696991941897,-4.399691237999548e-07
160,0.41627615341494206,0.6751373864117475,0.051256794388379004,0.10359511005454518,0.0512888071795476,1.5341494208342965e-07
161,0.38254600406527217,0.7714121029559078,0.04102183906728513,0.0927699346928924,0.04104750245428483,4.0652721744471876e-09
162,0.524499308449353,0.736115897033535,0.04146057739863288,0.08250055520199251,0.04148743940378345,3.084493529481591e-07
163,0.3645688397155761,0.6576421698291456,0.042899561971582054,0.08510754496094915,0.04292189004179433,-1.6028442390014774e-07
164,0.24235836099426344,0.5677346680793187,0.054462192438671966,0.11107338705072581,0.054492895894137396,3.6099426345415075e-07
165,0.2865041561500711,0.6088966293724507,0.051051898229785155,0.10982932891612925,0.05107298104910896,1.5615007109559542e-07
166,-0.19819818177640758,0.3416255116342765,0.09553108918749986,0.17217301398464036,0.09562926668725653,-1.8177640756511515e-07
167,0.3287369824616889,0.6474556244469419,0.03810237655195307,0.07668629435385417,0.038121571617185525,-1.7538311081199964e-08
168,0.43941188454917157,0.6988527698129154,0.043555355050781286,0.08611080251286524,0.04358181308574752,-1.154508284528788e-07
169,0.26495105970183186,0.6570770771780085,0.05358236755712892,0.10959598951790261,0.05361120448254691,5.970183186709832e-08
170,0.3926238006470627,0.6511423655187565,0.03131721901796875,0.06815368416249834,0.031327724751667584,-1.9935293726902614e-07
171,0.0989954141203504,0.4930177128453974,0.05378765392470705,0.11466882022029637,0.05381332346118193,4.141203504004487e-07
172,0.5535182581919889,0.7751636504127863,0.04587118388515621,0.08807576268995781,0.04590372339590864,2.5819198889998063e-07
173,0.530508694682426,0.7587700488907085,0.034318466706152295,0.06767428163119044,0.03433629748363021,-3.05317574000874e-07
174,0.44023951435135666,0.710866241958909,0.03787705323164061,0.07118127129832419,0.037893777028674275,-4.856486433557627e-07
175,0.09532442329639457,0.5490186483774077,0.07613835786533217,0.15367993397046992,0.07618282513280818,4.2329639456106793e-07
176,0.1993092003687822,0.5471381184879227,0.04313692276425781,0.08703197655181817,0.043157495985751713,2.0036878220497378e-07
177,0.4026376704975001,0.6793804516522254,0.044133787005957124,0.09861127201286389,0.044160425113142554,-3.2950249989616154e-07
178,0.7866370589011744,0.8900699071645692,0.021031199596582003,0.043695205018400955,0.021037501674733693,5.890117438234199e-08
179,-0.15282267263820692,0.2894533080251081,0.03620142518437504,0.08348237829397037,0.03621577284867131,3.2736179306214197e-07
180,0.62942913069717,0.8263666862475558,0.024640297276074218,0.05565806629364387,0.024648148108081826,1.3069716997549108e-07
181,0.2443003949682785,0.5955205247282098,0.054000645361816355,0.10946195125293966,0.054038302163428316,3.9496827849982985e-07
182,0.37294783409302423,0.6978970793880085,0.06207414750722644,0.12478604224469585,0.06210705294801595,-1.6590697576868152e-07
183,0.3922989996606333,0.7006699967599659,0.034066064980468734,0.08284530057825185,0.034081391886804834,-3.393667014073287e-10
184,0.5501504115616056,0.7459687668027443,0.03457438280341791,0.07013299527635711,0.034589956720432545,4.1156160557331845e-07
185,0.23042175340583326,0.5447495948704174,0.05487098858212894,0.10840054140558417,0.0548982909954745,-2.465941667251226e-07
186,0.47543985012575674,0.7538115872846857,0.032304304151074256,0.07792815811152673,0.03231571061452358,-1.4987424323820164e-07
187,0.3180184044010701,0.6197592009968399,0.051078839711132806,0.10212454985834517,0.05111249562323335,4.044010700754441e-07
188,0.3690034896535146,0.6499092751923693,0.04879911976044922,0.09965984942693171,0.04882471437391744,-5.103464854050443e-07
189,0.4661976472192334,0.6873220921847514,0.04399019342343751,0.0873804487306954,0.04401342679544136,-3.5278076659928104e-07
190,0.1898926103808951,0.4937146876233182,0.059015034283007854,0.12507984806037578,0.059053012982288836,-3.8961910489576645e-07
191,0.6878270295176587,0.849135309069982,0.02538955953378907,0.051706442368413756,0.025399783551183268,2.9517658761690768e-08
192,0.038804185900571664,0.4987286077580983,0.037852395247949214,0.08877412478212918,0.0378674269351287,1.8590057166562035e-07
193,0.2001975060951805,0.5890635744145906,0.040209744369921835,0.07834778031595459,0.04022761668741819,-4.939048194874118e-07
194,0.7187707461239766,0.8645652647176135,0.025584093956933552,0.051464412067393175,0.025594497275457612,-2.538760234260806e-07
195,0.5971680810040801,0.8426779368379512,0.022679960462500013,0.052357313486594524,0.02268790571716877,8.10040801102474e-08
196,0.20079049803381388,0.5409149057075928,0.0550600496418945,0.10634175048010655,0.05509636121831432,4.980338138838025e-07
197,0.4451533207816968,0.7256104278950537,0.04145654643037113,0.07684394315732265,0.04148100890545802,3.2078169676097446e-07
198,0.5228818928070441,0.724796135912629,0.034142402418554714,0.07134005573078575,0.03415254714238671,-1.0719295584493693e-07
199,0.7731812315830081,0.8840951426541668,0.023578161079687503,0.04757719446393269,0.02358963132797301,2.31583008103442e-07
200,0.6640048210116396,0.8919640352859841,0.023195994380078144,0.05135962345935633,0.023205110570419532,-1.789883603553477e-07
201,0.26078753266867294,0.5779924459103776,0.04105662847480463,0.08525519666969139,0.04107138396092052,-4.6733132708087766e-07
202,0.43337242359769534,0.6902348877026877,0.04514968895390626,0.09536761047670762,0.0451735975999324,4.2359769536481906e-07
203,0.6181489067465247,0.8440937982703434,0.02683424668388674,0.05519110150508197,0.026843829700232788,-9.325347527511241e-08
204,0.42593707088860944,0.6965807314052659,0.047279827399121094,0.09637162572059246,0.047307227977371004,7.088860942694453e-08
205,0.5110372189425914,0.7345030162674302,0.039805970855957024,0.0779220741635921,0.03982375815744992,2.189425913901033e-07
206,0.6112033360694731,0.7862579573642803,0.0354530619838867,0.07447010488974935,0.03547282840873698,3.360694730281111e-07
207,0.5534069489419813,0.7851608368061362,0.03324980543515625,0.0676006805982649,0.0332648718141221,-5.1058018701866104e-08
208,-0.04853328720849359,0.3799404366637661,0.03447961870488278,0.0840013614308166,0.03449296570967399,-2.8720849359203937e-07
209,0.062309524099119495,0.4506406630505542,0.06049116185009766,0.1250315024064393,0.06052193316788304,-4.759008805019227e-07
210,0.48709521805920486,0.7429071249747118,0.02955701092148434,0.08009020731404139,0.02956944569838804,2.1805920485951091e-07
211,0.35924399583105904,0.6533880093725222,0.03547854556552735,0.06815230105329184,0.03549367055434801,-4.16894097021725e-09
212,0.5686878388895695,0.7901938082920223,0.03125878299052732,0.06445446865211266,0.031273989204692765,-1.6111043044109152e-07
213,0.21362670411777185,0.6115656377781646,0.06130194652519524,0.11475651359691319,0.06134739643707122,-2.9588222816290255e-07
214,0.2993153580514524,0.6153512857693417,0.05182143256201167,0.09855811259823204,0.05185226906494277,3.580514523759959e-07
215,0.1873333246666946,0.5118067727013343,0.04673069192812499,0.10137894004638441,0.046745543800762956,3.2466669461217457e-07
216,0.32119445366237487,0.6268527299865916,0.054869484648730434,0.10187471366684975,0.054908025030763724,4.5366237488853045e-07
217,0.6571469732119992,0.835924035750477,0.03251716214999997,0.06234848284596141,0.032533886711752946,-2.6788000817568047e-08
218,0.3110375995137228,0.6761955474712714,0.04602709755205081,0.08323897688780135,0.0460500340609158,-4.004862771966877e-07
219,0.19161735125971158,0.726815295340691,0.03748536418251955,0.07716708613447733,0.03750014445945668,3.5125971156735325e-07
220,-0.09682154549851285,0.29812537326564054,0.0642633412804688,0.13613244963639998,0.06428255460964875,4.5450148715431293e-07
221,0.5873652738029959,0.7844952164058991,0.02740572726484375,0.06445964407490437,0.02741562629082608,2.738029958315735e-07
222,0.4653989522703518,0.6962980389336215,0.03384484357861324,0.07349221793302502,0.033859969321264595,-4.772964823374082e-08
223,0.3693727088621578,0.6880011291913849,0.059071547328711005,0.11123734256838626,0.059100585248811593,-2.9113784222323247e-07
224,0.41007822077185807,0.7335788188905016,0.032104418513964846,0.06481536732217053,0.032117527726128144,2.2077185807267696e-07
225,0.2600071599052468,0.6749499636241258,0.033631708595117195,0.07236547157737128,0.03364214150091504,1.599052468215234e-07
226,0.3784998498102854,0.6568778556602812,0.0396029099225586,0.07655350184503804,0.03962311602378598,-1.5018971460944996e-07
227,0.7497773599063839,0.8703823968024181,0.027428889001171852,0.05796522651870392,0.0274414523786188,3.5990638391769636e-07
228,0.32379543149151657,0.6367095377832052,0.04586403034257814,0.09728679194533499,0.04588624361155891,4.314915165726241e-07
229,0.4242333588281133,0.6797818054807042,0.04472019855166021,0.09672547742187693,0.04474388345790535,3.5882811327825337e-07
230,0.3905212297875885,0.7302781152299557,0.040844119823828115,0.08877674835424557,0.04085679582858952,2.2978758851266434e-07
231,0.2544428269225254,0.651334428916683,0.05850311333847661,0.11709316576148297,0.058540593965471115,-1.7307747457451228e-07
232,0.1322356769029519,0.44572007358065574,0.035716857749316405,0.08453077802746756,0.03572828338638124,-3.2309704808830553e-07
233,0.009807872493591718,0.46133768180561924,0.07489054337802732,0.14787931968154172,0.07492854829911713,-1.275064082824351e-07
234,0.15368906115505776,0.48590801979682124,0.046514396105175736,0.10331488702560129,0.04653710553323421,6.115505776782548e-08
235,0.5378747141132532,0.7494857777373902,0.023299057850683595,0.05944106647926454,0.023307864072172283,-2.858867468313875e-07
236,0.17861642705233216,0.5207308317625147,0.059169333930663905,0.1087364668129867,0.059202686296813384,4.270523321636688e-07
237,0.3349952209377127,0.6031543404744977,0.0427441481376953,0.08988257412613726,0.04276327588586674,2.2093771273601348e-07
238,0.2623085518941176,0.5451901260739963,0.04456493818164067,0.09326321065342402,0.04458028271495115,-4.481058824001849e-07
239,0.1992957628260097,0.6619064850766168,0.05630263950654289,0.11006885331871172,0.05633118601102821,-2.3717399030842579e-07
240,0.6713457152983631,0.8579716790046373,0.02589150012617185,0.05561472920961197,0.02590338689511941,-2.84701636932283e-07
241,0.4412426444491392,0.8042268240340797,0.024492246107128926,0.0549491921271032,0.024499415733746442,-3.555508608088509e-07
242,0.2655509746276845,0.6159604238054871,0.06954224498242179,0.12678472473289817,0.069602936334644,-2.5372315470839624e-08
243,0.18601809135641634,0.5757813796787528,0.06482279620039062,0.12695179609099183,0.06487365334301545,9.135641634849812e-08
244,0.19277087598154385,0.5468887202590228,0.06494969007939458,0.134784022712972,0.06498420982162023,-1.2401845614351537e-07
245,0.4527982034013446,0.7102265383010344,0.035915580601464894,0.06920264806876826,0.035931539300006365,2.0340134460061776e-07
246,0.2992844627320239,0.5946140231526345,0.04880988507128909,0.10267324364437092,0.048837726164775885,4.627320239203314e-07
247,0.16336969183839356,0.5211254744922321,0.053084690145898464,0.10012606202491432,0.053114431396481296,-3.081616064271042e-07
248,0.21315751966028962,0.572853050286482,0.054482438268261726,0.11671951905811104,0.05450591295115981,-4.80339710368094e-07
249,0.35594624321917656,0.6363612092958743,0.04566352574072261,0.09156478020093968,0.04569054665940435,2.432191765766589e-07
250,-0.429238939380723,0.1674578888926886,0.0582903362910157,0.11455961552326056,0.058316208702714985,6.061927698697289e-08
251,0.6405324576219702,0.8417721319481035,0.025888780277148412,0.05432050774978142,0.025898376190111448,4.5762197020682294e-07
252,0.6721848930782596,0.8274568458564024,0.030787839101855473,0.0593730195761818,0.030798950047917592,-1.0692174046145198e-07
253,0.2946326289745512,0.679277117497677,0.041722521511914044,0.08684913936354974,0.041741284273458634,-3.7102544875322607e-07
254,0.08844597317976288,0.4009272323764002,0.04411379455800783,0.10934685893767142,0.044139445044455904,-2.6820237114533185e-08
255,0.21585071768686015,0.6294618808529538,0.04776517524179694,0.10323025098187517,0.04778150038867348,-2.82313139837731e-07
256,0.18446742235061808,0.5259344680536898,0.05668485848349615,0.12318425126368295,0.05671084008985442,-5.776493819109607e-07
257,0.31689195137645,0.6399496494233928,0.05615501641708992,0.11570323843675069,0.05618182415315739,-4.862355001966634e-08
258,0.2855447538453929,0.6131612350033098,0.040821592663085896,0.08456670789106237,0.040841228835937486,-2.461546070864351e-07
259,0.4115436425117919,0.6732991846951233,0.0389072588438476,0.07464744355311832,0.03892452299860865,-3.5748820814696103e-07
260,0.3203164480521322,0.6286225297367257,0.044704976050976515,0.1027157641834408,0.04473026312883048,4.4805213222920415e-07
261,0.07392754237326982,0.4570121794783715,0.04320275259121097,0.09059118107022755,0.04322005047853991,-4.576267301770187e-07
262,0.24738552432586225,0.5636005099207756,0.06517159435185546,0.13428407293122752,0.06519913485761412,-4.756741377454077e-07
263,0.2424796197272765,0.5648881354803739,0.056405256324999986,0.10909396101954857,0.05644251851300639,-3.802727235047154e-07
264,0.17422443373200736,0.5150508572699916,0.06519824249667976,0.13215096762407313,0.06524289207010253,4.337320073655171e-07
265,0.4010661428228426,0.6565791172077907,0.03997355537070315,0.07988324434695157,0.039994081593190345,1.4282284260813682e-07
266,0.16423797804830043,0.5050141757569453,0.05371366054130854,0.10572810170198753,0.053741999675842006,-2.19516995692004e-08
267,0.034018542595298906,0.4367293684649043,0.059297522385644515,0.1196562726076189,0.05933928793401578,-4.5740470109439935e-07
268,0.323025490566447,0.6795180013506172,0.044987657895410156,0.08988056165608038,0.04500248431488707,4.905664470200577e-07
269,0.5186929359222185,0.763687285971044,0.030309749004980457,0.0734285729976357,0.03031739358428056,-6.407778141426235e-08
270,0.3113458616695123,0.6252417252164975,0.053355768914355464,0.11671441486051634,0.05340357090994766,-1.3833048773115308e-07
271,-0.00569027738017347,0.5531074111762161,0.03869018684355469,0.08721766334135529,0.038706337167244836,-2.7738017346987803e-07
272,0.1793442471171932,0.5283016521430567,0.05842850182187501,0.1225509949952225,0.05846226799677267,2.471171932083571e-07
273,0.2773544877129065,0.5825940830369171,0.055463413104687435,0.11283982411962212,0.05549471655885448,-5.12287093523689e-07
274,0.4928833056998745,0.7321526424996805,0.03485829306572259,0.07437361355743051,0.03487516335404243,3.056998744699335e-07
275,-0.057142969551080114,0.4048871773655286,0.06833639693310546,0.13470330996534693,0.06837899481772167,3.0448919885461834e-08
276,0.2445096105684873,0.5808631809893875,0.04842561974169919,0.10441797695837908,0.0484533211207411,-3.89431512703986e-07
277,0.3949201306755259,0.6787784846991842,0.043612669712890635,0.08894123601465817,0.04362613810948882,1.3067552590007026e-07
278,0.7838202046563258,0.8884405271582668,0.020810680697558603,0.04019206992357312,0.020816711571599814,2.0465632588617666e-07
279,-0.08139384739937872,0.4207546328706896,0.051060713088769534,0.10636187281754904,0.05108261620099549,1.526006212781983e-07
280,0.16470618770702972,0.5668427094145277,0.054371096401269546,0.12257035451822497,0.054403685503693976,1.877070297251482e-07
281,0.2971630984227053,0.6603915081343136,0.05514926217109378,0.12010603325072475,0.0551888060709764,9.842270526361219e-08
282,0.577765538685872,0.7783533002732367,0.032731379349218756,0.06351604042078941,0.03274480735946761,-4.6131412800853866e-07
283,0.2978828175604894,0.7208129313346352,0.03886698549072263,0.0760884284179256,0.03888532196150688,-1.824395106098109e-07
284,-0.05566995894147175,0.33303966242852545,0.06952138319160162,0.1350569285896322,0.06956128730230773,4.1058528243986814e-08
285,-0.23127791520056884,0.5764046954880845,0.03373351809521491,0.0806876193639694,0.0337476269825013,8.479943117145616e-08
286,0.7702424225687391,0.8795710193336923,0.023208940378222687,0.05280932848599641,0.023219950512497343,4.2256873911128423e-07
287,0.4742701734238295,0.7657662591078115,0.030224044558789107,0.06836417839117287,0.0302377122012492,1.734238294637258e-07
288,0.3434448476228763,0.6599022491705755,0.04767600333046885,0.09316454889388814,0.047706846784905645,-1.5237712369664536e-07
289,0.26549530384854136,0.6269520677185919,0.045910825677246116,0.09067976645964931,0.04593468267232934,3.0384854138310047e-07
290,0.14686149154136974,0.4954847931205841,0.04653113104238288,0.10031451753050354,0.04654985616890544,4.915413697459403e-07
291,0.4448253423910947,0.6932626402500286,0.04350931769160156,0.0867146958507277,0.04353526264021015,3.423910946986908e-07
292,0.47549245038654164,0.6977103779924745,0.030671217436523422,0.06938777471980329,0.03068095011194793,4.5038654161722036e-07
293,0.05126100119138399,0.3988773711747354,0.051206758166113225,0.10913521590409966,0.05122895069099362,1.1913839914612367e-09
294,0.18771516472963912,0.5571808697963611,0.05972876185039057,0.11620276725982588,0.05977080853417022,1.6472963912383953e-07
295,0.657215430102339,0.831817847385463,0.03604436733486326,0.06913319506452559,0.036065561601154456,4.3010233896634276e-07
296,0.4312535657083605,0.7338506526504688,0.03559387109892577,0.07285193702315022,0.03560793664695338,-4.342916395394525e-07
297,0.4375875865489456,0.7072554926243427,0.036539035697851614,0.08380483741630612,0.03654901893445199,-4.134510543929437e-07
298,0.16595509047290768,0.510979974461923,0.06636818040517578,0.13068058981687192,0.0664096294507614,9.047290769337302e-08
299,0.4356447713796694,0.6862112313088798,0.028764577794335888,0.06267252130577616,0.028774594270886016,-2.2862033061121778e-07
300,0.5382413075798314,0.7961937233211741,0.04740463451621085,0.09712026239676744,0.047435290307819275,3.075798313822986e-07
301,0.5517376196259617,0.7530696955988564,0.029663748131640626,0.0661178202420485,0.029676519448494153,-3.803740382668508e-07
302,0.12115953304014226,0.560926320473619,0.041407023468457024,0.08858095897788218,0.041424855804261966,5.330401422615205e-07
303,0.4755119078779124,0.7399468850996226,0.03035195979355466,0.06419522582974009,0.030361957278652915,-9.212208756936846e-08
304,0.37413487327494255,0.6316618449622803,0.03457214263281248,0.07449478340745422,0.034587493745428986,-1.2672505744770746e-07
305,0.4239922318855519,0.7006162732378685,0.04430855711806638,0.08975549459848993,0.04433408041663174,2.318855519267693e-07
306,0.6736353167445793,0.8481821185894265,0.020467822653417997,0.04695613263650837,0.020473857378159623,3.167445793428314e-07
307,0.15218845207862153,0.5060346624781134,0.051802721437499984,0.11764784671443675,0.05182218871216509,4.520786215378436e-07
308,0.12593252615177164,0.5130354215205307,0.05795801646210948,0.11797701271755774,0.057996140085604005,-4.738482283495049e-07
309,0.18814514889629141,0.5423280520758886,0.04071998381630857,0.09646740066630351,0.040737705826408656,1.488962914075742e-07
310,0.6611635341082782,0.8311995240921868,0.022110641915624996,0.053792449708366157,0.022117852881975486,-4.658917217570391e-07
311,0.6707798597859498,0.9053047832590463,0.02237794011025393,0.04772434472676849,0.02238755824855116,-1.402140502593241e-07
312,0.29598440074221166,0.6129400087841023,0.06247367311630861,0.13451458896938143,0.06251556345129271,4.007422116369952e-07
313,0.13566171142590855,0.5278607766085376,0.07679947376699214,0.14812169060630082,0.07684531383329671,-2.8857409145599533e-07
314,0.7128406732263606,0.8466122534626505,0.026351343982421876,0.050421523144901406,0.02635920381989938,-3.2677363936972625e-07
315,0.818406895589668,0.9216524241691199,0.017292839543261707,0.04089105209733353,0.017299860302318545,-1.0441033204688921e-07
316,0.6220104624295295,0.7995322535800597,0.026688503357031244,0.05413824048048501,0.026700291447594393,4.624295295574399e-07
317,0.6099540498633192,0.78911725707538,0.04339839963417967,0.08839272686667096,0.0434156436201506,4.986331925138643e-08
318,0.8037127633671748,0.9191913487567203,0.018138329235546858,0.040632230695137876,0.01814401706193227,-2.3663282522345952e-07
319,0.13675126940616877,0.5001140010377249,0.06040731922148432,0.12066823617502975,0.06045613662683159,2.6940616876247603e-07
320,0.09096210673060323,0.4855854678910707,0.059705060209374945,0.11414081556555808,0.05974501083779402,1.0673060323040939e-07
321,0.3386230714031332,0.6471588189656573,0.04321382883486337,0.09052359463735282,0.04323510803524901,7.140313318387825e-08
322,0.16459214133056843,0.5061738647629351,0.058941196497265654,0.1201877601898855,0.0589698472216237,1.413305684427879e-07
323,0.3652658145082971,0.649452489640556,0.056564282540722655,0.1145752810470662,0.05660058358536781,-1.8549170288650885e-07
324,0.6466418307103625,0.8158235072767607,0.02764649470214845,0.05912022890406886,0.027655707299459206,-1.6928963753048976e-07
325,0.0726006491044795,0.5152277566863425,0.062231258207910194,0.12572782938940424,0.06227393695313293,-3.508955205011599e-07
326,0.708100279171326,0.8464433467669253,0.026919234398242217,0.05225443061794458,0.02693159468594124,2.7917132605637107e-07
327,0.3047665660515325,0.5755834489967241,0.04349827193164061,0.09611214381117941,0.043520758872738055,-4.339484674931171e-07
328,0.3912064335547195,0.660129131008933,0.04190430156484369,0.09188589392623156,0.04192602403743963,4.335547195144507e-07
329,0.42411531425057114,0.6874913614223649,0.05699647195429686,0.10918524141633688,0.057022335301212215,3.142505711206667e-07
330,0.048416007574278,0.37470085115714774,0.04488867867617187,0.10287378733086525,0.044908645252958505,7.57427799646937e-09
331,0.26016116738890815,0.5559450818596027,0.0565197890885743,0.10780911015219537,0.05655700468920999,1.6738890817880048e-07
332,0.6167550706732461,0.8038737236114855,0.027062076829687438,0.05243837701362809,0.02706830677102112,7.067324603315939e-08
333,0.304183742571137,0.654599810173534,0.06256166664931645,0.11322364386768421,0.06260425975167852,-2.574288630041721e-07
334,0.5423076138171701,0.7564444087130595,0.025930624214550762,0.05505842150453629,0.025940804587330082,-3.8618282993674313e-07
335,0.5638737547809483,0.7718636507672497,0.03270378322382816,0.06254070735256606,0.03271889041567122,-2.452190517310271e-07
336,0.7010681803469739,0.8395065873959495,0.022120341216113316,0.04710177313449429,0.02212896201576186,1.8034697391033916e-07
337,0.40811856712745964,0.6839809701166656,0.04444178710185551,0.08376438173788715,0.044470464094084804,-4.3287254036794565e-07
338,0.2343035820763768,0.5749996739343892,0.04603699966601557,0.09050595672968655,0.046063107143448835,5.820763767927506e-07
339,0.4203630805420535,0.7103299854939927,0.037416460428027334,0.08641522359480693,0.03742997859418044,8.054205352658883e-08
340,0.39533341922338106,0.6577825970832955,0.03899812566923824,0.08099906849626996,0.039016404667546245,4.19223381065148e-07
341,0.3261078281771952,0.6163003544574214,0.033240053723242194,0.07796403626741147,0.033253120603489575,-1.718228048175341e-07
342,0.0016153277155095402,0.4407237143944824,0.056543276715625014,0.1058047056431462,0.0565717369268673,3.2771550954034147e-07
343,0.008293145412139435,0.32692509528382185,0.04213492538974605,0.10950967969061358,0.04215114464439148,1.4541213943543296e-07
344,0.571291975504173,0.769858867095377,0.02944712937558592,0.06266975544596574,0.02945600084555258,-2.4495827033454987e-08
345,0.7236423995635677,0.8986736040801211,0.02010962706513674,0.04564041158125797,0.020115903253102384,3.9956356767678614e-07
346,0.609673936994969,0.8026983653284948,0.03036988858974612,0.05759335963342966,0.03037983553423085,-6.300503108125355e-08
347,0.1927533194313532,0.5274175918312232,0.05291588095253906,0.10406865192566582,0.05294139427868082,3.194313532017823e-07
348,0.35713643773036585,0.6713381260589975,0.03102141160175774,0.06895389852169825,0.031032241180530107,4.377303658431586e-07
349,0.4446729261867036,0.7522012164523995,0.042066158724804646,0.08695744829948283,0.04208985290445026,-7.381329636402256e-08
350,0.22666784868391554,0.5503201357045262,0.05904245359160162,0.10882116347162564,0.059075668212591526,-1.513160844679451e-07
351,0.289153212731199,0.6073537439259757,0.04335021900859373,0.09166081667751846,0.04337115603081586,2.1273119898967963e-07
352,0.4073943059384654,0.6883811609824173,0.03566241653808588,0.07308363215249537,0.035675603618261484,3.0593846539472835e-07
353,0.24895494698997644,0.5945140375084007,0.06832893460244145,0.1414268072844898,0.06837466236640058,-5.301002356516982e-08
354,0.7324573484717058,0.8635735849579201,0.029663130055273428,0.060682750743052474,0.029680149305848686,3.484717058244158e-07
355,0.29097095216736113,0.5723414460996714,0.04151267461865233,0.09055497269128916,0.041531414448398585,-4.783263884977629e-08
356,0.25511682217388176,0.6512732075866462,0.05591311880986319,0.10256270165301239,0.05594340929610012,-1.778261182194818e-07
357,0.42792237477485817,0.7946291957474951,0.02929002115625003,0.06362877136252726,0.029303900737846424,3.747748581472976e-07
358,0.14825998012483366,0.4919031823965245,0.04213547343730469,0.09420541686243303,0.04215492583626282,-1.9875166346050577e-08
359,0.29292898299112935,0.6868596733978158,0.06272992204765619,0.11675638367891257,0.06278485979825893,-1.700887064526313e-08
360,0.6399406345814119,0.8121707889185809,0.029060004774023415,0.06504640233205396,0.029074342905432034,-3.654185880552774e-07
361,0.4055228007215216,0.6924698002415369,0.05905223525312501,0.11745539606541264,0.0590831669630838,-1.9927847844103397e-07
362,0.4789730611685782,0.724864736239001,0.04846972945371089,0.09297604857231423,0.04848708858782391,6.116857820259725e-08
363,0.4757186958040748,0.7363682231429308,0.04452426367353515,0.08299305984363568,0.04455241795478306,-3.041959252270132e-07
364,0.5683006188446136,0.7584155369547763,0.033895281010449224,0.07056869509548738,0.033911434372924994,-3.811553863641848e-07
365,0.4802063595809295,0.7151968345406758,0.04093429447460939,0.07557440390601994,0.04095541421927003,3.5958092947652176e-07
366,0.05247579651672485,0.5142576767064176,0.06352401353037104,0.13400304887469622,0.06356537705950578,-2.0348327515323783e-07
367,0.6248988368775827,0.8001725956661008,0.027587118723242154,0.05564035389655349,0.02759862762418785,-1.6312241724047993e-07
368,0.1102439720200089,0.5421006737621356,0.08708870996318363,0.16579752407753115,0.08715895190290768,-2.7979991087945244e-08
369,0.3227075731874034,0.6711003621585631,0.04509186183515623,0.08861821588637174,0.04511605290030358,-4.2681259659893556e-07
370,0.11851960380276905,0.5083931163557794,0.052666350577246016,0.10609059903846993,0.05269720020330863,-3.961972309535211e-07
371,0.05932653489488937,0.5186138316573037,0.09142659744335938,0.1640636152296701,0.09152734149661736,-4.6510511062664017e-07
372,0.44209545878569456,0.8422297563859173,0.024748479041992167,0.05650981618398652,0.024754750412937256,4.5878569454593787e-07
373,-0.12699089072719572,0.29434718554807127,0.03238881332187504,0.07647590246015795,0.03239413313824962,1.0927280427730501e-07
374,0.24081409318616398,0.5589771828697073,0.06059579770605475,0.11421422338817597,0.06064438172138988,9.318616397968604e-08
375,0.30732849165903764,0.6217112221195275,0.06097879550244135,0.12509126918413746,0.06102218284194827,-5.083409623796165e-07
376,0.22999785014776752,0.5756125708885028,0.06212931996884769,0.12124116994042704,0.06217050276055778,-1.4985223248387136e-07
377,0.26461165931029984,0.5714150736660986,0.046398567659277336,0.09492037234606625,0.0464259159685858,-3.4068970017342437e-07
378,0.566383172386586,0.8028487978659592,0.031732799943945345,0.06722146118704755,0.03174788489430668,1.7238658600593482e-07
379,0.2491680967746247,0.6064842491841266,0.06105564544599611,0.12155519103817176,0.06108872044922743,9.677462470270015e-08
380,0.21876549754724528,0.5447710491354928,0.06302923005849612,0.12167619717540237,0.06307364424181264,-5.024527547081714e-07
381,0.30496675618258073,0.6869406067168052,0.03599927348291015,0.07141283355987431,0.03601351761782403,-2.4381741925427747e-07
382,0.18901659694973794,0.4903223586972847,0.04561895196640627,0.10228965891440868,0.045642650616487604,-4.030502620544496e-07
383,0.6198887407652937,0.7994186452262076,0.033520359529101575,0.06544381800129791,0.03353578486333633,-2.592347063679057e-07
384,0.32737346232632636,0.6120024370457383,0.04839649302236321,0.09926261463185895,0.048426623055111674,4.623263263336952e-07
385,0.4172243778336636,0.6889908609109515,0.040593780246582035,0.08663293437611912,0.04061804792986904,3.778336636339752e-07
386,0.355972707546512,0.6701609641349748,0.04080973867099607,0.08686493133696085,0.04083021386775569,-2.9245348798223603e-07
387,0.6985156923997928,0.8504743001270028,0.022497091192675782,0.04734962491840317,0.022502607506632827,-3.0760020719444725e-07
388,0.2650426638968294,0.583297329191531,0.05473669330507813,0.12228938167168485,0.05476979817018983,-3.3610317057286565e-07
389,0.3044525789606849,0.6886449140309858,0.04575804442724609,0.09183742854992166,0.04578450252665505,5.789606848938256e-07
390,0.11945059542462588,0.5455904274783243,0.03508819157363289,0.07881232566821654,0.03510058830463873,-4.0457537411886513e-07
391,0.10648360648523458,0.4403623498930833,0.037279484927246115,0.09367672717039591,0.03729724596528817,-3.935147654121618e-07
392,-0.03981230105557265,0.3631321594597521,0.05000229645566397,0.10748409171417005,0.050025192360892645,-3.010555726518094e-07
393,0.37330155713538415,0.6614005548308246,0.041806280094042976,0.08678886912582401,0.04182664366738562,-4.4286461586828807e-07
394,0.3556646676470895,0.6226548714090608,0.04969757122900394,0.10792462565179481,0.04973407704618419,-3.3235291052591265e-07
395,-0.13619820240162595,0.40312857833655125,0.07735596652509757,0.14347903987642327,0.07742793204816723,-2.0240162593165856e-07
396,0.4917671813440295,0.8277078890523883,0.029646169978906255,0.061534524965668,0.029657416889935624,1.8134402951508477e-07
397,0.2459139386152136,0.601134984277141,0.06354438794960936,0.13170793039399978,0.06359182455093715,-6.13847863928374e-08
398,0.2098689852133463,0.5414201092870531,0.04795000501542972,0.10350582808140552,0.04798035689980489,-1.4786653707021813e-08
399,0.182595799662978,0.5340328222544269,0.04851371036660154,0.09943740028767323,0.04852968429071737,-2.0033702199939718e-07
400,0.43508871943796057,0.6742490001277437,0.04243255504277344,0.08168103576285546,0.04245274861812357,-2.8056203943416236e-07
401,0.1542167844852712,0.49374988159087146,0.06409712228564449,0.13619351634836918,0.06413078572790568,-2.155147287852266e-07
402,0.003503488848733638,0.41288255928539497,0.06395466508730473,0.1231262832281583,0.06399568741726545,4.888487336379352e-07
403,0.3208404506261501,0.7278356198877066,0.04787924383115229,0.09554445485716008,0.04790849033561351,-5.493738499118273e-07
404,0.03893903648453512,0.4594595429321828,0.0361090246676758,0.08324037960929831,0.03612233065327291,3.648453511528871e-08
405,0.20471249747059406,0.5529783727043331,0.04991751131816405,0.10691822646039024,0.049950485526783675,4.974705940519186e-07
406,0.1306500283758153,0.4824754230520677,0.061116735639160105,0.12325691790849098,0.06115831842136866,2.837581530856781e-08
407,0.24649379005805772,0.5608779124534544,0.0447163769680664,0.09279090652075857,0.04474012997731674,-2.0994194227519358e-07
408,0.2699986905147326,0.5680885021195738,0.05767580379941408,0.10632656298883503,0.057715506221113426,-3.094852674134785e-07
409,0.29197377919438217,0.5627470301876931,0.025740686902050777,0.06550828081218585,0.025748956735683906,-2.2080561784543207e-07
410,0.37181919460950674,0.6288023376437339,0.03444948678623042,0.07233478091926113,0.034466036267039486,1.946095067317799e-07
411,0.693408836108645,0.8443894154944391,0.03255724296855473,0.07016676518779115,0.032576208635249675,-1.6389135504280006e-07
412,0.2350369697077095,0.5709179227017954,0.043613674869824266,0.10116975719502626,0.043639846174341294,-3.0292290509326136e-08
413,0.30526769519440244,0.5987200148056562,0.04862882139355468,0.10422752152177527,0.04865658222651466,-3.04805597539648e-07
414,0.5703723606259297,0.8146998487292698,0.029316421623535142,0.06128771738451974,0.029327250787139145,3.6062592967400775e-07
415,0.4314823962095299,0.6796319526300053,0.04466267654248044,0.09865514248833236,0.044692529507506365,3.962095299070434e-07
416,0.1949753966714104,0.5112997679041139,0.047273954778906245,0.10150392188039442,0.04729510698106882,3.966714103853519e-07
417,0.35568834847195274,0.7870589912393557,0.03100634105351563,0.07046741871880544,0.031017524890479514,3.4847195273801645e-07
418,0.4361559616690355,0.7582519648461076,0.031933377780273456,0.0659788642411885,0.03194558609906796,-3.8330964513555443e-08
419,0.12755906697292085,0.4873941385542788,0.045651676895898476,0.08835143628851086,0.04567240151081311,6.697292084800743e-08
420,-0.09285670425034676,0.6595190340327106,0.03182373133017585,0.08259866499773158,0.03183102992432305,2.9574965323964086e-07
421,0.47351787586937577,0.7096297632815496,0.04632295626152339,0.09532786593653686,0.04635262372992181,-1.2413062422389487e-07
422,-0.038164906798829,0.38139080590501384,0.052254266682128854,0.10639042534633912,0.052284385593923455,9.320117099614889e-08
423,0.5913913095662577,0.7842864274189334,0.03825352791240232,0.07170622344670657,0.03827424617521882,3.095662577390357e-07
424,0.5145604317318533,0.7880709699736862,0.02710552645292968,0.05756914153514152,0.027114262462226615,4.31731853267614e-07
425,0.3460202838992732,0.6722804520321363,0.05397991347412109,0.09689763331567922,0.054015196535392225,2.838992732012713e-07
426,0.07261042629113545,0.47134890707933796,0.07476494557304687,0.13907741298571302,0.07482204425031626,4.262911354607768e-07
427,0.6524502327982433,0.8088520768924513,0.029166865549609348,0.06280132154909801,0.029182124520662857,2.3279824334920818e-07
428,0.7731711036166422,0.8946070541701819,0.022042275208984382,0.04734815955936354,0.02205188844969504,1.0361664215530197e-07
429,0.7226759427209226,0.8651842788958488,0.031826615144921876,0.06164812542309759,0.031837247528024956,-5.727907737007598e-08
430,0.24937855418819588,0.6436222124515749,0.055827551904980496,0.10955678931342525,0.055860283947785305,-4.458118041117398e-07
431,0.3008537233949621,0.6630372232893846,0.043242276992089865,0.0831605421192551,0.043264824455354775,-2.766050379299223e-07
432,0.8301052681851386,0.9388324680758612,0.013683182803710933,0.03258202440902081,0.013687135304839873,2.681851386521217e-07
433,-0.07483862417203291,0.37593604048621887,0.07884099855322244,0.14915297093916413,0.07890215943586569,3.7582796709456634e-07
434,0.46864381872263217,0.7056808536831802,0.04194430341865234,0.08394238805479756,0.04196670207993326,-1.812773678389057e-07
435,0.6126395284213111,0.7916699217059237,0.030562324988574245,0.06480317542784246,0.03057427009601946,-4.715786888764839e-07
436,0.1640659776101736,0.543325884880213,0.05528873485546868,0.1132655302967919,0.0553265852496578,-2.2389826381807865e-08
437,0.43379587333246905,0.6810477421551449,0.042784166883691355,0.08315350238648728,0.04280487003266791,-1.2666753096413075e-07
438,0.36648640449356495,0.6775652627084625,0.046721187337597614,0.0977940366788534,0.04674976165679283,4.044935649760717e-07
439,0.3562523137633604,0.6281693095476426,0.04541365472314462,0.09838290184390983,0.0454384885110769,3.1376336040445096e-07
440,0.5970604194582207,0.8748338626024497,0.025077346060156273,0.05823346077038305,0.025086874820362724,4.194582207128761e-07
441,-0.01543851877966973,0.40607041197432775,0.04386828361406254,0.10052560946443363,0.04388005072980652,4.812203302697465e-07
442,0.3115586872694194,0.625922860879558,0.0588390406410156,0.11891903049119018,0.058878545813666146,-3.127305805983305e-07
443,0.592431635445066,0.8089078628012047,0.026158597644335924,0.05941897960298685,0.02617276882458407,-3.645549339070797e-07
444,0.5716476913422626,0.7907638994138723,0.0398344100403321,0.07984915313476179,0.039859216367835716,-3.0865773748001146e-07
445,0.699985988767206,0.8410893999688507,0.0267515675345703,0.05425720977814948,0.026764134135940938,-1.1232794028259718e-08
446,0.47437205975898256,0.7144493459554127,0.04153471311718747,0.07543895574140728,0.04155591278298188,5.97589825401812e-08
447,0.6003420099666663,0.8202071093375348,0.028744448629687506,0.06250191450397591,0.0287546215432137,9.966666270067037e-09
448,0.591025121762055,0.7773200052714091,0.04006542274560542,0.0804926548222189,0.04009032958448571,1.2176205499425663e-07
449,0.4727254374623088,0.8195536480218112,0.027049597119628906,0.06053995973660768,0.027059837225000855,-5.625376912066216e-07
450,0.1503546454190049,0.5058705723444847,0.06150303737412101,0.12093452052279278,0.0615310841283143,-3.545809950933343e-07
451,0.28300703446261344,0.5760880012749743,0.052360656129296926,0.10576135184650698,0.05238456253684066,3.446261342965329e-08
452,0.28018001886224553,0.6249340610602135,0.07057596890771486,0.13047607780032155,0.07062969247923913,1.886224554326077e-08
453,0.32767158103122296,0.6362645256987618,0.055073464071191514,0.11507008736999143,0.05511290743661317,-4.189687770606021e-07
454,0.11940767022643173,0.4750353148598092,0.058235394137109264,0.11369992211242204,0.05825597298383304,-3.2977356827224025e-07
455,0.5356947492304194,0.749641977254,0.0382347439639648,0.07445395134654878,0.0382578234741984,-2.507695806563959e-07
456,0.2270370367310931,0.5493010243679535,0.056501439726757766,0.11698112453981581,0.05652476511197439,3.6731093111530555e-08
457,0.7462723890434535,0.8852573667546466,0.023207654021289038,0.04769293271029476,0.023215606387963595,3.890434534525866e-07
458,0.44353850904198056,0.7035504199194534,0.0372384829506836,0.08087185473533323,0.037251769695838446,-4.909580194611962e-07
459,0.35214077303276126,0.6610503528790195,0.04149102309306644,0.08718364270613084,0.04151050386460278,-2.269672387256172e-07
460,0.49734841507631256,0.7394903101983813,0.041843362124707,0.08824369544878075,0.0418605393961176,4.1507631254322774e-07
461,0.5229518545980314,0.7495963771266112,0.02837714172626956,0.053780113821304376,0.028387431724587044,-1.4540196857648624e-07
462,0.3097977313699294,0.6374293093607678,0.0452889283830078,0.09031156157937276,0.04530539495047085,-2.6863007063226974e-07
463,0.2757220123183398,0.6469255164277271,0.05996818320976568,0.12026792117910776,0.0600101354072789,1.2318339792649624e-08
464,0.6081138014439647,0.806259611458317,0.030772674087304712,0.0644936090254202,0.030790565428758968,-1.9855603539120636e-07
465,0.5037101635370425,0.7422756989002163,0.04991059592539058,0.09034162693130675,0.04994470375792884,1.6353704246352407e-07
466,0.3613374296276336,0.6603037473865189,0.0510782715583984,0.10129949136069946,0.051111069869266564,4.296276335802318e-07
467,0.327468819513406,0.7061151680317327,0.049279148054003866,0.10551755806736622,0.04931309473967349,-1.8048659400360378e-07
468,0.44437472361179864,0.7367585212398265,0.03426959528349607,0.07328625310821389,0.03428358889825728,-2.763882013812058e-07
469,0.6020917784054391,0.8819188112370114,0.021586766139355482,0.051294447930656566,0.021591926052610365,-2.2159456081194406e-07
470,0.5632858212002083,0.7763236654656667,0.029496329096484305,0.0655395504384193,0.02950885608983968,-1.7879979163915038e-07
471,0.8051793819935589,0.9146156462195557,0.02331738549589844,0.04574423981552054,0.023327284993805857,3.8199355889556585e-07
472,0.2506765901914467,0.5794248657286397,0.05161325950312514,0.10615159431404124,0.05163503842911699,-4.0980855325889465e-07
473,0.2852596254624524,0.5932559789780575,0.052287117293359386,0.11188576937950148,0.05231724686384069,-3.745375475872059e-07
474,0.32748308874373655,0.6253450037264916,0.04229982663134763,0.07937295100342537,0.042319417402664004,8.874373652600909e-08
475,0.20714618570094612,0.5759680850191868,0.05152277127646476,0.10940584573962236,0.051543500557009875,1.857009461203596e-07
476,0.6643756791590212,0.8361154465169943,0.02740743865253911,0.056829557454005496,0.027416452101781962,-3.2084097878470885e-07
477,0.32036912653922,0.6550963472805813,0.03882703248925781,0.0793921375154672,0.038841215347389546,1.26539219991173e-07
478,-0.015115216166805334,0.3482371921418367,0.06516407459433594,0.13379786749184616,0.06518829492070279,-2.161668053342336e-07
479,0.33366215691918677,0.6972940019853066,0.0462258084741211,0.1085651157747099,0.046249455168431396,1.569191867556441e-07
480,0.12403910023806819,0.5076095965288621,0.04963768455234368,0.11079930486310499,0.04966679892690715,1.0023806819303704e-07
481,0.20138356543024616,0.5230035497075871,0.042982604702636734,0.09099868357696615,0.04299789400558176,-4.3456975384881247e-07
482,0.16275964709923074,0.6051461060610379,0.048402728956542976,0.10202215142924306,0.048425707119218446,-3.5290076924598957e-07
483,0.5573866148015377,0.7846607392244136,0.03468931917753909,0.06756343260897896,0.03470203655433229,-3.851984622382787e-07
484,0.09958663233395326,0.44843184762979216,0.06573324897050771,0.1326923335275743,0.06576313221785836,-3.6766604673277303e-07
485,0.3950472494469963,0.6674673435274999,0.038140399335351585,0.07675447388711659,0.03815186534435471,2.494469963365553e-07
486,0.40345837599212686,0.6564656378603589,0.0328902524722656,0.08134939442022056,0.032904785291871005,3.759921268775557e-07
487,0.14217362377195153,0.5084416883157754,0.0582223588827148,0.12040628031847357,0.05826651866934866,-3.7622804846537683e-07
488,0.36177005302863385,0.6554475190700658,0.04294774384101559,0.08547380487644846,0.042970372167910324,5.3028633872909126e-08
489,0.31936473217018446,0.6208091661297855,0.0530961801273437,0.10433791394430642,0.05312755946344377,-2.678298155478487e-07
490,0.5532602324599778,0.7775541583042253,0.0408850199777344,0.08145869985435762,0.04090970802924288,2.3245997782250782e-07
491,0.7451485502912929,0.8879584716569293,0.023823768965332007,0.052660459757498675,0.023831711250114462,-4.4970870705096644e-07
492,0.7594034375009457,0.8817521062849455,0.02343468470761718,0.04915966501722449,0.023442601836879937,4.375009456936141e-07
493,0.035837385775716935,0.40140725550892326,0.04572133962763662,0.11036784020869156,0.04574089712705849,3.857757169337117e-07
494,0.31040833252777766,0.6753765150135385,0.036347391709082015,0.07148747403843746,0.036360953519351084,3.3252777764669617e-07
495,0.5708445941977935,0.7694522858744781,0.03879014544316406,0.0806919705186876,0.03881359805132844,-4.0580220650454635e-07
496,0.4115114563570518,0.6947337256871926,0.040230001238281306,0.08213658096646773,0.040251297455115805,4.5635705175905983e-07
497,0.504328316638774,0.7346207631557257,0.05005219614892577,0.09603318408035746,0.050084231420692495,3.166387739783616e-07
498,0.1425936815662815,0.5019120926884116,0.05141092550634765,0.10905048495397991,0.0514299786625398,-3.1843371850470703e-07
499,0.2599391848631357,0.5740699674288955,0.05372164388886724,0.11494055041577393,0.053752260585221714,1.8486313574372915e-07
500,-0.01775549897766071,0.3732565840567104,0.06696897885878908,0.13834350861581363,0.06699071422378741,-4.989776607108865e-07
501,0.09496481691561309,0.47150379442256285,0.07056003625371095,0.1274491400215154,0.0706149524288676,-1.8308438690106676e-07
502,0.5921870182762314,0.8316396482037512,0.03768827856416016,0.07725458922835961,0.0377102348996787,1.827623141714696e-08
503,0.3344495309879819,0.6283124605922024,0.04612003052744137,0.09431808678576188,0.04614281759958482,-4.690120181116697e-07
504,0.49923099568111773,0.79913178372993,0.031112568658105477,0.06336282468265758,0.031125615563705945,-4.318882251830303e-09
505,0.40191768967651775,0.6691843177938495,0.027387434780957023,0.06792357011709643,0.027394184576544595,-3.103234822443568e-07
506,0.3234483805898667,0.6725006150117439,0.06451286590957034,0.1244613704320172,0.0645627295133299,3.805898666775498e-07
507,0.33090916555267647,0.6217626207580574,0.037769600680371114,0.0741193891989953,0.03778914285567681,1.6555267645657068e-07
508,0.5591300237238364,0.7855112474131183,0.03157550370478512,0.062936561739041,0.031583090348400504,2.3723836339861748e-08
509,0.3567831820476811,0.6701108787540969,0.05048165523798825,0.09827800435986243,0.05052262519172433,1.8204768109653102e-07
510,0.39146584659355066,0.6710148639924577,0.04476919966425773,0.08865202862570959,0.04479571725061142,-1.5340644932138048e-07
511,0.44233118971405194,0.719516507318978,0.04358298362783196,0.08356303163264561,0.043605741643179076,1.8971405196799296e-07
512,0.6296919695803878,0.8128818302354985,0.02924581502558595,0.062060582715209776,0.02926039294836813,-3.041961227356893e-08
513,0.373690599925104,0.6702801765284948,0.04452767524257808,0.09052384944112672,0.044543426096486746,-4.000748959898104e-07
514,0.582344491378785,0.8134492937813707,0.03249119615234376,0.07126641151742484,0.03250758414872852,-5.08621215034033e-07
515,0.4200731838297096,0.7026227345141584,0.0393803491026367,0.07217164952659283,0.03939968207747574,1.8382970962127487e-07
516,0.28917302708328785,0.7186385451992998,0.03281621471699224,0.07397514416938926,0.03282849743036596,2.7083287834628322e-08
517,0.7241959464778243,0.8666300542006193,0.026539630012695308,0.05782824858918548,0.02655252888604527,-5.3522175691433915e-08
518,0.40390637441656774,0.6621590875828293,0.04312784491582034,0.0884878435562993,0.043151520070664695,3.744165677499467e-07
519,0.44735255141740493,0.6803937664829043,0.038030211272656246,0.07684335289587148,0.03804676465521776,-4.4858259506952436e-07
520,0.11177910009539593,0.5510126639185068,0.04714340368085926,0.09837511522623223,0.0471671308560506,1.0009539593014427e-07
521,0.4581125401521664,0.7375639764791461,0.03994474192763673,0.0815293485505067,0.039959773891483814,-4.598478335893219e-07
522,0.19877444110761722,0.5423534465371378,0.04850784330322256,0.09225994254525324,0.04853605211210414,4.411076172106121e-07
523,0.23246153678980697,0.721012323990913,0.06014155347480472,0.11862516470803547,0.060179188136890445,-4.6321019303574573e-07
524,0.6814827668327208,0.8306900572317764,0.031816644241308575,0.06204092594832822,0.031832100620169654,-2.3316727915112523e-07
525,0.18745943294389278,0.6435516956572214,0.05615318535097658,0.11940650402422208,0.056174658203954494,4.329438927919149e-07
526,0.5633672169060013,0.7670739373604631,0.03901029115283203,0.07880378147320558,0.039032597450880877,2.1690600138235538e-07
527,0.12336878300647991,0.5200709281755748,0.049974209727343774,0.11069640003936851,0.05000412110249745,-2.1699352009685313e-07
528,0.006150724815153996,0.4666504303679654,0.08406732879980468,0.15825835760464477,0.08415351504300354,-2.7518484600405624e-07
529,0.4190616197929551,0.6827706267688718,0.03874326115048826,0.08771271166721652,0.038757576652876526,-3.8020704490326906e-07
530,0.494163576234833,0.746626218449579,0.03217334202109375,0.06573263719431473,0.032186445374059805,-4.237651670124798e-07
531,0.26483040393848534,0.6166116366463935,0.060909734850488347,0.115580435174371,0.06095213338608982,4.039384853271599e-07
532,0.4605004756039842,0.7188295526318048,0.049581920418554665,0.10277141065816982,0.04961701526778539,4.7560398419577155e-07
533,0.39294424195232147,0.7043708169565689,0.04205756382587883,0.08610863369164826,0.042079276673731486,2.4195232145585166e-07
534,0.5988081311771648,0.7771049537319191,0.0320713388285156,0.06703277559808445,0.03208207352881683,1.3117716479715824e-07
535,0.3506580562596847,0.6321060940457935,0.05023846859902338,0.10528148030216687,0.05026857928196581,5.6259684688697575e-08
536,0.5748497652971531,0.7631325538987023,0.028943583133496098,0.05885709879178562,0.028955292830544054,-2.3470284682414189e-07
537,0.5456205551564304,0.8364479230067562,0.029244242175390615,0.06163015210417365,0.029253912319392998,-4.448435696469133e-07
538,0.40387367370849403,0.6742081166446775,0.049971862817968775,0.09485181134842549,0.05000943092767498,-3.262915059809579e-07
539,0.7010187056685118,0.8382534179718477,0.02903153095175782,0.0568919902266213,0.0290441731745673,-2.9433148818203136e-07
540,0.44340809927928126,0.7201433155497426,0.04588703660292963,0.09362751361341555,0.04591675307146587,9.927928124042751e-08
541,0.08830112647640598,0.4961788834294093,0.07590449705605476,0.141962076626614,0.07596321042671296,1.26476405973297e-07
542,0.6062365529454034,0.7922799381506833,0.02768644888925779,0.05587272696230116,0.027699835344364925,-4.47054596675045e-07
543,0.4077253662721291,0.6610950066002771,0.03057450178261721,0.06643453054867245,0.03058547746990517,3.6627212907092144e-07
544,0.3478684874561452,0.6585502296247476,0.042712571438671965,0.08256783036235149,0.042735263889438414,4.874561451706505e-07
545,0.5568946902496127,0.7541774526903138,0.024337667804003933,0.050198777037419824,0.024345647148286336,-3.0975038733949134e-07
546,0.3647676813908268,0.616378795801366,0.04161352226767575,0.08777194956257076,0.04163373256378117,-3.186091731555152e-07
547,0.5388958497926932,0.7600418026686346,0.033213934875781254,0.06981697235436404,0.03322861380533285,-1.5020730681492012e-07
548,0.25017503770304894,0.5562414460665998,0.0414788165605469,0.08486438103665955,0.041494435049301684,3.7703048960668895e-08
549,0.6262780105793557,0.8096687067052651,0.03818035447685549,0.07156057434731812,0.03820092765138372,1.0579355724793515e-08
550,0.2791710667243231,0.7000372085901293,0.02722334432089841,0.060716694162995334,0.027231631012418846,6.672432312226917e-08
551,0.23844762556307175,0.6023649509997903,0.05202416562490237,0.09580306970914623,0.052056187082608577,-3.744369282410176e-07
552,0.591545681398326,0.7793052663322678,0.038555383089648426,0.07556194815477973,0.03856923918524882,-3.1860167404307305e-07
553,0.3248370864055724,0.6603528676927956,0.058427855783105456,0.11205532826068704,0.05846538586021068,8.640557241923474e-08
554,0.19553011275422616,0.5624948325863129,0.05253789183730472,0.1071431504132406,0.05255985947760472,1.1275422615031339e-07
555,0.023435923461108676,0.4652709367931027,0.06520658934667976,0.13347119486297732,0.06525131985072709,-7.653889132208658e-08
556,0.2337047883934411,0.596149023147666,0.06909400534531251,0.13720458146245124,0.06913806014489206,-2.1160655888641244e-07
557,0.2687738297878649,0.6034743406295207,0.04440020053945313,0.08901698215848905,0.044421688478460564,-1.7021213510881594e-07
558,0.3408208412955437,0.6375254835349895,0.04610831832900396,0.08907346416102685,0.04612872356822787,-1.5870445629895258e-07
559,0.18927607417845704,0.5340158351746522,0.050484700812011826,0.10274123174632989,0.05052031830833944,7.417845704349446e-08
560,0.298725652691225,0.5957690308877339,0.045295512145996204,0.10044379079605417,0.04531310456008633,-3.473087750172077e-07
561,0.46536205704630573,0.6970364026659288,0.03162835296621092,0.06186217871275355,0.031638658291006275,5.704630573477587e-08
562,0.573614308951878,0.7847174226222662,0.05101906908847655,0.0944625166091502,0.05104941415690654,3.089518780807765e-07
563,0.2609598528850169,0.6116209529172901,0.06183314198603518,0.1291832746852632,0.06186334695696329,-1.4711498314001759e-07
564,0.19091356397962278,0.5314096730029252,0.043805827148242174,0.09414090300291443,0.04383358311660804,-4.3602037722023645e-07
565,0.7016368599874738,0.8462115512902985,0.02873079127265631,0.054242627407815644,0.02874327176509336,-1.4001252612860782e-07
566,0.06277015596671842,0.4214877773243284,0.06338094508320313,0.13667295139077013,0.06341001242312794,1.559667184153346e-07
567,0.24265005585379007,0.5442322725363294,0.028831967863085957,0.06400915798403338,0.028839585095427618,5.585379006523006e-08
568,0.3965976962373057,0.6776484326965033,0.04287659302900395,0.08559557058228237,0.04288715154979416,-3.037626943314109e-07
569,0.5809029379325716,0.77244997763926,0.03834929696337878,0.07816338248623579,0.0383693929713169,-6.206742830805467e-08
570,-0.12037985302167531,0.3728281709070383,0.05861485700722646,0.12067525164002889,0.058638977904503765,1.4697832469157124e-07
571,0.11866829019037795,0.4717152634067478,0.07119115920078121,0.1360403872377129,0.07123215550734929,2.901903779495285e-07
572,0.4416816622700047,0.6886686855418944,0.03960885682011712,0.0850308196116575,0.03962613360038576,-3.377299953033486e-07
573,0.4268846150905823,0.7868336476147934,0.029266912985351584,0.06586598636309807,0.029277944815413015,-3.8490941772773013e-07
574,0.32755886396422607,0.6325357428494086,0.04467217409287108,0.09419390369991311,0.04469853450380272,-1.3603577392329314e-07
575,0.3542717444803357,0.6689958349032186,0.04776773379472656,0.09796347392516797,0.04779527507638304,-2.5551966426062833e-07
576,0.5142761948621564,0.7503528459228995,0.036494212940527376,0.07635845727140832,0.03651556134719161,1.9486215641073557e-07
577,0.4734682348339174,0.7310851497548829,0.03676761949462885,0.08017389724839209,0.036786627409875254,2.3483391742296078e-07
578,0.5649863766271347,0.7834527911364488,0.04656265188242191,0.08737245953826774,0.046597041015918814,3.76627134701657e-07
579,0.23569186476886228,0.5817739162667432,0.049421531909374955,0.09372256272993074,0.049454998848921,-1.3523113773228346e-07
580,0.09849414010936786,0.4393415326946448,0.056093261229492236,0.12231794351899748,0.056117862458626155,1.4010936785768813e-07
581,0.15090639787334437,0.5134810596935446,0.052637726397558704,0.11199942564673686,0.05267076234770245,3.978733443543714e-07
582,-0.02168997929074612,0.4006671146489096,0.059323722096289146,0.11796908154042081,0.05936824728436586,2.0709253881201484e-08
583,0.3484629481898559,0.6659291234521686,0.03925591774707036,0.08273710241856988,0.039278188519238956,-5.181014411936857e-08
584,-0.117835161558552,0.4294724499419864,0.05157982596923834,0.11050291319612707,0.05159473273489852,-1.615585520087226e-07
585,0.023674095287516073,0.43830502619493766,0.06945634577460937,0.1329095480241952,0.06950269393797322,9.528751607201791e-08
586,0.4044485192994054,0.6733834355103231,0.04352943649140627,0.08887888461350985,0.04354571072536595,-4.807005946072529e-07
587,0.16407349059962684,0.522681959481222,0.0438555997310547,0.09164362864209687,0.04387542944638259,4.905996268400603e-07
588,0.13957068357192493,0.4863232900542048,0.055822890025781204,0.11391872500542075,0.05585342790424387,-3.164280750755921e-07
589,0.2830164986581696,0.6715391786958311,0.0688599145279296,0.12162583824216124,0.06891427178310114,4.986581695898273e-07
590,0.039111867330158034,0.3448113102978717,0.030971064448339844,0.08794529017828775,0.03097833228726909,-1.326698419665262e-07
591,0.2135236040005276,0.5023648266301796,0.03366710591845702,0.07780488129031227,0.033682016401469284,-3.9599947238011524e-07
592,0.5175107980388836,0.7327239305020119,0.033818059201757816,0.06520604564160731,0.033832536692295544,-2.0196111649717352e-07
593,0.31022609432664927,0.6264278081312216,0.0388541775869141,0.08377583475126114,0.038871244271035756,9.43266492692274e-08
594,0.39356054503737514,0.6549673363865481,0.02758321356308598,0.06654062978660293,0.027590848174261665,-4.549626248517846e-07
595,0.44013457780752574,0.69440496876787,0.029524052016796858,0.06622454231020303,0.0295351221172668,-4.221924742586758e-07
596,0.7551154323099002,0.8918253143685805,0.0243738520916992,0.053423172427143416,0.024383146981464942,4.323099002112585e-07
597,0.4685776315566166,0.7139219638960527,0.04086188762392581,0.08441246166428508,0.04087761769093632,-3.684433834139078e-07
598,0.3699519833230922,0.6733120556846786,0.046411904930761694,0.10652274464192737,0.04644084734052095,-1.667690779916242e-08
599,0.09110129140762646,0.49248963959629194,0.05465104699814445,0.11596129240143374,0.05468434339254451,2.9140762645984974e-07
600,0.5416326928446742,0.7777048413219613,0.03233776423613285,0.059024460340307484,0.03235262747318976,-3.071553258404691e-07
601,0.2470206172070255,0.6355695135278305,0.04817290359521486,0.10947886310998252,0.04820588185120396,-3.8279297448484684e-07
602,0.4723730412805387,0.7023172273868202,0.04672747150097663,0.09164336350241863,0.04675452841670316,4.128053870955384e-08
603,0.37131326304219703,0.6729271270769103,0.04776176547529295,0.088166201830957,0.04779169885959802,2.6304219702399934e-07
604,-0.030627388580196646,0.3763848946219387,0.0670129169157226,0.12762188702471305,0.06705983541674972,-3.8858019664467225e-07
605,0.553102666542979,0.7604724181643453,0.03789526020576169,0.07186198171871035,0.037912855725129,-3.334570209956311e-07
606,0.45502267348494096,0.7353995354458539,0.061920446675,0.12384486244766445,0.06195611759372838,-3.265150590459065e-07
607,0.5499221581440006,0.7744102257416372,0.03627734677021491,0.07071057816921633,0.03629595464995165,1.5814400056157751e-07
608,0.38755129221468254,0.6605219632735517,0.03811330344267579,0.0780291474957327,0.038137522661186765,2.9221468256235283e-07
609,0.19841569886334798,0.5632324055121959,0.06219187907167967,0.12312653892266245,0.062229749246948844,-3.0113665203113094e-07
610,0.47939509314555073,0.7529339341279994,0.03137686459277348,0.0698615060163993,0.03139024422921764,9.31455507169332e-08
611,0.5975315918526982,0.8321776802104139,0.021869724152734353,0.05181153868286058,0.021876129912344833,-4.081473017336634e-07
612,0.560582262600033,0.7780928376162953,0.04801371277939452,0.09270784820411926,0.04803779515411409,2.6260003294087397e-07
613,0.40174998926675165,0.6965926069066937,0.04108497660078121,0.09005714446267024,0.04110163921765054,-1.073324834566236e-08
614,0.4126045968047517,0.7139858371742944,0.03810294829189454,0.081036813645763,0.03812302043575957,-4.0319524829968145e-07
615,0.04522098320257251,0.39422056347604184,0.0631899218160156,0.13308718226097865,0.0632375664910165,-1.6797427490611305e-08
616,0.030262050306862354,0.4574948702099194,0.06520812915371105,0.12705596336839295,0.06525588520504094,5.030686235293902e-08
617,0.5047959340840753,0.7338052495868839,0.0390769901914063,0.08023480981624771,0.039096491243653546,-6.591592471849594e-08
618,0.40740396977734117,0.6907014247064793,0.04840296844521499,0.09591299043266392,0.04843243918731447,-3.022265882002273e-08
619,0.45236320015509524,0.7147667573683705,0.041434474714550786,0.08094146055469577,0.04145700693362096,2.0015509522020025e-07
620,-0.06126967323415888,0.3487989040231522,0.06708321274111309,0.1272377356186837,0.06711233255402635,3.2676584111462903e-07
621,0.5896884597135779,0.7775555312078518,0.0384912625202148,0.07982839615147637,0.03851398360605649,4.5971357787166767e-07
622,0.6679182769796509,0.8268801705049862,0.025924835825097643,0.05325731943109682,0.02593179226175799,2.769796508816924e-07
623,0.7300198626163332,0.8585756457273331,0.031970077173144464,0.06208797872782101,0.031983588556973024,-1.3738366677618075e-07
624,0.7257097225870832,0.8562717789404172,0.023044172301562523,0.04991408406606341,0.023052603968969222,-2.7741291674932e-07
625,0.452533631533388,0.7073339978334172,0.0379275157209961,0.06978653134651563,0.03794666032720575,-3.684666119996294e-07
626,0.2922966850163792,0.6790321056972901,0.04689351937871098,0.09785849724358647,0.04691996118383208,-3.1498362079718234e-07
627,0.4840235432842688,0.7311960338013329,0.03136461790527342,0.07021926790778991,0.031376517119937726,-4.567157312340697e-07
628,0.7140072730542137,0.8599205480816102,0.02410762191523438,0.04820975476328228,0.024113428725466644,2.7305421379519856e-07
629,-0.054236094828080894,0.4877079808930327,0.0946774015166016,0.16567681380168184,0.09477735399846043,-9.482808089461559e-08
630,-0.04083254401590497,0.3627821183658067,0.05273914819794926,0.10891457775092049,0.052759470834833955,4.5598409503105897e-07
631,0.3728919239756937,0.65433826156407,0.04443746710361336,0.08903873876067352,0.044460239718425575,-7.602430629471968e-08
632,0.7072008556748228,0.8446718845938712,0.027445401842773397,0.055982368604317836,0.02745722460243768,-1.443251771426901e-07
633,0.03796836897005773,0.5757586573902367,0.046462265035253955,0.10076282978523464,0.04647341662900395,3.689700577291788e-07
634,0.5294127067592023,0.7716152597004854,0.04196785836210935,0.08066590601793666,0.0419888293428151,-2.9324079775516765e-07
635,0.6530478970051263,0.810060597279112,0.03126143453671874,0.07041195596276176,0.03127779499730908,-1.0299487362974702e-07
636,0.4118098344979416,0.6945018971757697,0.05089794080673831,0.09009153089465916,0.050930724572910036,-1.6550205839127585e-07
637,0.4720043930173816,0.7197684449710965,0.04064026348027351,0.08155118403437545,0.04066527543056731,3.930173816391047e-07
638,0.7452787928804414,0.8810855847427664,0.025165980551074177,0.05254317391454227,0.02517815171745288,-2.0711955861507647e-07
639,0.05253518062607232,0.36912309447784597,0.029029821412792995,0.08150752623887932,0.02903456836438205,1.8062607232138816e-07
640,0.3484372553043259,0.6472541987399295,0.041341916937988284,0.08026729434047206,0.04136417772378435,2.553043259023724e-07
641,0.09442021485864471,0.46487366295793375,0.054888464722558546,0.10902968373667384,0.0549148889488889,2.148586447092704e-07
642,0.2512073696838807,0.5756074877685602,0.042326333020214796,0.09152186590197266,0.042340756708074925,3.696838806743763e-07
643,0.4810591484611145,0.7106422781098473,0.039459308592675824,0.08075744122221484,0.03948163698633094,1.4846111451305433e-07
644,0.34534667113228545,0.6506366643768519,0.044860432604687486,0.08840400141701195,0.04488783476945788,-3.2886771456075437e-07
645,0.5867555303977188,0.7844023172237068,0.03751637435332035,0.07659726691312434,0.037534610633979934,-4.6960228128334336e-07
646,0.4394270715549051,0.7011208189614481,0.03768626965957029,0.08458367756532076,0.03770728798847045,7.155490511223661e-08
647,0.11641739785332705,0.45586256275164994,0.07432264421708992,0.1479811087644726,0.07437869393311022,3.978533270471152e-07
648,0.7049924629213258,0.8628367355683945,0.025966162069531257,0.05319907433538303,0.025978545769524856,4.629213258278142e-07
649,0.5462283300236916,0.7541413347889778,0.03964583845136716,0.07739710096280597,0.03966815009196388,3.3002369159707e-07
650,0.18712697537502743,0.5074679904247072,0.037636807144824265,0.08199716895688415,0.037642922922754264,-2.4624972561060332e-08
651,-0.09406689270424318,0.3566487134351633,0.08181153503476564,0.15881876480008864,0.08188340429523573,1.0729575682100201e-07
652,0.43882130106051276,0.7852601087173202,0.029913471717968716,0.06349759655929056,0.0299223524268057,3.010605127418131e-07
653,0.13687768920061616,0.5354919075564588,0.07651934011660158,0.14332986884313625,0.07657423519034448,-3.107993838402656e-07
654,0.5394984789642733,0.7528754738138042,0.03529626907949215,0.07362285278271255,0.0353128611663146,-5.210357266749455e-07
655,0.4310271772550126,0.7347429587355271,0.04683991688955076,0.09044434583121608,0.046868010596825126,1.7725501261223187e-07
656,0.5577297298570358,0.7889672010898425,0.029616701152148425,0.07078061536269932,0.029631681709595507,-2.7014296410943217e-07
657,0.566946185646998,0.7780575858700566,0.029507860108203113,0.056891264429560676,0.029520921442104997,1.8564699799661355e-07
658,0.1819131490465058,0.5641168263611855,0.04777879746318357,0.09716941728625492,0.0477948577159091,1.4904650580405132e-07
659,0.555816634662444,0.7554852278813055,0.03331065298027339,0.07186902296385948,0.03332485336012224,-3.6533755598533446e-07
660,0.0759316943275864,0.4928658486119186,0.08187549538017573,0.15849626955381127,0.0819084107419103,-3.056724136030198e-07
661,0.46997493520617084,0.7669295204863439,0.03316445945400386,0.06498689103842976,0.03317773223232559,-6.47938291353789e-08
662,0.31832109955270393,0.6820500370246434,0.0590457029867188,0.11165258928595485,0.05909433814704399,9.955270391381887e-08
663,0.45796211024909894,0.7099491332868751,0.037078733460546874,0.07994898572523089,0.037100640023177006,1.1024909896129031e-07
664,0.7200756143229681,0.8714703594237588,0.029636884160351578,0.05779072857143347,0.029647687745153455,-3.8567703197767145e-07
665,0.40247214367205797,0.6825098896420085,0.05191999873320312,0.1054360306685009,0.05194025374930113,1.4367205797283233e-07
666,-0.039185904113825165,0.5552124330978049,0.04818735112001952,0.10808136213292234,0.04820717305631331,9.58861748334705e-08
667,0.46602924937336043,0.7298866125667279,0.045274254005273455,0.09276331888217106,0.045301910975950765,2.49373360405869e-07
668,0.617390362987329,0.7951424693620606,0.03086036957050778,0.058883818645799425,0.030875932751141026,3.6298732897233066e-07
669,0.295232397714596,0.5795404440610293,0.03793181881933589,0.07807458774741434,0.03795116764909915,3.977145959788153e-07
670,-0.07729194568354814,0.3329985526405917,0.07746922518750016,0.1560474963978721,0.07751619162787796,5.431645186404488e-08
671,0.30535583973323854,0.579770628671082,0.030955658677148442,0.07495100540754726,0.03096808848127538,-1.6026676147307128e-07
672,0.18972570706192105,0.6166505363546265,0.04899861244218744,0.10632860668817677,0.04902271325810431,-2.929380789606917e-07
673,0.13153872498023744,0.5145943218175439,0.06596017710849594,0.12136460214273083,0.06600819175761648,-2.7501976254673544e-07
674,0.3187942401341821,0.6389556344139582,0.03684090057841796,0.08346768550123868,0.0368578995375152,2.401341820945646e-07
675,0.7646711535353483,0.8867947760546828,0.0276321188901367,0.06116587958668908,0.027646547277579026,1.535353483239632e-07
676,0.5911302810961678,0.7892811397316423,0.03643348251611325,0.06987677073248488,0.036454277483224495,2.8109616778682067e-07
677,0.6048243445244561,0.8145774955970466,0.04730067662597656,0.09433749013527847,0.04734166127738261,3.445244560751348e-07
678,-0.018732838392294004,0.40571086347028584,0.08276558693701173,0.14849945497720413,0.08284229216447768,1.6160770599515928e-07
679,0.6486359204426277,0.8406214226319362,0.02182240987480467,0.04815809596360886,0.021830014635461116,-7.955737224563109e-08
680,0.2761054336447517,0.6336751823812095,0.05567099466357424,0.11077340354201372,0.05569215003405498,4.3364475171836503e-07
681,0.08871239139228504,0.49493076702576805,0.05565678031035153,0.11157592933442534,0.055691950278179754,3.9139228504014856e-07
682,0.28466695629120864,0.6031711359738566,0.05710356516533201,0.11068161853102211,0.05713194521916545,-4.370879136406103e-08
683,0.4382598989026033,0.7266938980073755,0.02586621785009769,0.059915871021130364,0.025873660457688297,-1.0109739667640838e-07
684,0.7165111409677443,0.884406034114431,0.02647516601542969,0.052243320064129496,0.026485645286115123,1.409677442554269e-07
685,0.4557985644387065,0.7350530354762123,0.03931951294277344,0.08532538076494064,0.03933863801959396,-4.3556129353250483e-07
686,0.16157442506078468,0.5206645225416283,0.06542149936933589,0.12278588122747305,0.0654687634432285,4.25060784681186e-07
687,0.33424730801347,0.6147420980383875,0.03629530239716794,0.07260959958532091,0.036312415360048395,3.080134700073067e-07
688,0.6897652424807674,0.840178146369603,0.027960996000585974,0.056288718105005936,0.027970638875541253,2.4248076746502534e-07
689,0.13433498253816967,0.5357629129780985,0.04995498365117188,0.11133973452368737,0.0499778754072721,-1.7461830342790918e-08
690,-0.29158078330655046,0.17506947321196809,0.0857023729693362,0.16204880205745809,0.08574801505140978,2.166934495173578e-07
691,0.725132821525408,0.8758702257434011,0.02212498851171874,0.047796712236536414,0.0221333288192444,-1.7847459199415994e-07
692,0.013835703434210367,0.3880713022676033,0.05673133259765633,0.11472033494721673,0.05675506883308036,-2.9656578963248303e-07
693,0.46938452565204336,0.709099712146738,0.04542138283779294,0.08815748886864097,0.045442631253222586,-4.7434795663603424e-07
694,0.5343945979821869,0.7533270196634507,0.03558679357363282,0.08219460747732987,0.03560111607351455,-4.020178130392793e-07
695,0.37650788536178503,0.7425736002952441,0.037370830753711,0.07885784807979061,0.0373868333764435,-1.1463821497637028e-07
696,0.22159789814742759,0.5596550615239487,0.05367971614199218,0.10683977235986745,0.053704030985726764,-1.0185257240391543e-07
697,0.4145728755175604,0.6573354794277294,0.03194158731162111,0.07530885709792097,0.0319546772543708,-1.2448243963403272e-07
698,0.4898902997958864,0.7421325987101056,0.04627342691816407,0.09287745343942176,0.04629611078560208,2.997958863937278e-07
699,0.0547594358035689,0.5411365292356721,0.08555856479482424,0.1508009580466544,0.08563293886903005,-5.641964311020597e-07
700,0.3934412802729551,0.6760471289695384,0.046782285725585925,0.09065495006388002,0.046815188563673,2.8027295512211836e-07
701,0.2656155096674109,0.5848706855761957,0.05428322718886721,0.1127910700477272,0.05431876611069539,-4.903325891425503e-07
702,0.3800815796212519,0.6626410887418342,0.05019501779414055,0.09994212639112975,0.050213194729609334,-4.2037874808942277e-07
703,0.4054352139729067,0.673678252672588,0.04186504568994141,0.0910697502882686,0.04188237764392872,2.1397290672631186e-07
704,0.5358799659085225,0.7354732546956666,0.035994853625976576,0.07659351216528974,0.03601034787397804,-3.409147752986286e-08
705,0.22305081559021156,0.5344831135641555,0.06011864516494137,0.1261449761227935,0.06014730770882435,-1.8440978843958789e-07
706,0.4344860303821966,0.6972407865050265,0.032813369500683615,0.0679963490744082,0.03282656370793803,3.0382196591904886e-08
707,0.551095926723036,0.7859123021124511,0.036906480142773444,0.07212854899032667,0.036927168515079684,-7.327696405212691e-08
708,0.5160882931705817,0.7285855452511447,0.03198669499238282,0.07281983434664083,0.032000413473637725,2.9317058169997523e-07
709,0.1667684199037841,0.5149713123703964,0.06231478150146481,0.12781042162191067,0.06234940692661953,4.199037841046138e-07
710,-0.11340196370797306,0.30109078155663366,0.058656540603417906,0.1275241150229936,0.05869010718359832,3.6292026939221955e-08
711,0.28471358233548427,0.6232215088961548,0.03654357207246092,0.09346822462819301,0.03655714540422377,-4.1766451575053765e-07
712,0.37205014743436304,0.6371821229539676,0.04535535839755863,0.09589295112587232,0.04538530408412343,1.474343630514241e-07
713,0.22863597466666552,0.6728030890766095,0.06392397794033206,0.1327860585605629,0.0639769848043474,-2.533333448573316e-08
714,0.04761304010052081,0.44549670205457387,0.04167674281777347,0.08787820103177321,0.04169490777973744,4.010052080671844e-08
715,0.44801252206589026,0.7295627740658248,0.027299370018749953,0.06540781235314606,0.027308382593333878,-4.779341097327361e-07
716,0.5270292814194446,0.7407765638173404,0.024134910498144566,0.05840504106085891,0.024141354504033753,2.8141944463655477e-07
717,0.10232453951665821,0.5177894158411228,0.05105566322509768,0.10289954159966079,0.051083937162638454,-4.604833417909404e-07
718,0.6898603693166447,0.8330550321965078,0.02885575695439457,0.06529500906444063,0.028865843254457957,3.693166447105156e-07
719,0.1323407058416045,0.5872508326955933,0.05937667377802734,0.1286735346211791,0.05940080660906929,-2.9415839547519695e-07
720,0.14624369985976238,0.5078536312042065,0.0629904246321287,0.12301874393803926,0.06303363971389941,-3.001402376356932e-07
721,0.04663340535530902,0.48140204922931473,0.053302956752832066,0.10225766384169357,0.053321236221726874,4.0535530902024997e-07
722,0.4363476915019835,0.6964283986079688,0.03849008170087892,0.08035016665875747,0.03851057011749917,-3.0849801652133024e-07
723,0.17711891109286682,0.5248630377030551,0.050464754162207075,0.1095033794938962,0.05049615142190628,-8.890713318332466e-08
724,0.5331171743032044,0.7442923986850938,0.03136170250673826,0.062663549010199,0.03136817087451795,1.7430320442546332e-07
725,0.4812053436084035,0.706054675736033,0.03827525166933595,0.08486963979529182,0.03829613358974949,3.4360840350800004e-07
726,-0.08543292301523508,0.3057793779416119,0.04373811172988283,0.09274546359384236,0.043759674839151885,7.698476491013739e-08
727,0.3650788904747453,0.6193613998094494,0.028435689479882825,0.0675472378863759,0.028446655082260602,-1.0952525469898333e-07
728,0.10560223833849947,0.4663395328052014,0.06474248875615242,0.13750872968101546,0.06477903634998006,2.3833849946419683e-07
729,0.11464042152210863,0.48056850738355655,0.04943172869033207,0.09959918984879153,0.049452080931609466,4.215221086206755e-07
730,0.27196609782960135,0.6276902846015268,0.06992828733291014,0.13132085968749194,0.06999512291797666,9.782960136428542e-08
731,0.0649660668242995,0.4709400136818656,0.06241807436943359,0.13067181804453024,0.06244863101540279,6.682429951054836e-08
732,0.39761368205363057,0.657144353799981,0.03343533198642572,0.0748030611780534,0.0334500569021744,-3.1794636945470245e-07
733,0.34010476332376705,0.6791283524281188,0.04393067528759762,0.08943786231475692,0.04394956985813327,-2.3667623294532092e-07
734,0.11919384294526214,0.4860602066378898,0.07528774576542968,0.15728007553984333,0.07533639342785267,-1.570547378537679e-07
735,0.19041480609889982,0.5259243861005577,0.060619299494921876,0.11585235910558973,0.06065822468445628,-1.9390110017614148e-07
736,0.34359820792029727,0.638233623837072,0.044610872848144516,0.08894265636831813,0.044635749100999086,2.079202972571359e-07
737,0.012584489426549661,0.4482450006496928,0.0931851279882813,0.16902660963495006,0.09325795339453516,-5.10573450339738e-07
738,7.25440332730587e-05,0.3777554510838479,0.04714569917499997,0.10604428237479645,0.047164844484317035,-4.559667269413045e-07
739,-0.026549553055238206,0.3239513619983209,0.05380170721005859,0.11818385897703244,0.053828173537931616,4.4694476179427123e-07
740,0.16171864753507492,0.5322434743986357,0.05556504394658203,0.10328444984037136,0.05559860695192585,-3.524649250796763e-07
741,0.3880698175014823,0.6703548266654057,0.03347962436826174,0.08060323279792367,0.03349480659274084,-1.824985177423244e-07
742,0.5427570911973668,0.761893459680014,0.03671387693603514,0.07890572231138591,0.03673069170675732,9.119736676943546e-08
743,0.702940224871565,0.8802670265823878,0.018205905821874962,0.043777587795415365,0.01820967015766736,2.2487156503547823e-07
744,0.2944134668601095,0.609189133901209,0.042420842723437414,0.0907049856243247,0.04244236153550967,4.6686010951590973e-07
745,0.5820995386343449,0.8028151686951495,0.030452184095410176,0.06731167650178774,0.030465563858162487,5.386343449043096e-07
746,0.5572272252422767,0.7644668910855156,0.04028547419746095,0.08218083216233171,0.04030987023480043,2.2524227671905095e-07
747,0.6292657695134743,0.8089902843945797,0.030215166985449148,0.06902897570498638,0.030224652079719874,-2.3048652564305883e-07
748,0.25719058490649094,0.7365389757439037,0.04751889771025387,0.11269633410561325,0.047551250187629894,-4.150935090652119e-07
749,-0.03654543232106455,0.41148077866628996,0.060026450097656316,0.1087501740742678,0.060052624490440416,-4.3232106455154407e-07
750,0.5948802344129586,0.7920670291983947,0.03187868252187504,0.07101007065822594,0.031893477127713746,2.3441295859960576e-07
751,0.5878139456228593,0.782953398392276,0.03974872671406251,0.07940722273852752,0.03977342328146346,-5.4377140679129354e-08
752,0.3638341688518648,0.6671073272187452,0.04510699482753902,0.08902087000477789,0.04513222069699697,1.68851864823516e-07
753,0.25801745670184806,0.5824301774957411,0.04459318732509767,0.09113181965497566,0.044616331542921016,-5.432981519670754e-07
754,0.5018147502389455,0.7593719685367916,0.035493854932519504,0.06993174405045895,0.03550887332527113,-2.497610545049156e-07
755,0.3732251496372957,0.7451393451900183,0.035063515070410174,0.07705583487588352,0.035073988475527465,1.49637295721039e-07
756,0.049186837844849896,0.7154051320788324,0.03397472087207026,0.07492533657705375,0.03398198333843583,-1.6215515010603587e-07
757,0.1088873193801051,0.6660241432620863,0.03349135165419927,0.08281225540781048,0.03350407137438433,3.1938010509879877e-07
758,0.1206836741005346,0.4746795422903176,0.049067561530956996,0.10288072956709989,0.049083594318914306,-3.2589946540040327e-07
759,0.47141908122733867,0.7171299878255172,0.05025884260703122,0.10339211910675004,0.05029850244304344,8.122733868853871e-08
760,0.34125290139223285,0.6126355462905059,0.03375528284384761,0.08087332972646133,0.03377043288817129,-9.860776711834163e-08
761,0.6105545132819461,0.8099381240284989,0.03140847805419919,0.06453663944233567,0.031421250512883546,5.132819460573756e-07
762,0.47667501275606494,0.7359047792525717,0.04262702047968753,0.08109952306848413,0.04264495403043787,1.2756064926566779e-08
763,0.35622425393214796,0.6512182816883576,0.04489789886132816,0.09236191839048334,0.04491718419360495,2.53932147975533e-07
764,0.5763819510310354,0.7803688229479029,0.03922118599794919,0.07782381928044024,0.039244104668883714,-4.896896454997801e-08
765,0.6695970857411481,0.8233688097960218,0.03075144813320314,0.061119826706177265,0.03076564822734888,8.574114807036182e-08
766,0.2830548709038523,0.6925114839957992,0.06354978286210938,0.12024509736944607,0.06360314925622132,-1.2909614771627886e-07
767,0.3318538960616637,0.6506286275902775,0.03676124398847659,0.07949950588484056,0.03677647085962896,-1.0393833627109217e-07
768,0.3874843845053376,0.6745568428291656,0.045216260521972675,0.09931552231715504,0.04524263134786514,3.845053376250185e-07
769,-0.0484287378779793,0.3059263944007312,0.04703103915058585,0.11099187146589815,0.047048059750685885,2.6212202069997304e-07
770,0.6464477499229255,0.8159986871806445,0.03480001731669925,0.07107037329933481,0.03481971210493553,-2.5007707449287153e-07
771,0.6522327419160633,0.8377804784649421,0.027445396884179667,0.0562759936318349,0.02745737396368408,-2.580839366661536e-07
772,0.2545573007119446,0.5850609190392452,0.05921400297958987,0.11250575125703537,0.05924750190820228,3.00711944623e-07
773,0.24639503110455319,0.5882336443571496,0.06342905171503908,0.12366777346336921,0.06348632360367322,3.110455318311445e-08
774,0.3923291121694611,0.689863191120894,0.04443613023906246,0.0950384586366539,0.04446075302201713,1.12169461108369e-07
775,0.08328232256457502,0.48727517957186267,0.0526099846347656,0.10859550500536629,0.052638457476506126,3.225645750226658e-07
776,0.46661366751130917,0.6929743457701243,0.030821140280761734,0.06877832843594184,0.030831676818241137,-3.324886908018243e-07
777,0.35812700806078435,0.7380515334261227,0.06873328572578125,0.12420817268608145,0.06879524231511831,8.060784373320473e-09
778,-0.07672777281365817,0.3491433138729922,0.05798603369882828,0.1208155004054167,0.05800456214251711,2.2718634183627184e-07
779,0.5679632943022557,0.7590845230519592,0.02927197304140627,0.06473229075574284,0.02928556746625235,2.943022556767261e-07
780,-0.03899111609834027,0.4183347283931737,0.07329188353847656,0.1467704401485577,0.07334721042483873,-1.1609834027481725e-07
781,0.4604924359496113,0.7279729546477459,0.0449281893276367,0.08169812464777017,0.04495499652703023,4.359496112993355e-07
782,0.3537213095216958,0.6370058474877979,0.03757314446357423,0.07601345719929557,0.037591579535822386,3.0952169577380673e-07
783,0.45555763029102825,0.6925678940940804,0.047547716484375065,0.09975006552978209,0.0475728924063186,-3.69708971770244e-07
784,-0.10534423759748357,0.3290335545451149,0.05622748572363288,0.1197818263183297,0.05626010181440851,-2.37597483576657e-07
785,0.2499463890483432,0.5922503951352848,0.053085542375097605,0.10682363896541382,0.053105030795572924,3.89048343207854e-07
786,0.035501288596490044,0.44059797040040344,0.06703857988437492,0.13996818413262688,0.06708726616670217,2.885964900459226e-07
787,0.3128602146112721,0.5736607934308126,0.03416863023046875,0.08933255093624567,0.03417768023069677,2.1461127208688424e-07
788,0.29833226863981643,0.6217481380222853,0.04313628465468745,0.09241176457963653,0.04316029277471278,2.6863981644753565e-07
789,-0.03362236386749062,0.42720244016780823,0.0628691288809571,0.1299350571824309,0.06291812438840365,-3.6386749062422563e-07
790,0.48379241889524494,0.7105402891624825,0.03245996861611327,0.079821275503528,0.03247631472149652,4.188952449357686e-07
791,0.26777001608338047,0.5721980821381464,0.044971202745898435,0.09275078144373773,0.044992131947379416,1.6083380460774066e-08
792,0.329228605414451,0.6332070105677762,0.058880063300488256,0.12044638637073894,0.05892189538327515,-3.9458554901283804e-07
793,0.7931946229055462,0.8939409473702613,0.0239392994439453,0.046305002861538935,0.02394859988270975,-3.770944537739851e-07
794,0.2866729225251847,0.6531377217172358,0.06013846308232417,0.11679672134870601,0.06017818924456409,-7.747481528541655e-08
795,0.3803187683205792,0.6696328311113046,0.02869751660654297,0.056704842250221564,0.028703466967281235,-2.3167942081459003e-07
796,0.36811306046504033,0.6376359630686788,0.04405501356376952,0.08983914626476328,0.044067273343617354,6.046504030798872e-08
797,-0.2108717329009675,0.213097465725102,0.06411941245927738,0.1334499659297027,0.06415050067718245,2.670990325026601e-07
798,0.3163685996847303,0.6302580764301066,0.039341644151171896,0.08210555627705896,0.0393583948518063,-4.0031526971073816e-07
799,0.3549973976371511,0.6261082372761745,0.04768712651289064,0.09719705187357719,0.04771534886297174,3.976371510949761e-07
800,0.44347917898275624,0.6862947470852522,0.028731478331640612,0.06116739534346978,0.02874180607883203,1.7898275622707516e-07
801,-0.1126529445093154,0.28238847435136555,0.0556640801061524,0.11665789930900622,0.05570182493272842,5.549068460286577e-08
802,0.5538991945390794,0.7686004491515669,0.027988517665429702,0.05632389206635084,0.02799728162369936,1.945390794011459e-07
803,0.5366189572225182,0.7512423344680166,0.02446644018945313,0.0583823889439392,0.024471256734771445,-4.277748177905494e-08
804,0.45454850259435275,0.708219022855531,0.04276398924072267,0.08813118906110118,0.04279027648858123,5.025943527470211e-07
805,0.1512339120521935,0.5003930289016695,0.0498546810394531,0.11383424716940115,0.049870666557976256,-8.794780650966949e-08
806,0.2688073739615421,0.5868990187433226,0.06743148765371092,0.1267004268049943,0.06748477377279993,3.7396154206614796e-07
807,0.2215074514228058,0.5284852197406291,0.0478875857922851,0.1012113028455117,0.047913402002835566,4.514228058027925e-07
808,0.5904857048320036,0.7836698518047784,0.03809244243027349,0.07768453203549754,0.03811494477329518,-2.951679963780762e-07
809,0.36964347582355805,0.6580564781328726,0.043994617953808594,0.10086580692560279,0.04401120127762536,-5.241764419183781e-07
810,0.2525856981134492,0.5982102900735994,0.043195555695898426,0.10515927877192179,0.04321592159653727,-3.0188655075757964e-07
811,0.5487237124408627,0.7836343597341516,0.03541291199521485,0.06590686891980677,0.0354316860835112,-2.875591372797359e-07
812,0.29095644542688204,0.6016790902669297,0.03581640896914068,0.09561425231891382,0.035833154275131084,4.454268820452967e-07
813,0.44572667986435577,0.6851547923005241,0.04833529034326168,0.10254869238682171,0.04837036189813359,-3.2013564421617957e-07
814,0.15010655884285362,0.4839079146311076,0.06924798139511723,0.1531264594457278,0.06928592925006734,-4.4115714636916437e-07
815,0.22220909419403545,0.556501744593395,0.06274905075185548,0.13365303275220072,0.06279451100136065,9.419403546040428e-08
816,0.3238246026580247,0.6130488696537099,0.041924981504492156,0.08744828671702244,0.04194541515056463,-3.9734197526675175e-07
817,0.21100771877070434,0.5246775476127137,0.04470181466611326,0.09538698483973686,0.04472435515522244,-2.8122929565665977e-07
818,0.3034283724847059,0.5989927693807332,0.04374838233378911,0.09598102281011553,0.043765322270723175,3.7248470591277894e-07
819,0.6975560349880816,0.8399074272432733,0.028998155793164133,0.054529461956534624,0.02900756324470229,3.498808165414147e-08
820,0.49001112777081957,0.7221192880614118,0.04274122497578117,0.0838855570880506,0.042765798276172516,1.2777081959125525e-07
821,0.38391506067468173,0.6925243330127695,0.04050317851982419,0.08161228170501782,0.040518047476328235,6.067468172332724e-08
822,0.4853314140484193,0.7802362954417269,0.042307361308886716,0.08107738477025148,0.042331329023760064,4.1404841927272784e-07
823,0.5815291641498092,0.852544863694164,0.02495759811542969,0.055133451212718114,0.0249658241123062,1.6414980918977307e-07
824,0.7204164642840543,0.8497948652315719,0.026524743665429687,0.048536072296408835,0.02653483994913768,4.642840543134241e-07
825,0.4610384770449468,0.6995580163802171,0.041305163038183615,0.08121381533602196,0.04132735058927473,4.770449468227689e-07
826,0.517410364302781,0.7788068195133625,0.030490989234667965,0.06373387145245031,0.03050250863821597,3.6430278094190527e-07
827,0.20348958274896656,0.5940290999517854,0.03700617136679686,0.07795398861468239,0.03702320760688413,-4.172510334465862e-07
828,0.29960899068827906,0.6042934513687351,0.06538468881308594,0.13768821638456832,0.06541918212356751,-9.311720949867208e-09
829,0.38913227829334984,0.6511800878710398,0.02757647253955078,0.07198099628539187,0.027584422430781057,2.782933498646223e-07
830,0.4241719359710463,0.7713509514744807,0.04832119179033199,0.1000202395075408,0.048346082480820736,-6.402895369461703e-08
831,0.4728733730318858,0.7360238281951277,0.03462540465400392,0.07364977968365545,0.034642491983497045,3.7303188582527014e-07
832,0.41364077246869013,0.6707091267843893,0.028308870803613266,0.06913225794511894,0.028320521209002556,-2.275313098487608e-07
833,0.44915664328013793,0.7371239404430354,0.03259511170947262,0.07238228168926762,0.0326096442691824,-3.567198620380019e-07
834,0.5350480276564591,0.7750038860273969,0.05330750708945305,0.09951734745264189,0.0533376031734043,2.7656459122837873e-08
835,-0.02755819385666891,0.35113674064735567,0.07411264987226567,0.14774621538305394,0.07414762087100278,-1.938566689119181e-07
836,0.23065940707399246,0.5561251157786525,0.05092520530957029,0.10282803792812008,0.050952022612490995,4.070739924588729e-07
837,0.6201692336846834,0.802147206036629,0.030667165547558592,0.06450407528907115,0.03067579680264011,2.3368468338169635e-07
838,0.008031255854359598,0.39926419820574993,0.04450541741953121,0.09574005856978654,0.044518517242533515,2.558543595980456e-07
839,0.20532266058524273,0.5772770319768269,0.06564416056591796,0.13351465215194544,0.06567881236579233,-3.3941475727217174e-07
840,0.4908777664023588,0.7245265669527706,0.03879626985947258,0.07650466582739701,0.03881766120119311,-2.3359764117492077e-07
841,0.1601402437998053,0.5473496619072488,0.07834474636943352,0.15125531673296677,0.07842157743965032,2.4379980528843603e-07
842,0.6247535502763377,0.8060181208491096,0.03644856265732416,0.07224629955063024,0.03646962688653624,-4.4972366231021965e-07
843,0.5671889554015881,0.7654151583357169,0.029305945974121114,0.06676056014127073,0.02931997683793307,-4.459841196347014e-08
844,0.7216952505190122,0.8510226563962652,0.025707646979492165,0.05368021412597415,0.025717467492776903,2.5051901220152217e-07
845,0.07007330145799118,0.4931130304010091,0.05674945109248054,0.11500096424660435,0.05678648908622347,3.014579911808646e-07
846,0.33312861976627384,0.7166266375005443,0.05553744419404296,0.10992862145339567,0.05557285691900117,-3.802337261715749e-07
847,0.6479751825416191,0.8449976833139035,0.02947109204726563,0.05636883074936287,0.029481964588954922,1.825416191536533e-07
848,0.05056692734076618,0.40420528867194155,0.049425695366210984,0.10841345547899157,0.04945169172988502,-7.265923382404615e-08
849,0.41165992866381096,0.6603172450713292,0.04179310026777353,0.08547243046688868,0.04181824205980993,-7.133618906696171e-08
850,0.28224652846695364,0.6253634009446725,0.06821903176865235,0.13694700198557674,0.06826126032769464,-4.7153304638669624e-07
851,0.04255179187419267,0.4965202024221069,0.057478453568457044,0.11062659683300267,0.05751790844940476,-2.0812580733137187e-07
852,0.1276641604036245,0.48032864292827376,0.049307984648632855,0.09865751535917705,0.04932813648478406,1.604036244939877e-07
853,0.34706461643336783,0.6710250504083207,0.045453596475195396,0.09415870568397064,0.045468176810014874,-3.8356663217831155e-07
854,0.4779685270042121,0.7305027519462367,0.0409767733958008,0.08331284437115863,0.04100600477644232,-4.729957878701896e-07
855,0.20197478733629837,0.5452316981841941,0.05316562993017583,0.1062464309316335,0.05319813160531038,-2.1266370162087433e-07
856,0.600693711157197,0.8057779879476774,0.030883449884570306,0.0663199064410491,0.030898822339132954,-2.888428028979817e-07
857,0.36447843112403255,0.8224015677851899,0.030958792574609366,0.06685213392430589,0.0309672831347516,4.3112403252942855e-07
858,0.6078545634028032,0.7855027205576398,0.03768390341601563,0.07380558838697482,0.03770451741830115,5.634028031886729e-07
859,0.3150214695252107,0.6119132275712954,0.049684108159081954,0.10341738504331832,0.04971695127155415,4.695252107111969e-07
860,0.058809985461776515,0.4174832686867871,0.05140722558749998,0.11520217237233275,0.05143712873203087,-1.4538223486182389e-08
861,0.2491398849107871,0.5983536858985146,0.057171449434765584,0.1140857198643322,0.05721116332469589,-1.1508921290981355e-07
862,0.12613591640007993,0.48338410111040675,0.05393116419736333,0.10520634179297793,0.05396303460911067,-8.359992006989891e-08
863,0.7849517920338802,0.8942222770361085,0.022390309390820304,0.0451025044566028,0.022398134349281045,-2.07966119769587e-07
864,0.45693947326241746,0.7122040815012305,0.03672152199619139,0.0823147483300094,0.036742471822449364,4.7326241747747133e-07
865,0.642628447710929,0.8248672732974125,0.0349266455101562,0.0708109623812186,0.034945134585985624,4.477109289968695e-07
866,0.1571713937747935,0.46291382558031546,0.035600694119043,0.08254655626315896,0.03561537715661415,3.9377479349456124e-07
867,0.46357324081165496,0.6995154998269282,0.04106671245927739,0.08536516010780822,0.041086560045230695,2.408116549501571e-07
868,0.32160022780613096,0.6340286837217717,0.05578001798583985,0.10031015634338007,0.055823843208495864,2.2780613095907398e-07
869,0.2642521696155643,0.6083648205680869,0.04387676655019534,0.09013410906890218,0.04389805162675747,1.6961556431605018e-07
870,0.49312428491220894,0.8525094137959116,0.02858471114882813,0.059019113627394586,0.0285939126184397,2.8491220893656077e-07
871,0.6959407970741509,0.8531768312544018,0.028296057326660146,0.05474434750210163,0.02831006681801564,-2.0292584912429135e-07
872,0.30423890870792347,0.6057005931149863,0.0547634294368164,0.11322125435038215,0.054803668487847276,-9.129207650948601e-08
873,0.4107259782322885,0.6806303894337056,0.05036734550927738,0.09948869390581865,0.05040652076664788,-2.1767711466669226e-08
874,0.6564289176310449,0.8265679883419474,0.03213524190878909,0.06541116756642285,0.03214630523654092,-8.236895510105313e-08
875,0.10940199647625459,0.4658607178993229,0.057681833543652423,0.1200394289441988,0.05771591523023683,-3.523745406575074e-09
876,0.5297618408640877,0.783385683265754,0.03173733142998046,0.06781248765064224,0.031746391653330694,-1.5913591222549428e-07
877,0.5124135396521823,0.8014683035441923,0.03965807679140629,0.07564876928640707,0.03968360673581797,-4.6034781775450284e-07
878,0.35896332728734204,0.650256266119578,0.035777985254589764,0.0774596530702973,0.035792018796913364,3.272873420612221e-07
879,0.6586806119802278,0.8556886333533651,0.02424657416943358,0.051115774051230446,0.02425503339368802,-3.880197722017087e-07
880,0.2578638223201386,0.6020897592245855,0.0711139995343751,0.13396982728965998,0.07115431932865476,-1.7767986137950942e-07
881,0.44029713668985737,0.6992814396450808,0.034007638718359365,0.069262777873044,0.034029869816369754,1.3668985737735895e-07
882,0.6930344616224882,0.8376108763241097,0.023959371636816357,0.047305306901285704,0.02396845154539417,4.616224881237585e-07
883,0.3051661670951824,0.6264704906944731,0.03487215030947261,0.07459793625946606,0.03488690134958099,1.6709518241286858e-07
884,0.31509406854546973,0.6157727988184324,0.04635348732460932,0.08733376071494361,0.04638021261420625,6.854546974466302e-08
885,0.16437575535614568,0.5290352254826617,0.07422042406923837,0.14098084650417497,0.0742509117089137,-2.446438543135532e-07
886,0.18256918047483084,0.508904756569274,0.050540719829882876,0.10516848544584148,0.05056106138924949,1.804748308298354e-07
887,0.38817498497132685,0.6907363746686802,0.04271436184423823,0.09450694313568135,0.04273728594492248,-1.5028673139294568e-08
888,0.26604046035825024,0.6889124254778761,0.07350069531308599,0.13848833681199946,0.0735668382053106,4.603582502427095e-07
889,0.2352261654529878,0.5724423801252507,0.06419449255224606,0.11933329883799176,0.06424019575771642,1.654529878103439e-07
890,0.5428521551191139,0.7726059490755528,0.03745252863837891,0.07152308675508658,0.037473193575729626,1.551191138871033e-07
891,0.39973070990002857,0.8368574340322903,0.025386844685742187,0.06200992670358204,0.025394485066056693,-2.900999714339214e-07
892,-0.0392589435261359,0.398485933603855,0.051859888466601584,0.1095903976409114,0.05187844940334514,5.647386409901589e-08
893,0.3488662272398444,0.6724281924962519,0.029676910216406217,0.0711259326135319,0.029689303282735804,2.2723984438588474e-07
894,0.10425916553800252,0.44194729606228156,0.04173426080976559,0.10573878854280978,0.04174771540542868,1.6553800251395412e-07
895,0.5347478618432179,0.7599239300485147,0.034287560669042934,0.07460875988976236,0.03430384219532219,-1.3815678212569793e-07
896,0.14925494550467755,0.5739788768375811,0.0643840234920898,0.12792236832274548,0.06440976567938857,-5.4495322449055195e-08
897,0.5239868760385897,0.737516574441286,0.04225322045292967,0.08893606351145693,0.042278434321843854,-1.2396141024773044e-07
898,0.43668170468689016,0.7141364875257507,0.04752059461679685,0.08926874347610309,0.04754860729869386,-2.953131098548667e-07
899,0.41887510965452135,0.6662540484552055,0.029039081737890646,0.06089741522004771,0.029048965215475626,1.0965452135192066e-07
900,0.7091620007995699,0.8549555922760956,0.030575276302539037,0.06128296529490795,0.03059157762427105,7.99569965792557e-10
901,0.38059055861817825,0.6716665433198149,0.04109882345986331,0.0881099146517559,0.04111996074803824,-4.4138182175856855e-07
902,0.35150357857005365,0.6370430004473931,0.03775772807880863,0.08694048624146235,0.03777715470106271,-4.2142994632898834e-07
903,0.6408718921429492,0.8123444645222211,0.028680436987597688,0.06432700801803393,0.02869335431678813,-1.078570508461496e-07
904,0.29359879359687413,0.5863211631232349,0.03399724073007813,0.07555772617701621,0.03401298912498847,-2.0640312586861498e-07
905,0.13232484513475795,0.45293059892238485,0.04039327288818366,0.08878044506645216,0.04040963842401767,-1.5486524204688656e-07
906,0.5352406906471345,0.775294459825886,0.0468947195855469,0.08818174965919251,0.04692986202250236,-3.0935286543520846e-07
907,0.6053726060298712,0.7910083289358703,0.033425782761816375,0.06330617451220433,0.03344358642829661,-3.939701288535602e-07
908,0.7385938204414058,0.8691794952852382,0.028410815542382797,0.06332225711833299,0.02842623025416108,-1.795585942154787e-07
909,0.5616564705080669,0.8088438075306872,0.03146069564755856,0.06110737601030114,0.031474546326972844,4.705080668410133e-07
910,0.2874525598061006,0.6165268521273709,0.05850819931318361,0.12291515474298798,0.05853431606066865,-4.4019389938698694e-07
911,0.22181032235209786,0.5415429100767837,0.054097247641211,0.10059100486084921,0.0541285597951599,3.223520978479222e-07
912,0.14341209580824843,0.5157446003358684,0.07095461743603504,0.1430108058764021,0.07100003940594482,9.580824841814994e-08
913,0.22837870793810866,0.5904375948768745,0.06138487795498038,0.1127834098595449,0.06143213916787034,-2.9206189133823557e-07
914,0.5469249946692022,0.7589021608290483,0.035794368770312446,0.07885073850545096,0.035814323852579544,-5.330797803182463e-09
915,0.6058486738715549,0.8405458598150105,0.03080703065312498,0.06801870594635823,0.030822356835811672,-3.261284450273294e-07
916,0.46183265401456985,0.7235282196430436,0.053649015966308625,0.1058082421403538,0.053690850411188804,-3.459854301390841e-07
917,0.34942076302188163,0.6321082106834519,0.0487225028645508,0.1045941294847743,0.04875101292004106,-2.3697811835088345e-07
918,0.681623324735499,0.9038534384416984,0.017813243504589845,0.04454483744767623,0.01781870221590319,3.2473549904654675e-07
919,0.2821594901756702,0.582822238054192,0.03562116818652341,0.07831680397771826,0.0356338071451431,-5.098243298085059e-07
920,0.735023647925972,0.878919268947298,0.025572616474414115,0.05063680955181684,0.02558248697815614,-3.520740280427148e-07
921,0.025058501951312984,0.41436619792373874,0.05301320780869145,0.10830876744406978,0.05304325824134881,5.019513129832232e-07
922,0.6846179484585471,0.8357084555477634,0.025179154972851576,0.05222061985452678,0.025188928105671863,-5.154145288344125e-08
923,0.3916766154432133,0.7890802709320218,0.02577173703623042,0.06608609823112087,0.025778359063597427,-3.8455678669224724e-07
924,0.003557865733823218,0.5467266827038773,0.08321138461523436,0.14706571893214432,0.08329627834961016,-1.3426617678216277e-07
925,-0.13773801672576624,0.3218379129425192,0.0912529910574219,0.16495706707795643,0.09131873287431785,-1.6725766244229945e-08
926,0.4350892296800054,0.7025008671131702,0.038332863154980516,0.08282379390475458,0.038350796612594544,2.2968000540357636e-07
927,0.38205150448822434,0.6354901978999652,0.023131115741113303,0.06271872288952511,0.023139347360310477,-4.955117756666461e-07
928,0.5917550992029388,0.8320964250244708,0.03072818138896482,0.06128890518062826,0.03074120458980312,9.92029387525406e-08
929,0.7749802593052398,0.8839137100819369,0.021855380292187473,0.048076211931746674,0.021865871469534354,2.5930523983586085e-07
930,0.6486055672548325,0.8156759926699494,0.02877941060351563,0.06381441310133103,0.028793364109627413,-4.3274516747793257e-07
931,0.4510256466314396,0.775089926402568,0.03406738499453121,0.06478242092952152,0.03408063133162691,-3.5336856035739217e-07
932,0.25614489445881383,0.5842619756009024,0.03720410715390625,0.07785975577887445,0.037218931290475946,-1.0554118617944752e-07
933,0.3235199251873606,0.7028014998016674,0.04299074322216796,0.0927450095043693,0.04301586742242481,-7.481263936126581e-08
934,0.4578140299974218,0.6900709522043226,0.03710318955908197,0.07294994685598023,0.03711747663631318,2.999742182430154e-08
935,0.4091278859220685,0.6989789331483461,0.05119605174121096,0.10226354820258175,0.05123367848733366,-1.1407793149009748e-07
936,0.4701764996940435,0.7572469423571083,0.030876179410839838,0.06829190090969839,0.030887582309328816,-5.003059564967494e-07
937,-0.01985907029048506,0.361435291761283,0.06430028907656248,0.13782064488986376,0.06434505763943756,-7.029048505746704e-08
938,0.12187594973987015,0.5217590159625762,0.07597341882304676,0.14611281696903708,0.07602291386801906,-5.026012984965522e-08
939,0.359477014712283,0.6363269884431557,0.04935295682968755,0.09973719888830779,0.049384754364326745,1.4712283002982218e-08
940,0.3007677284812116,0.5796877647299322,0.031096595817578107,0.06932112713741591,0.03110888449890708,-2.715187883972625e-07
941,0.7656878676819737,0.8797921365902649,0.0254028154114258,0.051489645258034566,0.02541440560535619,-1.3231802631352707e-07
942,0.6454646311490346,0.8054375097142071,0.032036532027831986,0.06669127368861627,0.032050640168363086,-3.688509653265726e-07
943,0.0935849382361662,0.46236114004102236,0.07101000633408212,0.1405037493638798,0.07104602966926689,-6.176383379741246e-08
944,0.4868607849043757,0.8020926359761366,0.026599525605761714,0.05693211929499532,0.026609051004743284,-2.1509562431187845e-07
945,-0.0007266635459779458,0.4347503807930927,0.07429957338554682,0.13686305209917954,0.07435370064156749,3.3645402205419693e-07
946,0.300702730656067,0.645332787594329,0.05757421862890627,0.11509039074778515,0.05761227073291479,-2.693439329903846e-07
947,0.4391868257699134,0.7022505789491383,0.046188164463671896,0.08746192705314496,0.04621674296566201,-1.7423008658035144e-07
948,0.33156534284039685,0.6395171262650619,0.05433844440986328,0.11557010355477469,0.05436463613902478,3.4284039684973067e-07
949,0.479948179145247,0.7402323407035408,0.049593524975293034,0.09534014785630913,0.04961373587480767,1.7914524702566936e-07
950,0.43132094135612886,0.7006180498335728,0.0413162566591796,0.08195262732241776,0.04134000474735876,-5.864387114806746e-08
951,0.3867448747967781,0.6736828452184407,0.04943379625302737,0.10008050489481658,0.04946400636523653,-1.2520322190123778e-07
952,0.4881743824692881,0.8312527298190208,0.02613458578720704,0.059726801808880806,0.026143711244388152,3.824692881293501e-07
953,-0.02660947650393486,0.337368515803226,0.040435800365136686,0.09065070582115833,0.04045201289680912,5.234960651426257e-07
954,0.6106913769986345,0.7833929159819024,0.038523737141015625,0.07846205622203464,0.0385474752776322,3.769986345325549e-07
955,0.4175300681458408,0.7346080887904893,0.04825296495488278,0.09592196590687074,0.04827566614275027,6.814584080361286e-08
956,0.34378654238398576,0.6578983050131424,0.059237756517187476,0.12261360021661537,0.05928069557610532,5.423839857798818e-07
957,0.6791080627419547,0.87326100243559,0.02259801905449216,0.050759858316009474,0.022603397333977884,6.274195463173982e-08
958,0.5904744838238637,0.8330935756112716,0.036269065042871106,0.06743374891438685,0.036286453293570664,4.838238636395431e-07
959,0.0492084904408332,0.49892728411304543,0.061175095734082106,0.10597711311690544,0.061223197110291415,-5.095591668058397e-07
960,0.42368769198896616,0.7508279698689567,0.043928873408105466,0.09379284148300888,0.043957871519206104,-3.080110338449238e-07
961,0.5555080392730791,0.7911777277208523,0.0298420833395508,0.06472058133447052,0.029853871722951102,3.927307912210409e-08
962,0.2774450323756573,0.6378498751427548,0.06102786479619139,0.1084015569982621,0.06107408207645823,3.237565732172598e-08
963,0.26326607448557904,0.5918649295365228,0.06788452792988285,0.13134524943276532,0.0679253430322697,7.448557903799724e-08
964,0.512041751169509,0.7319810108397291,0.04027224955830075,0.09452284443075064,0.04029642818487345,-2.4883049098978205e-07
965,0.3797837663442162,0.7156821223351157,0.03204937298486331,0.07203577949558404,0.03206300817667174,-2.3365578383227614e-07
966,0.7771725976754758,0.8902307935722534,0.026253969371874984,0.0544202526849568,0.02626534881323604,-4.0232452425126297e-07
967,0.7567247166394842,0.8809507890542628,0.024569982508007824,0.050824402326507846,0.02458175994138409,-2.8336051582922295e-07
968,0.5778813023752144,0.7693646598088426,0.03155296115615234,0.075824246797488,0.03156913723258093,3.023752144226677e-07
969,0.39871824007395407,0.6820833785849039,0.04860844198710941,0.09901689607409624,0.048638803432312694,2.4007395404979093e-07
970,0.3994765484677175,0.6810593639757668,0.042451577165234386,0.08392608630647372,0.042475030522135235,-4.5153228250827127e-07
971,0.25164113532106946,0.6159892364392866,0.03795346980644528,0.0787731807562158,0.037970023168384735,1.3532106946101408e-07
972,0.24547271469532794,0.6378271410333289,0.03481092239570317,0.08114167165553608,0.034825202738240045,-2.853046720541208e-07
973,0.2815195898427738,0.6477489900460518,0.06329632331748045,0.11835942510678028,0.06334414378796326,5.898427737904832e-07
974,0.3109623957414507,0.6218026449630778,0.03889850533320318,0.0759702029916202,0.038917662646043086,3.957414506650103e-07
975,0.21621892418239885,0.5425218136488238,0.05061831206337897,0.10150497304966513,0.050649101104930365,-7.581760114172553e-08
976,0.4256158973075397,0.7247605425772132,0.04933734899082033,0.10176277596987694,0.04937926237043044,-1.0269246031313628e-07
977,0.7216998034591718,0.8555153587124931,0.030332730307812507,0.06142585515948029,0.030350174577498838,-1.9654082816789042e-07
978,0.3603561273105871,0.6687680088866316,0.04925782187783211,0.09883801121465269,0.049290090340321696,1.2731058707249332e-07
979,0.4779174131203616,0.7074311370432276,0.036856354810742176,0.08174349810329916,0.03687656652496541,4.131203616419832e-07
980,0.5049155190161247,0.746885937577199,0.04203509734189449,0.08107434024320538,0.042045099702933415,5.190161247448088e-07
981,0.24112698699801172,0.5660177134384431,0.037551708613867175,0.09450771466578291,0.03756395692050604,-1.3001988291572175e-08
982,0.3421034188335146,0.6275426640579426,0.04515481849365231,0.08608744375457957,0.04517887957671033,4.188335145927091e-07
983,0.5340570292980397,0.7569707291635824,0.03449554304423826,0.07129197623890918,0.03451026448808001,2.9298039661007635e-08
984,0.24267910159383888,0.59670579593423,0.04034782678945312,0.08100338128592129,0.04036678360424199,1.0159383886931828e-07
985,0.2889098576007709,0.605939142567255,0.04454750993837894,0.09671568375538217,0.044564743944853706,-1.4239922907499647e-07
986,0.609349107199999,0.7915664230785555,0.039939815950195245,0.08407949136873291,0.03996572587815524,1.0719999898878285e-07
987,0.4704909483372057,0.7411046898090924,0.03300639039042974,0.0704752561681862,0.03301933132015687,-5.166279426482845e-08
988,0.5424256280729629,0.742250422788965,0.022063807033789067,0.05221433083274137,0.022070779111248426,-3.719270370572403e-07
989,0.24034787662852053,0.5627824871508128,0.0561807864805664,0.1211744387725389,0.05620251215176504,-1.2337147947683036e-07
990,0.5865380975784318,0.850596836387077,0.024679191993945308,0.05129218016868354,0.024688364827517472,9.757843177915504e-08
991,0.43221887291285277,0.6878632721852881,0.0482830516139648,0.09398818441480847,0.04830907494452312,-1.2708714725029324e-07
992,0.6233492684038057,0.8041382390039683,0.036741633917187565,0.07468165399199903,0.03676302811360634,2.684038056255389e-07
993,0.3260046608956434,0.6394703808798547,0.060137177172070254,0.11912286672388643,0.060181941047477025,-3.391043565947882e-07
994,0.4373647846539822,0.7092602547727146,0.035773588149023434,0.06767798396227748,0.03578910882974418,-2.1534601779560347e-07
995,0.3331569473919209,0.6228544263976598,0.0547792903264649,0.10936183289745875,0.05480755823991335,-5.2608079059712765e-08
996,0.28234130113317046,0.6902117738988491,0.048975195425097644,0.10215048738281172,0.049003692831711854,3.0113317045499244e-07
997,0.37742960928471325,0.6433068660689671,0.05142804611601564,0.10051250213741388,0.05146210282993548,-3.9071528673551015e-07
998,0.41601468908604455,0.6841635355961845,0.034945899617382786,0.0767614443284987,0.03496166237304547,-3.109139554702267e-07
999,0.3146786645766637,0.6021638449260563,0.03647150056083983,0.08751902193992192,0.036490124971015524,-3.354233362728998e-07
1000,0.026323726938527803,0.392898284837289,0.056322484436328174,0.1331495983698565,0.056356093745379476,-2.7306147219741117e-07
1001,0.34726896922787676,0.6797691308781576,0.052421231554882805,0.10129615266824525,0.05245733572011366,-3.0772123238431703e-08
1002,0.31364500483180824,0.6834838463543956,0.06896477655517586,0.12706554758858615,0.06902179607520756,4.83180823129814e-09
1003,0.6359084297841153,0.8065650274486668,0.02877831853544922,0.06378380405076957,0.02879047056121605,4.2978411529670524e-07
1004,0.028684232556162703,0.42959544839327896,0.050392064018261726,0.11056268336090858,0.05042137070887639,2.325561627020134e-07
1005,0.03932506668690894,0.5124270686825706,0.04121496783466798,0.08564004018371382,0.04122956034489544,6.668690893940621e-08
1006,0.3403909791137767,0.6357728962269643,0.03614266454179687,0.08319517978283436,0.036157538031844356,-2.0886223306426643e-08
1007,0.39624437896022047,0.6624767028146094,0.05131290242851556,0.09428987064612462,0.05133745959450392,3.7896022048178324e-07
1008,0.04359349685925129,0.4274693725310914,0.05398726543134765,0.11044092299563105,0.0540143082889499,-5.03140748710218e-07
1009,0.42395424893523603,0.6978709622806347,0.04872328113466793,0.09653391985495459,0.0487565440630657,2.489352360357522e-07
1010,0.22047197346456426,0.541782745855496,0.05707022175087888,0.11609575286870383,0.0571148597552909,-2.653543573760686e-08
1011,0.4211089873043343,0.6826241183649789,0.052210422406738274,0.10452183825184355,0.052244170976143846,-1.2695665685402702e-08
1012,0.36393503185470877,0.679959085204049,0.053210418863476626,0.11185168805902922,0.053243906948864335,3.18547087596599e-08
1013,0.3310521441759212,0.6316700794165933,0.056476823694335966,0.12137594533999406,0.056500793675796177,1.4417592120175016e-07
1014,0.11628286171367852,0.47850673886622763,0.05888926410097657,0.11972515000903927,0.05892260131267047,-1.3828632147716569e-07
1015,0.49485081794171915,0.7160640734633309,0.03706168092968751,0.080668060587001,0.03707950803039016,-1.8205828083983633e-07
1016,-0.21068791561643252,0.27770936052043965,0.07055294954062502,0.13646105551997692,0.07059989240454329,8.438356746687248e-08
1017,0.18951119221596657,0.622930212741685,0.07229118505693367,0.14066546501535454,0.07234880003107329,1.9221596656016082e-07
1018,-0.2084581641555967,0.2819323141667844,0.07757301032783209,0.1519941155916129,0.07760766061166352,-1.641555966991337e-07
1019,-0.019477784679509336,0.375872744144367,0.06377271799130856,0.12867253893086375,0.06380631358504639,2.1532049066311232e-07
1020,-0.0016360114417159899,0.37978990132551954,0.08004239358701187,0.1516196702620403,0.08008004039117635,-1.1441715989804827e-08
1021,0.6219227869219388,0.8075013882573789,0.04040198506621097,0.07925870032252479,0.04042593431949833,-2.1307806119530426e-07
1022,0.3436565723202393,0.6439080784216662,0.04969211852568365,0.09444050296077856,0.04972481097781769,-4.276797607172256e-07
1023,0.7563140724475288,0.8745222984596137,0.027104790536035143,0.05599821379414176,0.02711605429280907,7.244752875390503e-08
1024,0.10307920122940228,0.4690935586574757,0.0365010145061523,0.08130344747598989,0.03651402495713807,2.012294022801786e-07
1025,0.46890581638924045,0.7065528390837621,0.04221366952822263,0.0867908484884624,0.04223467771577943,-1.8361075954098638e-07
1026,0.14296331158038078,0.4570930325658266,0.05206204647412107,0.11308919498659355,0.05208181906069382,3.115803807740569e-07
1027,0.7193350754627925,0.8569071787541702,0.029988309037792975,0.060856090892013846,0.030005651605289146,7.54627925703133e-08
1028,0.1776955698653685,0.5437402184174402,0.060728937448730515,0.12070726789531568,0.060769490096245944,-4.301346314961041e-07
1029,0.5568385095107561,0.7615721581506218,0.033009605969140654,0.06933248712641757,0.03302391406536101,-4.904892438872821e-07
1030,0.1469836428879704,0.45813375062655154,0.03225683201796877,0.0777544533774235,0.03226675915746434,-3.5711202961419275e-07
1031,0.3914568334817373,0.6833939330254698,0.05093164336464842,0.1084105747090029,0.05096613740443877,-1.66518262678661e-07
1032,0.720976031080746,0.8520583111578366,0.026989043071093757,0.052701259286905965,0.027000878841531833,3.108074608793032e-08
1033,0.37778827914575186,0.6852352951517107,0.047001034592285204,0.09636081804114098,0.04702075898251716,2.7914575184695423e-07
1034,0.22773321776095723,0.5776641540240325,0.0443285084619141,0.09253240245779822,0.04434311662323594,2.1776095723846645e-07
1035,-0.16052099948039622,0.3064897174029927,0.06658377132822252,0.12892169505561793,0.06663054040393596,5.196037766719286e-10
1036,0.2789048171375015,0.593764977583024,0.0577210338754883,0.11448044381411199,0.05776707917667737,-1.8286249853227687e-07
1037,0.5214912885421918,0.7367064746794979,0.0326233566164062,0.062461058097378314,0.03263816323574829,2.8854219180640683e-07
1038,0.07409809262566558,0.5754901444802071,0.06907810516396483,0.13817442728956003,0.06911118164418849,9.262566558199126e-08
1039,0.354354794872092,0.665206852863686,0.04974788145634757,0.09773023610667389,0.049775839275984994,-2.0512790799287473e-07
1040,0.49323889324960657,0.7241699860254226,0.03231210301660153,0.06128609597647191,0.03232618776936119,-1.0675039341379033e-07
1041,0.19896486873726005,0.5229859730876598,0.04332312087636717,0.0953970954773942,0.0433452743339933,-1.3126273995522908e-07
1042,0.23830158426604608,0.6025474830475236,0.04335683781533202,0.0914712530944785,0.043369789148975484,-4.1573395392902057e-07
1043,-0.07010150126957937,0.34110469801174037,0.05800746573857418,0.12337658586566162,0.05803529824306676,-5.012695793726873e-07
1044,0.5867273794074502,0.7734224217434815,0.027268480006640602,0.06193913147930219,0.027280083213570346,3.794074502350142e-07
1045,0.4731524072690122,0.7239921365378499,0.04465388090185543,0.08226280138798914,0.04467501454704445,4.0726901218146594e-07
1046,0.21233901590135784,0.5339024629562525,0.05922366113867185,0.13529468713538345,0.05925294581095941,1.5901357841574537e-08
1047,0.12542508403666475,0.5003314906219486,0.0545197769989258,0.1154872179085772,0.054543121847787125,8.403666473810745e-08
1048,0.2417758882692982,0.5873748928995876,0.061612398511816414,0.11000828941537509,0.06166153676311524,-1.1173070180170441e-07
1049,0.666429084427993,0.81885874802529,0.02945252694062496,0.05618418843185537,0.02946347990383512,8.442799293018055e-08
1050,0.5661686070218589,0.786197127735871,0.03272464064462891,0.062374726543918575,0.03274027913390403,-3.9297814113936624e-07
1051,0.32135478098570425,0.6269643361145874,0.054311927242968724,0.1112277203275725,0.05435230131182808,-2.1901429575477138e-07
1052,0.4872069131939252,0.7316167834574203,0.04151627404218742,0.0864793748358262,0.04153727021430708,-8.680607482824954e-08
1053,0.7503646214762464,0.8750982809442376,0.030059930057128932,0.061930888831582695,0.030079527296291753,-3.785237535636199e-07
1054,0.31360044706214263,0.6987878416148667,0.057765878569531234,0.12138777823032401,0.05780572566323007,4.4706214263889876e-07
1055,0.08974531501819183,0.5620007931465026,0.08057207556318358,0.1447352876554566,0.08063925525583325,3.150181918237793e-07
1056,0.03420310175761321,0.5045233081465846,0.04041076904902341,0.08988318646522078,0.04042743341495776,1.0175761321062904e-07
1057,0.4205273304591628,0.7558411816613239,0.03083565040732422,0.06225949611134151,0.03084602955337881,3.304591628117137e-07
1058,0.16196862625487596,0.5183503262969986,0.07208254996054692,0.13390637789522747,0.07214144449000559,-3.7374512404375615e-07
1059,0.3506830673058101,0.6119555734627881,0.03554477735087893,0.08091545134424796,0.0355602452076544,6.730581009195546e-08
1060,0.3845508267633827,0.677124874003728,0.03852749183007813,0.0785777333020938,0.038546729843794085,-1.7323661727353112e-07
1061,0.1708060638674559,0.5878697626691631,0.04842146595185545,0.10483486038801346,0.04844834670793896,6.386745587949605e-08
1062,0.17207508904382518,0.6202063214473288,0.05203436159638673,0.11368908796249504,0.05206706933792536,8.904382517438414e-08
1063,0.47875882596447805,0.7179424855954029,0.039029356752832076,0.07745194219963933,0.03904640527239492,-1.7403552193817617e-07
1064,0.02109181475289401,0.4567415064107784,0.0562581820000001,0.11815982414416236,0.05627864034380351,-1.852471059882177e-07
1065,0.48377670950778595,0.7528652273947712,0.037712840435937506,0.08000846630002734,0.03773429682878483,-2.9049221406118875e-07
1066,0.4076238606617718,0.6721644974288694,0.0504785414445312,0.09590985159851796,0.050503184458236636,-1.3933822817779884e-07
1067,0.33761070557370876,0.6484207454277224,0.04864017883623045,0.0942766705766683,0.04867437827213401,-2.9442629123632713e-07
1068,0.44868874281161464,0.7276609839493462,0.04723669430166021,0.09039239509432363,0.04727100425361444,-2.5718838536636923e-07
1069,0.5181286133250218,0.7718717539178572,0.0322820625696289,0.06051968855448523,0.03229731787183355,-3.8667497814781626e-07
1070,-0.14473059413302214,0.24181404261888936,0.05973121745898434,0.13303974338125413,0.05976330857474238,4.0586697785949255e-07
1071,0.10339575292071956,0.4171125250549058,0.03912763434658206,0.10518990421645547,0.03914116339577102,-2.470792804382116e-07
1072,0.07671484077409174,0.4845956485189453,0.04891215961904299,0.1091326729723083,0.04893471440697512,-1.592259082638936e-07
1073,0.7743802062903269,0.8860075594563079,0.021127349488281266,0.04448241028592848,0.021135844954503765,2.062903269317573e-07
1074,0.6297286740753438,0.836081674554828,0.028163694264257837,0.05651562476326663,0.028174517699636324,-3.259246561526652e-07
1075,0.06474229293191891,0.41717479655469447,0.057902015319043,0.12610780623414927,0.057924386968456976,2.929319189159951e-07
1076,0.08690100213228513,0.5607943334650255,0.07329571065029293,0.14916729549655808,0.07332842415419472,2.1322851262439713e-09
1077,0.1818193077744067,0.5532365942589255,0.06415865819541014,0.12232930315584549,0.06420646142121073,3.077744066826149e-07
1078,0.5560524077082358,0.8184494976340411,0.03270647684179684,0.07047897972925836,0.032723547001553686,4.077082358389106e-07
1079,-0.00840779957599036,0.33426759070067996,0.05781561368544912,0.11980569255162364,0.05783854379348761,2.0042400964044582e-07
1080,-0.07391524260193805,0.2970437743509813,0.05486843088789066,0.12537389795353024,0.054894478169567024,-2.42601938052478e-07
1081,0.6472925980276489,0.8328338594324677,0.026919638681738252,0.05745185332666386,0.026930819668635683,-4.0197235107175544e-07
1082,0.19307497917545335,0.5745347866293934,0.07972086312607425,0.15760020620738227,0.07978493726028489,-2.0824546642650432e-08
1083,0.45974308876943937,0.7032080376789932,0.03787582740791012,0.07921486907900181,0.03789500509987904,8.876943935476334e-08
1084,0.17644494045865122,0.49852222289455683,0.06190387183164073,0.12825836365894705,0.06193416901140073,-5.954134876806627e-08
1085,0.06782039371223725,0.45201104986557344,0.07582133727246092,0.13934747290636504,0.07587642272830866,3.93712237242716e-07
1086,0.6114350028730953,0.8107003003646741,0.028028763949218737,0.058296721394573314,0.028039687367422492,2.8730953172129148e-09
1087,0.3789358844863362,0.6848749298999739,0.0396768128166015,0.0869010428264593,0.03968716861969501,-1.1551366380091466e-07
1088,0.040382988953515775,0.37001703464521546,0.03574571708154302,0.09051758775996249,0.035759250162615205,-1.1046484227339448e-08
1089,0.5578577309415785,0.7572386177450606,0.03446603630341801,0.07677681573875009,0.034483120524097736,-2.69058421431545e-07
1090,0.4961384127564594,0.7212644040672929,0.043573515361328065,0.08401879455447535,0.043599059836851084,4.127564594003097e-07
1091,0.2011363195034206,0.6229829574772249,0.04528833982285151,0.10012677507851903,0.045314329131295496,3.1950342058162384e-07
1092,0.15606840052153614,0.49527341205792424,0.05663443326650386,0.12145022890801632,0.05666910071920776,4.0052153613134855e-07
1093,0.3947099958587932,0.7989244730702167,0.024960031565039047,0.057710102588209605,0.024968797435661175,-4.141206821905996e-09
1094,0.33808674565437147,0.7544083266200218,0.02746718931816406,0.06438182708092749,0.027475678932032392,-2.5434562855863874e-07
1095,0.09072876712548938,0.4601302787685082,0.054061414472851614,0.11188118674597859,0.054094323284546136,-2.3287451061948516e-07
1096,0.4737153863562711,0.7109869535762415,0.03811140174013671,0.08112858644335885,0.038128132494310865,3.863562710870738e-07
1097,0.13810475875317285,0.507678035431182,0.05881475725917968,0.12161479207051731,0.058840954793886936,-2.412468271539847e-07
1098,0.6109419665681601,0.8045516543559912,0.04093568994492193,0.07995617755908345,0.04095993197416502,-3.343183985204945e-08
1099,0.46606154828246327,0.730692527422329,0.023013601855371102,0.06109238456552329,0.02301802763512563,-4.517175367091397e-07
1100,0.39871601460170825,0.666620472046648,0.04373356380234374,0.08973902221326518,0.04375863145510051,1.4601708231420929e-08
1101,0.0973514315048597,0.45776764225198624,0.03440709282197265,0.0874674593848086,0.03441432961518574,4.315048597047788e-07
1102,0.7215117049559675,0.8495474458039054,0.025948351639062513,0.05331559371438081,0.025956347208896027,-2.9504403253888256e-07
1103,0.4195812317667774,0.7001397941004928,0.03750862596357425,0.07848258874370101,0.03752801674236425,2.3176677743652618e-07
1104,0.5828430320531426,0.8095313036167314,0.026688045905957046,0.06506427782880583,0.026695913757694808,3.2053142584587135e-08
1105,0.23293511791981425,0.6065001836810193,0.04114568132265621,0.09256401215306838,0.04116582699744006,1.1791981424646991e-07
1106,0.4961684739509806,0.7164420614959639,0.047568440329394585,0.10032461698027034,0.04759583885499312,4.7395098062841257e-07
1107,0.05201281092126142,0.4066406323112518,0.06701210417246095,0.14309405538971276,0.06705169728109718,-1.890787385758208e-07
1108,0.2267700706080703,0.5775021887740514,0.04223631584882811,0.08134312154034165,0.04225829993068518,7.060807030723204e-08
1109,0.5829692021245811,0.7919558462351831,0.028974490768554715,0.06159501880038956,0.02898732115113629,2.0212458118340493e-07
1110,0.7591150168854233,0.8720604593100653,0.022879776639453137,0.04916211527781178,0.022889581201577306,1.6885423281820522e-08
1111,0.46771099318125187,0.7241592838971634,0.03799321678417969,0.07664453131093511,0.03800991937662358,-6.8187481216952506e-09
1112,0.13141848200974826,0.5236180008154872,0.06724889426259772,0.13040947581234227,0.06729935388466421,4.820097482538532e-07
1113,0.5721961024506439,0.7801508871643996,0.0372585280556642,0.07233482807702554,0.03727500841786098,1.02450643857388e-07
1114,0.1174566357592367,0.5078916332799126,0.07007877616533198,0.1381303897786104,0.07014397886563521,-3.642407633008826e-07
1115,0.16428300319799272,0.6687499460699513,0.07111165956572259,0.14829902550380164,0.07117103731305424,3.1979927039849088e-09
1116,0.6700399636075417,0.8277753906557256,0.03147159097509766,0.06929658430908313,0.031486020892528624,-3.639245826914106e-08
1117,0.2706194980669696,0.5924903497994908,0.060632582553027364,0.10972603035298613,0.06067620166718095,-5.019330304167902e-07
1118,0.5151830315052031,0.7342791208590048,0.0389092917384766,0.08439193335070058,0.03892924939043657,3.1505203113013636e-08
1119,0.46952744103926636,0.7078509804415561,0.038586171604394544,0.08290573186352425,0.038605547257575444,4.4103926633010104e-07
1120,0.6877435757924205,0.8424587809688199,0.0285481161145508,0.054309410546868844,0.02855871581615193,-4.242075795080069e-07
1121,0.4706098907925328,0.7279730947465775,0.0433310308992188,0.08849724790615124,0.043356304589853366,-1.0920746718046104e-07
1122,0.5630658113110072,0.7726309204102825,0.03772516490683592,0.07852447761319904,0.03774841094074455,-1.8868899276380802e-07
1123,0.236553924874621,0.5986869149315086,0.06078355451347669,0.11918600339387932,0.060809575459859266,-7.512537897325089e-08
1124,0.818958682757709,0.9050164576706231,0.020385134433398424,0.04300755034715497,0.020390660744937637,-3.1724229099250323e-07
1125,0.060507999655792566,0.45412585233592406,0.05676959372832035,0.11212169538097654,0.05680040197667044,-3.442074333892542e-10
1126,0.4985239381055736,0.734450511617111,0.04349205619140627,0.08926328437236508,0.04352254068457796,-6.189442641746368e-08
1127,0.37765876692488576,0.6934105631713933,0.03449403440214839,0.06971282457056595,0.034508760981388435,-2.3307511426429173e-07
1128,0.26048607181015515,0.5995071768257947,0.05626341468330083,0.10999146451022657,0.056299347342016505,7.181015515556055e-08
1129,0.2870054667545463,0.5974086113009653,0.05739254719062503,0.12998725502870617,0.05741935987846228,4.667545462910816e-07
1130,0.69792414771499,0.8468950548482027,0.032984845078222635,0.06257433684218836,0.033003369456956706,1.477149900175334e-07
1131,0.4022423232195904,0.6929269029669882,0.055840232267187546,0.10246156526522979,0.05587778454114393,3.2321959042569404e-07
1132,-0.19048801679563754,0.36374750131095446,0.09217618666611338,0.16972794823437207,0.0922463358165182,-1.679563754741764e-08
1133,0.2991189043517358,0.6113284877205956,0.0515052033333985,0.11314614205792953,0.05153587204740662,-9.564826419783401e-08
1134,0.5056784843675186,0.7479156984061605,0.04742228439404298,0.09448887714570896,0.04745793449070161,4.843675186494423e-07
1135,0.3822439914240936,0.6579323180353391,0.04914468105996089,0.0998840123046655,0.04917445337378254,-8.57590637393102e-09
1136,0.2268472217201919,0.534912044791855,0.030312168062206993,0.08269673987103361,0.030320155203667796,2.2172019190080938e-07
1137,0.14651152454675187,0.502095813183396,0.04345831552939454,0.0949930201937583,0.043476350845754054,-4.7545324813325074e-07
1138,0.3467378001380056,0.6561498260924717,0.05656749296894533,0.11302271085349487,0.05662009416316278,-1.9986199439880892e-07
1139,0.5585871231492564,0.7748657762211844,0.04393985537841792,0.08482153455532641,0.04396580655185819,1.2314925645906527e-07
1140,0.4214817021623859,0.6704134429733856,0.042785992349414076,0.086350179893116,0.042810060113838005,-2.9783761412716103e-07
1141,0.054350704028102825,0.42955760099950263,0.053158405484765574,0.10296706053712715,0.053188305530066676,-2.959718971712322e-07
1142,0.2325302205859464,0.5608123216991082,0.04105794578144531,0.08864264475700852,0.04106962025223302,2.205859464254889e-07
1143,0.6622557678059423,0.818161547109525,0.03347005559716797,0.06594139040781609,0.03348794561454283,-2.3219405764773882e-07
1144,0.2036129902856466,0.5155878036847058,0.05116552244921871,0.1182306280151253,0.051183046162755805,-9.714353377265894e-09
1145,0.18824001122113254,0.5716046119388618,0.07308854864550778,0.13448308122436772,0.07316362432799395,1.1221132550920387e-08
1146,0.18967289037707424,0.5548408201863474,0.04465153526074215,0.11140805011338904,0.04466650974386699,-1.0962292576466304e-07
1147,0.6324622547695777,0.8145335430200378,0.038583462682128915,0.07926074975414574,0.038605457465924614,2.547695777677106e-07
1148,0.5841633827569497,0.7802722487659077,0.03183995144736328,0.06421041986248809,0.031855603628123626,3.8275694969058804e-07
1149,0.44183845728022353,0.7186674854836244,0.05125489107001956,0.09713004215945907,0.05127054463381334,4.572802235203177e-07
1150,0.06983911443889823,0.4262291021415846,0.06454977333417959,0.13459515078596332,0.06458032431591355,1.1443889823270492e-07
1151,0.6275888280907538,0.8089352107581104,0.0358534143030274,0.06748732280992055,0.03587279221859377,-1.7190924617160874e-07
1152,-0.040789838748311213,0.29995250401972745,0.04738944843125,0.1099016216964193,0.04741388175753868,1.6125168878639018e-07
1153,0.41184389709966773,0.7110499000728923,0.03854072206943356,0.0796867302740053,0.03855942055814279,-1.0290033225501816e-07
1154,0.22767846229787625,0.5579182289217721,0.060710986113867174,0.12651814877316106,0.06074855377280234,4.622978762580665e-07
1155,0.6187923149348886,0.8023726830124511,0.0335879875149414,0.07012863140274128,0.03360664926039038,3.149348886122283e-07
1156,0.6226505257578714,0.8030680624642422,0.041608807795410235,0.07850897726481786,0.04163057502013789,-4.742421285675036e-07
1157,0.17674727415892155,0.5099325565262504,0.055328923724902265,0.11408455932231101,0.055353701353510816,2.741589215649043e-07
1158,0.2836953967074206,0.6157244711188552,0.04138167249150385,0.0865674175801197,0.04139779995248496,3.967074206356891e-07
1159,0.26309737706412206,0.5828129507996849,0.04680419585537101,0.09886501527220509,0.046823640706648205,3.770641220368631e-07
1160,0.5453575021797122,0.792946331156257,0.04435402113857425,0.08891126019383985,0.04436795926642586,-4.978202877703453e-07
1161,0.238240361531742,0.5727003949723982,0.04379905493730468,0.10359243624299694,0.04382316179566951,3.615317419880526e-07
1162,0.6144049942550486,0.805863774005849,0.02274874305976565,0.05540645308541449,0.022756212661412586,-5.744951403485743e-09
1163,0.6135800504625918,0.8388259381255591,0.042393864657519535,0.09059054089253397,0.04241504473311064,5.0462591771882614e-08
1164,0.34491218566170634,0.6597566979291851,0.03974985733242195,0.0831095905727535,0.0397596451113697,1.8566170634226609e-07
1165,0.41846963547143057,0.696432908348218,0.0585420401925781,0.10820379784594054,0.058586240534880644,-3.6452856944091394e-07
1166,0.30113079741548554,0.641409012610274,0.06831565729472659,0.1262228657969038,0.06837076827722659,-2.0258451444155057e-07
1167,0.20703001217052286,0.554811987502874,0.06623362727939448,0.1297411130445979,0.06628164422117078,1.217052286728304e-08
1168,0.24580962931420214,0.5636461807972128,0.05663647379638658,0.11263373151369513,0.056657597493786266,-3.7068579786248e-07
1169,0.3974396913524564,0.6968201172252837,0.04877500230546873,0.09399833995077612,0.04881155882920233,-3.0864754363424396e-07
1170,0.5358131225494646,0.7406772758913855,0.028226108369921888,0.05633244362630931,0.028239549003037566,1.2254946457623817e-07
1171,0.5282953995193014,0.7708635433401485,0.04468286290322268,0.0893108770101221,0.044711323010600885,3.995193014194598e-07
1172,0.22802072373796156,0.5893637613876227,0.05402295792734376,0.1052953274743308,0.054062397197566704,-2.762620384400005e-07
1173,0.45750207221214045,0.7161779679244006,0.048029428534374884,0.09611536067703981,0.048061752918080416,7.221214043395818e-08
1174,0.1607487808170447,0.6075999206397867,0.057911979213964807,0.1210727463838757,0.05793190916370337,-2.191829553133129e-07
1175,0.48529336126174205,0.7186211633373946,0.05135460255400401,0.11263439795555148,0.05137559315202396,3.61261742076735e-07
1176,0.44214693557499996,0.7248601331983268,0.037998127872168025,0.07687647169469676,0.038008611319922475,-6.442500005698903e-08
1177,0.1100635185175628,0.4458269161897863,0.06238975020166011,0.13219033308909323,0.06243049763227808,-4.814824371979221e-07
1178,0.20156043454425832,0.5262713190842974,0.047703490793066454,0.10105398736823816,0.0477241218736835,4.345442583264525e-07
1179,0.3391014428878698,0.6294934362471634,0.05723820215283202,0.11566342056933841,0.05727210901680534,4.4288786982260575e-07
1180,0.7109144192249517,0.8601041325915012,0.019922270692871086,0.0443383381949375,0.019927040046577464,4.192249516421498e-07
1181,0.20310124291295628,0.5232408143831662,0.03719685134414059,0.09096676706672974,0.03721381145311858,2.4291295627754117e-07
1182,0.41389307853176227,0.7603199008405604,0.034791211806543,0.07643532965439996,0.03480811327579493,7.853176225980363e-08
1183,0.3104980363984704,0.6313896976592068,0.04010034217148435,0.08665038887551174,0.04011978665135467,3.639847040437516e-08
1184,0.18641982984323024,0.5188764127452026,0.05687254778085939,0.12059295737934057,0.05690302752906625,-1.701567697576234e-07
1185,0.5780448058139571,0.7709849631088009,0.03630761802929687,0.0719540179549022,0.036327550414929036,-1.9418604291221442e-07
1186,0.4273483839038006,0.7071301411705112,0.04249562364277334,0.08246771131839234,0.042518213816379616,3.8390380058261897e-07
1187,0.5653545928619678,0.7848602581367989,0.029747637255273417,0.06373116775403447,0.02976012482982896,-4.0713803228786816e-07
1188,0.4334430634403975,0.6930211401106792,0.03928229261533199,0.08755264178884345,0.03930202817987515,6.344039749084374e-08
1189,0.3636611195431636,0.625975838707151,0.03834041335732423,0.07958323723161832,0.03835871744299524,1.195431635903077e-07
1190,0.4064645077715451,0.7018409850575494,0.03641062323886716,0.07880799038549624,0.036424800474210366,-4.922284549402356e-07
1191,0.5980703557235362,0.8818765273373719,0.022351793389355463,0.05190479728671941,0.02236003702519781,3.5572353618285035e-07
1192,0.24167910987086738,0.5696906687873353,0.055951674032714824,0.10894703011766053,0.055980110837408066,1.0987086737634932e-07
1193,0.488126267397206,0.7147120872008433,0.03277229662460943,0.07444296875888905,0.032787927616620895,2.673972059885621e-07
1194,0.6490823123977758,0.8650167981791034,0.027381400323925775,0.05673780199307465,0.02739409650420741,3.123977757590879e-07
1195,0.3518844695311041,0.6306416287496668,0.028951541598730483,0.07262877556032764,0.028960130313265525,-5.304688959206771e-07
1196,0.7357857967614454,0.914160545661966,0.01926583750419922,0.0431538781500195,0.0192707853457845,-2.0323855465242957e-07
1197,0.4533081297084882,0.6933920583667873,0.03893032251943367,0.08443350790657901,0.03894386798338442,1.297084882279087e-07
1198,0.1778927176722721,0.5239948826863586,0.04733243208212898,0.10314645266615158,0.04736439070269308,-2.823277278907188e-07
1199,0.31787755828153597,0.6287981933080392,0.05704865550136722,0.10766564978927336,0.05708977436568228,-4.417184640281846e-07
1200,0.21690392536742875,0.5795026320150127,0.049109473631152374,0.10764964013430404,0.049130370851177024,-7.463257126194556e-08
1201,0.3938624503713086,0.7131338858456304,0.05085235416171873,0.10438578250409558,0.05088518810921473,4.5037130863567754e-07
1202,0.3778747145994201,0.7038625846024303,0.03886096268203123,0.07922134096159202,0.03887822574561865,-2.8540057989134837e-07
1203,0.28271976896817586,0.5899968547940355,0.05834915129443354,0.1257275729598444,0.05838526892390318,-2.310318241716125e-07
1204,0.4818707474692404,0.737407834940695,0.04709355751289061,0.10152095245886116,0.047125367225305886,-2.525307595813153e-07
1205,0.47013762887432053,0.7017402795233159,0.03263751692890621,0.0801605777837083,0.032651705185376204,-3.7112567946584463e-07
1206,0.42911981437750746,0.6837544055711006,0.02653686789345701,0.05956655159311098,0.026545991023211528,-1.8562249254339136e-07
1207,0.5907489329526705,0.7787381343786764,0.035550939774414037,0.07413570309076108,0.03557046130599476,-6.704732946616332e-08
1208,0.6861168410358451,0.8386630441029596,0.024030003720800813,0.05377029395372969,0.024039679833768014,-1.5896415483940274e-07
1209,0.1542502916487467,0.5499367702440799,0.04770389154667976,0.11135032459924851,0.04773426004950927,2.9164874670861707e-07
1210,0.4337349134900611,0.7227672654655966,0.03741712349316411,0.07207273836719463,0.03743149890310555,-8.650993887915348e-08
1211,0.254298823565722,0.6275517951274074,0.07521788412167983,0.14350511458647822,0.07528619443285169,-1.7643427802083167e-07
1212,0.45127943947448945,0.697691192526892,0.03328926432031248,0.07308571142032544,0.03330557022791251,4.394744894664626e-07
1213,-0.11170328765543691,0.2850803907383596,0.05987189721933596,0.12646365749401045,0.0599109357602223,-2.876554369146689e-07
1214,0.37015382982312117,0.6391648566915288,0.04476536264121096,0.09973627670088561,0.04479082683094052,-1.701768788109348e-07
1215,0.4749677889800479,0.7306245475118462,0.04954703274296886,0.09834069266367575,0.04956965980062108,-2.110199521232481e-07
1216,0.4554154782673385,0.6988802473660991,0.0345617786057617,0.07562574267147455,0.03457785815350282,4.782673385106406e-07
1217,0.2667301127133692,0.6706852975741092,0.06411914847656246,0.11904418962490523,0.0641678503285166,1.1271336919360664e-07
1218,0.5051238249170409,0.743984189392991,0.034297405858398446,0.06729123184011633,0.03430705105937725,-1.7508295913071237e-07
1219,0.2126864540626966,0.5846133182968047,0.034667082325976574,0.07617336572447525,0.034680271607815956,4.54062696608748e-07
1220,0.7246073570766862,0.8589507690074335,0.02157306899042969,0.04420716704965369,0.021579697051953197,3.570766862193153e-07
1221,0.10218629169975257,0.43673382817883966,0.04826901697343752,0.1075694714075815,0.04828708578847639,2.916997525748144e-07
1222,0.07243041894135738,0.46852997519347317,0.0518346573640625,0.11773360023421583,0.05186779189958478,4.1894135738296256e-07
1223,0.5983394434396571,0.7992516518861236,0.025690771304394507,0.056766115075751016,0.025702686681829633,4.43439657105138e-07
1224,0.2249321860299226,0.6344043727795972,0.051972611638574084,0.12250395652216872,0.052005137528970166,1.8602992260530193e-07
1225,0.4347964484070246,0.7007233475518114,0.04308561224560547,0.09168931336527229,0.043103478740991956,-5.515929754063009e-07
1226,0.3203735138401458,0.6640834305017439,0.04454088058388669,0.09076661975261184,0.04456545850555723,-4.86159854207191e-07
1227,0.40094817320402876,0.7140760879362866,0.05714611169492184,0.10996740635446643,0.057187117568888106,1.7320402873055585e-07
1228,0.29386747528201296,0.6122801460245922,0.052179342094531296,0.10176589565939746,0.052202369159894964,4.752820129683144e-07
1229,0.3922994359274927,0.6590547757023768,0.040309398650976574,0.08334513798177959,0.04033093427287688,4.3592749271459397e-07
1230,0.44187598488221946,0.7231768571336267,0.0290857367746094,0.06626177496842157,0.02909798237824285,-1.5117780527429403e-08
1231,0.2121549939607308,0.5729498196876183,0.04367825208593748,0.09387225799176188,0.04369828274075091,-6.039269223601096e-09
1232,0.41128349508891915,0.7121047561563972,0.03095162084111328,0.06395180845341382,0.030963781284093515,4.95088919139075e-07
1233,0.6938325399543224,0.8349030040389854,0.029140957090234353,0.05644215941722219,0.029153072585360828,-4.6004567766377846e-07
1234,0.5757989990078723,0.7855642888779572,0.03864371617138666,0.07504599666647778,0.03865929995942424,-9.921276022950565e-10
1235,0.6364547490417256,0.8223284926760497,0.027318260534667963,0.053971222680809915,0.027326947068838606,-2.5095827438370577e-07
1236,0.7002446596098055,0.8454930051030647,0.02614390907578129,0.054715449335496096,0.02615244791802289,-3.4039019447540397e-07
1237,0.3691356219580946,0.6160028217303787,0.02642728376982421,0.06396427534694502,0.026435412463534695,-3.780419054466577e-07
1238,0.5178440406111318,0.7607533516055514,0.03154429008496096,0.062259126569464474,0.03155808543060741,4.0611131790768695e-08
1239,0.64618682068598,0.8166172253202276,0.03081245215615235,0.06103544651470468,0.03082861369927227,-1.7931401996573726e-07
1240,0.3357270636649127,0.674167624991657,0.03617732510576176,0.08665617814094005,0.03618673120965324,6.366491267506547e-08
1241,0.2582411213810911,0.6126555999611064,0.05160610659560538,0.11087245769707173,0.05163230337030452,1.2138109112269646e-07
1242,0.461628068356846,0.7808821153732253,0.036185937906250035,0.0696026865076794,0.036204041505498996,6.835684601691483e-08
1243,0.22774962212424854,0.5437531283908069,0.055399641238574285,0.10862889075385816,0.05543554652607661,-3.7787575146719377e-07
1244,0.4142092479430126,0.6827182506102031,0.04541957347675783,0.09309056341697351,0.04544171507512081,2.479430126212101e-07
1245,0.5410274946601787,0.7759807548187145,0.032858242077636705,0.0655373587214805,0.03287339536180195,4.946601787070293e-07
1246,0.5139217039300904,0.7597592626789534,0.03616329413535155,0.07309466878066541,0.0361812976958159,-2.960699095888586e-07
1247,0.06817266524291499,0.46583982781875044,0.057544066748046796,0.11376666125236652,0.057583473491396066,-3.3475708501040646e-07
1248,0.46758173658533886,0.6938718833067913,0.02742944932666016,0.060074835263142584,0.02743886308747873,-2.634146611391053e-07
1249,0.4618654201444007,0.7345109674895559,0.051552434801464854,0.09700333065050688,0.051592531882655904,4.2014440065907266e-07
1250,0.1391840853031674,0.49124955045933,0.05973777044687506,0.11271236432013128,0.059778898951053934,8.530316739085997e-08
1251,0.17307626254813002,0.52415409900268,0.053799504773730515,0.10985509569934188,0.053829455649725334,2.6254813001447275e-07
1252,0.14590597605484024,0.6346816496062408,0.0750439881375,0.1383813292326258,0.07510432282723208,-2.394515977166556e-08
1253,0.40003914781282657,0.7053546459106198,0.05432619744941411,0.10026482913629203,0.05436789400865379,1.478128265897105e-07
1254,0.43896565303437474,0.7083133501179151,0.05399662309384763,0.10696445561555748,0.054038862722203256,-3.469656252863551e-07
1255,0.04352553979241214,0.4622832826241367,0.0591012232807617,0.12621744564548534,0.0591418351036282,-4.6020758786430305e-07
1256,0.2724357228894456,0.6497416826914683,0.06334057376708979,0.11257942824846734,0.0633832049557971,-2.771105543919461e-07
1257,-0.131152194000411,0.24383373356321145,0.06679972349580068,0.14141318532643565,0.06684044283394004,-1.9400041101347298e-07
1258,0.4021999663835233,0.7048997901884168,0.040484457830273435,0.08709106359845194,0.0404996753767479,-3.3616476713405063e-08
1259,-0.0984952358920439,0.3981922835572603,0.07940514087646486,0.143504280161746,0.07945147181047905,-2.3589204389828922e-07
1260,0.5983332819428803,0.7997172912802003,0.04237809520302736,0.08285897869199951,0.042403268577630444,2.8194288026472947e-07
1261,0.7048080074979508,0.844662068298689,0.027605980952246072,0.05489067592581667,0.02761643624503586,7.497950815782417e-09
1262,0.39870997100543315,0.6672331092244594,0.04759615810175786,0.10315564855069861,0.04762261807127859,-2.8994566858564497e-08
1263,0.620279887818991,0.8179438641846408,0.026450813154687464,0.05428762752032573,0.026461635010788014,-1.121810090376485e-07
1264,0.33459867635327456,0.6467901722803123,0.04924635230078127,0.09973394888773485,0.0492850235579479,-3.2364672541973505e-07
1265,0.4268457132903998,0.6640099831083995,0.039379914851660126,0.08746541324534046,0.03940044115764844,-2.86709600227919e-07
1266,0.43680098911450194,0.6786465326949397,0.05154949298847655,0.10361272981753959,0.05158154616876003,-1.0885498058499365e-08
1267,0.4293829584107124,0.6975401211306019,0.03583736003359373,0.07075906538904583,0.035852035451235886,-4.15892876248769e-08
1268,0.26527288710146857,0.5929511984140148,0.03720446180488283,0.0889036424009358,0.03721856100715697,-1.128985314124975e-07
1269,0.273905753063182,0.5784468127486043,0.05149058233525381,0.10404301782560736,0.051523073857308165,-2.469368179935927e-07
1270,0.1517712455043727,0.556205705994017,0.048128095150293,0.10464492402954964,0.04814859823417504,2.455043727200845e-07
1271,0.38364487483816156,0.6799548339274246,0.04666048405937498,0.0919741248142696,0.046689772992857266,-1.2516183844901718e-07
1272,0.34720160992144944,0.6946140367109486,0.06117098314453129,0.11738991838985556,0.06120379679513554,-3.9007855057171525e-07
1273,0.30600237251135265,0.594978163776367,0.029992650554980543,0.07416004223966942,0.03000147973545411,3.725113526531487e-07
1274,-0.021059856628838025,0.4791800064702069,0.06405492146425784,0.12055313569540743,0.06409487593454734,1.4337116197374322e-07
1275,0.5244113214323507,0.7589517465372184,0.0429357952219726,0.09008870626901806,0.04296242965994548,3.214323507361172e-07
1276,0.5870468986363834,0.7835113728749961,0.03332204803662108,0.06428003183113737,0.03333754865991224,-1.0136361661139404e-07
1277,0.2812573185312378,0.5936194270370316,0.05098858768925781,0.10085319212642264,0.05101260726616094,3.1853123783065485e-07
1278,0.6726008144535016,0.8310081684100917,0.027711271527246124,0.05628215020851484,0.02772360728769918,-1.8554649838797843e-07
1279,0.577706045769475,0.8101112579398806,0.027470097580859384,0.059721192734849785,0.02748225834826365,4.576947498780015e-08
1280,0.30756984347073724,0.6129410413764796,0.04286035150361331,0.08612257058003359,0.04288461294161583,-1.5652926277365253e-07
1281,0.37738089975426303,0.6540798273451782,0.05224381764453118,0.10017976109408332,0.052277710810959076,-1.002457369891907e-07
1282,0.48121245136421387,0.7137601284974806,0.045268929485351515,0.09121967127344134,0.045296123511358914,4.513642138936902e-07
1283,0.42552675413856167,0.677422203652868,0.041971804891992204,0.09006376435286284,0.041993611078191856,-2.4586143831939467e-07
1284,0.3642526615916507,0.6257833145531095,0.036605604382812545,0.08133060140563524,0.036622616119027764,-3.3840834928744457e-07
1285,0.409421699452828,0.6728055431160435,0.05467565821259768,0.10365615531301625,0.054714384725820304,-3.005471719830233e-07
1286,0.2897576585135718,0.6393529708082072,0.05290014592958993,0.10427064528135016,0.052949057923656534,-3.414864281903185e-07
1287,0.14350040890274451,0.5327105119383246,0.052791614853515655,0.10951050614152992,0.05282210714909475,4.0890274452531905e-07
1288,0.612709557020721,0.8127820429069478,0.03168665631367187,0.06692224240092802,0.031696628031645004,-4.4297927892511524e-07
1289,0.3890089484898145,0.6711448248150931,0.04453670838339846,0.09034116482444578,0.04456321690655808,-5.151018550586528e-08
1290,0.29365760657011797,0.6842286805850138,0.06740139581513678,0.13635972088577836,0.06746362799633923,-3.93429882006302e-07
1291,-0.14528406233676372,0.29184027104150223,0.05918466273173827,0.11942379715998623,0.05920566620825115,-6.233676372313646e-08
1292,0.17417775514382838,0.5588682844971439,0.04766243019580088,0.09547679733464778,0.047687455198890547,-2.4485617161618123e-07
1293,0.06315120922527406,0.4802630863436153,0.05645136074179683,0.12622903533870541,0.05648241782516767,2.0922527406430635e-07
1294,0.24527693369745063,0.580110282622308,0.0681232352145509,0.13960575176888734,0.0681567954297815,-6.63025493674585e-08
1295,0.5952715923569409,0.8081369266177933,0.03943416043183593,0.07375460329187276,0.039459056898869645,-4.0764305908602694e-07
1296,0.11529024747636307,0.5401492594462256,0.06964892002666023,0.14259259895370893,0.06971126192984219,2.47476363068877e-07
1297,0.19961733795808478,0.5353704469738845,0.060483722168456974,0.1354706509768665,0.06052001068705305,3.3795808479508693e-07
1298,0.10689196365116382,0.4593465268498279,0.03730013535390624,0.08234762228667644,0.03731699204748106,-3.634883617709139e-08
1299,0.6273520768401042,0.8018701453880593,0.028840951133007803,0.0565128402361046,0.02885345971371635,7.684010416841858e-08
1300,0.22159942671130384,0.5707911998955467,0.0449999122038087,0.0827687941935571,0.045020279720508385,4.2671130384697165e-07
1301,0.5525409466842666,0.7703971534449199,0.031179898595800806,0.06773665932614432,0.031194874178670822,-5.331573338374085e-08
1302,0.47847210115861327,0.7344769953124362,0.04551988635732424,0.09046432065591972,0.04554805496434703,1.0115861326376319e-07
1303,0.21709302267369113,0.5876337377679477,0.05120845746630855,0.10576429524658984,0.05124341522198752,2.2673691119079464e-08
1304,0.6224853721166652,0.8042834557838813,0.032913404828125034,0.061792976404214474,0.03292766075018554,3.7211666525927e-07
1305,0.4059245911758136,0.6782804194797692,0.04376332875546879,0.09042711384467293,0.043788047839734716,-4.088241863930975e-07
1306,0.7207898605629004,0.8576404305776424,0.028133171670703096,0.05765336728677118,0.02814769043520433,-1.3943709964436835e-07
1307,0.30928110361495587,0.663144816198945,0.01925709685664064,0.058887976267889004,0.019260117636602906,1.0361495589306102e-07
1308,0.4223443712838888,0.6892180170187395,0.042849390333886746,0.08300605916786889,0.04287410303976484,3.7128388880036667e-07
1309,0.4674793010683721,0.71781697823362,0.04347811966953118,0.08216801750467412,0.04350474927024702,3.0106837212162674e-07
1310,0.34937080408344856,0.6252147689623834,0.043106525491699244,0.08675500481303106,0.043133866047975665,-1.9591655142647824e-07
1311,0.5005456826015436,0.7516755210061936,0.028933002196582035,0.06834113417197017,0.028943371616769013,-3.1739845640643694e-07
1312,-0.1469861756102364,0.33929706192494324,0.08020805070449209,0.16033638166834793,0.08025442315477052,-1.7561023640810802e-07
1313,0.7386351164770473,0.8706991466034525,0.02357421601601563,0.050122779620257636,0.02358354550860908,1.1647704722950181e-07
1314,0.7341091062995033,0.8808379099997034,0.020306360807226576,0.04579544440797741,0.020312661965594662,1.0629950331075833e-07
1315,-0.04372150137023478,0.40700485229067085,0.04970190340839839,0.10469907423537884,0.04972510560511722,-5.013702347803073e-07
1316,0.47407892581345024,0.7088968629001007,0.04182779551943362,0.08536215207655841,0.04185214903384352,-7.418654973667671e-08
1317,0.341863966639644,0.6352104302088787,0.04609039666503909,0.08892756751360566,0.04610692894529874,-3.336035597767406e-08
1318,0.36280414846078246,0.6483510334350474,0.05452231056816412,0.10672958662385533,0.054551374504023746,1.4846078244534766e-07
1319,0.5986881112879958,0.7873238565574976,0.03880078246171881,0.07780018157812918,0.03881005336069354,1.1128799581872073e-07
1320,0.6153424277479664,0.8498245051557682,0.03372164545058592,0.07031075025008358,0.03373311738215874,4.277479664915873e-07
1321,0.7236091356273149,0.8735799075935275,0.02845202969150391,0.060192405680721456,0.02846312304285531,1.3562731493443891e-07
1322,0.23875216552094092,0.5521645695670855,0.05107087518691412,0.10232287176944783,0.05110215846680576,1.655209409257008e-07
1323,0.744414642180933,0.8703064719909147,0.0310806480530274,0.0630529714782279,0.03108973716255866,-3.578190670427972e-07
1324,0.4936218071332673,0.7409548244110502,0.04824644526298825,0.09808935590238668,0.04826864772110733,-1.9286673269558463e-07
1325,0.29448513334292215,0.6696292729040957,0.05791852544619141,0.11661684982612265,0.05795846526794651,1.3334292214839394e-07
1326,0.0570374071926083,0.502335797461588,0.08432517649755868,0.1573912595148087,0.08439495873925609,4.0719260830518467e-07
1327,0.7229083333888394,0.8700578344391275,0.023518045305761685,0.047855096308013094,0.02352483674498872,3.3338883942413133e-07
1328,-0.0008534145531651216,0.37878463703681015,0.0720630372304688,0.14231870578506153,0.07210666417065462,-4.1455316512157767e-07
1329,0.34561857193321976,0.6657134069431937,0.05755807308203125,0.11268478195989672,0.05759555815465305,-4.280667802447624e-07
1330,0.04040649474217417,0.47579282511930765,0.06212120677294924,0.1257284614616794,0.062152975246937914,-5.052578258279983e-07
1331,0.11760480958405262,0.5357059484021345,0.03953386660107416,0.08486618900369496,0.0395508536610809,-1.9041594738478107e-07
1332,0.2544039214832987,0.6688774640011431,0.05960912854892577,0.11563062938809386,0.05963926146469859,-7.851670130731847e-08
1333,0.3950651684645131,0.7256344192994416,0.035364756906738286,0.07482585611451185,0.03537919039583772,1.684645131172502e-07
1334,0.6111964781002159,0.7912698912009372,0.032130093056249996,0.07289602520681396,0.032145072000828404,4.7810021597261e-07
1335,0.029257035354267713,0.4266764896870889,0.06140087175937497,0.11458217431831723,0.061438536906323386,3.535426771478223e-08
1336,0.5275324624257003,0.750734439410135,0.03356860715712884,0.06787543695736097,0.03358368398448941,4.6242570028720564e-07
1337,0.3067795473761725,0.6427700083933188,0.03339053327617187,0.06824391656649977,0.033410444521255175,5.473761724994475e-07
1338,0.2785541169466066,0.5977222449008288,0.03783933513457031,0.09049265622405209,0.037855461398347515,1.1694660656536016e-07
1339,0.6428632139892114,0.8246572305717136,0.027235616217285156,0.056306556896634115,0.02724635423435829,2.139892114616515e-07
1340,0.5508358204060702,0.756570167715001,0.035763692509082,0.07450744552173742,0.03578231726962901,-1.7959392983879496e-07
1341,0.13508979132290166,0.4843123745151854,0.05150564982646481,0.10335893615701969,0.051535603561262654,-2.0867709832339543e-07
1342,0.2858105533037737,0.6121694467134489,0.03766622561015624,0.089269545419135,0.037682450015104944,-4.4669622628612515e-07
1343,0.1353837104390132,0.6456590659749929,0.07938850258339841,0.14786081359984304,0.07943930609301078,-2.8956098679921993e-07
1344,0.2102531490405033,0.6148807111039959,0.07653723114150386,0.15393285606453647,0.07660485953552484,1.4904050330000196e-07
1345,0.21250721604995526,0.5654284298659853,0.05373762733212889,0.1179795087197301,0.05375591912213258,2.1604995525947857e-07
1346,0.619913341345253,0.7958692581039107,0.032863240936035154,0.062174383914682246,0.032879980972787916,3.413452529521521e-07
1347,0.4014043827757844,0.7783778535832676,0.03987812294951175,0.08805756266103132,0.03989357882301056,3.827757844021562e-07
1348,0.5035273847440627,0.7481343609117241,0.04791782779912106,0.08992060695403722,0.04794986694121383,3.8474406272026584e-07
1349,0.5014896155484267,0.7193062492733312,0.034753940804296855,0.07231897841543818,0.034767788303291566,-3.84451573243183e-07
1350,0.28517161880101616,0.6178445078186257,0.0610852213302734,0.12541707523321785,0.061123096874595016,-3.811989838231611e-07
1351,-0.10458046163237245,0.37058861826300693,0.06749099475136715,0.13164327774157455,0.06753130207860124,5.383676275477756e-07
1352,0.48101517037880726,0.710637332366327,0.04169713762167962,0.08441421751481477,0.04171851454313889,1.703788072293655e-07
1353,0.35623382238232015,0.6514297401248277,0.05850312455615239,0.11967048646547249,0.05852021211282008,-1.7761767984181276e-07
1354,0.20208152072096464,0.6132864935686352,0.05399387111874997,0.09382920804238018,0.054030538473619404,-4.792790353758125e-07
1355,0.19565518075664068,0.5290831363569463,0.04795726671474605,0.09658466033499742,0.0479788873303923,1.807566406830663e-07
1356,0.5009374401430063,0.7176027647902843,0.04205429686279294,0.08037380727218177,0.04208081733426714,4.4014300637496007e-07
1357,0.2291439818678329,0.6356271594984533,0.02708889203857423,0.06693810996750713,0.027097630758937206,-1.8132167073359184e-08
1358,0.5370204919150985,0.755255112786965,0.03532297480546883,0.06753760095327467,0.03533812741992234,-5.080849014849065e-07
1359,0.2833900734515441,0.646670393169801,0.06551473660429691,0.12397755756770044,0.06556864039997753,7.345154412474741e-08
1360,0.27698789348666353,0.5933665902862784,0.0638660381210937,0.12290009967866791,0.06391374182963103,-1.0651333648414862e-07
1361,0.40118635865843655,0.6744362165495348,0.04363677457050782,0.09434103342482196,0.04366449968516601,3.586584365611323e-07
1362,0.24688824085056182,0.5709914915288968,0.06442024384531246,0.12945085895246414,0.06446828382464712,2.408505618278767e-07
1363,0.48797251960223587,0.7157663256002876,0.02631378052685547,0.05807723027917781,0.02632417798486549,-4.803977641243407e-07
1364,0.060324714933350565,0.4732892142103346,0.045321339812890604,0.10184162535562015,0.04534381660675112,-2.850666494316756e-07
1365,0.5054820698682603,0.7457291152731388,0.04649124886201176,0.09015277820913424,0.04652312540028565,6.98682602884304e-08
1366,0.713829955666828,0.8512129218891422,0.02761553438476558,0.05919201435881639,0.027627869098338143,-4.433317191132602e-08
1367,0.1764955680379422,0.5153524249511672,0.05944389829677735,0.12549384828294818,0.05947615937298729,5.680379421835191e-07
1368,0.4661059206656938,0.745281709791505,0.035146991286132793,0.07586393667813762,0.03516403465726214,-7.93343062355234e-08
1369,0.4928599906159338,0.7134178697139079,0.035621976035839865,0.0709388138625698,0.035638151604823795,-9.384066246287404e-09
1370,0.2641613788900048,0.6111687556732375,0.060669875999609324,0.11805088211369404,0.060703311608245394,3.788900048151689e-07
1371,0.26646529982767864,0.6188053171279985,0.04224217591718749,0.08957665247104789,0.04225838685558358,2.9982767862923865e-07
1372,0.17626174606099376,0.5634722035401001,0.06448271625380862,0.1261080453669622,0.06451902086813074,-2.5393900623948973e-07
1373,0.4184288295195464,0.7508769219851951,0.02747000777109371,0.06668615451315771,0.02747836887268727,-1.7048045358736275e-07
1374,0.27691129793110225,0.6035465994488759,0.05037742930185544,0.10264519186010698,0.05040236352245803,2.9793110223330643e-07
1375,0.2446732485309786,0.5562989315285993,0.04047746870000004,0.0929875608647674,0.04048813842170271,2.4853097860266793e-07
1376,0.4151233202922998,0.6660832989676331,0.04734159146152344,0.09954978961436119,0.04735851789782041,3.2029229979357865e-07
1377,0.35392978916591533,0.7205266197829513,0.03415145851572266,0.07668961699507772,0.03416137876831643,-2.1083408469069198e-07
1378,0.017458415454722154,0.4949260614770323,0.06755497529453117,0.13558585412767687,0.06758993104953177,4.1545472215243073e-07
1379,0.409711942473321,0.6816986259743637,0.04437611740449218,0.09584213909767306,0.04440622019021238,-5.752667903147213e-08
1380,-0.1357115902749726,0.3592187635831008,0.08265184467597657,0.15028674893949495,0.08272245995941878,4.097250274059938e-07
1381,0.41065490040768227,0.7226251609036526,0.03790471316386724,0.07374261023088989,0.0379201534919661,-9.959231772604937e-08
1382,0.18596681207613408,0.5242669214021449,0.060214498585058625,0.1208300707709749,0.060238243958682935,-1.8792386591304222e-07
1383,0.5124618850692806,0.7424221316620062,0.035216943425097666,0.07262060318087644,0.03523091858983673,-1.1493071938595278e-07
1384,0.39333548649578476,0.6667570457263593,0.04479233824013679,0.09481802363585257,0.04481941032928034,-5.135042152604186e-07
1385,0.1509994601218676,0.5762849923923722,0.05847568379453123,0.10204831623661355,0.05851758594979227,4.601218676070218e-07
1386,0.4233982383805154,0.730852175062038,0.04001680411386718,0.08428855257418935,0.04003633065707705,2.3838051538271898e-07
1387,0.2823956615853983,0.5913869783807676,0.04013468245595706,0.07834687759748618,0.04015295102075596,-3.384146016749412e-07
1388,0.35073989378234427,0.6771279877049363,0.04407230115156248,0.0976532197201217,0.04409376827319631,-1.0621765572649267e-07
1389,0.32040172079572093,0.7180328359553673,0.06069009125156238,0.11536864438695672,0.060733132895725336,-2.7920427908556533e-07
1390,0.38623276166376075,0.7236516063097309,0.05665204300712887,0.10490849196856569,0.05668122266493232,-2.3833623924440772e-07
1391,0.6591576596920832,0.8231103886124667,0.0269082818944336,0.051646093095956844,0.02691856480233923,-3.403079168462497e-07
1392,0.29705203319411744,0.6548759274790396,0.04498777070996091,0.0945896477081896,0.04501294735617746,3.319411745472678e-08
1393,0.16042114375667282,0.5494746837411357,0.05645475562353507,0.1189942308811115,0.056489873960280344,1.4375667281574245e-07
1394,0.5361519902153854,0.7751584352933875,0.028246753211523427,0.05765643717502789,0.028258794071736437,-9.784614563024263e-09
1395,0.7025560975953715,0.8491985660012967,0.033427330956738305,0.06704374455213746,0.033439683535708774,9.759537156206477e-08
1396,0.7610039272375255,0.8733866609532996,0.023821523892773398,0.05730842051188851,0.02383255030339536,-7.276247449006235e-08
1397,0.035605262978621766,0.41210497184877903,0.08311771450507807,0.15668679969630855,0.0831925475576447,2.629786217678287e-07
1398,0.20671165573562844,0.5410812490653809,0.03559168739648438,0.08617525283317543,0.035608682227620765,-3.4426437156565015e-07
1399,0.43773462492559123,0.6949497692919299,0.038253292315918015,0.0802848147322558,0.03827147167829709,-3.7507440875383935e-07
1400,0.425488765364167,0.694041958698996,0.04672727135410152,0.09819126151036851,0.04674045362499996,-2.346358329852194e-07
1401,0.25555963415407223,0.6125319914531882,0.056322455158300776,0.11312553981062484,0.056360155796612806,-3.6584592777444414e-07
1402,0.4584733259277306,0.7131316109805435,0.04328273206406249,0.08528425015015839,0.04330747637967369,3.25927730582265e-07
1403,0.0819411007309403,0.5664158178271738,0.06540712541806637,0.12748373628625992,0.06545754578150925,1.007309402972778e-07
1404,0.17150500504183241,0.6268907534044245,0.03232990188847659,0.07833051245894553,0.03233779229039277,5.0418324237799794e-09
1405,0.17124058381555718,0.5139835428315583,0.05675856208554681,0.12189004219770527,0.05678237747775312,-4.1618444282520706e-07
1406,0.5985231691828887,0.7850869319568418,0.03948982979423823,0.07806888609552666,0.03951406235012272,1.6918288869849363e-07
1407,0.4729035414969289,0.715687841448672,0.03906349550449219,0.08161245607129136,0.039083824044916046,-4.585030710657634e-07
1408,0.2142398361461546,0.5516220685654161,0.055914847000195264,0.11949369138398283,0.05594873705808328,-1.6385384540851256e-07
1409,0.788313075556361,0.9111274229092816,0.021720756188964806,0.04279052705280527,0.02172653462808552,7.555636094558338e-08
1410,0.4081975410302823,0.7959353909083009,0.02892322755937502,0.06671398985617306,0.028934698552795023,-4.589697177315166e-07
1411,0.4483512862363632,0.6960292086261969,0.0454229088,0.09652022460053383,0.04544592157852035,2.8623636322278045e-07
1412,0.4342084155251933,0.7361260433742404,0.03209852862392572,0.07028627093208889,0.03210686949417451,4.1552519330911863e-07
1413,-0.17365197985165515,0.3206504700060742,0.05672604849648436,0.11995786388347356,0.05674226634975761,2.0148344853643252e-08
1414,0.15577500809688394,0.5609849448840045,0.03944029088515625,0.08331772496243812,0.03946109274889941,8.096883941099975e-09
1415,0.11000640051293187,0.4818770557134039,0.056576736342773465,0.1219758676919238,0.056620721357469914,4.0051293186127435e-07
1416,0.5613248023903601,0.775709566630086,0.03302409353164069,0.07144294436413229,0.033039038598682936,-1.9760963987369706e-07
1417,0.21783790264413194,0.5794426967692263,0.06736425051962887,0.13059317503071163,0.0674184342972793,-9.735586806169927e-08
1418,0.3904613941918367,0.7005617995571792,0.036962638544726485,0.07366249613626652,0.036973370557276564,3.941918366723307e-07
1419,0.33390888462308044,0.6542011408154262,0.045179905960253876,0.09323680267220638,0.04519813765055313,-1.1537691957386187e-07
1420,0.20261490491194156,0.5480592266523262,0.05795800776787103,0.11061294606619405,0.05800314067866922,-9.508805842717294e-08
1421,0.40342760571395275,0.7368713216821335,0.0374247006613281,0.07686553069935234,0.03744117380807725,-3.942860472561094e-07
1422,0.30913499201214345,0.6102744117109421,0.05193088569121096,0.10594936422667893,0.05196085928691018,-7.987856542879257e-09
1423,0.43886390525857233,0.6911724515668825,0.043233838281738275,0.0834498809991207,0.043256183574025796,-9.474142764753779e-08
1424,0.3142449366419363,0.6044730743736942,0.045636704722558555,0.09571153955158114,0.04566320655629319,-6.335806368440444e-08
1425,0.04983985557241011,0.4993534287286557,0.04049244946484377,0.09180627879043789,0.04050602148936543,-1.4442758989458016e-07
1426,0.1368301187605756,0.5072007572077927,0.07519166783769532,0.14543270209981704,0.07526614102734709,1.1876057559589981e-07
1427,0.5802338412498111,0.7865486162183121,0.0329119419847656,0.06595529409905745,0.03292327711679785,-1.587501888833387e-07
1428,0.19989022860531502,0.5784051774407433,0.03730132135810546,0.08389162168357443,0.037315818240038844,2.2860531501134318e-07
1429,0.5581158541948876,0.768099813806678,0.0389820130203125,0.0705968312253769,0.03900428881430324,-1.4580511231709892e-07
1430,0.33009161577805735,0.67679934318192,0.05418155083798834,0.10480947565405144,0.054217708047355644,-3.842219426508642e-07
1431,0.7229741238919236,0.8606491644130295,0.031032614594433586,0.0632527545763715,0.031050349787288444,1.238919236090652e-07
1432,0.38864369005368427,0.6891891783580355,0.03795613812861335,0.08171493660706952,0.03797384919643411,-3.099463157241189e-07
1433,0.6042040709369264,0.7940251489530816,0.03225198734042971,0.06630720320129632,0.0322635024812895,7.093692644399852e-08
1434,0.10789039477218199,0.4565531270762714,0.036366124708300786,0.08388809527485475,0.036380560416446515,3.94772181985803e-07
1435,0.09171210980530498,0.41789838774103893,0.055050940618164006,0.11876543265777648,0.05508039242897009,1.0980530497362029e-07
1436,0.27442236478873194,0.6606842259654139,0.05939984275361324,0.11607057447241981,0.059428853697349154,3.647887319435661e-07
1437,0.044961154536668824,0.5401438459274032,0.06371884381787114,0.12427800257789208,0.06376832900408007,1.5453666882270234e-07
1438,0.6637027311753073,0.8378637609172731,0.03043393151054691,0.05792481518014903,0.03044820075230265,-2.688246927284865e-07
1439,-0.04339668953611553,0.3130838320422152,0.0660738651674805,0.13395906690127773,0.06610006714155531,3.104638844689256e-07
1440,0.28197443590220483,0.6925877440935329,0.033597226833593764,0.06576699023541019,0.03360835919255432,4.3590220483169517e-07
1441,0.4735456501557228,0.7026827373189969,0.03631034718603516,0.08297944629598218,0.03633019941297312,-3.498442772142951e-07
1442,0.20649076923434384,0.7102065683962332,0.0242280772163086,0.06401766729269734,0.024234533320219638,-2.3076565616730882e-07
1443,0.38433460890001603,0.6693805886188149,0.03827994543447271,0.07515007686396681,0.03829473492620226,-3.910999839540352e-07
1444,0.6429828008535095,0.8337927650028361,0.0340521227225586,0.06913320371743782,0.03407083192606041,-1.9914649052044098e-07
1445,0.40298274457766114,0.6742761556122301,0.046794429835449174,0.09687290961186086,0.04681969525060058,-2.5542233883513177e-07
1446,0.4093990863250846,0.6616020256328502,0.03608963873554681,0.07389619657330584,0.03610559581664099,8.63250845806185e-08
1447,0.43395170008734274,0.7093850521706592,0.03967925300449214,0.08554079542952196,0.039699267568883694,-2.9991265726447836e-07
1448,0.3948600170366462,0.6668145321050531,0.03515507473251954,0.07585975329337326,0.035169315558597224,1.7036646204893202e-08
1449,0.4782866559106693,0.7146683229476051,0.047312756895410146,0.09248935647762328,0.047330463789879505,-3.440893306949633e-07
1450,0.5828757995356977,0.8061961411086843,0.03504852489394531,0.0693637441336182,0.035067166933024994,-2.0046430226905443e-07
1451,0.6957205621472295,0.8344235696843377,0.02804479531923827,0.055557063378242476,0.028057448546736845,-4.378527704851365e-07
1452,0.24002876932284045,0.5801824221961543,0.05456318394033197,0.11665852842282795,0.054596709197025514,-2.306771595406154e-07
1453,-0.0967840010474097,0.46896791323135184,0.04818493341113283,0.09987288241437743,0.04820433222752638,-1.0474097006385463e-09
1454,0.4906737195893528,0.7311553837959334,0.04788625890664061,0.09240443515926378,0.047918880566293516,-2.804106472020784e-07
1455,0.35109994521474475,0.6441637920132065,0.05462429746562505,0.11302374916470091,0.054653081237744885,-5.478525527680134e-08
1456,0.38634659721917286,0.66153281165058,0.047027102722363254,0.09507903435035252,0.047048032712502276,-4.0278082713562924e-07
1457,0.06510053480509126,0.4685881810139351,0.042818675774804714,0.09813019289909498,0.04283296564026887,-4.6519490874696867e-07
1458,0.2555942738983945,0.545608669179411,0.05151021607343744,0.11897244009203586,0.05153012219571273,2.73898394520522e-07
1459,0.5147736835787344,0.7440617583630409,0.04035361871679685,0.08489741657328675,0.040377120179220044,-3.164212655226706e-07
1460,-0.2206368919861761,0.25433016750865794,0.05257328814765619,0.1112688982689228,0.05259080601892316,1.0801382391290026e-07
1461,0.6762026977622406,0.8349183558706044,0.029137274964550763,0.06590138168933457,0.029151854430801292,-3.022377593753234e-07
1462,0.2638223127944681,0.5636809670460994,0.055713415831249995,0.11355692947700234,0.05574736930727607,3.127944681047268e-07
1463,0.2274112448008202,0.552790759950708,0.040991500269140585,0.08401566260049356,0.04100859986697786,2.4480082019828764e-07
1464,0.7139337189149335,0.8501026850106901,0.028736546524218757,0.05955852491501016,0.028750875857242852,-2.8108506644475284e-07
1465,0.6277328744370978,0.8166199407112795,0.02867601499755863,0.06240884572372826,0.028690829059566603,-1.2556290218679322e-07
1466,0.3597506502818373,0.6657327794640786,0.04904016935009766,0.09980267624002077,0.0490649737648777,-3.497181627065693e-07
1467,0.33305725058589886,0.8393674479724357,0.027754550292578103,0.06837675869249082,0.027764864423284876,2.505858988643972e-07
1468,0.6330332070581339,0.8000912489344815,0.026995516845605468,0.05568979537074825,0.027004019115031874,2.0705813397192685e-07
1469,0.4217202572819305,0.686950096518651,0.04449489796435556,0.0973336067986941,0.044520673880761,2.572819305379781e-07
1470,0.5524183558509945,0.754625736874978,0.03784359842451173,0.08622309962302288,0.03786407845328496,3.5585099456003633e-07
1471,0.2546250625829398,0.5890121945226461,0.06520074364580082,0.1345600962856031,0.06523389164768979,6.258293983041341e-08
1472,0.6276850621467652,0.7942407406824833,0.028075881210937546,0.05521378236419212,0.028086044842797822,6.21467651784613e-08
1473,0.41252628023925464,0.6984316963483624,0.042779103152929654,0.08432896447849705,0.04280249812951653,2.8023925463527277e-07
1474,-0.04710902638522274,0.3172532839938052,0.04542840494638667,0.09846415031709872,0.04544388320571675,-2.638522274278632e-08
1475,0.582842957607578,0.835601962055253,0.030259225010644472,0.06912112818134346,0.03026723402949446,-4.239242201720117e-08
1476,0.6476358429286206,0.8147001635620663,0.02478450116132815,0.05599152398704145,0.02479468328893981,-1.5707137934750648e-07
1477,0.09447332971347411,0.5453662755043015,0.07162851155546879,0.14364878845523035,0.07169523026924506,3.2971347410648555e-07
1478,0.5381243433958114,0.8174699598284767,0.025434921384179673,0.057803073412881774,0.025443062413581678,3.4339581134190666e-07
1479,0.35448869045547426,0.6250320294477698,0.03731469664892582,0.08000626280581595,0.037331463041469365,-3.095445257339513e-07
1480,0.2671221795292268,0.6101270286928118,0.04229462583339845,0.08166010271528239,0.04231150922567874,1.7952922676256478e-07
1481,0.0051202880168153,0.770269366795734,0.02988942301816408,0.07166505592986709,0.029896333944407667,2.880168152993509e-07
1482,0.3910660997448221,0.6777945669525384,0.0547288662888671,0.11553430241599505,0.05475919681658448,9.974482206853708e-08
1483,0.4183248021796492,0.6961781294951258,0.050222445393749954,0.10110442695152404,0.050253490854620345,-1.9782035082238636e-07
1484,0.6555640603155322,0.8144957563450742,0.022279500295117164,0.05867071806466292,0.02228858987181856,6.031553212437757e-08
1485,0.6275172705011773,0.8004683807561971,0.028078674668066402,0.06406946459723792,0.02809133931973003,2.7050117734628287e-07
1486,0.19773350582036264,0.530877175125657,0.06251720456806646,0.13376688704186956,0.06255191431255892,5.058203626506774e-07
1487,-0.15917366591023585,0.3919691107367129,0.08459983520839837,0.15618928859208828,0.08465793173098032,3.3408976415905123e-07
1488,0.5127761657637155,0.7228353629498312,0.030435849307714903,0.06680989553472884,0.030448428058789896,1.657637155316749e-07
1489,0.12430308521250932,0.41403365599739944,0.03832446784179692,0.09455592226918653,0.03833655316032387,8.521250932647106e-08
1490,0.4058878564512578,0.6721228192243773,0.03700438181367181,0.07222430888373876,0.03701731941492985,-1.435487422263293e-07
1491,0.4891300332757855,0.7148172020343146,0.03345585343037111,0.06867135639703503,0.03347222163461153,3.327578551592936e-08
1492,0.5545420135650142,0.7550391478473109,0.03420792964765631,0.07011850159112899,0.03422054998458938,1.3565014223004823e-08
1493,0.5182726589821253,0.7738961929899948,0.02524576831845705,0.0561636630531455,0.025251604595569202,-3.4101787471652045e-07
1494,0.8007120207579734,0.8971307198084804,0.024171956065722644,0.049487645927411436,0.024182070724626702,2.0757973451246414e-08
1495,0.45759006988985995,0.7103958151718637,0.040424802917187495,0.07838693214782934,0.04044032127982978,6.988985995493024e-08
1496,0.2977964798084318,0.6334438228516043,0.03886570986630855,0.08338283388802151,0.03888276442224906,4.79808431819162e-07
1497,0.5522977283895406,0.7858822111527832,0.03363498286757819,0.06828579231237769,0.03364967081428994,-2.7161045934587236e-07
1498,0.36725823083258746,0.653039555123355,0.04191244201787108,0.08041239367062279,0.04193356949625087,2.30832587488905e-07
1499,0.11556634302425539,0.5619617388236371,0.05823847915195319,0.11161558823475362,0.05827788474027215,3.4302425538923487e-07
1500,0.056426651830895014,0.40550884365932155,0.03939932076933593,0.09551117947971607,0.03941663342190076,-3.481691049841973e-07
1501,0.42148785868384375,0.7166215695731641,0.03430188403203121,0.06798330730698601,0.034317708370059076,-1.4131615622137161e-07
1502,0.3593677114073439,0.650167895312618,0.0473560153496094,0.09418387657621023,0.047383662717009487,-2.8859265610581275e-07
1503,0.41214078956658073,0.7029502076343479,0.04978952265361325,0.10345114797252536,0.04982154859771414,-2.1043341924542602e-07
1504,0.5366626248789189,0.7395213775548137,0.03428315039042968,0.0745309904241739,0.034300336680454464,-3.7512108108650466e-07
1505,0.2942002915977564,0.5859342052402208,0.05224417807089849,0.09957304473297482,0.05226561216186014,2.915977563855421e-07
1506,0.3229913950835045,0.59356665906349,0.03513568152753906,0.08583366864669374,0.03514622797918057,3.9508350452299723e-07
1507,0.5701727117653912,0.8001105321686061,0.0314446754670898,0.0696920844851181,0.03145790668780902,-2.8823460884730423e-07
1508,0.2756301037086418,0.6663172581785998,0.04790710939824224,0.10706478793193733,0.04793402900512943,1.0370864184094941e-07
1509,0.48072613825676025,0.7061886757766253,0.036125360189550794,0.07868326707477594,0.036139942728721716,1.3825676026257838e-07
1510,-0.007029840951446875,0.37942472380296255,0.04582925558251953,0.0994288722986948,0.04584203943745235,1.5904855312463828e-07
1511,0.5644847309007739,0.7599517695613623,0.03205496370947262,0.06971479131909922,0.03207101592322643,-2.690992261245029e-07
1512,0.5701685426169165,0.7647265493815065,0.03324337849677735,0.06798302785422773,0.03326173528592874,-4.5738308351861434e-07
1513,0.5009195276226562,0.7442453100963432,0.03604516574042972,0.07133846522245973,0.03606373432972712,-4.7237734379645957e-07
1514,0.6291378816708573,0.8198640772707735,0.030729350710937457,0.07279278277199909,0.030740094367770972,-1.1832914270648587e-07
1515,0.7010248688626493,0.8521677365540595,0.020766399815332025,0.04232042478315203,0.02077157979866769,-1.3113735075620525e-07
1516,0.39695582196423196,0.63732143511731,0.034159754731543014,0.08466946243516651,0.0341746809164421,-1.7803576801700416e-07
1517,0.7386349495569602,0.8790975648148707,0.021370159142382814,0.045792297504790934,0.02137779922578132,-5.0443039856240546e-08
1518,0.5319975559664509,0.7957397891225596,0.04592900271093757,0.08692122226998375,0.04596397468605409,-4.4403354904076764e-07
1519,0.17268848017485228,0.5972733244145312,0.04721208382929693,0.09337818615480022,0.04723177084377107,-5.198251477323002e-07
1520,0.19085028910189628,0.5676505238303015,0.06618005824677742,0.12449540292875957,0.06623030525869833,2.891018962836167e-07
1521,0.16705486290351534,0.49052067799235977,0.05318707699736334,0.11039223632948052,0.053211181992715365,-1.37096484664756e-07
1522,0.46208366215984564,0.733341441339827,0.03047983928701176,0.07365552304148876,0.03049320520288639,-3.378401543518983e-07
1523,0.6926137366826255,0.8325759183476185,0.028905839636230474,0.06448264756805058,0.028915536643611787,-2.6331737446039227e-07
1524,0.41036356163945964,0.7307130139311881,0.04510751634765636,0.08954708118187608,0.045136284947352195,-4.3836054036683336e-07
1525,-0.11766496466488174,0.5412697134753441,0.03886225105810547,0.08510038122151402,0.03887644336249698,3.533511826192548e-08
1526,0.4639486469047389,0.7097996854085717,0.0385142416923828,0.08296063321808632,0.03853550433898026,-3.5309526108529e-07
1527,0.3601857828026809,0.6850697875651306,0.04285755043427732,0.087654142882941,0.04288108700531279,-2.1719731913005802e-07
1528,0.46981662774176836,0.7319043950931006,0.05189497216337888,0.10092045510882787,0.051934700968380335,-3.7225823162900795e-07
1529,0.2869353018284799,0.614137204782607,0.05586348323349607,0.111778753141248,0.0558946047177939,3.0182847993165396e-07
1530,0.40373075980143025,0.7133154076758603,0.031977342723242215,0.06953887978449085,0.03198811780876769,-2.401985697564335e-07
1531,0.25077153899238325,0.5406175801993943,0.032156400006347716,0.08052275780994064,0.03216562022026918,-4.6100761674772173e-07
1532,0.2153683261075673,0.5521188579703066,0.05917867327500005,0.1238392662618122,0.05922546347588231,3.2610756728335133e-07
1533,-0.11481297173920746,0.3326080140683139,0.04777732034804682,0.10802985358721479,0.04779370016195199,2.826079253948066e-08
1534,0.5727782046763541,0.768857667499961,0.031112512716308587,0.06616540180009314,0.03112845001267548,2.046763540874963e-07
1535,0.04149535216306188,0.4077824480168799,0.03707358071406251,0.09010903981292175,0.03708809385634514,3.5216306188551316e-07
1536,0.3124792504157349,0.6586457628634084,0.05212100219687497,0.10398441570378703,0.05215952326706816,2.504157348703906e-07
1537,-0.009609891551058292,0.4255180064613601,0.0703608270497071,0.13069637572810539,0.07041229488144454,1.0844894170886077e-07
1538,0.2900605676258965,0.6280397210854867,0.057685196702050856,0.11215073869425093,0.05772539289619561,-4.3237410352059413e-07
1539,0.14971447058862197,0.4828442386841852,0.051791876534570326,0.11095522889060848,0.05182067635738823,4.7058862195914486e-07
1540,0.09479407290755082,0.475999100485022,0.06086860011416014,0.12157339157396521,0.060891767233399646,7.290755081601485e-08
1541,0.6923928216190004,0.84159097329851,0.031097593972167933,0.06621687899259206,0.031110119046091424,-1.7838099963807252e-07
1542,0.026679943942906625,0.4752223785411375,0.061092978842968715,0.1171153729357345,0.06112640545714716,-5.605709337344611e-08
1543,-0.12722089624297728,0.3205526147430998,0.08208957620136723,0.1660779311742997,0.08212045568532107,1.0375702272358289e-07
1544,0.3794423731151413,0.6635151111483284,0.05132108044150386,0.09480105939444583,0.05135487967096577,3.731151412833533e-07
1545,0.12743114733999772,0.4873327343130328,0.06386784977382805,0.12321080338842796,0.06391065612150987,1.4733999773031137e-07
1546,0.52399663435002,0.7651569104113694,0.03340476912558591,0.06795907271817453,0.03341586782180044,-3.6564998007193594e-07
1547,0.034432141943359085,0.4808031919658493,0.05676672430673816,0.10545699550206081,0.0567988499350574,1.4194335908740419e-07
1548,0.6842175563352928,0.8372270392927628,0.033627646198828076,0.06851797171544889,0.03364306521596903,-4.43664707194813e-07
1549,0.18206815911758045,0.5420048040592401,0.0687214361525391,0.13523785997684645,0.06877509435047867,1.5911758044495627e-07
1550,0.5498325086003271,0.7641781546765087,0.037815858802246076,0.078504349513321,0.03783655006396116,-4.913996729527526e-07
1551,0.7348399934825205,0.8736600698162084,0.024136017973144536,0.0457646896677012,0.02414162719814249,-6.5174795560452026e-09
1552,0.4646383299025899,0.7199224946883622,0.038504495630371095,0.07722831955536665,0.03852514767529989,3.2990258991283383e-07
1553,0.1902775818330673,0.5414131305164789,0.0652184630383789,0.1288861684325518,0.06527760238545148,-4.181669326919213e-07
1554,0.5912866927668521,0.8475793994678531,0.02502144895478514,0.055684590229472385,0.025030275258101056,-3.0723314792258094e-07
1555,0.434846971929173,0.7129004613268395,0.04177068309443362,0.093965761197267,0.041791941317639775,-2.8070826996184906e-08
1556,0.24248205926667077,0.5442714438949515,0.03376856710546879,0.09109952972946542,0.03378046224328484,5.926667076550096e-08
1557,-0.11208840149186106,0.3805233463010402,0.07010461331992193,0.14255608089320682,0.07014096328496026,-4.014918610628637e-07
1558,0.48450377171904135,0.7265677912062563,0.04503783394414058,0.09092291518217296,0.04505877870636421,-2.2828095863625109e-07
1559,0.23720949829001403,0.602538786624242,0.04493270223681636,0.09581652263640965,0.04494916842972788,4.982900140282354e-07
1560,0.37843541030851213,0.642423121767641,0.026980534671972627,0.07157243225462986,0.026990765559445004,4.103085121109906e-07
1561,0.5073925175634862,0.7526477666964194,0.04448473812607426,0.09357166657607872,0.044505315875404836,-4.824365137379161e-07
1562,0.23641556265551278,0.5550274147396301,0.04987831645087889,0.09342727580507247,0.04990617735791593,-4.3734448720855745e-07
1563,0.3207359326081858,0.6175990509537116,0.04184810558603516,0.08966519063976068,0.04186842939252562,-6.739181424020302e-08
1564,0.25119007495006906,0.572428930580294,0.04865902092656245,0.10518285592383501,0.04868602408940877,7.4950069040014e-08
1565,0.30752138938437423,0.6402411455358589,0.05948411411074215,0.12115857789491237,0.05952930832110264,3.893843742441838e-07
1566,0.6328616034327346,0.8071898968897809,0.03715564745888679,0.07601006972355512,0.03717799099277315,-3.9656726547043775e-07
1567,0.44031500282105085,0.7185584934655188,0.04405487216962896,0.08012364681516083,0.04408284803987688,2.821050837376049e-09
1568,0.11781058378451692,0.5710686696981796,0.08023170185195333,0.15146056833222893,0.0803100551284956,-4.1621548307890777e-07
1569,0.4614029877031085,0.8069007537302965,0.030683514857324158,0.05987042337384122,0.030694168628298275,-1.2296891505059193e-08
1570,0.549756477749958,0.7555956036232218,0.03343660340957031,0.06592209366385264,0.033452786228361064,-5.222500421009357e-07
1571,0.5144995077308239,0.7235283949407499,0.04204236975839851,0.08817947190208823,0.042062466350952926,-4.922691760889109e-07
1572,0.6215936873498504,0.8354941042979225,0.029542512440722667,0.05994681574427441,0.029551737500231857,-3.1265014954762194e-07
1573,0.41931511931321186,0.6834400343739995,0.05102998436953131,0.10612652524636305,0.051051957862238206,1.1931321186597899e-07
1574,-0.023278128463076975,0.2747162106709097,0.03434902696865231,0.10170185488680962,0.0343570850965694,-1.2846307697461645e-07
1575,0.20543987047229373,0.6027481870737528,0.06416873160751957,0.1289157816322326,0.0642133170711295,-1.295277062829392e-07
1576,0.19300395476790788,0.5212996560616349,0.05736701680830073,0.11724848250176771,0.057397124291916964,-4.523209212736745e-08
1577,0.5004776639586248,0.7372531882463329,0.033872417446093796,0.06810736313905655,0.03388831414926639,-3.3604137517073696e-07
1578,0.09111914547794253,0.49114052317513784,0.073355635694629,0.14390313037709468,0.07339955650657148,1.4547794252584012e-07
1579,0.008724976768211934,0.4137652444326588,0.05626540286757811,0.11453985824965475,0.05629114691998263,-2.323178806620807e-08
1580,-0.12037391435342726,0.5278838080619055,0.038161168137597706,0.08443377940543001,0.03817454208069427,8.564657273668619e-08
1581,-0.03747171170748542,0.5163726199833908,0.08665259482490228,0.15909019839845004,0.08673010030306409,2.8829251457612726e-07
1582,0.3540993334428607,0.6492723919126545,0.04951870944599608,0.10903485695779631,0.04953718044382022,3.334428607115747e-07
1583,0.6522505176868787,0.8740103686878707,0.019759181839355405,0.04918022729205232,0.019763274327292038,-4.823131213305132e-07
1584,0.6151664509663801,0.7952454956263371,0.037243674667968754,0.0789068276040792,0.03726173531929281,4.509663801277597e-07
1585,0.19353108170096245,0.49862200123558775,0.047512021728515604,0.1025356508180335,0.04753824872770725,8.170096243986791e-08
1586,0.5880620709733784,0.7983867052291682,0.03509808508701167,0.06881936624878443,0.035116351180148456,7.097337839656603e-08
1587,0.4590784641391331,0.7187594404548254,0.03234146025019532,0.07709159821565166,0.03235574475174883,4.641391331272615e-07
1588,0.13421809308301202,0.5617593656378845,0.057000832011523415,0.1056614553596109,0.05702335980260543,9.308301202048952e-08
1589,0.5483148129899598,0.8525788885677422,0.04031507332646486,0.07793960974437542,0.04034008912338228,-1.8701004023125023e-07
1590,0.4431634340141878,0.6920348993866289,0.042247933060839855,0.08141782175620453,0.04226974814815508,4.340141878111936e-07
1591,-0.06018356653340473,0.40105588587932944,0.061985118528320296,0.1297590323630518,0.062021945789044824,4.334665952704375e-07
1592,0.3611244249133865,0.6786018140006123,0.05868422398750005,0.11044286862612934,0.05872374126594596,4.249133864764332e-07
1593,0.4336172580842309,0.7268081440205095,0.025387233573339853,0.0577084765897469,0.025392940814538505,2.5808423093076627e-07
1594,0.5638858849339116,0.7718239443183016,0.040920333134960955,0.0777321913654983,0.04093837762554372,-1.1506608843525612e-07
1595,0.2710117380969387,0.6147077554157203,0.04485161936269529,0.10312266302050345,0.04486943250496504,-2.6190306129381113e-07
1596,0.061917302656807616,0.48583816279451725,0.05275228868740241,0.10580903339648019,0.05277593874662542,3.026568076158753e-07
1597,0.09535997730253054,0.5143382681959962,0.05051294115498047,0.1042480259814311,0.05053178919905463,-2.2697469459487252e-08
1598,0.5744045329774118,0.778610735990235,0.03305342153583982,0.06363389913551651,0.03306971005128832,-4.670225882685841e-07
1599,0.32643424794661324,0.6033348220750894,0.041235412155957114,0.09321589318072619,0.04125617373129849,2.479466132410124e-07
1600,0.3499324343042063,0.6504258654944446,0.04541636297080073,0.09355380923973859,0.04544226828103352,4.343042062648905e-07
1601,0.3328546482195758,0.7440808658600109,0.025494497458886736,0.05741164914274936,0.025500504543890776,-3.517804242347822e-07
1602,0.35285112691590637,0.6311568635877025,0.03004782729550779,0.06952828412761104,0.03006029581622954,1.2691590633995276e-07
1603,0.3568932252428928,0.6498195557466309,0.056821979172167913,0.1155197114125604,0.05684971371432138,2.2524289278180731e-07
1604,0.40494747336349524,0.6794859518523194,0.046693286570605556,0.09095405456248482,0.04671925115417272,-5.26636504738498e-07
1605,0.5608945105841807,0.7572808142549531,0.03387002605976561,0.08053802203678743,0.03388843156844096,5.105841807129252e-07
1606,0.05410946668430461,0.4614559089980757,0.08146202558994159,0.1516261692438129,0.08152411735780882,4.66684304610554e-07
1607,0.47477971088272497,0.8011244806220587,0.024885683991113277,0.06218998657138744,0.02489328786246247,-2.891172750096871e-07
1608,0.3470776369158006,0.7021444715591151,0.040840015938769555,0.08154645657732217,0.04085729468071932,-3.630841993729206e-07
1609,0.19030409940919757,0.5068325645585632,0.05736663514169925,0.1236081753379962,0.057401403722987736,9.940919756812328e-08
1610,0.37798556481483947,0.6611732214094005,0.03842668354345697,0.08378967247876938,0.038445463602656736,-4.3518516051888056e-07
1611,0.11607744969773459,0.595971394551107,0.0679669446513673,0.13029673156615182,0.06802839506117654,4.49697734591914e-07
1612,0.49026806594529493,0.7237721671120705,0.04809454834794928,0.0949944848021716,0.048121711129013166,6.594529494696744e-08
1613,0.07740642085353211,0.4578209454998981,0.0579808013506837,0.11346794315478397,0.05801993769591156,4.2085353210707943e-07
1614,0.45101922589844723,0.7057645061511132,0.03778360847597657,0.0905437943910493,0.03779906500504497,2.258984472258696e-07
1615,0.48466397456539,0.7326538658719118,0.04631622804628902,0.09347267737205067,0.046336116805033016,-2.543460997372904e-08
1616,0.5471441156282092,0.7461282585596356,0.032849097230859346,0.0641433282030008,0.03286230222074987,1.1562820922961237e-07
1617,0.4700362766522138,0.7237522963216729,0.039748102494335906,0.0811507577623976,0.039767623533910695,2.7665221380424043e-07
1618,0.6331667037784492,0.837488373842049,0.030578290939062544,0.06356996921730569,0.030589783906307417,-2.9622155084396695e-07
1619,-0.015139304426219136,0.36348700873444273,0.07052115883896475,0.1360590671651494,0.07056878299370906,-3.044262191359559e-07
1620,0.6314712290128315,0.8190250339555774,0.03670213629716798,0.07474809373040606,0.03672125260278244,2.2901283147636065e-07
1621,0.30184576616629,0.6036557908511886,0.040605613493164036,0.08491599499739616,0.04062612100246822,-2.3383371000607056e-07
1622,0.24728954377340773,0.5846587444320206,0.05815602083300789,0.11999163644553973,0.058187457730064486,-4.5622659228250484e-07
1623,0.054406939997730275,0.5639949887002584,0.06917955184042968,0.12231438379767208,0.06923753234703754,-6.000226972224798e-08
1624,0.2204792884962471,0.5899540532018224,0.056228389764746145,0.10793304499562373,0.05626700601916502,2.884962470861563e-07
1625,0.47485982029827,0.7106492936844322,0.03676709371308598,0.0769425564874038,0.036783714868697234,-1.7970172999648426e-07
1626,0.47276461880029474,0.7329616477492927,0.03674553583369139,0.07545741203655112,0.036761232468229516,-3.811997052460825e-07
1627,0.4663516538729098,0.7087381822717594,0.04523414788330067,0.09523564827753678,0.045253713380585224,-3.4612709021164534e-07
1628,0.34073461593669163,0.6561606202989195,0.051548315278027335,0.11098740605831675,0.05158481839782464,-3.8406330837847946e-07
1629,0.448756763007214,0.780203723395393,0.03900187980615238,0.08962655587027292,0.03902265991887642,-2.3699278600686213e-07
1630,0.5713357006639534,0.7788519226130942,0.037119756453515555,0.07471981082586382,0.03713344252962145,-2.993360465053385e-07
1631,0.42242911531112726,0.6757176390664423,0.04270417147978522,0.08840145011645088,0.042729302890197295,1.1531112725782222e-07
1632,0.2555903590027234,0.6023922464219469,0.05151938859394532,0.09940630228534644,0.05153813358004786,3.5900272343791784e-07
1633,0.7141398838851931,0.8524468420423492,0.02602989197792972,0.05415915868673149,0.02604085830938914,-1.1611480688067388e-07
1634,0.3217170461762491,0.6161778419037294,0.0473894033999024,0.1008663857115606,0.04741540545823699,4.61762491021922e-08
1635,0.3862815816892734,0.686227775684519,0.053388101768359376,0.11011400874952003,0.05342484411722771,-4.1831072661313584e-07
1636,0.14159807592786822,0.5095628297385406,0.07467084995136714,0.14584682326374768,0.07472397367519916,7.592786821497555e-08
1637,0.436553011401392,0.7119070412772435,0.03960964560126957,0.08547111956761673,0.03962419231984387,1.1401391997178933e-08
1638,0.46769404925466984,0.7007956769005779,0.046790743206347594,0.1019849857859522,0.04681116351381708,4.925466984273541e-08
1639,0.08800399870142217,0.529336828669845,0.08536558538417975,0.15494889025614036,0.08544414839916498,-1.2985778286012106e-09
1640,0.4244921539322738,0.7008610371700696,0.05065002091142579,0.10543232436265938,0.05068305609190835,1.5393227381643726e-07
1641,0.6346880526809378,0.79737556505608,0.023017145663867186,0.053066899945765585,0.023026520200047158,5.2680937723259547e-08
1642,0.6870263511569906,0.8355427520293031,0.027996225890527356,0.05308896217222975,0.02800960845570144,3.511569905967349e-07
1643,0.5208646046853627,0.7350160541279306,0.040238178197851616,0.08624527408102799,0.04025985005903445,-3.953146373580907e-07
1644,0.5564537220791871,0.7929962470973387,0.028596608699707045,0.062100512271564864,0.02860789568175564,-2.7792081291888593e-07
1645,0.3721112291572717,0.7418512719398342,0.04666547768242183,0.09338236186699571,0.046693682950244876,2.2915727165839783e-07
1646,0.05326091223046858,0.40773828178361443,0.06075276950722657,0.12211206015403758,0.06078654277785473,-8.776953142053401e-08
1647,0.15437479960270706,0.516595096532167,0.06560042940820306,0.12330279656983889,0.06564448953663306,-2.0039729295429076e-07
1648,0.13263193413275032,0.5482876873952574,0.04905088259277347,0.0920347955623437,0.04907138148029466,-6.586724968227209e-08
1649,0.3953331022372685,0.6710111276161627,0.03456167089042971,0.08381923075321102,0.03457440435658669,1.0223726848446191e-07
1650,0.21962623048451513,0.5774686897998358,0.0633112798511719,0.13842002763736114,0.06335438705675128,2.3048451514018353e-07
1651,0.24651951134079841,0.56113294670378,0.04585709690878912,0.08685444336011533,0.045879068578247514,5.113407984258522e-07
1652,0.6036272493431872,0.8108938861083949,0.025301412646484375,0.05495300045304176,0.025310450646470785,2.4934318720859494e-07
1653,0.5189256485338505,0.7556892205406801,0.024080577522753915,0.05273539955907982,0.0240877304706681,-3.5146614951742094e-07
1654,0.10617627492156023,0.44901137407167874,0.04640829690537115,0.10220344466735166,0.046425721462861454,2.7492156022546066e-07
1655,0.2579810673700448,0.6414104459445956,0.0619409431666016,0.12467131012044569,0.06196380424745016,6.737004476509156e-08
1656,0.28339240665295495,0.609311371501559,0.05748376136679693,0.10673677667586315,0.057523669586055114,4.0665295497621656e-07
1657,0.5209171443894214,0.7596638332116279,0.03607451616757807,0.0721321339161254,0.03608898318713948,1.4438942141925537e-07
1658,0.6089705506910271,0.7896655516973775,0.029718638547460957,0.060091794654954345,0.029732984310995723,-4.493089729162847e-07
1659,0.7906823761502624,0.9091895009481005,0.022931376761621106,0.04674784353665683,0.022939282700528498,3.761502623822466e-07
1660,0.01301664363330901,0.32866450644748685,0.028287895079199196,0.08531405587985946,0.02829318596439023,-3.563666909900398e-07
1661,0.4627765810657999,0.692414935706358,0.024619306901562516,0.060357225137419916,0.02462759478416832,-4.189342001081897e-07
1662,0.6028097167676418,0.7790349667938383,0.029678997990917926,0.06886714356076809,0.029693022233955292,-2.8323235812255376e-07
1663,-0.05547772855771793,0.4260467090889919,0.07468867406054686,0.13704418684193242,0.07473947738321594,2.7144228206821275e-07
1664,-0.09546340081934668,0.4534976384168719,0.05848927244365228,0.11825186361826462,0.05852356989502377,-4.00819346671466e-07
1665,0.5656532953475055,0.7721791670819349,0.04068827328691399,0.08371129378444239,0.04071145009561159,2.953475055633703e-07
1666,0.5802384615409326,0.7793490530554756,0.041156631323144524,0.08061460807458563,0.041180889407866635,4.6154093258365947e-07
1667,0.3753434065937814,0.7174377245460233,0.05989485950146482,0.10801542082119577,0.0599398527945244,4.0659378142127167e-07
1668,-0.21812780321338,0.3170212634365185,0.06468524562998051,0.12568395054896705,0.06471211520679154,1.9678661999922298e-07
1669,0.4952752450942308,0.764263430321206,0.04560821402324208,0.09507680769263974,0.04564333916070357,2.450942307996584e-07
1670,0.33361038206856364,0.6044926790618634,0.03721825166005859,0.07567004595755832,0.037236678282438006,3.8206856362021924e-07
1671,0.39859178688422425,0.6672748296366091,0.04846246544999995,0.0930798717259943,0.04849013698188946,-2.1311577574900653e-07
1672,0.43629497388617255,0.6863492796621435,0.037270516283300824,0.07557507777840632,0.03728147182406734,-2.6113827433782433e-08
1673,0.49055784904162925,0.73327930029203,0.03829132743730466,0.07853637900237301,0.03831275570793424,-1.5095837074818874e-07
1674,0.349280802404483,0.6373642753377805,0.04725587072460933,0.08744442131090577,0.047281259891195714,-1.9759551700415656e-07
1675,0.5240598281517554,0.7469186983387973,0.03876038996464852,0.07834570099664119,0.0387808614002259,-1.718482445234315e-07
1676,0.65056743611418,0.814680956917249,0.032258295878027345,0.0674643698827426,0.03227626626701667,4.361141799913426e-07
1677,0.5637551718449751,0.767367024286643,0.037199305009472626,0.07530730081010299,0.03721593338623706,1.718449751386686e-07
1678,0.5128745734642681,0.7683584724416382,0.043743734568554696,0.09101406147913403,0.04377137126522942,-4.265357318455898e-07
1679,0.2808473004722102,0.5684930289027672,0.0408306595648438,0.09196719878958835,0.040850556714948895,3.004722101684898e-07
1680,0.2331246642003144,0.6347466274102007,0.07306294916767582,0.12866003102699777,0.07311672985660823,-3.357996855857248e-07
1681,0.8029572370406777,0.903547599508433,0.025011152534570293,0.04617883517571485,0.02502244835837884,2.3704067764196424e-07
1682,-0.12201224115065856,0.2705007111744315,0.03671643225742188,0.0944996496439589,0.036732298410070356,-2.41150658567002e-07
1683,0.5768963853144731,0.7672244309040561,0.028220328156445318,0.06132519030931382,0.02823434257166479,3.8531447310585776e-07
1684,0.620438694974164,0.8032144120337524,0.034908231747558596,0.0687395756764499,0.03492538030137616,-3.0502583592273425e-07
1685,0.7385395688070161,0.8686156755421137,0.021321191351757793,0.04592127771198541,0.021327384037101695,-4.3119298387406246e-07
1686,0.2141903896297156,0.5432560308585986,0.04568538360205078,0.09839224718108536,0.04570352467467778,3.8962971560252413e-07
1687,0.4683094640071287,0.7513549765668253,0.037621196821191465,0.08797443837547378,0.037640969825902246,4.640071287198566e-07
1688,0.12422419969179954,0.5322199965922686,0.07658820865839847,0.14334101729082518,0.07664485724028007,1.9969179954060223e-07
1689,0.18166931283196652,0.519875185278667,0.04808157218281242,0.09751405749076254,0.048098542488537836,3.1283196652576173e-07
1690,0.6563001553144461,0.8171914421700801,0.03200428124052731,0.05871122234478512,0.032020071150921633,1.5531444608196665e-07
1691,0.22680739113032833,0.5312986727146543,0.045843553747851644,0.10563425094489871,0.045865330620589895,3.911303283199441e-07
1692,0.48698269534642435,0.7355236627444256,0.04933935386201174,0.09919704388799094,0.04937568677349641,-3.046535756445756e-07
1693,0.7905265274437454,0.9010304435738228,0.021661761497656248,0.044706384361547086,0.021667514075304144,-4.725562545715434e-07
1694,0.18850713105655548,0.5436813063376315,0.05747351893496087,0.12500708526313764,0.05749227962017277,1.310565554690779e-07
1695,0.2836031403774655,0.5941808427381009,0.04801382246972657,0.10602076939927267,0.048035681976255705,1.4037746548511976e-07
1696,-0.001028966111314089,0.3662460551431358,0.03985060523984372,0.0883546411357241,0.039868407105563504,3.388868591086211e-08
1697,0.12342529306455097,0.46578193257596384,0.05525903555683594,0.11566918789321608,0.0552846740510943,2.9306455096023143e-07
1698,-0.002828954460809774,0.48291918338020384,0.061641164515820294,0.12144739746947036,0.06168337382552702,4.553919022605435e-08
1699,0.5418157915063639,0.8234025712543446,0.025669576756933585,0.06519365735473029,0.025678430728637836,-2.0849363602248872e-07
1700,0.29759649734483995,0.5996955505193804,0.057545289803515684,0.11127833566642158,0.05756669206342441,4.973448399225866e-07
1701,0.2077628466429653,0.5446788481988424,0.05586132642402342,0.10740632318531412,0.05589662261467725,-1.5335703471008877e-07
1702,0.5030034852863228,0.7533043843107756,0.04271364358730465,0.0890762385910993,0.042740302911081864,4.852863227933213e-07
1703,0.21576487564113545,0.54923656236387,0.06274375934111331,0.1332480193352667,0.0627881521972087,-1.243588645671867e-07
1704,0.1411096737530041,0.5259320483928841,0.06372485292968746,0.1305121942978927,0.06377221014743406,-3.2624699591865536e-07
1705,0.37495011813844237,0.6624226818595356,0.045017676214550745,0.09961845361028326,0.045036423080525884,1.1813844236208126e-07
1706,0.20909993407397354,0.5846071827159135,0.07717499906611335,0.14581443057124555,0.07724466498666184,-6.592602647126355e-08
1707,0.4827838252875023,0.7133381626072012,0.04478633889589857,0.08892730639184822,0.044803481662296724,-1.747124976914094e-07
1708,0.18751630440156652,0.515227063923716,0.05804849127255853,0.10971025609649832,0.05807878862439293,3.044015665365496e-07
1709,0.4098226699231843,0.6836504566116419,0.04524175962685546,0.08770825482956554,0.04526248483435252,-3.300768157132872e-07
1710,0.5405899697156765,0.7735552074692653,0.036100945964355445,0.07717866045831819,0.036120369909996765,-3.0284323493390275e-08
1711,0.337879239966967,0.6388436681542855,0.05603526993720702,0.1178100733800266,0.056057927721934894,2.3996696701944487e-07
1712,0.6771929587738994,0.8405468430072414,0.02528972465888674,0.05509553892752601,0.02529834854714727,-4.122610064438703e-08
1713,0.29849473904729973,0.62088823683038,0.04955024431669926,0.09445957163619513,0.04958036241852812,-2.609527002817025e-07
1714,0.5045975816424857,0.7416807306053633,0.037528643015722556,0.0728858748465405,0.03754771917575229,-4.183575142979734e-07
1715,0.16371869996307797,0.4976890375494236,0.06467077019921853,0.13590716363491578,0.06469507879929116,-3.0003692202962284e-07
1716,0.30661629574994864,0.6408766610826093,0.07397111655126953,0.14454581444432174,0.07402681719336364,2.9574994864223214e-07
1717,0.2581248226192865,0.5207345526800572,0.02948168403300782,0.078625812350627,0.029490846016070407,-1.7738071350636986e-07
1718,0.7587157583407045,0.8819441148109018,0.02643418410322267,0.05276758840725208,0.02644590666390759,-2.416592954634922e-07
1719,0.16474639101303135,0.4934856298259825,0.05881095322724609,0.1179483158680855,0.058839258576307105,3.9101303134225773e-07
1720,0.5134089490297005,0.7420413740725437,0.03637449276308594,0.07529230448148286,0.0363905338814564,-5.097029953660126e-08
1721,0.3039223725872445,0.5898529736947835,0.050558037467089784,0.09814480348622062,0.050586127771848656,3.7258724450150993e-07
1722,0.24761326769251335,0.5704828050308837,0.05432480910429684,0.10544868926820493,0.054358132765084825,2.676925133504593e-07
1723,0.364153729928824,0.6853997338187253,0.040186096840039084,0.08880082292202494,0.040201124941147845,-2.700711759784369e-07
1724,0.38292249948252155,0.6980791334308355,0.03386079801230474,0.07733452857978868,0.03387687856028759,4.994825215653975e-07
1725,0.1901679147831593,0.6020186011951387,0.05859994428300782,0.1178258381484959,0.058639125568693364,-8.521684069506819e-08
1726,0.21029647719428657,0.5478245042884954,0.05779351772236324,0.11809375067530942,0.05782412982247367,4.771942865577916e-07
1727,0.39148243938149907,0.6706849332095834,0.04150982287363275,0.08906671740419903,0.04153743558592115,4.3938149907329915e-07
1728,0.4235315845177008,0.7636660312440148,0.03396633075781251,0.07390296843455536,0.033981063550346226,-4.154822992319396e-07
1729,0.5388903745673246,0.8865800838707621,0.023660950904296887,0.05524053537997447,0.02366601548130852,3.7456732460139364e-07
1730,-0.06484448151991162,0.3993053392213843,0.06718264245380864,0.1306348586930389,0.06722325797320859,5.184800883767382e-07
1731,-0.002712750984179557,0.37988565280916015,0.06038221770654297,0.1206142375548589,0.06041757003867768,2.490158204429549e-07
1732,0.6832315481009303,0.8401270465929689,0.03076010475742186,0.05680831034646579,0.030772879253526054,-4.518990696089631e-07
1733,0.3673919894466827,0.631708037223735,0.04768428192548825,0.09442481506628646,0.04771149347920631,-1.0553317275618923e-08
1734,0.6754877037884195,0.8229617674294323,0.02840727797685547,0.06303200815055823,0.028417349690875462,-2.962115804860943e-07
1735,0.32697160114697,0.6414888590290875,0.04696236811640619,0.10225730416161699,0.04698890417435724,-3.988530299925408e-07
1736,0.2929292788075012,0.6025169262725544,0.05075554263896483,0.10277668365283864,0.05078554186168469,2.788075011972424e-07
1737,0.6248500015734961,0.7982839771326636,0.0286366527084961,0.055755610177405754,0.028646376173742494,1.5734961111846246e-09
1738,0.3966013749837676,0.6939739211919035,0.03023538498525391,0.06312562462048234,0.030246781927313948,3.74983767592596e-07
1739,0.40510968971340244,0.7123627030479867,0.05870154702871078,0.1125083457310982,0.05873706824723846,-3.1028659758236543e-07
1740,0.34564623315500875,0.655602328925302,0.04288761328603509,0.0880222873881938,0.042910428413247936,2.3315500874421247e-07
1741,0.1840976382552122,0.561106675050721,0.06217049166162113,0.12211703183561184,0.06219708289864724,-3.617447878190294e-07
1742,0.06600908360556978,0.4518713384301164,0.05334781207822266,0.12066691214502542,0.05338347861592544,8.360556978670441e-08
1743,0.19540125804637032,0.6516276391104494,0.07424048153955069,0.14067976808128163,0.07430953446956856,2.580463703272251e-07
1744,0.19267871736441833,0.5471230519754965,0.06846608284560553,0.14061072060187643,0.06851715112440084,-2.826355816609727e-07
1745,-0.030290475060327227,0.3874821197898934,0.06681675599052744,0.12776010900506526,0.06686288749147651,5.249396727718958e-07
1746,0.5329077146441448,0.7460504450632205,0.023377002117675835,0.049864644420019914,0.02338454790205424,-2.853558552784463e-07
1747,0.12649615799404967,0.5002755893579411,0.05485344661416008,0.10868246963405925,0.05489077133965901,1.579940496765353e-07
1748,0.30159622091403104,0.5965077970422153,0.04089483857148432,0.08566092166307246,0.040906476860944084,2.2091403106827556e-07
1749,0.39657257238697685,0.6811731737050655,0.045173414869921845,0.09300733163161791,0.045200375709782886,5.723869768714529e-07
1750,0.3335058636953977,0.6392039283263025,0.05064511196621095,0.10885560555833008,0.0506721837273166,-1.3630460232727515e-07
1751,0.4443864685010589,0.6810242068616994,0.03798055517050785,0.08733343193731628,0.037998776727711965,4.6850105889229e-07
1752,0.7052801986336639,0.850591612658654,0.029880109206054703,0.060762964409267,0.029890723653105997,1.986336638504227e-07
1753,0.6592690180435109,0.8155263455200847,0.03241550189765626,0.07316312395590915,0.03242983628093644,1.8043510907617133e-08
1754,-0.28374440962515646,0.16510273670364173,0.0420833257680663,0.10549261926663062,0.042094355987894204,5.903748435676093e-07
1755,0.45177935928951674,0.732348761272327,0.03791267343027353,0.07629869439736273,0.03792635341664666,3.5928951674923937e-07
1756,0.03120483147760844,0.39924575387470584,0.06387979416757807,0.12910395433878263,0.06392564764468715,-1.6852239155887294e-07
1757,0.1139440018663771,0.5036072634143979,0.043962620062109395,0.09489264969623665,0.043976878192784806,1.8663770945392955e-09
1758,0.1411943331662885,0.522174945302679,0.044686268404589835,0.10589888229247982,0.04471080581106704,3.331662885019959e-07
1759,0.2285139404516927,0.610142587677899,0.06055084481933601,0.11406007450989085,0.06058783383124199,-5.954830728516214e-08
1760,0.24742217588149173,0.6052820465655724,0.04136343694375003,0.09062732003408878,0.041375806646629945,1.758814917318663e-07
1761,0.046502396163101145,0.502504638367589,0.06515594344072273,0.11923627263160871,0.06519447389635126,3.961631011434319e-07
1762,0.2057062914462574,0.6834250877925412,0.0602005360461914,0.12299780844743338,0.0602473965194021,2.9144625740551433e-07
1763,0.6983355009258034,0.8657256339068599,0.024979330416699197,0.04865360527418887,0.02498970871519877,5.009258033927821e-07
1764,0.1684013625501134,0.5267573932586178,0.044357246332519536,0.08802488579559244,0.04437679155340005,3.6255011340302623e-07
1765,0.40794068311749365,0.7775163055652893,0.03196857354941405,0.06255642492778354,0.031980203495801496,-3.1688250634598347e-07
1766,0.5639561859517925,0.7787720427114603,0.04183776857949212,0.08199587950213823,0.041852971060176346,1.859517925195675e-07
1767,0.2590314391341412,0.5883868164056745,0.056511380260742185,0.1102894160244603,0.05653622289332634,4.3913414116136806e-07
1768,0.20162479551955526,0.5137713970497296,0.04368585660097662,0.09665133474670028,0.043707927338482284,-2.044804447431936e-07
1769,0.5646222551064392,0.7585182550597136,0.023858533684375016,0.05594373229086592,0.023864101642251723,2.551064391953517e-07
1770,0.25196729036215537,0.5949967448351613,0.07085807741171858,0.1319900116141939,0.07091098316022945,2.9036215537514565e-07
1771,-0.14179411672494502,0.34804692986112523,0.03348357558046874,0.0806087064916384,0.033490676337298055,-1.167249450151342e-07
1772,0.2813017336821779,0.7392714569565096,0.031039757931152368,0.0627616887925239,0.031048833036211473,-2.6631782207298116e-07
1773,0.3118250632067956,0.7069418329021415,0.03910552451708988,0.08634069380436164,0.03912485615546612,6.320679557525466e-08
1774,0.3507186863608255,0.6247317622623044,0.04064944785722656,0.08409296917513419,0.040669291994960215,-3.136391745206524e-07
1775,0.3091731846313194,0.7015678539130058,0.03266649688437498,0.07208230009030568,0.032677412192259864,1.8463131939983057e-07
1776,0.5435067093021869,0.7598994166546068,0.039346751459765676,0.08713147201085676,0.039359980309787816,-2.906978130434723e-07
1777,0.4534414187313106,0.7063523519756219,0.031198208558398416,0.06382641324952647,0.031209500848656375,4.1873131062519775e-07
1778,0.43968285817736397,0.772556304374265,0.0529891828255859,0.10149528838890379,0.05302725966981075,-1.4182263602391387e-07
1779,0.4028557719764043,0.718001464699786,0.04009565233496096,0.09658892777762267,0.04011963106815348,-2.2802359567197783e-07
1780,0.44521450190136025,0.7295966968881809,0.03654414859267574,0.07360358830065937,0.03656169557410923,-4.980986397784548e-07
1781,0.6867759765347619,0.8411909059350919,0.028328934808984324,0.05785132620557419,0.028340311794763772,-2.3465238196962446e-08
1782,0.558089009853729,0.8282650768191754,0.02720089110244141,0.06013694928421923,0.027210295165480607,9.853729054931648e-09
1783,0.5124024942823264,0.7276994400386214,0.03900124948554689,0.07550260527584546,0.03902181983787442,4.942823264020291e-07
1784,0.3131222745201294,0.6328339085730992,0.06305512046367197,0.12352196656813641,0.06309098644026173,2.745201294063193e-07
1785,0.38702397278537304,0.6705908600505344,0.03815398769453124,0.0881340812430662,0.03816909959299136,-2.7214626940885722e-08
1786,0.29665148978642053,0.6224564610781376,0.0585768240779295,0.1104736032218605,0.05862038847030752,4.897864205322122e-07
1787,0.22698592696625763,0.63257931143279,0.04988222335146484,0.11196441524732555,0.04990817397492533,-7.303374235934079e-08
1788,0.35557618223711285,0.6638837025533572,0.03780004726406252,0.09537977351293232,0.03781380280623486,1.8223711284459654e-07
1789,-0.16428174481123925,0.30587727843872003,0.06149293987675775,0.12062417446571981,0.06153578535495179,2.5518876076158215e-07
1790,-0.0916191293432167,0.5225660279196751,0.031203883089550785,0.07235018020001921,0.031208770127040764,-1.293432166926678e-07
1791,0.48843386562213853,0.8155349586337377,0.02728259124306639,0.06284477458346122,0.0272907577430588,-1.3437786144931962e-07
1792,0.6771630997697897,0.8322777811737732,0.03133125256748049,0.06042343713116062,0.03134577339983607,9.976978976311557e-08
1793,0.2904824460887606,0.6235489568109892,0.05535615877343748,0.11111240876547258,0.055388847853486106,4.46088760597263e-07
1794,0.2759154251489454,0.5704941386555605,0.04871409945371095,0.10308856642331755,0.048741883965298466,4.2514894538214776e-07
1795,0.5596135125044239,0.7630862533735502,0.04119546566210932,0.08456126236886512,0.04121457326169852,-4.874955760181265e-07
1796,0.06917981917364613,0.46281408947735525,0.038336088711035145,0.0814248151872454,0.038352508593550806,-1.808263538766175e-07
1797,0.5984888455920085,0.8148732203635678,0.029428990336230466,0.05811060765926351,0.029440054488676384,-1.5440799150390205e-07
1798,0.6348288700078937,0.8134581919482514,0.03916232301328125,0.08494082093125481,0.03918850644156937,-1.299921063013798e-07
1799,0.5723300494302457,0.7876468872174948,0.035635565906835955,0.07127143177661377,0.03565585058441396,4.94302456743867e-08
1800,0.4927238488154386,0.717337695453201,0.030097609698046902,0.06794417862452548,0.03010602644588158,-1.5118456136997693e-07
1801,0.693360122908296,0.845639787927777,0.028491641231542977,0.055538796115538205,0.02850469375029738,1.2290829598526898e-07
1802,0.37006869767424044,0.625101970556822,0.032577019011914024,0.07242986424030953,0.032589004107009434,-3.0232575953803575e-07
1803,0.38577639401782526,0.6603390811441373,0.048780133090429605,0.09658097196650411,0.048814081473091714,3.940178252559434e-07
1804,0.41404331677896833,0.6970472204347931,0.04452379660898435,0.08238894411107923,0.04455104191004204,3.167789683344857e-07
1805,0.3856310992957376,0.6532048703580644,0.027222367494628908,0.0801582131195878,0.027232848870779005,9.929573757672117e-08
1806,0.16199791870184477,0.5030262013869352,0.05671336597861332,0.12067913341043565,0.056740232421924865,-8.129815523560957e-08
1807,0.3090833391234866,0.6325054495167065,0.04500442985166014,0.0990731643565076,0.04502864700098994,3.391234866256809e-07
1808,0.574639350407564,0.832690205320923,0.028280534939550826,0.05565108658360905,0.02829063534988441,3.5040756396487183e-07
1809,0.3142840424276905,0.6128110532365433,0.04649263919619133,0.10116273910499969,0.04651044224467467,4.242769047202444e-08
1810,0.4018701134551763,0.6589286122084015,0.03699200898505861,0.07569814529066583,0.03700200951446988,1.1345517630934054e-07
1811,0.38615909787440694,0.6312360624990679,0.0346964994165039,0.07996838019987496,0.03470801267864123,9.787440696795713e-08
1812,0.3364886247376383,0.648182560776254,0.026328436919140677,0.0629862448405845,0.02633731313621623,-3.7526236168483607e-07
1813,0.1964818837898853,0.5132494561897818,0.022213947276757795,0.06543769967806586,0.022217964955804345,-1.162101146978678e-07
1814,0.5550579838728906,0.7756613914626533,0.04558941057998044,0.0864504916103396,0.04562170245585585,-1.612710942566764e-08
1815,0.6524999028766638,0.8258324634690938,0.03219529406972657,0.0641934587672353,0.03221122806555734,-9.712333615130575e-08
1816,0.19716154088222182,0.5472933713459692,0.03431729253740231,0.07943779880639365,0.034331759549494405,5.408822218166964e-07
1817,0.43914267121528616,0.6937465656738995,0.03936479049453126,0.07984679652404299,0.0393860324373704,-3.287847138433442e-07
1818,0.41332378381606905,0.6760354714588305,0.04516015613662107,0.08881165407689492,0.04518548741005026,-2.16183930978886e-07
1819,0.7794065595082987,0.8887145445538341,0.02681427122578126,0.05169315452928993,0.026822726003833564,-4.4049170122573145e-07
1820,0.369514745800285,0.6580860587763921,0.05461090705595707,0.10766574369477551,0.05463754227319355,-2.5419971499962557e-07
1821,0.588529150859674,0.8112016308593293,0.024133974612500008,0.0547244596121779,0.024142376504759647,1.5085967408623446e-07
1822,0.29325178083246506,0.6361420918894065,0.043681175127539065,0.08611439572854139,0.043698113333421815,-2.1916753495387908e-07
1823,0.5327353480852202,0.7426483272661047,0.02644253134404298,0.07031591873502599,0.026454662457550703,3.480852202031315e-07
1824,-0.0008489947073706539,0.4311303503610599,0.062315621451171796,0.12291661818827804,0.06235501929784077,5.292629346180695e-09
1825,0.3481007013568719,0.6452213989635605,0.04377078389248051,0.09048030879449112,0.04379615700771945,-2.9864312811600513e-07
1826,-0.0961381002437045,0.3415708782964525,0.06273677922216801,0.12647113920046235,0.0627836543649313,-1.0024370450389952e-07
1827,0.3818262138150429,0.6921227756210304,0.03689658096855472,0.07478611683664911,0.03691370038000941,2.1381504289319508e-07
1828,0.5551351813246164,0.7800943642241825,0.042274979452441394,0.08157267522666002,0.04230074644876177,1.8132461632180963e-07
1829,0.08179652761320588,0.444734484408747,0.06383207432812499,0.11808606044852583,0.0638752714112229,-4.723867941119897e-07
1830,0.34611403445452527,0.6594535256288871,0.0519726600593749,0.10562985170019917,0.05199530091400301,3.445452528838544e-08
1831,0.5564946869427985,0.7666010628690078,0.04270980318427737,0.08270129781568436,0.042734898270383986,-3.130572014953259e-07
1832,0.04840829175243222,0.4919430853795799,0.0380552399342773,0.08120249768086936,0.038069971924610924,2.9175243222018254e-07
1833,0.3852753862633477,0.6668784308620632,0.03302853536347663,0.07158662519558202,0.033037849678183406,3.862633476958699e-07
1834,0.3378358887784305,0.7642299903232415,0.04736101875800777,0.1041640492292115,0.04739301348283405,-1.1122156950982287e-07
1835,0.37785437756655216,0.7083427437767451,0.039951345727539035,0.08745591277914581,0.039970287930778475,3.775665521343896e-07
1836,0.46074001780037144,0.7683532386703039,0.03243341017177737,0.06548544604941799,0.03244559131421668,1.780037145460156e-08
1837,0.506174055269325,0.755845615412751,0.03173890473212891,0.06626952491039272,0.03174881331134681,5.526932500554693e-08
1838,0.47448569899992354,0.7218901775503417,0.045472790878906294,0.08963775105035117,0.045500093369182794,-3.0100007647471116e-07
1839,0.22176200260413603,0.5497694878481143,0.04130128699140633,0.08958184038262389,0.04131633928576551,2.604136045691874e-09
1840,0.38097183464938755,0.6732118583930051,0.040897438905664,0.09427426463081928,0.040928618740799796,-1.6535061242439753e-07
1841,0.17626859418229646,0.4910061285931959,0.04916382345927731,0.10323316465633643,0.04919681411963277,-4.058177035526356e-07
1842,0.6416868364942543,0.8117796205574188,0.034237753354296845,0.0680269661308302,0.03425502924115107,-1.635057457205491e-07
1843,0.6105002201732999,0.7935860952931917,0.02869133040644536,0.061090361829921086,0.02870250276092679,2.2017329981416367e-07
1844,0.02659091795870938,0.49024713292973326,0.06359727660400397,0.12259093781213116,0.06365005645926608,-8.204129061870069e-08
1845,0.31852896475137205,0.6290187567765254,0.052691490880468816,0.09783674659920638,0.052724389581457906,-3.524862796089323e-08
1846,0.6071348890056478,0.7977333613108284,0.02830463685634764,0.05318666265832416,0.02831496549602189,-1.109943521537815e-07
1847,0.0034626481386240693,0.4101156657578055,0.04709947803183593,0.09971253215911516,0.047116861732008346,-3.5186137593064964e-07
1848,0.5691399162026839,0.804576177592964,0.035773150034863206,0.07641189469041704,0.03579542328598057,-8.37973160860983e-08
1849,0.03775665192526578,0.5508947232079976,0.04113377443369143,0.08183088471647357,0.04115332005489954,-3.4807473421605284e-07
1850,0.23904825371123029,0.5601778399709981,0.03827944426005862,0.07812088692929614,0.038297259271894396,2.537112302747335e-07
1851,0.3168988776196743,0.6540953860807269,0.041446846679101604,0.09812629845951136,0.04146931455882379,-1.2238032570666135e-07
1852,0.5337620580764623,0.7362925989009095,0.033870447518554656,0.06570988888616727,0.03388758943706483,5.8076462305933774e-08
1853,0.2589172180699999,0.592186904347328,0.06278954159755856,0.13557302641687305,0.06283048816386447,2.1806999989104625e-07
1854,-0.005713879549378964,0.4814480759523674,0.052600640037109306,0.10516581714750531,0.05262737970349785,1.204506210362999e-07
1855,0.11127802435397582,0.4432952255996571,0.03813665741201177,0.09183285784785683,0.03815391828279682,2.4353975822122287e-08
1856,-0.030860136107837555,0.40289175401600785,0.07267663869667959,0.1391808993010856,0.07271799304846449,-1.3610783755613198e-07
1857,0.3091669514479063,0.593723757804552,0.05182970634150395,0.09892204208130845,0.05186187236610603,-4.855209373433311e-08
1858,0.20300487847348958,0.5499484322985386,0.051985584338085956,0.11141570681806601,0.052009675984544236,-1.2152651041041906e-07
1859,0.471995566519799,0.7142633834022859,0.03793400573076174,0.07791585140997168,0.03795635493736838,-4.3348020101197093e-07
1860,0.299675950929142,0.6313316339732777,0.05702572264375007,0.11480405359316781,0.057065537960077815,-4.9070857988109395e-08
1861,0.5404207757361013,0.7612666670887624,0.04052235572294926,0.08501257188647635,0.04054679900391694,-2.2426389878482667e-07
1862,0.3903153313400115,0.641417480413567,0.04206601752675785,0.0902466774167318,0.042087795069274674,3.313400114834941e-07
1863,0.7227900779638512,0.8588013679612776,0.025128965145312508,0.05380189091462366,0.025139455304540693,7.79638511527736e-08
1864,0.25023291137730963,0.610610040605192,0.03481446615751951,0.0810495380043628,0.03482976334430163,-8.862269035292414e-08
1865,0.3598106803620429,0.6703572029822322,0.05398026194833977,0.10669826684825177,0.054019156275647885,-3.196379571024366e-07
1866,0.5522407974059522,0.7559947486055677,0.035803500166601554,0.07916867421567321,0.03582336015027116,-2.0259404776012957e-07
1867,0.5136478760671037,0.7454970056876401,0.03827571403007818,0.0714663503522123,0.038294960541116696,-1.239328962787667e-07
1868,0.6158117209859961,0.8144761481278447,0.02894252970322269,0.06217115385568952,0.028950251230275097,-2.79014003901068e-07
1869,0.47036139196489324,0.8071481482755644,0.02931807678798827,0.06445176036073867,0.029328397365969,3.919648932648734e-07
1870,0.3406533047925079,0.6227052631142229,0.033819453499316456,0.07944818307620338,0.03383226500669885,3.0479250789916534e-07
1871,0.4785197507731974,0.7249633333866433,0.051452557417773354,0.1064972838347291,0.05148927434207277,-2.4922680258443464e-07
1872,0.07424453338314463,0.4073832393492435,0.03700678524765623,0.094947282702489,0.037017021846036675,5.333831446241444e-07
1873,0.31717547441490324,0.6737496276070716,0.056251956350585844,0.11089617712319506,0.05629433751443642,-5.255850967778031e-07
1874,-0.01854105243516857,0.43103972272651214,0.04887737891660159,0.10245736890279249,0.048898451234736066,-5.243516857170172e-08
1875,0.1769070237829481,0.5173253866927359,0.040416307249218755,0.08535215481168591,0.04042932061872485,2.3782948083139743e-08
1876,0.09829035423230226,0.6135103574676548,0.034632602129003875,0.07857549606905924,0.03464500500615107,3.5423230225484215e-07
1877,0.7061111112167959,0.8579101276907677,0.025328008138183616,0.056621446077888236,0.025339250525092484,1.1121679588388389e-07
1878,0.6872026300886753,0.8356737711884147,0.028067327211718736,0.05969883921253133,0.028077748192150333,-3.6991132468244814e-07
1879,0.2865930550611747,0.6003936912157904,0.061111741715624966,0.11243910941133725,0.061158053107033594,5.506117473075278e-08
1880,0.42588344586725124,0.6753912706011782,0.047672228106347664,0.0966520266842095,0.04770231508224467,4.4586725123085813e-07
1881,0.43649283288943364,0.7039355894715835,0.04138853016777347,0.08598923562666408,0.0414000862400858,-1.6711056638474275e-07
1882,0.5858118244033235,0.8123907135179933,0.03168366460830075,0.06827085066187671,0.0316998559881236,-1.755966765326633e-07
1883,0.27355058964792855,0.5466258530978387,0.04346600515429692,0.09776342943608379,0.04348240778383197,-4.1035207143380603e-07
1884,0.27635515656955334,0.6155689661757948,0.05521814750546874,0.11621566421236304,0.05525127100156744,1.565695533223277e-07
1885,0.41173455098468814,0.7724156404077317,0.03402030591650392,0.07205078432585817,0.03403589011330391,-4.4901531187635513e-07
1886,-0.1580544943121298,0.39209021120657706,0.04472736642919931,0.0963732086950671,0.04474688950156353,-4.943121298117692e-07
1887,0.4313494356701324,0.7207899789405262,0.04925191154609376,0.09716187636834102,0.0492865447920408,4.3567013241485597e-07
1888,0.2136051077804536,0.5816075552549821,0.05100506604082032,0.11068417482714353,0.05103938943816057,1.077804536175897e-07
1889,0.20850665963072912,0.6001371392320601,0.0725879081172851,0.13833785345240862,0.07263554624924598,-3.40369270879215e-07
1890,-0.05445400753329954,0.3361901686241607,0.041923948908007894,0.09253160437470574,0.041941410916659025,-7.533299539730365e-09
1891,0.2628610405592635,0.648670492283241,0.047354308886523436,0.09950058743989786,0.04738288420095571,4.055926350332584e-08
1892,-0.16123550944845633,0.30179873423885645,0.06954828057939462,0.14937568333562729,0.06958376784870296,-5.094484563372692e-07
1893,0.42873609392683465,0.6731151070151774,0.034264401486425795,0.07419955629602246,0.03428080511906555,9.392683464337637e-08
1894,0.2542542614168203,0.5879944463028697,0.04128038905634764,0.09283565605777536,0.041300831609196835,2.614168203018963e-07
1895,0.37329036472026633,0.6486199308192425,0.04482912980859375,0.0918443193667525,0.044854454440696814,3.6472026632150545e-07
1896,-0.09208426684033078,0.37619762017901215,0.07105760920625012,0.14639674712742087,0.07111211795312417,-2.668403307759526e-07
1897,0.5038676215327851,0.7131525375525901,0.03228454984804688,0.07106863697040174,0.03229549568612013,-3.7846721490097934e-07
1898,0.34563444631883944,0.6210989292834918,0.04393283633779293,0.09329518459522179,0.043954565241956636,4.46318839442128e-07
1899,0.2517295578355002,0.5680711621027641,0.05408751286113283,0.11324514347321349,0.05412889795447473,-4.4216449979206374e-07
1900,0.43484376895797927,0.7042717117242566,0.05457743738994136,0.10429931600542626,0.05461603362335362,-2.310420207374264e-07
1901,0.11095142062707586,0.6737666999204569,0.06778062313085942,0.12870998989922855,0.0678314720713897,4.206270758644326e-07
1902,0.45578545573577334,0.6933314120288568,0.043689876245214795,0.08942605363602427,0.04371637084903918,4.557357733414591e-07
1903,0.12004888967588279,0.5180139601089924,0.07939797612119134,0.14346785001465992,0.07945792890045855,-1.1032411721678681e-07
1904,0.41069735549070885,0.6759101203612232,0.05023253141728513,0.1000040061101861,0.050253281358981876,3.5549070886986556e-07
1905,0.26343560717381453,0.5646386357655286,0.04544872824707035,0.10490254298017444,0.04547205213582827,-3.928261854690973e-07
1906,0.22082410724602486,0.6490724897968273,0.05606148795537112,0.11187617677976389,0.05610168018083207,1.072460248663365e-07
1907,0.3877278228731432,0.7196083769283891,0.048751646695507765,0.09776114945281449,0.04878287450625474,-1.7712685679294182e-07
1908,0.42167672974767234,0.7687963195012522,0.03770486022871093,0.08620442890559339,0.03772635737112489,-2.7025232768318475e-07
1909,0.4731554032409797,0.7360873617582545,0.04594159037080075,0.09269400499886775,0.045973855180962815,4.032409797183334e-07
1910,0.5791042975913914,0.8035675467463333,0.029846998582031232,0.0634937564112629,0.02985631122230303,2.975913914182726e-07
1911,0.15332246887055556,0.48415485769509126,0.04005156375683595,0.09906175923166213,0.040064420886232736,4.6887055554778456e-07
1912,0.7401881825025386,0.8755545916246431,0.026713155459960947,0.05030649632453282,0.026725493877515463,1.8250253863705268e-07
1913,0.7152674590673189,0.872319984713284,0.027049432533496086,0.0477463540666606,0.027061693908270474,4.590673189364125e-07
1914,0.625209665437588,0.8168726374058678,0.03819307430058591,0.0727139350881042,0.03822009478392736,-3.345624119965862e-07
1915,0.6516041253073164,0.8563353038492065,0.02557559666142578,0.053739608196772565,0.025582623205181412,1.2530731641202664e-07
1916,0.32698621709201114,0.5906831404909549,0.03999141603886723,0.08506552735957443,0.04000914503925086,2.1709201114550325e-07
1917,0.37187850584749294,0.6534077736691668,0.03210751162539061,0.06648699674210364,0.03211768170536145,5.058474929486856e-07
1918,0.535039005024094,0.782036515859021,0.028214213653027363,0.058087072626345125,0.02822595357510702,5.024093918670758e-09
1919,0.4091415238783265,0.6703916859227563,0.036872385973339805,0.08052422505130012,0.036885749610340704,-4.761216735316154e-07
1920,0.6377055145021626,0.8063752115532236,0.029709604759082048,0.061690547241375175,0.029722538066766967,-4.85497837376947e-07
1921,-0.09647309875134535,0.33756521799202827,0.03640580107080075,0.08848775691062645,0.03641782972700469,-9.875134535097807e-08
1922,0.23160144358032198,0.5614577343957534,0.045489520425878956,0.09625195411228478,0.04550802267726848,4.4358032197377995e-07
1923,0.5384104788495018,0.7487657224878087,0.04008514228496095,0.08998141640513806,0.04010237636140701,4.788495017171712e-07
1924,0.509836347183172,0.7537735960473083,0.029094135780664065,0.060162227791936244,0.029104529829013747,3.471831719892293e-07
1925,0.1870415460533238,0.5375359499332989,0.04559778236582038,0.08905338973870489,0.04562100475744055,-4.539466762210065e-07
1926,0.748188303386216,0.9103506760923937,0.01644789987099611,0.03925937704575582,0.016452814938863063,3.0338621603842597e-07
1927,0.0413543293012697,0.47596660785324013,0.0646972795026367,0.13036793544210504,0.06473922415602407,3.2930126969699103e-07
1928,0.39045136490571797,0.6625793598273645,0.03534794640400395,0.0901978826306793,0.035356664653909985,3.6490571797553883e-07
1929,0.38082240223113084,0.6928808619121001,0.06757458783017598,0.12624593356870703,0.06763592754952068,4.0223113084714157e-07
1930,0.45099365074903064,0.7132124165905058,0.03530795039394529,0.07026831419420237,0.03532428182323906,-3.4925096936699873e-07
1931,0.29554268172888853,0.587176799167536,0.05306278444667966,0.11055791771525618,0.05309603498374206,-3.1827111146576215e-07
1932,0.08623664839700373,0.4742322022262897,0.06292835498671877,0.12201173032162191,0.06296850968420499,-3.5160299625969227e-07
1933,0.555850509543254,0.7479814685606289,0.029211742398046827,0.06081719148606962,0.02922836881242677,-4.904567459940168e-07
1934,0.40319009598552935,0.6799322719279773,0.04584873197353515,0.08722263533606367,0.04587227920070287,9.598552935807803e-08
1935,0.4796341619794765,0.7115315084621134,0.04211891140048835,0.08100724630198172,0.04214183074927168,1.6197947649843059e-07
1936,0.4613912776382987,0.6969875716374521,0.028742301426757794,0.0643353857810229,0.02875199630376586,2.7763829868465706e-07
1937,0.4037184010635293,0.7215595858625643,0.055812089943749935,0.11075926630851754,0.05584259766508871,4.0106352927615774e-07
1938,-0.016786466623822438,0.41109598182741913,0.058999178101953154,0.12408521261892623,0.05903933833660692,5.333761775618007e-07
1939,0.6059911220881706,0.7862104399578116,0.03263797157968746,0.06699230085825765,0.032654302035320486,1.220881706842647e-07
1940,0.778565366787964,0.8834485890730435,0.0262810253935547,0.05030073664880134,0.026288179653298074,3.6678796400124725e-07
1941,0.10298146801008912,0.53041428592316,0.06100601028183594,0.12301213905294406,0.06104834399347033,4.6801008911356856e-07
1942,-0.08085562347025887,0.349446115047567,0.08830680108300783,0.16574495384316498,0.08839639639973193,3.765297411223445e-07
1943,0.2578863688431312,0.5890583288834675,0.06621643571347646,0.12217318746282947,0.06626900206855339,3.6884313120433276e-07
1944,0.001951278839697257,0.3446985441262244,0.042342024064453115,0.09874163694723327,0.04236220038832493,2.7883969725686283e-07
1945,0.3238528799475656,0.6785740095518771,0.051099665137207075,0.09276075207508712,0.05112204748405623,-1.2005243438251156e-07
1946,0.8149433198734987,0.9117264884282229,0.01896457081933595,0.03765002012438557,0.018971497396510002,3.19873498688672e-07
1947,0.19817373104108305,0.5313969677166475,0.06056082829326174,0.12393137544633144,0.06060375405952998,-2.6895891694356244e-07
1948,0.013555254795370897,0.4344092538041965,0.06746711190585937,0.12834443376260687,0.06751269163459105,2.547953708974954e-07
1949,0.5934992364490577,0.7872560641993988,0.03128359528769528,0.062151506687198085,0.031298255716174596,2.364490576667322e-07
1950,0.004584767397207257,0.3995545941451518,0.06958161950644534,0.1337604685491127,0.06962751033007979,-2.3260279274298773e-07
1951,0.2513954761714414,0.579049667334696,0.05143038367890624,0.10711933288966115,0.05146054257244148,-5.238285585851266e-07
1952,0.23215249723233677,0.5900716286305943,0.05478937662246087,0.10770707867517419,0.05480883552939919,-5.027676632241018e-07
1953,0.7312776368155858,0.8919824617834048,0.024208538444531257,0.047762522398179214,0.02421773993364889,-3.631844142093499e-07
1954,0.14582694589858425,0.5397825390998726,0.07102352990341793,0.13441748609507317,0.07109084008997742,-5.41014157640074e-08
1955,0.3541437397580426,0.651927057992041,0.049324284707128865,0.09820947714080445,0.049356078515874195,-2.602419574282422e-07
1956,0.5891805253600284,0.7868509128951721,0.03296788645302736,0.062118596400714085,0.0329832227181661,-4.746399715482852e-07
1957,0.3264036019329968,0.668427620595752,0.05816856972070312,0.11055093761587004,0.058209150154061126,-3.980670032488476e-07
1958,0.67032130691204,0.8575047294592979,0.027835285608593736,0.055655275689760544,0.027845141449315488,3.0691204000454775e-07
1959,-0.18128899340454274,0.28891373392944836,0.07151921356494134,0.13629526869249006,0.07155873944255725,6.595457263669502e-09
1960,-0.19640972509137367,0.6705789286506039,0.043583134570605406,0.09612258675028439,0.043596331236746,2.749086263353906e-07
1961,0.003850228917479215,0.4181885938285326,0.09071705394882812,0.17207126125710415,0.09077908632145514,2.2891747921468392e-07
1962,0.2778581614113913,0.6167553457947197,0.06136986908281261,0.1173773675019961,0.06140414053278528,1.614113913084303e-07
1963,0.3071906671602511,0.8259633729455707,0.03087074842431643,0.07057985362930623,0.030882732811582297,-3.328397488733259e-07
1964,0.44847228596207744,0.741430652883457,0.02466587584208986,0.06452577914963556,0.02467141754083216,2.8596207746200974e-07
1965,0.8152779171119289,0.906939523352673,0.023513719213574185,0.044580438835852484,0.023521294945193744,-8.288807107348362e-08
1966,-0.07863080439685421,0.2845201483581937,0.0672015453524414,0.14617248191147433,0.06725693023058724,1.9560314579170068e-07
1967,0.15008656393174113,0.5532106129488915,0.04876380669462892,0.09393684359826027,0.048789730332326336,-4.3606825886333134e-07
1968,0.38907842333723974,0.6861786522881147,0.03651362676904293,0.07365884938237005,0.03653124806953675,4.233372397632884e-07
1969,0.5163119036407782,0.7523357912411277,0.04859520255068364,0.09633376739534313,0.048630241378776716,-9.635922182393841e-08
1970,0.4780984507729972,0.7027145960361381,0.02175745473515627,0.06457303051035995,0.02176287906312154,4.507729971514607e-07
1971,0.5026945044613171,0.7353967894023279,0.027030508203808555,0.0678594197209555,0.0270387645581633,-4.955386828653374e-07
1972,0.2562922701306437,0.6553595470843249,0.03226430724443361,0.07780060641861303,0.03227698814684427,2.7013064368697215e-07
1973,0.41545757843087894,0.6717644517850495,0.04296496531406253,0.09269090296798334,0.04298692854378824,-4.2156912105628663e-07
1974,0.4287235143490845,0.725129164255606,0.030368016170507873,0.06884340298159676,0.030380924332571706,-4.856509154826938e-07
1975,0.3394154622410541,0.6534849584478153,0.05654320163144528,0.10018780056880659,0.05657999702932937,4.622410540999766e-07
1976,0.7305745509764583,0.8619052448884882,0.025028806126562515,0.05321079650851448,0.025040483270150172,-4.490235416820809e-07
1977,0.6304625074508179,0.820536501832723,0.03553237110556641,0.07251103535401045,0.035553323130414365,5.074508179214732e-07
1978,0.6813470237309903,0.8318440813861484,0.028259771836523444,0.05579480990373517,0.02827292216352577,2.3730990283965525e-08
1979,0.006591064773440736,0.3295900618163006,0.0488158637458984,0.11017424904463925,0.04884120078793159,6.477344073607672e-08
1980,0.4988902881676063,0.7320040973062109,0.04079488763701175,0.08664472039779908,0.040819509414026914,2.8816760627714544e-07
1981,0.6028917831153959,0.821865768700919,0.030353599701562498,0.06341158212944258,0.030368618671990994,-2.1688460405400178e-07
1982,0.3894940579836894,0.6715018897855812,0.04394378036367184,0.08869378024746644,0.04396816356390183,5.7983689405460836e-08
1983,0.03510752926665284,0.42357123178240647,0.05061716111933606,0.10438846042717217,0.05064414559634226,5.29266652837812e-07
1984,0.07059830309446313,0.41044407672296596,0.048596236105175834,0.10928402824919874,0.0486168036530135,3.0309446313880883e-07
1985,0.08056322810364991,0.41424414177483315,0.054014220435449234,0.10589347236761791,0.05404639560050546,2.281036499129918e-07
1986,0.7206659990978851,0.8551760724533359,0.025578264588574224,0.05978608710405648,0.02558812042377052,-9.021149383059424e-10
1987,-0.30073583271337423,0.1739762258254043,0.09751502268291029,0.18240228535439432,0.0975750229207971,1.6728662577403242e-07
1988,0.55653917538647,0.7742989660316597,0.032586879900292985,0.06545720545837894,0.0326012922730608,1.7538647001380525e-07
1989,0.2722203958304096,0.6115945562697244,0.03797787774248043,0.07703387790696942,0.037993661684914894,3.958304095608156e-07
1990,0.6156990120244852,0.8116973844160091,0.02405842165126951,0.05264438958824436,0.024067845476335382,1.202448518533572e-08
1991,0.3554443479385969,0.6913457172370899,0.034059463568652304,0.07000413673277495,0.034074061584931335,3.479385969340498e-07
1992,0.29242674079297093,0.5786652575547953,0.04773251101904295,0.09740403072294765,0.047759019825377697,-2.592070290630133e-07
1993,0.40009558497622544,0.6837561611788524,0.04250889958769531,0.08607188905382737,0.04252728846377617,-4.1502377456925643e-07
1994,0.6062628090308047,0.8037243081008731,0.019575932678906224,0.0443987631637542,0.01957893716275064,-1.9096919534611345e-07
1995,0.4860222039072791,0.7122298495286403,0.04480736607490233,0.08715148162260143,0.04483613512271684,2.0390727911712148e-07
1996,0.03233509347408736,0.47386162047761315,0.04201450152666017,0.08882314278077347,0.04203031783788085,9.347408735926876e-08
1997,0.5442045533684381,0.7694374088733302,0.034774732567480475,0.06879514352897335,0.03478682269292058,-4.466315619566785e-07
1998,0.6566819677004814,0.8906724091097817,0.024138150782421854,0.050061661640447154,0.024143644212347496,-3.229951861527525e-08
1999,0.22541476460317256,0.548360327222687,0.059791544244238264,0.12865562302675843,0.059815362631915246,-2.3539682744710966e-07
2000,0.09860458024946317,0.48719256950918777,0.05624898824941405,0.11130343296181883,0.056289371296993754,-4.197505368286336e-07
2001,0.34596815809543313,0.6756979136055845,0.050566707962207,0.1055647801208405,0.05059541386729049,1.5809543313372032e-07
2002,0.1607831596537186,0.5258834088516373,0.05732079307636723,0.1123759930277136,0.0573523126800767,1.5965371857884492e-07
2003,0.11211374048707301,0.4564296286442985,0.06454558514462892,0.13017689267462274,0.0645880396704548,-2.5951292699499806e-07
2004,0.16223777975788967,0.508772393116604,0.057430425024414096,0.11150718678928695,0.0574490461388515,-2.202421103270069e-07
2005,0.19987426914841622,0.5276024535769264,0.05618729763007804,0.11683810868316803,0.0562212589979823,2.6914841622094343e-07
2006,0.016630140787716408,0.40789155684899203,0.07386803590585946,0.144798703104773,0.07392642542884255,1.407877164086302e-07
2007,0.4902381373368404,0.723668202497968,0.04106596607675776,0.0807711153270557,0.041085729508245954,1.3733684040007077e-07
2008,0.658821836463074,0.8561295552963151,0.024031737383886677,0.05125795122027472,0.02404068061323752,-1.635369260011288e-07
2009,0.21702170150547706,0.5792767714784371,0.057778836609082,0.11743209974135763,0.05782122490962193,-2.9849452293229106e-07
2010,0.23751481759615134,0.5296516694515707,0.047118529262011696,0.10176338674545171,0.04714285802689649,-1.8240384866419213e-07
2011,0.14876868175134228,0.49083537668837196,0.04842333108359377,0.10171134770142141,0.048439878586921954,-3.1824865773244504e-07
2012,0.09967881174173177,0.5217892175814803,0.03885023248085934,0.08910491604860848,0.03886769110921946,-1.8825826823831715e-07
2013,-0.07617404748074108,0.3752621662657118,0.05932990638173829,0.13113598576392438,0.05935861275890359,-4.74807410749678e-08
2014,0.2055403538620354,0.5235009929678992,0.0429900202179688,0.08898062769951247,0.04300948147932157,3.5386203539600203e-07
2015,0.1043840777540973,0.5362417381960959,0.0472566987490235,0.1047157752564508,0.04727566859798783,7.775409729959826e-08
2016,0.20321917141030654,0.560762527174842,0.06394593718203122,0.11702226484165584,0.06399522197592006,1.7141030653200495e-07
2017,0.5220179026344917,0.7310950586181503,0.034737222550976596,0.0698685652437348,0.03475134094698692,-9.736550832251112e-08
2018,0.31090986252375374,0.6388271353382693,0.06581531126728506,0.132563595679719,0.06586654364813198,-1.374762462758028e-07
2019,0.3586158716791421,0.6539580271579268,0.04553418152900389,0.09388879377796679,0.04556104406544303,-1.2832085788394565e-07
2020,0.47233321192178945,0.7084639337604957,0.028320456620019578,0.07781267573873281,0.02832819741044195,2.1192178945028672e-07
2021,0.559997801520341,0.799083888421087,0.03780507568066404,0.07492813026995425,0.03782638954616286,-1.984796590415172e-07
2022,0.4569628417105982,0.7076121319056816,0.034803770403027304,0.07686400499973559,0.034814743125766066,-1.5828940180817597e-07
2023,0.669116144952099,0.8731664376515219,0.024528542283984357,0.048738900802588477,0.024537969943802557,1.4495209899045847e-07
2024,0.6006707345379714,0.8045174294860123,0.02996959259912108,0.06103668087760217,0.0299830249403249,-2.654620285813536e-07
2025,0.45184453644189737,0.7179943431959289,0.046654695081054826,0.08960153342479897,0.04668157252860809,-4.635581026257718e-07
2026,0.21128394787801164,0.5928540766573851,0.05334294096513673,0.10209208968342588,0.05337747228247252,-5.212198836423987e-08
2027,0.4622155662130686,0.7304376604512788,0.04416131125732417,0.08980138919818383,0.044190479253860444,-4.3378693143081293e-07
2028,0.2909209058544019,0.5981697856882023,0.04510851083300776,0.11157350970765932,0.045128412756367996,-9.414559809517442e-08
2029,0.10339153394865441,0.473486442400655,0.05561029838525389,0.11378843259119029,0.05565168327535196,5.339486544159167e-07
2030,0.5527796102939537,0.7724015792289156,0.0307099754362305,0.06384039150032474,0.030721827822166623,-3.8970604632204697e-07
2031,0.29834420686645124,0.5831108864062214,0.054519522019140634,0.11291363901374409,0.054552648280153236,2.068664512466789e-07
2032,0.3227117595832958,0.6052018732532745,0.053619007286425664,0.11022011537478747,0.053650766211579666,-2.4041670421137695e-07
2033,0.28832419982181623,0.596929172655912,0.048536553492968725,0.09612974497055667,0.048557171746977296,1.9982181620470385e-07
2034,0.4467319129030286,0.7134566280265175,0.0351904692704102,0.07307350362338472,0.035199495617869475,-8.709697141284778e-08
2035,0.39788751996536487,0.6862126247199491,0.04218859608281245,0.0917537863885752,0.04220657158730877,-4.800346351530038e-07
2036,0.5312086761143453,0.7866349484229422,0.02652533914550785,0.05930722773514755,0.026535799881557916,-3.238856547405078e-07
2037,0.3936723824444379,0.6631999488823461,0.04748503810283201,0.09762417271541467,0.04751454079824427,3.824444378963676e-07
2038,0.06985024136507545,0.474731360412341,0.048985555055566454,0.11427127805025943,0.049012242344053394,2.413650754540253e-07
2039,-0.10035293512947185,0.2488704310816368,0.059666470497851634,0.12852075828798046,0.05969169608326386,6.487052814363459e-08
2040,0.3286992591376521,0.6709817551436682,0.04133801382499999,0.08811087829969007,0.041359258314091533,2.5913765205887174e-07
2041,0.770925123125318,0.8858165967495851,0.024230299812304713,0.048845708189938074,0.024241167355497154,1.231253180522529e-07
2042,0.08090071435429369,0.38426860602600627,0.03758996206845697,0.09703796046400007,0.037605911525258974,-2.856457063105111e-07
2043,0.23730905819031356,0.5930807562026666,0.07274401635322272,0.13027642271211073,0.07280027381313577,5.819031356768534e-08
2044,0.13393314738656958,0.5080845127841069,0.057914453632812585,0.11416311834939938,0.05794858295489654,1.4738656958779295e-07
2045,0.36149108862666235,0.6465424030313902,0.047659322166113294,0.09740517662735707,0.047686984021696535,8.862666234232819e-08
2046,0.606942057963626,0.7956797601956266,0.04294634925927739,0.08543925505936997,0.04296471990798499,5.796362601007132e-08
2047,0.2146368183244346,0.5420942268948628,0.04802022319941406,0.09857023295243636,0.048047014103970304,-1.8167556539716578e-07
2048,0.39249571702028163,0.6564898456667442,0.04186348137949221,0.0828523456111969,0.04188494324116296,-2.8297971838009417e-07
2049,0.03493031346683939,0.3922527890320983,0.050662250605371086,0.12554022436539922,0.050675041953853535,3.134668393883766e-07
2050,0.743036907376333,0.9043611353708313,0.02224395791191408,0.04783531819728387,0.02225327384445013,-9.262366695850233e-08
2051,0.025860308972448842,0.478404982881424,0.054018425279785134,0.11080610541601671,0.05405455744870613,3.089724488411494e-07
2052,0.2494708954498216,0.5805098121151521,0.057935120887695354,0.11853104198584442,0.057965644633929884,-1.0455017840360625e-07
2053,0.02770565627407462,0.465746780735355,0.051067168798144554,0.10717996823466938,0.051091454421050675,-3.437259253821767e-07
2054,0.6036235761286872,0.7863371278161407,0.025814579727441375,0.060306828403259016,0.025824195916846385,-4.238713128268401e-07
2055,0.41416849101607545,0.6911957495938404,0.03643294638955081,0.07654576859439491,0.03645149301125912,-5.089839245631111e-07
2056,0.15912313128801592,0.504278031924292,0.06291546246230464,0.13007367855056376,0.0629451734276278,1.3128801593098594e-07
2057,0.5003808688590783,0.7211366867282334,0.03670182206845706,0.0806331153762892,0.03672051399982763,-1.3114092167754166e-07
2058,0.17080957413305664,0.50556668785284,0.04369914055400394,0.09238112536247536,0.04372236048967348,-4.2586694334878494e-07
2059,0.5519190833077023,0.7595839556087512,0.04099460274707031,0.07868324470708023,0.04101662546334235,8.330770229214579e-08
2060,0.1321661068698594,0.5060869496508984,0.04193699832314455,0.08696569960288457,0.04195262990241303,1.0686985940644433e-07
2061,0.5183937671976477,0.7333925613593587,0.04022624767656251,0.08306260223777488,0.040238630853656615,-2.3280235228462232e-07
2062,0.7582620221122474,0.8888457089450404,0.020768937002343727,0.044619590920711605,0.020775999007485557,2.211224736647921e-08
2063,0.3337242675218439,0.7400567368663575,0.03171778029580079,0.07015557267824583,0.031729464541027215,2.6752184389966516e-07
2064,0.3029199734748811,0.6178975589629264,0.04991126237480474,0.09321232223938702,0.04993869595272676,-2.652511893463938e-08
2065,0.4882869110490693,0.7473548191325329,0.03879343358310549,0.08490876954458464,0.03881467813345084,-8.895093073224558e-08
2066,0.2633031278817073,0.5731529071571944,0.061246238840136684,0.12443968746267957,0.061274078159954545,1.2788170727917603e-07
2067,-0.03748475169113408,0.3054331957917281,0.044975669842675786,0.10272607940557742,0.04499005286564258,2.483088659202548e-07
2068,0.23124868719444613,0.5634633887326209,0.0495473087767578,0.10821797708253739,0.04957478141028542,-3.128055538759167e-07
2069,0.5367878568672031,0.7676525377186947,0.04890727201630847,0.09508796376860515,0.0489418207572374,-1.4313279694810888e-07
2070,0.3710418565987742,0.6932461372361989,0.036127982538964876,0.07468433610950351,0.036135327058643675,-1.4340122578282433e-07
2071,0.6346605232392646,0.8141994974858034,0.03788601287353514,0.07681402371137996,0.03790706050732311,-4.767607354461134e-07
2072,0.19035976283061196,0.5284430538746674,0.051911777423144505,0.11567081741000618,0.051951670009169136,-2.3716938804541066e-07
2073,0.3177799108531927,0.7236811797790167,0.03108195916816405,0.06955265644638231,0.031092901301148407,-8.914680732496905e-08
2074,0.39647859035905253,0.6531154778764042,0.036438178886621084,0.0849221052562442,0.03645129812800728,-4.0964094749629254e-07
2075,0.2057668985553498,0.5358338985885098,0.052686756778027276,0.11454499667390525,0.052715510811865075,-1.0144465020789362e-07
2076,0.23691237054252878,0.5595213203537069,0.04678838474707033,0.10364767413360154,0.04680630582843016,3.705425287714448e-07
2077,0.3222883533938278,0.8071076987392262,0.029316641511914047,0.06791531288316208,0.029328312006864858,3.5339382775667616e-07
2078,0.4678699095591857,0.7386731076611415,0.031731891628417976,0.06430631637319696,0.03174334841550776,-9.044081428211115e-08
2079,0.519678503192134,0.7435163411007872,0.03168326735498052,0.0651158490509203,0.0316964807429794,5.031921340714618e-07
2080,0.5451927086811479,0.7469818960664609,0.03447953507578127,0.07770522115967199,0.034495418287608826,-2.913188521525001e-07
2081,0.3125417454159769,0.6112611620942169,0.043274345851660165,0.08867517897757222,0.04328846806936962,-2.545840230849805e-07
2082,0.06811707290555402,0.45992208370883864,0.0585917967591797,0.12239857136166052,0.058629055999162516,7.290555402439391e-08
2083,0.4985464418941373,0.7448124567860583,0.033184609158300855,0.07761947336843804,0.03320380327089652,4.4189413733741745e-07
2084,0.035882360345658615,0.4254686801910927,0.053042652262402436,0.10968105344470898,0.053071116361266296,3.6034565861764456e-07
2085,-0.182163857741229,0.24596840829886363,0.04962928039560548,0.10283744626766533,0.04964723706150679,1.4225877098539286e-07
2086,0.21946434020575378,0.5417826247800996,0.05903401168876947,0.11789808372528274,0.05906556844329218,3.402057537904568e-07
2087,0.19267854543180507,0.550821648830508,0.04831068728046883,0.1141843281730632,0.048340538902273904,-4.545681949186253e-07
2088,0.6490871795508594,0.8228495562638035,0.02467925749433595,0.05475725942106085,0.02468599714925345,1.7955085940268845e-07
2089,0.11591244582175508,0.504660611036578,0.04902115903974612,0.10666073195020037,0.04904328015348486,4.458217550823429e-07
2090,0.25637273453772147,0.6250084399906478,0.04017625539853515,0.08323666844497461,0.040196135530892976,-2.654622785480676e-07
2091,0.2676404912153585,0.6706387933075654,0.049082745661621095,0.09988825524668248,0.04911735295281053,-5.087846415285924e-07
2092,0.431074132658945,0.7030927723151668,0.039566974945507816,0.08132832133356846,0.039590646335478125,1.3265894499570052e-07
2093,0.40771778649830515,0.7469831543345156,0.0464320036574219,0.08918140231010652,0.046457846034047075,-2.135016948789925e-07
2094,0.46261681166031854,0.7048555730837767,0.04400854230996092,0.08993748030896698,0.04403080835070665,-1.883396814617022e-07
2095,0.4366874040357448,0.7189221275173937,0.04304381395185546,0.08538172260786969,0.043073854282402894,4.040357448054088e-07
2096,0.17136383235235897,0.5694564228483512,0.07184108804619142,0.13530001222849353,0.07189115451996779,-1.6764764101950824e-07
2097,0.2894536525922241,0.7150413539185949,0.04840854132578124,0.0885710106429789,0.04842541704125544,-3.474077758802707e-07
2098,-0.049899061177757,0.4408659555198799,0.07072713408027327,0.13656364659181972,0.07075634613495173,-6.117775699920891e-08
2099,0.1418644200918765,0.5110124104415062,0.0605219446211914,0.12216158016832805,0.06055974973534483,4.20091876507378e-07
2100,0.46745516797663045,0.7088322993742054,0.039894579478906185,0.08559548133998607,0.03991576878871713,1.6797663043854882e-07
2101,0.47381350217538365,0.7175419492947835,0.039161025598437434,0.0819604532455196,0.039182115560211866,5.021753836653708e-07
2102,0.44135368200622704,0.697734602287326,0.04642409630302738,0.09490361408995875,0.046455032748710684,-3.179937729802518e-07
2103,0.058593120341533855,0.48125493839867456,0.0896845003111329,0.15826986530845863,0.08976642053610248,1.2034153385603874e-07
2104,0.7710963477555497,0.8814936023289046,0.020103284281835943,0.04025883052039843,0.020109873058523978,3.4775554969002087e-07
2105,0.5927429740947938,0.7866957101024155,0.028278129632910144,0.05403480445494802,0.028290223709203872,-2.5905206202381237e-08
2106,0.12223532651360103,0.4866469387104618,0.04279720642216797,0.091434144385296,0.04281694039033158,3.265136010316416e-07
2107,0.09113380201470234,0.4707892747974393,0.053668356378222634,0.11570648697406209,0.05369937324360688,-1.9798529767023343e-07
2108,0.07032174311989092,0.435159087510269,0.06292344014365236,0.13028898285717194,0.06295324741091492,-2.5688010907298775e-07
2109,0.737646009602926,0.8907539604779953,0.026342290951074203,0.05676692423860803,0.02635309725469889,9.602926009932844e-09
2110,0.2537109374799015,0.5960542262436184,0.07387823929414053,0.1510212272507905,0.07391941282103055,-6.252009854268437e-08
2111,0.09515922761880946,0.482360217166803,0.06810600498945306,0.12667458789089486,0.06815129313892952,2.2761880946742252e-07
2112,-0.04081932524982412,0.46272870199308624,0.06160028725566403,0.11616022845977447,0.06164650399109122,-3.252498241221313e-07
2113,0.30370824460032775,0.7147882880813144,0.03566019069335937,0.0788553298261996,0.035667856932087995,2.4460032777007257e-07
2114,0.16736034344435657,0.6216423687696886,0.04787746746875005,0.09765807346088544,0.04790237281773283,3.4344435656530337e-07
2115,0.35885006649850626,0.6303445158293821,0.034836096935742265,0.0793628097304821,0.0348527148077502,6.649850625706222e-08
2116,0.6472176203745953,0.8161182374368464,0.025182990400976574,0.04845953548096853,0.02519192485316214,-3.796254046672942e-07
2117,0.5899085084749657,0.7798955226192535,0.044443545569531194,0.0898504590732017,0.04446932990535797,5.08474965688066e-07
2118,-0.35499464266971814,0.13296285681738226,0.05606112049726558,0.11319952039925936,0.056091821076638355,3.573302818637991e-07
2119,0.2331572796535628,0.5271618249279724,0.054832470782421934,0.11283448563458022,0.05486366208006961,2.79653562806903e-07
2120,0.0914625988095068,0.5348851386407278,0.05177928808710931,0.10889124321327168,0.05181432265225657,-4.011904932016419e-07
2121,0.1279445866760941,0.5699808970019616,0.047203403319238446,0.10121964543274557,0.0472232976397924,-4.133239059067595e-07
2122,0.6178288330573668,0.8007715133381943,0.03655496413251956,0.06943073437183951,0.036573745163944564,-1.6694263316185953e-07
2123,0.5614170982213222,0.7645204811790487,0.03553939693359369,0.06953769894158328,0.035557490141996,9.822132218673119e-08
2124,0.29222507433739964,0.6115667781875759,0.0490473479832032,0.10587044985160732,0.04906300713371833,7.433739962481312e-08
2125,0.6135313095205459,0.7914971581504634,0.035900516604003875,0.07043235246688097,0.03592188925520882,3.0952054586030897e-07
2126,0.2335004654993299,0.5519242318898604,0.04669039264384765,0.10211622914535481,0.04671264035161505,4.6549932988804166e-07
2127,-0.18476044271222558,0.2735534613308221,0.08616565020449211,0.16821034424733391,0.0862319513476784,-4.4271222557346057e-07
2128,0.030743325748637695,0.4595926960133065,0.08451355942412106,0.1625640576697121,0.0845717773924729,3.2574863769591067e-07
2129,0.47544859374191595,0.7026072893618832,0.037054933558789076,0.08188877172962922,0.03706986642049322,-4.062580840624719e-07
2130,0.49771659746715424,0.7435888728263723,0.04393637976660163,0.0887684175146965,0.04396003417743213,-4.0253284577795867e-07
2131,0.2533134351604358,0.5875762528910115,0.056472649786914034,0.11958897095743058,0.056507315205256904,4.35160435796611e-07
2132,0.45478762873583845,0.7155879105665433,0.049664572144043004,0.1031917090224463,0.049693931015353895,-3.71264161580509e-07
2133,0.3871901547531508,0.6706620163301514,0.03676721575517579,0.08611402049738719,0.03678462057864722,1.5475315079394036e-07
2134,-0.05553297961829684,0.4293930860522749,0.07328340256806638,0.15072486226152718,0.07332755511284035,2.038170315854515e-08
2135,0.18883000674053796,0.5515246075327832,0.044929989275781235,0.09313410221856994,0.0449505281475183,6.74053796112517e-09
2136,0.0016319336732708578,0.3214987427681843,0.04842512423750004,0.11675543744370934,0.04844541612810033,-6.632672914217742e-08
2137,0.21184759693151345,0.7111791971331839,0.029147100510546895,0.07989817170852609,0.029157198441442964,-4.0306848655968786e-07
2138,-0.1198075329381314,0.2569955337032658,0.03073388550878907,0.07796319624458493,0.030741867090448054,4.670618685975736e-07
2139,0.10937993985824102,0.49257479511069896,0.05617827635732421,0.11458104619666772,0.05621016199891533,-6.014175898960694e-08
2140,0.5216835403217388,0.7358347232266004,0.03162703383066407,0.06382850682633205,0.03163864805881612,-4.5967826123316513e-07
2141,0.4154250655519355,0.6719110024796969,0.04698624945195313,0.09281299719374579,0.04701396519994014,6.555193549084848e-08
2142,0.37991772909476007,0.6793542795082985,0.046207064929785185,0.09641637189122879,0.04623588710569639,-2.7090523990747073e-07
2143,0.5057400318798524,0.7475765021726863,0.027106949902636703,0.06319086752229484,0.02711416066963935,3.1879852424587796e-08
2144,0.8535566165021831,0.9314209255735245,0.014468038605175782,0.03205060206766257,0.014472529203769001,-3.8349781694702045e-07
2145,0.46181976082420395,0.7076678508134401,0.04297275944101554,0.08897825293453376,0.04299753380303971,-2.3917579605736705e-07
2146,0.042431213886772956,0.4626165949121079,0.050480706978808555,0.09887704979094315,0.050513095460384176,2.138867729525873e-07
2147,0.49624136190889356,0.7104903924816395,0.03232945394365232,0.07550351365074465,0.03234327907182291,3.619088935757908e-07
2148,0.4302066370465438,0.7203228289616721,0.05040049972861326,0.10024623743858127,0.05043904236976682,-3.6295345617887165e-07
2149,0.16412636656403445,0.47988526142140825,0.03182488707988277,0.08379707657096569,0.031832345178714964,3.66564034459671e-07
2150,0.5212362001006732,0.7832059366291639,0.02986111005898437,0.06302046303380243,0.029872448627807472,2.00100673142245e-07
2151,0.43505748119459664,0.692834587539503,0.0412206451472656,0.07565868041775878,0.041240189631951675,4.811945966132214e-07
2152,0.3466556515049317,0.658969599380907,0.05957481585537123,0.11899990396910788,0.05960866164152956,-3.484950683030341e-07
2153,0.30627483731535143,0.6017634135231467,0.04988832442197264,0.09652291828716647,0.04991925535103785,-1.626846485858202e-07
2154,0.6511825287958399,0.8100156968583669,0.03809754071279288,0.0752302335349496,0.03811702531661869,-4.712041600241079e-07
2155,-0.04297289719910591,0.4394168175443927,0.04864640604082023,0.10936473613484425,0.048661928363849326,1.0280089408898352e-07
2156,0.3027633879175522,0.614976463873161,0.04313877226845703,0.08686674826130372,0.04315575969603964,3.879175521914746e-07
2157,0.5205383096490304,0.7439698617197269,0.03668964609423824,0.08400685500136554,0.03671066874871147,3.096490304166366e-07
2158,0.12988766121680473,0.5479269611237034,0.05831420646132814,0.12029110197044658,0.058339805483754024,-3.3878319527502754e-07
2159,0.40105104416364445,0.7188799211551534,0.03888090811718751,0.07791853632634038,0.03890024968699423,4.416364446369059e-08
2160,-0.14157896566285588,0.26154756822751063,0.061994459252050736,0.13143999035856793,0.06204785006197636,3.433714412803823e-08
2161,0.4904773137343946,0.7517530430505653,0.032497762704589844,0.06512453296011855,0.032510002255546025,3.1373439463022734e-07
2162,0.38289764075507704,0.7217412950351756,0.05003815791787105,0.11081158345782338,0.05007105756188871,-3.5924492297612076e-07
2163,0.3530179093338719,0.7294726111014264,0.033067786816210906,0.07271903944677809,0.033080607099634424,-9.066612810526564e-08
2164,0.4239227162763527,0.6779634578865951,0.0432473114990234,0.08743345132860549,0.04326225586559795,-2.837236472985616e-07
2165,0.19567157401010493,0.5399459272909922,0.052133312469140596,0.10136535182381776,0.05216825822725673,-4.259898950809138e-07
2166,0.7491128064995178,0.9060708475751457,0.01888517477792971,0.041445869344593725,0.018890370729299843,-1.9350048219290983e-07
2167,0.5324018552145606,0.7444407643457445,0.034347338826171823,0.08057385545378244,0.03436482765398459,-1.447854394154291e-07
2168,0.3830671856446617,0.6838114844510474,0.044420255002148475,0.08308538700193664,0.04444754275763449,1.8564466169879168e-07
2169,0.11465562810992114,0.4934315967906691,0.0684676929143554,0.13764873774405195,0.06851993921040746,-3.718900788568513e-07
2170,0.45622008551392246,0.6983778128430878,0.03936332233408197,0.07488915423402513,0.03938545400926467,8.551392244315892e-08
2171,0.46585588131348976,0.7122657623016948,0.037662852365429635,0.0791586349897225,0.03767746379138483,-1.1868651023094756e-07
2172,0.3469825592990369,0.7974732334237843,0.022861602896582022,0.06459299011941938,0.022866833193038016,-4.40700963111329e-07
2173,0.6184370223054011,0.7910427159120547,0.03380833737480463,0.06743309754524458,0.03382288600510749,2.230540108172363e-08
2174,0.6986378310405886,0.8949767764943822,0.022324613066796874,0.05367872386057661,0.02233000632604077,-1.6895941135075532e-07
2175,-0.03237448060323356,0.3982334745009994,0.04628093922021485,0.09527804254341514,0.04630191249102151,5.193967664435251e-07
2176,0.21239418846428504,0.5843934529097091,0.05521788137910154,0.10657831738179796,0.05525001822625306,1.8846428503915824e-07
2177,0.17974070902715678,0.5224753595452363,0.06277261741699237,0.11371903861277954,0.06281816595197892,-2.909728432365366e-07
2178,0.5766382763665009,0.7691240161880993,0.03886745012587887,0.07304417507023792,0.03888857169915898,2.763665009064553e-07
2179,0.4317704281915179,0.6989170844014299,0.03800140645527344,0.08450057402904587,0.0380215649110615,4.2819151790940424e-07
2180,0.36446170515267806,0.6298988608887415,0.03610013813183601,0.0788287390277107,0.03611416105833566,-2.94847321946623e-07
2181,0.6143084849818377,0.812651200789241,0.03299391852714844,0.06892537969818165,0.03300983092935186,4.849818376895243e-07
2182,0.4344958848753814,0.7256175695742788,0.053798506885839946,0.11067764758555279,0.05383702320586478,-1.1512461861595824e-07
2183,0.7211255195897818,0.8552945025268449,0.024962966483886694,0.05150487819702447,0.02497464995480093,5.195897817555917e-07
2184,0.3873221152140315,0.6682189653480882,0.032152493701367156,0.07074191996244966,0.0321659266426561,1.152140314819583e-07
2185,0.6579839926843029,0.8156471911402303,0.026292965018457036,0.05624878492708235,0.026303573304808366,-7.315697159171464e-09
2186,0.3685434006726451,0.7041187472609916,0.03707619898037113,0.09592000666940603,0.0370922419722092,4.0067264511778333e-07
2187,0.4511151333525927,0.6967923736337722,0.03990424599238278,0.08311345089661498,0.039925114714098445,1.3335259269053878e-07
2188,0.22219089648124712,0.5479413419127768,0.053477076636621136,0.10843557420053457,0.053493841649389126,-1.0351875287528678e-07
2189,0.6151703613686366,0.801011970409154,0.031790310949316454,0.062331452736493126,0.03179920368248411,3.6136863656999196e-07
2190,0.002122516262915486,0.393977680036739,0.05604073705312496,0.10971043083482131,0.056071078734282256,-4.83737084513991e-07
2191,0.37327197733675244,0.6711234240169881,0.05081872589130862,0.11518573308318701,0.05083866281690596,-2.2663247556398147e-08
2192,0.3382755592760993,0.6706429654047964,0.043099609482617186,0.08975024394849679,0.043123085444531604,-4.407239007075958e-07
2193,0.4523369309201011,0.7035894032284761,0.03456021528906249,0.07285424010989507,0.03457650448778571,-6.907989891224986e-08
2194,0.6009640158265028,0.7776925284607322,0.03387914145253907,0.07053021259806645,0.03388946128828749,1.5826502774984874e-08
2195,0.5131329389272076,0.7404238633879021,0.04624209597080081,0.10376703556337143,0.04627146214962692,-6.107279237888008e-08
2196,0.16939918612908533,0.5387129977627183,0.03639997198359377,0.09230056113232774,0.03641493338306711,1.8612908533888195e-07
2197,0.15984327613072113,0.5318663886319388,0.05099660047773437,0.10802057476846215,0.05101990736630749,2.7613072112187e-07
2198,0.3784804627869557,0.6631384859629785,0.04590789116191401,0.08896153101706723,0.045929901064455464,4.6278695570167727e-07
2199,0.30581037369623165,0.636560247995048,0.05128106832919922,0.10294580863634636,0.05131172565368015,3.7369623162586407e-07
2200,0.181613644101984,0.6294135578392722,0.05697286400166016,0.12092831962620934,0.05699284726121324,-3.5589801600233173e-07
2201,-0.051793813727812,0.30679481372571604,0.038098216458105495,0.10108392302197754,0.03810621671731229,1.862721880005469e-07
2202,0.4840604085068204,0.7087129084844391,0.03645897263632816,0.0763086690555877,0.03647526519258032,4.0850682042625763e-07
2203,0.2202593136070089,0.7580182767599007,0.031008591199218775,0.06385910327684355,0.03101779734660862,3.1360700888938275e-07
2204,0.7423209058824883,0.8619199032449829,0.02240075702275391,0.04486540214740671,0.022408825273235004,-9.411751167309745e-08
2205,0.7080956241730685,0.8522193694946048,0.023073565180664078,0.05061076608155665,0.023083408848758473,-3.758269314646512e-07
2206,0.6124304412686046,0.7979257329082599,0.03662080874160147,0.07541904252484811,0.036635334395241845,4.4126860454518635e-07
2207,0.1712572535626854,0.4920949217112395,0.026453915463476557,0.07480621536298149,0.02646245055113503,2.5356268540388527e-07
2208,0.6111792737816005,0.8659363332064384,0.021321173248144528,0.04528297771202002,0.021324554606000006,2.7378160050162137e-07
2209,0.35548114749760007,0.6407764600119658,0.04068063092949217,0.08213473482039729,0.04070109838444928,1.4749760007815027e-07
2210,0.4722694059453385,0.7231258870534654,0.042112355490820305,0.08386465693211834,0.042137590644631365,4.059453385107936e-07
2211,0.5982176656317517,0.8039504933634513,0.0318255439236328,0.06594432872437046,0.03184220273241503,-3.343682483114563e-07
2212,0.31406482798607416,0.8559096864236589,0.028723174372070323,0.06105776194959959,0.0287312119113638,-1.7201392582544273e-07
2213,0.3984440978020518,0.7052214298564233,0.03761066210927742,0.07650212598462557,0.037628473517113965,9.780205179055201e-08
2214,0.48151956984606414,0.7388061139132934,0.0373522806640625,0.07442361616860675,0.03737268764268564,-4.3015393585976724e-07
2215,0.17292995456984295,0.5294100505782865,0.06488734566601563,0.13599486445053616,0.06491074154844913,-4.543015705293918e-08
2216,0.708027127645711,0.8599876234716316,0.026950472892382834,0.05666536162853327,0.0269617372096099,1.276457110011009e-07
2217,0.4602629274084964,0.6985920657200584,0.05246507544140621,0.10150796172807709,0.05250151254114001,-7.259150358596145e-08
2218,0.40010791887252584,0.6594081379054236,0.03956524470869137,0.08121473802684126,0.039584344927013376,-8.112747418298483e-08
2219,0.5711100939032617,0.778730248740206,0.036432597249804646,0.07442194376174642,0.03644569570892707,9.390326172198371e-08
2220,0.58153789229873,0.8091766961957637,0.040058063478320284,0.08301302713612521,0.04007630963297442,-1.0770127001347163e-07
2221,0.7040061460668279,0.8464290826509062,0.030618033699023453,0.05871722939448809,0.030633326958640975,1.4606682785522906e-07
2222,0.6150085733990595,0.864697963252219,0.025337156079101596,0.05240499355063218,0.025346754773469888,-4.2660094057289655e-07
2223,-0.0008972496040706712,0.5108805951206009,0.0842784319726563,0.16105382609015498,0.0843772621316412,-2.4960407067121416e-07
2224,0.5139243030934615,0.739901644425115,0.027741475038085914,0.06614394521875454,0.027750619008577396,3.0309346144008487e-07
2225,0.5992239402008228,0.8126272437710811,0.036081587576562504,0.06935564316859805,0.036099999522138784,-5.979917716558703e-08
2226,0.3216200579578684,0.6317159409922696,0.05460753268681639,0.11592590293388758,0.05464229307009185,5.795786839346562e-08
2227,-0.03587618635543621,0.300615973175151,0.04938390877714848,0.11938569319327645,0.049414562715695574,-1.8635543621442485e-07
2228,0.262216289009505,0.573809577392395,0.05639267176445305,0.10919715487432477,0.0564229789444207,2.890095049945529e-07
2229,0.4215405635136815,0.6851307765070391,0.04846059081777338,0.09195954988097897,0.04848796006017637,5.635136814952091e-07
2230,0.4957729840297652,0.7475322392461462,0.03937871926357416,0.08205690573775228,0.03939176871660728,-1.5970234801265804e-08
2231,0.20200305745233482,0.5603295849480453,0.06406858394775389,0.11969823825456836,0.06411863639157861,5.7452334834007246e-08
2232,0.3471344280339592,0.6466400509124198,0.05223583233349609,0.10750084183493071,0.0522829049070903,4.280339592210858e-07
2233,0.19167144739434372,0.5238075206376992,0.056260236989453205,0.11884843042236119,0.05629616965232272,4.47394343711105e-07
2234,0.2807938691179249,0.6416225872537256,0.047425796872851575,0.09594656247527002,0.04745453537743978,-1.3088207506672944e-07
2235,-0.04958277790646082,0.2909671306674889,0.04302221892207039,0.09750545228641408,0.04304443724672402,2.2209353918445363e-07
2236,0.22681993166924486,0.5673892148721597,0.05913328867792969,0.11727271431325342,0.05916943301245076,-6.83307551374579e-08
2237,0.0938461417801445,0.44943483961541725,0.03984938862470696,0.08654550604100049,0.03986623894373404,1.4178014449972576e-07
2238,0.2945806599165145,0.5933695949097663,0.039169825785058565,0.0775107330346223,0.039187784931644515,-3.4008348548386635e-07
2239,0.74688932249386,0.8679888240612607,0.022867832282519544,0.049287695242572906,0.022876785673073947,3.2249385994997937e-07
2240,0.3102186935621969,0.6449611364941052,0.06749299000058592,0.13120090692313652,0.06754020696754373,-3.064378031325532e-07
2241,0.44103873043935027,0.6850438024731149,0.031649864672754,0.07783063695295103,0.031658423334386065,-2.6956064974603677e-07
2242,0.4714649011899048,0.7080817515854819,0.04451961083710938,0.08553760501633813,0.04453261004403233,-9.881009521706119e-08
2243,0.4011108708102188,0.6601780750612586,0.04553486024296871,0.09263622994089454,0.045560293310831265,-1.2918978120612934e-07
2244,0.4458093866960504,0.6916965790048,0.0334773229478515,0.07027934263253253,0.03349358123793748,3.8669605040286825e-07
2245,0.46181602127344246,0.7139901489737103,0.04330151109335944,0.08427473308035997,0.043330284430078324,2.1273442452063307e-08
2246,0.5409921416300763,0.756496490261976,0.0441237816511719,0.08350329509482748,0.04414691739506925,1.4163007622247648e-07
2247,0.45542924568756304,0.705131480651281,0.034882532359960944,0.07189926283533032,0.034897132482660506,2.4568756307186135e-07
2248,0.3477333536020347,0.7090743258990683,0.048429517476074185,0.10165860154123496,0.048447741394375674,3.536020347083557e-07
2249,0.7219641979401297,0.8658794172279877,0.03144630303281249,0.06382061350339431,0.031463803231633725,1.9794012962037755e-07
2250,0.24813496318464234,0.7665169265641747,0.032138988287793,0.07153793410989949,0.03214632423328539,-3.6815357651320824e-08
2251,0.4784991212872486,0.7302552322691952,0.04055971912099615,0.08361626163545745,0.04057949989039012,1.2128724857785045e-07
2252,0.5995645784544146,0.8207029702216214,0.028017340604687448,0.05865351674219615,0.02802688695195701,-4.215455854383876e-07
2253,0.5839396670841419,0.790196092545514,0.036154494153808586,0.07274407181952826,0.03616901047403841,-3.3291585810335533e-07
2254,0.5410308587891001,0.7654378699497117,0.05054305182109376,0.0996457731255283,0.050583591889062474,-1.412108999732098e-07
2255,0.06063099939758332,0.3966614285302062,0.051233901674999936,0.10837474942291492,0.05126384072174164,-6.024166790408181e-10
2256,0.38809995195165703,0.6726731573888122,0.053590281341406254,0.1146176247727512,0.05362997692029923,-4.8048342971007685e-08
2257,0.45720942384609053,0.7184042113103006,0.0373893533166992,0.07285768780949858,0.03740705800992259,4.2384609055812206e-07
2258,0.7393666529541854,0.8774524079195989,0.0240698377548828,0.05014826831115253,0.024078912523934952,-3.470458146415112e-07
2259,0.4859915587154796,0.7333949680166495,0.050160084753808634,0.09789802680007435,0.050197959068747834,-4.4128452036940047e-07
2260,-0.06251474567469506,0.3715531399086317,0.05782411799677735,0.11443803696751435,0.05785724658174063,2.5432530494085004e-07
2261,0.13339847452003328,0.503773828070048,0.047525554626171904,0.10707392213446357,0.04755042316939157,4.745200332945121e-07
2262,0.39787047907771567,0.6455114500402237,0.027758639255761705,0.07027873557310928,0.02776636705220784,4.790777156649106e-07
2263,0.3509717541473888,0.6731534711055673,0.05585020983378909,0.10435974249442177,0.05588768879972799,-2.4585261121368163e-07
2264,0.18460255033013095,0.5556989887975546,0.06864691951230485,0.14746490331896833,0.06868947748621572,-4.4966986903482997e-07
2265,0.6764625555122857,0.8464575440378986,0.032719855655859345,0.06631611190228885,0.03273934114262293,-4.444877143017223e-07
2266,0.5337198527227268,0.7651868732006042,0.04054849629277342,0.07874560510320927,0.040577881853404794,-1.472772731547778e-07
2267,0.461699826602468,0.6994476783910732,0.03645525954882809,0.0808631480137623,0.03647400761913762,-1.7339753199951957e-07
2268,0.6218010059119776,0.8339370391594463,0.022008104603515644,0.055484458775803845,0.022016342546471626,5.911977574157845e-09
2269,0.26682793603444865,0.5854050708877566,0.05597209621162112,0.11157078130406059,0.05600998695099047,-6.396555135568249e-08
2270,0.6568536667858677,0.8337853941283774,0.02512324385634763,0.05191268741026111,0.025134095859138974,-3.3321413239750797e-07
2271,0.5271446881420843,0.770941554060515,0.03457161123388671,0.08089654769066491,0.03459000107713937,-3.118579157135315e-07
2272,0.6661343267841138,0.8211540917531148,0.022129884280859356,0.053021355977341283,0.022138929175796414,3.267841137688521e-07
2273,0.7368360039715209,0.9082477791033335,0.020215330827929725,0.04179028356875668,0.02022204464179441,3.9715208899337995e-09
2274,0.3653671135785933,0.6467576140387968,0.03531374317119142,0.07563265618213293,0.03533028335778488,1.1357859330818343e-07
2275,0.13706500443586522,0.5106655903372451,0.05627537180810545,0.12652765362954502,0.056294978397696226,4.435865230689728e-09
2276,0.43377173838829086,0.6724351562517382,0.03451239653876954,0.07072372485874241,0.03452903772908628,-2.6161170912919474e-07
2277,0.3145573324545642,0.6203406278411314,0.06058913897783205,0.11448936905958972,0.06063372172255009,3.3245456421138186e-07
2278,0.20596751144871195,0.6641151819512824,0.05727543507089845,0.12080682842720374,0.05732530765288412,5.114487119373123e-07
2279,0.1597243189562041,0.5372342176860365,0.05812308080927734,0.1261727082313147,0.05815694643664742,3.18956204087284e-07
2280,0.013938517132775607,0.4205252188424568,0.059071480874316414,0.11590567543634248,0.059103739139563634,5.171327756067073e-07
2281,0.4804948396755099,0.7886874067656882,0.035689540380566376,0.07529574014818732,0.035704769518056526,-1.6032449012826078e-07
2282,0.07529040701362022,0.44142062614790195,0.06793084488554699,0.1330716793192921,0.06797489769017759,4.070136202238839e-07
2283,0.36413400619494607,0.6732967282424379,0.047697862360839845,0.09879682381046243,0.04772788704866115,6.1949460561372405e-09
2284,0.34675123620068216,0.6728648544403976,0.03544795984287104,0.06932185102922811,0.0354605162591982,2.3620068217988788e-07
2285,0.7808893355533866,0.8903324649325277,0.020733848065624987,0.044638380068768344,0.020741921391833524,3.355533865212479e-07
2286,-0.0452718642182226,0.31653750789220303,0.06644287480146482,0.1400230833189816,0.06648831289455047,1.3578177739809183e-07
2287,0.12452261926633135,0.5399406712781879,0.05240658951933586,0.10558438780044736,0.052436098096091344,-3.807336686478813e-07
2288,0.618182677836547,0.7933219258927124,0.03132096113417967,0.07232558963144516,0.03133801518489544,-3.221634530259365e-07
2289,0.22134772105743017,0.5432433784609606,0.03712256942470703,0.08777146778015157,0.03713713801571235,-2.789425698201953e-07
2290,0.018368108278892015,0.4777083289569908,0.06322861417998044,0.12423152793697323,0.06326967114763549,1.08278892015784e-07
2291,0.6273558450053582,0.8462575792550863,0.02332536287714841,0.054307703154204114,0.023334081210911916,-1.5499464178780897e-07
2292,0.5040978375600011,0.7186509964413611,0.028552014978027365,0.06598484043761071,0.028565141726130304,-1.6243999889642424e-07
2293,0.5090406745527956,0.743013883268229,0.040293153785058586,0.08365405917826588,0.04031600605032568,-3.2544720440785824e-07
2294,0.5176689037589455,0.7900642464093557,0.053727293401367074,0.11290634212129215,0.05376794729254702,-9.624105457017862e-08
2295,0.20940211433560296,0.5264644348718174,0.05455909618037104,0.11530376753024935,0.05459282186236947,1.1433560295759371e-07
2296,0.22925093368391014,0.5690459916953577,0.05310863330214839,0.11726387082299504,0.053140371144368655,-6.631608986951143e-08
2297,0.5601444102417085,0.7846416243480518,0.039617506250585924,0.08819501003055259,0.03964121221875674,4.1024170849279784e-07
2298,0.633174351187888,0.831071920214646,0.02501350799345701,0.052986961111412614,0.02502100920694582,3.511878879924879e-07
2299,0.6541730827971548,0.8125109867462272,0.026072729398242178,0.05891196407120585,0.02608454277725994,8.279715479897476e-08
2300,0.30174490184285707,0.6042918004585928,0.053443339309960924,0.10940479436863634,0.05347584821926834,-9.815714291372402e-08
2301,-0.034886959164486475,0.3792406289994713,0.06624420325419927,0.13141504959394026,0.06627221253547805,4.0835513526182865e-08
2302,0.3082659019743512,0.641903904618912,0.06296373282441403,0.12841024356288053,0.06299528650197236,-9.802564876482123e-08
2303,0.6006580762451492,0.7986039103928544,0.03902469059677734,0.07885743917138072,0.03905023043154537,7.624514919424286e-08
2304,0.40578799405648003,0.7256501340594045,0.042932598367871104,0.08972148496761817,0.04295828453952485,-5.943519953977017e-09
2305,0.5611395462326296,0.7631860788924444,0.03860699437871092,0.07416323366363907,0.03862536231827057,-4.537673703453038e-07
2306,0.4175373382241284,0.6669253615004006,0.056862238966406284,0.11248663408006725,0.05689629929304989,3.382241284266563e-07
2307,0.3827956038256619,0.8154509054117235,0.028641144084277335,0.06071897449182839,0.028648812844337606,-3.9617433811311997e-07
2308,0.14617086057314355,0.5300808379819864,0.06599905029570313,0.12669114268815537,0.0660482707880598,-1.394268564491874e-07
2309,0.18255964968812044,0.5584457807544579,0.07809597720917968,0.16009774419305636,0.07816412747233992,-3.5031187956002796e-07
2310,0.4039201486081073,0.6867059810717232,0.04840571176953115,0.09964062884161846,0.04843516340029382,1.4860810731986973e-07
2311,0.30994435274924004,0.5829227878754779,0.039552475099707024,0.092551174138674,0.03956540060964907,3.5274924004013997e-07
2312,0.10957077620922406,0.47496226635279165,0.05926129424111328,0.1259615080956158,0.05930425440312439,-2.237907759383706e-07
2313,0.17179405093785793,0.5105458650754934,0.06520145014589847,0.12946677227325334,0.06524732463943937,5.0937857931643293e-08
2314,0.8064072966676491,0.9162189069848258,0.02290927481259765,0.045164945778184605,0.022915915310913925,2.966676491134024e-07
2315,0.791785852220792,0.9133897000408459,0.02170592405585937,0.04600554301979954,0.02171476586336623,-1.47779207981813e-07
2316,0.17455407784560728,0.550413066580647,0.04960877328300777,0.10154373372607992,0.04963907530761207,7.784560729362511e-08
2317,0.2644786438337974,0.6357340531505381,0.04583777098085933,0.08809368734936475,0.04585332366249514,-3.5616620264189436e-07
2318,0.05592307930677143,0.38746634491951,0.04339080542880861,0.1038060849864802,0.04341257371750515,7.930677142775622e-08
2319,0.7129057423565967,0.8649783129804901,0.02495141459218751,0.05334738342412536,0.02495931829228369,-2.576434033896291e-07
2320,0.38837469660235235,0.6940635703047667,0.03729935018320314,0.07799511306328424,0.037313815995925675,-3.0339764767184363e-07
2321,0.6175580697975344,0.8020351079042265,0.03216795212275388,0.06190872823139765,0.032182468778366134,6.979753430780278e-08
2322,0.12657212567312004,0.47587375330561155,0.0687730498860352,0.13996006074903394,0.06880803915238841,1.2567312004940767e-07
2323,0.44588898221564555,0.6903301753798587,0.03092222575927735,0.06570444835293864,0.030936023395860032,-1.7784354433558747e-08
2324,-0.14662592331278668,0.25353209620609785,0.070932156091504,0.14530936393665703,0.07095456002931053,7.668721332954043e-08
2325,0.731927346113856,0.8844865438197668,0.02203709271914065,0.04200839791415449,0.022042095335788613,3.461138560201249e-07
2326,0.09525070817437609,0.4710451172349596,0.05095421656757817,0.10832110122684993,0.050987383575064396,-2.9182562391594224e-07
2327,0.24278367718014648,0.6017594330843945,0.03111636665634765,0.07231429225484949,0.03112446618240719,-3.228198535154547e-07
2328,0.4280052114446271,0.6847943912513857,0.046860376439257785,0.09669680119623686,0.04689107802090889,2.1144462708511114e-07
2329,0.030425627967295976,0.4310782349636153,0.06495431352431648,0.1376586235037771,0.06497451373677997,-3.7203270402547117e-07
2330,0.21458927973081376,0.5472637712183348,0.05566927755419924,0.11547953298147673,0.055695524465541844,2.797308137625354e-07
2331,0.45430685745619936,0.688760025621273,0.028698039395507788,0.06837567779380245,0.028709364148708613,-1.4254380065192862e-07
2332,0.3565318455471741,0.6462580158974535,0.04650030838710932,0.09828992913150389,0.046527709495090705,-1.5445282591786125e-07
2333,0.25319234557087833,0.5847704744339995,0.05205215683408196,0.09233103992359819,0.05207853488280848,3.4557087835729305e-07
2334,0.4410071569911771,0.6846753563821719,0.03606457442558599,0.06916622200458458,0.036080854861389317,1.5699117711376331e-07
2335,0.6713330849296506,0.8305299391372305,0.03218381796250003,0.06512321878465101,0.03219890558722479,8.49296506455488e-08
2336,0.41192484192732814,0.6707199808259071,0.03719494812539061,0.07504548868526209,0.03721200811936096,-1.5807267184086982e-07
2337,0.44965957247360056,0.8315698367116573,0.022482584923828142,0.05269652445994895,0.022489196785914833,-4.275263994490963e-07
2338,0.1852830878877978,0.5355985898382163,0.05729992827617194,0.10723849752208549,0.05732439663309569,8.788779778945432e-08
2339,0.2768403931730735,0.651198844799055,0.03273414676464841,0.06287744383042385,0.0327500145593526,3.931730735429184e-07
2340,0.0849543042648837,0.446046450056435,0.057546740368652316,0.12212325319538865,0.057582349967585766,3.0426488370483007e-07
2341,0.6836275381672533,0.8428914198431955,0.029676022229296915,0.05806735893329226,0.029690381863723775,5.381672533166793e-07
2342,0.47814589212208414,0.7954643749777008,0.027541783956152324,0.06171449404922339,0.027553659944541366,-1.0787791587807405e-07
2343,0.5839944663613903,0.7828849238845699,0.03561641167451168,0.07092604727898578,0.03563587879248822,4.663613902833319e-07
2344,0.4607981460507189,0.6990355798952128,0.03839080703994134,0.08084903188520344,0.038412133183558704,1.460507189077198e-07
2345,0.5923824233747637,0.8001571314854059,0.04048623266923822,0.08277410842918705,0.04050227756954306,4.2337476369169735e-07
2346,0.4500387163674915,0.7530069935548858,0.03228320376474612,0.06354503711046881,0.03229491739933467,-2.836325085353586e-07
2347,0.2567193602834382,0.636737264372879,0.050815979740527345,0.10116287709699408,0.05084828163517339,3.602834382498976e-07
2348,0.2854180855951437,0.6352888064633512,0.049834856381640744,0.10122274999471598,0.04986063103708527,8.559514369510524e-08
2349,0.6767278620880242,0.8416248220682445,0.026783601532714908,0.06074550090100937,0.02679681631568895,-1.3791197583934434e-07
2350,0.5029379369284368,0.7309737348020553,0.03510217570810545,0.07029724400708151,0.03512320726333853,-6.307156319440566e-08
2351,0.5529360185783787,0.7905008436693259,0.034810608156249964,0.07014219513021562,0.034829098123374404,1.8578378724321e-08
2352,-0.007165526862425109,0.4053409268354816,0.07343944358671886,0.13983512652259428,0.07349268185448742,-5.268624251085832e-07
2353,0.2255772165196389,0.6201976065237198,0.04886654431484369,0.10629970509485595,0.04888632312965744,2.165196389125601e-07
2354,-0.07223499949917045,0.34357029213960727,0.08282284505556643,0.16416527956738358,0.08286498457676271,5.008295445030342e-10
2355,0.47375324054081425,0.725879224362156,0.043767668148828154,0.08773071465184204,0.04379193200590337,2.4054081426694296e-07
2356,0.1685643509823589,0.6423268838908784,0.03662536517451175,0.07660310722175288,0.03663633701006499,3.5098235889874374e-07
2357,0.34057667453643337,0.7903044363580584,0.02701500205390628,0.06133896092113865,0.02702315277454382,-3.2546356665275056e-07
2358,-0.07115535781966886,0.3495398535853754,0.05810863124316412,0.11611109877396104,0.05813653031293216,-3.578196688669433e-07
2359,0.7679680088027178,0.8968691912024118,0.02114218285576171,0.04267598594989013,0.021149563825121388,8.80271777692343e-09
2360,0.4375529130320486,0.6755809074803878,0.03213452455253904,0.07097701569548921,0.032148988861647826,-8.696795145146652e-08
2361,0.435049553807749,0.7141816947319732,0.04171662438603518,0.08753527764708027,0.041733452620388786,-4.46192250980193e-07
2362,0.4277604441584518,0.7114414238941574,0.04228861323232418,0.08189494104570666,0.042309454268702695,4.441584518510844e-07
2363,0.34360538497940274,0.672396818172994,0.04322424345546874,0.08881826934856064,0.04324836183428541,3.849794027455111e-07
2364,0.24964357989915975,0.5582230729933766,0.035494808447168034,0.07624970078238837,0.03551028204191471,-4.201008402537898e-07
2365,0.06481153871827539,0.5368020275112451,0.06616759960830067,0.12950263223915395,0.06620482854967755,5.387182753918696e-07
2366,0.03463358297968233,0.4159796593833262,0.056990939512402354,0.1038229159104162,0.05702114080524676,-4.1702031766677194e-07
2367,0.4462140268478252,0.7167612299811206,0.029599961361425755,0.06915055790150383,0.029611555075866478,2.6847825185249974e-08
2368,0.3553303411388449,0.658583187379626,0.04354479252333988,0.0894898369498744,0.04357017428043976,3.4113884489483937e-07
2369,0.6052061330664698,0.7982595316092225,0.031069789582714818,0.06135910457728786,0.031082881620962937,1.3306646973187952e-07
2370,0.16073196750127838,0.5100891173792944,0.04994804120888666,0.10420888139821596,0.04997567394843378,-3.249872163046952e-08
2371,0.5836481289010911,0.7781563254722886,0.03886103046093753,0.07459101527744877,0.03887815015499652,1.289010911342814e-07
2372,0.31128763499587175,0.6205361893460735,0.05508975393916009,0.10740764453348635,0.055121825294381276,-3.650041282554639e-07
2373,0.572223206377337,0.876633286763884,0.027000692131542967,0.05722315575509103,0.027011270828351308,2.0637733699757632e-07
2374,0.14933864120236906,0.5311932356926008,0.06943905792607423,0.1357220284384198,0.0695003809478,-3.587976309393781e-07
2375,0.6338749441056883,0.8130579928387044,0.029408474856347632,0.060985425264316,0.029419550834756284,-5.5894311623561066e-08
2376,0.020100687865403644,0.5165651219425847,0.03812318737919916,0.08405251239189367,0.03813756083474558,-3.121345963572053e-07
2377,0.5398984766583668,0.7789214762723601,0.03723513985664067,0.0755871707377528,0.03725584533289418,-5.233416332517393e-07
2378,-0.007148402603132986,0.4973034475812077,0.08411670443876955,0.15898364549624378,0.08417725006226971,-4.026031329863039e-07
2379,0.41641743427350364,0.6984265718899179,0.03354865324365232,0.06461276948429781,0.033566275847281876,4.342735036577672e-07
2380,0.2178478701196881,0.5437430702374467,0.04273282685771486,0.09254702325782753,0.04275553421076981,-1.298803119220704e-07
2381,0.8418749222331816,0.9345843800653463,0.015447755137500024,0.03229004078585011,0.01545241666030773,-7.776681842930344e-08
2382,0.3854758202703823,0.6583842288198132,0.05206321319628902,0.10694036682682478,0.05209527054196972,-1.7972961768863982e-07
2383,0.46982398015422766,0.7023773442690806,0.03948140920859376,0.08075390891636686,0.03950005588147356,-1.9845772358806357e-08
2384,0.46631648472798215,0.7991955621782816,0.026301561861328163,0.06263484532503422,0.026309655769090896,-5.152720178314141e-07
2385,0.392275314399931,0.6685475554441391,0.0380143769194336,0.08310020996391423,0.038031852091481036,3.143999310339929e-07
2386,0.4245764050303018,0.7258581287611428,0.05663479878056636,0.10168887715667524,0.05665698596221689,4.0503030179772637e-07
2387,0.37681165696072716,0.6536001586661794,0.04214681121533199,0.08905001167901527,0.04217042052346302,-3.4303927282097746e-07
2388,0.37429060926251634,0.6420396199485244,0.04738771427548824,0.0980509277911672,0.047414959461208175,-3.907374836464861e-07
2389,0.23824205894696493,0.6098879367505858,0.06815902513193364,0.13360023104990063,0.06821261320643401,5.894696492036999e-08
2390,0.6392996798394206,0.8205425823262485,0.029255248805566413,0.057429947762693764,0.02926851437043357,-3.2016057938122344e-07
2391,0.5573836658886298,0.7644285519031304,0.03927201609423835,0.08135734105807008,0.039294974045291906,-3.3411137023708903e-07
2392,0.4062018499880573,0.7008238182220345,0.0538419153273437,0.10786072671759815,0.05387811868070088,-1.5001194270114482e-07
2393,0.5127544101681223,0.7560724694628808,0.035502222514453126,0.07599525091949251,0.035520645720051515,4.1016812224459187e-07
2394,0.22301487214497395,0.5626136818439438,0.05850233406308597,0.11513614669025955,0.05853698436951558,-1.2785502603862575e-07
2395,0.43103075042643235,0.6941932376551189,0.022657661189355468,0.05674327928503976,0.022664599673237935,-2.495735676455446e-07
2396,0.6112446896828656,0.8008586339073169,0.033959619020214785,0.06904381256695107,0.03397539530476234,-3.103171344331912e-07
2397,0.3931551566128183,0.6726903189777796,0.034867567747265654,0.0710937396770275,0.03488164063355801,1.5661281832501928e-07
2398,0.7668843286487108,0.8775179891747196,0.026728168074804666,0.05276387755147032,0.026740672368855287,3.2864871080118263e-07
2399,0.5862822302615337,0.7824405158051779,0.04783311083330087,0.09351194678582488,0.04786787299964624,2.3026153372907032e-07
2400,0.36659906289732147,0.6478056964154856,0.04245477315205074,0.08736657543382582,0.04247306407091022,6.289732146225191e-08
2401,0.4502818019450219,0.6841871323022597,0.030218727303710932,0.07364074135141493,0.03022727641780017,-1.9805497813996098e-07
2402,0.5924696665718303,0.7795380851020083,0.037113966269824175,0.07206630772507738,0.03713272254269169,-3.334281697409125e-07
2403,0.5711067486786706,0.775500821904182,0.029875370029785183,0.06321113443107988,0.029884833941066738,-2.5132132941418917e-07
2404,0.6573248419144968,0.8113471672870208,0.02986763066718753,0.061798435259932186,0.029881007985092644,-1.5808550324347692e-07
2405,0.6816793169084441,0.843278194510039,0.022323706476757806,0.049677707417443345,0.022329602574823283,3.169084440424186e-07
2406,0.19862681076651645,0.5328180074696398,0.057460526951171875,0.11676021097765976,0.057484854323078954,-1.8923348354960012e-07
2407,0.22813169331196093,0.5870530337603905,0.05596906883164062,0.11268419629069795,0.056004226487293675,-3.06688039075631e-07
2408,0.5855721829196885,0.7905396904826087,0.03746461300322264,0.0774093156031194,0.037482989582368745,1.8291968850725482e-07
2409,0.5451497311684546,0.746483999807757,0.03602844511748048,0.07592200520502851,0.03604697483058681,-2.688315454690837e-07
2410,-0.06074320965275648,0.295869006689152,0.05093814709755859,0.12069058728071906,0.05096606733366192,-2.0965275648182624e-07
2411,0.47029631712631925,0.7234476638748237,0.03834500129091796,0.07959281422025179,0.03836348508657707,3.171263192602858e-07
2412,0.6517114835921632,0.8370534361560406,0.031092391137011722,0.06526070238433153,0.031104782694556837,4.835921632029283e-07
2413,0.40616536943308645,0.7170821832665504,0.04117133331250001,0.08290500840154982,0.04118950312268191,3.6943308645565054e-07
2414,0.3745635318655006,0.6770788135184944,0.04462291739970706,0.08816470855403546,0.04464784467536077,-4.681344993873182e-07
2415,0.4082488736437285,0.6905503528913449,0.026703082485351536,0.06736542438290266,0.026711388912605993,-1.2635627144597095e-07
2416,0.058113457410576275,0.4634413912568749,0.06770773052499993,0.13553945238286316,0.06775491551567396,-5.425894237243156e-07
2417,0.3570820863859768,0.6902583983806627,0.05759644877041019,0.1113797662778594,0.057641777186088095,8.638597681631666e-08
2418,0.5577727563160686,0.758114408839591,0.03959332870878904,0.08148691364761859,0.03961840437358369,-2.4368393136686706e-07
2419,0.09213163029275984,0.4427948517540745,0.051323857636328095,0.10651488306629417,0.05134625811406634,-3.6970724016927026e-07
2420,0.5266572695851397,0.7728224320309071,0.032213694226562554,0.06620345242651612,0.032227627760855894,2.695851396561366e-07
2421,0.7085960544230483,0.8564455613749266,0.02361048032968751,0.053483544014019925,0.02361879765621583,5.44230482901753e-08
2422,0.7005622072498847,0.8979698195468774,0.02024983748349609,0.04428025100740164,0.020257873034213246,2.0724988469833505e-07
2423,0.1416791550505585,0.48552141262561904,0.060845973223437586,0.12908306067367115,0.0608772973628478,1.5505055850351113e-07
2424,0.255622465788264,0.5521335292832125,0.03413292687734376,0.07685019953054724,0.03414696967520542,4.6578826395915485e-07
2425,0.09077219041969165,0.4606448338719642,0.0496585171393555,0.10275580209694017,0.04967645555583899,1.904196916396872e-07
2426,0.48500866095686535,0.7103170984610446,0.023026747498242198,0.06471484249552868,0.023033509330408777,-3.390431346783629e-07
2427,0.5062915271441708,0.7226924593052996,0.04277784942617193,0.08918968287396345,0.042801521021380406,-4.7285582915890245e-07
2428,0.4693701645895144,0.7283223415644685,0.034676863937793,0.08509746318036732,0.03469268969511268,1.6458951440645464e-07
2429,0.26844416932547654,0.6750140003561776,0.03392964454267574,0.07654029183672258,0.03393972042432849,1.6932547652892538e-07
2430,0.18734166046804224,0.6196426359097493,0.07215424896611318,0.14668120572192192,0.07221306684123548,-3.3953195777147727e-07
2431,0.6413310466639652,0.8204847765085925,0.028314234918652346,0.058614572272453244,0.02832517415472873,4.6663965247439876e-08
2432,0.3139392952877005,0.7667242589266753,0.028583431617187488,0.06231011750521167,0.028594289829804,2.9528770045805786e-07
2433,0.46012386812950423,0.8810083803099504,0.02206088878124999,0.055718010847959486,0.022065575059254845,-1.3187049574536758e-07
2434,0.23866084236846608,0.6381955937750905,0.05303011626162112,0.11040563177284331,0.05306698951434973,-1.5763153393688611e-07
2435,-0.005749181018567695,0.41883060551660806,0.04914947623388669,0.10026653563352972,0.049175659912358345,-1.8101856769526387e-07
2436,0.3907007057862074,0.682367580274536,0.049691131736718776,0.10200691733455934,0.04972358441087812,-2.942137926065236e-07
2437,0.254857160272839,0.5763994937325447,0.05629477495908208,0.11742273896009313,0.05632996808114923,1.6027283900044154e-07
2438,0.63797678334486,0.8017764956641028,0.024853312392968768,0.06007797571880197,0.024861944373038278,-2.166551400506478e-07
2439,0.3687159399982691,0.6876565511003867,0.03376153823691414,0.07343148430402943,0.03377023733861078,-6.000173086162519e-08
2440,-0.020695384532932737,0.34221335392477986,0.06324908132373055,0.13121030113096283,0.06328953403190819,6.154670672622875e-07
2441,0.2637734458284977,0.5618548192584768,0.039352057176562504,0.09590987835655465,0.03936949278320089,4.458284977304494e-07
2442,0.6890809240671265,0.8357061739516956,0.028378341605664065,0.06805470848931805,0.028393858656341517,-7.593287354445977e-08
2443,0.3320719522899961,0.6381283671102694,0.06329264887666004,0.1233885535348094,0.06331250947905855,-4.771000389203195e-08
2444,0.4873184600215953,0.7309582798678775,0.042300356749707,0.07700646888623994,0.04232526156002279,4.6002159531655096e-07
2445,0.5244429804947022,0.7385540049812112,0.024911361682421876,0.05969215095528031,0.024918700690803798,-1.9505297821353906e-08
2446,0.13672520406806377,0.5406952105721233,0.04787570595566404,0.11286570014273542,0.04789950912335795,2.0406806375272701e-07
2447,0.4965717065433758,0.7267807162115959,0.0412252478114258,0.08052961400501718,0.04124773532601676,-2.9345662422297636e-07
2448,0.7267619440351192,0.881382814173813,0.018089431420410123,0.04348390198191303,0.0180952833264662,-5.596488084069762e-08
2449,0.40978808568366154,0.7107919875129758,0.04818919077031251,0.09447312428844533,0.048210497385168735,8.5683661554814e-08
2450,-0.04350736761971863,0.3275407034914374,0.048183715883886744,0.10176296365749754,0.048204030870146575,-3.676197186316954e-07
2451,0.5241103240414768,0.7728862751838887,0.03460396396689455,0.06785113630473229,0.03461892016433584,3.240414768734823e-07
2452,0.4464695319411949,0.7202395981512567,0.04894483902724612,0.09871369195348861,0.04897302960244942,-4.6805880510314424e-07
2453,0.40123375734458955,0.7030300640371863,0.053490718324023474,0.10727951354151853,0.053524058626066226,-2.426554104317802e-07
2454,0.3518231972990309,0.6440863619357117,0.05516908806914056,0.10532519589974801,0.05521336164855884,1.9729903089071854e-07
2455,0.23077128209228914,0.5400367142413569,0.05173841558427732,0.10836028539170972,0.05176671431420426,2.8209228913889106e-07
2456,0.2841900393352519,0.5798827775014775,0.04372432616347651,0.1008151500033255,0.04374850273229715,3.933525188903886e-08
2457,0.5617406911679526,0.7650272441509461,0.03496974382333986,0.07813452802216427,0.03498824832764241,-3.088320474908812e-07
2458,0.4640841949858001,0.7109754035503016,0.030482311091503924,0.06030795973676206,0.030491125267804026,1.9498580011712008e-07
2459,0.678971914550061,0.8380375444913895,0.02328896045312498,0.044259078410256676,0.02329652160246175,-8.544993901349329e-08
2460,0.3074397659407394,0.5985861252124067,0.024106149390039085,0.0700630397301137,0.024114213986199395,-2.3405926058428506e-07
2461,-0.06147904513421376,0.35485660952602716,0.07637181979892575,0.14914105435256408,0.07642154465384655,-4.513421376223237e-08
2462,0.31901630745580534,0.6024088651331444,0.051800968098339825,0.1029090859191531,0.05183353164897832,3.074558053151044e-07
2463,0.5549902650250753,0.7516366052005334,0.029632781098339847,0.07402270243281077,0.02964457364748321,2.650250753299943e-07
2464,0.5953632632274788,0.8126270895290428,0.028494045169921853,0.06040754012513127,0.02850473015947071,2.6322747881390995e-07
2465,0.31528283400142487,0.5963012975221366,0.06033796488623056,0.12469115313545001,0.06036622560639621,-1.6599857510790628e-07
2466,-0.09942920523267951,0.47449408059347614,0.04255877377285157,0.08926103191524246,0.04257604776101,-2.052326795037862e-07
2467,0.7098906343396802,0.8554040227171681,0.03263048818369135,0.06618059421133962,0.032648970841177176,-3.656603198010089e-07
2468,0.07757076722816236,0.4775107505009731,0.07907789452333992,0.14867694435542117,0.07914188161309899,-2.3277183763825704e-07
2469,0.574734586211366,0.7684292163452925,0.03935144177753908,0.08754087278331595,0.03937505695613601,-4.1378863402385946e-07
2470,0.4598372715198338,0.708012837260259,0.038017047861718785,0.07720906110548535,0.03803181086370398,2.715198337832625e-07
2471,0.10683664400839665,0.6687915740604874,0.03449900439931641,0.07528094462621525,0.03451017146632781,-3.5599160334853774e-07
2472,0.14815566165068528,0.49986796857007243,0.05353430766152344,0.11072402657044629,0.053565837209660926,-3.3834931473242236e-07
2473,0.31942185140795365,0.6907916518586006,0.04375067938916016,0.08909172743245664,0.04376525238666512,-1.4859204633399514e-07
2474,0.4769626063093516,0.7381157983311704,0.030649236934863277,0.07401312268862616,0.03065981588665027,-3.936906484147684e-07
2475,-0.15979535141368784,0.25146818338758625,0.05051001373916017,0.11267465152843584,0.05053831936741727,-3.51413687843527e-07
2476,0.5397847207122506,0.7557901810935393,0.04543274390195314,0.0840103217877428,0.045459750589669674,-2.792877493718038e-07
2477,0.2899802925178002,0.607224027839027,0.0530270086533203,0.10851306037738205,0.0530708793773323,2.925178002044504e-07
2478,0.16165142713736758,0.508889477146613,0.0583690778907226,0.12167840264560366,0.05840047738627324,4.271373675868162e-07
2479,0.599394703963734,0.804940352513208,0.03819537017949226,0.07095303806359789,0.03821824547336722,-2.9603626605645417e-07
2480,-0.07733643999849393,0.2920686931661022,0.050535172733398435,0.11162981820772333,0.05055641475929449,5.600015060697183e-07
2481,0.04622239330437328,0.45522494902188654,0.05951598038857422,0.10990112620574458,0.059551724453163424,3.933043732778918e-07
2482,0.577247556361197,0.7720918522785879,0.028883727457714864,0.06133672695714614,0.028895615784426863,-4.4363880302711323e-07
2483,0.30149713991374616,0.6177259501660998,0.04468544953476565,0.08357290621587805,0.0447078741863034,1.3991374614441554e-07
2484,0.5421612841519632,0.8234771660803991,0.037649644222460955,0.08003418291258733,0.037672138271291594,2.8415196318132274e-07
2485,0.27671577112824797,0.6077688309646642,0.03895287926923829,0.08511876546215995,0.038971010134198916,-2.288717520504413e-07
2486,0.3187602157245474,0.6182242481287483,0.04883238093867185,0.1009678578119536,0.048848622343562575,2.1572454739215985e-07
2487,0.3109878382831356,0.6442791683020305,0.05237724356630865,0.10534148480162382,0.05239599771816791,-1.617168643996969e-07
2488,0.44463924471498506,0.7166080811249835,0.05446924277285151,0.11422179829647247,0.05449046900649544,2.4471498505374e-07
2489,0.27643551604314076,0.5740563191413331,0.047756045402929735,0.09331705909974752,0.0477774846031512,-4.839568592540644e-07
2490,0.1802834550892135,0.5327766229290961,0.05417355047851564,0.11895212338907665,0.054203736365845814,4.550892135080087e-07
2491,-0.06514053271985643,0.27974488744935505,0.04870615059072268,0.12265097182062057,0.04872795037446854,-5.327198564220037e-07
2492,0.6587492188316466,0.8360271330323468,0.028556597217773448,0.05650457097491215,0.0285653846070782,2.188316465812079e-07
2493,-0.12719803441302102,0.2974023108112956,0.06711201413925798,0.13075184619784685,0.06715860675243289,-3.4413021016144185e-08
2494,0.07287551012754101,0.4605460850203659,0.04444410900332031,0.09350684289722727,0.044467600365028184,5.101275410146489e-07
2495,0.3814488465043273,0.654025623504503,0.0516662980055664,0.11686183621441552,0.05170109338944909,-1.5349567267231023e-07
2496,0.4116103111574969,0.7087218966766257,0.03522896429121089,0.0724650698818569,0.03524563931685788,3.111574969349995e-07
2497,0.1529176049822646,0.6303176169586329,0.07345249789941402,0.1406993915435214,0.07350340488757105,-3.950177354106188e-07
2498,0.462699100673163,0.7172130024557147,0.039509648473144504,0.08622217239616638,0.0395206525641238,1.0067316297268647e-07
2499,0.5653873773893906,0.7847385486826834,0.035914268103027336,0.07550184652815276,0.035934674750807236,3.773893906267034e-07
2500,0.20324832204564947,0.5542186218374379,0.05941421926982425,0.11718827421215794,0.059458625855356384,3.22045649453484e-07
2501,0.5202516756789741,0.7280719692087281,0.02536690239912112,0.06223219634358728,0.02537179728609587,-3.24321025924057e-07
2502,0.19329590573738098,0.5240287839636817,0.04632396513730467,0.10726823729679184,0.046347844167680965,-9.426261901590571e-08
2503,0.5265945350855177,0.7364772953532653,0.03509825973398436,0.07835256662513003,0.03511638734338846,-4.6491448235652655e-07
2504,0.3812183266242537,0.6477550106635597,0.03306702348417966,0.07075205020326454,0.0330795702178278,3.266242536992259e-07
2505,0.12003013992663458,0.47250656836304805,0.054566728529882806,0.11588938585876714,0.05459322921342284,1.3992663458473054e-07
2506,0.23778799406448214,0.5605180292201334,0.05171663703691401,0.10847720471144032,0.05174905706045124,-5.935517854993577e-09
2507,0.31724182731003214,0.6060189439069256,0.0496038342189454,0.09245081952060946,0.049633946891318025,-1.7268996788111224e-07
2508,0.34236310682866933,0.6275044333125414,0.03757383616240233,0.07729578060920718,0.03759113561428936,1.0682866935507462e-07
2509,0.5020023320821955,0.8438457455326576,0.029441387776660135,0.0632666423032057,0.02945118986008996,3.320821955199449e-07
2510,0.6079419254875885,0.7845186116449452,0.037009448799316384,0.07316640130848492,0.03702928050442343,-7.45124114631679e-08
