index,r2,pearson,mae,rmse,normalized_mae,saved_r2_difference
0,0.830741256283697,0.9158509859835835,0.01722390701308595,0.05161264522781479,0.017227214271286373,2.562836970421145e-07
1,0.8367617039952582,0.9170641900175057,0.014036462960742202,0.04162446030626598,0.014040033109501401,-2.9600474182878145e-07
2,0.8816227021527313,0.9395663851097414,0.014871497398242181,0.04113554926395803,0.014877666674161188,-2.978472687376055e-07
3,0.27541470563230097,0.5913688359831959,0.02368193672763668,0.08059311854216335,0.023688367148094334,-2.943676990496691e-07
4,0.4515864555457766,0.6903781275906627,0.009971869695283214,0.05063101798743222,0.009972242997523974,4.5554577660089635e-07
5,0.40510854444975863,0.6924333066667114,0.021508001003320315,0.06583928482262397,0.021515991183957986,-4.555502413627899e-07
6,0.9260591017221236,0.9628037622898723,0.00520848170736328,0.015380713929917883,0.0052086734312359675,1.0172212361325705e-07
7,0.8120830577352359,0.9034922351369746,0.009855309232910166,0.031752863913786365,0.009857356811938764,5.7735235925449047e-08
8,0.8143066672165951,0.9044396367313756,0.01616795083740233,0.0474689966384223,0.0161737426077263,-3.3278340494380387e-07
9,0.30414817681520767,0.7511268774728166,0.02120507644462894,0.05573067350276075,0.02120837545408925,1.7681520769752268e-07
10,-0.2837337168250349,0.5892822663115402,0.019036947758525397,0.06950259953010762,0.019038166513408186,2.831749650877846e-07
11,0.8617858439634015,0.933368280381251,0.013062873604394527,0.03893907563019117,0.013067208895302348,-1.5603659853091756e-07
12,-2.53823922236568,0.28883941969107013,0.04197001784507808,0.10873452071750346,0.041973970024691054,-2.2236568009148527e-07
13,0.846340966171986,0.9270783007817013,0.008097944530664066,0.02347689108959572,0.008099327495693552,-3.382801405660274e-08
14,0.8805159237212492,0.9444792299734341,0.006687148541562507,0.02223889261105435,0.006687409598372243,-7.627875076021695e-08
15,0.5180058124416598,0.7572925007060262,0.019320507706835955,0.05201549519272584,0.019324119831219577,-1.8755834019223983e-07
16,-1.7604279917069214,0.4610963536857866,0.035119795792187505,0.09685038158868359,0.03512391185453361,8.293078668231146e-09
17,0.7142862025938004,0.8501867283943981,0.026044141952441428,0.0749320966438663,0.026050393038620483,2.0259380040243968e-07
18,0.8045906213716739,0.9251267461432195,0.006792621167626961,0.024427232394923972,0.006792839706933941,-3.7862832602542085e-07
19,0.663661607784876,0.8222527821968745,0.011762026558203107,0.047946611899102584,0.01176322359677586,-3.9221512393439184e-07
20,0.8288784534238254,0.9136065996505928,0.0077041125879882795,0.03968518298873657,0.007705156726104484,4.5342382537505443e-07
21,-1.0724320399542395,0.27667566565057106,0.027904025631542966,0.08051862551331104,0.02790712417070249,-3.995423947245058e-08
22,0.7329124513275371,0.8594573538534057,0.019045993889257824,0.06272094671341949,0.019052842900433034,4.513275371209602e-07
23,0.8518576395601656,0.9289857882645758,0.012316808556640635,0.03355500779149565,0.012318137126856823,-3.60439834423687e-07
24,0.5625819444411848,0.8000887400266539,0.020142696057617187,0.061542379686946945,0.020145516123662655,-5.555881521512873e-08
25,0.7277771903855157,0.8553727360948404,0.017348273635937498,0.05729691797473782,0.01735311546403742,1.9038551568595352e-07
26,0.7655843142486475,0.8771424269646236,0.01636316208652344,0.046065866875390916,0.016366843099194298,3.142486474372319e-07
27,0.5510148301176983,0.7572880323201695,0.012786182984218781,0.04620132649596614,0.01278683662902208,-1.6988230178149877e-07
28,0.3982317911376686,0.7697642652188197,0.021568140669824227,0.06326202433365952,0.0215733376307688,-2.0886233137451526e-07
29,0.9123410828158549,0.9556673270652332,0.008336765813857422,0.020886950529454943,0.008337472969383653,8.281585495151234e-08
30,0.8835352668366273,0.9437452381956578,0.007575050024062491,0.02746693499334048,0.00757561421361295,2.668366273494982e-07
31,0.7053184903761696,0.8941632017715041,0.028776281628906223,0.07931833049199467,0.028796436516871953,-5.096238304691525e-07
32,0.9700460508966472,0.9851167134309204,0.004818343984765623,0.016233043382283086,0.00481909410615972,5.0896647230125325e-08
33,0.8738960848889062,0.9512852740778658,0.00792925946464843,0.033129258924652114,0.007930517301792218,8.488890623770118e-08
34,0.019652263945832305,0.5667936397018317,0.025020820985253888,0.07264486797364643,0.025025968751948256,2.6394583230518465e-07
35,0.7204664053998859,0.8547554414450873,0.015130889662011737,0.05303321275799019,0.015132760395037637,4.0539988588328413e-07
36,0.7010503031340489,0.850541494127694,0.01066486402216795,0.03990536470314906,0.010665936273007848,3.031340489734191e-07
37,0.23282704139526833,0.5803382875503439,0.03594150525048832,0.09801433710062457,0.03595491775435618,4.139526832425133e-08
38,0.7077273160348878,0.8592895451332265,0.012455894334374992,0.041125354317853205,0.012458523262186046,3.160348878150643e-07
39,0.6157318483690748,0.805938221417891,0.03121002804365233,0.08845007502096834,0.031224039319222584,-1.516309251492487e-07
40,0.02317095292255633,0.6511972305896462,0.020757242029140588,0.07670102864941976,0.020759266403671914,-4.707744366908018e-08
41,0.8372647060613074,0.9167653367262287,0.008972893203027337,0.025661580840953813,0.008974398512095045,-2.939386926081866e-07
42,0.7483511899860991,0.8712527399851637,0.021246151629589857,0.065248435312005,0.02125080289057221,1.8998609907505681e-07
43,0.3732255596637609,0.7062765199505157,0.026802523687890642,0.07805587386618677,0.026808786601125432,-4.403362390825727e-07
44,0.6652092923830117,0.8470119348888714,0.01758297926728514,0.05365656652499425,0.017585514143531218,2.9238301169076664e-07
45,0.6275027761872376,0.7945885684490813,0.02795731349091799,0.07141133324062382,0.027968036752247617,-2.238127624343278e-07
46,0.5814257187730842,0.7917577957440075,0.027117450381738274,0.08079898145426423,0.027127496496664884,-2.812269157548286e-07
47,0.5519999133357234,0.7539475089360665,0.02182813264015625,0.07348400066555678,0.02182979427869077,-8.666427664394405e-08
48,0.9221929034771901,0.9615789611450236,0.00626767147060547,0.01667114547305676,0.006268548061859021,-9.652280996697016e-08
49,0.7501150377701385,0.9375037327043964,0.020393916241308586,0.06613900352608815,0.020397614887782387,3.777013857231282e-08
50,-0.6290912294634525,0.5432667599137748,0.032267672733593725,0.0946846771818004,0.03227586655942336,-2.294634525723538e-07
51,0.8630268221484643,0.9364535687248413,0.00873138321955078,0.023636293641803165,0.008731905703694165,-1.7785153572091872e-07
52,0.8397198583238781,0.917015629904133,0.010396377166884773,0.03316054168275229,0.010397385837767746,-1.4167612194526669e-07
53,0.2775146942002231,0.7569681295432606,0.023499619158203134,0.07261212452687854,0.023505588639844664,-3.057997768896037e-07
54,0.7246291706700119,0.8724912419377474,0.013871775590820317,0.04601569478504671,0.013873276261726221,1.7067001190085307e-07
55,0.9269844224629482,0.9630869926064222,0.006633967145312498,0.016817991813422875,0.006635216559908337,4.2246294817971375e-07
56,0.8158848939054099,0.9067811167913181,0.008625779188808587,0.026658531779468555,0.008626227464175677,-1.0609459011323708e-07
57,0.774664842004656,0.8888264566906859,0.013539769875585934,0.04154718185266686,0.01354251561520991,-1.5799534403004856e-07
58,0.7382117464220762,0.8964791577928158,0.013599468585546866,0.04626820101658185,0.013603425032890281,-2.5357792377000976e-07
59,0.5729088070557498,0.8327985274743295,0.01607584594560545,0.055718645013585845,0.01607940446091935,-1.929442502435208e-07
60,0.8741910081221875,0.9407386418937748,0.01103040113652344,0.04121231189414908,0.011032074572057541,8.122187478143417e-09
61,0.8269052367353797,0.911649845856211,0.014501442717089865,0.045917026935176034,0.014506179311023949,2.3673537974389092e-07
62,0.31822170065398736,0.6174188742723374,0.028403793916015604,0.08868017732862218,0.028405813638675496,-2.9934601264436367e-07
63,0.7379073038540884,0.9072590189695117,0.010331881864843753,0.02770532530601346,0.01033312172785338,3.0385408844590955e-07
64,0.7114847657234367,0.853759502587784,0.01657777490585938,0.05531494271376354,0.0165839772420368,-2.3427656337116076e-07
65,0.9504434009423679,0.9754638656820203,0.00561040116350586,0.014611632241590709,0.0056109129554124644,4.0094236786192283e-07
66,0.6429251943786694,0.808456102535007,0.013719908390332042,0.057222383834294656,0.013721624614297701,1.9437866938254444e-07
67,0.6042731969495907,0.8066919150879011,0.022227515469921924,0.07452802222927717,0.022236431166998333,1.9694959074723073e-07
68,0.9072277449424591,0.9526414546210035,0.009881353493457052,0.027280486236686153,0.009883134716002214,-2.550575409765443e-07
69,0.7103577297972508,0.8529895233216311,0.015191683194726559,0.045200883908755055,0.015197585719694612,-2.7020274928624133e-07
70,0.9341025365418532,0.9679569792769992,0.006898978400976558,0.024674899658469505,0.00690012091678785,-4.634581468598853e-07
71,0.5594382841045314,0.7524416092128632,0.01706515307207031,0.056336394563466834,0.017069159883247472,2.841045314561086e-07
72,0.5647165054339309,0.79481237293342,0.016948366633691425,0.050767099072297525,0.016951317169787206,-4.945660690980347e-07
73,0.9619950705142593,0.982440495562164,0.004584909027060552,0.010719095828300705,0.00458513761607021,7.05142592094532e-08
74,0.7912353127053827,0.9080514390089954,0.013694579982031241,0.03855435749904655,0.013698084032745512,3.1270538269900783e-07
75,0.7224065755722524,0.8597418259314643,0.019455720870996118,0.056125234647258826,0.019463040490391357,-4.244277476139757e-07
76,0.835034425325214,0.9250982951944193,0.012137841600976576,0.030278538749956202,0.01213916864760963,4.2532521393745526e-07
77,0.9806218562512448,0.9903422862544399,0.00409187976621094,0.012120163933252808,0.004092412518928101,-1.4374875523248676e-07
78,0.6918784296057305,0.859066823076135,0.019048458704492184,0.05356390598558391,0.019052779514788603,4.296057305452905e-07
79,0.9175760219644974,0.9602587840202351,0.012014135014843748,0.03265199084615858,0.012018306110997412,2.1964497443072162e-08
80,0.6113319014228771,0.7943802986065308,0.015365886890136711,0.04957028343878413,0.015368271123718844,-9.857712290894938e-08
81,0.6260930107312617,0.8033056257596669,0.02499008779033202,0.07451259139719324,0.024995200276102733,1.0731261657070945e-08
82,0.8152691495822746,0.9081212370206224,0.01794996105175783,0.052688809874123235,0.017956534157803766,1.4958227456673967e-07
83,-0.15106857345399693,0.5268254566266468,0.029026321705273413,0.07944745928275343,0.029032875714381828,4.265460030739021e-07
84,0.4511120967784733,0.7421762174309787,0.02118811666914063,0.07122556741888515,0.021193878375453536,9.677847329081501e-08
85,-0.15576799296360044,0.6016251295835389,0.02038828455067382,0.06420132969240211,0.020389327402175205,7.0363995463562645e-09
86,0.7559439370876708,0.9012300472020379,0.019117729441699222,0.06007415230385979,0.019121948244476997,-6.291232912403188e-08
87,0.543587013225305,0.7722291229301266,0.023143055804882823,0.060951490186134626,0.023149250667052354,1.3225304962283246e-08
88,-0.48359493331995096,0.16811427218383887,0.013609064340664041,0.07013707930985186,0.01360939044152873,6.66800490378705e-08
89,0.8202944003623358,0.9291238937321915,0.01800652073847658,0.05788440795035387,0.018010555827006173,4.003623358395103e-07
90,0.7719229200713194,0.8812473838680226,0.017288200075781236,0.05181351353552787,0.01729063948761394,-7.992868067407954e-08
91,0.7009702887291038,0.8428709773142458,0.019443498143261753,0.06152349844308448,0.019449348404180184,2.887291038478068e-07
92,0.8347222086049454,0.918315464330151,0.009862853389160145,0.02890705779892729,0.009863936599330587,2.086049454286254e-07
93,0.2838468012501407,0.7990379364219715,0.02142220617207032,0.06279128563714066,0.0214297582010133,-1.987498592925796e-07
94,0.8488082810878019,0.9305752832042855,0.011582455397753905,0.034636250833442954,0.01158549741455409,2.810878019232632e-07
95,0.6901878895240748,0.8448833907048969,0.018033805319043,0.0521909610012155,0.018036592035640578,-1.104759251857601e-07
96,0.2978691786878267,0.6714838066568497,0.017472728768261718,0.055122805604794996,0.01747443036276133,1.786878267018288e-07
97,0.7590302685329255,0.8839245852726643,0.018271593496875037,0.06092710130989834,0.018278783209486914,2.685329255625035e-07
98,0.3822263142227117,0.6622997680474226,0.026360955661816416,0.08251772368246413,0.026374471573630535,3.142227116836871e-07
99,0.6920968524738568,0.9039180702433317,0.011794188850644547,0.034549966216514974,0.011794843295781203,-1.4752614319046842e-07
100,0.8617207941718806,0.9304066252182122,0.006686479940830088,0.0229414157066277,0.006686860664463828,-2.0582811932623457e-07
101,0.956839259707998,0.9785280199931028,0.00536281358478516,0.013113855060860585,0.005363248623731888,2.5970799799601707e-07
102,0.7928069023336192,0.8941623637150397,0.016511043294335927,0.05192865078187842,0.016518804813358007,-9.766638087160828e-08
103,0.7749439427893555,0.8833333840899699,0.014330536719531264,0.043897902531272334,0.014335679749291784,-5.7210644444083414e-08
104,0.9221589924673218,0.9616419031252506,0.005114009138691401,0.015954304526604766,0.005114200387743699,-7.532678147903482e-09
105,0.8268651343817308,0.9209604279748549,0.011805611010937493,0.035935557441176276,0.011807272506710091,1.343817308541162e-07
106,0.9416096962108179,0.9706398003412724,0.0050125325552148525,0.014069815178917802,0.0050127864544027316,-3.037891820323324e-07
107,0.6015348225225838,0.7791670543201622,0.018822312362988262,0.06661470667608257,0.018824680005113947,-1.774774162077719e-07
108,0.8855805019164504,0.9425842976542493,0.00773637334794922,0.02176686681602286,0.007737783370940438,-4.980835495160818e-07
109,0.7053295601398881,0.8445548567762514,0.015022369801757827,0.05413756834981685,0.015025774930852036,-4.3986011188934526e-07
110,0.6745012211095077,0.8429777432383297,0.013753519765429692,0.053164807643575056,0.013755342461099596,2.211095077031544e-07
111,0.9347414502035076,0.9681791182181091,0.005284243523925791,0.013826805734126204,0.0052847972269286884,4.502035075848454e-07
112,0.8183627123256475,0.9195459376865591,0.021940348478515646,0.06192811209737699,0.021950181345406657,-2.8767435245047324e-07
113,0.37335592123395245,0.7228014856828183,0.030734672828906254,0.07349200920176113,0.030743495597272758,-7.876604757317551e-08
114,0.5509566838115421,0.7700527416261022,0.019148852081347645,0.05867188892645376,0.019155792862989806,-3.161884579716556e-07
115,0.8295835852597566,0.9150184818520085,0.010502621528320318,0.029175065510060546,0.010505482265690607,-4.14740243370737e-07
116,0.8651613516824093,0.9377276055297292,0.008370467815302724,0.024907504320984784,0.008371145683557667,3.5168240930527617e-07
117,0.7808972119688875,0.8938317076884077,0.012381306899443369,0.032970808693975534,0.012382126020788548,2.1196888755348198e-07
118,0.9714259803827547,0.9857683435766541,0.003419703793251951,0.014248869661674856,0.003419972927474283,-1.9617245272662842e-08
119,0.9171726324377839,0.9577927397964827,0.0070955213990820405,0.01818777360701654,0.007096050985385617,-3.6756221610811934e-07
120,0.9332830003872128,0.968410422778876,0.0057477333074414045,0.016257877332220907,0.005748144579828466,3.8721281736542323e-10
121,0.45546176654021253,0.7014527650715815,0.01912051349951175,0.06982181115513444,0.019124915345489924,-2.3345978744648832e-07
122,0.3573123674264649,0.697150624357804,0.018224986495986317,0.06355257168008425,0.01822620389978353,3.674264648645398e-07
123,0.754735130449072,0.8929743056815201,0.02430234055000002,0.07144689398513346,0.024314764908573,1.3044907198889177e-07
124,0.8482314908977184,0.9220655780290189,0.011968200693066394,0.03975920995340607,0.01197156566672978,4.908977184747698e-07
125,0.15974617222500864,0.713389616320487,0.02795796633886719,0.07588152181318557,0.027961895284346918,1.7222500864333412e-07
126,0.8819250376480614,0.9397933331421501,0.008501410461035155,0.030619150086532928,0.008503324915763008,3.76480614461272e-08
127,0.8667557653692884,0.9328217092935087,0.012729521816015617,0.0412879361905309,0.012733943996416973,-2.346307115264068e-07
128,0.742520280142571,0.8901366530892572,0.01657297481630861,0.04402322503736327,0.016579367037692222,2.8014257102970674e-07
129,0.7051283192582475,0.8576358565698671,0.019004946058691387,0.058437407743111874,0.019013821548972965,3.192582475053385e-07
130,0.8716222213219835,0.9370811649282668,0.007772277466015619,0.02074949078191158,0.007773394464710564,2.213219835178748e-07
131,0.7670030214754832,0.8768587982146168,0.01975127962294925,0.06173931619758336,0.01975952052265057,2.1475483169552945e-08
132,0.8537918471430155,0.9412398072628828,0.008697724009726574,0.023252142592970943,0.008698008667020777,-1.5285698451439345e-07
133,0.7507887701221817,0.868064811401092,0.00983089283251954,0.03345058962615524,0.009832243494690977,-2.2987781833627707e-07
134,0.45653378045219295,0.7367112554798777,0.01953608303583983,0.06543055822489452,0.019540724997593326,-2.195478070454726e-07
135,0.8917800026295257,0.947656213737667,0.006660123025830073,0.020080556477896572,0.006660493982775097,2.629525708286451e-09
136,0.5117443130327559,0.8042464316168417,0.025027361194824273,0.06896171896570767,0.025034118346469878,3.130327559386359e-07
137,0.8593183194215446,0.927397742882845,0.01091051274355467,0.0352912908624788,0.010912003880888197,3.194215445478932e-07
138,0.7631597753304632,0.8902935423035777,0.01864205321708983,0.059272259187121396,0.01864595332402118,-2.2466953675248647e-07
139,0.4984942385719071,0.8152702530249736,0.01756030246787114,0.04852268960631908,0.017563273465941658,2.3857190711851217e-07
140,0.4379878863881609,0.6966724344098536,0.021371702843066394,0.07196689199460526,0.02137761044737652,-1.1361183910318928e-07
141,0.8079894190872905,0.9069200641997022,0.015333598832128911,0.05209780008008703,0.01533873245586055,4.190872905374121e-07
142,0.8958768587450373,0.946523582488786,0.00922966633697267,0.026988975048331094,0.009230303733012467,-1.4125496272665572e-07
143,0.735556881287728,0.8641622744037916,0.018660605725390633,0.057180355844227086,0.018669158808206278,-1.1871227201254442e-07
144,-0.3518888062372736,0.36814936687302774,0.013727785866621071,0.06432706151925921,0.013728029101076206,1.937627264192443e-07
145,0.8408701442637956,0.9182602669170304,0.015796237232617184,0.04775413167949684,0.015801402428225867,1.4426379557619384e-07
146,0.7403942467647588,0.863820508927071,0.01689534502646481,0.04999141283544815,0.01690295122774516,2.4676475884888305e-07
147,0.8554089602528682,0.92736207557032,0.009141461624414057,0.03555579965626555,0.009143523501764637,-3.974713180809886e-08
148,0.2706585885523056,0.6900202621118386,0.02485648495527346,0.06983636006022616,0.024861485233921874,-4.1144769435952355e-07
149,0.7267077128014225,0.8670802944878133,0.013082944894531228,0.04751761175658536,0.013086280816521273,-2.8719857747550037e-07
150,0.6593794850416235,0.8328359288101636,0.016665635975000002,0.060206260457627725,0.01667186879649643,4.85041623421445e-07
151,0.8201788873799122,0.9098635978762136,0.009482010341171887,0.03167076420968575,0.009482821814967542,-1.1262008781098842e-07
152,0.8775791115293691,0.9412950235516536,0.011177734577929694,0.03364696084675089,0.011179600457717927,1.1152936907343758e-07
153,0.7011061346848625,0.840787348647692,0.014649933068466788,0.04004833566256915,0.014651069923511888,1.3468486248502387e-07
154,0.7432586470286625,0.869354809804032,0.010858784404003903,0.03898052478814067,0.010860355633557436,-3.5297133749168097e-07
155,0.845166589885541,0.9205204375425609,0.011638804624511738,0.031919529922015674,0.011642529022976071,-4.101144589485628e-07
156,0.7185320578804529,0.8849990653871376,0.018954661843164064,0.05725291918809055,0.018960923714766157,5.7880452986047715e-08
157,0.21236146713972293,0.7048629875876086,0.02352002559541017,0.06821696544318447,0.023525154596665643,4.671397229316643e-07
158,0.8206816188525238,0.9199194919475173,0.015049891521777325,0.04418788384346798,0.015054704842118858,-3.8114747624717893e-07
159,0.46111008491597694,0.6832344564594659,0.012829416839941404,0.059686163289647896,0.012831334115848862,8.491597691673292e-08
160,0.725831576968545,0.8595461658917425,0.016108478211816393,0.05414017207226665,0.016113275949398292,-4.2303145508792994e-07
161,0.5285608678434559,0.783397581294625,0.02324081050722661,0.0782778358524881,0.02324408693096136,-1.3215654404152843e-07
162,0.5976084886367412,0.7732393922214362,0.015125164056640618,0.05533860965440729,0.015128378663130179,4.886367411804926e-07
163,0.672816589518644,0.8297783415270827,0.01861936478710935,0.06942028220398101,0.018626376966113897,-4.104813560168452e-07
164,0.35464435182146503,0.6920174910514562,0.026834503816210872,0.08191123218309213,0.02683818798820967,3.518214650166662e-07
165,0.8971320164253695,0.9567662035285832,0.009836229926757818,0.031990038077215205,0.009838631288721887,1.642536950896556e-08
166,0.7271349830015429,0.8712120482687272,0.02452104037646486,0.058460590075512596,0.024528864397399427,-1.6998457086359053e-08
167,0.5435668118048493,0.7466574876152465,0.024873933753710886,0.0762927233601046,0.024881506985266855,-1.8819515068546622e-07
168,0.909518983630188,0.9542302109576434,0.006706092165117183,0.01931180693944225,0.006706519063558285,-1.6369811950411872e-08
169,0.7754404241958006,0.8840979803870608,0.011340436201494126,0.03511062261782354,0.011341244421441502,4.2419580059682716e-07
170,0.9667248114514027,0.9833792374724736,0.0033785287108398414,0.00959390819104101,0.0033788715230352764,-1.88548597290783e-07
171,0.7816315122456896,0.8986577338842012,0.01322157985722658,0.04073052701972804,0.013224821004293204,5.122456896433647e-07
172,0.8935665372875071,0.9458517962386414,0.006539284795966792,0.019481119634453915,0.006539572977683445,-4.627124928768822e-07
173,0.6919601636446755,0.8379616450482279,0.011794742646972662,0.04470708735441323,0.011796030657919405,1.6364467547713701e-07
174,0.598235192947234,0.7906796645258146,0.016225717803212907,0.05670048193766187,0.016226496529170104,1.9294723407892178e-07
175,0.740184234360952,0.8677314797116181,0.009196470615429714,0.03558187114116728,0.009196974971099246,2.3436095208939633e-07
176,0.7827313780127299,0.894556522747427,0.024132270521191445,0.06589963904287009,0.02414323533086231,3.780127298957936e-07
177,0.8970827347568807,0.9497100018889353,0.010279127006640626,0.03287973799739328,0.010281974239537167,-2.652431192462501e-07
178,0.6907492467198713,0.8379200246959425,0.013433145404101558,0.047403039004302754,0.013436680012804682,2.467198713107521e-07
179,0.7852026547845602,0.8960716985535744,0.017033963615625043,0.05980210774495975,0.01703870067940666,-3.452154397898255e-07
180,0.7350181380181078,0.8583011971383863,0.011041557849951167,0.03507948563189066,0.011042229501842289,1.3801810783142798e-07
181,0.30501393785643416,0.6611656141471997,0.01514937801298826,0.0561638710936879,0.01515111571263068,-6.214356584877123e-08
182,0.8451347732646302,0.9223513089437427,0.021295225558300837,0.05879820008367777,0.021305401188351603,-2.267353698126584e-07
183,0.583604705103527,0.7836570699607722,0.01392368583857421,0.04465677167797897,0.01392656166659508,-2.9489647301872424e-07
184,0.6845243352957979,0.8425027888260602,0.024599219413867144,0.0665575635828325,0.02460795616356436,3.352957979041449e-07
185,0.48645445035970636,0.8085118788027312,0.01906025044873047,0.06082611950546172,0.019064052451809494,4.50359706360981e-07
186,0.7567775859872783,0.8739079087375334,0.008073934606298813,0.030745961408658116,0.008074328278006105,-4.140127216611944e-07
187,0.41794057663481665,0.6558547600521183,0.021989146607910137,0.07434293556570995,0.021992713966868933,-4.2336518335517326e-07
188,0.7074340640350074,0.8569526582161798,0.02284018676347658,0.06706082608302236,0.022855354159308228,6.40350074077034e-08
189,0.3284319012726731,0.6210391782922666,0.014539980403808599,0.057401467687398025,0.014542534632777696,-9.872732692484121e-08
190,0.4199558199039206,0.6561133821200197,0.017113065180371093,0.05632507073497931,0.017114104017095674,-1.8009607938296313e-07
191,0.7528089511720684,0.8689654380779847,0.01173794549130858,0.035836264416209365,0.011740651845402376,-4.882793158689225e-08
192,0.9232212026149714,0.9619827157092811,0.010740479064648444,0.030357245461548086,0.010744103400983366,2.0261497146734087e-07
193,-0.20004975577306872,0.3309518422377955,0.014803806919228526,0.07084883549713669,0.014804212689078458,2.4422693128967055e-07
194,0.5570358599405763,0.7494050345624085,0.010222604738584003,0.050395252664034336,0.010222972778280506,-1.4005942372552482e-07
195,0.9469679108526086,0.974849596326489,0.0049964932031249945,0.013582242944399796,0.004997369384902932,-8.914739146881345e-08
196,0.7858178387335901,0.9012547339170898,0.011310550790917967,0.03895520226728489,0.011311899547161433,-1.612664098926686e-07
197,0.7705438842351832,0.8892910050358716,0.016999958798828145,0.04828188882329407,0.01700274566616177,-1.1576481684372197e-07
198,0.7143594322124108,0.8576024378816014,0.015968892017382826,0.04615980840160886,0.015974093223669095,4.3221241086133233e-07
199,0.7132820530197005,0.8485567624869933,0.013246469282714845,0.038711984544621214,0.013248900520880038,5.301970051885263e-08
200,0.7333804510620882,0.866383466865555,0.010172828787705066,0.033152276312200094,0.01017360773964658,4.5106208812484283e-07
201,0.8468898953839101,0.9247024118441324,0.014511543357812495,0.0404387761072301,0.014516068997805375,-1.046160899020876e-07
202,0.06500297025821011,0.44846375600306254,0.018610954642773413,0.07407917396412256,0.01861170056809229,-2.9741789892012704e-08
203,0.46598725801127105,0.7209430492844805,0.021080384222656227,0.07128316672336399,0.02108653546026148,2.580112710703908e-07
204,0.706295846137332,0.8439461568632819,0.01111891488300782,0.039393094447224254,0.011121042450751177,-1.5386266805084148e-07
205,0.3715904034470593,0.7040441324864409,0.024038415350585936,0.07358243132734134,0.024044202306792713,4.034470593161643e-07
206,0.4522067343861458,0.709544141436209,0.017866841653906236,0.05476121710976681,0.017870674400676825,-2.6561385424450634e-07
207,0.7759232987464908,0.8833371308948342,0.019515266536328124,0.05395837772129314,0.019523111982827804,2.9874649076777615e-07
208,0.4928112219210651,0.7309742097573586,0.009276153782197262,0.049875336179169644,0.009276481643763707,2.2192106508001075e-07
209,0.6347282677757512,0.8883735428653029,0.01561808466582031,0.0383067623796659,0.015620519670529149,2.677757512392631e-07
210,0.9430849632778237,0.9768291936486478,0.0062881420633105495,0.0167688602093871,0.006288405414183209,-3.672217629979713e-08
211,0.8250398199296397,0.9118796657067053,0.006895784733486337,0.025526714623322677,0.0068962747975314775,-1.8007036028944157e-07
212,0.8822951128460169,0.9601346625430761,0.007730663712402347,0.040558725887154534,0.007731473971647722,1.1284601686423201e-07
213,0.7146909600362779,0.8554729087632558,0.018455177293750014,0.050825616378839505,0.018462015581858896,-3.996372210934851e-08
214,0.32448591444238073,0.653896871027014,0.029168496647851618,0.08483586208020212,0.02917188508190861,-8.555761926709593e-08
215,0.8974954016351935,0.9474004445995228,0.013603248456738293,0.03652949568645809,0.013606223784118061,4.0163519343661136e-07
216,0.553431096792327,0.7554114186000042,0.013041401147656253,0.05745857853902945,0.01304332653960773,9.679232704229435e-08
217,0.5779257201769867,0.7650039176674452,0.02440519859716795,0.07696459740466334,0.02441293419912166,-2.7982301331608284e-07
218,0.6317045048244384,0.8010443997885983,0.014677198850986322,0.060415883820329475,0.014677950084617397,-4.951755615545395e-07
219,0.5409371065311848,0.7620422829925759,0.01956317599863279,0.05993210889558972,0.019566784238873855,1.065311847625594e-07
220,0.9788499688230686,0.9895797960137587,0.004171273701855477,0.012027785486244008,0.004171872420616551,-3.117693136989175e-08
221,0.7283495675273379,0.8745195216370706,0.015169799773828143,0.05650106833189884,0.015173901162473321,-4.324726621263153e-07
222,0.697099930148348,0.8549613001243589,0.015548260477832011,0.04224919511000462,0.01555222130511222,-6.985165201811583e-08
223,0.5708820064959534,0.7771096700895109,0.020684938978027343,0.060176946584109985,0.020689835258576036,6.495953441820745e-09
224,0.3501732231273823,0.729355912769083,0.02091086613506833,0.06331473498636926,0.020912934369276433,2.2312738229279816e-07
225,0.932574382862129,0.9660109341005559,0.0061293261266601685,0.016390949762443176,0.006130188032323551,3.8286212900029426e-07
226,0.8015462164919601,0.8988743163576324,0.008328747446035163,0.029172793563031468,0.00832951717921655,2.164919601366222e-07
227,0.6481444758450253,0.8213497359906617,0.01617207776367185,0.05568453585264304,0.01617380533957635,4.758450252717594e-07
228,0.8175584267891355,0.907158872595723,0.009659912991835926,0.030869054046582255,0.009660653783616722,4.267891354770015e-07
229,0.5313685435351724,0.7366974966864224,0.01454732771718751,0.055260989229515674,0.014551385510730477,5.435351724258908e-07
230,0.8845578362052914,0.9427281065682146,0.005970706033007814,0.021205421655603497,0.005971750478431464,-1.637947085741942e-07
231,0.9136023961632701,0.955878827794551,0.006158987922167968,0.01736851846678289,0.006159924194301949,3.961632700777429e-07
232,0.5613480118128811,0.775543640629561,0.01882625840732421,0.05963697638639366,0.018829977736537693,1.1812881117734264e-08
233,0.6661155346970875,0.8271570129472747,0.011256497624511717,0.04472484257108608,0.011257979834375539,-4.6530291253343847e-07
234,0.6043201870691217,0.8021626220494212,0.015361995664775382,0.04743016324195004,0.01536319300920306,1.8706912174870638e-07
235,0.7844039906886334,0.8932778397310324,0.01530882017255861,0.0455002785098981,0.015313087269986694,-9.311366566677748e-09
236,0.7721499030316206,0.8909439882620077,0.01831582507919919,0.0503972261449147,0.01832217589715092,-9.696837943717895e-08
237,0.6320455521909267,0.7981144297185753,0.013596277786035142,0.04861248300945256,0.013599131612760952,-4.4780907326735786e-07
238,0.8890807538872172,0.9437244328669653,0.006306686585771486,0.021632716688497713,0.006307068997618787,-2.461127828201626e-07
239,0.894177989973773,0.9457810457902618,0.007637153896582042,0.020759875722167323,0.007638398866991934,-1.0026227070802918e-08
240,0.8010137889685008,0.8959652520158482,0.02128636250771484,0.057357248704493866,0.021295519593917536,-2.1103149916434916e-07
241,0.973602816893034,0.9886363200128675,0.0038786916661425848,0.011986726065915545,0.0038790412155070993,-1.831069660340745e-07
242,0.547393452426579,0.756642672760778,0.02168103420917971,0.06557831806704963,0.021684143496347237,4.5242657897848204e-07
243,0.3906701646943763,0.6522767527154593,0.022227160163476548,0.07977060002781315,0.022234590603455853,1.6469437630339812e-07
244,0.5683034369464033,0.8302324633886294,0.016887135933691382,0.05121815230612332,0.016890347079185103,4.3694640328162393e-07
245,0.6855198882529183,0.8355368936651372,0.012226934712060543,0.04541618643331467,0.012227994022082156,-1.1174708169914283e-07
246,0.4831215306862998,0.7289243921358127,0.025573849604199252,0.08516827885522811,0.02558256106231464,-4.693137001798853e-07
247,0.6610470190903084,0.8154525756099071,0.013191326535937476,0.049983232214991256,0.013194384112789961,1.9090308334135386e-08
248,0.9310630916681948,0.9656451643945322,0.006193101571679695,0.016676462789995936,0.006193972955899461,9.16681948126552e-08
249,0.6458893070222225,0.8070297430929487,0.018423568832031265,0.05568963683601038,0.01842980138724778,3.0702222242329213e-07
250,0.7704671873085935,0.8817788585960421,0.01761667809667968,0.05138196302520041,0.017622269165122276,1.8730859352444895e-07
251,0.4914985217720833,0.7572187019703912,0.03772323268339842,0.10414318017539795,0.03774126698173535,-4.782279167114822e-07
252,0.7756224235351351,0.882937590185272,0.014933911052832052,0.050094846149507564,0.014938673555740845,4.2353513507453755e-07
253,0.5170429863131654,0.8109982994861163,0.018907275711035152,0.06291023265005113,0.018914735266500084,-1.3686834665627146e-08
254,0.47353489741715005,0.7429174912441754,0.020528768989843772,0.06814152676813784,0.020534097569682417,-1.0258284993680533e-07
255,0.7923091498622643,0.8919250877469742,0.017655135228613263,0.05448049404459147,0.017658475606512302,1.4986226426483285e-07
256,0.7666453348170812,0.879793336776334,0.015700605370703093,0.04634049618939778,0.015704274074437315,3.3481708117122366e-07
257,0.6731449346181526,0.8460341805640019,0.018577051573046895,0.054865126429836784,0.01858443159579215,-6.538184738058561e-08
258,0.6658315155777186,0.8186324579853332,0.01131674608251953,0.04265660978565138,0.011318967082317144,-4.844222813993326e-07
259,0.9040655415996159,0.9517960054911078,0.010582982326562504,0.03316122368865978,0.010585746303030911,-4.5840038409572514e-07
260,0.8435065760457287,0.9292869508379703,0.014948971366796853,0.0355835586839809,0.014955854776523966,-4.2395427135577535e-07
261,0.7955468349093671,0.8974285859991336,0.00732089470767578,0.027884392797533745,0.007321213725830063,-1.6509063294201098e-07
262,0.8949193693204921,0.9474181574570633,0.012278453717285144,0.03236865071101869,0.012280762178818792,3.6932049207738515e-07
263,0.7992618262083383,0.896373315047804,0.01643995284697266,0.049198481865466,0.01644586884536599,-1.7379166172837301e-07
264,0.6289524018691647,0.7993223689739359,0.021013306285644528,0.06874620054720373,0.02101631779368319,4.0186916472340073e-07
265,0.6824845188783935,0.8754838583845685,0.017796094848925765,0.051476500343055585,0.017800716632332396,-4.811216065547796e-07
266,0.9554178463607584,0.9781740039250644,0.00465044166370117,0.012015770775975647,0.004650703555282451,-1.536392415513177e-07
267,0.6896146077783144,0.8334552790435142,0.017642475112109396,0.05245776222607144,0.017650685001700264,-3.92221685574512e-07
268,0.9203787324935857,0.9634037113083557,0.006586705007851568,0.01862267753168569,0.006587078514239982,-2.675064142421135e-07
269,0.8377614152530776,0.9290149040540684,0.014538187002734381,0.052781352406860216,0.01454125026106025,4.1525307759027186e-07
270,0.8542794201473354,0.9247852645238218,0.0138190653792969,0.04007690001055211,0.013822889899238798,4.201473353671048e-07
271,0.5131143810610261,0.8477516230689945,0.019550872365332077,0.05326544659779205,0.019553414758979284,3.8106102617785353e-07
272,0.8916704226378153,0.9593169850567362,0.008803882962207034,0.028818288937074298,0.008805736969619596,4.2263781530049727e-07
273,0.7301983532254229,0.8589193280759383,0.013454704997890636,0.04736150442362695,0.013455881719187419,3.532254229110521e-07
274,0.9131104065148626,0.959266482923513,0.007301185432812505,0.02535494552170634,0.007302095067938889,4.065148626608561e-07
275,0.6967750532446224,0.835505158116162,0.012576317178710954,0.03964216400473744,0.012579070197535082,5.324462237776828e-08
276,0.2208185382830944,0.6594827724548575,0.03141663784736327,0.08339294382471694,0.031425043326819696,-4.617169055975978e-07
277,0.8211284428174771,0.9063205774631752,0.01065881508701172,0.028290245544552912,0.01066094473545568,4.428174771309301e-07
278,0.9807032632144013,0.990810480871937,0.003934994928671872,0.010710167947889088,0.003935354080615856,2.632144012748583e-07
279,0.3621986404068418,0.6575245076662027,0.02604224883623045,0.07510554055384361,0.02604855057452138,-3.5959315819455995e-07
280,0.5457297261891318,0.7519928832886421,0.019464258736816387,0.0695497402956339,0.019470438543028445,-2.7381086820099654e-07
281,0.702665801381944,0.8465592187471072,0.010554872882714865,0.04268814433184874,0.010555443291270405,-1.986180560020756e-07
282,0.6539273556847104,0.8127894001502892,0.020680474287890643,0.05706877485334003,0.02068628597788704,3.556847103514116e-07
283,0.45038047212032617,0.686115988888138,0.022699009087890624,0.0726320757541685,0.022707183035711637,-5.278796738061864e-07
284,0.9328966249478585,0.9660811785465849,0.006911426055371093,0.026929499964576813,0.0069125909022853685,-3.7505214145472365e-07
285,0.763142652635045,0.8776789187796414,0.015510695922753885,0.05606879566970866,0.015513140222769433,-3.4736495502230014e-07
286,0.4894042275552739,0.7220154063396192,0.024723524673242188,0.07936047402327799,0.024732107795440314,2.2755527390172503e-07
287,0.5561703118550438,0.776774683298721,0.02137097156035155,0.07161519899136634,0.02137751004067982,3.118550437886114e-07
288,-0.38540428477415456,0.6693732319423572,0.026699275229169945,0.08571015286514803,0.026701231643098112,-2.847741545353166e-07
289,0.3658844809149673,0.6745155354254546,0.015413497019931648,0.06349878929458222,0.015414332090601938,-5.190850327352337e-07
290,0.4466435983309438,0.6800872698302137,0.013865078595019535,0.06131048162816114,0.013867324243159555,-4.01669056182552e-07
291,0.7497964431989402,0.8724076970121711,0.017341742286914062,0.050190881849037056,0.01734790138346863,-5.568010598144824e-07
292,0.6381212246299077,0.8385922398234963,0.026087071284570305,0.08186583831199845,0.026092027204217473,2.2462990767468938e-07
293,0.9498538169489122,0.9750198525545872,0.007226683953320313,0.021202590420602706,0.00722822430382155,-1.83051087732089e-07
294,0.6648391075374519,0.8221311685329883,0.017216817371582017,0.053074031479036804,0.0172232788878915,1.0753745194325148e-07
295,0.417837423136039,0.656685943179418,0.03050796159804687,0.09598344185403983,0.030519496023451834,4.2313603898502805e-07
296,0.4663970252307048,0.7100954371270828,0.018452823086816398,0.057140671634346094,0.018457157054315783,2.5230704803202997e-08
297,0.5362075035472055,0.7592823707846256,0.03827650739853517,0.09639215698401084,0.03829362323125548,-4.964527945405806e-07
298,0.5317137048038136,0.7762095790707445,0.02624257187792965,0.06907173229107404,0.026251253198864014,-2.951961863839614e-07
299,0.7330916845603369,0.8625657443003045,0.019971561854101566,0.051455638755096074,0.019975819444325634,-3.154396630566936e-07
300,0.955814814958489,0.9780958772867359,0.010001871812792964,0.023887499091983445,0.01000479762381391,-1.8504151100273702e-07
301,0.8833312609663944,0.9488919114400381,0.010074408385839834,0.026309655120550102,0.010075490594284565,2.6096639438311087e-07
302,0.7624143298519647,0.8761533014762218,0.01998979901249997,0.05936107497392251,0.019997240241558526,3.2985196463108934e-07
303,0.799564531772173,0.8994958188932481,0.01242045827402343,0.04484888552589679,0.01242391962897013,5.317721729625191e-07
304,0.98136051703744,0.990655462437823,0.0031254797110351513,0.0073789949206910085,0.003125564033251776,5.170374399732225e-07
305,0.9609297042818677,0.9826598939168482,0.0037025610366308625,0.010815161537751087,0.00370263541009837,-2.9571813220385934e-07
306,0.8711484228851349,0.9440368441446914,0.017116244715917942,0.04095664663458188,0.017119750691917814,4.22885134909734e-07
307,0.02215899769363361,0.44413630038089447,0.028636090984765654,0.09422512199379522,0.02864431424892443,-2.3063663930067424e-09
308,0.7882116195187191,0.9026908389209738,0.012252568400683561,0.034210987424848856,0.012255132537162258,-3.8048128092604827e-07
309,0.7244042665445173,0.8561381462541399,0.011911073681542943,0.03838454074206615,0.011913159881935935,2.665445172356229e-07
310,0.7395739995397994,0.8641333808364575,0.009074322248828127,0.03184434761247881,0.009074796962165479,-4.6020054433881796e-10
311,0.7353737320820666,0.8605035606606284,0.014359612870312502,0.050719041763937815,0.014362018324548028,-2.6791793339420167e-07
312,0.5859341450721679,0.8088999720060409,0.014142156900878887,0.04502544027075048,0.01414422629312304,1.4507216794523714e-07
313,0.7572173792374,0.8902504075424212,0.014906974256640625,0.04189485623800083,0.014908335721787827,3.7923739992784533e-07
314,0.5436464502092149,0.7627904714453042,0.020348813773339823,0.06368137364433238,0.020354666381096377,4.502092149083481e-07
315,0.9148835591920106,0.9617123866786861,0.008778715713476559,0.026410349140087455,0.008779986016779442,-4.4080798944357014e-07
316,0.6981607928605456,0.846322511147854,0.015454005284960933,0.05072350413896147,0.015455176109755131,-2.0713945447781157e-07
317,0.9060071618516449,0.9541339146107825,0.008480884112402354,0.024041177008325407,0.008482054776763656,1.6185164486426373e-07
318,0.8774923552293268,0.9476613852026128,0.01600535944375,0.04513959643122819,0.016009569776491164,3.552293267317097e-07
319,0.7231456014737302,0.8650626164699831,0.01139427999335938,0.03702300649540203,0.011396008417978928,-3.985262697625558e-07
320,0.9199212984309741,0.9609886882291896,0.009091083898632809,0.02274724693019146,0.009092017437888875,2.984309741549396e-07
321,0.47069969805940226,0.7121805119405449,0.028285738252539074,0.08738507791397243,0.028296196903253936,-3.01940597746686e-07
322,0.3252441516078166,0.7566552657234142,0.02471955933281255,0.06398493384341765,0.024724795493135054,1.5160781663414724e-07
323,0.9474584615091356,0.9743530604245515,0.0042655835131543,0.012346316599549599,0.004265708786357084,4.615091355741896e-07
324,0.4087755748683136,0.6614769317260135,0.012168610458662115,0.054289524615839455,0.012169246464857807,-4.251316863546073e-07
325,0.7411312646737532,0.8840314523305326,0.02000288227333987,0.0658320339906833,0.020010659638326628,2.6467375324745746e-07
326,0.839658351943257,0.9223522633865825,0.014961630046484372,0.0467241097550347,0.014966842616113077,3.5194325698206796e-07
327,0.7588727073023835,0.8757495429928454,0.008886335460820302,0.02995552518328734,0.008887092547524266,-2.926976164774331e-07
328,0.029478822712455388,0.5614745015634317,0.01879719826630859,0.06612237384984306,0.018801428168374625,-1.7728754461363017e-07
329,0.5178992874039843,0.7295625974814202,0.025972839131445293,0.07519482496019603,0.02598103059185268,2.8740398427817837e-07
330,0.6549883581488665,0.8229312672619185,0.02015494183857419,0.06321007648098693,0.02015804914742353,3.58148866452801e-07
331,0.8908799899555632,0.9481942756707905,0.011686997445898432,0.029757074791432858,0.011691834125008448,-1.0044436837830517e-08
332,0.9259316861821811,0.9623031871381872,0.012189422846874987,0.032594255024426304,0.012193687256105147,-3.1381781884221027e-07
333,0.59204388318897,0.7873815523042955,0.01681442937792972,0.05449573627791739,0.016818389106188235,-1.1681102995986237e-07
334,0.7595903992546574,0.8898433050553974,0.021273399600683602,0.055126931943623406,0.021281382166264916,3.992546574460576e-07
335,0.3224074164139227,0.7907684026648187,0.02389889400878905,0.06473499109316196,0.023903592510884784,4.1641392267699473e-07
336,0.6994966682792323,0.8375958653084602,0.02370352613876953,0.07066835692674256,0.0237132542191252,-3.317207677433487e-07
337,0.46917277435439586,0.730139361711637,0.01606546229472655,0.057216760833131874,0.01606844437465111,-2.2564560414606305e-07
338,0.8829726626212776,0.9400742381738364,0.007964616040624999,0.02151907881609398,0.007966114125742366,-3.373787224036917e-07
339,0.9273042193807525,0.9652404353532836,0.007645230270996098,0.02895208081882245,0.007646461554702283,2.1938075245309108e-07
340,0.8212317631528099,0.906877096509376,0.018061504195117182,0.05211707938914168,0.01806914952331774,-2.368471900826563e-07
341,0.6596495665658149,0.822004609346032,0.020735885282617158,0.06710636958003663,0.02074303374068196,-4.3343418509866893e-07
342,0.8152046218202529,0.9313869360858591,0.010823528281249991,0.038598995025822896,0.010826033845531961,-3.781797470736592e-07
343,0.7042173526697674,0.8509769946715818,0.023280146451171903,0.07174405883588557,0.02329046125612354,3.5266976738945743e-07
344,0.9440058658455572,0.9716330920779286,0.005816101754257806,0.01564751913172925,0.005816563168835894,-1.3415444277686817e-07
345,0.7002089044893085,0.8485703490675077,0.016378051870996117,0.05488245852702457,0.016380632629838566,-9.55106914668491e-08
346,0.7104025537314901,0.8448750344594942,0.014997458278222643,0.044909269635368565,0.014999231985402458,-4.462685099237973e-07
347,0.8795760777632571,0.9388556993952205,0.010633761286914062,0.0337225938891121,0.010636713656767159,7.776325705588505e-08
348,0.9143913258654319,0.9576508121050467,0.006361107871386722,0.017229500373510724,0.006362222201244603,3.258654319715504e-07
349,0.5514254556767615,0.8531006337635393,0.016763010139648444,0.050098508114027836,0.01676606262601475,4.556767614349866e-07
350,0.6260497593687389,0.8272038654445618,0.01673194280810548,0.04905917219067778,0.016736200360240282,-2.40631261139157e-07
351,0.47512955961625036,0.7389036812514475,0.01823038635625001,0.04933941680013885,0.018231744881410675,-4.403837496336216e-07
352,0.6381360275643426,0.8028916617798253,0.023917941489257816,0.07360176818348468,0.02392572097332087,2.7564342586217094e-08
353,0.6265174850268963,0.7990813377597694,0.011219212992968755,0.04842700916924832,0.011221217078774468,4.850268963130233e-07
354,0.44117209585892503,0.7014883922398348,0.019537867432714826,0.06746147453775564,0.019540467659297688,9.585892501995374e-08
355,0.6429049472283705,0.8115217647481174,0.018411953850976603,0.06495693256297312,0.018417859917166955,-5.277162939965052e-08
356,0.04933451328281313,0.40316463698763155,0.016536527467919924,0.07428793149899854,0.016537238749111293,-4.867171868663811e-07
357,0.7239768761348928,0.861963551175412,0.0168543793770508,0.044033986499836024,0.016860299002740213,-1.238651071711061e-07
358,0.8958414941888311,0.9468412402047535,0.007636920853095697,0.020472671070363373,0.0076376212736039145,4.94188831079434e-07
359,0.8819063932134048,0.940269377236182,0.00791671759756836,0.024173003631507595,0.007917053274926937,3.932134048367786e-07
360,-0.040679626771699784,0.6065269319372437,0.030617149463964845,0.08577292042162032,0.030622850526171874,3.732283002169656e-07
361,0.14384229595107523,0.6928091918940661,0.028623595500097687,0.07118148377918346,0.028628718145424576,2.959510752298389e-07
362,0.8502196655241278,0.9275546204652845,0.006596194613779303,0.024372926431431956,0.006596529749417777,-3.344758722212404e-07
363,0.4156210332539304,0.7348981667610653,0.019511470831152337,0.06197517699849185,0.019515535001814622,3.325393038711155e-08
364,0.7582109279551389,0.8720835297514008,0.01584801662890625,0.04542904889640229,0.015852109735582213,-7.204486107692532e-08
365,0.7786434672522795,0.8937052309401714,0.010373448783984373,0.031224493303217044,0.010375834719629152,4.6725227953459125e-07
366,0.9002447419715528,0.955733726032526,0.007753408499638665,0.024060808615729574,0.007753783376843544,-2.580284471642713e-07
367,0.5802391423407238,0.804174946775313,0.013663201418779322,0.04785815427070685,0.013663876806583469,1.423407238743124e-07
368,0.8354178130276394,0.9151941838872428,0.008484281069042962,0.026158129581148996,0.008485361912381419,-1.8697236059406208e-07
369,0.4938403612082487,0.7103859922678396,0.026156802324218745,0.07871643160702682,0.026166853661648153,3.6120824870033985e-07
370,0.9366248322290325,0.9723550512977528,0.009422544555371093,0.02779981815665444,0.009424995454751634,-1.677709675629302e-07
371,0.7796451079520681,0.883397556001527,0.00928939784501953,0.03334603372717915,0.009291476457013238,1.0795206806246682e-07
372,0.6520178355632276,0.8076734308384543,0.011581227620205073,0.048109098489003375,0.0115819046578147,-1.6443677242072852e-07
373,0.3147807737980305,0.8484309148819706,0.027168774724609386,0.06971363524874624,0.02717619325466785,-2.262019694887485e-07
374,0.7147810436216631,0.8943075173389473,0.007497268095732426,0.03199052572464793,0.007497518377591005,4.362166305948989e-08
375,0.7947020069170323,0.8943566324779706,0.013411017251464825,0.041849454979559865,0.013413046026987285,6.9170322802847295e-09
376,0.638935235480458,0.8736476233190078,0.01318787916920896,0.03681842279413897,0.013188630001607768,2.354804580217973e-07
377,0.824129580039453,0.9341396078257869,0.011696286706054689,0.04104140213645207,0.01169799890940066,-4.1996054700454977e-07
378,0.4240967430572252,0.766216890991023,0.02057612142246093,0.06298179372386321,0.020580047379315253,-2.5694277477894545e-07
379,-0.22027217962903523,0.6139401824380984,0.026201088502929654,0.06826560241684608,0.026204220884742817,-1.796290352296115e-07
380,0.8678151430667636,0.938508759409051,0.008853636163066416,0.02764611862632808,0.008854373486934644,1.4306676354713943e-07
381,0.8887366895823121,0.9520673118998383,0.007381161902734381,0.02797871930319736,0.00738204747972542,-3.10417687887643e-07
382,0.7000686675257703,0.8391295027978556,0.025859882417578094,0.0777622331305121,0.025870585280499202,-3.3247422970283935e-07
383,0.6777992818760628,0.8271273891600126,0.018608356412402376,0.06779832881951812,0.018615368952194247,2.8187606271323773e-07
384,0.7670100983210514,0.8862096681539535,0.008474462149414065,0.035516396268490444,0.008476475918512739,9.832105141160952e-08
385,0.7608521002924868,0.904089080163806,0.010443913672861333,0.03013979911788863,0.010444537354204869,1.0029248687093428e-07
386,0.8681438132525188,0.9375860256188987,0.012966085386328135,0.040500539664967146,0.012968686225225757,-1.8674748125668827e-07
387,-0.1298874373993666,0.6771226487207608,0.025366982563017608,0.07291993872984188,0.025368877922624964,-4.3739936658737655e-07
388,0.5727325473742381,0.7608118797113362,0.013141980534355458,0.05361432217268305,0.013142440685899915,-4.526257619819063e-07
389,0.9262311350027634,0.9625601155608641,0.00676932693200196,0.02238864529385876,0.006770002940558285,1.3500276341282813e-07
390,0.22300043294136607,0.6817080301622127,0.02326338876279296,0.07295334222884658,0.023268552762014855,4.3294136606308875e-07
391,0.948116227841845,0.9738138218165519,0.00522434003232422,0.013943823477407366,0.005224705626868448,2.2784184505741933e-07
392,0.7618788778271606,0.8877598950792452,0.019220091805957018,0.056078866255931926,0.019229666970562304,-1.2217283940074708e-07
393,0.7836653326215003,0.8927414784944304,0.012884764377324215,0.03614182486433358,0.012885852049287737,3.3262150034296667e-07
394,0.7111951399670398,0.8447239637457495,0.017845235341210953,0.06389119615266034,0.01784867862083196,1.399670397361774e-07
395,0.9469325948473026,0.9733700006102833,0.0054086858194140625,0.0161562659258137,0.0054091662287248585,-4.051526973913866e-07
396,0.8567434974663648,0.9521895009647721,0.010732876898144552,0.03127845826409103,0.010734135853414947,-5.025336351494047e-07
397,0.7268854129941515,0.8545114106696542,0.022388639205468772,0.06704242793832756,0.022397155121220143,4.1299415154405494e-07
398,0.5471934972764125,0.7834222520358939,0.023838668867089855,0.0680326999445293,0.023845047546071686,-5.027235874255354e-07
399,0.9621487861701392,0.9843490187013727,0.0042519722014355355,0.011329662360046623,0.004252179777629476,-2.1382986081786015e-07
400,0.6056317202829868,0.7799459900580827,0.012039544871484373,0.047880912105697726,0.012041489897223001,-2.797170131074722e-07
401,0.9419701548522318,0.9709175588642615,0.0050599996583691395,0.015312868104771813,0.005060353741238707,1.5485223181510577e-07
402,-0.3660617230129597,0.3143305397428511,0.02084655612343747,0.07489443116361995,0.02085175727734359,2.769870403040997e-07
403,0.7245536303900167,0.8976105500718559,0.014759994051367182,0.038944167715136944,0.014762756185193564,-3.696099832861677e-07
404,0.832385574104829,0.9178816266590583,0.008647087721796873,0.03072552318653115,0.008647879562208144,-4.258951709079639e-07
405,0.739184255071248,0.8608196832761537,0.012951383476464835,0.043141051935537036,0.012955792914508742,2.5507124801205094e-07
406,0.45633387475685505,0.6868868696796915,0.01951986537958984,0.06583249287473186,0.019525014994907164,-1.252431449660918e-07
407,0.7940568764583681,0.9110212030242261,0.012995969671289048,0.04527392686305103,0.012999473367347856,-1.235416319245175e-07
408,0.7010551138740138,0.8386414263353775,0.00946638750948243,0.03920226902951573,0.009466999911246037,1.1387401377405126e-07
409,0.5290719327461124,0.7835410208684478,0.00971790299452149,0.04340566052372132,0.009718346188328944,-6.725388757011785e-08
410,0.7789489468025095,0.9181901369716656,0.019317212737597688,0.05780823546737387,0.01932913049765571,-5.319749052379308e-08
411,0.5636059382543774,0.7712208343724752,0.011601942805175774,0.049211994532832225,0.011602705874299601,-6.17456226148505e-08
412,0.4713657608533578,0.6918754726749643,0.012065665970683601,0.054800519305622075,0.01206615670441397,-2.3914664221136306e-07
413,0.5600418922065107,0.7598045890710348,0.024319358093164073,0.07838261322806371,0.024329058962385592,-1.0779348935674449e-07
414,0.4957719040049662,0.7074671798546721,0.0113006121844043,0.053705331213624606,0.01130166155464226,-9.599503381085839e-08
415,0.4188635260950049,0.6585793971864089,0.02292889803515626,0.07990977499364482,0.022932916611413324,5.260950048935342e-07
416,0.5024061266281845,0.7790519873085816,0.021304389484765606,0.0674018618485224,0.021309870916312052,1.2662818449360458e-07
417,0.8199824849928181,0.9239874392025291,0.012680717902343748,0.03355430680607282,0.012682057322900729,4.849928181283047e-07
418,0.7936028114415671,0.9046613165554098,0.012185031370039068,0.03290516263059373,0.012186239503221388,-1.8855843286758045e-07
419,0.8855194248923854,0.9428866354109573,0.0053509415875293035,0.01976840648668173,0.005351159287618858,4.2489238549769937e-07
420,0.6955649636634016,0.8454668490092441,0.02114090917285157,0.0724755989702413,0.021151136631530426,-3.6336598396857767e-08
421,0.9113053635223048,0.9615497832409959,0.005853976548828128,0.01658334038960564,0.005854634445810072,3.635223048137348e-07
422,0.954831105148187,0.9783956936114107,0.00440497105828125,0.011485478150696603,0.004405112990537243,1.051481870462112e-07
423,0.40851059633046993,0.6699471159542277,0.011969933344414065,0.053905046173524526,0.011970731446486822,-4.0366953008019735e-07
424,0.9252692656029504,0.9624113912561868,0.006040202937499998,0.016295743070212972,0.0060412590051536815,2.656029504111146e-07
425,0.9223973318965423,0.9659439876443126,0.007711689639257799,0.021197496859109575,0.007712801300734876,3.3189654224941023e-07
426,0.7482201368089803,0.8677263315307753,0.010292355168554678,0.034577103437018766,0.010294694962267745,1.368089802555872e-07
427,0.9165696814986802,0.9595649644872548,0.009066950606249988,0.02471275931898618,0.009068256016162887,-3.1850131976263185e-07
428,0.5133939545196493,0.8580605397591611,0.013591794939648447,0.0473552693519073,0.013592775005368173,-4.548035070772727e-08
429,0.6960818508315414,0.8621141205980641,0.014572488526953128,0.049651168126670836,0.014577015521162332,-1.4916845858525818e-07
430,0.8388600715732807,0.9178684346813538,0.015071053204003905,0.04677609635179656,0.015076080680409899,7.157328063556179e-08
431,0.562129809100067,0.8542106475954162,0.01956801554208983,0.050600362500921085,0.019572534824722827,-1.9089993297249919e-07
432,0.7909696795613156,0.8929767864310949,0.014669174974218773,0.04861315406118128,0.014673749625717712,-3.2043868436471e-07
433,0.9176415217697756,0.9588350945923534,0.006521103369042968,0.02277102431100738,0.0065218076636178275,-4.782302243100389e-07
434,0.7210413606041116,0.878686950395089,0.01950790336455077,0.06490429088409734,0.01951129282341521,3.606041115711278e-07
435,0.5454544818636489,0.7496089463403258,0.009614316998388675,0.048669949051271914,0.009614796738190575,4.818636488712613e-07
436,0.5663092604864126,0.7895024466122768,0.025362793072558582,0.06873311356121933,0.025370277484545494,2.604864126620754e-07
437,0.8177995470428882,0.9164195323556479,0.011556333249218755,0.03316318551423315,0.011557507407601563,-4.5295711181836396e-07
438,0.7090336492652358,0.892626164923965,0.01488355734335939,0.042517512420235784,0.014886810897564122,-3.5073476423175265e-07
439,0.7420795024686161,0.8718761993315837,0.017918452724218725,0.061610049969267916,0.017925465411866723,5.024686160481906e-07
440,0.9029905193749383,0.9531994101077451,0.008020237471621082,0.021602283625234857,0.008021012138166032,-4.806250616384844e-07
441,0.5616091396566272,0.7764575218113753,0.012993117223691421,0.05625540437778974,0.012994009962072813,1.3965662715165195e-07
442,0.846943751071316,0.927800329527005,0.013938910409277349,0.04317745115429482,0.013941187265858065,-2.489286839990612e-07
443,0.7742069500665485,0.8812209323746688,0.01755473933906249,0.05353675890126614,0.017558987163583735,-4.993345148474049e-08
444,0.023864739171323146,0.525178238836987,0.013891893597949219,0.06070288001149226,0.013892408909072883,-2.608286768547574e-07
445,0.7214706825455696,0.8695392769878926,0.01657690288974611,0.05051313224057882,0.016581948289101204,-3.1745443040964716e-07
446,0.9044940567187291,0.9566740178119525,0.0076342895296093735,0.01773891886295586,0.007634741030634021,5.671872904677855e-08
447,0.32912248477144057,0.5979243378918114,0.01792423390898439,0.06960265565863806,0.01792733768150632,4.847714405453729e-07
448,0.869216774498208,0.9462714119027881,0.011063979112890643,0.036108026917896906,0.011065496664980119,-2.255017920171909e-07
449,0.14763774140411567,0.5164745081173633,0.014945598175976559,0.06046493834808646,0.01494826742082269,-2.5859588431709213e-07
450,0.7843882356588932,0.8943366720003796,0.019697316749609357,0.05744344976081116,0.01970443457265782,2.3565889317733735e-07
451,0.7061194516990037,0.9216036242891802,0.01677410329433594,0.045958880971757314,0.01677751851929472,4.5169900364516735e-07
452,0.6714547999658618,0.8291017392616506,0.02030262209326173,0.06528295999260916,0.0203093759254523,-2.0003413825353533e-07
453,0.609479381272618,0.7850067088878253,0.022370845928613308,0.07474724932591646,0.02237461492802301,3.812726180330017e-07
454,0.12710028755848712,0.6261145600971261,0.02187580332431642,0.06881977512392852,0.02187913101543282,2.875584871331327e-07
455,0.4212813695365817,0.7000211855885333,0.022461513751953113,0.07190004177684067,0.022464733476181484,3.695365816680507e-07
456,0.550459626156664,0.7968416507389359,0.03279334016474606,0.0892739596279117,0.032808367272940474,-3.738433359545823e-07
457,0.6810222311826538,0.8352566290584342,0.016051533404882787,0.05757426242167288,0.016053748884838515,2.311826537981787e-07
458,0.9536410075218337,0.976712495914775,0.004765296491552733,0.014943440953192378,0.004765692247742639,7.521833711443549e-09
459,0.7557602722137141,0.8711197873975048,0.010092602097910155,0.03531864094389089,0.010093003161255382,2.7221371412533557e-07
460,0.812197795480444,0.904528851529088,0.010236451426562522,0.029117536931588882,0.01023789218670175,-2.0451955595746085e-07
461,0.6396306439359944,0.8297430856046356,0.02183257222626949,0.06428889389294813,0.021843286825903932,-3.560640055022546e-07
462,0.6105775474233066,0.8002718710499022,0.02545611640703127,0.07890188422238138,0.025460923011736747,-4.5257669334386463e-07
463,0.6874654078062303,0.8338116667966905,0.02231097104238285,0.06880178820900068,0.022314817485408,4.0780623034031294e-07
464,0.7860599878483252,0.8908158101736273,0.012614143192675786,0.036883715064020044,0.012617593189637646,-1.2151674777527433e-08
465,0.8068666611409439,0.8990135749922487,0.016618775389843722,0.052429050848918704,0.01662558073548106,-3.3885905614816636e-07
466,0.9310172508208743,0.9661284465764381,0.010281530787988288,0.02485368828511424,0.010282631717490122,2.508208742924012e-07
467,0.8741267074024425,0.9349850104946446,0.013603408512304679,0.03951459488372163,0.013607762932486587,-2.9259755751631644e-07
468,0.8169286620635965,0.9169102737995872,0.013897420691406244,0.044113268143071566,0.013903443971991366,-3.379364035271948e-07
469,0.8866787070531101,0.9422429551869395,0.011614762194433616,0.035051327458534516,0.011616738565267485,-2.9294688985714856e-07
470,0.30612448172975903,0.6660318911536197,0.02426900852128908,0.07368063281564777,0.024273749961416544,-5.182702409456397e-07
471,0.8093768988235546,0.9538013339596749,0.01237786999550781,0.038210419201391,0.0123803407673515,-1.0117644544394011e-07
472,0.6802661674889383,0.8302432479987767,0.020590856509667972,0.0609849846795926,0.020597996164440694,1.6748893827411848e-07
473,0.6949574712092558,0.8610289171843376,0.017157568619824242,0.051752017980072625,0.017159352358525004,4.7120925572574635e-07
474,0.717911078992997,0.8576429655695016,0.01505130738339842,0.055781029701336644,0.0150555075839597,7.899299703240104e-08
475,0.4454051566441136,0.6994337031234296,0.028604339223242136,0.08166193286247916,0.028607907850908807,1.5664411362470432e-07
476,0.8893781075316916,0.943406962407061,0.006552744116210932,0.021469450560674272,0.0065538396894780065,1.0753169155108822e-07
477,0.4219338753966182,0.6918141535384861,0.020430481755078136,0.06228164434845056,0.02043525090941307,-1.2460338177922026e-07
478,0.9406523800941269,0.9701944692392105,0.005011335024736323,0.014653461210889548,0.005011613063416074,3.8009412683948085e-07
479,0.906981946624031,0.9549815172982825,0.006596099658105466,0.01826212731646649,0.006597021179501478,-5.3375968978031096e-08
480,0.79542428615307,0.8961008572793984,0.020415214118359407,0.05823079029034423,0.020423988079822604,2.8615307001711443e-07
481,0.7877906527979404,0.8911576611869696,0.018730696586230455,0.0541498319165128,0.01873473412751701,-3.4720205965843576e-07
482,0.6933023045441233,0.8502167762070425,0.018466148922851595,0.06019707428231149,0.018472195725928134,3.045441233640034e-07
483,0.1962438227384553,0.5416891248803049,0.014022536681738263,0.058255084052453304,0.014024021518491,-1.7726154469266397e-07
484,0.9231249151794221,0.9621951233636784,0.007373081888076148,0.018660397645273545,0.007373496470731121,-8.482057789471753e-08
485,0.5940523146368927,0.8245933356668156,0.02807296877978515,0.07441065779845801,0.02807792673797165,3.1463689265098793e-07
486,0.7497993137044401,0.8803967878957182,0.013763369058593738,0.041183673119804955,0.013766511065129943,3.13704440091378e-07
487,0.4753558931000542,0.7483942241195863,0.025125323155957033,0.07171324637850246,0.02513344664029277,-1.0689994578427786e-07
488,0.7978740973433447,0.9171854959480522,0.01793630278457031,0.049504485160176484,0.017941557708937548,9.734334471822592e-08
489,0.7809037370317082,0.8882368387594651,0.010102651340683593,0.03561945868040206,0.010103650725714775,-2.629682918087184e-07
490,0.7346371495884245,0.8697668457353241,0.010367429449804715,0.035043097587284314,0.010367991002177534,1.4958842453616228e-07
491,0.7092482723498374,0.8501987183199672,0.013557312397460943,0.049304650478753716,0.013560733704126898,2.7234983746016184e-07
492,0.6098168419132766,0.800019357446748,0.017318271236425813,0.060638255531872715,0.017322603172556104,-1.580867234896033e-07
493,0.6529886668540377,0.8368057954096889,0.017123594299902352,0.05088780306286844,0.017126116098233866,-3.3314596237232763e-07
494,0.9461266916629918,0.9731468235400008,0.00442136959612305,0.012430495608754645,0.004421722102706964,-3.0833700825905197e-07
495,0.8330866229057521,0.9137879925569833,0.015287972961328134,0.05006759940027964,0.015294828703110152,-3.7709424793863633e-07
496,0.7551861262909769,0.8744823584070722,0.017182420920019537,0.0576141624420484,0.017185494337737358,1.262909768984244e-07
497,0.7983374344630894,0.8957539307255692,0.015420923311621081,0.05122289622341409,0.015427229540351086,4.344630893937662e-07
498,0.935194985985679,0.9673709193354173,0.005222338424062482,0.014721795856270528,0.005222513943042232,-1.4014321036981414e-08
499,0.6796727477583095,0.825075542283994,0.012913242154394537,0.04743929428892979,0.012917639261961695,-2.522416904238156e-07
500,0.6367686938669295,0.8123810328653753,0.019207342570898435,0.05995828901267471,0.019212229049580587,-3.06133070560044e-07
501,0.8396036274084795,0.9170557034244584,0.008299367387304692,0.024283632854091942,0.008300603791291519,-3.7259152052548927e-07
502,0.6446451742825001,0.8421345093410902,0.018014088283007813,0.06033112579210806,0.01801696968652226,1.742825000983217e-07
503,0.2987844577367865,0.6591138568873527,0.028128639635156216,0.07913150415071504,0.028134693574115414,4.5773678652993866e-07
504,0.6758166579240943,0.8268276343590013,0.021198016791015625,0.06596889683012455,0.02120724168029748,-3.4207590571266877e-07
505,0.749762434179759,0.8681497214845246,0.01086587829422851,0.03412819311879501,0.010866174657189491,4.3417975892356964e-07
506,0.5222921831446035,0.7348650716278288,0.029714635840234396,0.08888068677358298,0.029725748653822156,1.8314460348278772e-07
507,0.9263036250814916,0.9650839544687487,0.00680997045165039,0.0208971001397513,0.006810508792540412,-3.749185084611639e-07
508,0.8221938391366178,0.9167439491273849,0.01886657952041013,0.04977760433937038,0.01887527793931974,-1.60863382170362e-07
509,0.5148818066877134,0.8240847920521854,0.020994668267382825,0.06262550522062636,0.02099976685957801,-1.9331228651164878e-07
510,0.9075927515476329,0.9527909888109675,0.008207320914433587,0.02279995127279539,0.008207755569508412,-2.4845236712423e-07
511,0.322251027513227,0.6403220171278142,0.027437735935449233,0.07461694924078816,0.027445501843292506,2.751322697447378e-08
512,0.7068805623279881,0.8520077756819538,0.017287810956835927,0.06191601487541586,0.017290664001120365,-4.376720118548505e-07
513,0.7384766497091511,0.863242003376716,0.012162165005566411,0.03299960227627903,0.012163725943674701,-3.5029084899385055e-07
514,0.844969738868226,0.938193038896969,0.013678781985058605,0.050571013071253945,0.013683428011050163,-2.6113177398201515e-07
515,0.8334042165757128,0.9136189609551587,0.012314521692773422,0.04500766436523088,0.012317630139121256,2.1657571280808696e-07
516,0.6464445488456282,0.8266345149365597,0.01607789125341795,0.05182866181337044,0.01608204656638207,-4.511543718610511e-07
517,0.7829417414036643,0.8874914496759135,0.012474504216015623,0.04892459527417442,0.012476280943222697,-2.585963356782628e-07
518,0.8694702254994444,0.9329272105919438,0.010890935476367183,0.03550284468469466,0.010893823671954886,2.2549944445060532e-07
519,0.8067045132287944,0.9073847983584301,0.014689565734960924,0.04528480571395339,0.014693795044110952,-4.86771205565617e-07
520,0.620727087818204,0.7930328758712594,0.01017496953646484,0.04084107558423051,0.010175290109997284,8.781820393100048e-08
521,0.7125712991836401,0.8663814898206952,0.01925629064941411,0.054794824934135886,0.019258259411644635,2.991836401955439e-07
522,-0.1857486902686316,0.38341111788429844,0.011857603490869156,0.06306614408205159,0.011857844684766073,3.0973136838641224e-07
523,0.8706210766514657,0.9486118135851319,0.01598349241152343,0.04381121833617808,0.01599130038141634,7.665146573021531e-08
524,0.5855313691535102,0.768055785853171,0.014347183854199228,0.046907527128188596,0.014349942283334596,3.6915351020461173e-07
525,0.7559886268920248,0.8906833418960162,0.012274660232617187,0.044271150423984676,0.012276148397658159,-3.7310797518230743e-07
526,0.708116047687156,0.8492812506545747,0.009815604250126952,0.041472743512459165,0.009816130904691444,4.7687156001785524e-08
527,0.7415425299844551,0.8621547291215835,0.016660498943164067,0.04679314376222103,0.01666423749485624,-4.700155448178478e-07
528,0.6109355359910593,0.7882127140277253,0.011176779239843745,0.0516983457602587,0.011177311682151261,-4.640089407148551e-07
529,0.8808882259679403,0.9396182407338534,0.00908921409457032,0.02425670472399022,0.009089910612516069,2.2596794024831723e-07
530,0.8947618012751154,0.9460172882400408,0.008187610712988276,0.024566114541566538,0.008189658864773767,-1.987248845480849e-07
531,0.40279811243304386,0.7856402251404084,0.02186144381708982,0.05404343891225775,0.021865021800511246,1.1243304387509312e-07
532,0.8689513844342364,0.9459210297532342,0.014551598955175792,0.044263430531601616,0.014554729066099288,3.844342363334974e-07
533,0.17906410365197267,0.533404050810903,0.025176675131054687,0.07409855362347252,0.025181857695868712,1.0365197267159232e-07
534,0.8929384792075361,0.947578972823852,0.013632188618164065,0.03697552131362231,0.013637706417815466,4.792075360970927e-07
535,-0.6181674555147816,0.5628516692970156,0.021164246486533186,0.07298947454376271,0.021165331163403234,-4.555147815610283e-07
536,0.5537012181215448,0.7495588329143331,0.011637833185644538,0.051718581586596646,0.011638565021522732,2.181215448260332e-07
537,0.7289213449808951,0.8799984791150764,0.02183599166298824,0.06057677524907979,0.021839806646965273,3.449808950728439e-07
538,0.28741029717548117,0.7074822656656308,0.02107030653154297,0.06660860537953464,0.0210737733969709,2.9717548116758863e-07
539,0.4648098656660594,0.8303675841716183,0.02178637207695312,0.062331286596348436,0.02179165986026403,-1.3433394058237624e-07
540,0.2414633762884676,0.541527253095736,0.03075128796083986,0.08701902251233876,0.030761755869516173,3.7628846757953305e-07
541,0.9022496800250439,0.9514858309283273,0.006678719022167975,0.024058105660188706,0.006679473484060789,-3.1997495608671045e-07
542,0.8535066090501099,0.9288660213721109,0.007071647775488278,0.024785299877993917,0.007072054231904381,-3.909498901277786e-07
543,0.8398234198009548,0.9205780605605122,0.014084421859277352,0.04089261594310572,0.014089027692048938,4.1980095477622825e-07
544,0.25357971112617694,0.6453733874135258,0.02235459529853513,0.07452633452698933,0.02236065093399486,-2.8887382308440124e-07
545,0.7008819268795065,0.8406762974516707,0.026164963328125006,0.06929127680539737,0.02617585229945061,-7.312049354890604e-08
546,0.720710937395871,0.870153837533531,0.016320289318847662,0.049163044354786196,0.016325119657287314,-6.260412899194989e-08
547,0.5826204321736271,0.7784333431232209,0.01984288586289068,0.06505971550447517,0.0198482264112774,4.321736271073462e-07
548,0.771958238258017,0.8813838617768209,0.017502301510742183,0.05300760278780491,0.017505403097056435,2.3825801698240667e-07
549,0.6716679135186125,0.821222854284961,0.011563886462792971,0.04636311684218852,0.011566673363676564,-8.64813874956738e-08
550,0.6904124682583592,0.8422690443098484,0.01163828909500977,0.04372810288864936,0.011639138359172678,4.6825835919861447e-07
551,0.8353118557825886,0.9250233138033918,0.009745888992812467,0.025786064175391327,0.009746502082880887,-1.4421741145742573e-07
552,0.758729083054966,0.8817469047386859,0.013148122679882813,0.037425513528740094,0.013150728953155175,8.305496601579421e-08
553,0.8735895411685702,0.9394594386583454,0.01065115807304689,0.03891348571000956,0.010652773294471278,-4.588314297393481e-07
554,0.8879876378682021,0.9446222175242897,0.009306192833359393,0.024526200793147265,0.009306961879160101,-3.6213179788191496e-07
555,0.7497551010363452,0.8681361032454071,0.016925442581347715,0.058773464744582636,0.016928429176079417,1.0103634529023964e-07
556,0.6046685858132017,0.79697980070634,0.014818209615722663,0.04825817545954632,0.014820529465789678,-4.141867983031844e-07
557,0.7974068490582878,0.8961777964124963,0.009358033550195329,0.028277556087569964,0.009359527255869146,-1.5094171212926e-07
558,0.31703273013109123,0.600530588854439,0.01568196487529295,0.06383753748958929,0.01568246916782862,-2.698689087754502e-07
559,0.5495570318157752,0.7649709412329385,0.020064610142675774,0.06372236259649817,0.020068097801474408,3.181577523658774e-08
560,0.5079821925489262,0.7400089572621096,0.032242202724218745,0.08884552964609316,0.032255932268253136,1.9254892613673746e-07
561,0.6929749095825495,0.8373956303071003,0.015829613908203116,0.04508233712279926,0.015832455936954763,-9.041745052673633e-08
562,0.5683361239282902,0.7891672244202669,0.018664661402050725,0.06325133518986635,0.0186705574707472,1.2392829029650443e-07
563,0.7576150107295547,0.8709471401352644,0.014257119776367174,0.04270592003414009,0.01426151218378311,1.0729554689170584e-08
564,0.6130881807847328,0.8124901695184819,0.018979748296581996,0.05736783846842534,0.018985688026038006,1.8078473285054741e-07
565,0.29440368106368864,0.6289894077170599,0.01491019435986328,0.05514368830956093,0.014913638894435989,-3.189363113609289e-07
566,0.8641890346506653,0.9308512913081337,0.008457974137343735,0.022913292470135484,0.008458621699815897,3.465066533703265e-08
567,0.8684402643284693,0.9335981708724629,0.009513035436679697,0.02401595270789896,0.00951379610197213,2.6432846933488463e-07
568,0.35204368205006475,0.7827580831098946,0.028692721497460966,0.07848145044845742,0.02869689368143952,-3.1794993526901294e-07
569,0.8536537657575374,0.9240739796908007,0.017618845679492196,0.0447927372764997,0.01762570371742872,-2.342424626489148e-07
570,0.8309357826775089,0.9147242298045222,0.013916155780175766,0.04071100502299242,0.013918643143311569,-2.1732249111394708e-07
571,0.6449981049574183,0.8376839072944608,0.024301275563769546,0.07348984101962555,0.024306233478786472,1.0495741831206828e-07
572,0.698330731796403,0.8732013179442971,0.020434266666015628,0.06701850340020386,0.020438311587735982,-2.682035969980845e-07
573,0.8702614403963497,0.9363447720139078,0.01190739856240231,0.036917854766536064,0.011909413201613383,4.403963497212615e-07
574,0.4321233193163607,0.6868363298054538,0.02810689868427734,0.08830889278593572,0.028111413500975818,3.193163607417837e-07
575,0.8497566542932904,0.9343891675868129,0.007445050415039071,0.026190337737140718,0.007445413689951386,-3.4570670959244154e-07
576,0.9289751103912206,0.9638431051954662,0.011899510568554695,0.031155120970652227,0.011903437235148482,1.1039122060907403e-07
577,0.793501471198653,0.9023619716990892,0.009881152038476566,0.03231187803295184,0.009883900749298166,4.7119865298483887e-07
578,0.8513297348534854,0.924135850082038,0.010310423121093731,0.040105751096597725,0.010311925428386461,-2.651465146330523e-07
579,0.8502035873929167,0.9224806942190402,0.010182667263671872,0.027095536795997868,0.010185309247334033,-4.1260708327772733e-07
580,0.7221483328461853,0.8576559646640216,0.012138431975195322,0.03892615307057035,0.012140810175368362,3.3284618528028886e-07
581,0.8911873883498869,0.9519687033278307,0.0078616776043457,0.022785191875610223,0.007862389374583572,3.8834988691505146e-07
582,0.8914463889402989,0.9447136600348708,0.009366924184755859,0.025888206601330337,0.009367818995360202,3.889402989676327e-07
583,0.5388091263184506,0.7433526703823029,0.017174477885615252,0.06657276527453798,0.01717586620796094,1.2631845058841407e-07
584,0.7937485823652533,0.9001430823160239,0.01108741586494143,0.0323274685531821,0.01109034827280052,-4.1763474678546686e-07
585,-0.12401597158752486,0.5329243900194306,0.023660866470800828,0.07834993747091094,0.023666628099578355,2.84124751365189e-08
586,0.7601274778181978,0.8860458254236072,0.019944226333496115,0.06576557274151534,0.019948542841088008,4.778181977860285e-07
587,0.4809838794402487,0.7473869282068593,0.024079834217773422,0.07456459960298846,0.024082833233729752,-1.2055975134872554e-07
588,0.9369054204789494,0.9740823698911035,0.004550745659990229,0.013925982382131212,0.004550921859397136,4.204789494366423e-07
589,-1.1651448393837631,0.443836088850212,0.03234285903867183,0.08526895075588926,0.03234654054077555,1.6061623697716243e-07
590,0.7756456686842137,0.8931636978668277,0.01583056704677736,0.06016643706472808,0.015836250260502473,-3.3131578625056335e-07
591,0.9310831691260384,0.9649579528398573,0.005018470356289068,0.0158810632706999,0.00501869659958346,1.6912603839625007e-07
592,0.6224975545073257,0.8252042488446553,0.01230264171135744,0.038723931911272685,0.012303244196181397,-4.454926743058252e-07
593,0.48766446193292756,0.7149158026709223,0.026656111606250074,0.0801003439843735,0.026664786647943754,-5.380670724530745e-07
594,0.8211855174202267,0.9196168845766289,0.013911895083789073,0.046780775001550784,0.013914421472421019,-4.825797732532777e-07
595,0.3983438508400198,0.8085724557076959,0.02674335358173831,0.0747825764762592,0.026747455322735272,-1.4915998020059718e-07
596,0.4182510810396718,0.6803732882023251,0.021484826158691375,0.0691792132025849,0.02148985754680402,8.103967180650429e-08
597,0.9174488944910878,0.9581178032256663,0.006984696011621092,0.027565707903782148,0.006985733174344034,-1.0550891216265512e-07
598,0.7517524592944944,0.8974870300118477,0.01153201818935549,0.036205667916243765,0.011535399702955832,4.5929449443704584e-07
599,0.6966413888186221,0.8382810529690184,0.012888031113964847,0.03791777921214112,0.012891234781754881,3.888186221878698e-07
600,0.43098035762410314,0.7033924030141931,0.03244272376845702,0.08785574123065144,0.03245551117494892,3.576241031644223e-07
601,0.6859004876635348,0.8341005444712325,0.02169595457148437,0.0731688791895335,0.021704009378637777,4.876635348871616e-07
602,0.8303617793701972,0.93519154975645,0.019816385428320312,0.0553496827696539,0.019825381807919953,-2.2062980287174128e-07
603,0.7212483402798815,0.8592494068599855,0.0109071983860547,0.03849611081787096,0.010907933193738489,3.402798814944319e-07
604,0.845794692102291,0.9313992134222058,0.016414028429589878,0.046114349958204945,0.016417242976658163,-3.0789770899541935e-07
605,0.8020652515848417,0.8963929678326263,0.015450982185937503,0.04767223780416754,0.015456329762271754,2.5158484162624006e-07
606,0.3107543966357966,0.724985270213988,0.030195585284667946,0.08056956027609648,0.030204344133687635,3.96635796651168e-07
607,0.770259022040998,0.9219045397464901,0.026291766430468766,0.07594029517493961,0.02630634369096869,2.2040998026717773e-08
608,0.8568288842775861,0.9264204841847303,0.010405381369580078,0.02847918379379458,0.010406311601325127,-1.1572241387369786e-07
609,0.8883581362742676,0.944070120825744,0.006244778666015624,0.018975489546178184,0.006245791870239818,1.3627426764806216e-07
610,0.5274299014964269,0.732012439990274,0.03072957017216794,0.07992987605363554,0.03074153439923525,-9.850357307605861e-08
611,0.2588272452354772,0.5418865600744572,0.018206379180566418,0.06773733044871663,0.018210171505233914,2.4523547720312067e-07
612,0.8692044667712138,0.9362169417670857,0.014699941342871095,0.04460033343670234,0.014704071822515357,4.6677121379179454e-07
613,0.6264915689420913,0.8418278519785526,0.030557990413964824,0.07480068218393679,0.03056664012204993,-4.3105790870079375e-07
614,0.8720165557183596,0.9441460483284962,0.008572112938017554,0.023174135413635593,0.008572689039266283,-4.442816404770511e-07
615,0.7908233330577935,0.890615644661371,0.01103610086025391,0.03250701247360872,0.011038722203538139,3.330577934557155e-07
616,0.7349009146737498,0.8679304246436339,0.011797885467285147,0.03975361898317533,0.011801224508107716,-8.532625017654283e-08
617,0.7070286886023034,0.8737891631248474,0.01509657473632812,0.054652162550675926,0.015100770745212934,-3.1139769662846817e-07
618,0.7733274319886163,0.8914745102849375,0.009602519814062512,0.030523289932657023,0.00960498655518363,4.319886163228759e-07
619,0.5393504533005471,0.7581977893068661,0.024898215208691375,0.06897280423626106,0.024903921775509954,-5.466994529301772e-07
620,-0.2321747055961798,0.5186551718624199,0.02953912860839842,0.08738329877426314,0.02954551631357079,2.9440382018353084e-07
621,0.9459879887106041,0.9796763261877526,0.005367930163769538,0.016818163813992485,0.005368493414287879,-1.128939597361267e-08
622,0.8820051181102105,0.9446716639232723,0.01108474324023436,0.037723868235818296,0.011086621263986683,1.1811021050078807e-07
623,0.8122628742492479,0.9289396116770983,0.015207599756542985,0.04298113382271315,0.01520952045128842,-1.257507520335821e-07
624,0.4638197355448075,0.738133862993202,0.02458297836367195,0.07049077477954246,0.024595921332698507,-2.644551925223837e-07
625,0.7698726152262029,0.8834326892630504,0.017216467973242156,0.05717133100782413,0.017219470673543163,-3.8477379715740057e-07
626,0.9229731652040678,0.9641041039248239,0.006776248700097657,0.029267156576837212,0.006777245223524426,1.65204067759106e-07
627,0.5481893606608925,0.8666839589201105,0.018712260728906256,0.05637978260387972,0.01871735817118067,3.6066089248443234e-07
628,0.6686836817158264,0.8218132277897318,0.01773918235244137,0.056764348737959644,0.017743687190720097,-3.1828417357271377e-07
629,0.9163321347496494,0.9591414926943294,0.008009887079199217,0.018797701707013465,0.008011461683924422,1.3474964932758127e-07
630,0.87356927386335,0.9380406277253414,0.00872010755496094,0.026493650270922632,0.008720873460178429,2.738633499976828e-07
631,0.6319627131190317,0.8372638900069762,0.03144060500908201,0.08248242525787779,0.031446971998885194,-2.86880968314307e-07
632,0.4921356494001462,0.7244011787856686,0.013203401883535163,0.04897948462691409,0.013204232006532738,-3.505998538155808e-07
633,0.2806259758144122,0.6492303472978529,0.0156092059449121,0.056328286403995266,0.015609750169642011,-2.4185587810254816e-08
634,0.6771698483494317,0.8462466658939769,0.012410981568710925,0.046263562553621206,0.012411802729607738,-1.516505683252234e-07
635,0.7671915027716555,0.8862607173639425,0.01098571563993162,0.03904108687205017,0.010986405659815974,5.027716555305872e-07
636,0.03875187924526735,0.723444138058763,0.019951957999999975,0.06361365861360814,0.01995399098842704,-1.2075473265066305e-07
637,0.7597700134968792,0.886649189335531,0.010891815457226579,0.035255022096567716,0.010894247656844906,1.3496879280872065e-08
638,0.5693245458873106,0.767202839750502,0.013971424555957025,0.05793629838532465,0.013974862400057162,-4.541126893409242e-07
639,0.9427267735185675,0.9711187257291554,0.007760266906542966,0.023904828701902088,0.007762337263165589,-2.2648143249703878e-07
640,0.8170186138395583,0.9156748005957192,0.014097001464062515,0.04049381718556659,0.014099086577976531,-3.8616044173434005e-07
641,0.5702775624182499,0.7779718014199765,0.01495716345771484,0.05469226886661497,0.014960851910633143,5.624182498609187e-07
642,0.6756025691774288,0.8487223444863445,0.016226571366406276,0.04584485531376606,0.016230872998969272,-4.3082257117355027e-07
643,0.7056958304010423,0.8468944648510732,0.015115519933007832,0.049297429986968365,0.015119543866555929,-1.69598957655559e-07
644,0.771490996677124,0.8899862493749964,0.021693171989843746,0.05888402930573462,0.021697862926772404,-3.3228760853987183e-09
645,0.3522316839113304,0.7928713615250963,0.01911522734228518,0.06893925648727488,0.01912105525636519,-3.160886695718901e-07
646,0.7940068221383907,0.9085000383003745,0.010558038018749995,0.036924793766472744,0.010559169034575459,-1.7786160932953266e-07
647,0.5705208017274572,0.7829452106414321,0.022851420430468734,0.07478249023193202,0.02285535565646352,-1.982725427174259e-07
648,0.7371461853556304,0.8666000374148362,0.011682625743945301,0.04548319988999079,0.011686383703968389,1.853556303998971e-07
649,0.5762107572052296,0.7991168316368638,0.022577738667675745,0.07107781139409096,0.02258405285945372,-2.4279477039979014e-07
650,0.7606215356764222,0.8856175475833431,0.009939559718662097,0.03742967043982774,0.009940265708837407,-4.6432357780901157e-07
651,0.7121347614320255,0.8502751904977496,0.02137708269248047,0.060149259030624125,0.02138582874579491,-2.3856797448651434e-07
652,0.7699768173526541,0.8828338498881232,0.013127835077539066,0.03780253797795796,0.013131198272868709,-1.8264734591433296e-07
653,0.6909465076328627,0.8677947356203201,0.01931181442353519,0.05240486359417737,0.019319975832409984,-4.923671372836225e-07
654,0.7723060481896058,0.8826331681682791,0.008679167991396487,0.03093809859464451,0.008679718273643822,4.8189605750259545e-08
655,0.8819511853081375,0.9555200496454637,0.00874010797373048,0.02865736069804568,0.008741886572621075,1.853081375013943e-07
656,-0.019976742190386476,0.33540590921132635,0.031548201222851464,0.09554192517917637,0.03155233516563159,2.578096135255614e-07
657,0.567831147061325,0.7632155370081819,0.027294840639746066,0.08097968902768288,0.027304506399515635,1.4706132500652558e-07
658,0.7374459615075434,0.8666007462013781,0.016965763428320322,0.04604423869174091,0.016969112408225517,-3.8492456666539e-08
659,0.8083695720466033,0.908827993686088,0.010274948146289067,0.036051686078367104,0.010277529738429002,-4.279533967199711e-07
660,0.7292203086145135,0.8587221217696672,0.017172064864160116,0.050937222931729,0.01717724440970637,3.0861451350006064e-07
661,0.6254055858235348,0.793027065346033,0.01782263411923828,0.05710077625152272,0.01782935503190359,-4.141764652354496e-07
662,0.810599010436154,0.9030679808880893,0.015693922059179702,0.053784082563179715,0.015697205949198125,1.043615405205145e-08
663,0.7459617649834054,0.8947718298625178,0.02246646854101563,0.06766449669075271,0.022473114766944545,-2.3501659462965563e-07
664,0.7965099917784846,0.8935935882577752,0.01080057645400388,0.03153873777195178,0.010802433633239704,-8.221515468420648e-09
665,0.7989049710144572,0.9039200408825729,0.01162365541425781,0.03406286939407915,0.011626959831122694,-2.898554274377574e-08
666,0.29909271636028434,0.5969797287008982,0.014908544370205076,0.059343316870405574,0.014909894511697653,-2.8363971565914525e-07
667,0.6612415343180992,0.8175846905676422,0.015293683376660152,0.05867856865970184,0.015300099233061977,-4.6568190081863747e-07
668,0.8930396924769528,0.9536041446723137,0.007108197828623051,0.02348246796212415,0.007108795631986353,-3.07523047138325e-07
669,0.7840469671412342,0.8895189122369663,0.009811836919824218,0.03129929375362797,0.0098134520903888,-3.2858765819376856e-08
670,0.8468145922035586,0.9203231178092479,0.01822223119150386,0.051595578583189486,0.018229157947044723,-4.077964413928825e-07
671,0.186780481962332,0.6170848288507409,0.022978950700195348,0.08209176580279967,0.022985346998199034,-5.180376680125054e-07
672,0.2221526849382911,0.5904584554193895,0.010622918969755868,0.053837796648448843,0.010623181170051189,-3.1506170888873086e-07
673,0.8557237354903704,0.9312740130128825,0.007115614392617194,0.022479625843417415,0.00711592175190629,-2.6450962964386093e-07
674,0.3075544189533399,0.7968877513074051,0.02166389268134767,0.06363128945918899,0.021668522631414812,4.1895333990904504e-07
675,0.8177302033089004,0.9111484805077513,0.021183095529394593,0.060099028490207554,0.021192353892378144,2.0330890049269357e-07
676,0.16730092575574107,0.46007482136769934,0.03028413108037111,0.09276056938361552,0.030291741313920668,-7.42442589352077e-08
677,0.804770738663538,0.9123893951734834,0.018274486956835943,0.057200594624410926,0.018281902648663702,-2.61336462026307e-07
678,0.7228059159786626,0.87402670016936,0.01866799118359379,0.05911060318551596,0.018674503576840248,-8.402133733209638e-08
679,0.9377461029149147,0.9716629823053792,0.007294717118906243,0.01930634980061997,0.007295327011381385,1.029149147013797e-07
680,0.574748106897705,0.7715723260667988,0.022561200585644533,0.060762865021597195,0.022568161877355022,1.0689770491012496e-07
681,0.5412174213145908,0.7707424088893118,0.02836867149365236,0.08134877266524418,0.02837974389614103,4.2131459088157186e-07
682,0.942042280278704,0.9711225673336192,0.004081466645419918,0.012877988074441637,0.004081619379208925,2.80278703912451e-07
683,0.7785461489309977,0.8880309506396491,0.024080554813671856,0.06266587717803734,0.02409123026899428,1.489309977564801e-07
684,0.7929265097264454,0.8955056597049387,0.011742930740332011,0.0315085885073024,0.011745434022368873,5.097264453857164e-07
685,0.6647068702935836,0.8290607310308898,0.01629171607841796,0.05351523128833782,0.016296224913038032,-1.297064164962336e-07
686,0.9779965865126218,0.989452551593486,0.0027903072090429723,0.011304867305564086,0.0027905067597440453,-4.134873782257742e-07
687,0.7808686607202541,0.8919913032543806,0.010856868237890619,0.032457903774077555,0.010858548499458118,-3.392797459644825e-07
688,0.9058606681410486,0.9576036637473845,0.006550746460849615,0.017791424718424778,0.006550985676446046,-3.3185895143006405e-07
689,0.5055910527895549,0.8521781829238569,0.015361756655468758,0.05447092003274483,0.015363967983698667,5.2789554838561514e-08
690,0.5814444609052185,0.7754456455500555,0.027565215660351566,0.0785900432722601,0.027575759709834228,4.609052185466922e-07
691,0.7368091409680934,0.8590254627935813,0.012241739722656244,0.04279297035731342,0.012243184604535984,1.4096809330954585e-07
692,0.8515378874704695,0.9308631431876884,0.011441488991796886,0.040368903604200666,0.011444623521966058,-1.1252953047158343e-07
693,0.9306702520102067,0.9659498694172021,0.004634796552675786,0.014737121262069264,0.004634984384259212,2.520102067027352e-07
694,0.6815361739402559,0.8528261823917187,0.020164325311328172,0.054150008784093276,0.020170296887066935,1.73940255865368e-07
695,0.4743786196322235,0.7083738977695375,0.021227405121142587,0.07245008737514415,0.021229312990584736,-3.803677764979696e-07
696,0.7693628421707288,0.8877960997964125,0.014898441863867186,0.047334845307756404,0.01490080978880275,-1.578292712078877e-07
697,0.6542923161555652,0.8869327866809124,0.01811885910830078,0.04345349644292767,0.01812320794603022,3.1615556517206045e-07
698,-0.6573633267837768,0.1469012707391244,0.013694024771679678,0.07064701397439047,0.013694335413162529,-3.267837768161641e-07
699,0.8110897392340307,0.9030548025773719,0.019123791681347653,0.05076648304066578,0.019131056619748565,-2.6076596926216666e-07
700,0.8703880108212829,0.9401179737232065,0.01539254925419923,0.048915062899870715,0.015396282290690417,1.0821282869777349e-08
701,0.1264503543767277,0.7014295360886155,0.02489791488056643,0.06772795579297188,0.024902522098670155,3.543767276847909e-07
702,0.8022272338211797,0.8981588928585994,0.016172705137988286,0.04828850524134101,0.016177935773622473,2.3382117964043658e-07
703,0.7746007524199022,0.9226519296669834,0.020208380952148462,0.06150710433345932,0.020216599972455722,-2.4758009775638357e-07
704,0.8370417741104035,0.9167034767846659,0.01067128228466797,0.031087276385664192,0.010672576501060916,-2.2588959647240614e-07
705,0.583518588732145,0.7673402353392812,0.021012027862890633,0.06295839307584576,0.02101730623955405,-4.1126785499390195e-07
706,0.7983610044148051,0.9137466614724059,0.015575229865332026,0.04683911758469299,0.01557988119212229,4.414805077068706e-09
707,0.6759557394186074,0.8455776660151041,0.012000567954492185,0.039973271006430174,0.012003454665304643,-2.60581392574899e-07
708,0.9458167757875127,0.9751621219993234,0.00504772994129883,0.02404583122208989,0.0050481589769094835,-2.2421248735415844e-07
709,0.8709334974466022,0.9372298644177472,0.008152332897119132,0.021966693323754102,0.008152828933249182,4.974466022433788e-07
710,0.25171114375046133,0.6226200869858902,0.02582507888203126,0.0777646996753129,0.025832672295305042,1.437504613122087e-07
711,0.8629391028529731,0.9329895118802604,0.01772963986347656,0.05196594443784063,0.017739610360034547,1.0285297313838981e-07
712,0.8420871373621631,0.9184583779255031,0.00861906272470702,0.028423207581745127,0.008620303795878725,1.3736216308846139e-07
713,0.48903012537762147,0.7531507902450062,0.02278709149999997,0.06529245194364301,0.022795326537385332,1.2537762145159448e-07
714,0.8038320182220294,0.8974068808202574,0.008373890470800782,0.027599020199413418,0.008375126317840445,1.822202944090634e-08
715,0.931712547965814,0.970320547576105,0.005478052614160163,0.015942823450503768,0.00547832861640982,-4.52034185971506e-07
716,0.8253494061941328,0.9099819009943416,0.008560915703388681,0.02853235640358889,0.008561244574010397,4.061941327737628e-07
717,0.6256989050806563,0.8116290062571536,0.0160584698361328,0.058475883846707676,0.01606099793839259,-9.491934371830268e-08
718,0.7023828434215228,0.8580079727451638,0.025874604735058586,0.06851445478254643,0.02588542176098949,-1.5657847718397733e-07
719,0.33296354280993523,0.6197892070308567,0.015435161594921863,0.06229077766345256,0.015438010956184222,-4.5719006475097856e-07
720,0.8054786752345615,0.9169144999481,0.017908065221679703,0.050147339537453726,0.0179146499967167,-3.247654384308518e-07
721,0.6515480826709428,0.8221485809518999,0.02523209861162112,0.06977417945184546,0.025242196199406593,8.267094275815623e-08
722,0.5332559743455867,0.7753658366367646,0.021585076555371063,0.06130544059032178,0.021592593861457253,-2.5654413260411957e-08
723,0.11249238701685449,0.6680771518439111,0.0252637123316407,0.07057190038454186,0.02526837139987187,3.8701685449449297e-07
724,0.8181816947094862,0.9124182142943319,0.017823714813476575,0.048893449284661654,0.01782981134839006,-3.052905137579387e-07
725,0.9034824006562131,0.9551975587270432,0.00998168785185548,0.028058564905831092,0.009983237287220434,4.006562130953739e-07
726,0.9330310911946078,0.9669089815270572,0.0075935858098632875,0.024714124313266948,0.007595450750508317,9.119460775419697e-08
727,0.8552437823896242,0.94114786811205,0.012776354249902342,0.036754148806677066,0.012778159705476895,-2.1761037583001297e-07
728,0.8383539221569858,0.9300508025765868,0.00982317640224609,0.026284268961318552,0.009825288046275294,-7.784301425672879e-08
729,0.3467087389432215,0.7743026079212872,0.019208591708691384,0.06252420193424522,0.019212187450167242,-2.6105677847221287e-07
730,0.7614602276078959,0.8738177975769891,0.017725501166699232,0.06041336377906087,0.017731682573097672,2.2760789586406815e-07
731,0.8036713990528378,0.9021346016542146,0.01540512465996094,0.05645383683601826,0.015411203615391512,3.9905283777397216e-07
732,0.9262324885631901,0.9639547731399676,0.005197254445898451,0.015330877141073696,0.005197885066309408,-5.114368099023991e-07
733,0.7332662826213436,0.8738153083284375,0.013560397591562476,0.04014256843335575,0.013561584443796263,2.8262134366130454e-07
734,0.774482596634377,0.8904798092290028,0.01625689502714843,0.04910460719294434,0.01625982046640505,-4.033656230140181e-07
735,0.7977387420393407,0.9008782664513652,0.016663322158886714,0.04174628842128869,0.016669728809088343,-2.5796065927785605e-07
736,0.16322103966199797,0.6635720817721674,0.025528586709375016,0.07460303695021388,0.02553396395791284,3.9661997963680307e-08
737,0.7610675439322199,0.8739288217679473,0.008603135370410162,0.03270877224618201,0.008604359243283259,-4.560677800968804e-07
738,0.7927430567787488,0.9101218560618588,0.011738927285253898,0.03877632133501491,0.011741493273542196,5.677874881371281e-08
739,0.45547025736350233,0.697329885667886,0.026326730181347704,0.0998877209406304,0.026331337293806854,2.5736350234284444e-07
740,0.2095921428065446,0.7499005901253248,0.02777165872949217,0.07185901552837574,0.027777301449396823,1.4280654458964648e-07
741,0.19539453226622927,0.6523941018320173,0.013696175919638665,0.05648871748321886,0.01369685431757368,-4.677337707426066e-07
742,0.6003440993169307,0.8146697760411747,0.015363424258300793,0.05282726628072047,0.015366368545175623,9.931693067954939e-08
743,0.780277268933418,0.890160813503961,0.013006995984277353,0.04394366241176287,0.013011965511543128,2.689334179795111e-07
744,0.8261087869300812,0.9144784115664832,0.007957996351757807,0.025504264280656407,0.007959331274880566,-2.1306991881964166e-07
745,0.5239576165689318,0.7381108881455941,0.029297510780371086,0.08170234620826307,0.02930681278326326,-3.8343106822935624e-07
746,0.6266836734775643,0.7978773684661026,0.018468013319726525,0.06125029776169282,0.01847355664661707,-3.2652243575626017e-07
747,0.7703731997790777,0.8823774034539302,0.011962278441601564,0.04038871285214308,0.011966409552519177,1.997790777252817e-07
748,0.6765781812503389,0.8379141717876224,0.017112620719628904,0.048666290645694145,0.017119009532274448,1.8125033884874853e-07
749,0.5386738144861234,0.7399904384933657,0.020655083172265613,0.06420635136321498,0.020657595458131808,-1.8551387659382357e-07
750,0.7242955665132486,0.8610939275776219,0.015152920778417959,0.050019710440750154,0.015156944935172691,-4.334867514943497e-07
751,-0.31302766982212127,0.7719737750221288,0.027607128164746066,0.08007839166215479,0.027613692132661842,3.3017787870459614e-07
752,0.6552921819771533,0.8137289414420251,0.020697664153320337,0.06293656609417043,0.020705234082144842,1.8197715334622444e-07
753,0.8707895521419353,0.9333176785686357,0.011725894938281235,0.040227871635488376,0.011727882476598003,-4.47858064633877e-07
754,0.7290182432032619,0.8622014596444575,0.01088996546875,0.042632606888438354,0.010892708619864761,2.4320326186266783e-07
755,0.6086779603441312,0.7900458930702112,0.011100326503710949,0.046309400714060554,0.011101763855738408,-3.965586881093941e-08
756,0.9113072675646362,0.9609910055419681,0.0075031966040039035,0.023722689168226098,0.007504000208887073,2.67564636224904e-07
757,0.6390727707678237,0.8078372684272588,0.013317305691406234,0.0406788883608273,0.01331956432189525,-2.292321763519567e-07
758,0.5897528085709053,0.7787269661735491,0.019286559317382806,0.06371172751783116,0.019295277506477613,-1.914290946869457e-07
759,0.6231257953740296,0.8260922737953823,0.017687487458886732,0.05534034544997491,0.01769194007082728,-2.0462597039028196e-07
760,0.7476305320078923,0.8906758161195265,0.013716238160156253,0.04803025231427145,0.013720315327475847,-4.679921077332949e-07
761,0.8737161925786476,0.943394351391229,0.008152905876513647,0.029302453323597287,0.008153454195982188,1.925786475842628e-07
762,0.8661967238329414,0.9319506647840524,0.009879372220898446,0.025444530804091182,0.009881189020777156,-2.761670585549325e-07
763,0.7752214146329894,0.913599739628822,0.007318816484794916,0.027726486349023905,0.007319142048577058,4.1463298938726467e-07
764,0.8110721722341493,0.9203403143594903,0.011657393480957024,0.04336501620055628,0.011660309851548274,1.7223414927602931e-07
765,0.9224559715493269,0.964201616358362,0.01052055425322265,0.03334369669205849,0.010522560631948586,-2.8450673150715033e-08
766,0.8311412123552144,0.9132488402411335,0.01022812224565429,0.029551896824857562,0.010228760784740724,2.1235521441287375e-07
767,-0.5561788338026352,0.5308673402076369,0.02900581985195313,0.08223165678961852,0.02901044727938822,1.661973647593129e-07
768,0.8610138416223164,0.9341231733468962,0.007389440216914072,0.02109179037432378,0.007389697595204113,-1.583776835234474e-07
769,0.7180738567022924,0.8506172200276904,0.01882436288222655,0.058364277093962656,0.01883245157271989,-1.4329770758880755e-07
770,0.3257227375359798,0.5984411461160349,0.02485745309902344,0.07914622308805046,0.02486135208249532,-2.6246402018426096e-07
771,0.7752183686095975,0.8972312326291602,0.019426869932714842,0.05483195725960528,0.019430047526573346,3.6860959751194855e-07
772,0.3373795885439266,0.7981269940395354,0.011984425922050781,0.04499414248039559,0.011984750900915752,-4.11456073434735e-07
773,0.6832967267941579,0.8302684689013974,0.0166092458707031,0.05244133556263066,0.016614060914640825,-2.7320584217171984e-07
774,0.7907595061197514,0.890077711444874,0.010793572089941405,0.031123207898031375,0.010795434584168016,-4.938802485865423e-07
775,0.8848514138596634,0.9455825240631955,0.007962156777636727,0.020927493954085295,0.007963354850039878,4.138596633174174e-07
776,0.7653688231332397,0.9205336767479931,0.016988632225292958,0.054409041410481,0.01699141795807233,-1.7686676023753733e-07
777,0.892409636760968,0.9461355350252086,0.004918776658193359,0.019637845191934206,0.0049190213927398155,-3.632390320751355e-07
778,0.8207545782260781,0.9162821020453745,0.011296286824218743,0.03779439566100702,0.011298122907028234,-4.217739218992378e-07
779,0.9472308898878361,0.9743653494411022,0.006246262487792965,0.016704886606050497,0.006248282063769898,-1.1011216394241075e-07
780,0.7807536044538397,0.8921458012698493,0.014197589760351553,0.0553786919620423,0.014200175400709407,-3.9554616027004386e-07
781,0.9346805348220739,0.9676082038083922,0.007354860116699221,0.029623204482630915,0.007356362309423164,-4.6517792606781683e-07
782,0.6852493121903145,0.8377801610723622,0.019223302687890628,0.060330063326536953,0.019229839868107824,3.121903144887028e-07
783,0.451885225065647,0.6931429256068297,0.022314944574902393,0.07226983767184461,0.02232190812852312,2.2506564700819354e-07
784,0.6536048029734303,0.8171523007813599,0.01514850510839846,0.05330776009682277,0.015152091890377821,-1.9702656972597765e-07
785,0.7681662897017876,0.8785173948910718,0.015273683811621086,0.04760478924409407,0.015276380329533143,2.897017875591601e-07
786,0.9519746660042729,0.976338385563981,0.00463766565794922,0.011910449145147954,0.0046378699118735595,-3.339957270753757e-07
787,-0.021474071368418945,0.5964145840967577,0.0231196108202539,0.06627636469441653,0.023121448212147757,-7.136841894544999e-08
788,0.5713933352178727,0.7680133589483809,0.024805863861621123,0.07942784639449611,0.024814323071800596,3.3521787268231407e-07
789,0.8072173690640291,0.9016788387847172,0.012164051458593762,0.03882888716437734,0.012165353304680814,3.690640291154068e-07
790,0.6112160264656981,0.7963097572963127,0.012990357131835915,0.04631699254441682,0.01299266072928395,2.6465698077515754e-08
791,0.38877866175305364,0.6634706432988756,0.01974582990087889,0.08100458578144526,0.01975044844449539,-3.3824694634088104e-07
792,0.8590146077949762,0.9324336280849914,0.010761763732226573,0.0358480128821054,0.010763352391199826,-3.922050237914476e-07
793,0.6065706318271002,0.8001795383288529,0.01655823743720702,0.05014782041908689,0.016562323523074702,-3.6817289972290723e-07
794,0.4756359512570709,0.7403576193638424,0.023177358645605505,0.072353392337372,0.02318257374639383,-4.874292908185751e-08
795,0.9018060520293512,0.9523077113010913,0.012470254230175788,0.035899764887999314,0.01247745058607611,5.2029351160776116e-08
796,0.4363151461099414,0.709198504372385,0.020028202445410145,0.06767406718779753,0.020030322841364905,1.4610994136798894e-07
797,0.3121165583246571,0.7529112153535258,0.022499194575849642,0.06477781509514725,0.022501292416794272,-4.4167534285488586e-07
798,0.7504990208577602,0.869378806577834,0.017482280720019512,0.057319915914196655,0.01748944332915109,2.085776018567742e-08
799,0.8376346776703414,0.9215343009845198,0.01752323969833984,0.05066803561184368,0.017530533744969684,-3.223296586307711e-07
800,0.8437309340730322,0.929816291155847,0.007444951958398428,0.021956371425229763,0.007445882161288014,-6.592696777385498e-08
801,0.9368054779997302,0.9704026870406748,0.009004749252343737,0.026243206026851446,0.009007335351999584,4.779997302417627e-07
802,0.7000158937186167,0.8536945034509164,0.012618877445019525,0.0411561755989112,0.012621088623145142,-1.0628138324975112e-07
803,0.9373545864983424,0.9707372627878982,0.006085662092480474,0.0158287595588224,0.0060870545311614,-4.135016576922723e-07
804,0.5589900790024922,0.7700824754619431,0.017585436893261752,0.060222246119387784,0.017590793747318447,7.900249221481914e-08
805,0.5750150997389518,0.8087499530822866,0.011272034103808587,0.041172707739166446,0.011274043269098042,9.973895176429437e-08
806,0.9448548683052516,0.9753056807686532,0.005578481839248037,0.014287362808616966,0.005578690780854771,-1.3169474843977014e-07
807,0.9448993844661406,0.972323039650898,0.0068768956450195465,0.016887693451488193,0.006877675043788533,3.8446614059051143e-07
808,0.7218724126344713,0.8707320278160059,0.019908599260351573,0.057303514291661174,0.01991464397015901,4.126344713695218e-07
809,0.6958496053894281,0.8371636264738458,0.019266722668261734,0.059885647483907054,0.01927323465674982,-3.9461057188550086e-07
810,0.6368430381203902,0.8706977452857567,0.020790505169824215,0.054919591369529806,0.020796585742112565,3.812039017780933e-08
811,0.3021415071859461,0.6651530373192106,0.023933767599902334,0.07317505210321733,0.02394007500049043,-4.928140538984493e-07
812,0.1393629001026272,0.5327255416195747,0.012449732409501953,0.05564652249618472,0.012450664022095461,-9.989737279059163e-08
813,0.7477737511255327,0.865818400086836,0.011991489572167986,0.03952744589436772,0.011994925350605711,-2.4887446736787666e-07
814,0.46507312804395906,0.6983265620296726,0.021680276916699253,0.07017087099673196,0.02168598918407545,1.2804395904675303e-07
815,0.6985189668478156,0.8438289131990662,0.021348152716601572,0.0643530022977747,0.02135911816107096,-3.315218444210899e-08
816,0.6563427787512239,0.8146925557026619,0.017794904345703123,0.05337195291444498,0.017799769460571026,-2.2124877607776483e-07
817,0.8533562542927318,0.9271593576639392,0.008338944476640624,0.0247080134860246,0.008339337251669594,2.5429273176058587e-07
818,0.6180431123106955,0.7975444983526556,0.02777720225419921,0.0747744522829521,0.027788377636486013,1.1231069552142259e-07
819,0.854243150920089,0.925919212053213,0.00970070614414063,0.025779514520690917,0.009702542778243547,1.509200889815432e-07
820,0.787008233456546,0.8945929488179227,0.018824054330078114,0.05660083164934663,0.018831182407165022,2.3345654598383447e-07
821,0.3364118848416422,0.7489269984934324,0.018846918956738245,0.060036346935821494,0.018850903858730395,-1.1515835779407624e-07
822,0.5154708723622456,0.7530128994898383,0.016271430734179682,0.0453002285453489,0.016274846638955946,-1.276377543657503e-07
823,0.57509974263051,0.7761843898769778,0.020944576198339844,0.06796663990677079,0.020950199108174302,-2.573694899421497e-07
824,0.5063284369726567,0.8317905363494165,0.018215399711132795,0.05496564569756261,0.018219360560035952,4.3697265672548724e-07
825,0.5849663563752946,0.7664496171232086,0.018099461214550732,0.05913796626926697,0.018104284014769427,3.56375294607858e-07
826,-0.07412129350427943,0.7682764158283992,0.025769200684472655,0.07210564623346771,0.02577439157734547,-2.935042794222076e-07
827,-0.16227021536951103,0.7181230533078359,0.02447358639404297,0.07212266854773638,0.024475324496240146,-2.1536951103073854e-07
828,0.9246715392676195,0.9647062165443991,0.005638270112207025,0.01527375817320729,0.005638929649877268,-4.607323805805308e-07
829,0.7081746881170103,0.8461049790152081,0.011487107375585953,0.04467353511368744,0.01149018487108225,-3.1188298965645345e-07
830,0.8245687367465941,0.9094676140079185,0.009984594938720719,0.03141085875603601,0.009985285141001117,-2.63253405852204e-07
831,0.5846335842841793,0.8456022606275739,0.02904548128828127,0.07764130178422585,0.029056157921208327,-4.1571582065635937e-07
832,0.7681581585680823,0.8973543278192675,0.011529386793847666,0.032886085826416965,0.011531632318626826,1.585680823312785e-07
833,0.8931442292567839,0.9468831654609955,0.008320073156689466,0.022331197903381488,0.008320591628729388,2.29256783890186e-07
834,0.800215938638686,0.8992640975156247,0.010611840256152355,0.03592533805914015,0.010613586673016902,-6.13613140298952e-08
835,0.5846595516208368,0.7894691571457213,0.02170567364726562,0.06730950493075875,0.02171436787822044,-4.4837916313156256e-07
836,0.823050087707424,0.928797947703288,0.009986908743457031,0.037441231178357307,0.009988300243528857,8.770742410124654e-08
837,0.944195629152488,0.9753379248487807,0.005462875599375,0.013856487396587434,0.005463322459925567,-3.708475120323129e-07
838,0.7026516551576967,0.8479811196960783,0.0228028522717773,0.06274774114980475,0.022815196210097848,-3.44842303379167e-07
839,0.7090920771796616,0.8502902929354113,0.013913078635644536,0.040847001583343125,0.013916557294847021,7.717966166165269e-08
840,0.49937586215591945,0.8078065099305841,0.022723716136621122,0.06271063598345719,0.022729406989166628,-1.3784408053885144e-07
841,0.6980398095927391,0.8385616428588994,0.015818493834179714,0.05790480538288357,0.015823881288186674,-1.9040726084718074e-07
842,-0.37346677948346163,0.6893128960966889,0.029364992886914073,0.08215427672503559,0.02936933393879423,2.2051653836285823e-07
843,0.867865782661196,0.933838697577727,0.00866850195097657,0.02563186183291324,0.008669784506010704,-2.173388040649371e-07
844,0.7905564222222496,0.9093187020643525,0.015611650409374987,0.051319163436264685,0.015614106775371978,4.2222224960752897e-07
845,0.8913608866614565,0.9450494081457765,0.010999855208398442,0.03639914103578548,0.01100285603162766,-1.1333854343931193e-07
846,0.6862979342652922,0.8356273919169607,0.017037772597851542,0.0629199331632459,0.017040928896548554,-6.573470778814539e-08
847,0.5588900664094597,0.7672277571471552,0.014360984534345696,0.05347172961035167,0.014362146845511705,6.640945970914913e-08
848,0.47766084622659344,0.6991333730223418,0.026865324744921894,0.08173932986509558,0.026874905613835848,-1.5377340656375083e-07
849,0.6086978436161289,0.817080689301337,0.02176125146191407,0.06731947908826762,0.02176514994633534,-1.563838710749721e-07
850,0.908181858972443,0.9531753612321885,0.007259341713496099,0.02302869423618347,0.007259646359256022,-1.4102755707678938e-07
851,0.28824596264962243,0.6920402709854606,0.019399623376464836,0.07363980997748075,0.01940412586908283,-3.735037756857906e-08
852,0.6062903543571718,0.8511941381825199,0.01961527841113282,0.05619016830124225,0.019620465432376197,3.543571718278571e-07
853,0.764179163075643,0.9392766767187083,0.0090241902401367,0.038762192183310694,0.009025246350096423,1.6307564298934096e-07
854,0.5174160316219886,0.7355822992391358,0.025828044770996057,0.0778403843440517,0.02583576456462095,3.162198858319698e-08
855,0.920930227018193,0.9601913074676867,0.005407873628339844,0.015017437562511633,0.0054083270267287235,2.2701819302195503e-07
856,0.8262311195279382,0.9105566235312704,0.007842785653808602,0.024442769848301734,0.007843735843184272,1.195279381027703e-07
857,0.762241248409779,0.8777570196984981,0.01682314444580078,0.04878107818394994,0.016825770914989067,2.484097790800277e-07
858,0.6779445894534584,0.8317951965222959,0.02797222601923828,0.07698876889828297,0.02798833431881646,-4.1054654165151305e-07
859,0.6391939065998988,0.8243483782799206,0.021049017003320302,0.06775376005023408,0.02105230972561186,-9.340010120872932e-08
860,0.21058984092894295,0.5651698747661997,0.03168759238984369,0.09840007921592415,0.03169902788071962,-1.5907105704870972e-07
861,0.8277293686175786,0.9265852270252896,0.01420213687968749,0.0417272869438769,0.014203992949535789,3.6861757857220567e-07
862,0.7124336679791443,0.8551963879134107,0.016991033220605477,0.05039505754629712,0.016993701461149847,-3.3202085569783435e-07
863,0.35918711262745495,0.7126653409463088,0.015140365501562506,0.06520765171502944,0.015141976115706992,1.1262745497342408e-07
864,-0.07024017229683954,0.7877803342465544,0.030391919057324242,0.06974787543065915,0.030397003679638348,-1.7229683954567143e-07
865,0.05358442438548172,0.6803875768966583,0.024488381012695286,0.06892770025551702,0.024492253032164745,-5.756145182791994e-07
866,0.9163199817251082,0.9588682713528249,0.009094428139453143,0.026907391844699414,0.00909667965772556,-1.8274891822045447e-08
867,0.9107319537950289,0.954332163605347,0.010227644933203134,0.027025564811126994,0.010230201459524848,-4.6204971071439616e-08
868,0.8613332186399391,0.9501321612514161,0.010734464283105481,0.0386842998500088,0.010736108553559616,2.1863993904247536e-07
869,0.5290208533254268,0.7638733056476926,0.01818328629384765,0.060565184456807135,0.01818739295261417,-1.4667457315375998e-07
870,0.5976148850749353,0.7885879079218788,0.019453244214453144,0.06582233503811451,0.019459962969051822,-1.1492506468702146e-07
871,0.8349591647238523,0.931367948271224,0.019253371751757817,0.054150686769802614,0.019257830960290167,1.6472385233612385e-07
872,0.09262941102494415,0.6533996353659416,0.028463669174023477,0.08654300019770546,0.028470974561315844,4.1102494414968493e-07
873,0.9189600917635374,0.968826763538265,0.006299307700351565,0.016550901941217167,0.006299883042462318,9.176353743534094e-08
874,0.7068276870397254,0.8472489690875096,0.02287128452089845,0.07393351989650689,0.022879824177322462,-3.12960274584384e-07
875,0.8669161736034241,0.9372661988756317,0.008651332649121097,0.024827618329799996,0.008653606971067297,1.7360342408068163e-07
876,0.3645306599150986,0.6290876023141497,0.020127479803710917,0.07664566343149982,0.020131475402317685,-3.400849014068008e-07
877,0.6710234685590821,0.8432178672937803,0.019776315608691374,0.05947779842767942,0.019782001854127134,4.685590820896479e-07
878,0.8311736176983162,0.9146208330381422,0.008685759546972649,0.024862488197047346,0.008686704491030536,-3.823016837545268e-07
879,0.6911523624406655,0.8333398527557302,0.021867333408984346,0.068835750801904,0.021875174639709543,3.6244066548007936e-07
880,0.8755514430848759,0.9404634916896626,0.01038473899160156,0.03364072970765164,0.010387719956636288,4.430848759007233e-07
881,0.5005098864603886,0.7238487292006698,0.014649714910156248,0.05870513468153123,0.014654347528957752,-1.135396113793874e-07
882,0.3802363872097124,0.6857663136699476,0.02826707537070309,0.08645663934422494,0.02827243821966505,3.8720971240469026e-07
883,0.7040206091193781,0.8540406721811602,0.017891852552441436,0.05213084548482106,0.017897128702940714,-3.908806218699823e-07
884,0.48652068685103134,0.7738057170564533,0.020173274547363278,0.06384780250707331,0.02017565213296593,-3.1314896864476083e-07
885,0.6398581655700339,0.8051457138563385,0.026459352634960923,0.07531826727361181,0.026471766683775873,1.6557003390538227e-07
886,0.7149904324335898,0.8479378668420561,0.015356041113671854,0.05589335810807853,0.015359814912677194,4.3243358982536506e-07
887,0.8328104190944904,0.9135395438905711,0.014487665924902353,0.04661333059778565,0.014493882372792867,4.190944903337268e-07
888,0.7272197823860159,0.884954207213763,0.014276716927441405,0.046144595899329025,0.014280818841311159,-2.17613984054843e-07
889,0.8838258265484876,0.9452998203541124,0.013556103667187491,0.03906314471250595,0.013558365673057043,-1.7345151237524448e-07
890,0.8531260498466646,0.9242944543626599,0.0058000868095800856,0.02404078351145313,0.005800204746361236,4.984666457374942e-08
891,0.8722576922845753,0.9417072148845296,0.007501165845029296,0.02456752702024063,0.007501776302676068,-3.077154246966529e-07
892,0.8321419992296281,0.9270911707808758,0.011247402880468752,0.030971992532763042,0.01124989763751903,-7.703719884233351e-10
893,0.7681396516586194,0.8943098150600184,0.013437226683398425,0.03938819689418845,0.013440856683788815,-3.483413806293356e-07
894,-1.6657231470014446,0.383371923257761,0.039671530571464865,0.103485577901466,0.03967347998781102,-1.470014445725809e-07
895,0.8318524973756558,0.9128913754602778,0.006382230179091792,0.024178279032767033,0.006382447010985288,4.973756557724585e-07
896,0.38086993871468167,0.672224414040766,0.01930068650259765,0.06387325425430974,0.01930209708711339,-6.128531832017003e-08
897,0.8184414881700586,0.9188773074719376,0.011636780332031268,0.03395424913342475,0.011638209514634052,-5.118299414297312e-07
898,0.714989118259636,0.8651024130989982,0.018679135854101563,0.06348573596964731,0.018684974746150454,1.1825963597278388e-07
899,0.6549267844771314,0.821316615906005,0.02032906963691406,0.0628939893513755,0.020335211309970236,-2.155228686628874e-07
900,0.7518538284569952,0.872758589921452,0.022565936470019494,0.06721832443710528,0.022576875806207382,-1.7154300480104467e-07
901,0.7430434003584572,0.8664919461371344,0.016187286845410147,0.05543180730828845,0.016193556167725637,4.003584571643515e-07
902,0.8437593740896054,0.9213444894611487,0.00872796565198243,0.027745213238471813,0.008728621162266664,3.7408960540386005e-07
903,0.6988576490466201,0.8706101026451606,0.0096240958013672,0.030636436608082258,0.009625698381002943,-3.509533799128661e-07
904,0.823902867229827,0.9248764393232694,0.013202455760449223,0.04323564630097411,0.013204507680201991,-1.3277017307800065e-07
905,0.760937695990179,0.890003295884673,0.01131789893916016,0.03831413664051418,0.011318389439902328,-3.0400982098388596e-07
906,0.7644595774915187,0.8770279625015649,0.01879122706162109,0.05250724955040602,0.018797600062723876,-4.225084813125335e-07
907,0.7688673431376641,0.8816755340337419,0.02350798177392577,0.06834305206623752,0.02351916361218156,3.4313766417159997e-07
908,0.18202329641598358,0.6368720888313667,0.02054144028066403,0.06700994948222587,0.020545109376275746,2.964159835916469e-07
909,0.27006754869178673,0.7280808828424532,0.024930935214550764,0.06594608623128086,0.024936995812239782,-4.513082132451274e-07
910,0.23208506715750832,0.6620311078148636,0.029670627869628905,0.0869555371213144,0.02967867487133683,6.715750830443845e-08
911,0.5860178868348658,0.7772901754972521,0.015791490420615225,0.05769468611644662,0.015792733080345726,-1.1316513426340435e-07
912,0.6520169019581363,0.8272081410376869,0.016905743176757814,0.059769377138004766,0.016912649205062226,-9.804186362760703e-08
913,0.977278947471722,0.9890447722602125,0.004318790893320308,0.011239198273379212,0.004319205506209777,-5.25282780605707e-08
914,0.9471300129753517,0.9740781898519294,0.0048875966053710885,0.014304162950048853,0.004887912667726646,1.297535168198749e-08
915,-0.8828401725280541,0.5349304283171031,0.03423549337866206,0.09457251905060694,0.034238262138244074,-1.7252805417644623e-07
916,0.7637513798740941,0.8893086686826516,0.01372152019794922,0.037014591557795476,0.013724275166400872,3.7987409418072104e-07
917,0.06827862409914198,0.3971666624055113,0.04455257801533202,0.1189881020415929,0.044568143292301986,-3.759008580239698e-07
918,0.962884207396525,0.9847960019821659,0.00493017317385742,0.011972624868815071,0.004930496575827005,2.073965250648513e-07
919,0.6516709257637641,0.8317964321981405,0.019007212695117206,0.06423615682541965,0.01901353936287792,-7.423623593627582e-08
920,0.8516229818969793,0.9253182247889561,0.009542870505859365,0.045946284100154576,0.00954488315996673,-1.8103020749116183e-08
921,0.5898875893053857,0.7746001240689867,0.028975448879492216,0.08137716218721419,0.02898677627685081,-4.1069461431675336e-07
922,0.8569091690882518,0.9458345383306477,0.012924475834863263,0.03414622590762036,0.012927206054318331,1.6908825173356234e-07
923,0.9493601149142754,0.9759470362948455,0.004795621149443359,0.013075301730774392,0.0047958142194281204,1.1491427542864585e-07
924,0.7983581959740756,0.8939111655931412,0.014385170526953121,0.04775989519824418,0.014387573254564147,1.9597407563409774e-07
925,0.8300575894386882,0.9121485783173071,0.012633462377539052,0.03338656469028442,0.012638175958405749,-4.1056131172556576e-07
926,0.5557977306328986,0.7988835481414986,0.03460093978339842,0.09565517448658087,0.03461421627373551,-2.6936710140201825e-07
927,0.5736346900629395,0.7661310350526997,0.022376656084374974,0.07867995394118232,0.022384847257369143,-3.099370604608964e-07
928,0.9466064722634884,0.9736538694781923,0.0048478040209081995,0.014199214682165557,0.0048480550565926685,4.722634884268828e-07
929,0.4625897490145042,0.7253434551653147,0.022983785198437513,0.06791046482342036,0.022992285404965614,-2.509854957755131e-07
930,0.6633068855498027,0.8296517752646554,0.019043055821875023,0.061316113601793294,0.019048231571165898,-1.1445019731937123e-07
931,0.5997347273162896,0.8097695772328231,0.015386814900781243,0.052016300903647714,0.015391197047004713,-2.7268371038946526e-07
932,0.8452289678806699,0.924561961075648,0.010188568412109376,0.03020027048891015,0.010190719862619765,-3.21193300845124e-08
933,0.7004510129120947,0.8525871383481495,0.011603222529638642,0.03892287863100536,0.01160389575541154,1.2912094615735725e-08
934,0.299706806021802,0.5954574248203307,0.017916038333876946,0.06920160221463359,0.017917270385949056,-1.939781980042632e-07
935,0.7899611626884213,0.9015828898153774,0.02150747024492189,0.05251767368264278,0.021516240212793646,1.6268842129019134e-07
936,0.4424956925032648,0.683359752960218,0.01699421050820313,0.055227145454594916,0.016996941211282722,-3.074967351857083e-07
937,0.44971368746902995,0.6985931707808692,0.013973665049970696,0.0488777220203001,0.013974045598726424,-3.1253097004801944e-07
938,0.6926072813783275,0.8337255191576186,0.01387436840994141,0.048872348821866626,0.013875544688845356,2.813783275268378e-07
939,0.6375621359587023,0.8016680168321454,0.013534692879667982,0.047534051871530404,0.013535902599255642,1.359587022964348e-07
940,0.5951817376964716,0.7881170701643517,0.024538864080371058,0.07619214582209059,0.02454958004816578,-2.623035283422226e-07
941,0.7475231505226445,0.8774663540793352,0.022380938807910207,0.07024550879671512,0.022391431629816536,1.5052264445980512e-07
942,0.7596057596237872,0.8857673565334585,0.022064557551953096,0.05840828507523921,0.022073973044015018,-2.4037621282335664e-07
943,0.8411679575665685,0.9272383805020429,0.014392515459668,0.04298926738998586,0.01439741495900795,-4.2433431546307077e-08
944,0.31706527520273364,0.6101773437293325,0.02424264961259769,0.07305634008157853,0.024247595113300845,2.752027336572205e-07
945,0.5357997603185463,0.7531804093104116,0.015403733283496078,0.05207617236830945,0.015407730289093662,-2.3968145379527073e-07
946,0.7514140089003581,0.8694036911354471,0.015740848617578147,0.05012840024199161,0.01574765628687229,8.900358117180929e-09
947,0.7049718958556466,0.8528986865307353,0.021638626107324227,0.0594999255377724,0.021645830231414767,-1.041443534743891e-07
948,0.9237291750612079,0.9695954893785531,0.005265375312109366,0.02178830235491523,0.0052660788844722944,1.7506120786325852e-07
949,0.5654614063267486,0.7832533345748376,0.015674004660742175,0.04906992330334673,0.01567771185952161,4.063267485809874e-07
950,0.8622756379820493,0.930002905992879,0.00960691162236328,0.0243517570444279,0.009609204705318928,-3.620179507279886e-07
951,0.9490781894091924,0.9742210087670754,0.005339169102656246,0.017028354612811245,0.0053396779575193894,1.894091924414809e-07
952,-0.9325068532620471,0.742877559061165,0.03699724664033202,0.08368650736285234,0.037001179647421584,1.4673795289965597e-07
953,-0.12622490894978244,0.6384486297724042,0.02592308991992186,0.07430499251523331,0.02592768105885982,9.105021755995146e-08
954,0.6258777147190494,0.7975319664673672,0.02362545700664064,0.07641492524742823,0.023634700984891677,-2.852809506403986e-07
955,0.6966030303791996,0.8432846039070705,0.019677179357128875,0.06300843130900358,0.01968259886625022,3.037919960036106e-08
956,0.7327228808588899,0.8596381203304958,0.02194731035927734,0.061411778148496986,0.02195555179279825,-1.191411100887052e-07
957,0.7481046785322865,0.8877798802937482,0.018982273605859416,0.053486910744696345,0.01898832081638981,-3.2146771355989756e-07
958,0.9404065029539992,0.9705134534030551,0.005618809833359368,0.014776730613814128,0.005619091312860522,-4.970460008024702e-07
959,0.7567685235540069,0.8726420643002777,0.02197681562431639,0.059478552985843154,0.02198565577068826,-4.764459931028142e-07
960,0.5269650616024351,0.7604148522039914,0.02428909257421878,0.07660454997191649,0.024297489261681845,6.160243504194085e-08
961,0.7545618140191969,0.8868787754957095,0.013858289920996086,0.05021764491192881,0.01386113004297797,-1.8598080309129017e-07
962,0.7462738855953828,0.8684397965696837,0.017110750289648424,0.05538537804940197,0.017116135705451944,-1.1440461722411754e-07
963,0.6389265089973788,0.8154941649496454,0.018252147133593744,0.06078589845668803,0.018256778363423393,-4.910026212279206e-07
964,0.7436027867655316,0.884528009410899,0.010375470930859375,0.04015435843094862,0.010376395444969216,-2.1323446841581273e-07
965,0.7544964587635186,0.8786389660654128,0.011526033478125003,0.03756413796598782,0.011528509355781312,-5.412364814105786e-07
966,0.4335762968331416,0.704578079756004,0.02100372928554684,0.0723814021879274,0.02100949584380812,2.968331415664771e-07
967,0.75521607855285,0.8814365583606203,0.008851894046123047,0.02971599212576407,0.00885216287905091,7.855285000246681e-08
968,0.1584430374073581,0.5612707741216996,0.019642341596689476,0.06475547765896626,0.019643653109510936,3.740735809998341e-08
969,0.513985029312573,0.7224221048581935,0.021398403076464824,0.07273622979859039,0.021402579704283796,2.931257292448919e-08
970,0.49085701797266545,0.7256460750940915,0.017142905358691406,0.06198616582251368,0.01714485205548768,1.7972665466992055e-08
971,0.7341732029410961,0.8674067665991865,0.013347309780078111,0.043895479763709146,0.013350872955843765,2.0294109615015543e-07
972,0.6734279144920876,0.8276971264729008,0.014589709894140646,0.0630271026420088,0.014591895420083411,-8.550791241734856e-08
973,0.7760349298302208,0.9095740333999816,0.010986095303320323,0.03832810560787526,0.01098725080501936,-7.016977920937251e-08
974,0.9683002387708501,0.9845315537983516,0.004592724255244143,0.012205700333765668,0.004593089604794435,2.387708500917185e-07
975,0.17927418782193294,0.6775547423034093,0.022873874317089864,0.06710908338990206,0.02287834459462658,1.8782193295097116e-07
976,0.8661292173995891,0.933102118173398,0.01036695790292965,0.03268330695199797,0.010368442729249668,2.1739958910860224e-07
977,0.6738065122041305,0.85046351424125,0.016242490924902327,0.051875663594574475,0.016247220908462357,-4.877958695859164e-07
978,0.6478026016535833,0.8228914187010874,0.020083929251367205,0.06625922842564773,0.020089838572916265,-3.98346416741191e-07
979,0.6418846660455972,0.8061313366211197,0.021094311125292975,0.0686009516698247,0.021097853155248224,-3.3395440279804234e-07
980,0.6699174871316707,0.8982006633986642,0.013222175753720717,0.03883786652280566,0.013223431871845338,4.871316706678286e-07
981,0.872403837098906,0.9450479912337097,0.011959183686816399,0.03766819939966791,0.01196292880848694,-1.62901093947454e-07
982,0.11289681431824561,0.6129583868078233,0.018679859753613273,0.06401491041718387,0.01868415870013621,-1.8568175438882228e-07
983,0.23315037125184934,0.6746714006522088,0.02361762637623052,0.07256310276136074,0.023619792532759427,3.712518493459438e-07
984,0.6487979879617659,0.8301230154543381,0.01779990866445313,0.06265765586868322,0.017805681285912273,-1.2038234076250376e-08
985,-0.7661946954162153,0.5847885885054218,0.033588930070410146,0.08117831743481918,0.033592537223620204,3.045837846382682e-07
986,0.7011490478789643,0.8389159733886264,0.019758872259667975,0.05979283846738971,0.019764924194467143,4.78789642377464e-08
987,0.7818894091118469,0.9376973447476045,0.013129480413867191,0.03552432681850002,0.013132499549248564,4.091118469551347e-07
988,0.42951664994680283,0.8244462862098838,0.017337211098964835,0.05136564097511153,0.017338307149240575,-3.500531971512011e-07
989,0.40094536444889983,0.6590473905948864,0.020307420457324216,0.06767933776571908,0.020311688574787292,3.6444889983666684e-07
990,0.8243099453605774,0.913978651819208,0.008801651643525395,0.026895870381080284,0.00880221197720006,-5.463942254202436e-08
991,0.7842219650507336,0.9104269913909621,0.013508242758105471,0.03862111217610829,0.01350995657850819,-3.494926636982143e-08
992,0.8650666250054886,0.9355537164579786,0.01109809327187501,0.033661651787021116,0.01109969873229965,-3.749945114428499e-07
993,0.6535565700798619,0.8100391306579593,0.013353544536914048,0.04870101709405776,0.01335658237537306,-4.299201381563478e-07
994,0.6725131420419127,0.8304890551877244,0.01396192185107424,0.04590726719348393,0.013963336818829107,1.4204191267630506e-07
995,0.5683164940004743,0.7855042674682092,0.024987018399902413,0.06752395438644962,0.024994599456875558,4.940004743048121e-07
996,0.5934231611125897,0.8277115097414146,0.01860685807119139,0.05023170294022249,0.018610507917477894,1.6111258971385212e-07
997,0.6002101026661278,0.7917286664352563,0.02293303421855467,0.06599426871916199,0.022939101002883752,1.0266612782139362e-07
998,0.5502676164068626,0.7495114734000108,0.02292826825166015,0.07060650859447587,0.022936649023386175,-3.835931373652457e-07
999,0.702805938331929,0.8647547057860562,0.01793132547177734,0.05548218072290379,0.017936848727938753,-6.166807109408978e-08
1000,0.8774173209800009,0.9378122488443894,0.008302098524443349,0.023751233290235613,0.008302710446906433,3.209800009118524e-07
1001,0.7216495898197258,0.8522255161771938,0.019814840648046835,0.05675557817737014,0.019820661050572518,-4.101802741907079e-07
1002,0.8166417545042564,0.9253721735553403,0.021516000212109348,0.054758919326678375,0.021525156869623134,-2.454957436226479e-07
1003,0.7235758493010378,0.8511038324017965,0.016881452979882795,0.052516500632881505,0.016885923121078353,-1.5069896219799261e-07
1004,0.6172164582239874,0.7969280965729374,0.021368273181542923,0.07207092974912523,0.021372274682610562,4.582239874206806e-07
1005,0.6644395338454161,0.8257340314969811,0.012601813687011708,0.04106190023380647,0.012604163172349931,-4.6615458393350906e-07
1006,0.8405605926101275,0.9181439687646249,0.013111463196777338,0.04231172333711709,0.013115898556909863,-4.0738987250321657e-07
1007,0.7880277518530342,0.8935380229400606,0.014292010978808575,0.0437705141224593,0.014295786128523414,-2.481469657533708e-07
1008,0.7630001126484532,0.8753274691041822,0.015796191400976562,0.05543149713604953,0.015799060436096173,1.1264845323211148e-07
1009,0.9143806450226174,0.95652251100175,0.007922861587783202,0.020622127164119826,0.007923386980759783,-3.549773825994862e-07
1010,0.8369810213876239,0.9346752733124329,0.012052988883203141,0.045465686893261074,0.01205524180778,2.1387623894142394e-08
1011,0.8654406419558313,0.9469930484587374,0.011416288386816416,0.03371049338982575,0.01141791730115235,-3.5804416875784284e-07
1012,0.5498508844550845,0.8459481388869826,0.021542920249414087,0.0616426142241616,0.021548181362873283,-1.1554491552434598e-07
1013,0.6755146041956137,0.8264021559636454,0.019909837567089868,0.06556489099327069,0.019917399287398926,-3.958043862661853e-07
1014,0.5542016783247821,0.7611326387581306,0.02444679163076173,0.07555920543281301,0.024454525937043416,-3.21675217906936e-07
1015,0.3536394416168448,0.7088934919043578,0.02463365123515629,0.07379368941954134,0.024641015106420885,-5.583831552136154e-07
1016,0.7887560016758359,0.9078120915280254,0.01543953229628906,0.046964708050188014,0.01544383584469787,1.6758359144830592e-09
1017,-0.9869412793940893,0.36098316035467476,0.03287909890048827,0.08856115308389806,0.032883361254927475,-2.7939408930865994e-07
1018,0.818462564123458,0.9186058449499083,0.0129831873377539,0.034021266088250283,0.012984416987751785,-4.358765420819921e-07
1019,0.9493553135645633,0.9758015796355674,0.005302139760156263,0.01263255560478912,0.005302793922359553,3.1356456331455007e-07
1020,0.7617427477725975,0.8734128792831866,0.008960683852333992,0.03806838235806135,0.0089611573610539,-2.522274024086002e-07
1021,0.8064422218881381,0.9130636069505518,0.015932848828515627,0.04399016778358273,0.015935378702148235,2.2188813808554642e-07
1022,0.7458413311860448,0.8699688024193418,0.017621516658398406,0.06162346161986602,0.017627230890175132,3.3118604481074954e-07
1023,0.300716826859743,0.6591516484339178,0.02264563364169917,0.07875826006398799,0.022651114416333808,-1.7314025702042102e-07
1024,0.386269078022874,0.6835825996663175,0.01486925274355471,0.060134034255399836,0.014871282389559391,7.802287405045405e-08
1025,0.7951264064112473,0.8995831486640344,0.010664784924023432,0.044144240887154865,0.010667497846873106,4.064112473223247e-07
1026,-0.41550675653740043,0.4735899356731829,0.03401713049716795,0.0997211427162523,0.03402315236718182,2.43462599580635e-07
1027,0.5322067952340295,0.73155929010748,0.011434425142285161,0.05471047121772083,0.011436063372086488,-2.0476597051288792e-07
1028,0.9401670750297909,0.9703949303699395,0.005265926555292964,0.01622472272053334,0.005266305802301728,7.502979093576556e-08
1029,0.5959901305959028,0.7787762208838491,0.01485620834902346,0.05453711502095301,0.01486078329465954,1.3059590275865673e-07
1030,0.7858856635661924,0.9257462622219258,0.012690865800878892,0.03708885366427776,0.012693630234903804,-3.3643380759063035e-07
1031,0.6417524341927874,0.8054484636969192,0.025846764401074192,0.07462389300896649,0.025857687745957512,4.341927873907636e-07
1032,0.41213179482214835,0.6865560622225678,0.02203188738017577,0.0668432960511251,0.02203934873557215,-2.0517785165319324e-07
1033,0.8804177001235927,0.9384397103291106,0.007327333807324225,0.021121223347363823,0.007328718732892104,-2.998764073725013e-07
1034,0.6313673617020203,0.7988402899502324,0.019871381309667962,0.0635425626608864,0.019880032755998804,3.6170202033503074e-07
1035,0.7993163235549783,0.9013611553945481,0.008385760314785176,0.03130893863792853,0.00838623633944788,3.2355497825431456e-07
1036,0.6246726748783937,0.7977178494209134,0.024856095681738313,0.06744148314408195,0.024863848794201712,-3.2512160630382425e-07
1037,0.5412310870992956,0.7739036292276037,0.025549262248535168,0.06671435198483092,0.025555721738317466,8.709929555372753e-08
1038,0.8340905690894753,0.9170764887031704,0.010740847380664076,0.029794691360850268,0.010743420508302784,-4.309105247068956e-07
1039,0.5197523809572362,0.7322568532723769,0.02058017292919926,0.06406151421731618,0.020584502904086536,3.8095723620124033e-07
1040,0.7279708180479585,0.897299105446631,0.01748990418291018,0.04786247866548959,0.01749298148523833,-1.8195204154469735e-07
1041,0.9180469504262148,0.9585043205966358,0.007674287111816396,0.01906328391799667,0.007675496146758837,-4.9573785187995156e-08
1042,0.4949098144011034,0.7112236368255387,0.016858269501562512,0.05893689619336927,0.016861693582071853,-1.855988966403821e-07
1043,0.495931288377659,0.738770565107486,0.01721241029619141,0.05274899528556242,0.017216593115695327,2.8837765897460343e-07
1044,0.7492378964041434,0.8677606670113899,0.018194371178320328,0.05727364028660622,0.018196737500261597,-1.0359585655983494e-07
1045,0.8826310709717557,0.9397159423102145,0.008515912900585943,0.026607062113540924,0.008516889937759066,7.097175569459324e-08
1046,0.798938403446795,0.8949294864781154,0.007796893934140624,0.026652299682571018,0.007797134144740645,4.0344679497206215e-07
1047,0.876368969582606,0.9374031015767644,0.008726114189160153,0.029751069089963552,0.008727316349932675,-3.0417393936943427e-08
1048,0.7735696528925242,0.8825391750878078,0.017892061269628928,0.06092575057124599,0.017895665535408688,-3.4710747576216505e-07
1049,0.8057470545711795,0.8978892928613185,0.01588349404970702,0.05200905966842411,0.015889015256884773,5.4571179464169006e-08
1050,0.29317054621208316,0.6703566828867082,0.020338526748144514,0.06306229166357503,0.020343354734806952,-4.5378791685424247e-07
1051,0.707049441173009,0.8537122045979767,0.025079630394433616,0.07260319684583365,0.025085368905864762,4.411730090136956e-07
1052,0.41824196497328137,0.7033463275244138,0.021763579020214828,0.07525030876085022,0.021766112277898736,-3.502671863664375e-08
1053,0.7679174998211383,0.9004533324021465,0.01278930246162108,0.03932041782554921,0.012792711083327045,-5.001788616620928e-07
1054,0.5452471644650885,0.7752304101058026,0.020815506957519523,0.06357786206770721,0.02081847114973354,1.6446508843692698e-07
1055,0.4654922784153822,0.6972553082681877,0.028171633434960965,0.07748786844277755,0.028177896851686632,2.7841538219330886e-07
1056,-1.2209218663168113,0.3805406726486166,0.033461123738281265,0.1054435236768247,0.03346731016052425,1.3368318874107388e-07
1057,0.8966703374434362,0.9478651599285842,0.014567017336914049,0.03786258064217834,0.014572187057799451,3.374434361935741e-07
1058,0.810342517057103,0.9033066254702914,0.009761952295019527,0.028516339051845536,0.009763950753120613,5.170571030221893e-07
1059,0.39400879913758646,0.7632400791182976,0.0258103126392578,0.07163771855534422,0.025816903568235943,-2.0086241353522993e-07
1060,0.6869142782277252,0.8331593440154069,0.022370443951464834,0.06847072158666474,0.022379898162642447,2.7822772519225936e-07
1061,0.1582256123881588,0.5968746619383403,0.01368336244951171,0.05996387987624394,0.013684920973158644,-3.876118412071694e-07
1062,0.7886266138017224,0.888461126490763,0.02056108763916012,0.06144953768604379,0.020570261208388316,-3.8619827757990777e-07
1063,0.8908755435740517,0.9504961988129229,0.010113522968974609,0.02579276276485214,0.010114306464723166,-4.5642594825867633e-07
1064,0.9360865233791423,0.9693550783158517,0.010972321257128916,0.027764095035628506,0.010976417305919773,-4.766208576700848e-07
1065,0.869301270702576,0.9494989335603065,0.013056403394335942,0.04074512794156736,0.013060277848526317,2.7070257602179737e-07
1066,0.05145521770371342,0.7332836821938876,0.03506768861455078,0.089968201878852,0.035075802503519424,2.177037134176718e-07
1067,0.5826814410040421,0.7653173158751986,0.01139024256416019,0.05248145446830017,0.011391551585579373,4.4100404206215416e-07
1068,0.7119281424122408,0.8500643965446546,0.013086220583300785,0.04807513396683332,0.013089990046211438,1.4241224077782277e-07
1069,0.9062067104748215,0.9557715939388484,0.006802679161230475,0.021104044490425137,0.006804405520563907,-2.8952517849845094e-07
1070,0.8064158456021521,0.9044893693281955,0.01446191412089845,0.043764749756083375,0.014464069552203898,-1.5439784795123757e-07
1071,0.7965759043503294,0.9079983728664269,0.010634854203906266,0.036677330203230704,0.010635986751429122,-9.56496705173393e-08
1072,0.638504358840574,0.8145988578505912,0.023547363361230485,0.07665673420287074,0.023556526805400383,3.588405740329037e-07
1073,0.5403239995351834,0.809114350778515,0.025977737088574215,0.07210821432224042,0.025981560706526085,-4.6481662963060444e-10
1074,0.7344260722778286,0.8614395875092041,0.02121085825322267,0.06352330333126273,0.02122039914414963,7.227782861107812e-08
1075,0.893747761644104,0.9500964028009488,0.007875130877011725,0.02187441935100448,0.00787583058525422,-2.3835589602061447e-07
1076,0.5744680359044714,0.7663506755201642,0.02203505575458983,0.07452564244657492,0.022038523617658276,3.590447139600883e-08
1077,0.14787576212032494,0.6170372657228975,0.022530787002343764,0.07185930999991937,0.022533961311899057,-2.378796750690526e-07
1078,0.7502156057160939,0.8671354086370564,0.013879526348925812,0.04055493713021424,0.01388265018538737,-3.942839060799841e-07
1079,0.8300814028990283,0.9124051931714836,0.010818354525097653,0.02983257324612322,0.010821644210789428,4.028990283622136e-07
1080,0.48349092936001725,0.7272184068394792,0.02496027703369141,0.07795643411582664,0.024967272036899444,-7.06399827521409e-08
1081,0.61661458970353,0.7906719374810256,0.021520499393164052,0.06868338537789652,0.02152791835515156,-4.1029647002144287e-07
1082,0.8927737608119362,0.947824421854642,0.006756144874931644,0.023073707325486522,0.006756417256447564,-2.3918806379974455e-07
1083,0.9692807864190637,0.9850309885472088,0.00576594306328125,0.019095911073887833,0.005767243027542425,-2.13580936270219e-07
1084,0.716501632747657,0.8851700028026613,0.010528299715263662,0.03179412321373994,0.01052894426259119,-3.6725234298096154e-07
1085,0.6072852693919373,0.8705924143679975,0.010229705541328116,0.03733071910440414,0.01023019771777715,2.693919373131237e-07
1086,0.506612472045526,0.7183512368695789,0.017443280006113306,0.06749068310752994,0.017444162149368884,4.7204552600099703e-07
1087,0.8370205538768336,0.9217053052862145,0.010805110895507812,0.02815467993507854,0.010807780629155713,-4.461231664087961e-07
1088,0.25452358235914607,0.5473061262298066,0.019233522018164095,0.0685440207842681,0.01923686779424258,-4.176408539002807e-07
1089,0.9701411695005573,0.9854725099601532,0.004277969344501963,0.01089159999939314,0.004278260286908252,1.6950055725661883e-07
1090,0.7810145413256354,0.8855317275049861,0.012642063555468767,0.03631153382860716,0.012645268551893372,-4.5867436460067523e-07
1091,0.30785679208409433,0.660240520084517,0.017868803933691415,0.05741737847712777,0.0178721116737374,-2.079159056589397e-07
1092,0.642022088557297,0.8059904080235207,0.02220258536044918,0.06220604411192177,0.022209048115719186,8.855729705103954e-08
1093,0.9633730630969374,0.9821697021157477,0.005493999783095705,0.01406231280542785,0.0054945393536185135,6.309693734163346e-08
1094,0.6033761494129604,0.7904674618127976,0.015862485995019503,0.049606622058262634,0.015866356118190487,1.4941296033743612e-07
1095,0.9196194217154252,0.9634669674054677,0.007813525632060546,0.02269558629541165,0.007814284043100493,4.21715425247271e-07
1096,0.7287609067931472,0.8655233117234331,0.010046527948925781,0.0423922435811686,0.01004754615017181,-9.32068527914609e-08
1097,0.6978242521241491,0.8643555052243059,0.01748763732968744,0.05642676324774995,0.017491925471718447,2.521241491137971e-07
1098,0.7640772263039413,0.8765030233283322,0.011457009201777333,0.038192471580480516,0.011458039739017264,2.2630394125311426e-07
1099,0.5408367936096282,0.73661512068847,0.026753804657128878,0.0761847492753733,0.026761818711217408,-2.0639037179304154e-07
1100,0.8241090196949327,0.909123902643846,0.016009336605859358,0.04792991552184774,0.016012517361130504,1.9694932684721778e-08
1101,0.6881523256663183,0.8345632894441563,0.01676154179003908,0.0514696003135843,0.016765810610201274,3.2566631835706517e-07
1102,0.5652717109836327,0.7641365725279662,0.02036446795683592,0.0730843826819176,0.020368276203253505,-2.890163672830681e-07
1103,0.8508160926904793,0.9347566717372155,0.00793716068808594,0.02170314835042429,0.00793831798768125,9.269047929194585e-08
1104,0.8427862275743011,0.918141165056504,0.007903148462392576,0.025564249458734253,0.007903389542249969,2.275743010704545e-07
1105,0.721126820638629,0.8570921118772509,0.013886681451757801,0.042266949106288934,0.01388999797768693,-1.7936137097773752e-07
1106,0.9161149229602985,0.9574761271327538,0.008993806591474614,0.02118744261228564,0.008994508072259719,-7.703970150707562e-08
1107,0.7805079927290459,0.8879019658649102,0.016927454185839852,0.051183387090469316,0.01693306252621344,-7.270954061056045e-09
1108,0.4898962635956269,0.7127852419738501,0.021151688410058572,0.07232592355646189,0.021157986497320237,2.635956268814965e-07
1109,0.6933490513516098,0.8354583176138048,0.011540816543457025,0.038276504969530424,0.01154316245459109,5.1351609853256264e-08
1110,0.652801527552853,0.8126193762396041,0.012876747638964858,0.04647215057267438,0.012879557252557627,-4.7244714695970913e-07
1111,0.7502249977777353,0.889441630086572,0.010718104530859389,0.035906074010873534,0.01072024697865022,-2.2222647055869515e-09
1112,0.8914671736810389,0.9465822030955905,0.010927790740527332,0.031096520932249322,0.01093080257123768,1.7368103888415476e-07
1113,0.780006240963516,0.8881004502377796,0.015609346242871094,0.04662696551958744,0.015614497632715251,2.4096351602942434e-07
1114,0.28636768448715877,0.6798109773782506,0.015029518771289002,0.05250105642827175,0.015031871773311539,-3.1551284124242684e-07
1115,0.710010701748363,0.8470447715019004,0.01693463053486332,0.06183577531768102,0.016938720214390263,-2.98251636943192e-07
1116,0.4175116350193805,0.7036209674640084,0.031022941415039102,0.08767311849760086,0.0310342495228124,-3.649806195049621e-07
1117,0.7969158291162463,0.9047688163237713,0.0211933980720703,0.058345471175047056,0.021203863964302027,-1.7088375370288844e-07
1118,0.7497131495181333,0.8771646879192018,0.011506022793290995,0.03692178887592135,0.011506893440404996,1.495181333188711e-07
1119,0.90580220618877,0.9572966146346624,0.007664426249511717,0.018565000639141058,0.007665814139795657,2.0618877005773584e-07
1120,0.3993013783608864,0.763767393940809,0.022548348623144525,0.06169241604292261,0.02255282510182503,3.7836088639942034e-07
1121,0.9666503284418683,0.9835108455137859,0.003946611097460937,0.00991396211855903,0.00394704060494667,3.284418682580892e-07
1122,0.8061262009669181,0.900112962940075,0.02018024490224611,0.05363686916074416,0.020190431742296504,2.0096691810689293e-07
1123,0.7843421218662967,0.8891463962689935,0.014250827226464846,0.049284859727186325,0.014256276374470907,1.2186629672061855e-07
1124,0.8336152161984057,0.9238393614455465,0.01628320525839845,0.04756953248989087,0.016286285465653656,2.1619840573361415e-07
1125,0.6223980687348842,0.7919406463083709,0.022750601345996102,0.06882937622515932,0.022760064609871834,6.873488422876051e-08
1126,0.9375655169395218,0.9683763256627069,0.005715263647265622,0.015793263713985737,0.005716022190275576,-4.830604781735914e-07
1127,0.7184318487282711,0.8804560676248219,0.016281078216503934,0.054164983070921484,0.016285789599348868,-1.512717288099097e-07
1128,0.7337520864082231,0.8707640176762559,0.015147684408232406,0.04505501020131321,0.015149029325118782,8.640822313221719e-08
1129,0.5445255392642727,0.7710632525487059,0.023727371437011712,0.07556997093890644,0.023734625196550042,-4.607357272368162e-07
1130,0.45388522070315573,0.6870871382002872,0.02537176897011721,0.07464278864853995,0.02537563891238031,2.2070315575106747e-07
1131,0.8060037488618733,0.9054536498298276,0.009520123975175758,0.03154648850532904,0.009520767445954774,-2.5113812673893676e-07
1132,0.6638909831795128,0.8324779669017618,0.019511055127539007,0.05580570532622084,0.01951732918183993,-1.6820487225288616e-08
1133,0.5238490688706599,0.7429965139635759,0.024080526402246102,0.07451401158982925,0.024091279082111842,6.887065984173546e-08
1134,0.8013652612848466,0.9089778455472484,0.01941694699716804,0.058739702766372894,0.01942598251699925,2.6128484664766916e-07
1135,0.7265646906200308,0.8552107373103358,0.015250689146875024,0.057056394848767365,0.015253405541974262,-3.0937996919888633e-07
1136,0.7342738957708528,0.8636334832229238,0.013480551991669941,0.03914223516611335,0.013481565227824819,-1.0422914720198406e-07
1137,0.8608151617628921,0.9281244116528304,0.01416482828232425,0.0359810601509533,0.014169572752633836,1.6176289208136296e-07
1138,0.7958720983321823,0.9046505605042121,0.016522731601855474,0.045154701476418854,0.016527828645375945,9.83321822856098e-08
1139,0.3862970116531079,0.6985953399113425,0.022622154667968724,0.06609780230980342,0.022627711339202893,1.1653107923059736e-08
1140,0.3267778681734529,0.7049476329844583,0.018316178923330102,0.060606424683387734,0.018317502975091,-1.3182654712284858e-07
1141,0.827545908530475,0.9114544416896576,0.011643488879287083,0.04051540115025324,0.011644638311869798,-9.146952495431293e-08
1142,0.7274127190627342,0.8726931767393998,0.018024258946875003,0.05679661748750233,0.018030356860444133,-2.8093726578415357e-07
1143,0.9299081011958796,0.9651863528085154,0.0068485655426757846,0.018453592552739817,0.006849535988359383,1.0119587967594157e-07
1144,0.10873192404332144,0.808870594303182,0.025321675523046854,0.06066815823953753,0.025325812443857933,-7.595667855797572e-08
1145,0.7865420816778529,0.8876866494307403,0.01103062334511719,0.031137398396962848,0.011032506343512133,8.167785292556573e-08
1146,0.8086974674969807,0.9002949632725025,0.01818024999873045,0.0531769150160813,0.018186304688768005,4.674969806828244e-07
1147,0.7469211995501674,0.87303251660877,0.011041400324511725,0.038592549762383035,0.011044312256837049,1.9955016750117238e-07
1148,0.7223628477503897,0.852574234112318,0.020080747954199226,0.05121385029749778,0.02008718832659897,-1.5224961025239736e-07
1149,0.3937010534400508,0.8019751168333835,0.015441796042265619,0.05699433065473848,0.015442863977308962,5.3440050773456704e-08
1150,0.7208742365014205,0.858230249933804,0.012029031847070316,0.042632335884012364,0.012031797311164636,2.3650142044751021e-07
1151,0.9028412562069603,0.9599895545729068,0.008388004643164063,0.02474640706425132,0.008390774765154256,2.5620696031403156e-07
1152,0.6121833677519743,0.7900219549674463,0.013507885473271485,0.05555059059721309,0.01350890312420548,3.6775197431726525e-07
1153,0.8239391261823237,0.9084132268484643,0.006977171218115226,0.02661427518302753,0.006977657816735765,1.2618232370087412e-07
1154,0.5186317232530527,0.7753430004630227,0.030063798484472697,0.08781425763087336,0.0300741555815649,-2.7674694724755255e-07
1155,0.8768525626987923,0.9393135866519033,0.009367216881152345,0.025828938345897445,0.00936853837907048,-4.373012076896998e-07
1156,0.11836932264807076,0.6025372264546909,0.02106896580240234,0.06960028573927435,0.021070109659254637,3.2264807076076707e-07
1157,0.903876777669643,0.9515164774650796,0.014231978373144515,0.039737684987830826,0.01423810239028268,-2.223303570136892e-07
1158,0.3653855784435661,0.6680409096154445,0.023231653400683578,0.07342580559686834,0.02323723432443085,-4.2155643387165043e-07
1159,0.6176401963740551,0.7909994570187482,0.010825548282226566,0.05026673626375494,0.010825935965380788,1.9637405512806794e-07
1160,0.7435363823028416,0.8675293844027929,0.014840127799121128,0.04546472777897473,0.014841669459726254,3.8230284160611916e-07
1161,0.8349908086594349,0.916067586947474,0.009261926430761729,0.026333176906311838,0.0092638866951253,-1.9134056516989517e-07
1162,0.6899544615475764,0.9252144651858969,0.014437128474121094,0.04242244898656395,0.014439893403250106,4.6154757649130573e-07
1163,0.27622653383146056,0.6953728412274875,0.02685040105927731,0.07150142381871503,0.02685552698714111,-4.661685394369286e-07
1164,0.8480512587854758,0.9230327079561031,0.011863555459472673,0.037477450926257094,0.0118653103222579,2.587854758262509e-07
1165,0.9801428701003541,0.9900638463656541,0.0031321076114257805,0.013093128697065979,0.0031325216327377013,-1.298996459286883e-07
1166,0.4653438202573016,0.7005064772682011,0.021454175253906246,0.06366574145485851,0.02145988651513977,-1.797426983918271e-07
1167,0.5150886720158112,0.7289527706178871,0.03343831494521484,0.08695475614502202,0.03345640411364332,-3.279841888081947e-07
1168,0.3463566854527268,0.6871948906973528,0.021377000725195303,0.0711352134164646,0.021381064388911995,-3.1454727322799414e-07
1169,0.7274487928501794,0.8942147033784683,0.011435649600781247,0.033518863468670675,0.01143757938691942,-2.071498206301925e-07
1170,0.5846573244792848,0.7703749467289008,0.020292409215429713,0.06704636081227623,0.020298624603536753,3.244792847745259e-07
1171,0.8234030569002628,0.9095519278773815,0.00878437285732422,0.027874693035502093,0.008786187887809853,5.6900262834780335e-08
1172,0.05153970001525876,0.5144477595931007,0.013348766772558602,0.060699210087502134,0.013350144200386764,-2.9998474124215413e-07
1173,0.5072524487229784,0.7303047603843464,0.015757733357812487,0.055290502510733676,0.015759472839570153,4.487229783300961e-07
1174,0.7884651639299404,0.8891252212455468,0.012679209715332044,0.039093368814070384,0.012680529777502676,1.639299403999317e-07
1175,0.5496020953626453,0.7474825069876495,0.012800843214892587,0.05461970451930725,0.012801678762543069,9.536264522491678e-08
1176,0.7310366547261722,0.857410036901417,0.01292618023066408,0.042405112442899455,0.012930183288694464,-3.4527382786198046e-07
1177,0.4770776164055779,0.7230202086943661,0.022856267364453127,0.06264772977852727,0.02286158883819772,-3.835944221153298e-07
1178,0.6423227427484215,0.8780905160426096,0.013918753083300752,0.03651000781217087,0.013920761258910135,-2.572515784837748e-07
1179,0.9522683587125818,0.9760875302012764,0.004409476978710941,0.011605647806110753,0.004409968446762496,3.587125817494652e-07
1180,0.5285820522963807,0.7330425122677252,0.0122636643211914,0.05259135849534564,0.012265344003632115,5.229638067039133e-08
1181,-0.7239055559563239,0.45978847315702864,0.03232732949091794,0.07884513522708107,0.03233137948116865,4.4404367616213136e-07
1182,0.09502966105028465,0.48955463853911557,0.016256661227343722,0.06050617557302331,0.016258732893952715,-3.3894971535053386e-07
1183,0.29631898755501396,0.7495561823560782,0.01725452599236327,0.06195167664708008,0.017255827873309742,-1.2444986041693085e-08
1184,0.8288947228791517,0.9181348656350974,0.012422578058789087,0.03992826494715888,0.012424452619199576,-2.771208483798304e-07
1185,0.5667321485971852,0.7598124471030188,0.01279310437070314,0.04838483993116401,0.012795531704819948,1.4859718522330922e-07
1186,0.6410773302618817,0.8061718994392575,0.016902336962304674,0.058670271214504265,0.016907199718097992,3.3026188173135296e-07
1187,0.8390409271098884,0.9272070072433147,0.010269203697373053,0.034100997630474784,0.010270149876421823,-7.289011161315528e-08
1188,0.594219957874806,0.8365622888644564,0.01996762915917972,0.057816340637579566,0.019972323609905113,-4.2125193999709154e-08
1189,0.8421145631503866,0.9232395640752243,0.008154149491601568,0.025748808375423867,0.0081553135362015,-4.368496133722033e-07
1190,0.6590526678856539,0.8126970948640811,0.020232722822460948,0.059950318395957006,0.0202424410402709,-3.321143461354481e-07
1191,0.23071248351425622,0.7794744807336244,0.029221172564160198,0.0717876472256535,0.029227830988488298,4.835142562165107e-07
1192,0.8836631199139454,0.9512795186854386,0.011997308072265601,0.04511995151778528,0.012000667845239227,1.1991394543997558e-07
1193,0.515838046075597,0.7453558800312603,0.024304954096386732,0.08065496146762208,0.02431251515001705,4.607559700442465e-08
1194,0.9145549541978015,0.9567788179729154,0.008423175934140638,0.021363279516986394,0.008423765915499173,-4.580219847838407e-08
1195,0.7582809929775662,0.8844339760240215,0.01608392635195313,0.050575693229923065,0.01609069390794062,-7.022433745618173e-09
1196,0.6514136173065752,0.873734152537768,0.015127058729785146,0.044221850634782504,0.015130535304656221,-3.8269342483854274e-07
1197,0.5207208914521028,0.735236301158658,0.02400353477041012,0.07149239206188915,0.024011041080462755,-1.0854789722625213e-07
1198,0.5595802733781411,0.7850043508717045,0.013526334982460942,0.045097936019649225,0.013527253342955856,2.733781411246028e-07
1199,0.7310251201009464,0.8852398612080942,0.014044438462792972,0.03816241111010159,0.014047339131563861,1.2010094641023983e-07
1200,0.7137918329622911,0.8546403967340299,0.013828692008300775,0.04009204110029564,0.013832406806274893,-1.6703770888693015e-07
1201,0.8238358262997746,0.9140209784914912,0.01789404831191407,0.051647924720180656,0.017901451935330694,-1.7370022542539942e-07
1202,0.7774860391135188,0.8942477144007625,0.019416070273925792,0.04925033569710302,0.01942222756871853,3.9113518757183385e-08
1203,0.8067235797312249,0.8986982068322893,0.011739650032714854,0.03457272285330843,0.011742052610499851,-4.20268775114252e-07
1204,0.7909167912213689,0.8896538487165779,0.014342386803417958,0.04392505420684607,0.014344037509516936,-2.087786310500661e-07
1205,0.6772808444467346,0.8356174963657531,0.012115238639453126,0.044230231408883255,0.012116511577138047,-1.5555326537963765e-07
1206,0.5291778266351803,0.7343592592569189,0.016428329925878882,0.06029870165055109,0.016431132258771842,-1.733648197221882e-07
1207,0.38995361973015485,0.7865819187988751,0.02476015477675778,0.06387583858430573,0.024767146960909626,-3.8026984516825735e-07
1208,0.5268499087155103,0.7621764703927923,0.020722435562792928,0.07068977100697063,0.020729564905849693,-9.128448974493608e-08
1209,0.8366067758979046,0.915667034959994,0.00641114956273438,0.024097048776581222,0.006411769790794493,-2.241020954363293e-07
1210,0.19424167722234997,0.5910499095830619,0.017544132712792974,0.06453156460028392,0.017548742609537815,-3.2277765002475256e-07
1211,0.5870571222552619,0.7746864580717733,0.02101139864443356,0.06590119304372732,0.021016296237974633,1.2225526180298374e-07
1212,0.9435775559841558,0.9776834695765163,0.0036026763861328128,0.01900272669710639,0.003603038474565226,-4.4401584420317164e-07
1213,0.8091361740034213,0.9243595119510449,0.020052346966406242,0.055765147048139264,0.020060341538090116,1.7400342133822022e-07
1214,0.20505339593340144,0.8093502277792615,0.0224935289040039,0.062124050839225675,0.02249751455243325,-6.040665985473925e-07
1215,0.927839065837433,0.9671814774945694,0.006290107715332035,0.01694548880878713,0.006290753707168546,6.583743306087797e-08
1216,0.6602835618887899,0.8197966090957104,0.010566539112070323,0.0404328435997949,0.010567398157952445,-4.381112100881879e-07
1217,0.7511546372161875,0.871580915976836,0.013797374208007777,0.039919768763483965,0.013802199708225805,-3.627838125463967e-07
1218,0.8289179797430348,0.9193111678165184,0.009624345580175782,0.030595573553773868,0.009625324463160763,-2.0256965216347567e-08
1219,0.871984267923062,0.9364532922107803,0.013933630414062472,0.039118788602648016,0.01393771110687674,2.679230620694639e-07
1220,0.6664911288299473,0.823400938548615,0.020996350028124975,0.06651171182888793,0.0209998379605113,1.288299473767296e-07
1221,-0.24882004855540973,0.30913178726240587,0.013762398924462882,0.07026462865336049,0.013762910007511056,-4.855540972070749e-08
1222,0.8677991905216847,0.9563755884309829,0.008095441222724608,0.023706687717678764,0.008095888789039874,1.905216847619684e-07
1223,0.8851931443474587,0.9435160776167926,0.009049180536328135,0.024854268914556773,0.009051985686043935,1.4434745865266052e-07
1224,0.627629376942209,0.794902960683969,0.012170083155605462,0.04475568896888486,0.01217112259832092,3.7694220900164055e-07
1225,0.6257512083772525,0.8112899092695107,0.00923315215769531,0.036126727490011175,0.00923377007540213,2.083772525640626e-07
1226,0.021415495578291477,0.38301043360154424,0.02448860593398441,0.0828084242146044,0.024494136408707616,4.955782914768669e-07
1227,0.8373939793886438,0.9490069795121214,0.012403011704687479,0.031411061216238316,0.01240465829778946,-2.061135617736909e-08
1228,-0.08778200222076293,0.31694204642069984,0.02502263488085939,0.08471151809687655,0.02502666079965426,-2.2207629346571167e-09
1229,0.9064342123863194,0.9526660571366277,0.0049272150132226656,0.017051297564357616,0.004927341853004466,2.1238631942033237e-07
1230,0.6835492119783215,0.8680391057432957,0.0267942821367188,0.06778471921116835,0.026798940173065826,2.1197832156261143e-07
1231,0.8803762686165876,0.9385265252560231,0.010825363961425786,0.0392910645242301,0.010827335647398248,2.686165875287472e-07
1232,0.9300816449465017,0.9684258541378875,0.005295462871601556,0.013994900105335056,0.005295923790836536,-3.5505349826880916e-07
1233,0.7136082812467052,0.8504572522908822,0.02120102643183595,0.06080389252257814,0.021208197676361343,2.8124670514717565e-07
1234,0.8305899707366133,0.9185539388451953,0.011065255934960947,0.03251243543008441,0.011068656845081673,-2.926338671382922e-08
1235,0.8776784763702139,0.9379534404830477,0.01129827489335936,0.03775499088906586,0.011302941945906475,4.7637021394209e-07
1236,0.6837982317093687,0.9200836934058187,0.017006229794140612,0.04657422307325932,0.01701273599518253,2.3170936869210124e-07
1237,0.8945483603187422,0.9464189089387959,0.008643262626259769,0.024370632064959024,0.008643840078169068,3.603187421763465e-07
1238,0.6356177299626208,0.8092981564465078,0.02046854032294921,0.07314345793918733,0.02047236060465009,-2.7003737923525506e-07
1239,0.8914530978201214,0.9467107247518487,0.009919006595605464,0.02770310117920507,0.00992137269615718,9.78201213364116e-08
1240,0.9065621489457856,0.9532670567199583,0.007305864722031245,0.019056035213947796,0.00730629852291191,1.489457855941012e-07
1241,0.6984761294224066,0.838384726171186,0.01227355450517578,0.039647600747989946,0.012275593881503859,1.2942240656954596e-07
1242,0.8136800672447753,0.922834416077891,0.01738539335556642,0.051689685384792634,0.01739130251668337,6.724477530362094e-08
1243,0.9482952260546653,0.9742261113817345,0.0073327339749023465,0.02595990736829998,0.00733452049099927,2.2605466531988583e-07
1244,0.6041558092042842,0.7952037816567519,0.020023901775292976,0.06711555678443232,0.020026360748044873,-1.907957157820661e-07
1245,0.7314442359874682,0.8631157769534412,0.012973716848144518,0.03679808821633418,0.012976627987234953,2.3598746823338956e-07
1246,0.7645089985205985,0.8797346988567538,0.013031546876171854,0.03805707355297789,0.013034298446552807,-1.4794014902008712e-09
1247,-0.2977875677330739,0.4203763332489465,0.03337591913652338,0.09024740571208734,0.03338177364533801,-5.677330738862452e-07
1248,0.7195192070797723,0.8562360332141694,0.010592974852050772,0.035206963346492315,0.010594839728193145,2.070797723296991e-07
1249,0.49968694220274945,0.7481591782040592,0.019718613456738258,0.06347727989294234,0.01972404684978599,-5.7797250541113954e-08
1250,0.4423137779705293,0.6910769820916096,0.021308651297558597,0.062323738038768214,0.02131395660138695,-2.2202947069782653e-07
1251,0.8091897580734912,0.9052816963355146,0.016680011740624983,0.05072420756332497,0.016687229389522853,-2.41926508715018e-07
1252,0.745223829777137,0.8715480498654532,0.011554750501464862,0.0401780851336531,0.011555465241540892,-1.7022286302736944e-07
1253,0.8492622020851237,0.9305421349289309,0.01067378481826171,0.03464398436519055,0.010676613337132632,2.0208512374608745e-07
1254,0.6373487728604262,0.8088372911694459,0.02376257498320307,0.07027197903298042,0.023771594617954524,-2.271395738162596e-07
1255,0.5152426162457143,0.7354808667813698,0.03426850125888672,0.0934766009851599,0.034283937070151524,-3.837542856821585e-07
1256,0.4833830076433312,0.7318652756594293,0.02337264475029292,0.07233647002998142,0.023379309969461765,7.643331190188007e-09
1257,0.4722404095027172,0.7580491640587729,0.020363021470898468,0.06136147702367671,0.020371808989234276,4.0950271718021014e-07
1258,0.6030196936368535,0.8038356786760594,0.01926726647949221,0.05584701297673179,0.01927252297726241,-3.063631465183292e-07
1259,0.7284646323190891,0.865699226489596,0.014093678109668,0.04534612733019933,0.014094833009558067,-3.6768091093986044e-07
1260,0.7178641860211487,0.8643148259226546,0.013058815742587894,0.037480249456294176,0.013059708378879473,1.8602114870702735e-07
1261,0.3388860428421827,0.6192262799504499,0.01702042697539064,0.06042336381433236,0.017022790145507522,4.284218269035023e-08
1262,0.7853070256641724,0.8899669057667793,0.012538453473632813,0.043165067436136316,0.01254034153240552,2.566417245386532e-08
1263,0.8719768227518625,0.950265244358927,0.008377913887636704,0.02278741695703418,0.008378522082711413,-1.7724813750064072e-07
1264,0.6791836067041648,0.8331627126855262,0.012866386996972656,0.04723916774991136,0.012867831937401956,-3.93295835232621e-07
1265,0.3619780150330305,0.8349651009617826,0.019338851662988245,0.05773541444939583,0.019342995178211458,1.5033030487110466e-08
1266,0.8885512157559687,0.9451311733913987,0.008788373723867173,0.026753477657280703,0.008788944000475125,2.1575596875766934e-07
1267,0.796742881015494,0.8943852295314015,0.011925497176074216,0.03436102116187604,0.011927830344377171,-1.1898450602565447e-07
1268,0.919815998756919,0.9593190277041533,0.009548483110546863,0.028112982279931007,0.009549891748229402,-1.2430809714913948e-09
1269,0.710995810237346,0.8490960752227174,0.015882592856640634,0.05046226834659707,0.015887658951272893,-1.8976265392378622e-07
1270,0.9541785102663609,0.978999651151887,0.005385049802744146,0.01461647622157212,0.0053852600474969025,-4.897336390863316e-07
1271,0.20195134965474648,0.6260672593316808,0.015129106087861338,0.05901666741461851,0.015129666729463137,3.4965474648984696e-07
1272,0.479615300777976,0.8055469660842349,0.018633231862207042,0.06292120543232779,0.018637839205018526,3.0077797597005684e-07
1273,0.854603627753285,0.9350644637536653,0.010127451628417982,0.03274565534847283,0.010128636926077073,-3.7224671500801776e-07
1274,0.7861456231501863,0.8983401871591176,0.013689851434082032,0.04775900090169988,0.01369188038865362,-3.768498136880183e-07
1275,0.7517994068198128,0.8729693279301597,0.016722194804394526,0.056687879404673895,0.01672927269869669,4.0681981283707813e-07
1276,0.9082656995318599,0.9531855522506574,0.008419922723144516,0.022894834008727216,0.008420560754085189,-3.0046814014639267e-07
1277,0.7347973198441979,0.8766466479175427,0.016872784600097647,0.04656441203716261,0.016877285713126838,3.198441979046507e-07
1278,0.8964637779501555,0.9507040928152332,0.005957475573242193,0.018645765493295975,0.005958303026020798,-2.2204984451157372e-07
1279,0.4165150251127928,0.8125680361518233,0.02334525359804688,0.05581267858873137,0.023349479235027216,2.5112792789716565e-08
1280,0.7791715874842242,0.8849939167509,0.009807520843261683,0.03575234720269924,0.0098087964978447,-4.125157757606246e-07
1281,0.9401061906779342,0.975972237660135,0.00549514283128906,0.014257278671316785,0.0054953440900782965,1.9067793421978507e-07
1282,0.7656129705430875,0.8816601124901634,0.022536058881152357,0.060224103377734144,0.022546357705629107,-2.9456912464809193e-08
1283,0.5465366909529804,0.7631964492152038,0.016197264848632823,0.06242263532514117,0.01620035913180732,-3.090470196420725e-07
1284,0.9003868404755365,0.953389665582187,0.0053458002466796875,0.01727593265693121,0.005346446548662854,-1.595244635277382e-07
1285,0.934070400873823,0.9691657145384154,0.008048476111132824,0.027694339441461255,0.008049900596587703,4.008738230254494e-07
1286,0.9400890710117417,0.9710067634271128,0.00613457749668945,0.016010880608256905,0.00613479306859409,7.101174170909275e-08
1287,0.8466336534162673,0.9220208061607407,0.009141537852636727,0.029686733831471815,0.009143348889466286,-3.4658373271323484e-07
1288,0.6774996136098216,0.8231547184120961,0.02541356177119135,0.07684376991384864,0.02542421051108234,-3.863901784084689e-07
1289,0.7540798350963638,0.8720299149029075,0.021875342545996084,0.05731072990007709,0.02188831371173102,-1.6490363619059423e-07
1290,0.8795965532486213,0.9570327995052292,0.007170145387080084,0.019881907426667452,0.00717045797573826,-4.46751378668786e-07
1291,0.4343392884641898,0.691252649673074,0.035195833005761686,0.08677244887079856,0.03521056670543096,2.8846418981265387e-07
1292,0.561699303603916,0.756866418331867,0.02107091856845705,0.0631637882231989,0.0210751170647632,3.0360391600758874e-07
1293,0.8912475380264473,0.9569348423533206,0.010224638672959,0.027614185311331207,0.010225378836085765,-4.6197355274557594e-07
1294,0.7555546208221711,0.8697844345543693,0.00774202185566406,0.03481594869329344,0.007742934566464778,-3.791778289130576e-07
1295,0.7713648989413218,0.8864626881967405,0.019457084795898413,0.061334205704383415,0.019467700984896138,-1.0105867820353609e-07
1296,0.6673817823721596,0.8237573043849727,0.011701194747255858,0.04199372018087167,0.011701905475591051,-2.1762784041534644e-07
1297,0.6773608943124502,0.8279253343039932,0.022353530210351538,0.056720121974538885,0.02235878783235686,-1.0568754982287487e-07
1298,0.2666350769435245,0.6949915858591103,0.01894429245410157,0.06622493871614689,0.018946459932907188,7.694352449627573e-08
1299,0.6852322138033338,0.8339606016695522,0.021476767930078113,0.06007093139489037,0.02148374190503385,2.1380333381504357e-07
1300,0.5453853791937431,0.741764461276403,0.01716562872392578,0.06157596640830922,0.01716949029510161,3.791937430719372e-07
1301,0.9102550143443752,0.9585620029039573,0.008468753836230468,0.02711184437856348,0.008470005740346915,1.4344375132147036e-08
1302,0.8604485718903747,0.9284450481396447,0.013487824277539055,0.03873798950294312,0.013492226256674447,-4.2810962530559493e-07
1303,0.7298878689178663,0.8642480790695954,0.012934035725585925,0.042450631183525905,0.012938532016842601,-1.3108213370305322e-07
1304,0.9625907047774891,0.9813534293341549,0.00479586761435547,0.016262871901774365,0.004796662572438594,-2.952225108820983e-07
1305,0.9693497669511864,0.9857993804509902,0.003830596613164066,0.00930933841326739,0.0038307323314903064,-2.3304881369146102e-07
1306,0.8019316254666564,0.8967211946048587,0.012012837200976548,0.03297922322032601,0.012016137790099891,-3.745333435611897e-07
1307,0.7120787120358859,0.8771391559408923,0.01771365457529296,0.05214789768589463,0.017716130138737896,-2.8796411410958456e-07
1308,0.7510881207648549,0.8727407611762024,0.021084511341113273,0.0635843138356086,0.021093435503291104,1.2076485489398436e-07
1309,0.0505805682368583,0.5063129062856362,0.024835082088281255,0.07236950614608398,0.024838721547181745,-4.3176314169779406e-07
1310,0.6616498084381288,0.8221056239091963,0.022994224052246073,0.06992715146110905,0.022998054339099558,-1.9156187114344192e-07
1311,0.8947101996598058,0.9470202889021535,0.008145749559863294,0.02351395115986732,0.00814830975471407,1.996598057996124e-07
1312,0.5954807401328739,0.7761044685603233,0.028648240680956987,0.07568281517880905,0.028660134765855425,-2.598671261511143e-07
1313,0.5549499606439248,0.7470646530868821,0.012820197412402331,0.05752407568841631,0.012822173526037426,-3.935607528759988e-08
1314,0.8288051347789911,0.9159055546991816,0.006932044108750008,0.026314262607943516,0.006932359241322871,1.3477899107883218e-07
1315,0.6310686843957344,0.8147567772910327,0.0216315342991211,0.07152056365672337,0.021641153352470858,-3.156042656105029e-07
1316,0.5279922565004153,0.7502775724966668,0.019683165877441365,0.059298035695683884,0.019686216809918753,2.565004152410566e-07
1317,0.9486743114958958,0.9745540458677661,0.006486052637109377,0.020440412553155405,0.0064875215144830954,3.1149589574397396e-07
1318,0.8523201702812115,0.9344873561183573,0.009273588195019545,0.031127562597425523,0.009274321574611133,1.7028121157558473e-07
1319,0.7213796450056437,0.8567436235687123,0.0183607873401367,0.06203277430225035,0.01836695952749878,-3.549943563552205e-07
1320,0.8945383463747911,0.9514976370376936,0.009080298925976569,0.02709645640895376,0.009082343117097196,3.4637479107146874e-07
1321,0.8014081766685796,0.9066811359696411,0.02007361825429688,0.05310012048388102,0.020082428487971295,1.7666857954345971e-07
1322,0.8850923422836692,0.9434925259711409,0.0074461165972656285,0.020766967279189547,0.007447650139181962,3.4228366918576114e-07
1323,0.9060275606724808,0.9546336172269068,0.00684429075917969,0.019122191943988724,0.006845362640288719,-4.3932751914166346e-07
1324,0.6006502592324336,0.7755717241043218,0.02509818438037115,0.07426876797192271,0.025102332377631393,2.59232433630352e-07
1325,0.5688420092402424,0.7588467212394923,0.011538393372949209,0.05412138578613175,0.011539084204189004,9.240242460073489e-09
1326,0.7915100645562857,0.9106498782429914,0.008844002912890626,0.03706641537646483,0.008844933761680145,6.455628565049665e-08
1327,0.7839879813823444,0.889380592762974,0.011171068699902333,0.03122271659398339,0.011173120501583818,-1.8617655639374675e-08
1328,0.8391427772347719,0.9172667481523854,0.008335728351171865,0.03717255044184272,0.008336758271787733,-2.227652280417658e-07
1329,-0.8843024248362996,0.376631322769031,0.028509464420312495,0.08376499409531715,0.028513205158939552,5.751637003337251e-07
1330,0.7044366009423288,0.9117644667838305,0.015976214367675767,0.041925952371952284,0.015978439461241382,-3.9905767112990986e-07
1331,0.795852054057465,0.9046621044036054,0.013755716493749992,0.03943777609334327,0.013757841783136103,5.405746494879793e-08
1332,0.6554561113372718,0.8169924033081546,0.01631422432060545,0.06179885546780726,0.01631646145595086,1.1133727173540109e-07
1333,0.2720725889200569,0.6304527485237799,0.019335089590234358,0.06743582386486612,0.019338706603290033,-4.11079943085646e-07
1334,0.8562373854067806,0.9328854412367108,0.009500763287031255,0.03630225999974484,0.009501607847801559,3.8540678060083877e-07
1335,0.8179258703556992,0.9053353871406036,0.010181177084179685,0.030671546130096875,0.010183408147722294,-1.2964430085027345e-07
1336,-0.18787523019177832,0.8207573365002452,0.02509404219140624,0.07077988803071153,0.025097739929272108,-2.301917783331664e-07
1337,0.8353463032828949,0.9186527642506143,0.008908125418066412,0.0254736754087989,0.008909710035834444,3.0328289490899607e-07
1338,0.625236562002385,0.8428430339798437,0.010733229645595742,0.03899718505152412,0.010733699433000348,-4.379976150659104e-07
1339,0.3336134457087838,0.7781336831163096,0.028152572529492142,0.07879783903691287,0.028161580208052747,4.45708783824994e-07
1340,0.504747770742657,0.7290483128416914,0.025941692315625008,0.07669512654983245,0.02594941770119918,-2.292573429985012e-07
1341,0.5784926205386265,0.7793985706390205,0.022796449511621082,0.0685070406377194,0.022806583258828783,-3.7946137354527565e-07
1342,0.9251890759106314,0.9639557375900253,0.00983509272285156,0.026719683339293254,0.009836393755111646,7.591063133638443e-08
1343,0.7513522427277107,0.8750078618200045,0.012622656473828112,0.03336956185430089,0.01262452237318506,2.4272771070865673e-07
1344,0.7766428669677305,0.8845199938989151,0.008552002750390638,0.032219984057574674,0.008553773501258227,-1.3303226942262825e-07
1345,0.658720870021211,0.813178173512151,0.012104495914648447,0.04196561993158071,0.012105086900969666,-1.2997878895415482e-07
1346,0.8146264086959529,0.92332152326155,0.014316830831152328,0.04296655830786745,0.014319098337697234,4.08695952969218e-07
1347,0.7369083237244409,0.8779626648862563,0.024945720050390682,0.0723673620360473,0.02495673986109516,3.237244409204365e-07
1348,0.7767970189901426,0.9043251148362691,0.015695494239062475,0.053305773614546324,0.01570032534378313,1.8990142680586075e-08
1349,0.31786847758918346,0.7729496341265822,0.029765040147070352,0.07274349791293178,0.029771934627489612,-5.22410816550245e-07
1350,0.4400883176770848,0.69292555737856,0.016441969300976585,0.06133542694350208,0.016445614987930967,3.1767708480456847e-07
1351,0.9109740320957482,0.966852391459421,0.01126145162636718,0.035319874615269954,0.01126496576172546,3.2095748281335545e-08
1352,0.5116189802119996,0.7389344388004675,0.021946862727050827,0.07596121809365054,0.021949761217164288,-1.9788000460430055e-08
1353,0.4065767759770277,0.7695427144079638,0.01670215633613282,0.060039328268132894,0.016705247595425656,-2.2402297233936608e-07
1354,0.885369024290928,0.942155793902503,0.008469966039824214,0.02142502721565655,0.008470332955843722,2.429092804678845e-08
1355,0.6373522844024608,0.8016471353880688,0.018016307967285188,0.05770528020549208,0.018023448648567746,2.8440246080396747e-07
1356,0.5365989544450774,0.8210022958612574,0.013705423631054679,0.052473801958828094,0.013707898854013639,-4.55549226119345e-08
1357,0.5603910745327401,0.8333310714231491,0.019001589162890666,0.050138203728387856,0.019007091506803877,7.453274009083799e-08
1358,0.7478686227916715,0.8764496092529485,0.01700707832197265,0.05343967252453811,0.017012434835088658,-3.772083284614425e-07
1359,0.6000773548034358,0.8123692790814829,0.01722852635566407,0.05694393460086523,0.01723276821707019,3.548034358535901e-07
1360,0.6526958703186375,0.8221477802743844,0.013475340629882794,0.042475313005399,0.013477966821152472,-1.296813625373261e-07
1361,0.8730381268655164,0.9350400447212742,0.006110394163154299,0.01997062186465616,0.006110945202910593,1.268655164254895e-07
1362,0.46222014664960753,0.7253636159647198,0.01575164148828125,0.05051450902360952,0.015753665917846122,1.4664960751309408e-07
1363,0.4272601803639524,0.6695239087891482,0.03178720295683595,0.08947543531930102,0.031798291854320794,1.8036395244003245e-07
1364,0.8377256649269538,0.9156669829457383,0.0172614365939453,0.04698614800385165,0.017267945200221454,-3.3507304619817546e-07
1365,0.814067117041132,0.9107810528949976,0.01555064308007811,0.045001940605907675,0.01555623149757005,1.1704113200838862e-07
1366,0.6375286723890439,0.8335237560381007,0.024996435044335977,0.0717092926007049,0.025007925751080688,-3.2761095614119995e-07
1367,0.9556751717128382,0.9805054662238357,0.004757574567373049,0.013805315497444199,0.0047577152139510834,1.7171283817063454e-07
1368,0.8883753686695334,0.9456610065619854,0.007191518800488276,0.021578466146190644,0.007192784695350013,3.6866953334602215e-07
1369,0.7204604278696468,0.8798971033694941,0.01275030517744141,0.030906326054757068,0.012752088958773097,4.278696468240639e-07
1370,0.8854630040602749,0.9414787963978359,0.009797882751074237,0.030641780066910356,0.009800360935022647,4.060274894079896e-09
1371,0.5323237788569761,0.732473929028925,0.011377425440039066,0.05116586539114605,0.011378644012024382,-2.211430238929779e-07
1372,0.8205796131978669,0.909234779961442,0.01083495700849608,0.03562244403765308,0.01083612377186903,-3.868021331010496e-07
1373,0.7310614656784797,0.8609785145262882,0.008640324993359373,0.03372608070998169,0.008640760080946877,4.656784797774094e-07
1374,0.7619901058449903,0.8759319415301542,0.0211705455332032,0.057472731416661614,0.021179381802146315,1.0584499032795236e-07
1375,0.6188831532805672,0.7921286343424339,0.027894732593945315,0.06780259293982496,0.027903581372089314,1.5328056723884487e-07
1376,0.8287823138236502,0.9119697766051407,0.012153748356054695,0.04025916846665681,0.012157495490684851,3.138236501776248e-07
1377,0.5650894917034891,0.7590858271733735,0.013200776941015633,0.054646871372575505,0.01320269363150143,4.917034891471772e-07
1378,0.706942312391263,0.8545968231868787,0.027114604053515626,0.07272281915963137,0.027125467825079946,3.1239126307980314e-07
1379,0.7574853021427247,0.8706108811733532,0.01774728845234374,0.04979481236240564,0.017754815816015766,3.021427247285047e-07
1380,0.8913185811112145,0.9446080942540513,0.011329121535644533,0.03514565649453491,0.011332503479925793,-4.188887854361667e-07
1381,0.329352483098285,0.6746272360891528,0.02571857892958984,0.0794525183854738,0.025728991367490593,-5.169017149864175e-07
1382,0.7334977173367403,0.8788099180671002,0.015662733256445325,0.044487685270663664,0.01566687235011899,-2.8266325968751005e-07
1383,-0.05277999471756978,0.5442958222731861,0.016290468736132824,0.06600048435365387,0.016291455590403556,5.282430222408596e-09
1384,0.7038322708990388,0.8431175281381834,0.019459072235156208,0.06301270720048374,0.01946367302120398,2.708990387567667e-07
1385,0.384302350324933,0.6904601457533762,0.026273328274218785,0.06947087116642213,0.02627866275866707,3.5032493300724e-07
1386,0.19334491092471906,0.7022646049522532,0.035235049767382814,0.09163834103814443,0.035245333118475594,-8.907528092905181e-08
1387,0.8271073621893543,0.9115207783567018,0.007861699396777338,0.02656640737399257,0.007862929258772612,3.621893542860022e-07
1388,0.5359184968570985,0.8426172998921124,0.014167448441455087,0.046939859146140475,0.01416861512050396,4.96857098464254e-07
1389,0.8533119116057806,0.9250122446823884,0.007852577213271475,0.027596111461024062,0.007853047475507248,-8.839421938855452e-08
1390,0.5961603893148022,0.7859948830019202,0.018363941723730463,0.0646962519583251,0.01836761888797012,3.8931480217385683e-07
1391,0.8255031207202378,0.9087923546910338,0.00977462486972659,0.029812636054628635,0.00977563464586246,1.2072023780618224e-07
1392,0.729530477394368,0.8590930720364264,0.009503809509765638,0.03843621097964114,0.009505201815568739,4.773943680369541e-07
1393,0.9480626394988997,0.9741366155257578,0.004498166774033207,0.019041199416458668,0.004498461941468204,-3.605011003049441e-07
1394,0.13847474981639785,0.5285476544090304,0.015591184285546894,0.05812920762878217,0.015593468875315734,-2.501836021406856e-07
1395,0.2559277067559179,0.5692410563739074,0.021732215513085965,0.08144436549222318,0.021737075271004304,-2.9324408207243025e-07
1396,0.9136117848627635,0.9595441090180145,0.007812453569140618,0.02039433966182475,0.007813358563116228,-2.1513723647004213e-07
1397,0.5812436180185849,0.7647117664258581,0.026174308220703157,0.0764051156744493,0.026182977598340002,-3.819814150540779e-07
1398,0.7597285904356305,0.8869187284307953,0.012963671977832042,0.04325178552592118,0.012967344884905807,-4.095643695301021e-07
1399,0.5174034872067489,0.7334474079285029,0.013803252027246115,0.05746118157964679,0.013805448351210302,4.872067489447574e-07
1400,0.9556771456636524,0.9788359041279314,0.0065869039913085915,0.018730844794117428,0.006587881119011925,1.4566365236223788e-07
1401,0.6841777004990477,0.8368950996767369,0.011532947954189448,0.03828173990064033,0.01153364387165472,-2.995009522610559e-07
1402,0.345477214219135,0.6587196892689486,0.02654792809453122,0.07884313820981155,0.026554232812919524,2.1421913504182655e-07
1403,0.3733264157112972,0.7546710896161687,0.020589837279785122,0.0647769731542052,0.020594096594090314,4.15711297219179e-07
1404,0.6834073806480079,0.8673803611771782,0.015315826400195296,0.039591347866130354,0.015319066532893855,3.8064800789161524e-07
1405,0.2933378223369103,0.7164799128277026,0.02786836037060549,0.07368519468539847,0.027874290717940887,-1.7766308968436562e-07
1406,0.41071030646880013,0.6549130822598007,0.013079251263857426,0.058479604510118195,0.013079903801946239,3.064688001153115e-07
1407,0.8724025198882063,0.9446386451888524,0.014560770007226569,0.043341545114969154,0.014566395898916232,-4.801117937658361e-07
1408,0.900492986048292,0.9526104649394677,0.007367496370703126,0.018036752625961803,0.007368313605101694,-1.3951708011106234e-08
1409,0.844302181343124,0.9225674469774132,0.013333666642675789,0.04771277063271556,0.013336234261189977,1.8134312396167473e-07
1410,0.48253930848999305,0.7045780766910285,0.016994938098046867,0.06090864204027125,0.016997253010025234,3.084899930505536e-07
1411,0.5308766638393487,0.748781339720215,0.02082251481689455,0.0695993038854208,0.020830447736714417,-3.3616065131525374e-07
1412,0.8579803780534355,0.9309004453759395,0.012337354218457037,0.03270487883886262,0.01234041045685119,3.7805343555685766e-07
1413,0.17719936319894913,0.5657977186112961,0.01957125993173829,0.0616273297094826,0.019574887436343644,3.6319894913816597e-07
1414,0.60805616658629,0.8675651596140024,0.016623062109179708,0.05638404240688563,0.016627351106131037,1.665862899846715e-07
1415,0.7165927505436797,0.8484611172808167,0.020720300439941407,0.056830835387913996,0.020727012856109738,-2.494563203780942e-07
1416,0.8340485135927809,0.9189059324762215,0.01626892783388672,0.051356933362767074,0.016275343051679176,-4.864072191690383e-07
1417,0.8889418996286903,0.9501582231708313,0.008324688410292977,0.023633323779083525,0.00832543785496934,-1.003713097080805e-07
1418,0.6460440250627264,0.8242090064471134,0.02065913115351566,0.059009449927026905,0.020663462140791903,2.5062726449753825e-08
1419,0.8596027719283175,0.9292296078012222,0.011155845437109388,0.03403107156110868,0.011157251958225898,-2.2807168253979881e-07
1420,0.8734325389423925,0.9485072279945342,0.010445811803906224,0.028636419610317584,0.010446937225291468,-4.6105760753700764e-07
1421,0.3982279020781798,0.6568400261180428,0.017307484271777338,0.07022648594660288,0.017308531284912658,-9.792182020795792e-08
1422,0.6046916676784,0.8272470987766604,0.019592723533203144,0.06203877886946682,0.019598695308580143,-3.3232160001617217e-07
1423,0.6714113439943488,0.8251534085272019,0.022089929547167972,0.0684066862053044,0.022093838185756484,3.4399434878373825e-07
1424,0.7699678590421364,0.8921068463397616,0.01765810317558594,0.05687159674679084,0.01766400771814668,-1.4095786360357465e-07
1425,0.7037464167713134,0.8446679027629053,0.015065153476660128,0.04389495975103064,0.015068528777380115,4.167713134606288e-07
1426,0.8985745606779968,0.9512052981220306,0.01278156157988282,0.04024015266772878,0.012784342345653186,-4.393220032206102e-07
1427,0.5414076294164766,0.7373549308532694,0.010798240003515609,0.04794008977081243,0.010798564477161232,-3.7058352342356216e-07
1428,0.45135296799002955,0.7739818199270808,0.02482037338310543,0.06714194631264438,0.024829228645565412,-3.200997045205156e-08
1429,0.756420626705339,0.8707440916404837,0.019655198710156228,0.06244774564711388,0.01966307400331883,-3.73294660960255e-07
1430,0.5813001432683138,0.7767192281939808,0.02762638973173832,0.07664055229638651,0.027632164116259836,1.432683137680968e-07
1431,0.5986136379743185,0.7747860393876937,0.013253129179980488,0.05338340320749665,0.013255060967263832,-3.6202568143295366e-07
1432,-0.016033672073648253,0.6565880027477042,0.021471977077441404,0.07072971382711922,0.021475951311758997,3.2792635174666573e-07
1433,0.7722462848150884,0.8805683394802274,0.022240132491406238,0.06825039144353373,0.022251386363699235,2.848150884027234e-07
1434,0.3648667183031059,0.6167443672281471,0.017118689960253904,0.06534358459539591,0.017119415390345245,-2.8169689408885645e-07
1435,0.5216339530064301,0.7887509897972953,0.024540254756933656,0.06576452033355351,0.02454786632366378,-4.699356992432513e-08
1436,0.3915689494416643,0.6611570086669665,0.02097687740743167,0.06819704776741616,0.020978730422606482,-5.05583356846806e-08
1437,0.8636481090593218,0.9298256308872332,0.007545736522167976,0.024124995594696053,0.007546793231703073,1.0905932179561262e-07
1438,0.551651731053354,0.8329939359872046,0.023723240937597662,0.0659013283538141,0.023729697114259055,-2.689466460648049e-07
1439,0.6434851869275098,0.8056592715501465,0.024877049439160148,0.07369517838095767,0.02488273986298632,1.8692750980431327e-07
1440,0.48660062097031365,0.7313085962216236,0.02824553915927735,0.08218273509084893,0.028253856713266665,-3.790296863592779e-07
1441,0.48751641190903494,0.7061538666064483,0.012771730798437506,0.05869966735154898,0.012773572470401213,4.119090349363752e-07
1442,0.8665053837201215,0.9408752603635777,0.013340975338085913,0.037642123795597573,0.013344878964732333,3.8372012156617785e-07
1443,0.5217547020275357,0.7455456082041786,0.02420711119042968,0.07575697037112261,0.02421074160081702,-2.9797246425822266e-07
1444,0.8215641040910513,0.909426763152932,0.011890914568554676,0.03304422251037895,0.011892166207155812,1.0409105133390995e-07
1445,0.8854050544774579,0.9434174061257036,0.006459936598925778,0.021137194356790553,0.006460818229259706,5.447745787812153e-08
1446,0.898519572285262,0.9500344443629374,0.007681223726171878,0.0307726532452782,0.007682222597178186,-4.277147379605495e-07
1447,0.9016802379238532,0.9543524790192348,0.008340866937304693,0.021661278326195025,0.008342689269298155,2.379238531746708e-07
1448,0.8061901083945193,0.904942536711648,0.018600139028808572,0.061881032652528846,0.01861071280020064,1.0839451936028865e-07
1449,-0.366478094852567,0.31633676026040286,0.015769318408242222,0.07200344422922639,0.015770299134285733,-9.48525669675071e-08
1450,0.3524229578097541,0.8215104335032173,0.020156239125126957,0.051930732896618106,0.020157561582112113,-4.219024590801368e-08
1451,0.5455018950145378,0.7435905090881497,0.014216421489091786,0.05516571983551325,0.014217494839433388,-1.0498546221260341e-07
1452,0.7008325294239806,0.8400190401731757,0.012753865988671873,0.04234501643875797,0.012755234976153777,-4.7057601948452543e-07
1453,0.7190773531873595,0.867107335972847,0.028585406968164084,0.07827645811038912,0.028599227238715462,3.531873595807866e-07
1454,0.9301067693934315,0.9649010647985942,0.009009292686035156,0.024728925961284388,0.009011390505303784,-2.3060656850759642e-07
1455,0.5351814393612586,0.738240212368214,0.010524505000878917,0.053082863325955396,0.010526010351934371,-5.606387414314185e-07
1456,0.6538503429215592,0.8798150536628172,0.016327161785058573,0.04976506170866653,0.01632928117715891,3.429215591488344e-07
1457,0.5200532029828815,0.7932335057133522,0.02316747333339844,0.06769755739985002,0.023175345400307013,2.0298288150311095e-07
1458,0.6135435055372811,0.8370669223394165,0.02230678767158203,0.060002489705748556,0.022313123741900778,-4.944627188807615e-07
1459,0.9110522330966708,0.9672783755695784,0.008924209963085931,0.03617974565336102,0.008926175132843444,2.330966708541382e-07
1460,0.5512362284997157,0.7449397545497037,0.01382203016582032,0.05689489334951041,0.013825043927238646,2.2849971570426675e-07
1461,0.5722078374476248,0.7853134079262413,0.015627430920605468,0.050749279954091626,0.015631005872327523,-1.625523752268876e-07
1462,0.353670123626485,0.7175955209386589,0.01221731505584963,0.04827433862448579,0.012217675447586382,1.2362648499353313e-07
1463,0.7165404248661438,0.8493532140561368,0.021192945038574235,0.07058833167587122,0.02120193949284121,4.248661438222001e-07
1464,0.5468531901379455,0.8401612475809881,0.02477681119736332,0.059838226956556696,0.024782891607948943,1.9013794549938012e-07
1465,0.931013016710835,0.9652286528883907,0.010788840306250002,0.02939879174097882,0.010792284083090235,1.671083504906079e-08
1466,0.7950078928997746,0.9044790889427851,0.010013447483554684,0.027663164593780758,0.010013902303581464,-1.0710022546600584e-07
1467,0.9418056923689633,0.977811410071433,0.007154096124755849,0.016709057149739304,0.007154742233323945,-3.0763103675557346e-07
1468,0.39680099672246993,0.674589102767527,0.016244855872851575,0.06620872549192705,0.016246626087358763,-3.277530080669777e-09
1469,0.6756990537279521,0.8861352432696289,0.021268997818847682,0.0523224138063423,0.02127715791317074,5.372795208735681e-08
1470,0.7756720197620497,0.8873883815032014,0.01338973810634765,0.04544653479462177,0.013393324627068248,1.9762049663363257e-08
1471,0.8640769659065747,0.9336728630050611,0.008682646887988274,0.024202375504423203,0.008684678152572185,-3.409342530513726e-08
1472,0.8673625397053064,0.9356174047970345,0.007622675469726554,0.021845644296573548,0.00762300756719467,-4.6029469358277453e-07
1473,0.5254070964369222,0.7581789348151641,0.019635894087109404,0.0633676824926218,0.019641734731743327,9.643692222560674e-08
1474,0.5321573233180557,0.7417009791613524,0.02200540356445313,0.0692242274357482,0.022011716066777386,3.2331805566165883e-07
1475,0.04204829940015653,0.49320551384760575,0.013058401508984373,0.05702426433478072,0.013059387222520952,2.994001565281845e-07
1476,0.8901556298579142,0.9436641435594434,0.00578955584728516,0.021071901109711504,0.005789972885194045,-3.701420857593618e-07
1477,0.4651843489848364,0.7382323910319857,0.014390614684843752,0.0515047649295191,0.014391409113509158,3.4898483641798705e-07
1478,0.8685201387540196,0.9327374232495653,0.017141202416503937,0.045173021264443405,0.01714818210044919,1.3875401960738998e-07
1479,0.10599049757249579,0.520432182910717,0.017933220273242182,0.06437155779942474,0.01793676236767691,-5.02427504212033e-07
1480,0.49187965957798674,0.8029161447297042,0.01768990671621092,0.058803031374331155,0.017695898188110678,-3.404220132452451e-07
1481,0.601328110243418,0.7849615734461675,0.01501797090468753,0.057273987998719696,0.015022580383677943,1.1024341806109561e-07
1482,0.18622736832304143,0.7466051402410708,0.02621921040556639,0.06997919169162281,0.02622465001163561,3.683230414275318e-07
1483,0.9299867170924105,0.967334801889176,0.0074644906698632715,0.018229309574958896,0.007465039982142943,-2.829075894661415e-07
1484,0.9131919454867524,0.9558350858192867,0.007177720536914067,0.020673791807990134,0.007179706830809668,-5.4513247582654856e-08
1485,0.6828514399511543,0.8503369869889392,0.0192885753196289,0.05254521336699168,0.01929613692961094,4.399511542851897e-07
1486,0.8620832406716817,0.9296563754698235,0.014205181412207014,0.03925457443721111,0.01421008492031467,2.4067168169494835e-07
1487,0.4102620924640604,0.6615079982946361,0.02177381032060546,0.08109514864396297,0.02178069508506223,9.24640604083038e-08
1488,0.6804353960740285,0.8351494184606345,0.014646443903574226,0.042452804903159454,0.014647369230179605,3.9607402846364437e-07
1489,0.6256450571475702,0.8147767936665176,0.01463219990273438,0.04447342548169733,0.014634653097925462,5.7147570231563805e-08
1490,0.18415096394707187,0.5242254943469841,0.020240313448632797,0.07600651849339804,0.020244231140585045,-3.6052928142904506e-08
1491,0.7692687319296414,0.8786880270659717,0.009543311238955061,0.03717855292532888,0.009543893335229977,-2.680703585777877e-07
1492,0.7817722257771241,0.893565181745312,0.0180491244571289,0.05270827058958765,0.018052029339144474,2.2577712410765116e-07
1493,0.8260082893839125,0.911222582126729,0.018295901476367192,0.05493788086470235,0.018303328800634195,2.893839124995523e-07
1494,0.5302098749460054,0.7301445951678,0.011957378998789053,0.05378657453779499,0.011957972824185977,-1.2505399460405187e-07
1495,0.3307740144214709,0.5901819025607961,0.01678582432333982,0.06498247537827319,0.016789012459429594,1.4421470906356149e-08
1496,0.6847138859095898,0.8329663430608197,0.022672995637695304,0.07410474469366995,0.02267792872217438,-1.1409041023036082e-07
1497,0.950825821731794,0.975500157493482,0.005668056854687499,0.017557526356229765,0.005668675107604375,-1.7826820597477422e-07
1498,0.5624606390038014,0.7512777397475401,0.011726407804687488,0.05202823229398168,0.011728445075473812,-3.6099619860063825e-07
1499,0.7310336016200081,0.8565890501301707,0.011521426857421876,0.04050161545793064,0.01152367893230035,-3.983799918838571e-07
1500,0.5981216924403838,0.7978947553585412,0.018507166280468734,0.06139253472510092,0.01851347423584271,-3.0755961621942163e-07
1501,0.573570536791989,0.7671705875816468,0.022573452025683605,0.06933130075273058,0.022579038928886474,-4.632080110589243e-07
1502,0.7109515179049488,0.8524391198372123,0.016978987381347673,0.04390825441283492,0.01698148616797987,-4.82095051212994e-07
1503,0.8724270273879535,0.9381203445401256,0.010314654223535145,0.028043087263196972,0.010318540431442888,2.738795357171142e-08
1504,0.7540720201022156,0.8694424912908046,0.01412578735771485,0.05061996324160933,0.014130179267535372,2.0102215669837165e-08
1505,0.681568593909608,0.8281109995467154,0.019101707835742186,0.06225263504147519,0.019105354004669346,-4.060903919800296e-07
1506,-0.10834791208866434,0.5209107913671471,0.023297529777128907,0.08112581620393765,0.023298788216906747,8.791133565555498e-08
1507,0.7209572067995271,0.8585208967383904,0.015029179417773427,0.0432374751045539,0.01503088151629942,2.0679952716928796e-07
1508,0.9508219256721232,0.976285733333084,0.0052816428820312514,0.012475925466934412,0.005281904895413207,-7.432787674233055e-08
1509,0.9235541980041763,0.9613880530967919,0.007133878023730467,0.01693880352992562,0.007135435857774505,1.9800417627724443e-07
1510,0.755144579481176,0.896918799325949,0.011244700886132792,0.04105843153824547,0.011245891388565667,-4.2051882398475016e-07
1511,0.7466483018297851,0.8644240914929977,0.018389599697949222,0.05981333772998348,0.018396288732023237,3.0182978516535286e-07
1512,0.8259188119947944,0.9241473221629566,0.01025981734335938,0.0320527004723121,0.010261950343100335,-1.8800520551476296e-07
1513,0.8236603197774509,0.911547328024328,0.009136946842363294,0.0277827652896092,0.009137511052420492,3.197774509633433e-07
1514,0.5638887380961235,0.7573745181697112,0.017156137522460892,0.05850810438692231,0.017161439849627633,-2.6190387647506697e-07
1515,0.8169898964923782,0.904403215599533,0.013310704578808593,0.03534851282531467,0.013312222539595447,-1.0350762180699746e-07
1516,0.953497645533187,0.9766772905586794,0.004665448486035154,0.012208868725107796,0.0046661628326361325,-3.5446681290185467e-07
1517,0.46062300221224417,0.7932941146549574,0.023711898514160116,0.06256733608780693,0.023718100799891097,2.2122441656335923e-09
1518,0.57998532851481,0.8632021400905472,0.022863903708007824,0.05935695548762514,0.02287175617885686,3.2851481002182936e-07
1519,0.6835730598428384,0.8290404434560004,0.02180581938574217,0.06162120608114226,0.021812866226311088,5.984283846238725e-08
1520,0.28276648272195726,0.68222074593953,0.018906664307509747,0.06304661582011446,0.018907966732124738,-5.172780427331602e-07
1521,0.7031965540169034,0.8401234448386687,0.016821387446972664,0.056630030207411274,0.016826924957447288,-4.459830965641842e-07
1522,0.8744331556193511,0.9357614525471328,0.013729990418847659,0.03507966292321877,0.013731663992860117,1.5561935107211156e-07
1523,0.7629118178361565,0.8760898066348773,0.01281352904580079,0.04388382354313752,0.012814962431386146,-1.821638435650641e-07
1524,0.3752763610426134,0.6418348836121561,0.028564470804589834,0.08787962118992963,0.028572516325167965,3.61042613417073e-07
1525,0.7900653856830208,0.9284529488835372,0.013951368382617188,0.03998750339837431,0.013954995386394078,3.856830207427109e-07
1526,0.45016087369512936,0.7385863926084785,0.025460629314941443,0.06968394150486254,0.025467892398756284,-1.263048706179326e-07
1527,0.9257290187862424,0.96262250395671,0.008220574354687489,0.022725308925970897,0.008221767399733506,1.878624233953019e-08
1528,0.8619587536280796,0.9302245056552491,0.011977774543164075,0.03673092756324014,0.011981004878472815,-2.4637192042042955e-07
1529,0.3824149202829119,0.6370750111574562,0.03068850360566406,0.09744361213183912,0.030697817642794185,-7.971708809728639e-08
1530,0.8339763976687813,0.930053419845483,0.007534018335927738,0.02450674459139128,0.007534448458980173,3.9766878123792537e-07
1531,0.229107287316193,0.7544297539731745,0.024960275790234368,0.07137492775318571,0.024965958851366002,2.873161930039281e-07
1532,0.8113268160127599,0.9074181915985539,0.01662687741708984,0.0490151174784019,0.016633816879153652,-1.839872401099285e-07
1533,0.3725914627314897,0.8104472706718588,0.010759352853349616,0.04513375314507698,0.010759719736228836,4.6273148968101196e-07
1534,0.33845447094495906,0.6292191856931593,0.017050230144824215,0.05956048127687207,0.01705439071181156,4.709449590856174e-07
1535,0.6215563757801477,0.7935019810447124,0.025815766986621042,0.07734471147247507,0.025826353666115243,3.757801476655942e-07
1536,0.7076311933362294,0.858343164927385,0.024861507031347624,0.06796876635938204,0.024871669650284402,1.9333622935935324e-07
1537,0.6681654845902611,0.8228620312190051,0.022590314655468763,0.08013730025683599,0.022599316828915552,4.845902611405606e-07
1538,0.19186270064757527,0.6664736122806908,0.01935916120693356,0.0653952258845224,0.019362532161822828,-2.993524247374424e-07
1539,0.8338482851874396,0.9174014282346215,0.017064747416210935,0.04606960593652412,0.017070904421986072,2.851874395526366e-07
1540,0.7835152201455662,0.8891458461720069,0.020306595296875025,0.05566384965133422,0.02031376614570503,2.2014556622096393e-07
1541,0.7687374803440284,0.8799116358852697,0.012405688557910157,0.0398065549248148,0.01240888536101552,4.803440284417704e-07
1542,0.13161486370884456,0.47095078138944985,0.021244244687109365,0.07448405543578397,0.02124930784468675,-1.3629115544477877e-07
1543,0.41477901663258665,0.6759861302909266,0.03056885863964845,0.08942036251635141,0.030579005775103422,1.6632586641307512e-08
1544,0.4852443173822917,0.7858494864007092,0.021376439226953127,0.06434980083864618,0.02138173954850798,3.173822916702207e-07
1545,0.5999784724248773,0.7805278171677563,0.011193033418945324,0.047927406543565386,0.011195144752716274,4.724248773291251e-07
1546,0.8323003535448005,0.9142138149692947,0.009800455114941396,0.03257335033910906,0.009802548969789245,3.535448004354791e-07
1547,0.779485209951228,0.8874327816264956,0.020074056161816407,0.05271896605880378,0.0200813094263584,2.0995122806954924e-07
1548,0.5925094291890952,0.8056975791637646,0.013891469765820348,0.04301259886271222,0.013894280363376513,4.291890952634603e-07
1549,0.5610819043514647,0.7704599675828141,0.03571259735351561,0.09722147261475804,0.03573176879456157,-9.564853531429662e-08
1550,0.770446615524477,0.8788793634711272,0.019617697274121108,0.055645060820530765,0.019621686333520183,-3.8447552297427023e-07
1551,0.8894845012001499,0.9460066724844813,0.006816802948925789,0.019030014474095063,0.0068175538895333685,5.012001498272411e-07
1552,-0.614690562469079,0.5253952761497255,0.027608198507529293,0.08439617154846432,0.027609727191308334,4.3753092093812285e-07
1553,0.5681344964226187,0.7583071724851209,0.01737718072275391,0.05880617810480523,0.017381634163365568,-5.035773812389621e-07
1554,0.6497623873978233,0.8533437901364382,0.019006943220898447,0.05589397896905346,0.0190113763430637,3.8739782337593454e-07
1555,0.5123663263315525,0.7199337022929703,0.018715674180566435,0.06288185395512973,0.01871772339505195,3.263315525581234e-07
1556,0.9750920595528216,0.9877734766416455,0.004704653556054686,0.011511377721491805,0.0047051963409173,5.955282167402487e-08
1557,0.8033344342271469,0.8968403210038061,0.010521551392236315,0.03386719424047025,0.010522577693963314,4.342271469059966e-07
1558,0.7212206741773353,0.8577451903642319,0.020887606156933573,0.059493907984672294,0.02089506417995366,-3.258226647373519e-07
1559,0.8748103662757027,0.9404375108108624,0.010501868772070308,0.04063954778542551,0.010504905750827777,3.662757027678154e-07
1560,0.9564750640295836,0.9782691717515909,0.0033892966784277337,0.011248386422302109,0.0033894105378113187,6.40295836351612e-08
1561,0.3077606086154556,0.8305403584459341,0.019620221341699228,0.05769056634595019,0.01962507708424683,6.08615455643946e-07
1562,0.3787835253544476,0.7669014868288381,0.020691291788867167,0.058279091679611594,0.02069596835335613,5.253544476113703e-07
1563,0.39851273608144855,0.7521850165688665,0.024104924548925804,0.07439529549544574,0.02411191786590238,-2.639185514574649e-07
1564,0.2497198486871688,0.6330070965810023,0.02023169870058595,0.06486370522021011,0.020234738535003953,-1.513128312091716e-07
1565,0.6203872700345918,0.8042576203094844,0.01969502580556642,0.061586973783875266,0.01970225581037604,2.7003459179830713e-07
1566,0.8513672673258506,0.9233310941358515,0.0074043692519921815,0.023768201243030977,0.007404803531871639,2.6732585056699065e-07
1567,0.6687535866628923,0.8200107502547388,0.022473684678906265,0.06678205656977453,0.022481529534448264,-4.1333710765201204e-07
1568,0.8801553940224613,0.946900975001741,0.016595929347558595,0.049723523748304646,0.016599922420717075,3.9402246132524965e-07
1569,-0.30867456772932056,0.4861473939441601,0.023121609511347667,0.07978816077493688,0.023123195735520984,4.322706794179787e-07
1570,0.7938141760506875,0.8915412042563566,0.012939617353320292,0.04388620924328901,0.012943550240706089,1.7605068747261754e-07
1571,0.6857899380105172,0.829237848920021,0.017555739746191394,0.057385073728020014,0.01755804337377266,-6.198948276914251e-08
1572,0.7038358280399479,0.8523033712624164,0.01312049955068359,0.03815688868132619,0.01312309304000259,-1.7196005208663934e-07
1573,0.6530193339829606,0.8169466857132555,0.01965817886708987,0.07245576087824791,0.019664699628391957,3.3398296062081556e-07
1574,0.5488891920059299,0.7754243453635191,0.01445027593234377,0.051414348881753884,0.014451217150955223,1.920059299331811e-07
1575,0.5334364671781844,0.7994234568651117,0.03225547238749998,0.08890697315729186,0.032272038589842095,4.671781843601508e-07
1576,0.47246428821699127,0.7554192186993566,0.01457540039960942,0.05232666184822065,0.01457793478523418,2.8821699127323797e-07
1577,-0.43623823993246047,0.3088874433095974,0.017148298048671854,0.07488947198628416,0.017148777375520178,-2.3993246045517225e-07
1578,0.679185084343108,0.8308573156113406,0.023516160282226632,0.06911381442300553,0.023524440155903863,8.434310794225297e-08
1579,0.4816704237451015,0.8201099990238552,0.010475644324472658,0.04122398479584894,0.010475926928629725,4.2374510150766653e-07
1580,0.6519813049363331,0.8191537952688068,0.020290566913671856,0.06558076837789018,0.02029449987003857,3.0493633307315804e-07
1581,0.9690036129178884,0.9910560482355036,0.005518133516503916,0.02000562800678016,0.005519171561187309,-3.8708211158589023e-07
1582,0.7729016997668959,0.8942110167315527,0.021501418058691407,0.0632866064424893,0.021510598347552055,-3.002331040447004e-07
1583,0.8741129398028471,0.9360913898929234,0.008428171670410151,0.02468565118848824,0.008430063794013686,-6.019715292904237e-08
1584,0.9181210178479053,0.9629193718940907,0.006051606351953123,0.02351718081040727,0.0060522791650658376,1.784790537584513e-08
1585,0.5650792431676833,0.765737401279111,0.014654341989414083,0.05280390986095906,0.014655366651175644,2.431676833225538e-07
1586,0.5902565832485325,0.7839940267632005,0.02288292794687508,0.07303196655742546,0.022890344693239823,-4.167514675579298e-07
1587,0.9290870845970107,0.964670734071905,0.0048712049128906264,0.014411363173289378,0.00487175692436009,8.459701072993653e-08
1588,0.5085789807193825,0.7667565517747413,0.02204267496035154,0.0716078617504803,0.022045598321326056,-1.9280617546968415e-08
1589,0.8518302935684163,0.9232547512110958,0.010209842227148448,0.030419021871641198,0.010212785661252827,2.9356841635408415e-07
1590,0.8724325634155718,0.9503537620372887,0.008330668226855478,0.0200131621993321,0.00833189737168506,-4.365844281650766e-07
1591,0.8680772404662629,0.932494006706616,0.01248925726376952,0.039559859409663216,0.012492954811100734,2.404662629018617e-07
1592,0.810087857223259,0.9122433993725234,0.011138794117998035,0.032710619876093645,0.011139452391683723,-1.4277674098561732e-07
1593,0.6828205776556524,0.8468991533554073,0.017901551000976526,0.06502670940533903,0.017904566027839585,-4.2234434760590744e-07
1594,0.029214238536857562,0.5711473935741647,0.014770754622187491,0.06472354222938027,0.014771577287369272,2.3853685756150544e-07
1595,0.698099896372441,0.8609560082211168,0.016587478523144548,0.05111954778827933,0.01659202557936899,-1.0362755908932542e-07
1596,0.5718421843815042,0.7896531797416644,0.019735837002734354,0.059593902663366775,0.01974197543240728,1.8438150428679023e-07
1597,0.7053802796398453,0.8426852754954629,0.014877208675781246,0.05544524413732083,0.014879257783182338,2.796398452797888e-07
1598,0.6706826371690477,0.8276945567162983,0.021008841622460923,0.0606967962553971,0.021015496336992255,-3.6283095228295537e-07
1599,0.8616672526006409,0.9286600239426841,0.015202586337695322,0.041517924370826166,0.015210186845246611,2.5260064095977697e-07
1600,0.7456302632369386,0.8649447311369973,0.017809918446972637,0.06043166293460093,0.017815671513904546,2.632369385802136e-07
1601,0.7227396453416903,0.8808637184456481,0.013350239546386719,0.0363972264587921,0.013352528316617998,-3.5465830972025714e-07
1602,0.2575938283250795,0.6243463849261269,0.014705176692060552,0.06319958058354705,0.014705891218520721,-1.716749205016299e-07
1603,0.83311464730398,0.9133166833822007,0.01551375376298828,0.05057414037885826,0.015519822021158463,-3.5269602005616463e-07
1604,0.5961517387352997,0.8012360223432532,0.014945632128710952,0.05872250932874793,0.014949405908900495,-2.612647003186197e-07
1605,0.9057998385482351,0.963056213875076,0.007021675929882811,0.020736359750202004,0.007022386645972567,-1.6145176495729885e-07
1606,0.9176714507673114,0.9602128726758818,0.0066755061742187535,0.026389806949799106,0.006676398633126718,4.5076731136628467e-07
1607,0.7344622597146482,0.8646123836702331,0.015223084165527359,0.05076339539778406,0.015229492475536743,2.597146482319346e-07
1608,0.8204889474761329,0.9260132136002857,0.008548818933105478,0.023170127785527437,0.00854995497502796,-5.252386714449386e-08
1609,0.8231691469601752,0.9138710446656106,0.008048649367412128,0.024969098658147604,0.008048909631158745,1.4696017514026494e-07
1610,0.3784541553843528,0.7508816595060704,0.024528282842187495,0.060599495444500245,0.024532770001124717,1.5538435277351326e-07
1611,0.6537253870460353,0.8233743657889953,0.02295306888388672,0.07439366442591602,0.02295800047130576,3.8704603533279425e-07
1612,0.8290120804818423,0.9156286654087692,0.01237180080156251,0.0434195571115206,0.01237551233775507,8.048184230169397e-08
1613,0.064433878511863,0.6998221849959028,0.022813927390917994,0.06750105323849012,0.022818660321066622,-1.2148813700874062e-07
1614,0.8543515218447526,0.9243455300453669,0.014623920896582026,0.040518851786699714,0.014626544885570606,-4.781552473964723e-07
1615,0.8906252011602682,0.9582951749232569,0.006483968456337895,0.022458388571110512,0.006484436221908927,2.011602682205904e-07
1616,0.8856085898089234,0.9523913085141924,0.010015843326367171,0.027289990806071227,0.010017414398538692,-4.101910765497152e-07
1617,0.8215613102196373,0.9164827008267458,0.014732474848437482,0.04148806333853403,0.01473671377868298,3.102196373117039e-07
1618,0.7982465193114625,0.9032737179052444,0.014407433184082032,0.04744579980571955,0.014411488017644462,-4.806885375296943e-07
1619,0.9180116909013903,0.9605575395222268,0.008568404925292972,0.029627468027858993,0.0085698764339228,-3.0909860970762537e-07
1620,0.7042709718242075,0.9013472440098322,0.01771029252304689,0.04738695371798307,0.017715035179864717,-2.817579247693658e-08
1621,0.974922277553928,0.9875752870167249,0.004165941356054691,0.012685726290793552,0.004166444647985611,2.775539280630568e-07
1622,0.7308871133669245,0.8677766842057352,0.013431711257617185,0.038943519182261695,0.013435883220280031,1.1336692451457964e-07
1623,0.6240968662853639,0.8495728793944477,0.016442913905566407,0.04937623056741097,0.01644621325112543,-1.337146361413133e-07
1624,0.7145856010947406,0.8470760806936682,0.01002927125215819,0.03470686393176756,0.01003009147622868,-3.989052594910447e-07
1625,0.9256142606876121,0.9629855282776876,0.005900029419433591,0.017583638573135354,0.005900822162436593,2.6068761205255697e-07
1626,0.4594855009727926,0.8341260056585933,0.020838341860058646,0.05286977562146099,0.020842148009359605,5.009727926386098e-07
1627,0.8604366083750249,0.9279892988920158,0.01283895279072263,0.03515703031074871,0.012842396374002668,-3.916249751156897e-07
1628,0.49111593762779604,0.7095584922000834,0.01902106033896486,0.06827929748783566,0.019025650408402872,-6.237220395721721e-08
1629,0.8121607117791638,0.9040333875663553,0.00989450990234376,0.030111611713546642,0.009896560353859322,-2.8822083619761685e-07
1630,0.9613187968220935,0.9818214903826928,0.003967777586396489,0.012230017073756996,0.003968034077301941,-2.0317790649926337e-07
1631,0.876298466468603,0.9389744885004443,0.00588083111241211,0.020666465788503677,0.005881068114928719,4.664686029665077e-07
1632,0.4626543966173954,0.738026699253769,0.02256862070957033,0.06097378428290612,0.022573299944717178,3.9661739537066865e-07
1633,0.9292423817797304,0.9646509816367381,0.006035266040654298,0.015909274335927214,0.006035487592177799,3.8177973038511226e-07
1634,0.33311182832442154,0.6529367269143019,0.03054470029814448,0.08949729206692916,0.03055245726763065,-1.7167557847530546e-07
1635,0.672030647987033,0.8348498373420443,0.026872922073046854,0.07287712470116099,0.02688530974836651,-3.5201296699760576e-07
1636,0.5414640578046288,0.8027665181923853,0.023898189496679684,0.06296375408582645,0.02390499983989407,5.780462886129101e-08
1637,0.9137531390423919,0.9561249405455459,0.008753306913769528,0.024719444043359507,0.00875449493287445,1.3904239182238598e-07
1638,0.8541960745010891,0.9245253913718411,0.011278877225097671,0.03826378782035846,0.011281808170041218,7.450108918671816e-08
1639,0.8596924018907705,0.9332792975760639,0.010395099696484396,0.041659085544787935,0.010397914791542355,4.0189077044061605e-07
1640,0.3571158622708466,0.6524493253658057,0.02196479681171874,0.0823019813226193,0.02197278269214606,-1.3772915341547787e-07
1641,0.6252617545676753,0.8185600303198015,0.02242446949853519,0.058328610317390395,0.022429689847353395,-2.4543232468587917e-07
1642,0.8409880656467892,0.9376767692197299,0.0122556849642578,0.04112037020920384,0.012259402727436057,6.564678922682532e-08
1643,0.48932081335861943,0.756485692534022,0.021152547946582077,0.07333306472404415,0.02115645020304655,-1.8664138057289392e-07
1644,0.9776977055966858,0.9890352944187749,0.0037272659772460952,0.00875387419375837,0.003727461908783931,-2.944033141716318e-07
1645,0.9092870358165726,0.9582762105835654,0.006188433159130861,0.01896229960090362,0.006188826958584303,3.58165725966586e-08
1646,0.7714789386734586,0.895393459355061,0.019306458533007838,0.055127235574489425,0.01931359756679115,-6.132654140067473e-08
1647,0.9563892689221513,0.9783297085083621,0.004740741661884769,0.011946696743844501,0.004740896545410411,2.689221512142126e-07
1648,0.464064500776349,0.741004898935489,0.012616286361328128,0.0467131408384555,0.012617695866468596,-4.992236510292791e-07
1649,0.45388463854934047,0.7025832360581701,0.022862512598144487,0.0724577875390108,0.022870371710929226,-3.6145065951398436e-07
1650,0.9179729141171691,0.9622855521171426,0.006729963131640621,0.017009322683514346,0.006731133617215792,-8.58828309580062e-08
1651,0.8523590372810368,0.9280405260952365,0.009585212703124983,0.03078481841083243,0.009586960170124776,3.728103681321926e-08
1652,0.7346208647379165,0.8598328922142119,0.013203028140624993,0.03994397090655601,0.01320588721124446,-1.3526208342273804e-07
1653,0.30681862350667,0.6261314116855449,0.01669488114345704,0.0501139935289989,0.016698036469550665,-3.764933300121065e-07
1654,0.7057313130046908,0.8705373822138841,0.030756217363964833,0.08758539048231016,0.030774322704299025,3.13004690832841e-07
1655,0.1797854663539774,0.6131144159484998,0.014363083127636733,0.06903860172805652,0.014363984569796416,4.663539774074632e-07
1656,0.5589333604470984,0.7536201371925748,0.017516892260839842,0.05577333049979487,0.01752224905944102,3.604470983908925e-07
1657,0.21375705818949597,0.5735566783949686,0.018241909186914047,0.058422817260568936,0.01824466667488849,5.818949597169443e-08
1658,0.5794595596079419,0.7702618166135113,0.01453716297902343,0.05442025273837375,0.014538180174201786,-4.403920580431375e-07
1659,0.5530031248492524,0.7451954539258486,0.015840992878515626,0.05579709113706322,0.015844563203658384,1.248492523808764e-07
1660,0.9629267107576162,0.9814358255937996,0.00513810331759766,0.011558537638892278,0.005138452107145477,-2.8924238382188605e-07
1661,0.8414403773187049,0.9183113522876059,0.013385763603906265,0.03460560790696414,0.013390000596438996,3.7731870494717157e-07
1662,0.5644627315055232,0.7929675327899189,0.019856585499707046,0.06194552420829886,0.019861705170015728,-2.684944768738262e-07
1663,0.5999020202033244,0.7861767000532868,0.018857544634765643,0.05754623640438142,0.018862350182517997,2.0203324346823592e-08
1664,0.7447539741399516,0.8810026104195121,0.014919023695019535,0.04352307597655369,0.014924590216442397,-2.586004843596612e-08
1665,0.8307285956039,0.9142453232416486,0.014418540223242179,0.04229302901222873,0.014422131707570575,-4.043961000510521e-07
1666,0.4770068053123877,0.7468814036826071,0.02523708442636718,0.07094956450601946,0.02524047548929726,-1.9468761230934106e-07
1667,0.6567064939938014,0.8539457313890615,0.028381214872460942,0.08177590415381969,0.028388049261254926,4.939938014203449e-07
1668,0.5461620212751528,0.7435421300829075,0.024693955791894526,0.07168448054428142,0.024702249013730058,2.1275152750632742e-08
1669,0.5745239523082599,0.7725210491290729,0.017050692755957043,0.06333410259841925,0.01705306640296519,-4.76917401126542e-08
1670,0.8422315382506615,0.9182510487708293,0.012328095598242208,0.03428804723809514,0.012331041085664945,-4.617493384317939e-07
1671,0.6624628954828968,0.8238274283775116,0.014506979271289073,0.053381523398079084,0.0145080067068522,-1.0451710319436813e-07
1672,0.9146570396885497,0.9570525564217598,0.007089973600585935,0.026725701364289953,0.0070908006999427795,3.968854966895918e-08
1673,0.12411613731263782,0.6611535634599665,0.02991223048349606,0.0902445016124682,0.029921282928275745,1.373126378156897e-07
1674,0.8276440186751893,0.9241814052833944,0.008966417068652338,0.026522686047379635,0.008968516976948058,1.8675189283889893e-08
1675,0.8815709481840257,0.9408312012908183,0.007869507990625,0.02201791811214525,0.007870647883964998,-5.181597428904894e-08
1676,-0.0811732594369079,0.47166102369225976,0.014187354356445333,0.06286341843610795,0.014189453405125443,-2.5943690790120044e-07
1677,0.9313913329446106,0.9705808206625486,0.00792710426247071,0.020155757346054647,0.007927787281538895,3.329446106592471e-07
1678,0.9239992174881622,0.9659805212876416,0.008253714406445317,0.030688738684492265,0.008255135442158276,2.1748816214639533e-07
1679,0.9040225842497692,0.9515215843881579,0.007963106716083993,0.02382659088504009,0.00796385595867885,-4.157502307977623e-07
1680,0.8045428068640372,0.8994123873288122,0.01813041580859375,0.051653534010813025,0.018137237176338954,-1.9313596277825695e-07
1681,0.5241545537030148,0.7351402137750569,0.030623389580468733,0.09910998492143852,0.030638647596333057,-4.462969852569998e-07
1682,0.25954894068020373,0.5588664637855086,0.02170461972744145,0.07524429502443547,0.021708859068174456,-5.931979624174133e-08
1683,-0.0808899032272441,0.5724431172557718,0.025145615481542986,0.07470362702042982,0.025149377727853563,9.677275590591616e-08
1684,0.5940717751677987,0.7829072734085432,0.024417519357617205,0.06831788990293422,0.0244289896305921,-2.2483220130098402e-07
1685,0.664155395325636,0.8803843967420829,0.02804248398525393,0.07265901343322442,0.028049856390718785,3.9532563600452875e-07
1686,0.7750663939987312,0.8822882104956101,0.0172947678527344,0.05990849438545776,0.017300136121303124,3.939987311962767e-07
1687,0.8737033369411502,0.9351564536849598,0.014203529350976572,0.03603456759860316,0.014206718954013797,3.369411502029962e-07
1688,0.7573655156792839,0.9053979669111724,0.009848020244824207,0.02790701101582089,0.009849747041407073,-4.843207160876162e-07
1689,0.868951667428316,0.9326699490073569,0.00922742463652345,0.03571609062593848,0.009228821046667375,-3.325716839697179e-07
1690,0.7097323367543137,0.8477693330405042,0.011766955154296852,0.04489864128613778,0.011768785240415606,3.367543136567619e-07
1691,0.7449311307455881,0.8666953682544278,0.014772855877343729,0.0502735264520647,0.01477727799699479,1.307455881338626e-07
1692,0.8458571340412033,0.921214711562822,0.008470542046123049,0.030818953506263347,0.008471364301902142,1.3404120335902547e-07
1693,0.7800289822341182,0.8849566856813403,0.010929125536328134,0.03375886958794192,0.010931972965462501,-1.7765881765718916e-08
1694,0.637703876134176,0.8018431472517434,0.01325854723271486,0.05195113576364048,0.013259402623694702,-1.238658240421131e-07
1695,0.8667161324722115,0.9318162613023965,0.006436027102636718,0.023641698487377984,0.006436474650157296,1.3247221142265175e-07
1696,0.8277766210473904,0.91039881113702,0.00891022128486328,0.02796102065382718,0.008911956141499913,-3.789526096253937e-07
1697,0.6591906244241158,0.8248208183995455,0.014807354505566434,0.04256371095870114,0.014810665315755648,-3.7557588417058696e-07
1698,0.8662173356172815,0.9316340000407772,0.007433626077695309,0.021652009455191357,0.00743397237428174,3.356172815216496e-07
1699,0.6239102594189985,0.8028874610222552,0.030305488845312513,0.08499958078642504,0.0303207017055565,2.5941899850501215e-07
1700,0.41453880261921006,0.7277256135741337,0.023068676184082034,0.07128882208014867,0.023075306211060492,-1.9738078993469799e-07
1701,0.3824264139585707,0.657791508071445,0.018410972953613266,0.06504407214239812,0.018414042615028083,4.1395857069970177e-07
1702,0.7972833592248671,0.90951819267299,0.012719959873740257,0.03316604164365929,0.012720792795125429,3.5922486718575897e-07
1703,0.5837423861567038,0.7774757911846361,0.019804502324316426,0.06594285749000688,0.01980670737335757,3.8615670383546075e-07
1704,0.3206074996246392,0.7317466233889043,0.018537482339355517,0.059049421319626254,0.01854117255926411,-5.003753608123773e-07
1705,0.8827969879894897,0.9546147060817397,0.006288422533085932,0.021188083915963832,0.006288791772577187,-1.2010510364035554e-08
1706,0.8639780984282779,0.9321233233919772,0.012335993724707027,0.04100661615459977,0.01233824641089111,9.842827786155084e-08
1707,0.9451498930936748,0.9723767441086344,0.004593557564755872,0.012984855275323672,0.0045937150062527726,-1.0690632523679966e-07
1708,0.6231399806578444,0.7996941524402877,0.011105936110253909,0.042374874249240455,0.011107623655971564,-1.9342155654911153e-08
1709,0.855552059367736,0.9285649881152881,0.014209011052050774,0.03939226245483234,0.01421184710999147,5.93677360605227e-08
1710,0.8603567791687271,0.9408789594139673,0.017409070656542992,0.050120044046853385,0.017416169961138976,-2.2083127293459626e-07
1711,0.48494635186774937,0.7150186414833551,0.015921680747168,0.054570037338672196,0.015924741842449287,3.518677493818956e-07
1712,0.69552306345003,0.8385251200881778,0.0156930684086914,0.053232815620948094,0.015699266713108808,6.345003000784999e-08
1713,0.1862626941347273,0.6280158147394002,0.015386855085136718,0.057937899882658316,0.015387753513897871,-3.058652727205846e-07
1714,0.6770020843539689,0.8267013446135699,0.016702805137988296,0.05737560942902235,0.016708046632663866,8.435396892103597e-08
1715,0.5473548962634781,0.7436808285679914,0.013997015709658209,0.05892820740779047,0.013997999862415195,-1.0373652192807725e-07
1716,0.6633401637565702,0.8205700221641382,0.0231287304668945,0.07317281931617843,0.023138227973682042,1.6375657019285228e-07
1717,0.8779737416709981,0.9404517132278615,0.009680197865507799,0.02541175892964367,0.009680962249213304,-2.5832900196753883e-07
1718,0.4952695567893798,0.7107384774764036,0.012961131671875004,0.050203543721889475,0.012963201852432271,-4.4321062020458157e-07
1719,0.5189281522633575,0.846850308161667,0.019090937308496085,0.05152248055610283,0.019094861848719044,1.5226335758899978e-07
1720,0.8727103442638786,0.9582063957807647,0.01399088759140625,0.04434469881920863,0.013993197109817798,3.442638786266272e-07
1721,0.8211338780060337,0.9149482930022247,0.017621213304101536,0.05080221077085001,0.017627073683865718,-1.219939663732461e-07
1722,0.9540982123069348,0.9875488655997161,0.005831842424414066,0.019813418070028937,0.0058325113038094,2.123069348103357e-07
1723,0.7278694001439592,0.8671257870852841,0.008903925508886726,0.03514266442893272,0.008904333542758812,4.0014395918941403e-07
1724,0.7743272408711883,0.8889575645150832,0.015576826171875002,0.04250438241818482,0.01557990656089064,2.408711883283843e-07
1725,0.562557833570098,0.7535538142033427,0.030775300730859382,0.0873474934339803,0.03078209340925558,-1.6642990197102137e-07
1726,0.8457246570637185,0.9249877352881196,0.012293553382519546,0.03288521578136064,0.012294724300710397,-3.42936281483297e-07
1727,0.2862965628038019,0.6743239923943214,0.03302715936865229,0.08465837378098676,0.03303701041049051,-4.3719619813309407e-07
1728,0.61686334653324,0.7914606557638613,0.0149781681694336,0.05327368822257526,0.014981574769794203,3.465332399921195e-07
1729,0.8915621512157544,0.9473647589389863,0.010986977789453121,0.029645082939914073,0.010988573161052078,1.5121575447363256e-07
1730,0.5458122182237128,0.7480725529720461,0.0239522019660156,0.07627114751739894,0.023955784764438028,2.182237128778297e-07
1731,0.5846182544125093,0.7703729662565163,0.01262690067939454,0.05395419191927804,0.012628535315742956,2.544125092818206e-07
1732,0.7068221760358624,0.8487654581069963,0.01380577215332032,0.05620599147408306,0.013809619818594378,1.7603586244252512e-07
1733,0.8581452939137736,0.9327718537068918,0.011057637437597669,0.03514956159980774,0.01105929902760298,2.939137735413766e-07
1734,0.871377789408744,0.9344883053903754,0.011016305838867188,0.030262145390782844,0.011018793558500167,-2.10591255989101e-07
1735,0.4906799332835229,0.8334088286480559,0.019836485619042946,0.06087969830627055,0.019840884656657305,-6.671647712064299e-08
1736,0.399719369592733,0.6959919520467674,0.018593869608984334,0.06150560140340228,0.01859812183334538,3.695927330293891e-07
1737,0.8423611926552939,0.9314142669059727,0.012748989118554667,0.03457342442152099,0.012750545663092416,1.9265529382916924e-07
1738,0.5451590392911327,0.7639466627681801,0.013187859666015609,0.050867870609973276,0.0131913180721294,3.929113279177443e-08
1739,0.7631098716049958,0.8761340155671249,0.008882913788378898,0.032258011041998276,0.008884235713789813,-1.283950041841564e-07
1740,0.4636754281744482,0.87663757393866,0.02365758037294919,0.0592180022031449,0.023662687940478454,4.281744481748895e-07
1741,0.7273697078623397,0.8537080730681831,0.01519446318818362,0.05212440062347437,0.015200484290016948,-2.9213766028490795e-07
1742,0.9182631065873934,0.9597495809625868,0.011277723192871066,0.0335377521461593,0.01128113207911009,1.0658739335589473e-07
1743,0.7047071033954886,0.8559204977314464,0.017704235836132818,0.054306142138797815,0.017709287502481196,1.0339548861537651e-07
1744,0.7169689140452635,0.8540521693570626,0.011324347276123036,0.039532956164931195,0.011325124380903027,-8.595473643957519e-08
1745,0.8873844819432186,0.9429947304810495,0.009275341285937516,0.022823073571567057,0.009277354852312016,4.819432186664585e-07
1746,0.8678056627913736,0.932678033441508,0.011439948500683616,0.02966235221908774,0.011443408395758279,-3.372086263553342e-07
1747,0.44347931000889895,0.8083437583396025,0.021404601465527348,0.06539531262894903,0.021412538731763308,3.1000889894050587e-07
1748,0.7262289985965338,0.8522569493519608,0.017540949353417958,0.061436571777758436,0.017547379936479066,-1.4034662321193991e-09
1749,0.6224453562545946,0.797107874937293,0.012493397196171874,0.04172583006538907,0.01249416099846771,3.562545946023121e-07
1750,0.6106440052610871,0.8020957910255465,0.016153237198339842,0.060099187919774276,0.016154336696581062,5.2610871215108546e-09
1751,0.8337407971083856,0.9183854935200519,0.010364761192578122,0.028743169110860934,0.010367853985629158,-2.028916143981263e-07
1752,0.540859485265047,0.8295906460465264,0.020065050821289086,0.06362561503326965,0.02006984464617872,4.852650470343889e-07
1753,0.6023869725663069,0.8074217285721027,0.018904734955859356,0.06178990771554045,0.01890744488241383,-2.743369309499144e-08
1754,0.9176987887496346,0.964887695176687,0.006346563139902341,0.020964797031353892,0.0063470278420521865,-2.112503654227993e-07
1755,0.7263032404474992,0.8819770986977079,0.020559223861328114,0.06943929889902825,0.020564012446620063,2.404474991335448e-07
1756,0.9269513041099283,0.9628007416129398,0.004654138734980471,0.016366924704495963,0.0046543057606071156,3.041099283507265e-07
1757,0.6139637808321272,0.8560085738206493,0.01718071169931642,0.049134491348585586,0.017184080738012773,-2.1916787273923433e-07
1758,0.9429962904389186,0.9717006401520705,0.005586776708808594,0.015527765404715595,0.005587184297423017,2.9043891869307004e-07
1759,0.9461112406163713,0.976903355508525,0.006168279505468752,0.02152741856702531,0.006169253130211584,2.4061637127203994e-07
1760,0.17500990068157574,0.6399935465812839,0.022097398699902335,0.06509795119933434,0.022101177859868832,-9.931842426258441e-08
1761,-0.16341836887013983,0.4173775421286435,0.017510075315624967,0.06963340577010517,0.01751333041151724,-3.688701398218974e-07
1762,0.7253261821539085,0.8557242515431763,0.019435802160449215,0.06323452473550874,0.019443014293842327,1.8215390851228364e-07
1763,0.5439577413415007,0.7444795211638756,0.009425586639218744,0.05208568410640043,0.009426066453242546,-2.586584993968799e-07
1764,0.7179578945793876,0.8786798720196952,0.010395485876601562,0.03742801839243888,0.010396507574357823,-1.054206123507484e-07
1765,0.8487511721385774,0.9230953350346535,0.006101938877460941,0.023966389261616133,0.006102133109517222,1.72138577392289e-07
1766,0.7112714410473719,0.8600553211317955,0.022606657388769547,0.06973718529364553,0.022620078304222906,4.4104737195738153e-07
1767,0.8293512294654863,0.9124805100774708,0.012187273679882805,0.040810059523993185,0.012190637177862465,2.294654863899126e-07
1768,0.8524972074118148,0.9275767826977067,0.009385655966015623,0.027159810959448288,0.00938723469518836,2.0741181483430182e-07
1769,0.9158873146040721,0.9615714925438861,0.009454191345605456,0.02579941661919145,0.00945667586495709,3.1460407212691166e-07
1770,0.8642740892996233,0.929817419622657,0.00798332136702148,0.0238137292733946,0.00798388337859996,8.929962336257091e-08
1771,0.14129289047838978,0.5893638050661798,0.01732897589179688,0.059008719128303716,0.01733122355564922,-1.0952161022537155e-07
1772,0.6292524852641627,0.7985224231475389,0.018030898163671857,0.056215636106134274,0.018036035167368587,4.852641626307275e-07
1773,0.40073857815237035,0.6639091990246837,0.017324937399218764,0.06139469612589943,0.017329210127392036,-4.218476296613538e-07
1774,0.9182472608997282,0.9648079193851815,0.010286754587500007,0.032824698643241,0.010289481191976329,2.608997281550174e-07
1775,0.6947398982532349,0.8631853325078366,0.014964263105175806,0.038643461524531075,0.01496669674993413,-1.0174676512431091e-07
1776,0.7378777153170959,0.9059472224913682,0.015686604992382794,0.043035569297688404,0.015690418547041608,-2.846829041391885e-07
1777,0.1754376839058357,0.5139757661412064,0.011742144662138689,0.05888760302399417,0.011742500581676044,-3.1609416431543913e-07
1778,0.6414966050322125,0.8271762081837933,0.017875788569238264,0.04917478203392115,0.017881141889869362,-3.9496778747594163e-07
1779,0.5711082539285637,0.7725279234975891,0.012510940941357417,0.04611890935317595,0.012511301313252166,2.539285637315203e-07
1780,0.7735277090455743,0.8816218053339355,0.014372359115039073,0.0366399397764228,0.014376730542545011,-2.9095442566351437e-07
1781,0.8237926381063416,0.9085377727505737,0.010188195306152363,0.028470738081455664,0.010190586427389802,-3.6189365837380194e-07
1782,0.6608268035757121,0.8178260084991417,0.012904622656835925,0.047869223419055223,0.01290785529624396,-1.9642428794597322e-07
1783,0.1480698229465338,0.6558463297103679,0.022172170092675775,0.07233285468400277,0.022177038138834367,-1.7705346619378837e-07
1784,0.8428189803164163,0.9264918857775096,0.012433248119335927,0.043384044026774406,0.012435373467668346,-1.9683583651897152e-08
1785,0.7880564474510934,0.9045562797126816,0.011390784042187496,0.03981808014027062,0.011391971924111122,4.4745109339938693e-07
1786,0.2965569532992377,0.7291607394767718,0.024854880441894538,0.07737794809146033,0.024860690710988745,-4.67007623128346e-08
1787,0.8718427593119843,0.9477542990817215,0.015615062040527367,0.040578391438544165,0.015621431485509832,-2.4068801574017584e-07
1788,0.6017892473614477,0.8365055892575919,0.0399190937776367,0.1007525967505077,0.03993925527345576,2.473614476583563e-07
1789,-0.30726511782568555,0.594875070491461,0.027773233487626954,0.07851532889086581,0.027775340575514132,-1.178256855416393e-07
1790,0.9275760894342986,0.9631809256273284,0.005984781355947267,0.01720195286446838,0.00598504933635175,8.943429863350616e-08
1791,0.6748807503049996,0.8417204862863585,0.019321014657421892,0.05739897368850584,0.019327444614131578,-2.496950003427756e-07
1792,0.8499575154687641,0.9236025298284528,0.012914860913574255,0.03850127758406874,0.012918087169674236,-4.845312359114118e-07
1793,0.6906279262622013,0.8683537024669616,0.01726940178759764,0.04293259867416343,0.01727379259393592,-7.37377987558574e-08
1794,-0.07787912364872529,0.6811381017402585,0.03343144702978519,0.08183709860834919,0.033437338030030524,-1.2364872528647375e-07
1795,0.20716414114344095,0.5928487211608651,0.044174176819140674,0.10841370954645473,0.04419021426099593,1.4114344096261e-07
1796,0.8422284745200207,0.9188670538362521,0.008528860217968755,0.026753123338603073,0.00853012941165885,4.7452002072123634e-07
1797,0.8143035967766686,0.9042336925132327,0.011119424851660169,0.029489807783296688,0.011122928890151746,-4.0322333139108935e-07
1798,0.9627615563221096,0.9838839392952787,0.006057256611718749,0.021540329478701006,0.006058377576358245,-4.436778904270966e-07
1799,0.9213247406138485,0.9676359010001068,0.006400694052832029,0.02025109259137697,0.00640148146385875,-2.593861514466056e-07
1800,0.9460408068801762,0.9729326369850521,0.0054746412168359395,0.013904428703382191,0.005474986355814821,-1.9311982379921488e-07
1801,0.773390241207266,0.8919770511557122,0.01627848495917968,0.040675447471210546,0.016282452380604624,2.4120726593857e-07
1802,0.9654054424308441,0.9827778308359213,0.004737545524746089,0.012895387944931658,0.004737869872115971,4.4243084418305045e-07
1803,0.8400290237800663,0.917084675064982,0.013420626667871093,0.040342399111190336,0.013424386676144002,2.3780066249479148e-08
1804,0.3970003254805249,0.8089597281036369,0.02416699529121095,0.0641088616551143,0.02417334955589125,3.254805248653625e-07
1805,0.8969567503830609,0.9517738031909336,0.010887918211914057,0.03286914718982931,0.010889871097942986,-2.4961693911862426e-07
1806,0.5941815136846341,0.7855294272299218,0.022481882705566378,0.06103620488283859,0.022488799896095858,-4.863153658662966e-07
1807,0.3948873837596393,0.6551201027954409,0.01663941789013673,0.05996387539849199,0.01664281262282,3.8375963928860557e-07
1808,0.7141570075827566,0.8569929243664158,0.012349422382158201,0.04155726489176392,0.012350322836662524,7.58275653378604e-09
1809,0.7284312779844537,0.8553700505817073,0.017597606830175777,0.04285114145187659,0.01760543492308378,2.77984453678215e-07
1810,0.5159210760751427,0.8504573508258803,0.012827038893456995,0.03961014026073314,0.01282760606054309,7.607514274088345e-08
1811,0.9123329613612513,0.9607901703490438,0.006210768123505851,0.01763338855319209,0.00621096814667915,-3.863874864507011e-08
1812,0.9166496961187793,0.959076566157347,0.006224467776953135,0.017093950293138364,0.006225278168101863,-3.0388122063129686e-07
1813,0.5170912439434565,0.736307665333847,0.01914915231962889,0.07298058054651793,0.019152674534781183,2.439434565459919e-07
1814,0.21054345562861476,0.7202883849409152,0.022231962111523427,0.0740158508584325,0.02223709352543568,-5.443713852470999e-07
1815,0.8693330587962504,0.9341211238349432,0.007420307209472653,0.024753782326610744,0.007422381396922976,5.879625042393144e-08
1816,0.8747608062732346,0.9359798295870307,0.010899614923144535,0.030798527834303067,0.01090102272155258,-1.9372676540729827e-07
1817,0.552262373954935,0.768447087114849,0.023211305904980405,0.0714435931082573,0.023219141977638184,3.739549350179061e-07
1818,0.8312832965908638,0.9135588439657398,0.015083381919433585,0.04432374609853584,0.015088346887842828,2.9659086375755095e-07
1819,0.8261479062562116,0.909663987993418,0.013882588273828135,0.043188745688513434,0.013886835863921454,-9.374378839854813e-08
1820,0.9765862820157891,0.9887223028040496,0.0043948218863281265,0.013683238436251514,0.004395615932807869,2.820157891658681e-07
1821,0.42556117002018035,0.6658082179256172,0.013728713700683598,0.05646515013028031,0.013731702795777458,1.7002018032341581e-07
1822,0.760381036430414,0.8740594938894374,0.017895490391894583,0.056318210738656144,0.01790253617669116,3.643041401879543e-08
1823,0.9618122578607806,0.9807947626452619,0.00423369949469727,0.012236651473486439,0.004233926798095798,2.578607806169586e-07
1824,-0.12823719738245942,0.3759170978588373,0.015682791903906264,0.06343009226648759,0.015684959232751094,-1.9738245943257127e-07
1825,0.37673477157010604,0.640522681673643,0.014170655752695289,0.05730561016912018,0.01417144512032794,-2.2842989394478153e-07
1826,0.786934209586448,0.891139923050849,0.020934885837304677,0.06103053765337874,0.020943404382735394,2.095864479745302e-07
1827,0.9120750490707041,0.9582321229280303,0.008709612756689465,0.02566445384208005,0.008710394537681767,4.9070704166709334e-08
1828,0.8919751822268374,0.9457378237497299,0.01444491343701173,0.03980987170733151,0.014449081093839735,1.8222683739743673e-07
1829,0.580864846620524,0.7766078202494023,0.027422100814257794,0.07913681799319948,0.027437705487937655,-1.53379476008908e-07
1830,0.9076143823939001,0.9579569274647992,0.008323991330761725,0.02864822700370067,0.008325766914619274,3.8239390010019747e-07
1831,0.7094161067482385,0.8492249224397233,0.015822779452050767,0.06084973143587259,0.015825468843303825,1.0674823847089954e-07
1832,0.6921393009660436,0.8360332376895218,0.015908972457714846,0.05669583781023573,0.01591384714281286,3.0096604364260315e-07
1833,0.8312661305967864,0.9370524872472235,0.01210587835478515,0.03573169343394279,0.01210752675944162,1.3059678649618434e-07
1834,0.7025006820048341,0.9036890993479044,0.024079830274999964,0.06972735742773378,0.02409014548257444,-3.179951659770808e-07
1835,0.9076954132620196,0.9668833065537317,0.013929292882812513,0.039803743722527596,0.013934718794764593,4.1326201960512066e-07
1836,0.6319722565317156,0.8711845915076846,0.025608858791601536,0.07884073993764211,0.025613559712249424,2.5653171564776756e-07
1837,0.5864145491345409,0.7707835164060804,0.029812457749121106,0.08428894162301402,0.029825448339464607,-4.508654590784644e-07
1838,0.831022968730868,0.9125394982659457,0.009504535382382832,0.027614504779805555,0.009505220979619207,-3.126913195039549e-08
1839,0.7149934766896735,0.8627641374894659,0.015703972077148427,0.04991650361291483,0.01570586919222933,4.7668967351199854e-07
1840,0.8834967550253127,0.9406234188433543,0.011186572051953133,0.034298856953627575,0.011188240060792012,-2.449746873134373e-07
1841,0.88498345455931,0.941987957647217,0.01064847765302736,0.03706277673248622,0.010650253019319945,4.54559310081315e-07
1842,0.5335438588713244,0.7388928341031215,0.0239432610051758,0.07971739979937799,0.023950971591757374,-1.4112867563476073e-07
1843,0.5503560553916946,0.744800331307609,0.01275794434944337,0.0530454146417321,0.01275871319983535,5.5391694675499537e-08
1844,0.5653309114978646,0.7533731433254629,0.018942688800878932,0.06500151354173582,0.01894688960103338,-8.850213539801643e-08
1845,0.5017185764132717,0.7333860844682168,0.0201694983439551,0.07137948072032389,0.02017121649106077,-4.235867283597372e-07
1846,0.8398420055317072,0.9229311276226607,0.01658150417744138,0.04582168896842665,0.016584622540897726,5.531707203410008e-09
1847,0.16570064919063776,0.6219259860281106,0.02248563413056642,0.06619568084984301,0.02249032417505762,-3.5080936222620096e-07
1848,0.7795368501818624,0.9006669349557965,0.024038706778027358,0.06581624116441638,0.024049910253154443,-1.49818137673563e-07
1849,0.6258495608503885,0.8156949141408495,0.020773639192285188,0.05599868863662691,0.020779061453046952,-4.391496115641047e-07
1850,0.5492133255780681,0.7570113856683546,0.022054892893652346,0.06287535363710992,0.02205861720661152,3.2557806817212764e-07
1851,0.5616494046089826,0.755699389900614,0.023516121894921894,0.07537717412827408,0.023523876665541236,4.046089826514887e-07
1852,0.11447245375787929,0.6665833839212729,0.024788124351074203,0.07211490333348977,0.024792450291514258,4.5375787928458866e-07
1853,0.8648821779589501,0.9302582039856281,0.006469187393847656,0.02301792291466933,0.00646994189776796,1.779589500205958e-07
1854,0.9742417028957753,0.9880912540939495,0.0044123743603515665,0.018682646343693963,0.004412848567265029,-2.97104224777911e-07
1855,0.666713047113725,0.8185897047827377,0.023114938539941426,0.0681765039758887,0.023127873897366962,4.7113725032410514e-08
1856,0.7758331147540203,0.8879444129357453,0.020077950764160142,0.05208546619113265,0.020084380183978387,1.1475402028615633e-07
1857,0.6719994639982435,0.8247279138508252,0.015385161608007807,0.051927969563932856,0.01538951790191183,4.6399824349396823e-07
1858,0.26846724320481985,0.8243372488828533,0.01683010174853515,0.049401547962413535,0.016832582344312876,2.432048198386383e-07
1859,-0.07573284659163848,0.7054423524781273,0.026773096184863312,0.08098285208522574,0.02677800275579746,1.5340836151400694e-07
1860,0.8152073031138041,0.9037713635853413,0.013065059666796866,0.05295270415535759,0.013070926714332085,3.0311380405656507e-07
1861,0.6855582397173783,0.8901989488380888,0.012926311514580067,0.03506601455929037,0.012926932920518792,2.3971737828087925e-07
1862,0.8986137679421864,0.9678314649404671,0.009087674343652343,0.03332354598438774,0.009088982489999588,-2.3205781363166977e-07
1863,0.5373904159277487,0.7452261624302422,0.03411363345078132,0.09972676428927985,0.03412041298235456,4.159277486870394e-07
1864,0.8709001712601923,0.9366900354663358,0.018061218571679666,0.050857140433129853,0.01806964285059143,1.712601922498891e-07
1865,0.8051392621348423,0.9033791212767712,0.009768256522753906,0.029741862420655168,0.009769586395978554,2.6213484227710637e-07
1866,0.667974487120405,0.820758191880909,0.018565695274707052,0.05724498561820469,0.01857116773913193,4.871204050127531e-07
1867,0.7794261385527177,0.8985438587316632,0.012051461693652349,0.03260066861407596,0.012055405433886801,1.3855271774332323e-07
1868,0.7844014682775082,0.9044214809270115,0.011819155290917963,0.029487812314793367,0.011821413636046873,4.682775082143209e-07
1869,0.7519015939132216,0.9051045765937611,0.01799845789521487,0.05282769091822693,0.018003958374557674,-4.0608677831510676e-07
1870,0.6041281284653134,0.7898581463305285,0.011795524782587906,0.046565778759551896,0.011796062177915836,1.2846531338706058e-07
1871,0.7524865152275402,0.869093519471486,0.009054489112226562,0.03631346263156466,0.009055030733456865,-4.847724598411318e-07
1872,0.7307643317891215,0.8873400963372818,0.01412799346020509,0.043117966498362775,0.014129405393741742,3.317891215104396e-07
1873,0.5731893591315371,0.7725850175774621,0.018933167839550798,0.06376212391317912,0.018938578110277018,3.5913153717537227e-07
1874,0.8352393429390051,0.9196651499199637,0.009644889530761735,0.028871280197193705,0.009647617612677878,3.4293900519344334e-07
1875,0.4050670283671458,0.6811945380220656,0.014427691720507837,0.053811046329058504,0.014429171309377658,2.8367145799013116e-08
1876,0.6983546278869734,0.8443215383844557,0.01360907641817381,0.04439771844720075,0.013610210037882856,-3.721130265033068e-07
1877,0.6929515590346123,0.8356381033783067,0.02313503552490233,0.0709972016853865,0.02314499804397338,-4.409653877601727e-07
1878,0.8940660808465335,0.9468681154553078,0.008285717513085936,0.022442401522355587,0.008286901937605243,8.084653346784876e-08
1879,0.7194457740855561,0.8646577591545325,0.018631655332714832,0.05333077506161477,0.01863737341679567,-2.2591444392983107e-07
1880,0.7153443833417641,0.8504514276624567,0.022341777160742184,0.05818792822146549,0.0223484075935794,3.8334176410970144e-07
1881,0.9462369724975342,0.9745868971384745,0.006371278324736332,0.01516630474165171,0.006371906725490991,-2.7502465749229543e-08
1882,0.2661565155688663,0.6152792971966063,0.019890498604394548,0.06277222730040877,0.019894376645075536,5.155688663216473e-07
1883,0.4898029832538917,0.7403611875359791,0.022132195574121123,0.06463778778282857,0.0221376004914187,-1.6746108277843064e-08
1884,0.8298315870132765,0.9117952874341475,0.010826080986035143,0.028368461654121546,0.010829075044439376,-4.129867234858864e-07
1885,0.6583844447530665,0.8772044806821478,0.019343549946582012,0.05913765235192539,0.01935079040086504,4.447530664863919e-07
1886,0.5749176158158908,0.7645803093657716,0.02578005961074225,0.08164749446080266,0.025789472879237905,-3.8418410919227597e-07
1887,0.04893776388482329,0.455847481854153,0.024132540018066424,0.0746606147032091,0.024137092674420556,-2.3611517670912852e-07
1888,0.932969208019708,0.9665816104707614,0.005653223313749997,0.01493413625957638,0.005653510102749085,2.0801970790351731e-07
1889,0.6205195393968915,0.80809497415539,0.01642567423994142,0.06204254992347616,0.016430218217238057,-4.606031084319895e-07
1890,0.5929113763723061,0.7931995187374254,0.020394179390136727,0.06745300294692641,0.020399789703581382,3.763723060989932e-07
1891,0.7652789454280523,0.8817424663588126,0.009919441521582048,0.036381114533355796,0.009921307763226065,-5.457194773850205e-08
1892,0.6786771727401089,0.8261321748861918,0.019167120148535145,0.06907243161620258,0.019174565400267827,1.7274010888357338e-07
1893,0.9169311059118082,0.9595475470050027,0.008077798146562504,0.021822527429075228,0.008078513311171558,1.059118081014887e-07
1894,0.6611513285399445,0.8149793261692823,0.017433938053418016,0.05349610322781905,0.017436099876979312,3.2853994447190615e-07
1895,0.8606168321585395,0.9285155907194191,0.014894754680371122,0.04335201582717713,0.014899635592396291,-1.6784146050774496e-07
1896,0.5378470871697663,0.7339815071256816,0.02060100961396486,0.06815509036938973,0.020605404371698985,8.71697662940818e-08
1897,0.81558555710058,0.9131279890402874,0.01589349348984374,0.04170279876584472,0.015898122643192306,-4.4289942002784244e-07
1898,0.8688720703862474,0.9420593919287493,0.015095279490722665,0.04461742295272489,0.01509806270383684,7.038624738608945e-08
1899,0.6146570263135549,0.7942383991297831,0.012437609617578142,0.04484251969219214,0.012439092140921136,2.631355489057796e-08
1900,0.5979133116240163,0.7799090572439502,0.02904845519589841,0.077363000896298,0.02906827955617093,3.116240162581718e-07
1901,-0.6160162805990792,0.4867107840732713,0.02141531736072266,0.0807665127271089,0.0214165080697417,-2.8059907919431026e-07
1902,0.6092026228705543,0.8043612899247147,0.023491553077832024,0.06508808259954646,0.023500677723572838,-3.7712944578327523e-07
1903,0.8107560321479524,0.9066839337379212,0.016247891198437482,0.04383059317388592,0.016251152461837254,3.214795241124335e-08
1904,0.5549985432809925,0.8025745897610069,0.018968595868261714,0.054519051948538164,0.01897115925129975,-4.567190075022154e-07
1905,0.35863884673547897,0.6157632564365332,0.02036179607910156,0.07240735988012194,0.020366237882265225,-1.532645210189365e-07
1906,0.9807525682540319,0.9909715547489617,0.004133994469531251,0.009205217646075656,0.00413446369767178,-4.3174596808803756e-07
1907,0.26342962640799794,0.5955653752717066,0.028104061343164066,0.08597468222280258,0.028111642164728,-3.7359200205644427e-07
1908,0.6337615322876755,0.8165744847410625,0.019503905008789072,0.06143650083475235,0.01951257277654872,-4.677123245366843e-07
1909,0.8153561613942106,0.9081983174482466,0.008633488448369147,0.028356240719950642,0.008633872864565004,1.6139421066263537e-07
1910,0.9516442766926546,0.9761178481777679,0.0038871378782226566,0.011532371976079496,0.0038875533111108543,2.766926545660908e-07
1911,0.5871834688888962,0.8048280237858055,0.01747332007177735,0.0596051933957606,0.017480131234629145,4.688888961545956e-07
1912,0.9647765293065091,0.9823588079858109,0.003908111189355475,0.01753206379797243,0.003908602498735265,-4.706934908504934e-07
1913,0.598112495798525,0.8139709759982258,0.02169696067050782,0.0598880199946104,0.02170236482845943,-5.042014750156198e-07
1914,0.666390892249388,0.8340770608797123,0.022547701297363255,0.06331906109266908,0.022554748788001677,-1.0775061198842195e-07
1915,0.7631277492853527,0.8808287918053886,0.011172501645566421,0.0403270107342666,0.011173245840387747,-2.5071464737624893e-07
1916,0.6363421881734095,0.8024646119483746,0.011686151362695338,0.047529749331364064,0.011688213534079117,1.881734095210419e-07
1917,0.8170943950823607,0.9124746560623573,0.012226642796484385,0.0346839145476804,0.012231045300084923,3.950823607157261e-07
1918,0.3371832016976182,0.6219273566933126,0.014115256302832014,0.05317332974999137,0.014116786335190487,2.0169761816291043e-07
1919,0.7370840878790161,0.8831397248892251,0.01629020765537109,0.055047015088411,0.01629393010146635,8.787901617512972e-08
1920,0.5046835330328279,0.7275694947625726,0.0237096748027344,0.07155781797268171,0.02371723485159433,5.330328278763119e-07
1921,0.572060865857708,0.7690458852370984,0.009609250198476556,0.043526067408128484,0.009609698726551963,-1.3414229205199746e-07
1922,0.4220739494148208,0.825677156147109,0.014974310916406266,0.05097387740281536,0.014977631121727014,-5.05851792120815e-08
1923,0.5030055475096363,0.7319746683602734,0.017734775209277312,0.05903528854896969,0.017738159618203776,-4.524903636227151e-07
1924,0.7577878045435616,0.8842871461086041,0.013184887586621076,0.03605875682315734,0.013188519916022266,-1.9545643836771376e-07
1925,0.6157455672301084,0.8084150311129358,0.01562248265330079,0.04836971151626592,0.015623772267274046,-4.3276989158957946e-07
1926,0.8989931175223149,0.9482744744195503,0.0067365173823242044,0.01943295661210236,0.006737684122154207,1.1752231487971443e-07
1927,0.9111971926614335,0.9555322658189208,0.00684546353808594,0.017479057712501394,0.00684647533828198,1.9266143347351772e-07
1928,0.8002674085796926,0.9126890122769336,0.018189487733593728,0.05918429624029088,0.018193596939398458,4.085796926345253e-07
1929,0.6000001786518864,0.7767695680214068,0.013381129179394526,0.05201153089108481,0.013383355190036547,1.786518863955422e-07
1930,0.3095104996820177,0.6300356922802625,0.03442943772255856,0.09151436911660493,0.03444117555416094,-5.003179822660186e-07
1931,0.696646486314735,0.8472614029212195,0.022335324437011705,0.06559551588115797,0.022339297125810703,4.863147350375741e-07
1932,0.20291278616671293,0.7649390227267504,0.024561837604589864,0.06634467173891703,0.02456650522584287,-2.1383328707713645e-07
1933,0.5416083172179211,0.7489678492443178,0.018696243361132816,0.07518284972138442,0.018700721477039293,3.172179211530235e-07
1934,0.7293585842537813,0.8542321048947887,0.020024592999902342,0.060674139386235476,0.0200317844225291,-4.157462186737959e-07
1935,0.8900317824975008,0.9683924101947844,0.010818599012207018,0.029608203494926183,0.010820995353008829,-2.1750249923346843e-07
1936,0.6279492481851583,0.8011365147358781,0.02136692706152345,0.063120394455835,0.021374180943417885,2.4818515831359633e-07
1937,0.7948435838744508,0.903454054521413,0.01605011436923828,0.04334069782743943,0.016055504394729643,-4.161255492407534e-07
1938,0.7190160584626288,0.8662035732304424,0.013937750047753902,0.035263316987184636,0.013939547014274876,5.846262884912079e-08
1939,0.7752986374990365,0.881528791871922,0.017245353244433607,0.053042413429443276,0.01725172399557414,-3.625009634689036e-07
1940,0.8030555691646459,0.9147681962598992,0.01269727330009767,0.037909154593216664,0.01269876885950379,-4.308353540594112e-07
1941,0.8805823064818924,0.9518342818759113,0.007299027332265618,0.022954036143119996,0.007299464244471767,3.064818924203294e-07
1942,0.6297655096345336,0.8010048959582047,0.02840772206123051,0.07928377627217192,0.02842014409696522,-4.903654664545343e-07
1943,0.7732085320895679,0.93755980273428,0.02309700065976562,0.06596501351617652,0.02310208029204545,5.320895678506687e-07
1944,0.5665272781184123,0.7600852450497181,0.026471459685156247,0.08521941284772902,0.02648344572192175,2.7811841230018786e-07
1945,0.8789874973789026,0.9409302707869547,0.008228950472285158,0.02131447807247354,0.008229490809294998,4.97378902619694e-07
1946,0.7858989691181912,0.8932714919638004,0.01580737136748049,0.04393493244281833,0.015813112107516732,-3.088180877686142e-08
1947,0.6971343782953326,0.8438175702271852,0.024987709273535164,0.06849692564870576,0.024996778642257314,3.7829533261479753e-07
1948,0.8226197814083208,0.9087696605763766,0.017659165199609392,0.04798349706354805,0.01766487918918769,-2.1859167920190714e-07
1949,0.7632920025124834,0.8772510542911373,0.014614204950585942,0.056014724691390766,0.014616913678097433,2.5124834435175103e-09
1950,0.9527504509191352,0.9762337191265438,0.00468355187050781,0.013292921839570834,0.004684173043379265,4.509191352530806e-07
1951,0.5674867270911406,0.7795248693370486,0.019807957457812515,0.059917672609901676,0.01981253558796091,-2.7290885940001175e-07
1952,0.8162348916683015,0.9074226010494076,0.01161783197841795,0.03711518518015457,0.011619325668295126,-1.0833169850066326e-07
1953,0.803090472396793,0.8964260584960391,0.009842390460351543,0.032609734025991925,0.009844761646998887,4.7239679301647186e-07
1954,0.35325711441333096,0.7211280746176139,0.030276537378515614,0.07530999584093154,0.03028319371837281,1.1441333097605977e-07
1955,0.6527185344854574,0.8207169927927943,0.015386862889648422,0.04759763504920544,0.015390842462846019,-4.65514542691281e-07
1956,0.6100169564418967,0.7836086680189541,0.020516765093847693,0.0628916255441751,0.020524586771676255,-4.355810334644161e-08
1957,0.5600765376858429,0.7540749050214557,0.011308339532158198,0.04797885844039842,0.011309008495973381,-4.623141571791223e-07
1958,0.48838475746891097,0.7156065381371893,0.022895382209277334,0.07448379285124784,0.022900715098802392,-2.4253108904526144e-07
1959,0.6646037598174493,0.8218828425723377,0.019390144758300764,0.062482884115144154,0.019396729451393237,-2.4018255062596694e-07
1960,-0.500186729691461,0.2187137788761322,0.014447856349238291,0.06735648187920004,0.01444867404160346,2.703085389965665e-07
1961,0.8918721565885837,0.9567120473207015,0.009840994233496088,0.03140125688051239,0.009842066384902965,1.565885836551928e-07
1962,0.7900430011517673,0.8898190200032279,0.014282338846093754,0.04269754052653928,0.014284150389185995,1.1517672371397225e-09
1963,0.7169053264589753,0.8511863204049552,0.018021013462597674,0.056684935190216106,0.018027308360716764,3.264589752971503e-07
1964,0.9169756943807594,0.9581173012113157,0.006578902872998046,0.017696434598222562,0.006579425933543695,-3.056192405814784e-07
1965,0.7447127159541415,0.8638306754078469,0.014904030282617206,0.050034428456681206,0.014905987768233505,-2.840458585007255e-07
1966,0.5981466518206557,0.7928300234350055,0.01628153864638674,0.05483846966007171,0.01628572693798345,-3.481793442450254e-07
1967,0.8442114024979924,0.923614626556062,0.016942124460644515,0.04288120371894079,0.016948344063953874,4.0249799238001316e-07
1968,0.6841499553871643,0.8973753332399268,0.01655365544052736,0.05108559411547664,0.01655593933732573,-4.4612835758961467e-08
1969,0.608357306646609,0.7908110438008779,0.014303912953222656,0.05364806388255249,0.014306772051454994,3.066466089940434e-07
1970,0.6157419534772042,0.8076526545177073,0.015665609352539047,0.05539911456848726,0.01566784606760832,-4.6522795837944386e-08
1971,0.7930036893285342,0.9111326352822247,0.007419367792773433,0.02503027499272101,0.007420372782091735,-3.106714658862586e-07
1972,0.787694123235722,0.9036889341448917,0.020349071534472647,0.05973878097660002,0.02035735742680722,1.232357219604907e-07
1973,0.9043443458419749,0.952126123974244,0.011631055112890625,0.03508172473470888,0.01163423892591743,3.458419748358921e-07
1974,0.7562015597610434,0.8705316145325913,0.012710403529130852,0.03964102283141382,0.012711218453608205,-4.402389566227072e-07
1975,0.7602576777010219,0.8855266492214049,0.008192691009765631,0.029047040931451475,0.008194088453373325,-3.222989780615748e-07
1976,0.4839148148472062,0.7072792630693205,0.011131540405302754,0.05206454456741434,0.011132134011209199,-1.8515279376352112e-07
1977,0.8933811146276034,0.9737675120357799,0.012997906200292982,0.04117551354360119,0.013000555142706694,1.1462760340918976e-07
1978,0.8703185025616853,0.935785883117848,0.006927426057080089,0.025287646699415807,0.006927830813932714,5.025616852671888e-07
1979,0.8677688971280371,0.9372754297674802,0.008647808698466809,0.024444304582609388,0.008648392176255374,-1.0287196294811451e-07
1980,0.6896596141420905,0.8368661755514194,0.01200446190771484,0.04213825828607502,0.012007553878054302,-3.858579095128434e-07
1981,0.7923440592605515,0.8943497718329214,0.010914285130078132,0.03702600424527496,0.010917669702669686,5.926055146598941e-08
1982,0.3526407650416644,0.6544371450319149,0.02145145002080079,0.07422137801136311,0.021457666253070138,-2.3495833556541612e-07
1983,0.5270521680536585,0.8001929499207802,0.020491320721289053,0.06694445179760687,0.020499728116933742,1.6805365854466459e-07
1984,0.5261845596063144,0.7287688826145294,0.024802057372851585,0.07535336630749388,0.024808976710577454,-4.403936856300916e-07
1985,0.6791494280709036,0.8803172798817032,0.016973405359472657,0.040358258723550575,0.01697652913080833,4.2807090361307587e-07
1986,0.694441703306859,0.8640412904251077,0.030792982208886734,0.0762401872744566,0.030808316145564524,-2.966931410552931e-07
1987,0.5549392433984401,0.7584646324551149,0.018400525289453164,0.06307856371914863,0.01840478701911377,2.4339844018061996e-07
1988,0.9071593837088889,0.9560786508601989,0.00590931121367188,0.01878591084443735,0.005909950835830941,3.837088888847262e-07
1989,0.6748885593893665,0.8389735355414314,0.010334278458486326,0.03649107313903192,0.010334760744875193,-4.406106334231552e-07
1990,0.4313270779543267,0.6755095245873467,0.030460255687109347,0.09430737225198599,0.030471388607000938,7.795432666046764e-08
1991,0.847646014841994,0.9391585220217747,0.01782027144091795,0.047506325368989855,0.017824225839888925,1.4841993967174005e-08
1992,0.8793714945222113,0.9389292253245551,0.008503592520410162,0.03339795173647742,0.008505783931018846,4.945222112917591e-07
1993,-0.5366271048596891,0.5790433143557361,0.02490110590943357,0.07814941700218851,0.024903210058104232,-1.0485968915396882e-07
1994,0.7808656691335158,0.8923313205381679,0.014620986282128916,0.04209963304936095,0.014626117169372895,-3.3086648409952346e-07
1995,0.9146730161070957,0.9585308383843522,0.011891704167675795,0.031477612849429945,0.011896436025069797,1.610709576826963e-08
1996,0.5005620748110327,0.7249478692049088,0.015818958270410164,0.05566511171142352,0.015823431535517136,7.481103270201572e-08
1997,-0.15237020625422515,0.3251119181211094,0.020816777365039084,0.07316795959092698,0.020819915852844362,-2.0625422514353176e-07
1998,0.7889619795100403,0.8896257965671561,0.01201506649462891,0.044168644715081,0.012016532354159544,-2.048995972891987e-08
1999,0.6328826305267627,0.8037691672811103,0.010580069302832036,0.03975000222322459,0.010581251465640781,-3.694732372272469e-07
2000,0.7314275682036298,0.8634626480323754,0.0209674208005859,0.06777747686162326,0.02097633411062412,-4.317963702149541e-07
2001,0.8951932242846501,0.9464804191425674,0.01141394156533203,0.031234481952054464,0.011415771637957504,2.2428465007440224e-07
2002,0.7467930560932815,0.8716437471839192,0.013910642131054678,0.04723314486917258,0.013912308536241301,5.609328146416459e-08
2003,0.5460808329186666,0.7425180766242306,0.015667169147558595,0.05708738225238291,0.015670398116143538,-1.6708133343534826e-07
2004,0.6759762793947792,0.8832778649906687,0.02852466493457032,0.07544167726462467,0.0285306802376281,2.7939477920124745e-07
2005,0.7787123268375786,0.8860846875280026,0.010392260866210921,0.03183536435019008,0.010394754538719447,3.2683757866802665e-07
2006,0.5816053822648182,0.8345162181320285,0.014086147977832008,0.04096446690073436,0.014088451720048425,3.822648181328603e-07
2007,0.7958761686376201,0.8934054639797699,0.018638964185644556,0.05385953379487443,0.018643142841037803,1.6863762009045047e-07
2008,0.9370889468707172,0.9680385018228448,0.005745725507226566,0.01398395167340233,0.0057459776158442655,-5.3129282751029905e-08
2009,0.747726598341811,0.894187695305677,0.020605120510839854,0.06035767410004785,0.020608632217648016,-4.016581890420312e-07
2010,0.9535070961828708,0.9768291693809837,0.00582844096533204,0.013564877249149874,0.005829865577518957,9.618287077906018e-08
2011,0.4350918610818638,0.6883452785970191,0.01893079268144527,0.0653262830675901,0.018935084373230205,-1.389181361610703e-07
2012,0.7437807456919598,0.8674288178838266,0.015107464597949203,0.04905339598708366,0.015109608291757125,-2.543080401817832e-07
2013,0.8549257315442227,0.9252893502969953,0.014037786598339819,0.03895468301099801,0.014041342323964007,-2.6845577727474534e-07
2014,0.8748723273066125,0.9357978435377199,0.010821248129589836,0.03233857613390655,0.010823197745751691,3.273066124798163e-07
2015,0.8759095807479889,0.9373057062381086,0.008054340542285167,0.027684230960252628,0.008055207890822414,-4.19252011107929e-07
2016,0.8653002933844361,0.9540347255609956,0.013418337893750024,0.041512277283755804,0.013420766048531508,2.933844361896476e-07
2017,0.5297996592277152,0.7418980927010717,0.01551268297568358,0.05615632457583096,0.0155161989805082,-3.407722848347561e-07
2018,0.8206665076354678,0.926753380327635,0.012204239174609385,0.03453594366585867,0.012206200070135152,-4.923645322563175e-07
2019,0.8214799439162245,0.9073278687625717,0.015279056615429668,0.04224994315302895,0.01528139067211884,-5.6083775512583145e-08
2020,0.8619890950565805,0.9334327854917057,0.007731422758300795,0.021808708233311488,0.007732420958173065,9.505658049580035e-08
2021,0.8307149861337502,0.9301134174442218,0.011772129810351561,0.04208777715526847,0.011775316042485637,-1.386624981503104e-08
2022,0.7871842497913969,0.8881602543032697,0.009913435005009732,0.03472152312508078,0.009914069400560513,2.497913969001786e-07
2023,0.9328144865870791,0.9663315417791228,0.009583538382910149,0.02461693207272974,0.009584981176579225,4.865870790737858e-07
2024,0.9462232163209778,0.9728258618834011,0.004923986902646477,0.013793296485429195,0.004924248982109137,2.1632097779722415e-07
2025,0.8607173160593888,0.931779460696855,0.015132200896875003,0.03813193731797579,0.01513688299362563,3.160593888829055e-07
2026,0.6108699052455171,0.8129507012956826,0.013337044920312483,0.042776265879773845,0.01333964936546028,-9.475448292661781e-08
2027,0.8719431271850795,0.938446629611146,0.012428900067382806,0.03220015131487675,0.012433033995237567,1.2718507946818391e-07
2028,-0.2604629300161836,0.5765431562352791,0.029040686382812497,0.0960679645337049,0.029048038389042293,6.998381640865858e-08
2029,0.8653263496989605,0.9322545210739941,0.013692821922753902,0.04066985168729161,0.013695045809201684,3.4969896045566884e-07
2030,0.7474109708564012,0.8758196422985534,0.009731271623535178,0.035805902511627796,0.00973204415105884,-2.914359886752038e-08
2031,0.9814967127884476,0.9915820096147939,0.00406865500556641,0.01219410205898552,0.004069240413003009,-2.8721155231892226e-07
2032,0.5836402305692653,0.7769078506213059,0.013453462679296887,0.053840729925592815,0.013456531116915698,2.3056926523601362e-07
2033,0.5199355761938524,0.8255741877830909,0.019924851748925807,0.06693325586938818,0.019927939828315862,-4.238061475092536e-07
2034,0.9509644705637774,0.9794213192540719,0.00723305492402344,0.02685379939587344,0.007234354912280934,4.705637773882998e-07
2035,0.9377378905837332,0.9690389014851432,0.004941462099902342,0.020034734275775318,0.004942086640286831,-1.0941626671367999e-07
2036,0.7801084362647954,0.89192044265205,0.01455853981445311,0.054627421989166106,0.01456109528667592,4.362647954003762e-07
2037,0.7530240222297033,0.9051192081314722,0.011885032395791004,0.03400149509441412,0.011885737918336664,2.2229703300347126e-08
2038,0.950939933210942,0.9875104582742376,0.0040134308289453136,0.01776365380601996,0.004013772380946207,-6.678905806190016e-08
2039,0.8451617285429903,0.9278048842901505,0.014450064010449246,0.043642517533251275,0.014453197908914393,-2.714570096484792e-07
2040,0.5656792832782509,0.791639769582672,0.024372367930761665,0.08055019702398378,0.024382329660705995,2.832782508566112e-07
2041,0.7866646153033748,0.8882409301624636,0.011520401547167951,0.03518716179739404,0.011523614527952152,-3.8469662511086966e-07
2042,0.6653022093869029,0.816267744353868,0.020665287356933577,0.06994675589698887,0.020672028455800143,2.093869029273776e-07
2043,0.06781539423824634,0.4957635138346355,0.01194491201020507,0.05946010942584324,0.011945310972004583,3.942382463401062e-07
2044,0.8943921961401217,0.9465419109745529,0.010083450319824223,0.029734641092685806,0.010084906690275782,1.961401216998837e-07
2045,0.5799144130563076,0.7721953101545769,0.011609605150634762,0.05233268183467661,0.011610314850054784,4.130563076021332e-07
2046,0.5691788114537382,0.7568813462686662,0.012119249260644524,0.05360654565898889,0.01211970816260756,-1.885462618256284e-07
2047,0.3604666681939317,0.8551061280145698,0.01788555549032224,0.052367020618880315,0.01788726579733999,-3.318060682877544e-07
2048,0.62961224690872,0.7993039901008234,0.01764191313496093,0.06061012367705124,0.017648538041406057,2.4690872002519626e-07
2049,0.5347048807894197,0.7558099283247662,0.023572865546972695,0.06514834062134028,0.023580360677799863,-1.1921058029606968e-07
2050,0.8650388173341877,0.9318201106592002,0.01065164783046874,0.028469910785401977,0.010652772687629868,-1.8266581225390155e-07
2051,0.7709225591118257,0.8909354425164209,0.008588347402929674,0.029055751730790103,0.008589901090122478,-4.4088817430232297e-07
2052,0.7813008728027115,0.8933814079532839,0.013780561290039071,0.04427566297930093,0.013785491438077092,-1.2719728847976342e-07
2053,0.7639305431787474,0.8787160822083921,0.013412400090332026,0.04053718731552433,0.013413937275229411,-4.568212526034898e-07
2054,0.922858622873536,0.9620820524225854,0.006680887347949211,0.021674274211563465,0.006681569650465365,-3.771264639462757e-07
2055,0.8271691246580106,0.9189728771010461,0.013622436857910153,0.040453672067583914,0.01362451774549239,1.246580105807027e-07
2056,0.6983139960300715,0.8381751323332116,0.015677974324414052,0.0541256131375412,0.015681970797830222,-3.96992849704958e-09
2057,0.47092687332579963,0.7195483999291917,0.023213626575585972,0.06569327117742264,0.02321959528400778,-1.2667420035139543e-07
2058,0.7035136139561196,0.8579285343218584,0.029443279084570288,0.08610667096833143,0.029458553801323856,-3.860438804181854e-07
2059,0.8028946208564361,0.9223650153364683,0.020832695229101552,0.05979335099243711,0.02083821484711497,-3.79143563877804e-07
2060,0.5477525234148883,0.7768236529602295,0.02364311752832031,0.07653177844045843,0.023652467180664306,5.23414888320417e-07
2061,0.9489162586891838,0.9741658825405135,0.005561474766533204,0.013689199577008827,0.005561857349959117,2.586891838518568e-07
2062,0.7172288450376625,0.8543242493258421,0.014991928398046863,0.05710683451631685,0.014994459176361661,-1.5496233751743915e-07
2063,0.817599068029101,0.9093465113020949,0.008470852646914065,0.02591207192714786,0.00847125142777124,6.802910101910697e-08
2064,0.6335769227548385,0.8709970421777516,0.01814283554335934,0.04836460580438989,0.018146946794040452,-7.72451614894365e-08
2065,0.8285565222191599,0.9166758744920804,0.012258869532617185,0.044640977272744235,0.012261126355995987,-4.777808401135175e-07
2066,0.733579949720917,0.8813042219520283,0.013377421342773445,0.042248816459793566,0.013378777049036644,-5.027908300814232e-08
2067,0.6331573815209097,0.7970165142716632,0.009855342083203112,0.041554303859422416,0.009856826147647237,3.815209097535188e-07
2068,0.5034706072088411,0.7269249917458998,0.014861574250390632,0.06111680561092184,0.014863908658459652,-3.927911589318711e-07
2069,0.6924530448604906,0.8544293374406594,0.010850895778222661,0.0388841137962548,0.01085304747411165,4.4860490655551644e-08
2070,0.9382976079283654,0.9725374269564588,0.00738265665957031,0.027137285147120164,0.007384011915948554,-3.920716346028641e-07
2071,0.9838934801652595,0.9920340351315711,0.0036312656042968732,0.011745015365432458,0.003631783081451482,-5.198347405865889e-07
2072,0.9329678313848049,0.966445991935699,0.008990799458496089,0.02397068118482132,0.008992064351506667,-1.6861519513966527e-07
2073,0.5704581365877002,0.7615186662816881,0.027422349635351586,0.07565836768952586,0.02743445141905409,1.365877001502369e-07
2074,-0.4655053478189781,0.5218600711700772,0.026389794693066366,0.07854757763752543,0.02639474978208243,-3.478189781191965e-07
2075,0.6890061542705026,0.8343697246463601,0.020456019469042994,0.060618774673063806,0.020462281929965378,1.542705025947555e-07
2076,0.7264006882295397,0.8715801758032489,0.011358235511982421,0.04149106700588886,0.011359064136173564,-3.11770460226235e-07
2077,0.8656854413446318,0.9319298284400322,0.008561136649013696,0.024452948185609794,0.0085616717663416,4.4134463172973426e-07
2078,0.5474474898835469,0.8159737120699523,0.02246954905673829,0.06643854239541407,0.022475655946433845,-5.101164531895463e-07
2079,0.6417171444017844,0.8025823210687845,0.010996115939453148,0.047881312386804736,0.010998439045146078,1.4440178441876839e-07
2080,0.7270905859379049,0.868940348981936,0.021549641541992168,0.05950948824991342,0.021557103119340545,-4.1406209516647863e-07
2081,0.6378393636915558,0.8447303153741766,0.019458010098242193,0.06176845468999858,0.019464482052149668,3.6369155576032597e-07
2082,0.7705300983904455,0.8787506695857216,0.016110757162304704,0.05105977664285959,0.0161150151763622,9.83904454576745e-08
2083,0.9122999920262991,0.9577757361294325,0.006744271399121095,0.018993069526146784,0.006745258602118334,-7.97370092175953e-09
2084,0.6620714575193876,0.8174066996185697,0.024628459384960957,0.07609676128622396,0.02463744067077194,4.57519387597749e-07
2085,0.5057801630695643,0.754840092151056,0.03547176420361334,0.1019125169874044,0.03548922947197738,1.6306956429623654e-07
2086,0.7909179437373091,0.8937827668702889,0.013588540332324222,0.03907282938591627,0.013592327875263648,-5.6262690950603655e-08
2087,0.8759364550804545,0.9394854370003247,0.015946566882226558,0.047939471343092455,0.015950548483659927,4.550804544312115e-07
2088,0.659089888406655,0.8224247147500459,0.01839412961669921,0.05908843928510822,0.018396809849765904,-1.1159334500909779e-07
2089,0.8637702440286825,0.9389773044749333,0.0080672203225586,0.03576407526631628,0.008068190705638882,2.4402868248341036e-07
2090,0.5822890790258703,0.767269834213318,0.0291910219651367,0.07577396285548614,0.029203249611056144,7.902587040309328e-08
2091,0.29561601846151087,0.6734223553067628,0.02347205597089844,0.0717059445342741,0.023477917218845373,1.8461510875589227e-08
2092,0.6474657278379499,0.8331616969205637,0.017593087708789056,0.05284187227203486,0.017597128521574048,-2.7216205011892924e-07
2093,0.8772905460834504,0.9490987702232839,0.012356466866601573,0.03379317047873038,0.012360167694864048,-4.5391654968085504e-07
2094,0.6257151643447549,0.8214370697759328,0.013574711258066417,0.04856766268854504,0.013575680490109574,1.6434475491600153e-07
2095,0.39734600193906666,0.6434748380933799,0.03063005305605467,0.08533519034772721,0.030639020564254865,1.939066684997215e-09
2096,0.7894086923945769,0.8931351631009093,0.012880071962695312,0.03994311976141719,0.012885450772490535,-3.0760542313323924e-07
2097,0.6237286982107945,0.8095760114164273,0.014784236248437497,0.04839013074962784,0.014788515255045591,-3.017892055146021e-07
2098,0.8449287247794823,0.9206938950139306,0.015932480914062522,0.05252642959271482,0.015936179953221306,-2.752205177092293e-07
2099,0.8283062874121065,0.9427969444723736,0.015617111093457025,0.0555007168122232,0.01562226614446164,2.874121065588042e-07
2100,0.22357035377566625,0.5251262743449835,0.020968075874375002,0.07492545121560377,0.020969940612503808,3.5377566626193513e-07
2101,0.7516565438438282,0.8696230365967929,0.014404990897070313,0.03908314057086312,0.014408303008606077,-4.561561718352536e-07
2102,0.6495599860903626,0.8141154331919521,0.025076367859570306,0.07000278650487814,0.02508795572540513,-1.3909637441855693e-08
2103,-0.4382198018151484,0.2841499447912393,0.01717108619565429,0.06638525735109312,0.017172391358531252,1.9818485158529242e-07
2104,0.7505604075372773,0.8677298917129862,0.013582000727832028,0.05347205534864484,0.013584290027100989,4.0753727725828526e-07
2105,0.7683416998507534,0.8893527695035915,0.011065392832324224,0.031633653226926614,0.01106664071115747,-3.001492465681821e-07
2106,0.5530883642441251,0.7464332441940371,0.010169254855566403,0.05275005916165314,0.010170683591497535,3.6424412508395676e-07
2107,0.5286382467244638,0.7974648626130019,0.02078541016767574,0.05804703987615482,0.020790859503928866,2.467244637482935e-07
2108,-0.11813503056368724,0.7299796603245329,0.025758820383203155,0.06749216004141527,0.02576236370779269,-3.056368723386438e-08
2109,-0.22616429602199029,0.40436250685189146,0.02034254980634763,0.07086915730744979,0.02034592242172817,-2.960219902814476e-07
2110,0.6269211231741854,0.802842832920172,0.01987900258261717,0.06347799032943441,0.019885451756766207,1.231741854068602e-07
2111,0.08856032290255589,0.6384729298593382,0.027504857625488342,0.08662894839082645,0.027512631341483983,3.229025558881826e-07
2112,0.4676772861596079,0.7914074132476012,0.014378327383691412,0.052438315127059494,0.014380078757929474,2.8615960789846184e-07
2113,0.641453905787001,0.8113253553506008,0.02135180311132813,0.057612120484619764,0.021357468613434454,-9.42129989578433e-08
2114,0.8848881785977112,0.9408589493471273,0.00868368468828125,0.0279403273844687,0.008684609624391616,1.7859771117567647e-07
2115,0.42915032200097414,0.6642505218212271,0.025344428319531265,0.0817533614428507,0.025352382292288783,3.2200097416223983e-07
2116,0.8714719804764954,0.9358533543379544,0.010599797330664065,0.030494184551525007,0.01060096774428913,-1.952350459077934e-08
2117,0.7187550750358216,0.848495036229841,0.01720573058623048,0.05242671798679863,0.01720847208512683,7.503582155621302e-08
2118,0.8307296556235908,0.92464312833109,0.013998790755664046,0.05048287109734672,0.01400350754170546,-3.443764091670687e-07
2119,0.39545497951718434,0.6447736486033219,0.01267724850390625,0.05616090437814902,0.012678573272813238,-2.0482815665801013e-08
2120,0.5171101818230188,0.7274339891328354,0.02644129604335935,0.0818106216599418,0.02645175206914398,1.8182301886326968e-07
2121,0.6592155543331971,0.8663722848742699,0.009723802054130842,0.03777454583838367,0.009724111618209732,-4.456668029062527e-07
2122,0.8804153643403106,0.9409560855618164,0.006947198512031245,0.02205386056349551,0.006947663808957035,3.643403106989851e-07
2123,0.6603049846025715,0.8188790851317856,0.017992603421679677,0.0566504749367699,0.017996620711939113,-1.539742855438675e-08
2124,0.9040667945902494,0.9508627405241715,0.004707889732031252,0.018019228138077048,0.004708582563228487,-2.054097505421737e-07
2125,0.930169749048358,0.9684712214857767,0.008245130931250004,0.03313219281773708,0.008247275415844368,-2.5095164202237896e-07
2126,0.8682593244316705,0.9322344598072253,0.008278948353710945,0.021260380954882408,0.00828023205381869,3.244316705286465e-07
2127,0.6478926192868134,0.8097695017509768,0.01586569440322262,0.05931762489387377,0.015871602735901044,-3.807131866429003e-07
2128,0.5794058976228343,0.7758995731521174,0.024505072356835987,0.06812561467686565,0.024517160586994293,-1.0237716563388233e-07
2129,0.9383790026762605,0.9694445973897237,0.005559905726562496,0.01662418821631548,0.005560538537534168,2.676260546508047e-09
2130,0.8755833612810864,0.9358407071543536,0.007716698740722644,0.023162683700853833,0.007718182993621415,3.6128108638067147e-07
2131,0.49664257950886337,0.7341693345671867,0.027151153763964854,0.07977655303229514,0.027158497622694913,-4.204911366323394e-07
2132,0.6322488980704445,0.8322489377314762,0.017965489329589853,0.05970893991095125,0.017970182512305678,-1.0192955546273197e-07
2133,0.8770455118370866,0.939164031839833,0.010294014803320324,0.029660777353330565,0.010296075543277767,-4.881629134256826e-07
2134,0.7644111717758786,0.8791582437119773,0.017316857327832034,0.05915997766941755,0.017323517400870295,1.717758786323742e-07
2135,0.7297096500436684,0.8640387797162115,0.013292729448242155,0.05221228270183717,0.013294629321233693,-3.499563315800813e-07
2136,0.5623001315212222,0.8748060511481021,0.01755362978222655,0.04956478334827611,0.01755718567239943,1.3152122213533346e-07
2137,0.2446185726137221,0.6934474429785837,0.01891396440039059,0.06527859967962261,0.01891868812438614,5.72613722105153e-07
2138,0.39287054163452895,0.6692295214354044,0.02627945037373048,0.0821964963429058,0.026288014722387672,5.416345289499525e-07
2139,0.8634960386499761,0.93254148029916,0.017904685715332005,0.0470685881715609,0.017908585623251715,3.864997610847354e-08
2140,0.5104901594062503,0.7373124924589302,0.02246384461982423,0.07717347884552249,0.022471449969709227,1.5940625031074518e-07
2141,0.9358763225839388,0.9674346614631749,0.00476142035655273,0.014763388861154827,0.004761611999436445,3.2258393878326075e-07
2142,0.895461819593094,0.9509092254176366,0.0095934399149414,0.035618822628725046,0.00959514450675574,-1.8040690596965447e-07
2143,0.7346127269080884,0.8598534036146764,0.016869608124121083,0.05278807956714617,0.01687546824015802,-2.73091911529022e-07
2144,0.7317870382927685,0.8628974852952074,0.019657125859472675,0.05620283493863386,0.019663300586146307,3.829276851163854e-08
2145,0.7375822747880576,0.8613566844056496,0.01778599132724611,0.056581794876608076,0.017792390997636007,2.7478805764147296e-07
2146,0.19449604086354888,0.6644592801769904,0.03181775409287108,0.08477377453450707,0.031823301123384655,4.08635488780007e-08
2147,0.6275036099929259,0.8202519464897269,0.020202821826855486,0.05963308748988164,0.020207886846799722,-3.90007074080323e-07
2148,0.7530914933048766,0.8709362365643468,0.01954676777138674,0.05374783103114719,0.01955440681382412,4.933048766142534e-07
2149,0.9443732565483338,0.9727873733910555,0.008073643672656255,0.021998369122706054,0.008074774921168476,2.5654833379906705e-07
2150,0.7801303130023957,0.8849017866026508,0.017465036387109358,0.05580445846371937,0.017471471795834838,3.130023956687822e-07
2151,0.6614948213190337,0.8153083473982468,0.024021194115234415,0.0638665736936802,0.024025419201429758,-1.786809663562039e-07
2152,0.6032737845197397,0.8837137703295849,0.01856963774550784,0.04566720876258333,0.018572936321286024,-2.1548026030160372e-07
2153,0.8253264301650978,0.9405474039339149,0.014703077414160173,0.05029725044572059,0.014707818729560566,4.3016509776450107e-07
2154,0.762106437346194,0.8750846176100088,0.01695594167275391,0.049687291911944695,0.01696061894843499,4.3734619403767994e-07
2155,0.9211087366195906,0.9613944968702844,0.0063318236969726535,0.018155974682970744,0.006332508571072882,-2.633804093710168e-07
2156,0.7261402456776338,0.8674981980835216,0.023537136367871088,0.06304203950981489,0.023546320523069725,2.456776337922406e-07
2157,0.907537235658116,0.9533963045853808,0.013358820036035156,0.036661615981598505,0.013363781072482693,2.356581159101978e-07
2158,0.7014200960012397,0.8478751432609992,0.011417811554443363,0.036405472541423484,0.011418770449345852,9.600123962449914e-08
2159,0.8260009803667201,0.9096560423178077,0.006931995331318361,0.023751996026762263,0.006932195551149586,-1.9633279890740596e-08
2160,0.466455873294379,0.6923865749848509,0.018451246532714845,0.06790813843547482,0.01845536714558659,-1.2670562099525995e-07
2161,0.9251373157358732,0.9620634921678782,0.00816044877689452,0.021105609542215527,0.008161159853366177,3.157358732241988e-07
2162,0.8136112880376897,0.9111276571524097,0.00943512509773439,0.02938853377841162,0.009435765365084472,2.880376896996495e-07
2163,-0.06232922249107831,0.6359707660422242,0.02490521441816403,0.07618888155635249,0.024909843855351905,-2.2249107830413228e-07
2164,0.8065480104725458,0.8999332269511331,0.011618477026855454,0.03366361604495319,0.011621306653489415,1.047254571950873e-08
2165,0.5256803475566092,0.7344785346823194,0.030820960311132843,0.08785515807405646,0.03083201567608018,3.475566091593052e-07
2166,0.7473345030504841,0.8883644475340355,0.014124062056347666,0.0513156398674751,0.014127642813376036,-4.969495158713144e-07
2167,0.8950375637258412,0.9485926917854202,0.006239476586132822,0.01770912898267593,0.006240229786860279,-4.362741587993213e-07
2168,0.5248991700470316,0.791542534725522,0.018730947786523428,0.06107616755601288,0.018735602184116695,1.7004703156686674e-07
2169,0.8892489780971448,0.9518848051029827,0.013712956709277361,0.04353286442000055,0.013717908082571872,-2.1902855196209714e-08
2170,0.708964351536679,0.8809950598942764,0.010951743067773426,0.04221877476578362,0.010954083070235623,3.515366789885732e-07
2171,0.8742641064788376,0.9404218040696771,0.008793245953320317,0.029548809886537193,0.008794732603486457,1.0647883752490372e-07
2172,0.5610000174433509,0.7707287544245828,0.02029065182714842,0.06303867617551892,0.020295653120552124,1.7443350874835062e-08
2173,0.3458190378406921,0.7367697240306571,0.02336012265537112,0.07093361512652202,0.023365046434691925,3.784069213530472e-08
2174,0.48373070405204655,0.7504907315484967,0.022421623119433614,0.0658571808601366,0.02242715177790944,-2.9594795347698266e-07
2175,0.44648162890188725,0.7215713835531214,0.02461162321474608,0.0718071144473802,0.024619140888526746,-3.710981127391655e-07
2176,0.8732219090658435,0.9478844773180105,0.00980784269150391,0.025052494163973968,0.009810304690474184,-9.093415653804726e-08
2177,0.7868449140181095,0.8924852630024138,0.019306570032226533,0.060056052083022136,0.01931421168656037,-8.598189049635607e-08
2178,0.6359254684181319,0.8140156470388281,0.01671362450625002,0.05861700559894579,0.016719910595733207,-5.315818680795559e-07
2179,-0.03604528639636695,0.8514326460769777,0.02883967865009771,0.07354471858766577,0.028845188894610903,-2.8639636694832715e-07
2180,0.6149486292266194,0.7920651319412189,0.023153824814257793,0.07115400743337898,0.02316153964749205,-3.7077338055357956e-07
2181,0.8065615065053738,0.9000948625408138,0.01717809587197267,0.046472373425370986,0.017180595559287446,-4.934946261636597e-07
2182,0.8566686843154904,0.9334290237523849,0.01551479765947263,0.05013741692216697,0.015522913830491815,-3.1568450964414296e-07
2183,0.7818992164175298,0.8907228729780687,0.006370289250722652,0.029607473801882056,0.0063704607767805675,2.164175297858506e-07
2184,0.27947412463218546,0.654243257702794,0.02222415834374999,0.07191511719238275,0.022229898501458248,1.2463218546088228e-07
2185,0.7065222121691046,0.8449823617152326,0.014187332047753923,0.05590538012437994,0.014191319379921834,2.1216910461863137e-07
2186,0.7621718610790011,0.8749417412497736,0.013562534187207025,0.0457455106091652,0.01356434781104397,-1.3892099881562814e-07
2187,0.39737331516134766,0.7449266041663906,0.021115877076562473,0.05739085013722746,0.021119275985384503,3.1516134768594384e-07
2188,0.625021414277249,0.8076878409807837,0.01443342643865234,0.05184043976604553,0.014434426882861475,4.142772489501567e-07
2189,0.9477331767107776,0.9737340082585367,0.005039908730371099,0.015154838506652831,0.005040453952242749,1.7671077756631348e-07
2190,0.7611635550482562,0.8913566086877978,0.014474110897753873,0.037154709058358076,0.014477256104806251,-4.4495174378322844e-07
2191,0.961508622433183,0.9811338588214589,0.004478730665898444,0.010822921295469544,0.004478880546933122,-3.77566816922581e-07
2192,0.7117167183902344,0.8494007048163104,0.015730795617285163,0.053983106238891534,0.01573345650350271,-2.8160976561775186e-07
2193,0.28736693226663623,0.5704521304552433,0.02167133212876958,0.07444432507654265,0.021673345129775957,-6.773336375109906e-08
2194,0.33338256117122256,0.6729293621268059,0.019325182445507804,0.07310585903333355,0.019327329381304735,-4.388287774270694e-07
2195,0.9196600138158052,0.9662859690637597,0.006059269912499989,0.01809408820488372,0.006059950943724931,1.3815805166572659e-08
2196,0.6145047740126658,0.787453954968817,0.012463283404199228,0.04807170401550599,0.012465084084069336,-2.259873341792229e-07
2197,0.4605596381381909,0.7167725618473201,0.022924264023144528,0.08349280979080956,0.022931063207213206,-3.6186180912833876e-07
2198,0.763622487306233,0.8765879127162225,0.009314239795800776,0.036200152786279735,0.009316014358659088,-5.126937669963638e-07
2199,0.8415219507180183,0.921607036588847,0.007910569554199226,0.025572468383296496,0.007911751794611092,-4.928198171771925e-08
2200,0.7281065959255812,0.9024122681429261,0.019515498734082044,0.049754988251104255,0.019520609104613736,-4.040744187028267e-07
2201,0.6581996847166313,0.820859105794882,0.017379252287695306,0.06195335990388301,0.01738193274859169,-3.152833687458667e-07
2202,0.8449919542087064,0.9372167323408889,0.008616234257812506,0.022334284558790853,0.00861753341819206,-4.5791293534769295e-08
2203,0.8696919277820172,0.9377089011950868,0.010182505402343741,0.03410489043299381,0.010185735964346593,-7.221798281609182e-08
2204,0.7711997912294448,0.8864549050413192,0.010282807090527356,0.0324295994396766,0.01028464981900398,-2.0877055517676268e-07
2205,0.7485506011446876,0.8860165968224821,0.02557117560927734,0.06746507784349824,0.025584292852754566,-3.9885531233352367e-07
2206,0.7442759388474626,0.8851313503393609,0.012779672641503911,0.03723808723700888,0.012784238908286628,-6.115253747829286e-08
2207,0.9531599959351283,0.978209217081909,0.004668777384521476,0.012082156922746277,0.00466897176511497,-4.064871661491054e-09
2208,0.6196168304474343,0.842567247785069,0.017438820891210915,0.05915870164915543,0.017443360093079806,-1.695525656542074e-07
2209,0.8871719707139715,0.9436312343953946,0.006840511909082031,0.019821063144840754,0.006841371824367299,-2.9286028491171123e-08
2210,-0.16224686170478164,0.7784957499356007,0.025753321291503886,0.06755502157218347,0.0257560115661508,1.3829521836039582e-07
2211,0.8937507960424332,0.9509223282221974,0.011498631389062508,0.03500546796741026,0.011500918431799467,-2.0395756672453302e-07
2212,0.8765622672267985,0.9367451708039297,0.007470163407812511,0.024473836103644786,0.007471690798490795,2.6722679857815734e-07
2213,0.472151421013032,0.693770280036269,0.026053165306542916,0.0746910290107295,0.02605757107115024,4.2101303199260087e-07
2214,0.4904688826321565,0.7826313071315044,0.018141379803808595,0.0557110157171239,0.01814570634263813,-1.1736784349958285e-07
2215,0.4702282335757134,0.7203603490897077,0.023073637495507882,0.07191647554098995,0.023077966017276453,2.3357571343751715e-07
2216,0.6898178145112094,0.9099884905026426,0.01650779082392579,0.03988464964254431,0.016510984698899354,-1.8548879066049295e-07
2217,0.8459702642021568,0.9221951625460153,0.013932807838671894,0.03921414430752002,0.013934694495976849,2.6420215681888237e-07
2218,0.5511978380591669,0.7476182738082143,0.024870412681835968,0.070526017316175,0.024877448365054646,-1.6194083307663476e-07
2219,0.5696760591620716,0.8494685616365459,0.01945193475820314,0.04782553059540584,0.019455560836993034,5.916207168610299e-08
2220,0.9420889119780442,0.9716021151448792,0.005480765155371095,0.013970395263185739,0.00548145799028338,-8.802195572421567e-08
2221,0.915726512389073,0.9573269543033642,0.0074521617409179656,0.020797967924258046,0.00745301545700771,-4.876109269691398e-07
2222,0.4395199582296758,0.6690169979027031,0.0177576063338867,0.06989878431179912,0.01776254843082792,-4.177032419949711e-08
2223,0.49950519271199356,0.72767023382698,0.023377580063574224,0.07138991185443062,0.02338275045501656,1.9271199358517066e-07
2224,0.64069650261588,0.8537579985765267,0.02802893131230472,0.07673117004670015,0.028039812531683164,-4.973841200017759e-07
2225,0.5376172253553486,0.7694108602868491,0.017730243460351566,0.06276546593996174,0.01773416312892931,2.2535534860423923e-07
2226,0.6074561000494993,0.7889940134677164,0.013841747390800763,0.05553006834399248,0.013842405229376712,1.0004949935193963e-07
2227,0.8127083181220967,0.9257077070073201,0.013535080739355465,0.04030441194846548,0.013536871634984281,3.1812209666526314e-07
2228,0.7921112979828093,0.9019495753064978,0.009227906427539066,0.03006769524095159,0.00922946984712319,2.979828093163661e-07
2229,0.7957215299918093,0.8968747048987378,0.01898386841416016,0.061648612274093476,0.018991438382507986,-4.700081907005327e-07
2230,0.7082713301022444,0.8531971201499099,0.016077242370214836,0.06066451131049914,0.016080279761394742,3.3010224442797664e-07
2231,0.9510452504685455,0.9759533239743801,0.005090311666621089,0.011967423123523765,0.005090434568546181,2.504685454596256e-07
2232,0.5084490694529948,0.7952978208058553,0.021068668933593722,0.059528187227811474,0.021074376133865598,6.945299479976796e-08
2233,0.8282978009478001,0.9197638863336262,0.014397439240820318,0.04494312154410538,0.0144011267170015,-1.9905219983407108e-07
2234,0.47338705241283763,0.8787799316649342,0.020596800620605447,0.061187414491492356,0.020603842585441224,5.241283762558169e-08
2235,0.9625826043976575,0.981459210575226,0.003954970170898446,0.01035458786279375,0.003955382124737814,-3.956023424400712e-07
2236,0.4099721542839776,0.6910706967505938,0.02472315745576168,0.08101657803605622,0.024726489214187602,1.5428397759364998e-07
2237,0.6307936940312129,0.7987029105635176,0.028459726569433668,0.07979171217768681,0.028472859391099215,-3.0596878708433195e-07
2238,0.6995370128398102,0.8535549658683653,0.01245964833715821,0.04744120921686868,0.012460860981919175,1.283981021504843e-08
2239,0.7521656840367982,0.8685811773725662,0.013553610870996106,0.04394867626945469,0.013558777567929118,-3.1596320182458726e-07
2240,0.836157078833823,0.9200028851299052,0.007581260175849606,0.025477861425527645,0.007581533089812546,7.88338229140706e-08
2241,0.7236615915908312,0.865907305183335,0.02049554380312501,0.06378532809270206,0.02050493981450411,-4.0840916881723643e-07
2242,0.8738071083295122,0.9357626518965251,0.008439252074140622,0.025709755354025397,0.008439746123290688,1.0832951224948317e-07
2243,0.8289190798981392,0.918937181742953,0.016314634209667975,0.04158120873621497,0.01631835823525553,7.989813921582822e-08
2244,0.7919993725131832,0.8912217935581791,0.01946658371191404,0.05629649024190185,0.019470196646385197,3.725131831888717e-07
2245,0.6256413009777118,0.81084087441324,0.01866289991621088,0.055729261672766615,0.018668061487734554,3.0097771175352506e-07
2246,0.5096230083394344,0.7219271359045529,0.038137011212695304,0.09547939233044891,0.038153217478577243,8.339434365289833e-09
2247,0.5104388032071681,0.8112743211890637,0.021508358068066363,0.06448496907019469,0.021513945921814343,-1.9679283191909036e-07
2248,0.6238220038927704,0.8323333573742261,0.029425572815917934,0.08204688132794918,0.029438342156066263,3.8927704393287854e-09
2249,0.5820699078372271,0.7757059338891136,0.012840256621796897,0.05218345525312847,0.012841107049151384,-9.216277285784003e-08
2250,0.8571402402869839,0.9347957430076538,0.009664098655468741,0.024990469817438608,0.009666446570575542,2.402869838658006e-07
2251,-1.2826533213910465,0.3249775504965429,0.02890726779582031,0.09308798782417037,0.028908808222191683,-3.2139104644279826e-07
2252,0.7528388026485671,0.8690026174752458,0.00835637010820313,0.03194883149381157,0.008357381311226358,-1.9735143297339164e-07
2253,0.8744002506078751,0.93572814172342,0.008844773641992185,0.02428586051769167,0.00884693555878775,2.50607875118547e-07
2254,0.8160434409182714,0.9584780781298549,0.01366383741416015,0.036429248602357266,0.013667301192104691,4.4091827144931983e-07
2255,0.611503193853805,0.7952141659469373,0.023099665535449242,0.07277203090255016,0.0231090026678938,1.9385380500835936e-07
2256,0.7757589386390991,0.8816793662661259,0.018313144250683606,0.058970368512040794,0.01832055431398943,-6.136090091590773e-08
2257,0.7017905646391303,0.8406078592029164,0.017951412363574257,0.04975589943424946,0.017956366063492567,-4.353608697993394e-07
2258,0.904873923246344,0.9514311210853046,0.007848376889843757,0.018953219436713367,0.007849625481886445,-7.675365598647232e-08
2259,0.22067928462167608,0.6940927835296276,0.021765230793945264,0.0678181554180296,0.02176870008473899,2.8462167608878097e-07
2260,0.49530935552129274,0.7410896069394425,0.03268487608945316,0.08701341491984009,0.03269765910521995,3.555212927386364e-07
2261,0.8589915263264254,0.9324779700407748,0.013084159123437487,0.03627432171140961,0.013086132267472747,-4.7367357458583115e-07
2262,0.4747079766046014,0.6943203623380549,0.021141298312500046,0.07317996976952974,0.021147833284825154,-2.3395398618397678e-08
2263,0.5841126115290968,0.7736315384932415,0.023403654471582023,0.07122561712166625,0.023411032563844164,-3.8847090322313704e-07
2264,0.6872874550311239,0.8354698964745889,0.016443117507812514,0.058389562295221444,0.016447697380661548,-5.449688761371974e-07
2265,0.6194244984227197,0.7978489030715046,0.014878260010283206,0.0508463914590896,0.01487909248524118,4.984227197635249e-07
2266,0.39965560687863044,0.6903082716894966,0.015813164773925765,0.05711783557243929,0.015815288762461976,-3.931213695684832e-07
2267,0.9381202364328538,0.9695514180087429,0.006788795783691405,0.01799329490948162,0.006789142260505962,2.3643285385066548e-07
2268,0.5516414487576784,0.7509991876517791,0.029943023954589865,0.08040542706567824,0.029952536334993698,4.4875767835073077e-07
2269,0.8013095123124486,0.8965823841166974,0.019528747114746073,0.056366592904345036,0.01953726385546401,-4.876875513426526e-07
2270,0.5742829648135549,0.7741504323321857,0.01829524606318354,0.061620735169596236,0.018302957089854015,-3.518644509092894e-08
2271,0.7226197819259847,0.8510757674168741,0.014252475555761712,0.04229262769607844,0.014255365179581682,-2.1807401529017056e-07
2272,0.4346572376508634,0.690237244185907,0.028011734948437495,0.09116610157511462,0.02802216219675047,2.3765086337723673e-07
2273,0.7115417386184695,0.8452761962381706,0.010321177457324197,0.036822158587683756,0.010321498063077741,-2.6138153053079094e-07
2274,0.727409067952782,0.8573221275976135,0.0181974672178711,0.059823912154400444,0.018203825371720488,6.795278206794819e-08
2275,0.5757295150126036,0.7711420858983676,0.022485017951953123,0.06319835470223632,0.02249101447249526,5.150126035635694e-07
2276,0.7876969584220693,0.8888206176290346,0.011420992857226581,0.030729257579652437,0.011423048954634694,-4.157793065395765e-08
2277,0.7903154725917302,0.8931446348893962,0.014609937768261718,0.04299263353236059,0.014614268692174375,4.7259173019398304e-07
2278,0.5568125106278764,0.8244056471292347,0.01550776494111326,0.04970060870154279,0.015511590656235192,-4.893721236021165e-07
2279,0.9566027096916274,0.9833673775529507,0.007622115727832035,0.024325717487756564,0.007623604284597309,-2.90308372563608e-07
2280,0.646172151383657,0.8287662083398895,0.01626343944804689,0.06659588541359608,0.016265747351021008,1.513836570543603e-07
2281,0.5765879784543373,0.7682951401744788,0.014059025994433604,0.047607966713337044,0.014062043827160082,-2.1545662698407853e-08
2282,-0.0494022945504331,0.654994227766944,0.030138035669726525,0.08002961184238722,0.030144576186653064,-2.945504330997828e-07
2283,0.43750652860000894,0.6687870094245564,0.010650285984980466,0.05777896613168592,0.010650753235761576,-4.713999910421762e-07
2284,0.3686861503040382,0.6429738706707658,0.020564983352099567,0.06985638815839115,0.020566716190077466,1.503040381600762e-07
2285,0.8900143228832471,0.951880794505686,0.009779300752832046,0.03175007117751199,0.009781716036548703,3.228832471391385e-07
2286,0.506382597757983,0.8083735466887376,0.01572515763027343,0.04660995266764151,0.015727735019140786,-4.0224201702798723e-07
2287,0.8832132629409231,0.9417619848276058,0.010056874292753912,0.026169131705289644,0.010057691927387995,2.6294092303480454e-07
2288,0.8252194649473436,0.9096116462293963,0.011023516875097642,0.03210134616309666,0.011025742786231129,4.649473435147655e-07
2289,0.7476996737528951,0.8649414341425945,0.012886427305468753,0.04034887042260322,0.012889978289536867,-3.262471048870452e-07
2290,0.6778100722405151,0.8716264348365246,0.026199580336035148,0.07033971876198242,0.0262094816937476,7.22405151254435e-08
2291,0.856034592426063,0.9319595625287862,0.008553584243554695,0.021286457938066425,0.008555040744374449,-4.07573937044603e-07
2292,0.8015345705737824,0.8998178529708231,0.011577991286718747,0.035555654346058306,0.011580315034422688,-4.2942621758523813e-07
2293,0.7361989787755607,0.8680327615066089,0.017672108989550784,0.06528810715274841,0.017677967436138777,-2.12244393171801e-08
2294,0.58454412258325,0.7726936108115057,0.02051420277041019,0.06611193722951962,0.020521712863615017,1.2258324999514514e-07
2295,0.849231302849859,0.9343002547356057,0.01278276873662108,0.03501323777347986,0.012785539680151151,3.028498590795792e-07
2296,0.5874394630615267,0.7739367365206204,0.020444397335546864,0.06454987041291314,0.020451451752966983,4.63061526678743e-07
2297,0.9045953906854586,0.953434446182459,0.014212351439550765,0.035321807307486845,0.01421629087184376,3.90685458540041e-07
2298,0.6910019122306821,0.832384157210995,0.022098809522656263,0.06253352630871031,0.02210588460607974,-8.776931792464637e-08
2299,0.7520510850607642,0.8824876870998618,0.010200135674023447,0.036320625191192966,0.010200747728985925,8.506076420999875e-08
2300,0.7686566510861703,0.8773681608171096,0.019860436208203148,0.05789728257884837,0.019868737352761016,-3.4891382971746765e-07
2301,0.8086404844647578,0.9181894107655836,0.013961302326660138,0.039358953230736446,0.013963033189839564,4.844647577550987e-07
2302,0.7143393379014337,0.8582433898999082,0.01506935531376953,0.05051516538349133,0.015074309355900288,3.3790143372236514e-07
2303,0.9447519109600898,0.974936614013368,0.009820764299511713,0.025499673937875986,0.009822550429134982,-8.903991022268798e-08
2304,0.7514390496470996,0.8773265888672073,0.016429468979394533,0.03933705603719709,0.01643337082858053,4.96470996536047e-08
2305,0.47877986051545773,0.722786656119049,0.03408517772509763,0.0988114493338979,0.03410079834599757,-1.3948454224976814e-07
2306,0.5087116348493306,0.7663927360454476,0.024089160814453107,0.06930028501754945,0.024097213626122126,-3.6515066947906405e-07
2307,0.6296343897534131,0.8097166286995647,0.02480337562978518,0.07100941568473869,0.024812755245790897,3.897534130992142e-07
2308,0.8933809725166594,0.9453181477780602,0.00966173893408204,0.02925492808702088,0.009662936288809753,-2.748334060331814e-08
2309,0.919914852113606,0.9592455274347695,0.006912234843642572,0.017697946637587888,0.006912756801368357,-1.4788639401963621e-07
2310,0.6847155167778428,0.8354274102337912,0.017530830601171915,0.06914594452895098,0.01753693642755943,-4.8322215717711e-07
2311,0.9098124885727347,0.9589925812904753,0.007102958982128909,0.01862876335518816,0.007104662469891179,-5.114272653150564e-07
2312,0.7884572910561098,0.9235760237837395,0.010002978045996083,0.0349100552166037,0.010005491144217208,2.9105610988011676e-07
2313,0.7974308663759221,0.9115393164672267,0.01511443508271485,0.05169190153451059,0.015116846531143605,-1.3362407791372988e-07
2314,0.9757091583039162,0.9878567375784806,0.004158758989160159,0.009839778929642039,0.004159175167041229,1.583039161978661e-07
2315,0.7764901767314861,0.9124540128641249,0.011878370752050777,0.03315139457541133,0.01188074440241071,1.767314861123026e-07
2316,0.8898638478554346,0.9674415339070722,0.01584485931210938,0.04583354169832986,0.01585023679817254,-1.5214456539069943e-07
2317,0.7961055242845523,0.8952753357150752,0.015167940933496082,0.0500401353825639,0.015174172960261191,-4.7571544770086405e-07
2318,0.39418356216097916,0.680307998655508,0.01811163867470703,0.06355649568258406,0.018115740239527344,-4.378390208170657e-07
2319,0.5869342921207934,0.7985041055470086,0.016725516882324213,0.0605184301318466,0.016729793492667074,2.9212079344365094e-07
2320,0.9136706286490852,0.9567199513770762,0.011492422229589834,0.03215973803113638,0.011497420877033884,-3.713509147962313e-07
2321,0.7496559494008158,0.8694604372867297,0.017530572601660153,0.0580202321621987,0.017533575882285733,-5.0599184175936784e-08
2322,0.92158300037897,0.9607671200349508,0.00667979093744141,0.017684262423808217,0.006680256297522409,3.7896996651909376e-10
2323,0.8557992561430809,0.9290270334400875,0.005907902784462884,0.025216035054630014,0.005908310837696906,2.561430809677745e-07
2324,0.7089757379141781,0.8460372366239834,0.018997876182324236,0.061213978046375885,0.019004359572804705,-2.620858219337663e-07
2325,0.30897170143458164,0.5882929341806704,0.024243872301074193,0.07986456334984035,0.024250573078773995,-2.985654183884634e-07
2326,0.8118597523620446,0.9261900231743889,0.008982145097656255,0.025324656810119722,0.008983598875731198,-2.4763795547499967e-07
2327,0.6659154138610839,0.8195327613876601,0.022977751727050792,0.0703306539860865,0.022986386645945333,4.138610838477774e-07
2328,0.8154984107446064,0.9072449752419902,0.013770866383398424,0.03949686358216534,0.01377374781149672,4.107446064383069e-07
2329,0.7296404312559656,0.8649844792580045,0.020060550111035146,0.06006894420419969,0.020068577632396705,4.312559656050041e-07
2330,0.8579533527782357,0.9294789428196064,0.0115353694703125,0.035585052171036524,0.011538473381960002,3.527782357348741e-07
2331,0.8917325361095887,0.9445046146476771,0.005878838130712891,0.019565498420872976,0.0058790283672523124,-4.638904113063447e-07
2332,0.6665427746818855,0.8332576837184299,0.020043036599316416,0.05957693408997523,0.020049004430082885,-2.2531811449955086e-07
2333,0.8825600013872931,0.9422298793483632,0.005916691594501952,0.01894346506666916,0.005916955336514104,1.3872930582081722e-09
2334,0.6071605622768936,0.9038473638197492,0.02077482254999999,0.05252050709378898,0.02077957202872482,-4.377231063168452e-07
2335,0.16497360496229008,0.5237530071013897,0.02070037057148434,0.06762057238143572,0.02070385598903583,6.049622900683449e-07
2336,0.5122025393135978,0.7381845059820916,0.021667895080175782,0.06659450871225778,0.021670888614379595,-4.6068640213725587e-07
2337,0.29896126543716206,0.7925368988157385,0.02332071466728516,0.0663226023788078,0.023324321782978625,2.654371620836038e-07
2338,0.9327846348638963,0.9666618813907005,0.006150079115624986,0.014862300751502171,0.0061507450217292425,-3.651361036860479e-07
2339,0.5272163732119312,0.7350427643570876,0.018370695870117165,0.06112297690975301,0.01837279712466688,3.732119311372628e-07
2340,0.7301769642917986,0.8716625150654739,0.01651973078212892,0.050624634426072755,0.016524396172735756,-3.570820139575659e-08
2341,0.8921737714384261,0.9469240388788959,0.014172986598925796,0.03899843648812298,0.014178411025040194,-2.2856157388950749e-07
2342,0.8121587670308162,0.9124339975166473,0.013604908636816434,0.03492867217218225,0.013609860723461244,-2.329691837221759e-07
2343,0.37134065819952844,0.6376351220226553,0.028044633912207,0.08370614701124962,0.028051622657008658,-3.418004715372014e-07
2344,0.5999509333424904,0.7775283661184893,0.01113630570200195,0.04997937485109405,0.011136898876066732,-6.665750962309147e-08
2345,0.8438552046673794,0.9274431789007971,0.01117237359501952,0.03715638059183032,0.011173854842560713,2.0466737937763213e-07
2346,0.9220643066104387,0.9691758350623664,0.008611677411884776,0.02046110797522686,0.008612265580017242,3.066104387050572e-07
2347,0.8821992496942899,0.9404041958007474,0.00620057637202147,0.022388980433707524,0.00620083697453499,2.4969428991106213e-07
2348,0.8376143365039873,0.9170423168014814,0.008927165229296872,0.024817557098991888,0.008928468890217929,3.3650398734152986e-07
2349,0.7757138853388402,0.8834657659066395,0.017178119635937482,0.05033107508122704,0.01718462142886278,-1.1466115978908675e-07
2350,0.761935224417952,0.8823570492221527,0.010315560759404306,0.030287019836682062,0.010316350031880377,2.2441795199945602e-07
2351,0.7807166776546983,0.8852425695568693,0.008504634945898442,0.03247334508965819,0.008505810079699298,-3.223453016731881e-07
2352,0.8132923735483937,0.9054500657787529,0.008251139885527337,0.02405676135927098,0.008251366741590868,3.7354839366177117e-07
2353,0.5609982684841219,0.7626266531249591,0.024120725419433577,0.07682016178044714,0.024132089828662558,2.6848412193469784e-07
2354,0.6325264461700604,0.8036105125489764,0.012996878595058594,0.04562486212886969,0.012997942970612571,-5.538299395757562e-07
2355,0.6083729736043759,0.7883957695446343,0.021727391776367153,0.06734250950888294,0.02173516763474377,-2.6395624130870488e-08
2356,0.7227479071020063,0.8547637649334017,0.015401019759863297,0.04455010639250785,0.015405572200422511,-9.289799363099149e-08
2357,0.6197620700569846,0.7903561227338239,0.02877418783281255,0.07464986154423925,0.028783789834533724,7.005698454687348e-08
2358,0.5778088586865346,0.7684318150543783,0.013221967936621072,0.047331684325752243,0.013224424157850278,-1.4131346537382683e-07
2359,0.5141215737283571,0.7371354942532732,0.024428857189453177,0.08186750873479298,0.024434374138826234,-4.262716428726776e-07
2360,0.7655890773595011,0.8760345965856724,0.015954810808007782,0.04992886206234354,0.015957646553609768,7.73595011382966e-08
2361,0.1847617520537066,0.4979802059798988,0.01883078572695312,0.07740385554886789,0.01883358860375997,-2.479462934135146e-07
2362,0.5480804940487559,0.7464513674169347,0.017183474229052732,0.05801202318699075,0.017185031607934925,-5.059512441230041e-07
2363,0.567872806803295,0.7581237281433083,0.026433768814160135,0.07805297514773943,0.026442054873637103,-1.9319670496731334e-07
2364,0.9083156019311764,0.9551731355000085,0.011179873340136723,0.03163970260142431,0.01118327088828719,-3.9806882357051876e-07
2365,0.9684041064234038,0.984128255563347,0.004672218473925785,0.012077671921706844,0.004672744093152395,1.0642340375621728e-07
2366,0.7461045048044304,0.8701561782510714,0.011450813407226557,0.033787151172458514,0.011452972591482636,-4.951955696608223e-07
2367,0.7277811943312457,0.8566922796714805,0.02041873518789065,0.05425623050854872,0.02042402328409126,1.9433124565093607e-07
2368,0.9370656505663532,0.9680908922842977,0.005394292938574212,0.01566146211971092,0.0053954026363928305,-3.494336467957382e-07
2369,0.34342061945590086,0.6824198810793768,0.018030212978320283,0.055849844734925824,0.018032792320409184,-3.805440991211384e-07
2370,0.10461752334710561,0.6403641728278964,0.019232604125585938,0.06211721838552568,0.019233660963517335,5.233471056104166e-07
2371,0.5303207125504176,0.7311620906818221,0.00873852718771484,0.05133505555303805,0.008738978699983063,-2.8744958247006736e-07
2372,0.6444071949690133,0.8226790646317684,0.019867103961425756,0.05958753239524966,0.019872369028352842,1.949690133784543e-07
2373,0.7221267693567863,0.864622921558306,0.024031823072070337,0.06947992170320427,0.02404253074492451,-2.3064321363897022e-07
2374,0.6492167137821245,0.8393258293398211,0.01934743370146483,0.06189457329450407,0.01935066816371333,-2.8621787551141864e-07
2375,0.7681310553288521,0.8897861758927543,0.015857402155371063,0.05602279471922679,0.01586023469178151,5.5328852055502864e-08
2376,0.8336583827054589,0.9165688285439229,0.011889603354882802,0.03920214333601589,0.0118929435998865,3.8270545887897356e-07
2377,0.9397825318541096,0.9706654286343901,0.0062875854204101625,0.013840082286703805,0.006288465522602378,-4.6814589038657317e-07
2378,0.6374129424669357,0.8001087028667379,0.013322848983398425,0.046880625693101856,0.013324670693734128,-5.7533064312664806e-08
2379,0.8495760941440039,0.9256549839277944,0.01829078235537107,0.04753828991917796,0.018294272719663256,9.414400392593336e-08
2380,0.9254485323240929,0.9681015155378889,0.0054317328784961,0.01462211857970531,0.0054318955714274374,-4.6767590711205287e-07
2381,0.4773850387026414,0.7202535252812196,0.036674110256640614,0.10376432933746034,0.036694581701420106,3.870264136951462e-08
2382,0.6967679369900915,0.841665227439199,0.01215441679697264,0.038222471137697264,0.012156581217906899,-6.300990851304533e-08
2383,0.602545056298795,0.778910141177515,0.02104556398105464,0.06790414880348593,0.021053385684375973,5.6298794959275256e-08
2384,0.27843663996344137,0.58483311025234,0.014297582570117219,0.05671926595924206,0.014299718305974778,-3.6003655862204553e-07
2385,0.8573537447898856,0.9312536653526519,0.008935663582812496,0.02755012518054343,0.008937560460256875,-2.5521011437490415e-07
2386,0.7612073184286243,0.8759109291626542,0.011534162166406257,0.04200192076988902,0.011536817029124135,3.1842862435738084e-07
2387,0.7147177153726105,0.8467871649793819,0.013167401265527344,0.04099368030772666,0.013172042649459174,-2.8462738943524357e-07
2388,0.8120320212121295,0.9053772846367886,0.01555919601132812,0.05017812965861928,0.015566599495388085,2.1212129497349963e-08
2389,0.6144440872281969,0.7892463956783582,0.023774458978613303,0.06818126896448806,0.02378191620748912,8.722819688777861e-08
2390,0.035202800461585304,0.5562514852050556,0.025828864122070302,0.08168552186695541,0.02583615238956394,-1.995384146941115e-07
2391,0.836018788547406,0.9206296094776847,0.009572250609072255,0.028336560307122442,0.009572724499236136,-2.114525939900247e-07
2392,0.859264722811437,0.9334616954001628,0.008321236583125015,0.027199550251037943,0.008321935063024278,-2.7718856299152606e-07
2393,0.5576234716644659,0.7567325058942884,0.023549711437109377,0.07935434572885505,0.023553535951930986,-5.283355341001439e-07
2394,0.797610582272336,0.9401680565815256,0.009426170553515632,0.04077679362650628,0.009427666765713084,-4.177276639039107e-07
2395,0.6000906405544755,0.7868545047790846,0.0231753429991211,0.061270125522216695,0.02318162089964893,-3.5944552456701473e-07
2396,0.7906410785814066,0.8906124406790507,0.01760103331074216,0.05187001353204163,0.017604405522642048,7.858140660399471e-08
2397,0.8873991025446922,0.9458845611401486,0.010832279776562512,0.03401318156496407,0.010834719634075247,1.0254469218207163e-07
2398,0.8817374745348449,0.9399026466570772,0.010152604995878892,0.028077712790309517,0.010153530345989798,4.7453484486315034e-07
2399,0.7875245994830631,0.8880314973219022,0.007829586994140629,0.02919848410889913,0.007830668407881623,-4.005169369492023e-07
2400,0.9353863379263758,0.9675872475514927,0.005367825380078126,0.014075015950683572,0.00536840900290499,3.3792637577079176e-07
2401,0.8357588552745421,0.9144646053331872,0.013220120602246095,0.04401592722325343,0.013225239234035563,-1.4472545795118918e-07
2402,0.8329492311167748,0.9127184104681805,0.011770273234375002,0.03279259650787995,0.011772424721513618,2.3111677471820968e-07
2403,0.8143450393244199,0.9102426402478473,0.007635675473388676,0.025323747628764236,0.0076360349075078795,3.932441994258795e-08
2404,0.871269941894309,0.933691897208901,0.007433685994531244,0.021289319566322698,0.0074346470505384545,-5.810569103648078e-08
2405,0.7276446893548115,0.8639613201265848,0.027335870820410176,0.06635167538231826,0.027347536956975085,-3.1064518846157796e-07
2406,0.8721221292705947,0.9425593309855315,0.01695908320634765,0.047189385151734285,0.016962796345504884,1.2927059478418101e-07
2407,0.865620790451005,0.9411806358224678,0.014594845845507793,0.04222043280450382,0.014597461995347867,-2.0954899493386137e-07
2408,0.8625377049611704,0.9461339826429407,0.011967212390332034,0.03824599546137954,0.011968785320917637,-2.9503882958969996e-07
2409,0.3502495311241538,0.6190175841539712,0.015929281913720714,0.06029431433752094,0.01593024520306325,-4.688758462045861e-07
2410,0.4692526883293383,0.7221543271699284,0.021452107784472645,0.06561610699435988,0.021461683620709413,-3.116706616679288e-07
2411,0.53220564039755,0.7587340081704442,0.016660117627148443,0.05717157878599971,0.016663663076421996,-3.596024499286088e-07
2412,0.21853461125754892,0.6620804230126658,0.020022714941015665,0.061259377044092025,0.020026719443782204,-3.887424510906623e-07
2413,0.8398550488190877,0.9178945164957297,0.008640785446875025,0.026101055531687185,0.008642498353750245,4.8819087661300387e-08
2414,0.554433192683258,0.7608433014439088,0.01714939649179687,0.06537249723815712,0.017154956952010667,1.926832580156912e-07
2415,0.9578969233905236,0.9844127638647474,0.005596200070800787,0.018794476912522024,0.005596930344279783,-7.660947642929017e-08
2416,0.9033403854100643,0.9510277525000721,0.0115077865008789,0.03375024194142382,0.011509703759707902,3.854100643074787e-07
2417,0.6636625749216616,0.8230700497465281,0.012894782122656259,0.04124208519401016,0.012897436478280927,-4.2507833841742837e-07
2418,0.9685693394610191,0.9847380160025075,0.003870602039179686,0.009775728064751188,0.003870864783107245,3.394610190721181e-07
2419,0.5585696045738666,0.8068685207257006,0.012566350769160187,0.04047218192770179,0.012566863983297004,-3.954261333927178e-07
2420,0.7829373202810215,0.8990618035520103,0.011834041476630865,0.033417627627732954,0.011835090342813053,3.202810214819607e-07
2421,0.8793660137993038,0.9392350736194931,0.012452538867285184,0.03823421337354969,0.012456073987029612,1.3799303810735353e-08
2422,0.701332219941891,0.8478878440263401,0.014729699545214853,0.04823697505852382,0.014733861040282672,2.1994189103313744e-07
2423,0.6668961812336636,0.8413840361400199,0.025831445496972676,0.07272794223442772,0.02584422878909228,1.8123366352096326e-07
2424,0.39573717266113784,0.686000571224535,0.03418195174013679,0.09632481825241794,0.0341939090218602,1.7266113783165338e-07
2425,0.4534848283674754,0.7004190543811241,0.01684354279814457,0.06390536959929491,0.016847199198012832,-1.7163252463703316e-07
2426,0.37988475781768194,0.6537652602409129,0.025489188851269523,0.07676188193340772,0.02549800161847731,-2.4218231803319057e-07
2427,0.6692688778192861,0.8292670973101933,0.01694422859208985,0.055026473336240826,0.01694612559731143,-1.2218071387959384e-07
2428,0.8410947304601301,0.917815094192104,0.009622499035156258,0.026988982844076078,0.009624437315986424,-2.695398699792406e-07
2429,0.9098637143923216,0.9559209977129122,0.0074688466501855455,0.01962164262111442,0.007469378986028745,-2.8560767839636014e-07
2430,0.8959562989698716,0.9504644916765774,0.006759574174414063,0.034236002328412535,0.00676020416196364,2.989698716371336e-07
2431,0.9670227501039472,0.9836629239269005,0.005709275239257811,0.018226387573102548,0.005710787725967907,-2.498960527397287e-07
2432,0.8780923578703423,0.9474295443530323,0.006612217788740236,0.019958663423938636,0.006612532986961493,3.578703423601226e-07
2433,0.6747185876709052,0.8319327435140874,0.017435684194628903,0.055149307836878374,0.017442689339140244,-4.1232909475663604e-07
2434,0.5860842363185796,0.7904952432807295,0.02125932827216793,0.07036608999598304,0.021270128777745447,2.3631857959394154e-07
2435,0.835846553946458,0.9155434139684486,0.007771909763964852,0.026924642900315876,0.0077729598605274655,-4.4605354199145353e-07
2436,0.656697912391386,0.8413081759919628,0.0169895896574414,0.043450969632227755,0.01699110634408201,-8.76086140300103e-08
2437,0.5316163913010619,0.7599442833317374,0.022812858770214814,0.06867583297700157,0.02281981414459494,3.913010618861179e-07
2438,0.8667358875572488,0.9323110205584213,0.006767795835439452,0.024504737257969166,0.006768319833210916,-1.1244275111010893e-07
2439,0.7715061355593565,0.8789315774584683,0.009092346931933601,0.02987269657444276,0.009093910721730701,1.3555935651776707e-07
2440,0.7363071998360999,0.865455544680893,0.016116781847656265,0.05281381521636205,0.016121221372470577,1.9983609989004947e-07
2441,0.8216276143694075,0.925412823090346,0.014696490636914077,0.04394202953833292,0.01470020652277845,-3.856305925697967e-07
2442,0.8324102037058758,0.9148847015708973,0.0166632596705078,0.050883992506213595,0.016669434349043822,2.0370587583418143e-07
2443,0.9610457480187529,0.9819170414003816,0.004556648733496097,0.01305757546000817,0.004557300734663223,-2.519812470902494e-07
2444,0.6244967313703862,0.8158334130126191,0.025751543903320323,0.07431170188630624,0.025756832110640088,-2.686296137754951e-07
2445,0.8766454989568734,0.9370178730137805,0.007068103512216802,0.024362291306585415,0.007068650748284436,-5.010431266549986e-07
2446,0.6677993084491212,0.8431454384848729,0.01845991572783202,0.0571922714458063,0.018467252735949683,3.084491211335916e-07
2447,0.8066175200342224,0.8997428729998977,0.012082686874609394,0.03618123971593896,0.012085667121564735,5.20034222351029e-07
2448,0.2340021688384052,0.8138556846774366,0.027061304935644584,0.07178058690732467,0.027068628547992368,1.688384052012104e-07
2449,0.378019570339044,0.7223691032312274,0.023465434626171875,0.073163172996989,0.02347182945803941,-4.296609560361375e-07
2450,0.9659794927108671,0.9833802317462412,0.004149200943896483,0.013767630997486019,0.004149603470039681,-5.072891328117279e-07
2451,0.7785073427982068,0.8843074426789788,0.016933373565429666,0.04905469700045187,0.016938140595067205,3.427982068204827e-07
2452,0.24072415469999264,0.6970257012197167,0.02651800515283203,0.07017252087369794,0.026524146410461514,1.546999926493875e-07
2453,0.4771303327720353,0.7578127121884194,0.024999003739062525,0.07547187735197847,0.025006588987700164,3.3277203531634214e-07
2454,0.8061043457907421,0.9212821250147646,0.01879399954296875,0.053258126226916606,0.01879955506152351,3.457907420401085e-07
2455,0.6633682109611123,0.8196678555448731,0.02168590133320311,0.06741618615375186,0.021689472895325836,2.1096111235685555e-07
2456,0.8275299974148412,0.9114156631225103,0.017814646168652363,0.04900161661954989,0.01781825797230717,-2.5851587537317755e-09
2457,0.4824831072017006,0.7287390712446331,0.023037927796777293,0.07504680155903246,0.023044922209511435,1.072017006276127e-07
2458,0.8208695350330644,0.9368163753935311,0.017358785309570288,0.051927737669701775,0.017362348148485862,-4.649669356204811e-07
2459,0.6861959824723873,0.8284353186262812,0.01576144484460935,0.046865638697793296,0.015762968365136222,-1.752761269457892e-08
2460,0.41712024965842254,0.6855453916725429,0.02100747772519534,0.0738898485332581,0.021012851900753783,2.4965842254642823e-07
2461,0.9036056755483165,0.951607389709493,0.009352562537695312,0.030225900908847084,0.009355006810132661,-3.244516835199107e-07
2462,0.7833864361484106,0.8891223566258011,0.01609949340332032,0.0550096629007644,0.016105053046398025,4.3614841060968246e-07
2463,0.6355339439100438,0.8085335260496915,0.028195043245703162,0.08364737149234663,0.028208788412272385,-5.6089956235183536e-08
2464,0.760167333530871,0.9037434307116045,0.015593663426562505,0.04835841890210731,0.015597961494765864,3.3353087092180544e-07
2465,0.9009011662489546,0.949230070038988,0.006706430388945311,0.021889109128586864,0.006706983329887973,1.6624895460282119e-07
2466,0.830403623288171,0.9277751377023856,0.011571412251171878,0.03894438752655403,0.011574447812152885,-3.7671182906429124e-07
2467,0.7072280538720499,0.8419058592155594,0.02191144812294924,0.06461994626126615,0.02191986059499996,5.3872049932124355e-08
2468,0.5370400363208445,0.7723743688304155,0.02662040466591796,0.07688972940491189,0.02662965459893931,3.632084455418294e-08
2469,0.5357949692865207,0.7505843697757485,0.022173173649023433,0.07088912068094504,0.022183345875514678,-3.071347931538071e-08
2470,0.6660998861841686,0.8954620879087616,0.01748726298671874,0.048200786280028336,0.017489327276502244,-1.1381583142622276e-07
2471,0.7179652521029884,0.8573573079214325,0.016328427679296844,0.04983883001652436,0.016333052579131258,2.5210298848499235e-07
2472,0.721472494659047,0.8651662944956947,0.029646648376660215,0.07913426493060888,0.029663016200594475,-5.053409530830777e-07
2473,0.905075872796594,0.95164766285389,0.012988820733105458,0.03525699333234351,0.012992813772985305,-1.272034060306737e-07
2474,0.9557575076450538,0.9779010148600593,0.00613570634123048,0.015999589748575873,0.006136191659746831,5.07645053882122e-07
2475,0.8261587404807592,0.909513487791654,0.008835139921728519,0.028218090900635477,0.0088355707282532,-2.5951924076395017e-07
2476,0.8575530250644496,0.9309215334419109,0.010632772039833977,0.028224231937880515,0.010633356250887764,2.5064449626910346e-08
2477,0.5395224058886434,0.7781517362247822,0.02175011742763675,0.07394676804220086,0.02175699305517645,4.0588864347324005e-07
2478,0.715199608303674,0.8467391542057299,0.009418363592968748,0.03510455328597635,0.00941980671960394,-3.916963259298356e-07
2479,0.9331628718534865,0.9671865337208653,0.0062505824088574125,0.01663949273866282,0.006251177532085563,-1.2814651351167328e-07
2480,0.5694421993000504,0.8767368861024705,0.014130564316318357,0.04197520349367903,0.014131232666533303,1.993000503519582e-07
2481,0.2581441090352037,0.6146887362859775,0.02058232402626954,0.06577922619905471,0.02058556096986735,1.0903520369920372e-07
2482,0.8842491862357196,0.9415100522111439,0.007749666679296879,0.021081922683674093,0.007750723812143703,1.862357196236175e-07
2483,0.7898655822514835,0.8911221175167963,0.010057363927539057,0.032000593777675425,0.010060111096400752,-4.177485164458261e-07
2484,0.7302246297852546,0.8763490466286025,0.018208518565722673,0.05307614529378419,0.01821070182126904,-3.702147454154314e-07
2485,0.8142891559411776,0.9112023902057201,0.009902507131445339,0.03325239887303106,0.009903518586711766,1.5594117752648629e-07
2486,0.8986824025360353,0.9480918690980696,0.012412399493457049,0.03539023012891483,0.01241671465443416,4.0253603528217496e-07
2487,0.6138250307731814,0.7997484588075376,0.01801188095996094,0.06453238276003563,0.018014410467818306,3.0773181447507625e-08
2488,0.6395070683095145,0.8581879918259174,0.017128561130957034,0.0387551813679041,0.01713096891090772,6.830951448932865e-08
2489,0.7355533197875269,0.8720894417000499,0.013600273893945284,0.051731801195363865,0.013602282545729268,3.197875269034256e-07
2490,0.7762090164738678,0.8829572610329158,0.017878148841406274,0.06247180338788938,0.017885760430815533,1.6473867714417167e-08
2491,0.578376923927904,0.7679278239747269,0.014896056020703131,0.05593446505149751,0.014899349168722303,-7.607209606685927e-08
2492,0.9032379798294958,0.950415598923705,0.006691419585449217,0.0205117724764815,0.006692770270149362,-2.017050415581423e-08
2493,0.6433660805614518,0.8108582300217473,0.02374159574433595,0.06517991659043405,0.023749905306579833,8.056145184287544e-08
2494,0.870580030311843,0.9332077869107657,0.007774961827441418,0.02413639806937089,0.007775536645573491,3.0311842924568566e-08
2495,0.8416289988861492,0.9202771529985612,0.0077561989162109315,0.02494938045838642,0.007757618852923247,-1.1138507893804217e-09
2496,0.5794865250638954,0.7748095099429133,0.020387413052148445,0.05995877638093732,0.020391935806100398,5.250638954734654e-07
2497,0.6595360519309734,0.8664998341720759,0.015602124550781235,0.03993193098280056,0.015604453924366138,5.193097341038566e-08
2498,0.4215024814597653,0.750794568270275,0.01744321471640626,0.059913103111629014,0.017446996710606715,4.814597653335362e-07
2499,0.3809571827121453,0.6843111565118599,0.017870605283984344,0.06493750750171765,0.01787483144647058,1.8271214530241053e-07
2500,0.6042952203332013,0.7838225193614443,0.027094210663867153,0.07829152991833364,0.027105074022458882,2.2033320123959754e-07
2501,0.4827053265548584,0.7068809437858209,0.013526964944726567,0.06136047025174035,0.013529082647974729,3.2655485843191556e-07
2502,0.8492670850922213,0.9215849569924819,0.012655318636230468,0.04528165021891528,0.012659682861874109,8.509222126917848e-08
2503,0.48447351844224196,0.7852996860176191,0.016499549047656242,0.04630829565745163,0.016502254881133462,5.18442241970174e-07
2504,0.5894637299466334,0.8609379273957364,0.020656660448242187,0.05129459434862025,0.02066151674766777,-2.7005336655783196e-07
2505,0.8168675302482096,0.9096308836186486,0.012146751177636694,0.037167188665331585,0.012149695198224474,-4.6975179046615523e-07
2506,0.4396758968206065,0.7756836818940593,0.021780104685058605,0.06049950535911552,0.021786186882996803,-1.0317939352910699e-07
2507,0.6778218205394939,0.8308035909218161,0.022178341121972662,0.06435715858887435,0.022188085465685434,-1.7946050612227538e-07
2508,0.6850410656382304,0.8576209580959722,0.019549481123339818,0.05253307547498307,0.01955491520352688,6.563823040650618e-08
2509,0.7948683797897856,0.8925886970333918,0.00617560765335937,0.027635945943854427,0.006176195857330044,3.7978978562058785e-07
2510,0.6558373842287263,0.8226556725556269,0.01455892693732423,0.049634333269980395,0.014560278142201637,3.842287262800781e-07
2511,0.7142785058347415,0.8474428766752684,0.013448211967773429,0.04593554935878555,0.013452144200365427,-4.941652584911083e-07
2512,0.8231621658653655,0.9082583965777477,0.00793981774760741,0.026622098975409198,0.007940521258018972,1.6586536555340814e-07
2513,0.5399343981196361,0.8659261236655651,0.01741129815488284,0.05198369439442279,0.0174151704633148,-6.018803639928905e-07
2514,0.7961053531792823,0.9048505467789845,0.011364931925878913,0.03292245099075692,0.011367914428960367,3.5317928237521556e-07
2515,0.7107560822068216,0.8467582939707248,0.02433080203398441,0.06749297554359619,0.02434159163190551,8.220682157222825e-08
2516,0.8512750318919955,0.9227112897004832,0.014975256964257836,0.04709901323465763,0.014977873092434974,3.1891995488919633e-08
2517,0.7034606024267087,0.846670038304194,0.018405996461816395,0.061491132180368564,0.018414831107785655,-3.9757329128864427e-07
2518,0.7493085285655599,0.8758427196685854,0.017116834549902333,0.06073626490242006,0.01712293881252183,-4.714344401524073e-07
2519,0.11664155819359545,0.5727260540083489,0.013789292760507823,0.0560422137191074,0.013789667048752039,5.581935954568351e-07
2520,-0.3083997079819085,0.5622152753060186,0.030651630851718743,0.09012237405692824,0.03065293392786442,2.9201809148560187e-07
2521,0.5512394908944086,0.7509807307336582,0.026328563209082022,0.07685958879343545,0.026335223326490277,4.908944085668665e-07
2522,0.5073806831768906,0.7553949911387664,0.01329032296326173,0.05157275285451127,0.013291132859239975,-3.16823109414166e-07
2523,0.5636520313671217,0.8070006415933061,0.01610116315771481,0.05361030430725984,0.016105203389563134,3.136712167783884e-08
2524,0.4285704806001188,0.7968412927385354,0.020596161436816404,0.0648533592209203,0.02060099013585593,-5.193998811603429e-07
2525,0.7728471789340461,0.8919471359033556,0.015615029932226573,0.04907551962636873,0.015617759671418308,1.789340461355593e-07
2526,0.7785437907232936,0.8954823316099424,0.017834728136230493,0.044175427118601174,0.0178402816410706,-2.092767064088008e-07
2527,0.6945739219140659,0.8603656752683158,0.014073223879648456,0.04020798593394323,0.01407418944687478,-7.808593416314125e-08
2528,0.6437414894727161,0.8178454728466531,0.02160397788447261,0.06366017878799393,0.021610729620996593,4.894727161364187e-07
2529,0.7690207423729035,0.878498871531276,0.01940628330156249,0.057855438371060997,0.01941341256088685,-2.576270964338434e-07
2530,0.6220337189190377,0.8234156006386759,0.017972364174999974,0.058947405560078034,0.017980991181257674,-2.810809622832977e-07
2531,0.9204443500955793,0.9606754624353816,0.006542098332812506,0.01633188437497435,0.006542820344814633,3.500955793045435e-07
2532,0.5686405170350459,0.8331472995908632,0.011860230800751966,0.0531891020098228,0.011861322048785566,-4.829649540294412e-07
2533,0.7450057313035956,0.869846424413952,0.013733296021826187,0.038199124687587446,0.013734555839205895,-2.6869640434856734e-07
2534,-0.007154102667817019,0.43904066207361025,0.023180949486914085,0.08096822003660324,0.02318562133628642,-1.0266781701965405e-07
2535,0.9078703148290773,0.9539675778811554,0.0058426195086914,0.017703491923329595,0.005843512667981703,3.1482907736357646e-07
2536,0.866506424159817,0.9413155725958804,0.00654067497729493,0.021494714611224167,0.006541076361484577,4.2415981704735373e-07
2537,0.8987263244053277,0.9494857130978147,0.011839904853515628,0.030111788892677283,0.011841311099202622,3.2440532771182973e-07
2538,0.8395091055354102,0.9238034900319961,0.009570874266699215,0.0340399874425665,0.009572061872415724,1.0553541029967306e-07
2539,0.7479008838798922,0.8744995494394654,0.021582922380468737,0.05779409484470322,0.02159122588877947,-1.1612010786254956e-07
2540,0.7852193563343524,0.9064410767530077,0.01890238154130858,0.05464034417265901,0.018907308780304534,3.563343523582674e-07
2541,0.9499076824988203,0.976122751903313,0.006605986841210937,0.020645262643880183,0.006607481433027895,-3.175011796807681e-07
2542,0.4550645066730785,0.6844442408259123,0.018816797270312484,0.06962994143767551,0.018822424262279328,5.066730784930584e-07
2543,0.5420556611386236,0.7836704102361461,0.017294084567968743,0.05988448690357906,0.017295865929736375,-3.388613764032655e-07
2544,0.8927702431679456,0.9524399818637599,0.009697693082880862,0.02642050993598963,0.009698656823861463,2.431679456682545e-07
2545,0.8581403213681172,0.9306780685931608,0.011733249340624993,0.040744443929945,0.01173680194733803,3.213681172287153e-07
2546,0.8139358227848053,0.9074530445817759,0.013872435189062497,0.03726232281656348,0.013874206828155005,-1.7721519474100944e-07
2547,0.7466521796526292,0.8739106789245348,0.018542160831542975,0.05991170452077013,0.018545332285507917,1.7965262921748604e-07
2548,0.9139964993038612,0.9577303137391261,0.007493945600878905,0.022826891556374185,0.0074951889320501895,-5.006961387721276e-07
2549,0.5182336950294391,0.8680177452647946,0.01368777283692382,0.041237287962608046,0.013688939886124917,-3.049705609159403e-07
2550,0.6398518136323377,0.8010194364841198,0.019671408520605494,0.05525118284992246,0.019677166199143243,-1.8636766230262225e-07
2551,-0.4182859888477535,0.6888512240516566,0.038516699443456974,0.09071255857306153,0.038524291202083276,1.1152246515155895e-08
2552,0.6940776150182117,0.8407102650624655,0.01102927639242187,0.04070058296878525,0.011029794775680146,-3.84981788226213e-07
2553,0.42049925376198083,0.6646069347412894,0.014332840409189463,0.05883842184735574,0.014333607912545338,2.5376198081739076e-07
2554,0.8918359564212287,0.9453705152280685,0.006061176939794914,0.018489442729037017,0.006061431382136629,-4.3578771258268034e-08
2555,0.5349139261227719,0.8635895504947726,0.01598547690040036,0.04906385093168424,0.01598663835701415,-7.387722811280639e-08
2556,-0.3501121740834632,0.34543502958936684,0.0358392395831055,0.10811368515689947,0.035846410062388076,-1.7408346320024748e-07
2557,0.17738340980333678,0.509439628049669,0.015131187740742158,0.06210218335042563,0.01513242233515609,4.0980333676499114e-07
2558,0.7114692566847328,0.8839397240479497,0.008849660514257814,0.029703062215656537,0.008850733845406467,2.5668473280227033e-07
2559,0.7984310725508799,0.8941461043400337,0.012422604612011716,0.0376933098625697,0.012424212874186585,7.25508798593566e-08
2560,0.7351808566188636,0.8641363983707853,0.018672998877441425,0.059765194312480036,0.018678918407870386,-1.4338113640821604e-07
2561,0.872373397097207,0.9378073570235217,0.00646411962705078,0.022006244715742574,0.006465326174583894,3.9709720700553675e-07
2562,0.854139349304895,0.9383551993163576,0.01087862801611328,0.03805988058378088,0.01088044370212456,3.493048950087285e-07
2563,-0.47734541537560093,0.7915080194358044,0.030053682031249963,0.08108059398312527,0.030057026494622233,-4.1537560091509107e-07
2564,0.531988901923824,0.7307878445306059,0.02444695046220705,0.07012194482857619,0.024455580041597376,-9.807617606938379e-08
2565,0.817300732815825,0.9070853411094104,0.01498092717333983,0.04258779149773933,0.014985048012092496,-2.6718417500681824e-07
2566,0.7847740249078092,0.8897608047117603,0.010512263852548822,0.039094032280664284,0.010513283581235619,2.4907809259566704e-08
2567,0.8157565784774762,0.917650952082866,0.021999249205859397,0.05935117303632253,0.022005043272384787,-4.215225237746978e-07
2568,0.387093126263392,0.6673218232639783,0.013040616605146478,0.05466573431896577,0.013041344862664981,1.2626339196408765e-07
2569,0.4089244877145377,0.8582576478573775,0.021634154211035154,0.056502946994626685,0.021639902652087574,-5.122854622729989e-07
2570,0.46438105572293065,0.7620329421498209,0.015512142867822255,0.05001785858212135,0.015513112239079621,5.572293065858602e-08
2571,0.5001466440162355,0.7947211318114301,0.018825889607910155,0.06183848565445574,0.018831264758927907,-3.559837644662167e-07
2572,0.7821842295552562,0.8908402609987671,0.013443157876367177,0.04000132748818736,0.013444559166468788,2.2955525624812623e-07
2573,0.6145043355737849,0.8331289539863447,0.030845434317871113,0.0865939687430253,0.030862069078035206,3.3557378487092393e-07
2574,0.9359532935533288,0.9724733182689035,0.005179975759960932,0.01981029779090106,0.0051805518046841356,2.935533287562464e-07
2575,0.8539386672749689,0.9257065370613742,0.006641401412294915,0.02258030412639464,0.006641680846736927,-3.327250310825036e-07
2576,0.8300080839968509,0.9273272595516884,0.011018473026660142,0.031202025462509827,0.01102214531118655,8.399685091919906e-08
2577,0.9574103604813876,0.9823934636597775,0.005116500214843755,0.014646949365685877,0.005116812067039744,3.6048138762900805e-07
2578,0.9540725066067738,0.9769326565205275,0.004273462682949219,0.01184420032764361,0.004273623202501725,-4.933932261641516e-07
2579,0.7705449595066508,0.8798356456719527,0.01563118705742187,0.04405656890935769,0.01563855563988755,-4.0493349229286935e-08
2580,0.40356051509661206,0.7931877306029477,0.023351427313867204,0.0628097277724433,0.023357320382149743,5.150966120859302e-07
2581,0.6342170451704008,0.8336102382483549,0.019986267976660206,0.05125732484762895,0.019990796963679194,4.5170400753136164e-08
2582,0.08423556641977259,0.6924458468434118,0.03067859523242188,0.08830839498138525,0.030687562224028915,-4.335802274157974e-07
2583,0.720120110814261,0.8566494717660442,0.023556194250781298,0.06992470572408276,0.023566765809377978,1.1081426098957792e-07
2584,0.6626948106871622,0.824325868406895,0.018678910149707028,0.05942647382546084,0.018684729918035582,-1.8931283785050823e-07
2585,0.7504194380680834,0.8734096216357301,0.01812434760888673,0.05854813587150414,0.018130207204830336,4.380680834747963e-07
2586,0.7556943324878169,0.8917652226914721,0.013843034211406254,0.04397192272299376,0.01384426389782804,3.324878169452816e-07
2587,0.678967821607516,0.8281753600983264,0.020091430769921887,0.06726143765406153,0.02009822281961657,-1.7839248400708385e-07
2588,0.328922807962748,0.6348546866208533,0.013234504720507821,0.05307494373880483,0.013236072453873546,-1.920372520447522e-07
2589,0.7063980802364431,0.8558522240495425,0.01873942966855469,0.048860636716573896,0.018746360910545032,8.023644315624523e-08
2590,0.2725234832711674,0.550541728433816,0.03579734551494139,0.09448390027141586,0.03580850274254931,4.832711673619094e-07
2591,0.9357960063676093,0.9678668667387459,0.008318816602343754,0.026321864644456138,0.008321072314407355,6.367609328705726e-09
2592,0.8529903266831985,0.9287875021153765,0.009499862167480456,0.02773566051496779,0.009501476355245644,3.2668319849271654e-07
2593,0.9412265023355461,0.9710554575992788,0.005524821641181638,0.016338259579755075,0.00552507805021931,5.023355460487267e-07
2594,0.8416453907560681,0.9214162094813336,0.009207798351357446,0.029586790811608664,0.009208222332628638,3.9075606816929565e-07
2595,0.7950121674033234,0.8921931401189291,0.013588320089550748,0.04919292172724382,0.013590592302036785,1.674033233145522e-07
2596,0.4592554578824143,0.6952076492705624,0.024025654389550757,0.07676479459156993,0.024028947410216744,4.5788241426203413e-07
2597,0.9114043490028766,0.9574447413059528,0.006669166548251939,0.020249740919596096,0.00666953076445737,3.4900287659844764e-07
2598,0.9144491401668549,0.9593157916542814,0.007019868455898434,0.01955640856226912,0.007020150171927378,1.4016685490059189e-07
2599,0.8309439049583008,0.9129246190636147,0.00871245218115235,0.0388602122584222,0.00871360615102711,-9.504169917740057e-08
2600,0.7505300209840926,0.8725669061668871,0.016988766369238274,0.04717558052855824,0.016995453050089027,2.098409257467182e-08
2601,0.8035253669766905,0.8965359160383354,0.0161028343495117,0.04569079340472869,0.016109664774882758,3.6697669048013637e-07
2602,0.8343368875840186,0.936744829344398,0.011802381012207033,0.04488398794627794,0.011804187617152625,-1.1241598141253917e-07
2603,0.566036746802075,0.8581656394966318,0.030709740203613264,0.08270594283726171,0.03071560020568106,-2.5319792495981375e-07
2604,0.8740018521835986,0.942482501799809,0.008854105397519518,0.025610173143335167,0.008854746658803833,-1.4781640134131635e-07
2605,0.4149781418068901,0.6910661127366423,0.011634091681835955,0.047267187231998506,0.011635300594221814,1.4180689006382252e-07
2606,0.5043393716746509,0.7245644356114556,0.01621438132630857,0.06449149991251969,0.016215208873222912,3.7167465094523067e-07
2607,0.6706545028425457,0.8382504333348064,0.027076501007226583,0.07146591644082387,0.02708860569967081,-4.971574543155555e-07
2608,0.7597503920485416,0.8876773974722011,0.020528398326074216,0.06249690887046486,0.020536821523959088,3.920485415198627e-07
2609,0.778938401563217,0.8890501679112286,0.011474206616406241,0.03039879559256178,0.011475494217349601,4.015632170117911e-07
2610,0.9086715977954494,0.9586639060049075,0.012870891347558604,0.03500392343663474,0.012873554564159064,-4.022045506646421e-07
2611,0.713650222027369,0.8466626011996703,0.012186116046328108,0.04658539542240432,0.012186853269420858,2.220273690456409e-07
2612,0.7753956036979304,0.8845668066330761,0.018400927866015625,0.0529406797501512,0.018408341787012825,-3.9630206960517e-07
2613,0.2579147053343356,0.6841044198773326,0.019853770465625007,0.0648917688840561,0.019857849573738335,-2.946656644242651e-07
2614,0.8938783022435748,0.9473241405191505,0.010851933633593762,0.03817268681026807,0.010854052977526264,3.0224357483454867e-07
2615,0.8753579951710959,0.9602019366978848,0.006973533474511717,0.020840937866683597,0.00697377931982906,-4.8289040543991746e-09
2616,0.8237121944570652,0.9176353318644838,0.014801173483691393,0.03931849010952642,0.014806229189097844,1.944570652279154e-07
2617,0.5533760140920889,0.7555897771695649,0.010051924986591812,0.05460226530283357,0.010052292584054217,1.4092088940209635e-08
2618,0.8892077083902526,0.9528524299444672,0.008458878356718751,0.024559603783365976,0.008459719477186543,-2.9160974734931955e-07
2619,0.931379222853702,0.9704952729962841,0.009331427469628903,0.030582405549392372,0.009333214036259687,2.2285370204766508e-07
2620,0.8938900221917766,0.9508419453902411,0.00974846850683594,0.0350250090246354,0.009750203688185022,2.2191776638535998e-08
2621,0.8136346195758308,0.9260993426893308,0.01280696905166017,0.03980632363680722,0.012808794550812515,-3.804241691662824e-07
2622,0.9284695922279349,0.9677239134036035,0.007456779198925781,0.018333194487132685,0.007458894277297965,-4.0777206511410924e-07
2623,0.4173846916067864,0.6973516372012206,0.022357343912011763,0.07451701149948974,0.02236708306784266,-3.083932136327405e-07
2624,0.7543134892589197,0.8709871580173862,0.014092670119531261,0.056915551039335155,0.014097024992227694,4.892589197114106e-07
2625,0.8213083699853754,0.9176103473931689,0.012581942187959,0.03919373659354064,0.012583067382328146,3.699853753369453e-07
2626,0.5056630266959107,0.7246051941203118,0.010464652834326174,0.05350598613501834,0.010464968391738917,2.6695910704255255e-08
2627,0.6676556457664663,0.8187781021486726,0.014062359629296854,0.039621199570243175,0.014065006535535282,-3.5423353372809885e-07
2628,0.9609180071828959,0.9810509657623612,0.004036276634804684,0.010979535679376522,0.004036410355267322,7.182895833679481e-09
2629,0.6723613903306782,0.8273184935085683,0.025331060096289063,0.0698240271437156,0.02534154234398853,3.9033067822380474e-07
2630,0.8368272890808783,0.9163913108969589,0.013125802742675805,0.04044459494820132,0.013127393958730681,2.890808783462262e-07
2631,0.6423625937719935,0.8065530699542077,0.010401788859169927,0.049238668965017614,0.010402116833544799,-4.0622800656642255e-07
2632,0.7934583103138758,0.9062287234888436,0.017874108338281243,0.04761294055718132,0.017879638637457243,3.103138758175916e-07
2633,0.7475616886687795,0.8666082112167706,0.017622792472851603,0.05448999145566436,0.017628460253756015,-3.113312204705565e-07
2634,0.6257845887055855,0.8060890331255368,0.012877212228515634,0.04532012044888392,0.012880137502232467,-4.1129441452625315e-07
2635,0.6940838740516762,0.8626829451637305,0.011855975946777344,0.03532991129241453,0.011858118475180875,-1.2594832388135302e-07
2636,0.3925007191177792,0.6500300238703359,0.016755521949023446,0.06883627713487368,0.016759236392436826,-2.8088222081557035e-07
2637,0.8974817471275869,0.9532754700029952,0.010202539311132809,0.037460436556228875,0.01020428974989436,-2.528724131201088e-07
2638,0.9368763145947934,0.9683876269790056,0.005820834413281245,0.019443426212862498,0.005821538600562061,3.1459479332696105e-07
2639,0.665815448363458,0.817576645702139,0.014920110146484363,0.05838618824602582,0.014922875747832067,4.483634579166562e-07
2640,0.7926026682640988,0.918274554618505,0.019871160558398455,0.06267685278119099,0.01987546432784252,-3.3173590119339735e-07
2641,0.48611793679100623,0.7026682057160968,0.02737576636054684,0.08180415610199143,0.027384188121145805,-6.320899376133227e-08
2642,0.5531393461110752,0.8175770223790936,0.023532382519042952,0.05966712113448252,0.023538847682470224,3.461110751334928e-07
2643,0.821679838668512,0.9163352472684692,0.009597618555175788,0.03282043250960891,0.009599085953046801,-1.6133148794672536e-07
2644,0.3128628481808414,0.6758675713615283,0.021820582035253926,0.06829174593276353,0.0218248817530256,-1.5181915857809258e-07
2645,0.32131166753939633,0.8164116310534398,0.022492540481835962,0.06611099333771048,0.022497704895238006,-3.3246060365810237e-07
2646,-0.6473500522864848,0.6864938619294311,0.026867873404101603,0.07572358899324647,0.026871388901923195,-5.2286484808483635e-08
2647,0.5658028067915364,0.7783923447689662,0.015394505359277368,0.0495255788187978,0.01539798200958318,-1.9320846356141175e-07
2648,0.843106382816162,0.9251271103611689,0.008921940091015636,0.024769802765182234,0.008923806779164366,3.828161619923165e-07
2649,0.7179997400447935,0.8582691988898046,0.019608020470117195,0.05233744905148619,0.019613427680303636,-2.5995520647192905e-07
2650,0.5438700651260107,0.7553096381525926,0.0246950887625,0.07924966336974106,0.02470312754557212,6.512601069541546e-08
2651,0.7671566251319072,0.8768769224847544,0.01967538094062499,0.0678214478975602,0.01967989430790567,-3.748680927895265e-07
2652,0.954443620906444,0.9787967292828555,0.004488342412900389,0.012859940113736722,0.0044885920136273644,-3.790935559910835e-07
2653,0.6502725843450163,0.8075762959093781,0.020849117143554724,0.06601211260806333,0.020853541620712204,-4.156549836542567e-07
2654,0.7758102450967771,0.8923504987761693,0.018035080849707025,0.0461254936651909,0.0180400860156478,2.450967770961654e-07
2655,0.48300752562826765,0.7389822548874784,0.02047389426624023,0.06677336391118001,0.020475936671919347,5.256282676335822e-07
2656,0.7540557918779659,0.871464028936435,0.015416622440722649,0.04352536003291598,0.015420849224559193,-2.0812203405107255e-07
2657,0.40639705556274996,0.7302114198593402,0.019486364042675775,0.06848299976046886,0.019492485490108565,5.5562749956550306e-08
2658,0.9358945064980384,0.9775376382351696,0.006841113232128904,0.023726105559194775,0.006841985394375294,5.064980383995277e-07
2659,0.5999106250953176,0.7796837612522347,0.015480029143847643,0.0552105292902222,0.015482515897555308,-3.7490468240974906e-07
2660,0.6178354312206519,0.8321717269040024,0.017254357729394525,0.04824665955061386,0.017258600754664198,4.3122065185308145e-07
2661,0.872410513022811,0.9347041623902884,0.011588279341992169,0.03453345812320829,0.011589914531740683,-4.86977189018134e-07
2662,0.34689536063951876,0.6407240713072887,0.01334790420722656,0.0557217267586605,0.013350228942668376,3.60639518748318e-07
2663,0.7074632187310211,0.8485708271071055,0.010431051873603514,0.0420802676535996,0.010431740896974708,2.187310211843041e-07
2664,0.6239604844877307,0.841053522777804,0.022089819571484398,0.056598874998946926,0.022094257896942696,4.844877307119688e-07
2665,0.5884793571046409,0.7701439884089989,0.010014458382334002,0.0452427249118031,0.010014982941502121,3.5710464096894157e-07
2666,0.7345737138304131,0.8725275815391061,0.013183511443320329,0.04497250967686568,0.01318458686366105,-2.861695868050518e-07
2667,0.5513711608173607,0.7549317760255945,0.012018794043779297,0.04836655725285082,0.012019530431489346,1.6081736065043373e-07
2668,0.4913836471530105,0.7209430100373604,0.016613856110937523,0.0698225381005246,0.016615401666295895,-3.5284698945980963e-07
2669,0.7743362877943643,0.8800162170953924,0.019837302738769557,0.05532429879548007,0.019843582782270816,2.8779436422876614e-07
2670,0.3108684361146389,0.6124186939490323,0.017856942786230467,0.06884923040765183,0.017858271510385184,4.3611463890202984e-07
2671,0.7832225148445149,0.8886471807399029,0.014533565354003918,0.04465170594724092,0.014537920208355419,5.148445149094627e-07
2672,0.8691861963866925,0.9339700584172782,0.009167109339257806,0.023821516992631613,0.009169136247427647,1.9638669246369034e-07
2673,0.73558949211588,0.88879585959272,0.014672488309472648,0.050876873326086536,0.014674274886298352,-5.078841199823714e-07
2674,0.15014011746466682,0.46547798855863864,0.0322267804390625,0.09464543313261642,0.032236058437656485,1.1746466682671652e-07
2675,0.4814944058243126,0.8118804307426536,0.02281604370117189,0.056338426236380544,0.022821288211208872,4.0582431259927887e-07
2676,0.7826479817157921,0.8928382075231738,0.010727260417041,0.028303101295959185,0.010728035026656792,-1.8284207925489682e-08
2677,0.6219798374186716,0.7913987234384144,0.021991365436328122,0.0700490725347811,0.021998113758089084,-1.6258132840007988e-07
2678,0.8052041791166324,0.9097228996018161,0.016548500216113263,0.058706184204784864,0.016552016365915478,1.7911663241498843e-07
2679,0.6978370574515423,0.8355766367092848,0.021360176980078135,0.058331994869513154,0.02136650851754714,5.745154230130112e-08
2680,0.8682969047154885,0.9354855790085032,0.008624853379687486,0.025331498516656895,0.008626102731787932,-9.528451150320194e-08
2681,0.6752580474563937,0.8257171210777235,0.011964369878125007,0.04608981933798238,0.01196571627009229,4.745639370362653e-08
2682,0.882800791563639,0.9437744505381552,0.007981280350400388,0.02285969449902602,0.007981894705741054,-2.0843636094891593e-07
2683,0.5470032131249565,0.8196766931513391,0.02254270365859374,0.0592555970295909,0.02254789550319046,2.131249564607529e-07
2684,0.7643887293606301,0.8802154275595859,0.010096247983740233,0.0368866637023778,0.010097126199769197,-2.7063936991478243e-07
2685,0.70980004240066,0.8502452360807207,0.01462384940126954,0.056389060508871054,0.014626110442907242,4.240065998306619e-08
2686,0.8781327154872183,0.9405938194278408,0.014141544607324205,0.04036928778195419,0.01414567342102012,-2.8451278177854533e-07
2687,0.46379801200460313,0.6874365820099997,0.022148541942089896,0.07384780282407534,0.02215352470622076,1.200460314487728e-08
2688,0.7243729718622367,0.8528098652289442,0.012788323682617186,0.04151583903592296,0.012791845437564214,-2.813776334154028e-08
2689,0.9160122207678121,0.9612493899311525,0.00773092616875,0.023321118470366827,0.007732467693404941,2.2076781203139717e-07
2690,0.8665718013578414,0.9447437089544201,0.008698039861621099,0.02600312504085864,0.008698610296825504,-1.986421586108733e-07
2691,0.9387672883030532,0.975588928366606,0.0056828513540722716,0.018330724924917233,0.005683415122254016,2.8830305320859395e-07
2692,0.7730671151708901,0.8800619415390273,0.017358757739453157,0.05903049203347527,0.017362112170709196,1.1517089015811166e-07
2693,0.2004388415434165,0.5688469162404833,0.012939773453593751,0.05525780337458155,0.012940440017600122,-1.5845658349333824e-07
2694,0.7709102542952793,0.8958230878007928,0.021758188871777346,0.05976833969610158,0.021767882830518698,2.5429527927833817e-07
2695,0.8083204761585486,0.901067454887372,0.012552871050771467,0.03396323939856059,0.012553569151990223,4.761585485901776e-07
2696,0.9488483069434825,0.9741223940128193,0.004839609231416019,0.012947545167801076,0.004839844013604275,3.0694348251980585e-07
2697,0.9770181234506654,0.9895483134528907,0.003020534732880858,0.011376608101780221,0.003020835286870014,1.2345066535690563e-07
2698,0.7012721530190047,0.8436760125040418,0.02088124161464845,0.057616297330980164,0.020887842682599512,1.530190046894475e-07
2699,0.9331954966845476,0.9663032511217938,0.0058436130270410076,0.0157242043906348,0.005843974119247507,4.966845476017667e-07
2700,0.5483687161390394,0.7621762568307138,0.029016644022851572,0.08571595828996147,0.029022698630855954,-2.838609606259368e-07
2701,0.8241503633780257,0.923419743453591,0.014830739858203141,0.04061937343313806,0.014835083624094577,3.6337802566954736e-07
2702,0.9605563715230563,0.9808100774451972,0.005372705788671881,0.01381182981632129,0.005373370480511027,3.7152305631948934e-07
2703,0.8397723807460635,0.9287179544823417,0.01425764291064454,0.046776173826678674,0.014260411883340752,3.8074606356630625e-07
2704,0.5171323333176487,0.753512052562761,0.018822980283593766,0.05267845675209508,0.01882527808009347,3.333176487041456e-07
2705,0.8466239202267616,0.9266306957938788,0.008938189957128893,0.025220039730028298,0.008939664250798476,-7.977323845942408e-08
2706,0.7903111279916093,0.9068195654618937,0.010515901562939457,0.025384332223811135,0.01051665948649449,1.2799160931109554e-07
2707,0.6552484418589754,0.8478887611424398,0.011601777660156264,0.04002996910064526,0.011602954467767542,4.418589752974711e-07
2708,0.6991081790136098,0.8785384273592539,0.019350278887304655,0.05407730526192611,0.01935783754987589,1.7901360982452985e-07
2709,0.7732449264041845,0.8920725091337132,0.01584407171308595,0.04956094475673677,0.015849513136236854,-7.359581544186256e-08
2710,0.6621044535076961,0.8407744004045985,0.019222366413378943,0.052012285017903344,0.01922743847321062,4.535076960632267e-07
2711,0.7907390176957252,0.9062325535069007,0.017599858408496146,0.05523457261930489,0.017606441009586027,1.7695725218480618e-08
2712,0.79398678287419,0.8935005956767123,0.01988993301855468,0.061035859775673794,0.019898975194468847,-2.1712580999810882e-07
2713,0.5474314396324179,0.7476527818808354,0.02222047227626953,0.07267136784309476,0.02222936733760324,4.396324179145594e-07
2714,0.8475176591377301,0.921792265808745,0.008121624721484368,0.024867177770912036,0.00812287784516013,-3.408622698541919e-07
2715,0.8279631132828955,0.9143925786579831,0.01655162429560547,0.04472608950982476,0.01655664112011995,1.1328289550860404e-07
2716,0.7934627737139432,0.8935327230385783,0.010256572403906258,0.04322792415744311,0.010257911975399004,-2.2628605678143288e-07
2717,0.8934884329419791,0.9486216314312776,0.011165421564160161,0.03566218183838206,0.011167609477538561,4.329419791559985e-07
2718,0.6157951206675998,0.8608399932912625,0.018025738687910114,0.05047907555236477,0.018027362207633322,1.206675998011164e-07
2719,0.852957875776268,0.9385230028643913,0.016901243252539052,0.047721272325869896,0.016908651264067404,-1.2422373196763203e-07
2720,-0.09572366389063647,0.4677782942573911,0.01749704465234374,0.06482685807232452,0.01749979363892714,3.361093635356749e-07
2721,0.6991144650672163,0.838561137276833,0.013635743506152367,0.04359112725081163,0.01363897218229494,4.6506721629313574e-07
2722,0.5132975408188151,0.7744313476732285,0.021035501610644537,0.06830084520359792,0.021042234267086846,-4.591811849641303e-07
2723,0.5687218267573004,0.7707227347350452,0.02975979025546873,0.08793159503523142,0.029772447502415526,-1.7324269951934923e-07
2724,0.5805872560229068,0.7713724570845276,0.01808400310078125,0.06902743697793637,0.01808648951741522,2.560229068748754e-07
2725,0.15949282440626733,0.5500657247928522,0.027370663086630845,0.07945012027758473,0.027373000270585805,-1.7559373266529121e-07
2726,0.5534790478076482,0.8305453290632331,0.015501215260937477,0.047498002131153474,0.01550416477634536,4.7807648173581185e-08
2727,0.7835765597151247,0.8860185596838381,0.007851427712812485,0.03047141094949896,0.007851820177642617,-4.4028487522496107e-07
2728,0.0700668870216623,0.6753827761712099,0.02851439543789062,0.07037122164758156,0.028519556425231955,-1.1297833769907673e-07
2729,0.9057037283729911,0.9523696114083691,0.006761240584697257,0.0207817308207772,0.0067617264762762875,-2.7162700888538893e-07
2730,0.5173463261063309,0.7390781161634772,0.015427483405683598,0.06043021652009291,0.015428422841270413,3.261063309389911e-07
2731,0.14622413042999194,0.5762871885611716,0.022622776492871047,0.07761479818230342,0.0226266472741482,1.3042999194579075e-07
2732,0.54789544652573,0.7524432330305126,0.012138862146582044,0.048651036978252786,0.012140764587395818,4.4652572994685613e-07
2733,-1.2645655244044476,0.34378901698819947,0.022960262225400367,0.0810422878894834,0.02296081492642726,-5.244044476437892e-07
2734,0.8095291585501545,0.9029999447794853,0.017433249436523426,0.048814474518048705,0.01743602451233835,1.5855015444987686e-07
2735,0.7383598780745912,0.871259575499571,0.012238462061523422,0.03910465259602856,0.012241626764426234,-1.2192540876920788e-07
2736,0.728145969053456,0.8566921619733285,0.012795220684482411,0.03876493490021563,0.012796046817226764,-3.094654399404817e-08
2737,0.8891985545484624,0.9442114545115552,0.008188425507421881,0.01934648613920123,0.008189308560563966,-4.4545153754516065e-07
2738,0.8235531156939986,0.9082888366880786,0.014936681738574221,0.042496192551420495,0.014939135842706076,1.15693998603561e-07
2739,0.5112247206104588,0.7513873403619695,0.023001063829882765,0.07660804607010156,0.02301091748903389,-2.7938954128003957e-07
2740,0.5571858708611588,0.8136703197370768,0.020155736687207066,0.06189398453232127,0.020161109719720696,-1.2913884117615737e-07
2741,0.8356079888915192,0.9151394159859821,0.014951700648535144,0.04544955108636145,0.014957119840401543,-1.1108480801880205e-08
2742,0.704920526234933,0.8717017113512084,0.02638082271259765,0.07689627053453156,0.02639317547092354,-4.737650670660898e-07
2743,0.9008498390925666,0.9515764032800951,0.011801305327929707,0.036419220163355116,0.011805200199923867,-1.6090743348851078e-07
2744,0.8286480413424562,0.95959956575838,0.012202755685058617,0.03416311138732463,0.012205071566875753,4.134245612519294e-08
2745,0.7034651811779974,0.8591030118296836,0.018633786321972653,0.05524250934929407,0.018641818727467764,1.8117799738259777e-07
2746,0.9126210446718128,0.9702660945685345,0.009533274384179703,0.03508290786385007,0.009535245736163607,4.4671812804431e-08
2747,0.9120454257817147,0.95950330948805,0.0070877966291992296,0.01755524159405462,0.007089519650458133,4.257817146635645e-07
2748,0.92570395791789,0.9621763399521132,0.006499111851367199,0.01851961516195536,0.006499928298910919,-4.2082110018881735e-08
2749,0.9041043719273095,0.969441320710051,0.007514323660058592,0.02684669784745053,0.00751535789355047,3.7192730950597053e-07
2750,0.7925152712599454,0.8909268229286997,0.012778815848730458,0.040205674564594694,0.012782744631684379,2.7125994539467513e-07
2751,0.689897757707804,0.8413383545482237,0.027364677327246047,0.07641043873290225,0.027376519982716858,-2.4229219597327045e-07
2752,0.7619500819903052,0.8736510312367283,0.016820382767480435,0.058077871202798184,0.016823356070232876,8.199030521183204e-08
2753,0.9009175227372476,0.952646937348139,0.009937965716210934,0.02674656318299505,0.009939560228414425,-4.772627524296524e-07
2754,0.7204246617358705,0.8503769883846064,0.012951534495996082,0.04303018417447969,0.012954320577836461,-3.3826412948467777e-07
2755,0.1783499079449684,0.7937243445539106,0.022015386030566426,0.05878533995870893,0.02201903784395477,-9.205503159748218e-08
2756,0.642495549294757,0.8052962989140862,0.01088255586371094,0.04058208413269736,0.010883039151292578,-4.5070524290480307e-07
2757,0.8889589959731414,0.9436689113885959,0.007858026071523432,0.023762950969640647,0.007858804340155326,-4.026858624328611e-09
2758,0.6796636398583864,0.8295455011682693,0.013294308772558609,0.05442088997484216,0.013296302478655988,-3.6014161364228414e-07
2759,0.6800638152318511,0.8255148603228124,0.02280201608955079,0.0684508878689188,0.022810259297552156,-1.8476814889201165e-07
2760,0.7344018299117518,0.8585938341671683,0.017585262272070353,0.05546733970447209,0.017588152019517682,-1.7008824815256673e-07
2761,0.7012990917932146,0.8387739050740186,0.023474658786816444,0.066689288918697,0.02348465777205668,9.179321458496759e-08
2762,0.8047505900288201,0.9043315923565001,0.015181313355078123,0.05604189771513325,0.015187069334847496,-4.099711798932759e-07
2763,0.349612022054235,0.6127231564729598,0.015776827268652326,0.06101252971267431,0.015778768184947098,2.2054235049306925e-08
2764,0.8988960857592012,0.9497036303146187,0.01020582472705077,0.030806760721435036,0.010207256654091942,8.575920118492064e-08
2765,0.9211886164484997,0.9626498269653381,0.00738356791923828,0.018943750826520372,0.00738550359695426,-3.8355150033808627e-07
2766,0.36541094160915244,0.6640824513305102,0.027302979230957054,0.07928343099008184,0.027310962339955062,-5.8390847545997104e-08
2767,0.8793633128440312,0.9400530564130398,0.008318897746093724,0.024810147421631002,0.008319830032967898,3.128440312361036e-07
2768,0.6985157799171045,0.8575438439219758,0.011993921342646489,0.039068023093945414,0.011994612074212974,-2.2008289557451377e-07
2769,0.8579648526705975,0.9357229159544274,0.010493229097265631,0.029879279328057087,0.010496326601032372,-1.4732940245565374e-07
2770,0.8970353253442759,0.9502796397889428,0.007098172419589837,0.02374514428931707,0.007098811574151729,3.2534427585328984e-07
2771,0.9344470207686862,0.9670188859743907,0.0057368625436523425,0.02420422905297245,0.005737666573770891,2.0768686215255627e-08
2772,0.8166534605364205,0.9066485584513031,0.011421805171191396,0.03897412907496451,0.011425477662476445,4.60536420554547e-07
2773,0.8446518775516381,0.9192428904045241,0.011335068764843753,0.033098026753601656,0.011338822210938833,-1.2244836189445607e-07
2774,0.5220938634362864,0.7678091111918675,0.02243095772471681,0.07112297130800499,0.022432838186091788,-1.3656371355974528e-07
2775,0.8880631466630551,0.9494563081170267,0.01052945587714844,0.03162998052479082,0.010530875774084637,1.466630550339687e-07
2776,0.5196808059361299,0.7627750066886102,0.023838657622363264,0.07266318811944854,0.023846488184304997,-1.9406387008480408e-07
2777,0.6758474727072953,0.8236071231339157,0.02085530977148434,0.0650196767431464,0.02086286604495257,4.727072953070177e-07
2778,0.6766452595400445,0.8360447416651173,0.011687883819531253,0.03932138228839033,0.011689865134772945,2.595400444560525e-07
2779,0.41491214536724785,0.6840467002649158,0.011693401914316394,0.05249776702487546,0.011693835813041792,1.4536724785019217e-07
2780,0.09423423093296779,0.6497378965974022,0.025256798009375015,0.07794165610936948,0.025261717948722475,2.3093296779019834e-07
2781,0.719218259520362,0.8721596059439043,0.015062682630761742,0.04360936859558318,0.01506670800766016,2.5952036197818273e-07
2782,0.9125190328945895,0.9569446869922391,0.0062748462060546895,0.01749596046095374,0.006275768778581868,3.289458949673474e-08
2783,0.8843135615704395,0.9419990710125374,0.009468658173046875,0.02203832502625387,0.009470633181731783,-4.384295605452948e-07
2784,0.7955130743827914,0.9193349120331984,0.008871117392285176,0.031220776125898624,0.008873587028686607,7.438279137073067e-08
2785,0.7091858889830602,0.8480124699312537,0.020156573719335918,0.06387917851667088,0.0201629348026592,-1.1101693975223981e-07
2786,0.6968683318602114,0.8539524572855034,0.016785979483789015,0.06110285334409522,0.016789139722026947,3.318602113111524e-07
2787,0.8639776906677363,0.9336583120555014,0.008342665281152347,0.023975437252123533,0.008344048741956265,-3.093322636926743e-07
2788,0.5065514303548583,0.7352840106360506,0.018484726342089842,0.06695717274268256,0.01848936075953017,4.3035485830511533e-07
2789,0.7335254283771776,0.8732657869306856,0.023108516955468728,0.06874142726123014,0.023118583198103962,4.2837717761923244e-07
2790,0.8889362798932843,0.9468362832572967,0.00638572270183594,0.01924260824422252,0.006386351955033376,2.7989328432731497e-07
2791,0.32061147999619455,0.6509514301429157,0.02650365259814454,0.0680636418283536,0.026508404033405337,-5.200038054598011e-07
2792,0.8911716785500202,0.9497719969623342,0.008700912611279294,0.026738557142077467,0.008701622899608899,-3.214499797454806e-07
2793,0.6486337368788033,0.8475418954014874,0.019671961645117184,0.05489781169058698,0.019677065592582154,-2.631211967196734e-07
2794,0.48496646481829264,0.7306785351704949,0.01405107951479493,0.0527731150566673,0.014051807630425529,-5.351817073395715e-07
2795,0.5595149503781818,0.76172247568429,0.02835656908984375,0.0795396971857681,0.028367174186280462,-4.9621818209999446e-08
2796,0.8029577001577715,0.904361409532798,0.012377444081054711,0.0317780224252286,0.012379449896086584,-2.998422284905544e-07
2797,0.9117137010621381,0.9570971201401626,0.0055180797976562375,0.017068501083329402,0.005518870850528468,-2.9893786190893223e-07
2798,0.6805935995722255,0.8288474083771898,0.011722683862041023,0.042021359773823944,0.011723250591758732,-4.0042777449400546e-07
2799,0.708761016797106,0.8516716647051832,0.012496837614160155,0.048797969815534734,0.0124982531425644,1.6797106039412313e-08
2800,0.8037051078685149,0.9049405802019946,0.009111558543046863,0.026340992814022544,0.00911223231189195,1.0786851489807958e-07
2801,0.32296053930552193,0.6871301410659648,0.021583622252636752,0.06128839458727417,0.02158771861291197,-4.6069447806607045e-07
2802,0.7594815872575189,0.8715057884333709,0.01708788190546874,0.05252933437409285,0.01709809661957463,-4.12742481081807e-07
2803,0.7002129146767025,0.8441984367975949,0.010013491844736332,0.03263107747102445,0.010013764851609683,-8.532329742738654e-08
2804,0.19972851486470555,0.5982330226454969,0.023767726903808614,0.07893473564053423,0.023773563418231468,-4.851352944368337e-07
2805,0.8823728930612973,0.9440287597296851,0.009105889338964838,0.024148968003152024,0.00910690114391332,-1.069387026708668e-07
2806,0.5489658086765022,0.7739614940938363,0.017550229004101563,0.05287156648835479,0.017554322071650856,-1.913234977113376e-07
2807,0.8517530108686996,0.9249101198657222,0.011526517058105479,0.03587090605521664,0.011528280822818654,1.086869960698067e-08
2808,0.4790841551119217,0.7097743504721407,0.024277639770312522,0.07263937527561329,0.024285131949656667,1.5511192169581633e-07
2809,0.48170862835828676,0.781397206096764,0.022471516439062488,0.0606502894547697,0.022476509013398233,-3.7164171323711415e-07
2810,0.32965160613905076,0.5931816074967354,0.018663699307812486,0.07336671660038754,0.018665408950639683,-3.938609492437628e-07
2811,0.21376652383936268,0.6397621896530252,0.0163266174442383,0.05692129801180574,0.0163288766520937,-4.7616063733602054e-07
2812,0.8950593694936205,0.9567065121786463,0.009449201360253913,0.02409017641053569,0.00945173941409978,3.694936204778898e-07
2813,0.573192185776149,0.8150225806934924,0.020858981995605517,0.06228872906635993,0.02086473635635829,1.8577614901982287e-07
2814,0.9421387648476559,0.9737876794213621,0.007074342096660152,0.018059143233673528,0.007074928532746029,-2.351523440413672e-07
2815,0.9159364153219837,0.9604183279443997,0.011250012843554705,0.030475715698646374,0.011251845362972716,4.153219836933175e-07
2816,0.6942249009407031,0.8438358018583632,0.01800354389433592,0.05051073918636062,0.018008250087575856,-9.905929687636927e-08
2817,0.6056819428297793,0.783700329975647,0.024021957713574186,0.07133363886266612,0.02403093815927259,-5.71702207796676e-08
2818,0.7449742375876558,0.8786460998189541,0.013445222770468756,0.03539105643386973,0.013446291196766163,2.3758765577142071e-07
2819,0.26134468081679973,0.5635068080599727,0.013081526352539065,0.05803549839806163,0.013083723859472447,-3.1918320025914326e-07
2820,0.7366691740569506,0.8973672881834673,0.011621033048437488,0.03272638335227234,0.011622675733500945,1.7405695063033022e-07
2821,0.8333867420056861,0.9210802174275544,0.009508839232324215,0.028908656073002553,0.009511341317158533,-2.579943139124907e-07
2822,0.8017384669401428,0.8999979641038562,0.014129915274609375,0.044221954733099735,0.014133728423094252,-5.330598571440248e-07
2823,0.8544442937635108,0.927812683010556,0.012425624958398409,0.0353704176931854,0.012429210558189893,2.937635108501979e-07
2824,0.8030916394837803,0.9280321376904486,0.01622129652089842,0.04199626612878422,0.016223634010730143,-3.6051621976618264e-07
2825,0.6342318876407143,0.7993004061823811,0.019071299218359386,0.062135584302546676,0.01907867140968667,-1.1235928576436294e-07
2826,0.7961750367249878,0.895621970849063,0.014719038606347665,0.04771759595925853,0.014723917866839306,3.672498782858469e-08
2827,0.8360570441547462,0.92175807127796,0.01329591969882812,0.03670132952495702,0.013299602219036748,4.415474619268167e-08
2828,0.9319943845899159,0.9654498312999568,0.0068563459655273445,0.017716966269395843,0.006857012149217165,3.845899159138355e-07
2829,0.5969386634775742,0.803666836057948,0.01772684282148439,0.06160562233075591,0.017732487902264116,-3.3652242581450054e-07
2830,0.8781078960896713,0.937796474238057,0.0077135621928222575,0.02293161948359709,0.00771401440516324,-1.0391032867484995e-07
2831,0.9390960206653673,0.9707568728904222,0.009598503359082019,0.023363483489172488,0.009600651162996557,2.0665367306271776e-08
2832,0.7697026363385755,0.8967369662641613,0.021448608833496065,0.06868603804726421,0.021456618069771352,-3.6366142452948225e-07
2833,0.6520935517919396,0.8183909294752434,0.024722484773828123,0.06969226182158096,0.02473137527538683,-4.4820806033296634e-07
2834,0.7566940431953444,0.9519454311702115,0.012840647732812497,0.04526721116203735,0.012842642371116932,4.3195344412438885e-08
2835,0.8954119250815676,0.9477914410249141,0.007959374626953118,0.026778569841295626,0.007960073078789372,-7.491843234674889e-08
2836,0.9004193364391606,0.9494984419190554,0.012949689908496098,0.03267490025818416,0.01295168781513576,3.364391606419659e-07
2837,-0.9943961638802532,0.5670743036918909,0.03608683990604493,0.09458029934001508,0.03608928812828583,-1.6388025325664302e-07
2838,0.6363185170620785,0.8014700832491022,0.022539822250781244,0.06624114081867558,0.022544962017404527,-4.829379214310592e-07
2839,0.7333897568908194,0.8612948444435351,0.012333586105957037,0.03589433683138144,0.0123351762705356,-2.4310918056436037e-07
2840,0.9101592047957016,0.9604359058391491,0.00983617071298827,0.03586831174219256,0.009837993796537704,2.0479570150833126e-07
2841,0.8601597703136468,0.929153138258268,0.010396989738378916,0.026826296256741967,0.010398910890370813,-2.296863532702531e-07
2842,0.7308464272281927,0.8647685215546768,0.011417960931347667,0.04372466658212489,0.01141927165476096,4.2722819271201473e-07
2843,0.9116245879623422,0.9548618583947958,0.008215660975390622,0.026075736292929908,0.008216718484314661,-4.1203765777098056e-07
2844,0.856595674928484,0.9269776036757659,0.015224714919726575,0.04404237168495724,0.015231951630608642,-3.2507151603855533e-07
2845,0.4528989075247706,0.6794546269627455,0.018273307534765606,0.05854979460247964,0.018277647306231406,-9.247522941846498e-08
2846,0.8949313888505579,0.966991466032579,0.011550504560937484,0.027512983869625626,0.011552086266813092,3.888505578641954e-07
2847,0.5635775771331809,0.7594157146930076,0.026769210561621105,0.08112614347818582,0.02677856003610568,-4.2286681911640756e-07
2848,0.74804299871899,0.8710288979252195,0.010608549632089861,0.03573260015129857,0.010609356205424757,-1.281009964770874e-09
2849,0.7255971244808146,0.8565625294061151,0.011348119397158228,0.040907110211100335,0.011349000451046014,1.2448081454508042e-07
2850,0.40185540262869435,0.8271610052008948,0.02009854898632812,0.05490466856834262,0.020102083390915744,4.026286943292767e-07
2851,0.9447998703693824,0.9727786730678116,0.005799372466230465,0.015459588591920731,0.005799858136839077,-1.2963061757353955e-07
2852,0.7309936437600251,0.8877093230943162,0.019800696170214852,0.0558155953908291,0.019804003044623642,-3.5623997496347926e-07
2853,0.6519935129867194,0.8216561620257453,0.013566356373476569,0.05358655526860696,0.013567647072154484,-4.870132805923078e-07
2854,0.6908404986801066,0.9000082088111532,0.01251185393916016,0.03193549216037866,0.012513286330041043,4.986801065420821e-07
2855,0.3396647491178142,0.6762004707338101,0.017965358864453104,0.06443183344303569,0.017969554234249726,-2.508821858038246e-07
2856,0.5990549829763677,0.7781926633996966,0.015305650412861308,0.05653667610551725,0.015306465763496055,-1.702363228162085e-08
2857,0.897036171975257,0.9525332663782585,0.007085127067226562,0.02105634432952823,0.007085614471695424,1.719752570350508e-07
2858,0.738093885589686,0.8704809417840494,0.0125282194143555,0.04714465122097302,0.012531305821094619,-1.144103140005015e-07
2859,0.44578938212356944,0.7137141783903972,0.019365517756152358,0.05721477681959926,0.01936823654717896,3.8212356945344084e-07
2860,0.6450304976886208,0.8881706975586707,0.018064719148144528,0.048461292472474375,0.018067002627573124,4.976886207597175e-07
2861,0.7075061545776302,0.8657018012170664,0.013971977241406275,0.04155266360690457,0.013976148962543495,1.545776302513957e-07
2862,0.5530194265184559,0.7561118333478989,0.03157588108750004,0.08627677194506425,0.03159031375730537,4.265184558871482e-07
2863,0.5641214789152931,0.7722572330336606,0.014415169354785169,0.05424895551603458,0.014415778554198403,4.789152930895213e-07
2864,0.8962450553650841,0.9492695629131991,0.008709422688964833,0.022539635183312545,0.008710441118966726,5.5365084183911506e-08
2865,0.7606307176180889,0.8783566540406839,0.023779101838183565,0.06565454133145507,0.023790577737231595,-2.8238191107643473e-07
2866,0.5785409850721726,0.8759208452276896,0.012643639440820318,0.050793538414801456,0.012645821228150557,-1.4927827418631523e-08
2867,0.8215907727489773,0.9086942134818682,0.016255147604882808,0.04891175083350032,0.01625874193471756,-2.2725102266640818e-07
2868,0.6068406125648709,0.7951614372703757,0.02487380196767579,0.07558938020354951,0.024886679385807877,-3.87435129090008e-07
2869,0.2873379291622383,0.6175307239161891,0.010785145883300795,0.05655285569195916,0.010786580829699176,-7.08377616565059e-08
2870,0.8109592022719672,0.9142924889528,0.010780923637988313,0.029119213787297493,0.010783403672021906,2.022719671757045e-07
2871,0.9012569744679255,0.9528408209835585,0.0074605024068359355,0.019634887395667468,0.0074610630990128695,-2.5532074454659437e-08
2872,0.8443550325145296,0.9525395928905528,0.009516458574218751,0.02920500127639161,0.009518260661750709,3.251452962427237e-08
2873,0.03640056064591879,0.7498762397190217,0.02805146225166015,0.06769298213178646,0.028056000685721474,-4.3935408121364983e-07
2874,0.1630113079748634,0.5051129094324968,0.031080536476171892,0.08929272902304967,0.031088017925820208,3.0797486341715974e-07
2875,0.6803171818007976,0.8455924811217037,0.01695834417617186,0.049218567330144,0.01696327870913195,1.818007976384095e-07
2876,0.8911520048216521,0.9449646093997597,0.009813032363867191,0.026090081044592203,0.009814075431283438,4.821652077602323e-09
2877,0.41471913905370816,0.6683930867522458,0.026497297947656245,0.07199623189778864,0.0265055901658779,1.3905370815914253e-07
2878,0.633778044533701,0.830542454187802,0.02164521425996096,0.06642056949063084,0.021648607129253847,4.453370106016763e-08
2879,0.7309007314056151,0.8581297616311664,0.00950132397578126,0.03428501530619744,0.009503317134993933,-2.685943849556338e-07
2880,0.6748998589867437,0.8431726619038657,0.02000293552935548,0.06027899531890886,0.02000483767374191,-1.4101325640503148e-07
2881,0.4034099384169906,0.6866235577859947,0.024723318931835943,0.07753106764316978,0.024730732790050086,-6.158300941416783e-08
2882,0.9263780422381862,0.9635212494830964,0.00653839351470704,0.01711208948780961,0.006538811384183521,4.223818617088426e-08
2883,0.9278740419858127,0.9638084839416787,0.005068776846933587,0.015652617492017167,0.0050690045918353735,4.1985812715417126e-08
2884,0.8417248480559912,0.9187687565466175,0.018376946332324243,0.05143289399596587,0.018380914536496967,-1.519440087083268e-07
2885,0.5145257421502432,0.7296209945598785,0.01476659789602537,0.05574009711915802,0.014767174015168808,-2.578497568794802e-07
2886,0.7596911839807273,0.8747425656491529,0.011109304532919945,0.038013665238868385,0.011109943976633264,1.8398072731962145e-07
2887,0.9094369184434661,0.9548472064631993,0.006998932363671875,0.017880957526417305,0.007000400533174295,-8.155653397068363e-08
2888,0.14752838255183087,0.6148303840095166,0.015065220021738303,0.06018164526575404,0.015065603584774082,3.8255183087976263e-07
2889,0.748470164375187,0.8675845344731659,0.023147960263574234,0.06538235249998445,0.02315882991365952,1.6437518701728493e-07
2890,0.5006199036952514,0.7558896310390081,0.026769803738085948,0.08249928235735968,0.026778688355241238,-9.630474850919057e-08
2891,0.7426756355505366,0.8650357617175429,0.01181738344614256,0.04133604427368927,0.011818533427973519,-3.6444946338587414e-07
2892,0.8877170294900325,0.942198854510499,0.007259222990527336,0.020183170653407263,0.007260713315103466,2.9490032527057508e-08
2893,0.8547813088596332,0.9302738793318128,0.009773972022080055,0.024856815755298346,0.0097745624245154,3.088596332023741e-07
2894,0.5430481714184168,0.7435913929237391,0.026866619702734466,0.07950021051834401,0.026876763323797057,1.7141841679446657e-07
2895,0.4809713695723624,0.7047847635720622,0.01594416655117186,0.05990060822195495,0.01594680167084588,3.695723624352887e-07
2896,0.8820669536796897,0.9403130732501884,0.008472533849492191,0.024218190717592226,0.008472962485056352,-4.6320310365111084e-08
2897,0.6624266562962531,0.8156929460489942,0.012770268538134755,0.05353480689438449,0.012771421109975388,-3.437037469078419e-07
2898,0.6898311190205011,0.8315205699877968,0.020508239706542995,0.05584933356781088,0.020511836738127186,1.1902050112144735e-07
2899,0.63352627857466,0.8226940937440962,0.032702931370410214,0.08334261435000036,0.032717424355105204,2.785746600064698e-07
2900,0.7863125934217958,0.8931287606026859,0.011960518426757815,0.034572782599469665,0.011961734023623884,-4.0657820421508006e-07
2901,0.9583903883745118,0.9790410002456535,0.004754193229892579,0.012272225342162177,0.0047543474280230605,3.8837451188378225e-07
2902,-0.4179117409422002,0.48694620550295226,0.02552534989248049,0.08352948599345478,0.025531170777296528,2.590577998229371e-07
2903,0.9037832792160643,0.9526796000542012,0.0066460198059570255,0.018293206558608423,0.00664706184324218,2.792160642695052e-07
2904,0.7837267993861158,0.8959998006325623,0.013044520260351583,0.05335645640601432,0.013046681535779424,-2.006138841714744e-07
2905,0.9424088249561947,0.9716272278138519,0.0073978345946582,0.019694628775554873,0.0073983780069285,-1.7504380533939212e-07
2906,0.7537442475678205,0.8865340418111346,0.027878596513671867,0.0794862963198381,0.02788648078309017,2.4756782057711035e-07
2907,0.5399218775016896,0.7408830138130691,0.011843655782636707,0.05407828504994743,0.011844058320487934,-1.2249831038424475e-07
2908,0.7847339317032898,0.9011333560185226,0.010285553831835936,0.030930794151026595,0.010288637651372364,-6.829671028718565e-08
2909,0.9481856896154541,0.9764128153258987,0.004663947522187497,0.012622244615542726,0.004664087403485787,-3.103845458429788e-07
2910,0.9267879968694314,0.9632855035595287,0.009542576203124981,0.02687024143810347,0.00954405365508057,-3.130568582143667e-09
2911,0.7132065703385297,0.8482391736821062,0.01668939890048828,0.05838620955236553,0.016695129166333013,-4.2966147029144253e-07
2912,0.5529301597784497,0.7458242853646438,0.016259686910058597,0.05860445841240894,0.016263387326708734,1.597784496931709e-07
2913,0.7594567326032897,0.8739330798108845,0.008468078963740248,0.031828657990596164,0.008468749601565259,-2.6739671032949275e-07
2914,0.9226315780619799,0.9606015053360212,0.006518986618398438,0.015731598175910442,0.00651925600989856,-4.2193802007872705e-07
2915,0.7474610527266513,0.8875978360965295,0.018517650699121074,0.055315291074387644,0.018524419284815175,5.272665126732079e-08
2916,0.17628670132055135,0.7936980658575081,0.028387823037402383,0.07689278716022205,0.02839523242120181,-2.986794486459221e-07
2917,0.5280937918066259,0.7365762012140468,0.016055781141601527,0.05371918934355056,0.016057609271513392,-2.081933740960551e-07
2918,0.8451413409431237,0.9204304150243929,0.01169248162460936,0.032251165184577206,0.011695871175795139,3.4094312362231705e-07
2919,0.43825793988344064,0.7144188775410222,0.031370334485449236,0.09412167074555844,0.031382886899572936,-6.011655934168303e-08
2920,0.0638355046679967,0.6458854328215764,0.018218664683974598,0.06477074582442077,0.01821975513212871,5.046679966980161e-07
2921,0.4595259273847093,0.8793648597032124,0.021284824073242187,0.05161500931012321,0.021288661407682576,-7.261529066937555e-08
2922,0.26972715522722746,0.556972130654586,0.01312526242158205,0.062200038389004404,0.013125772771316057,1.5522722746075246e-07
2923,0.9217614185808298,0.9606328693456649,0.005836488379687495,0.016439097444473107,0.005837298181643206,4.1858082977519473e-07
2924,0.8747688843600235,0.9403034080588357,0.010238194368945326,0.029966526909523485,0.010240770980718619,-1.1563997648345037e-07
2925,0.6355554608820229,0.8639025761034347,0.016983743422460916,0.04856688556860153,0.016985827569915082,-5.391179771496724e-07
2926,0.9442361854141167,0.9739712552641054,0.005396370458251953,0.01531280612007613,0.0053966719205008696,1.8541411672678976e-07
2927,0.14951954933303868,0.46986609160878345,0.038369647695605434,0.10762771808783031,0.03838210611272288,5.493330386685535e-07
2928,0.8488491728070606,0.9265808340932862,0.010623052066923842,0.03282488816331736,0.01062382048807222,1.728070606610288e-07
2929,0.9005164621440249,0.9519548742531434,0.008618933735253902,0.026259469560385024,0.008620077171250512,-5.378559750912615e-07
2930,0.7326260448987927,0.9391815510333791,0.01580751984921878,0.046021346546872954,0.015809969630890035,4.48987926837674e-08
2931,-0.9669359631864218,0.5645551910282877,0.03739127977001957,0.0912804994437615,0.037397463414416916,3.6813578185856954e-08
2932,0.6660186654417628,0.8586646526927513,0.019895031728320318,0.0557767582634231,0.019901978587583632,-3.345582372249467e-07
2933,-0.010317644428048833,0.5810558307557464,0.023655096625585948,0.07486258296047248,0.023660642632897813,3.555719511674771e-07
2934,0.6759476272485587,0.8231253931994749,0.015694970686425794,0.05739534064461707,0.01570037752748739,-3.727514412688038e-07
2935,0.901037488424089,0.949352533827799,0.012037738653710921,0.037008719987149684,0.012041734858762181,-5.115759109663998e-07
2936,-0.14325306716354302,0.45232700499656914,0.024315908980957028,0.07750069423386048,0.024321862075316353,-6.71635430327111e-08
2937,0.5644340144399833,0.76813809342173,0.02495217030029298,0.0708170612200909,0.024959858460855952,1.443998332018026e-08
2938,0.8315771011853728,0.9245116098038418,0.011924461708984393,0.03746997845998192,0.011927079521647786,1.0118537274728112e-07
2939,0.7030437797354359,0.864317530648578,0.018934976337304676,0.055429220145664336,0.018941161624774383,-2.2026456414359075e-07
2940,0.514141446267931,0.7916828409121398,0.016375936190722692,0.06545657523809796,0.016378950972506075,4.4626793105351226e-07
2941,0.256915298794116,0.7694809933209498,0.025492883099902292,0.07090104159515889,0.025497889386101823,2.987941160048635e-07
2942,0.8451636977235907,0.9197252975088827,0.012076497644335929,0.048597997950593864,0.012079067391033153,-3.0227640934743505e-07
2943,0.7451420699052622,0.8709779675806657,0.019247339747753917,0.05594400246330756,0.019253640803989183,6.990526224548432e-08
2944,0.7810179787734963,0.8872803833201304,0.011452842499960947,0.03453750466746178,0.011453827538521399,-2.1226503665872087e-08
2945,0.871602427430718,0.943768179722858,0.011899544038085947,0.033090222147439646,0.011903021136717384,4.274307180418546e-07
2946,0.6174493377669934,0.7904062909519326,0.02115899928691406,0.06634805280495243,0.021165435924565427,3.377669933746219e-07
2947,0.790935067161576,0.8948710883408502,0.017163923258789078,0.05415918958091747,0.01717018335997855,6.716157596731165e-08
2948,0.8574376155217395,0.9290644735614758,0.0073284682605273465,0.022037945683838357,0.007328723150587035,-3.8447826056220435e-07
2949,0.7291273556803698,0.8543642756863337,0.012345793077539025,0.03854813144561776,0.012349504757007307,3.556803698234745e-07
2950,0.3409721224477552,0.6140358461607609,0.036123757902148446,0.1060699459312408,0.03613042450381272,1.2244775521308426e-07
2951,0.7710459589464603,0.887715944227916,0.011093531917988297,0.035175816796141686,0.01109450485946755,-4.1053539678870266e-08
2952,0.9205320833908113,0.9610190119514804,0.006385045330419923,0.017631448041129504,0.006385328741128939,8.339081125630088e-08
2953,-0.16006428801674888,0.2732261875447463,0.01886134906328124,0.07171501110634554,0.01886400846969448,-2.8801674886724804e-07
2954,0.8787884459615704,0.9382609942150146,0.013004107973242184,0.036128768434086106,0.013007563258120355,4.4596157033893746e-07
2955,0.4784157830877921,0.6968134408273603,0.017194175868867193,0.058512849024715326,0.017195551642309126,-2.169122079176411e-07
2956,0.6607255621734467,0.8180036165371525,0.023336920353613292,0.06064217696796109,0.0233420341871523,-4.378265533455661e-07
2957,-0.8042340113480184,0.5337445015679855,0.026415838058691406,0.08418748145656227,0.026419048641503278,-1.1348018413848138e-08
2958,0.8897503779963537,0.9521228013912556,0.00715182383115234,0.026002864941508483,0.007152955868677551,3.7799635366209117e-07
2959,0.5148569394737396,0.7613243852379327,0.013570275357128899,0.052193332832645094,0.013572907646119063,-6.05262604480572e-08
2960,0.9115197944585343,0.9555007243197957,0.0065866203481445345,0.017095862289955577,0.006587745297223694,-2.055414657364807e-07
2961,0.5500172061788162,0.7459393155587895,0.02479952810683597,0.07839503842911197,0.02480855982925916,2.0617881624218626e-07
2962,0.38626909561696354,0.6625089050787786,0.012993659878359362,0.059949741358775614,0.012994384949446278,9.561696356907845e-08
2963,0.4167939583485959,0.7555146435643528,0.020633991469726505,0.053437428934515384,0.020637652673925234,-4.165140410350432e-08
2964,0.29319019370329436,0.5954138287297736,0.025790481467675753,0.0910606338753013,0.025796750792688374,1.9370329434886813e-07
2965,0.7015282421715568,0.8447106098230456,0.013432786456054686,0.04375763020903009,0.013434222796136269,2.4217155680794633e-07
2966,0.28746472500542175,0.6224144156023186,0.022401454953515584,0.07705824336572249,0.02240756247750453,-2.749945782754004e-07
2967,0.5683335772204838,0.7607698874414018,0.02652888606845705,0.07846665509495789,0.02653917820061585,-4.2277951617375464e-07
2968,0.6584262474288276,0.8146691932536537,0.01956883257822262,0.06209245451830881,0.01957531127022136,2.4742882764883234e-07
2969,-0.057946160350019094,0.5183833906650863,0.012196289497646512,0.06277810888424798,0.012196480573443521,-1.6035001909608937e-07
2970,0.6134706402769046,0.7878366977355351,0.010863989535986315,0.04858589265796921,0.010864724083141254,-3.5972309542220415e-07
2971,0.5813970444791355,0.8232734603946821,0.011838290874707032,0.043118458882968454,0.011840893446250228,4.4479135485886445e-08
2972,0.5115254002001459,0.7659573147162562,0.022902239696679684,0.06889539093266983,0.022906399954748826,4.002001459113558e-07
2973,0.42017371530602576,0.6595525084005833,0.02477254334658206,0.07981884857657356,0.024782154277394594,-2.846939742284782e-07
2974,0.7367399697408848,0.8766488941457387,0.016048855955078115,0.04344098639089336,0.016052389835727564,-3.0259115102460044e-08
2975,0.8663502802582382,0.9325726326076136,0.01538098613564453,0.0382736588518774,0.015386543296564257,2.802582382832597e-07
2976,0.6321553439318097,0.801828222515355,0.02816853993232425,0.07008174680457369,0.028178959141917512,3.439318096987165e-07
2977,0.7693046973258251,0.883259199834932,0.010640087246875011,0.029383982135477153,0.010641498365958279,-3.0267417494567184e-07
2978,0.6304547852325262,0.8194239761861971,0.01976656593066404,0.06559262669829523,0.019768610999402508,-2.1476747380511085e-07
2979,0.7887454982175792,0.8903134123564569,0.020121534541699224,0.060375584872647194,0.020131150066754824,-5.017824207254051e-07
2980,0.7281578298431326,0.8572488992869424,0.013889687207031263,0.04346368962040115,0.013892148998635723,-1.7015686737398283e-07
2981,0.7006070341180866,0.8554656771286488,0.01809235425224609,0.057998052527760836,0.018097588114543508,3.4118086578160955e-08
2982,0.9104438122183958,0.9611169715924445,0.008220577960937513,0.023658690382887666,0.008221454913113713,-1.877816042661351e-07
2983,0.6546611555516781,0.8675736708325743,0.02068558759580076,0.05279236505549971,0.020690759571862522,1.5555167809377934e-07
2984,0.8065162356027096,0.8992964766391217,0.013749722414355493,0.03987033143206956,0.013753860231572282,2.3560270956402007e-07
2985,0.5212784955546098,0.7529771578973123,0.022389156528222615,0.07593110523060834,0.022397927222793945,4.955546097917818e-07
2986,-0.07802220778844249,0.6369203227403213,0.02847194889599608,0.08049994972321063,0.028477358922125613,-2.0778844249391693e-07
2987,0.7716776846381186,0.8911791267145049,0.012283073743749996,0.04020085796704499,0.012284914913431868,-3.1536188138669985e-07
2988,0.8677339167347093,0.931652075990772,0.013079293048242182,0.040388520539967235,0.013083728343181167,-8.326529066238209e-08
2989,0.6923945251403925,0.839183537920018,0.010989846030078123,0.04274606262098203,0.010993493799944822,5.251403925043974e-07
2990,0.5122037004405247,0.7642977190189166,0.017530097609472658,0.050210216040605264,0.017533526127445086,-2.9955947533633065e-07
2991,0.9592616215467045,0.9815311917924497,0.005970072333271478,0.016843851233522222,0.00597053102337731,-3.784532954798081e-07
2992,0.773853608464782,0.8836068840387832,0.010799183251464846,0.03539984312692364,0.010801951980791683,-3.915352180250409e-07
2993,0.8522598142084162,0.9253314874973505,0.008971740147460936,0.024613491858966337,0.008973272152420865,-1.8579158378440042e-07
2994,-0.19112017100768863,0.47990183461789054,0.02953647808642576,0.0947636332562615,0.02954142727399439,-1.7100768862077231e-07
2995,0.7708914157880716,0.8823160931645512,0.01913353933125002,0.059979877891001766,0.01914225201147895,4.157880716393336e-07
2996,0.5455232055202479,0.7439194298214561,0.018006095292089862,0.06115114006641432,0.01800931265579582,2.0552024793119017e-07
2997,0.6198041035481667,0.7915316865294144,0.024992995804980423,0.07650920838749212,0.025003819065617588,1.0354816670776756e-07
2998,0.5226178737935556,0.7310520475750023,0.03061316417197263,0.09472172756196778,0.030632902124051307,-1.2620644440630713e-07
2999,0.9067641781827072,0.9528196649466232,0.0065140324137695355,0.0186181559955451,0.006515109788157209,1.7818270714453632e-07
3000,0.9266896200057271,0.9639577472568349,0.007424266322333985,0.02025287824298696,0.007424791248541439,-3.7999427293655685e-07
3001,0.8292964003108741,0.9240048651366916,0.009819841169599608,0.03231146009601893,0.009820786169249102,4.0031087411573907e-07
3002,0.9453142664964812,0.9754277895216468,0.006797405607324221,0.02378888106285348,0.006798465344623828,2.6649648121601643e-07
3003,0.5082546073666712,0.7490240924139864,0.019835826658203114,0.06462502648812432,0.01984115287085088,-3.926333288495343e-07
3004,0.47040810897153995,0.7014852882419006,0.029897103331347624,0.07853359342486153,0.02991273907003858,1.0897153995825803e-07
3005,0.9480936536209206,0.9739953915635498,0.0070978168337890645,0.02427946688726064,0.007099065807221951,-3.4637907941892365e-07
3006,0.7308682173551473,0.8561295156230059,0.02105144419111328,0.06516658023207034,0.021056157424552965,2.173551473250157e-07
3007,0.19929882940137233,0.5679974007407271,0.01325140920527343,0.05581483854302259,0.013253952681205602,-1.7059862766899414e-07
3008,0.818838850202595,0.9115717309021757,0.015121339849414033,0.04234608238822748,0.0151258474790199,-1.4979740503573424e-07
3009,0.5860017732137333,0.8666394616353337,0.017140825009082063,0.04942981333572961,0.017144226315574447,-2.2678626676597702e-07
3010,0.8737332033208713,0.9358512607648443,0.007824773401074219,0.031735287078621846,0.007825818963356162,2.0332087136143429e-07
3011,0.6721017560129029,0.8394038450804971,0.016129372919433598,0.0522475627514942,0.01613337637806171,-2.439870970816216e-07
3012,0.8884230146155057,0.955514462955262,0.008305060441992184,0.03187356169320034,0.008306205190732262,1.4615505694592912e-08
3013,0.8476840263362992,0.9225290744794598,0.00730321498408203,0.02262915105092586,0.007304411759357036,2.633629925252734e-08
3014,0.7859205974292045,0.8989911720505285,0.014325824702246108,0.04583345327399085,0.014327368473333634,-4.0257079547689756e-07
3015,0.4735865591524786,0.6956879490631088,0.022069654446484406,0.06753547198842667,0.022075219247223034,5.591524785963919e-07
3016,0.7418420193202524,0.8686411559264136,0.01813036907011717,0.05083071041552235,0.018132849925046088,1.932025239792523e-08
3017,0.9098061519112725,0.959873748717797,0.008140773742060547,0.020511539836923498,0.00814133943757667,1.519112724501781e-07
3018,0.7316534792246532,0.8671173763208387,0.02024804066562498,0.059032910260710385,0.02025383782440704,4.792246531826194e-07
3019,0.6764587727183395,0.8484801015988606,0.02604349663828125,0.07698547035764859,0.02605549575948275,-2.2728166049201803e-07
3020,0.6943767593555097,0.8418181866624174,0.019980851550292965,0.05869587507025594,0.01998799347023381,-2.4064449033467383e-07
3021,0.4424793324938847,0.6991143995486124,0.024371084362207054,0.07696749098095439,0.024376130243105892,3.3249388470268926e-07
3022,0.6721551646449657,0.822077698895597,0.019863283138183557,0.061811348282179615,0.01986961801947457,1.6464496577217602e-07
3023,0.6738786311486298,0.828522854478973,0.0198440939732422,0.05749680948513654,0.019850978590382023,-3.6885137022490966e-07
3024,0.5027723492307692,0.8209760539005123,0.01692480266142577,0.055461706152078,0.016927899229555347,3.492307691921326e-07
3025,0.9128734377773862,0.9575798321853914,0.007143918280800778,0.018706911391245456,0.007144353156077075,4.3777738611971984e-07
3026,0.8032974682941459,0.902907653267735,0.018947416905468775,0.0504708719115793,0.018954238594697147,4.6829414590554563e-07
3027,0.7896587906041926,0.8969436926502089,0.013894525017968758,0.046634628637658104,0.0138967561213189,-2.093958073601243e-07
3028,0.7046486967198293,0.8622368475076178,0.016058825567285162,0.051792517698744996,0.016063274586746213,-3.0328017064373824e-07
3029,0.6804955062327268,0.8508864329447279,0.023265889062207015,0.0722925989802711,0.023275715717919813,-4.937672731797349e-07
3030,0.809532323475652,0.9012490583879001,0.015342194861523453,0.0453274492931198,0.015347069078385093,3.234756519310267e-07
3031,0.7797469216220594,0.8876399697775232,0.015861851680664053,0.053826574545927694,0.01586470573646663,-7.837794058218606e-08
3032,0.8910020113256675,0.9499815615407321,0.006784658968652338,0.020533351413227614,0.006786207144090879,1.1325667514938687e-08
3033,0.8801144669287977,0.9413461608106478,0.008253947478125,0.020862335136465453,0.00825538525913681,4.669287977376868e-07
3034,0.9538144944844416,0.9801303768343436,0.006863744121191415,0.017016867426553173,0.006864495061255742,-5.05515558413272e-07
3035,0.5251184898905209,0.7309633782265781,0.01715204122007809,0.06268244646046091,0.017153221400991354,4.898905209271831e-07
3036,0.8855211203979418,0.9442711197190485,0.007136136476562504,0.020980754672067708,0.007136576589169392,1.203979418384904e-07
3037,0.844127554265994,0.9197897135993043,0.009931864062304672,0.027983490772227067,0.009934514309575712,-4.457340060382009e-07
3038,0.7708112193790437,0.8836189879691648,0.017666913215527328,0.05029319983551121,0.017676443409891864,2.1937904370883388e-07
3039,0.5947833876263482,0.8147050114706345,0.02074578701249998,0.06613637670832717,0.02075364817482242,3.87626348241632e-07
3040,0.8121984104466867,0.902886903052123,0.013340192266796874,0.041290507170667005,0.013342004537957274,4.1044668674938833e-07
3041,0.6637845228513815,0.8206680023032193,0.017773257077441415,0.06179464426783468,0.017775724522207197,-4.771486185051188e-07
3042,0.8345584011316107,0.9142536540470145,0.01375678456416016,0.039872142709786694,0.013758528428745594,4.011316107055407e-07
3043,0.5003978154928046,0.7172955000012365,0.011158925334775388,0.04849350229823104,0.011159483923635945,-1.845071954109656e-07
3044,0.6543121967380313,0.8219888705186675,0.015099545204130864,0.05535157804264019,0.015100726989139134,1.9673803131059486e-07
3045,0.8374234610910106,0.9209922370880592,0.008014086758554686,0.02695300779614336,0.00801460467777715,4.6109101059510493e-07
3046,0.5923247341205675,0.7715165123599779,0.02088339702373046,0.06996167245851946,0.020889045900100996,-2.6587943247058377e-07
3047,0.655088935740725,0.8152223235373576,0.010721356896728512,0.04345493541210373,0.010721912551912299,-6.425927501219064e-08
3048,0.2525804550499733,0.6242392781414742,0.021401133694824204,0.0648169040592095,0.021404696382389815,-5.449500267151741e-07
3049,0.1865894877326324,0.6534230954902911,0.020650577889062476,0.06780418293504202,0.02065733496943445,-5.122673676083433e-07
3050,0.8828106449930749,0.9510983642481585,0.008976718318457035,0.02408703483340118,0.008977744920895415,-3.5500692507905995e-07
3051,0.762442322811598,0.8840876337708925,0.01795374278339842,0.060730083097519386,0.01795751216756021,3.228115980080659e-07
3052,0.6515762125749122,0.8140662875940409,0.021577426185937477,0.07257094063372209,0.021581057052035293,2.1257491211734703e-07
3053,0.80311062411953,0.8974990519787112,0.012137141120605498,0.03427021957935325,0.012138426934459923,-3.758804699716123e-07
3054,0.33064466899278977,0.6962084397737636,0.025242927661914116,0.07445841691388635,0.025245636112214212,-3.3100721025247637e-07
3055,0.6730062547852125,0.8317595869721978,0.013390101862890604,0.04055846594467791,0.013392099725790316,2.5478521248345487e-07
3056,0.7766043171219035,0.8849421734289369,0.008950604366796885,0.03069491156180993,0.008952082905342449,3.171219035147388e-07
3057,0.7849370823072999,0.8892615506286404,0.011703015414453132,0.03365251724908082,0.011705336483182387,8.23072998645813e-08
3058,0.5042643483421522,0.7658651079995503,0.017033443804589866,0.050535235708873374,0.017036554948701065,3.4834215212331543e-07
3059,0.5198395629579298,0.7295661505086023,0.023155557722558586,0.07472407495181577,0.023161513182223196,-4.3704207020045516e-07
3060,0.78104924522281,0.884490057188014,0.01169738506552733,0.03635591176541437,0.011699764225452314,2.4522281005801005e-07
3061,0.9197834783585296,0.9605030461482378,0.009651497601855498,0.034619616738482815,0.009653350614634069,4.783585295653481e-07
3062,0.6982079829829484,0.8649700933410783,0.019717115141113285,0.05779709757978384,0.019723314492458965,-1.7017051656686988e-08
3063,0.5568722031013644,0.8655485994668701,0.0161519567261719,0.05523924182929526,0.0161563472490808,2.0310136439327664e-07
3064,0.6819840069493925,0.8796894564097333,0.01052719983704104,0.04162931053704572,0.010527982969581897,6.949392505894991e-09
3065,0.553769104129805,0.7548991714711506,0.01902027418437499,0.07031715546099228,0.01902702993684599,1.0412980500085212e-07
3066,0.7457574167037764,0.8954539958585429,0.019098783753417982,0.05264298181168832,0.01910148637497146,4.167037763735948e-07
3067,0.9230364845887867,0.9609448658060623,0.009545254731249992,0.025691962735251764,0.009546453287505592,-5.154112132643718e-07
3068,0.16538025874061935,0.6988032484617536,0.018332046912499973,0.058497182527609784,0.018334149958672205,2.587406193466091e-07
3069,0.25118380372151883,0.7382761281357861,0.024672810511816426,0.07282114890601557,0.024679409756369987,-1.9627848119041502e-07
3070,0.8862680199013867,0.9505163149773447,0.007765431873193358,0.023709100814925495,0.00776590395325325,1.9901386760778905e-08
3071,0.1898700690874734,0.5397735593768189,0.02533019366015619,0.07726609319662389,0.02533441942864968,6.908747338107979e-08
3072,0.8148549650227941,0.904743887987835,0.015991237672558584,0.05013267575383242,0.01599774948769723,-3.497720590939224e-08
3073,0.9280703827858572,0.9663098726481454,0.00635915469794922,0.016384462477143234,0.006360228355377434,3.82785857233614e-07
3074,0.725877815037109,0.8903385666910584,0.01565464655683595,0.047151999817910614,0.015658401997508224,-1.849628910033374e-07
3075,0.6323990541679978,0.7957971954244881,0.017057648375878916,0.06047018557613582,0.017061676262287565,5.416799775392889e-08
3076,0.6877118894720442,0.8746796368900963,0.01573421210791014,0.05211067679745621,0.01573863050965876,-1.1052795578780916e-07
3077,0.754994842168746,0.8695346561516906,0.013684055836621094,0.03950586326969989,0.013689059935450174,-1.5783125395518738e-07
3078,0.5190412631981751,0.7386626175968765,0.026266772152636723,0.07880702820555979,0.026278430659862104,2.631981751433088e-07
3079,0.7788885989695257,0.8889203567431854,0.007925902011132833,0.028902028930403275,0.007926277797627737,-4.0103047438400097e-07
3080,0.890984987812373,0.9450305630537204,0.006848635276757811,0.020329639068005435,0.0068499140310389695,-1.2187627018711567e-08
3081,0.9106044241673434,0.9562913461927484,0.0066714164919921826,0.01908198696892896,0.006672072232325193,4.2416734347128227e-07
3082,0.8785940245591458,0.943546970682615,0.008777516687919923,0.026494677292155742,0.008778025977224567,2.455914582810692e-08
3083,0.746799737781553,0.8669872226749162,0.011064685482031269,0.038839089991929816,0.011065843523662603,-2.6221844706686426e-07
3084,0.476369594459227,0.7314276715502883,0.012264747133789092,0.049651382305805014,0.012266044562386634,-4.055407730185756e-07
3085,0.9403078312701003,0.9715515850760944,0.0050609466791503984,0.014267043042050773,0.005061190634561801,-1.6872989971883356e-07
3086,0.8566700095969604,0.9341103127073394,0.008997965817773472,0.030576742554272403,0.008999788651166499,9.596960337532323e-09
3087,0.7476075866073838,0.8817179367617853,0.007924076477724586,0.03065415969113539,0.007924549569609352,-4.1339261624973034e-07
3088,0.6264113021256705,0.8055919464420604,0.01189917980351561,0.0482700474411606,0.01190096004432672,3.021256704816011e-07
3089,0.25976231757861745,0.7544814740445605,0.022136106781249956,0.06540552053362841,0.022140525007149126,3.175786174591799e-07
3090,0.33013024291017834,0.6121598127165415,0.02202007010693359,0.07286296913467623,0.022023397199167186,2.429101783607557e-07
3091,0.5895581622261459,0.7860243543714313,0.024952859476367203,0.07130946442574802,0.024963110932347744,1.622261458500418e-07
3092,0.958511799475436,0.9793131034421324,0.004106392132519535,0.013131437808214944,0.00410690182942764,-2.0052456406460806e-07
3093,0.7779025814838643,0.9106693667708758,0.019191745257128925,0.06405391819844436,0.019195528668955835,-4.185161357472822e-07
3094,0.023884220473898266,0.5265079693919468,0.01818860489121092,0.07170510808680139,0.018189925873459332,2.204738982665433e-07
3095,0.4495831643823971,0.6786922066908788,0.02850688666367188,0.08474915621957767,0.028515417384412812,1.643823970831626e-07
3096,0.6236007947917916,0.794776121885973,0.014486019102148442,0.047863675786891956,0.014489703567155024,-2.0520820831482212e-07
3097,0.7081986740577997,0.8447049099549329,0.017194471509765625,0.05836679720871466,0.01719720169451364,-3.2594220034098953e-07
3098,0.4581646360729378,0.7218122918845717,0.0280626188919922,0.07703903804444653,0.02807382800509913,-3.6392706220800264e-07
3099,0.7741388874672281,0.8971606857257575,0.02129961318769534,0.05950424235993598,0.021310470868340665,-1.1253277187872612e-07
3100,0.9580558775032779,0.9837554952507894,0.0048729644193359345,0.016032669675161433,0.004873711921977741,-1.2249672209918572e-07
3101,0.7537406198066698,0.8807202818947049,0.018259211465624987,0.05741035151377032,0.018262212290433896,-3.801933301517124e-07
3102,0.4833010014518775,0.8249500472203164,0.023461804835351593,0.06578744472058472,0.02347044605978852,1.451877507108179e-09
3103,0.8677084167981055,0.9390075080248322,0.008847060510937506,0.029813993999518798,0.008848001570227713,4.1679810547368135e-07
3104,0.9545512240730291,0.9776195273168036,0.00532388882617187,0.0133684029235873,0.005324792598427288,2.240730290203885e-07
3105,0.6805647483134758,0.8600177328846965,0.03087146591269536,0.08539329746209227,0.03087853487392698,-2.516865241775079e-07
3106,0.8713354766093123,0.9342335952421994,0.01289356420761718,0.03429725544418488,0.012897563424755136,4.766093123498294e-07
3107,0.6410513136493057,0.8098813348972987,0.01907002473798825,0.05495758144377383,0.019075234615662087,3.13649305638819e-07
3108,0.9238250401713461,0.9633369247579913,0.010022118981933602,0.029940479730765076,0.010023806491761251,4.017134613842899e-08
3109,0.4354940988671633,0.6667235689696915,0.009778197003749989,0.057168291045819324,0.00977860321220787,9.886716328955103e-08
3110,0.927781061106665,0.9644521978523342,0.006409807136328128,0.014666633292307808,0.006410455499413021,6.110666506131679e-08
3111,0.9155269792245173,0.9573349796208535,0.012819271687890616,0.03312973376984243,0.012823420603039364,-2.0775482667545475e-08
3112,0.6551410766370243,0.8174762159787868,0.013266987055273434,0.04726245174039789,0.013268079880540113,7.663702428217789e-08
3113,0.8104791075734573,0.9003549575608982,0.015288966580273452,0.03907181655441131,0.015292571031619318,1.075734573641185e-07
3114,0.8056359421120308,0.9002188975786605,0.019011870366894574,0.04911825295203897,0.019016057951965957,-5.788796919592443e-08
3115,0.8441230472018256,0.9221370502954245,0.008811369151855467,0.02397588057961949,0.008813097801330256,4.720182567030662e-08
3116,0.6019096930769948,0.8793906514933285,0.016397686899804666,0.04872463313729904,0.016401063494993397,-3.0692300512225046e-07
3117,0.9040391302687171,0.959168124332883,0.009505556669140635,0.029990407193761302,0.009508745849249496,1.3026871703569753e-07
3118,0.8334964199116199,0.9212938825717296,0.009859783610546876,0.034240588127805734,0.009861007442430743,4.1991161991994375e-07
3119,0.744620254729742,0.8674140027729258,0.018259103613769544,0.061243120937821485,0.018262275971990913,2.547297420774086e-07
3120,0.4057590796025339,0.8505429772418278,0.022948977387011717,0.056071828430999254,0.02295297467968635,7.960253389782679e-08
3121,0.6259327275482209,0.8181455209748334,0.016104643015039076,0.05854861376623357,0.016109060676850168,-2.7245177902646134e-07
3122,0.7277180516814563,0.8712192870097997,0.020098114124218733,0.05499360899299807,0.020101303686520407,5.168145633671628e-08
3123,0.7499300667236932,0.8833409803271746,0.013856006051074217,0.03949961809418014,0.013857473533963757,6.672369323723615e-08
3124,0.955953929894135,0.9781926459086198,0.0064206753633789014,0.018282244098585382,0.006421888792109948,-7.010586500211247e-08
3125,0.8557660620780011,0.9298800742957236,0.006597156059970695,0.020919885105368134,0.006597300955304062,6.207800107294048e-08
3126,0.552226629438947,0.7486398574948435,0.02468657628232422,0.07096487514405662,0.02469296914634769,-3.7056105306465525e-07
3127,0.49121601868610487,0.7082140317409151,0.019689999205761723,0.06607015073896666,0.019693941942785637,1.8686104885645705e-08
3128,0.7027796583215449,0.8410491564886763,0.012821468079628908,0.043672555726745284,0.012822574770412192,-3.4167845508470407e-07
3129,0.4946964628777506,0.8737793435312523,0.01282190631470703,0.041003978616071614,0.012822478377398484,4.628777505732984e-07
3130,-0.4128869792602252,0.6756687457063318,0.030397757949121113,0.08015400041850496,0.03040272401823015,2.073977478644906e-08
3131,0.9507683685043814,0.977439108211046,0.005064257712890623,0.014361756433004552,0.005065577292736034,3.685043814538602e-07
3132,0.7609955375907375,0.9132431961103534,0.016616853453906292,0.0441452758884392,0.01662140607697646,-4.6240926254714765e-07
3133,0.2114467748949609,0.5197069703480819,0.022485788812011707,0.07345235598577002,0.022489571697406553,-2.2510503910888602e-07
3134,0.8153557728258312,0.9098603157335701,0.009375501414257794,0.03383787515086158,0.009377007219086669,-2.2717416880979613e-07
3135,0.8755805335158164,0.9404137390194938,0.010496186443554684,0.029297302414194284,0.010499787131355723,-4.664841836143907e-07
3136,0.6006305462067765,0.7836449759576907,0.01703375668779299,0.06294761616644726,0.017037740653357895,-4.537932235537667e-07
3137,0.5763464773511419,0.7705974991723464,0.01311826258390625,0.04919506267287175,0.0131191033962951,4.773511418365572e-07
3138,0.8874700211344384,0.9435249209921461,0.005862345667753909,0.024362862438878287,0.005862825841222377,2.1134438421555046e-08
3139,0.6300761842386107,0.7973449794722798,0.010066597474794912,0.05072728171969338,0.010067143967591091,1.842386107009375e-07
3140,0.5088707050465884,0.7155027106462295,0.011345905421347656,0.05835348879576336,0.01134655822969022,-2.9495341158369826e-07
3141,0.6492083669426567,0.8588614744011961,0.018625401251367198,0.05506707302634778,0.018630064660221705,3.669426567043388e-07
3142,0.5204488652693717,0.7317501915991556,0.027718069805761723,0.08587110632415718,0.02773336904636965,-1.3473062832058957e-07
3143,0.6922994704263392,0.8356275574980927,0.016770252043847654,0.060627339361718775,0.01677707393093862,4.7042633921634547e-07
3144,0.627484962571863,0.8570195919324397,0.00933474918450194,0.03849967307554624,0.009335187674510238,-3.7428136923089994e-08
3145,0.7335302411057927,0.865303062891258,0.01746148345351558,0.04651535948875923,0.017465921296100837,2.411057926643423e-07
3146,0.4533301695234183,0.7222290514620838,0.020850599373144568,0.06669794988349259,0.020852704816532862,1.695234183030081e-07
3147,0.6151720356723372,0.8219198684586068,0.018994739388574183,0.061578924459399755,0.01900250016546226,3.567233719525831e-08
3148,0.8255535461983992,0.9456435017480835,0.018305154753222645,0.05175743650031106,0.018314553128058415,-4.5380160085262133e-07
3149,0.879153699828034,0.954441821502245,0.010439551146289059,0.03423300803413293,0.01044103818922698,-3.001719659501134e-07
3150,0.36170232923075885,0.6570374993465351,0.025057147158886676,0.08379092783234549,0.025065014222160033,3.292307588220744e-07
3151,0.7728033918009553,0.8834550383429605,0.00969239617509766,0.03243290683676353,0.009694341800413977,3.918009552350554e-07
3152,0.670172668609764,0.8615609232619157,0.018694955919335936,0.060547205687998235,0.01870091513612239,-3.3139023603023787e-07
3153,0.824351481137247,0.9191296518087924,0.007982923488759765,0.023789009181491207,0.00798316458424196,-5.18862752985072e-07
3154,0.3747849003701854,0.6694137538459597,0.02383833537822261,0.06616100022812504,0.023844378101592,-9.962981456501652e-08
3155,0.7650401654641656,0.9022246670541596,0.019865523610156276,0.0528460639185039,0.01987257124465682,1.6546416559126698e-07
3156,0.32174019214392,0.5877633938494435,0.017195555399804732,0.06874122782694288,0.017198000372445482,1.9214391999700098e-07
3157,0.8066174617771918,0.8998405554466444,0.009729981696874996,0.030342367577868356,0.009731917374267545,4.61777191818058e-07
3158,0.594978119083189,0.8227449975771358,0.016923992803710954,0.05628542996717515,0.016927906542474735,1.1908318897635439e-07
3159,0.5246089770734597,0.7403118976092871,0.024910318294726518,0.07748423527679549,0.024919077848971988,-2.2926540332868228e-08
3160,0.5549817445784198,0.8007570438922309,0.014957463558398443,0.05325715038880696,0.014960272714631268,-2.5542158021973904e-07
3161,0.7455097760052856,0.8760292799190236,0.010972594716455083,0.043910264173013795,0.010973586591513122,-2.2399471444334296e-07
3162,0.6680742325667627,0.8541781537486782,0.01904764436972657,0.05272025467741927,0.019052209625903153,2.3256676273675225e-07
3163,0.7609329721446383,0.8800234623963429,0.019169745124999985,0.057943935935822664,0.019177591745975123,-2.7855361683926105e-08
3164,0.9673689946498236,0.9842702407490117,0.004874494832373045,0.011180162726314252,0.004874823142595779,-5.350176413010388e-09
3165,0.8194115035010596,0.907369873827997,0.011775766529589858,0.03926935216997881,0.01177718742016457,-4.964989404054876e-07
3166,0.6755387249257934,0.8385602587653894,0.013042707827832019,0.04549531735621169,0.013044963758639618,-2.7507420663486215e-07
3167,0.17680897474319646,0.5384406229416695,0.014117697722666014,0.06644955112510405,0.014118173584883504,-2.5256803537487826e-08
3168,0.587389961978357,0.7756603482336614,0.02106666100253906,0.07726302468743655,0.021074242138712555,-3.802164294519628e-08
3169,0.2116656856544591,0.6063083980743035,0.023010538149511744,0.06596286813821009,0.023014784918176594,-3.1434554090270517e-07
3170,0.5596168611311352,0.7670596627830877,0.014276110537695319,0.050259819737022676,0.014280141181800614,-1.388688648518155e-07
3171,-0.13697656886193954,0.4848638440285469,0.02005336815810551,0.06823470050007782,0.020055797340346328,-5.688619395538552e-07
3172,0.4359338070008725,0.6794625865748595,0.03207491758525388,0.08682612309656892,0.032086905583675066,-1.9299912751291615e-07
3173,0.5210905437192535,0.7501663941672889,0.013537163008105473,0.04702166166411327,0.013538983203900285,-4.562807465191554e-07
3174,0.8953229096644474,0.9566930412614053,0.012841659378320325,0.04116046345530974,0.012845769653366658,-9.03355525938565e-08
3175,0.6104623058427964,0.7964798171497759,0.011348348641406214,0.044106104898552254,0.011350106095239032,3.0584279642198453e-07
3176,0.7364341572734681,0.871135471966833,0.018981356450000004,0.0521126627872802,0.0189842985340716,1.5727346802663078e-07
3177,0.7179884910764935,0.859878639074792,0.010523273121875003,0.03690632126957572,0.010524524808872785,4.910764935806e-07
3178,0.3451907845734874,0.613747655814526,0.016592852481933592,0.06059012028921974,0.01659651905462852,-2.1542651262862478e-07
3179,0.6857149600102148,0.82873264042642,0.013173231366796847,0.0388215202392293,0.013175601907916517,-3.99897851499631e-08
3180,0.7000007135893285,0.8843613576741501,0.019306801292382825,0.0513896444497573,0.019310088624491177,-2.8641067151280453e-07
3181,0.8143856223657151,0.9224510530834549,0.009488407124882827,0.02603020264456234,0.009488715538122156,-3.7763428495374285e-07
3182,0.9176243008560935,0.9591443333006922,0.006343186774121112,0.018336482757843105,0.006344647386816396,3.008560934825155e-07
3183,0.45186344842104886,0.738802227911899,0.02692757359277342,0.0716212543119545,0.02693669080332991,4.484210488486795e-07
3184,0.8747661336068485,0.9416824694194177,0.011229344082324224,0.029037315273520062,0.01123048515352215,1.3360684847363302e-07
3185,0.4914991290540308,0.7576956600682524,0.020276836202539023,0.058031128720227,0.02028097366921865,1.2905403079521705e-07
3186,0.9301998297146404,0.9710447998323067,0.009931584245703132,0.02836126771103123,0.00993363028944093,-1.7028535959084934e-07
3187,0.7575334934833763,0.8955052645064546,0.018313190254980457,0.061413645853593594,0.018316175841096228,4.934833762737512e-07
3188,0.6955525834460999,0.8342675070103381,0.020154755162890624,0.061082887500849246,0.020159557215786404,-4.165539000400287e-07
3189,0.678780856719736,0.8348379164824202,0.022676681871191415,0.06694186972186937,0.022681601732886976,-1.4328026398668925e-07
3190,0.698136296251384,0.8403844040687528,0.023177017761621056,0.06391589893248967,0.023185356092078224,2.9625138397992856e-07
3191,0.9665672796458912,0.983591272266418,0.0060894454033203075,0.016545211652289022,0.00609028867991665,2.79645891221314e-07
3192,0.9223515230384074,0.9608693162898841,0.009508650156054685,0.025904603418922614,0.009512116632938935,-4.769615925548365e-07
3193,0.6287183859292351,0.803517326767827,0.015981346161943348,0.05180532334848934,0.015982460860114456,3.859292351249266e-07
3194,-0.2570892952454933,0.6551682898342829,0.02880682161308595,0.07435952889227164,0.028812201176623496,-2.9524549327586413e-07
3195,0.9723497203464685,0.9876702060319369,0.003676753710449218,0.015624811469280004,0.0036772615866078246,-2.7965353155412487e-07
3196,0.644928149062436,0.8158794428282146,0.016692323158691416,0.056473001435063605,0.016696910125492636,1.4906243606116476e-07
3197,0.7922866773455469,0.89422787489275,0.018176166880468737,0.06283197339565824,0.01817999493837694,-3.226544530443576e-07
3198,0.7241859989651855,0.8590518241906961,0.020022980876757798,0.0610050863043748,0.020026870798009935,-1.0348144563465667e-09
3199,0.7560165184701122,0.8711036140321523,0.0180937721310547,0.057207270607701644,0.018100311981927356,-4.815298878524388e-07
3200,0.7301570357736452,0.8631021971593202,0.015042308968164041,0.057158150176376876,0.015044767323765616,3.577364526829996e-08
3201,0.6530850615073551,0.8496851066857197,0.0213612572073242,0.06484054542548737,0.021370735692791375,6.150735509802274e-08
3202,0.5915685413433369,0.7787445233631713,0.01816858258789064,0.059394190934878945,0.01817315913091995,-4.586566630937483e-07
3203,0.7900011063526556,0.892909385695946,0.013486498878808588,0.03662773115678978,0.01348795403886923,1.0635265568215146e-07
3204,0.8131369858986771,0.9112565984843377,0.013468085293457008,0.0438322527830941,0.013472339474301317,-1.4101322887150047e-08
3205,0.9186871564466539,0.9634934392110986,0.006655653491220698,0.016912312441334502,0.006655984619599859,1.5644665385394774e-07
3206,0.5472824593649853,0.7782669669794314,0.02773968787685544,0.08972608192399872,0.02774914702274204,4.5936498527243685e-07
3207,0.43495388326384876,0.8158635797566616,0.01783823121269531,0.05171089597988022,0.017841059107985113,-1.1673615124552228e-07
3208,0.6031422804150013,0.7772832842894,0.018762084951171893,0.06031010288059985,0.018768654567729488,2.8041500133024755e-07
3209,0.35455925661210486,0.7946322300441095,0.028107009693847614,0.06904403211181248,0.028112673452962558,2.5661210484306807e-07
3210,0.11651998780104655,0.3926486591262929,0.02995379079140621,0.09378305989801997,0.02996061966151654,-1.2198953444619853e-08
3211,0.7893663265970685,0.8970538025683489,0.013324938875351553,0.03828845439216825,0.013326153824793605,3.2659706850068915e-07
3212,0.6291762030988723,0.8214805212680162,0.03201234762783201,0.08983652585388088,0.03202677463292058,2.0309887238667557e-07
3213,0.9095883570506907,0.9605882957150463,0.010507014172265624,0.03773662848802433,0.010509005259896289,3.5705069079128293e-07
3214,0.8470872759100676,0.9248289891003187,0.008383080528124991,0.024742186221665654,0.008384290216032646,2.7591006757088365e-07
3215,0.34992057333706583,0.6416789680727377,0.01160003812495116,0.05373071369164082,0.011600522867067803,-4.2666293414983514e-07
3216,0.719526451818566,0.851981737178974,0.009645532189648458,0.036928478723895146,0.009647413706413534,4.518185660051799e-07
3217,0.5812850810312948,0.771474699761689,0.029127382904101596,0.08050064101309579,0.029136500117071928,8.103129478520543e-08
3218,0.9658832631516527,0.9842047276722329,0.004386138260742183,0.01038965240732704,0.004386298047746286,2.631516526907518e-07
3219,0.812599404229158,0.9126487204866685,0.016716008872167943,0.04966051615800179,0.016721272339094644,4.0422915803528525e-07
3220,0.4278219975794385,0.7458926098932317,0.0234973857585938,0.07360474006961787,0.023504144081422613,-2.420561473481797e-09
3221,0.4856331150970966,0.7364033143183867,0.03496844834785155,0.09594462189390895,0.034982713819283875,1.1509709663126699e-07
3222,0.9287345386432527,0.9690999715789202,0.010945771727148449,0.03340903026706314,0.010949388828184489,-4.6135674725000797e-07
3223,0.5704601331008882,0.8416181356334475,0.02202203233349611,0.06173403896272238,0.022028363747832874,1.3310088819995514e-07
3224,0.601045179302284,0.7782858463516824,0.023376895071777322,0.0668247787541765,0.023384192913592245,1.7930228390916625e-07
3225,0.524929477425058,0.8141205527569163,0.0253576058836914,0.0642144332750394,0.02536464139856286,-5.225749419857095e-07
3226,0.7612208924280705,0.8749853739158168,0.00893583035742188,0.030914939911157305,0.00893748633957831,-1.0757192958621431e-07
3227,0.7206281599165052,0.8529313632250012,0.013850380113769508,0.04095837468907607,0.013853082034127833,1.5991650514912692e-07
3228,0.2524939199304649,0.768476901362432,0.023281970329589823,0.07232325544145629,0.023287928790694173,-8.006953511330295e-08
3229,0.7995947372476673,0.8990976064957916,0.009752649456474595,0.03395022890338224,0.009753101755983342,-2.6275233266925824e-07
3230,0.8862780033204047,0.9415216534829685,0.009519470480468738,0.026603440491199573,0.009520662474074956,3.3204047289459027e-09
3231,-1.2312282573915962,0.47511269600799233,0.024071981243574236,0.09058278642180884,0.02407350648244634,-2.573915962589268e-07
3232,0.7861109955018097,0.8879469045181528,0.018963717944921847,0.05192323999212663,0.01897068501056592,-4.498190264712321e-09
3233,0.6551201646535469,0.8182092099341054,0.019393572446386693,0.053579919837447025,0.019397960796623016,1.6465354690797795e-07
3234,0.6187022193940215,0.7995843175314397,0.020405799714648447,0.06459671370365434,0.02041067815247638,2.193940215056145e-07
3235,0.8051569530862376,0.9035785236494278,0.0143861583383789,0.03715039296706526,0.014387609497131715,-4.691376243037837e-08
3236,0.8557771817744334,0.9254944788073911,0.01189221160322263,0.03831077658975273,0.01189579523056911,1.8177443339428834e-07
3237,0.7971740583445894,0.894071959598074,0.017648452573144537,0.04792600685032909,0.017652924479054685,5.834458938203113e-08
3238,0.8939078549648851,0.9458334539975284,0.006895735993164055,0.01905801105886974,0.006897032627021496,-1.450351149179241e-07
3239,0.901564678270776,0.9590184841039749,0.004953894770498046,0.029649965599100693,0.004954207850474146,-3.2172922392881276e-07
3240,0.6293453259856379,0.7974014710693305,0.026113616223925787,0.08060521320335717,0.026120774428864287,3.25985637816828e-07
3241,-0.37364841366238233,0.4822036956090212,0.03134272604589841,0.09404116463737117,0.03135242812062044,-4.1366238234807895e-07
3242,0.8303057854025769,0.9148951358054759,0.011521621963398445,0.033250823290969816,0.011522684020937791,-2.1459742305385276e-07
3243,0.415048988893981,0.7849012445784224,0.026371667284472676,0.06663829073359132,0.026377784693685468,-1.1106018993345401e-08
3244,0.7568476447539463,0.871144682890209,0.014212970961132807,0.05266236419650311,0.014217135846910027,-3.552460536848656e-07
3245,0.7666130436515042,0.8789090644660831,0.015762754145703106,0.045773320550327797,0.01576894302061587,4.365150418905728e-08
3246,0.7437667071374054,0.8678381254331905,0.009459334857812503,0.031269965514540476,0.009460734608502549,-2.9286259450866936e-07
3247,0.43428422526644495,0.6818121145022449,0.01856527833603515,0.06895029883651621,0.018574170443379775,2.252664449420294e-07
3248,0.8934320204736119,0.9455960600215569,0.00981826200214843,0.027026250368008476,0.009821256716442545,2.047361191692687e-08
3249,0.856919178770761,0.9257145817094896,0.01135306672119141,0.033249522643156955,0.011354207844058994,1.7877076097239097e-07
3250,0.966138536485294,0.9830886549772628,0.004624975280361314,0.010808753973757183,0.004625322335039778,-4.635147059506295e-07
3251,0.7332265800335629,0.8749584247866121,0.027225643061230476,0.07312968905554343,0.02723797183889986,-4.199664370707623e-07
3252,0.6389773664734906,0.8144260717246212,0.015251995496093749,0.05655716697991831,0.015255717035204612,3.664734905539646e-07
3253,0.5105743184696298,0.7993721213177698,0.01741169075683592,0.04897095321737966,0.017413994720631633,3.1846962977866156e-07
3254,0.6285025771288734,0.8008854013387555,0.03011857534521492,0.08384070333126434,0.03013247392470671,-4.228711266707208e-07
3255,-0.2134139258443608,0.5934288916484307,0.017995000615039055,0.06651439657545796,0.017996822784347558,7.415563918478085e-08
3256,0.5433132716893189,0.7921756367154454,0.021630191361425778,0.06683229970010127,0.021632633618700162,2.716893188203784e-07
3257,0.7660503851700303,0.8800894922413669,0.01589318864863282,0.04803156149107126,0.015897390804354396,3.8517003031479646e-07
3258,0.692018508253951,0.8355746272211841,0.01872096266191405,0.054712082853433056,0.018725331753690545,-4.91746049102737e-07
3259,0.6023507945297226,0.8241830753903928,0.01830698390908207,0.05777384091352443,0.018311741832481836,-2.054702773479633e-07
3260,0.49279880724758207,0.8636313289586229,0.019764263658398437,0.055544734061259565,0.019766834592206003,-1.9275241791572029e-07
3261,0.7513606477486503,0.869200741442402,0.012367319596484391,0.043267959286796435,0.01236974154487386,-3.522513496445612e-07
3262,-0.9524411829184694,0.5806856069988666,0.036664403045703155,0.09951782922949425,0.03667388721366248,-1.8291846937135148e-07
3263,0.9120543816926676,0.9567546080973398,0.006842458134179695,0.01820998228222369,0.00684415260811358,3.816926675836996e-07
3264,0.5511086734608281,0.7865911055282097,0.02147822227792971,0.057163855981899256,0.021482454278457654,-3.265391718132449e-07
3265,0.6145837224527513,0.788614857514314,0.021856085683398464,0.07188661645100573,0.021865371169671213,-2.7754724873929604e-07
3266,0.9150657890896242,0.9681936453592406,0.008336445487109377,0.02703585554372618,0.008337916787567793,-2.10910375830764e-07
3267,0.6989079585108001,0.863861597002029,0.01978793421728518,0.04789653729935566,0.01979243674726048,-4.148919985347277e-08
3268,0.4574209905026867,0.7085223014985894,0.012675616072851541,0.05739605631617506,0.012677318913147129,-9.497313324668966e-09
3269,0.8403686529786983,0.9214294174710381,0.014517219825097658,0.035672760483257376,0.014520721248722453,-3.470213016942836e-07
3270,0.4129431027246424,0.7757939258020348,0.016778271534179684,0.049294790566564994,0.016781004735291642,1.0272464240346224e-07
3271,0.8635620425688237,0.935840381753858,0.01076502765019533,0.03475462069852147,0.01076793836068704,4.2568823688249324e-08
3272,0.7113037834423372,0.8525563432759073,0.022256881058105447,0.06608099853098343,0.022264964876830655,-2.165576628021526e-07
3273,0.7281070310337028,0.8723371029710434,0.015852939964160147,0.054644509138893835,0.015858056344026757,3.1033702829752485e-08
3274,0.864761952081825,0.9401547945399943,0.010471403494433578,0.03415054825639327,0.010472520567832239,-4.791817498350781e-08
3275,0.5574476657502416,0.7742873534264989,0.024583022139746103,0.0804968445712281,0.02458980082489338,-3.3424975842688553e-07
3276,0.8195604255397169,0.9116084962278469,0.007986770293652346,0.02645082902571557,0.007987164619969634,4.255397169083963e-07
3277,0.5565894740833144,0.7538185444328226,0.03673711332783204,0.09880007440869204,0.03675725760252942,4.7408331438347773e-07
3278,0.2977735751920426,0.6014148160926516,0.01915286024013671,0.06407725244554606,0.019156089742319058,-4.248079573665464e-07
3279,0.8680608187337522,0.9317682103219526,0.005307984193242202,0.023793997820959027,0.005308457954481952,-1.812662477895799e-07
3280,0.3554192349576204,0.6638389382888531,0.026238746038867188,0.08357971210046589,0.0262428212052194,2.349576204152548e-07
3281,0.8828459407583309,0.9647117725584019,0.013992181731054674,0.04291170629974921,0.01399562910642491,-5.924166912585349e-08
3282,0.8808139550527477,0.941059608055006,0.009037619553359365,0.025766792216421378,0.009038152468135713,-4.494725225345775e-08
3283,0.7198853239932999,0.8889649586022603,0.01490034236220704,0.03922536877136675,0.014903904113606405,3.239932998555517e-07
3284,0.7595173322535176,0.8741849381725106,0.010630692163378893,0.031296794606399204,0.010632421815989137,3.322535175875885e-07
3285,0.7775020964936896,0.8837163687149565,0.015801412164355468,0.05479582174788382,0.01580697395246667,9.649368959419036e-08
3286,0.17629354600270797,0.8067449567769844,0.021191003148046866,0.056590402461797994,0.021193771224118904,5.460027079629004e-07
3287,0.7302244132317292,0.8614392676535491,0.0120858322935547,0.04211614396215467,0.012086995876496321,4.132317291682952e-07
3288,0.7593918252410936,0.901919793340109,0.015415687619726568,0.045792720668973885,0.015419585458094633,-1.7475890634610636e-07
3289,0.7069039253228506,0.8494567882188532,0.015655324456250015,0.04927104850181182,0.015660236962963637,-7.467714935316394e-08
3290,0.4063989111772195,0.7118420658523221,0.01484318212474609,0.05256415630739796,0.014843681306764112,-8.882278051958181e-08
3291,0.5905645043861316,0.7814892994623138,0.019994694770410153,0.06805973360265463,0.020003658267653913,5.043861316389453e-07
3292,0.8618412717183929,0.9288471474594532,0.013087811743847665,0.038091611308933404,0.013092529847768038,2.7171839289685806e-07
3293,0.43925795686600255,0.6969210235325748,0.04027890208183594,0.10781919948408342,0.04030890541094499,-4.3133997429389836e-08
3294,0.5013564351302098,0.716204768593408,0.023884722680468738,0.07362486371225391,0.023892182577251543,4.35130209752721e-07
3295,0.9313793977826935,0.9652877172196337,0.004542036730126952,0.014118890710294032,0.004542148382902005,3.977826935619433e-07
3296,0.9206987519418628,0.9600786603561511,0.00882694980965821,0.02472175701300289,0.008827743863364892,-2.4805813725325976e-07
3297,0.2967198163815009,0.5834925045273748,0.026701397007714813,0.08864874399224935,0.02670465626027253,-1.836184990722245e-07
3298,0.7040950393634697,0.8736143128794381,0.01461067113056639,0.05204558360030411,0.014612658935860678,3.936346970601079e-08
3299,0.8526793569375875,0.9237137293987803,0.012135645775878903,0.041050704476632144,0.01213905738755114,3.5693758748678306e-07
3300,0.6476312344669031,0.8119122221394129,0.011589644376513664,0.04334049490215702,0.011590361483421293,2.3446690311512697e-07
3301,0.6602168389567042,0.8146384180720916,0.020360253614355485,0.06943401535851787,0.020363834995907062,-1.6104329580990395e-07
3302,0.8539610007955566,0.9331318251991528,0.007819101974316406,0.02162752075330269,0.007820382453239808,7.955566205808395e-10
3303,0.760415936962618,0.8822011365529202,0.009885995187480486,0.04047583825491582,0.009886980045480854,-6.30373819809904e-08
3304,0.7016697662562397,0.8462102706919421,0.011717735755566389,0.03659969220006354,0.011719005772347552,-2.337437603472381e-07
3305,0.901139316527604,0.9542236087607531,0.007417660744345699,0.01944542213395541,0.007418326438922002,3.165276040162368e-07
3306,0.768051931571214,0.8880848463174355,0.013245612624101549,0.03821471948165177,0.01324657508514381,-6.842878597090873e-08
3307,0.8700439097028665,0.9346925016255226,0.010891055923437492,0.035629993524742075,0.010894350372811359,-9.029713354813396e-08
3308,0.917012658665259,0.9671582265824721,0.009249022268749997,0.024570911700767216,0.009251822764969938,-3.4133474091646576e-07
3309,0.6685572688810603,0.8647709076102714,0.014941695433886749,0.0349318143008403,0.014943557931701346,2.68881060305759e-07
3310,0.8303701251249256,0.9194723469878123,0.0107376382147461,0.03223059991218958,0.010738723379925598,1.2512492553184984e-07
3311,0.5624694272765302,0.7553161602152847,0.018245289929492193,0.06601262539063286,0.01824992709361725,4.272765301571724e-07
3312,0.007372615428127838,0.48675425830335123,0.012023016463671874,0.05957932998105305,0.012024715295006736,-3.8457187216244665e-07
3313,0.2829605725541706,0.6806771917088807,0.02656808009560545,0.07591080830951548,0.026577308140967076,-4.274458293984651e-07
3314,0.8545745931571248,0.9296692536219575,0.010552654511630838,0.027745258274370185,0.010553477506527738,-4.0684287516690176e-07
3315,0.6550159553978503,0.823795051118921,0.014728471157714834,0.047261351636991356,0.014732472929023813,-4.460214975132715e-08
3316,0.1952131028041999,0.7575176397266692,0.024081199474804717,0.06728384697672452,0.024086747972816645,1.0280419990293943e-07
3317,0.7824020359958226,0.8888178492183505,0.008299289923242173,0.0291109516849045,0.008300121910862273,3.599582254487643e-08
3318,-0.2036586156723088,0.6784134147641818,0.028802745807636698,0.08201229823336721,0.028804868225796327,-6.156723088013294e-07
3319,0.6507836501590653,0.8181165726811368,0.018447070583886734,0.05184904275931727,0.018449183376987394,-3.498409347768572e-07
3320,0.7060808755031522,0.8910832124301745,0.012431234628906261,0.04264148802966057,0.012432883888252689,-1.2449684771986824e-07
3321,0.9485311797088649,0.9760427169756514,0.005648657181250001,0.021188734955817093,0.005649483084831655,1.7970886490026317e-07
3322,0.5685402290267103,0.7779486840945815,0.03534403121748053,0.08818609183231556,0.035360885375287435,2.2902671026336918e-07
3323,0.8178282019251812,0.9070134454772513,0.009736770195996084,0.02953693337946638,0.009738493993183925,2.0192518124240166e-07
3324,0.919682272193002,0.9594889148623613,0.00842297059912108,0.027866516126572607,0.008424958324813527,2.7219300202663277e-07
3325,0.7211219288816445,0.8572530694141565,0.023697074138867177,0.0702930384453691,0.02370760215393345,-7.111835553796908e-08
3326,0.684391818198534,0.8369896441402724,0.016106642023144543,0.059500023254106284,0.016111597430109446,-1.8180146599267033e-07
3327,0.2462057489440549,0.7218266991029721,0.023812421900976554,0.07063462563098998,0.023817889378464203,-2.5105594511631857e-07
3328,0.7638969752965281,0.8812966308117218,0.010409861721572282,0.03463481347074723,0.0104104095131567,-2.4703471934728327e-08
3329,0.5517739099080221,0.7505045405381199,0.02597515934326173,0.07471121692913742,0.02598478861472697,-9.009197787790413e-08
3330,0.6247477431721851,0.7914348009783266,0.009429835904306646,0.04459018175374634,0.009430306602500703,-2.5682781490399265e-07
3331,0.8391341289049687,0.9175945120409119,0.01570696398662105,0.045165207285183376,0.01571223008665833,1.289049686992172e-07
3332,0.9069603027810861,0.9588740304051147,0.00837061746992187,0.02639556551231548,0.00837385011018102,3.0278108609227417e-07
3333,0.7421121294143896,0.8707797242142021,0.018415381537597624,0.06850339214674171,0.018419074589681467,1.2941438964908514e-07
3334,0.6684434615360715,0.8223974858352879,0.017796910841533172,0.05450598650704276,0.017798553932660034,4.6153607147214615e-07
3335,0.9297486117901894,0.9671400600203955,0.005014686798730474,0.017246071044467577,0.005015377069088794,-3.88209810631146e-07
3336,0.18177017621855263,0.5908806422097632,0.023309437371191406,0.0689174789297272,0.023314341729488937,1.7621855263882935e-07
3337,0.10773810854154009,0.5964806053852509,0.01760807168164063,0.061582176516795775,0.01761308936370699,1.0854154008921313e-07
3338,0.7493950941761038,0.8820115066223101,0.015766336699316423,0.0422579532203194,0.015770455972380273,9.417610380424435e-08
3339,0.605783585321918,0.8111487354339756,0.034585703451953186,0.08812308359896799,0.03460352771177576,-4.1467808198358824e-07
3340,0.7442907872786007,0.8659884314027705,0.008528542951367178,0.03368770258804787,0.008530073679059936,-2.1272139938410817e-07
3341,0.6852790726355196,0.8428150724312098,0.017334971224511726,0.05179574375220576,0.01733995562943732,7.263551959901804e-08
3342,0.7731105794328028,0.8813800903125896,0.00811108827890628,0.02858521900314491,0.008112065667627897,-4.205671971790892e-07
3343,0.25729599891663923,0.6268102406513316,0.019248348765429732,0.06479094432158776,0.01925113973406473,-1.0833607899662923e-09
3344,0.7063060794402065,0.8432626864601187,0.018877809298242232,0.062484994077837114,0.01888090976264381,7.944020652406181e-08
3345,0.6426821341954351,0.8104520622626472,0.02973163086367188,0.08073518471621252,0.029737405823276646,1.341954350975172e-07
3346,0.779728665417591,0.891512626687,0.008159672224218737,0.027598755132149034,0.008160603630633817,-3.3458240900063885e-07
3347,0.9453736883384956,0.9772274724928032,0.006346765821679685,0.02599302581092583,0.00634777768854735,-3.116615044929105e-07
3348,0.7340896932556051,0.8763804107884066,0.01750659697148438,0.04476091128392783,0.01751058521038883,-3.067443948845394e-07
3349,0.2593401328506708,0.6225288140713076,0.015716857398535147,0.058756039483022986,0.01571972904719803,1.3285067079760182e-07
3350,0.7426374753513413,0.8724951936586944,0.011415245804589845,0.050616540336496735,0.011416750453524041,4.7535134128917633e-07
3351,0.8541601569816273,0.9324520140113175,0.011435677091992195,0.04043040363728353,0.011437601883694075,1.5698162725286124e-07
3352,0.14187663467158595,0.6811807130717857,0.023991357293261704,0.0653788449579062,0.023992898418069057,-3.653284140481272e-07
3353,0.8971311005885612,0.9487220809815431,0.009432054362109364,0.0358947536546046,0.009433853211126431,1.0058856114714132e-07
3354,0.41675493841086997,0.81361188966062,0.02532276839750002,0.06244742596123261,0.02532517030958867,-6.158913001819144e-08
3355,-0.17014860600324222,0.8017604371540578,0.026272351106445314,0.06937933924760407,0.026275983322330703,3.9399675777485044e-07
3356,0.8728359982937569,0.9367872993755008,0.013749183094433582,0.041830822781793855,0.013755015029611429,-1.7062430357484004e-09
3357,-0.21301652654913772,0.8054549698309582,0.03123130896601563,0.08056723104103937,0.031234704115883617,4.734508622927791e-07
3358,0.7445313566393466,0.8864092000717201,0.009504734273203128,0.03443519675520701,0.009505093676763603,3.5663934649932116e-07
3359,0.7590509912255737,0.873105191494372,0.018405251766601568,0.052123250482076465,0.018408749826697636,-8.774426296653814e-09
3360,0.6964371066683004,0.8368403525163722,0.015666864750292955,0.05066749677073766,0.015669233248913925,1.0666830041472508e-07
3361,0.9119472596003386,0.9574100213631231,0.005846563416855472,0.017180372622467174,0.005846810753029054,2.5960033867011845e-07
3362,0.6270782279853251,0.841924134558154,0.01607242869335938,0.05566558256561286,0.016074651647290893,2.2798532506307367e-07
3363,0.6597186881842642,0.8464738891379248,0.01915947709296874,0.05680232531052533,0.019164466324136847,-3.1181573589833533e-07
3364,0.157161699329726,0.6426547430444336,0.022924084364843687,0.07168923077182063,0.022928676279377818,-3.006702739838385e-07
3365,0.8379132642744365,0.9243473408804284,0.014883921320996106,0.04423114421151573,0.014889028758131511,2.6427443644561066e-07
3366,0.7530374572188908,0.8714938925017554,0.013245747144394556,0.042078564760407625,0.01324693037081282,4.572188908591457e-07
3367,0.8505082637595394,0.925209054460928,0.0071625406459961015,0.02454770386586276,0.007163541922188379,2.6375953932067375e-07
3368,0.6265370855271793,0.840929316402276,0.01492972015507811,0.040341715936429774,0.014931308640265374,8.552717933874021e-08
3369,0.5408028554018453,0.7480880755830253,0.016886438637988305,0.05113472957915519,0.016892992784707513,-1.4459815478318205e-07
3370,0.8434724571176003,0.9215110696443907,0.011934542033593773,0.034820963018633515,0.011936266309622435,4.5711760032762783e-07
3371,0.5561730092325488,0.7868269900845767,0.019660692397265606,0.06343553843067613,0.01966585948975114,9.232548725535139e-09
3372,0.8443290184988472,0.9304383905894902,0.016422443176757794,0.0541997571552559,0.016429217342298005,1.849884723181816e-08
3373,0.4965742916680743,0.7215881580928691,0.03199656439374998,0.09631016619119137,0.03200991613629637,2.91668074303697e-07
3374,0.6106645061471689,0.7848486794987589,0.02085279043339843,0.06430152647050086,0.020856736853376183,5.06147168954918e-07
3375,0.8746484615624895,0.9385563708386809,0.007345373422158197,0.023283153355595356,0.007345870857793716,4.61562489562084e-07
3376,0.7410231631873854,0.8616481350492284,0.01393626089970705,0.04234332916532257,0.013939876849396264,1.6318738538245725e-07
3377,0.8311471363652551,0.9230892616128986,0.01597397229580079,0.04194599516469886,0.01598157315436721,1.363652550878669e-07
3378,-0.28658212909915903,0.7261308202130901,0.024412651981347684,0.07246112874770592,0.02441626714908522,-1.290991590296997e-07
3379,0.2948526944256301,0.7241432797868361,0.026323229521093745,0.0747403800221415,0.026330551973872133,-3.055743698632263e-07
3380,0.7110551756297973,0.8544570480230331,0.01789060182041018,0.05371405526085631,0.017895812003537726,1.7562979726104544e-07
3381,0.7078056973952144,0.8438611680198512,0.023586603428613264,0.0680897931430109,0.023595723869603145,-3.0260478567356586e-07
3382,0.5175152463011905,0.7343176898815602,0.023476848834863253,0.07547435259661378,0.0234877838215919,2.4630119055402133e-07
3383,0.9496434655955014,0.978117732880395,0.005903237698242186,0.02424314693618814,0.005904202695891309,4.65595501375482e-07
3384,-0.4987837740343093,0.2887426700476685,0.018176209088466785,0.07159257781511065,0.018177256338371656,2.2596569071442474e-07
3385,0.8665001313769756,0.9335385019486094,0.007606361733398445,0.021496390164993853,0.0076078714447334475,1.3137697552068062e-07
3386,0.5981083591595713,0.7816439989457675,0.015098862271582024,0.05735524003451326,0.015100855465206672,3.591595713059448e-07
3387,0.6569741027445052,0.8833170955384976,0.012250627666230486,0.04355929330289501,0.012251467812963537,1.0274450523706236e-07
3388,0.5501518841328834,0.7707638837791854,0.02864002103808592,0.07852904733854552,0.028652164484394192,-1.1586711656796922e-07
3389,0.04970448706486219,0.715200464573074,0.0230754168506836,0.06304051134250259,0.023078316174928993,-5.1293513780859e-07
3390,0.5095272296008677,0.7225456702143767,0.014344149991796885,0.05519218773397562,0.014346540663466691,2.296008677626915e-07
3391,0.8683405183825832,0.9327513932668321,0.013465562546679728,0.038270849271978574,0.01347133777788893,5.183825831922562e-07
3392,0.9160812759166215,0.9614625353428108,0.010300689499707043,0.03577454622247966,0.010302718434653815,2.759166214394426e-07
3393,0.5766345100035795,0.7662196284170254,0.022614522500000043,0.07047611965537205,0.022621915642903622,-4.899964205495877e-07
3394,0.5551960035889416,0.7634744028400253,0.015691279876074223,0.05119899530972751,0.015695325955317852,3.5889415883616493e-09
3395,0.48112317671559435,0.8411395700862849,0.017504421918359363,0.04483306370579196,0.017506312882002256,1.7671559432441697e-07
3396,0.9251235432517227,0.963973486050749,0.0061886119375976585,0.014820796811783932,0.00618955865720938,-4.56748277199992e-07
3397,0.7517144733308061,0.8726933459000015,0.01945021210048827,0.06582782068867044,0.019453918044640285,4.733308061055652e-07
3398,0.8246775730188394,0.9529144527903115,0.014037501168457006,0.03819092414123468,0.014039838482860069,-4.2698116065054137e-07
3399,0.8650591192148525,0.9354220179509459,0.015860076796582,0.04773158039189787,0.01586582383428493,1.1921485243426844e-07
3400,0.6934648306765425,0.8398592291384379,0.013842317175390632,0.050037151030758925,0.013846240089363502,-1.693234574773328e-07
3401,-0.10128470619734342,0.3295556899487197,0.03488568649208984,0.09904556308012363,0.0348944248760978,2.9380265657852345e-07
3402,0.7538959173442296,0.8714525514935801,0.01644699120937499,0.05463678956213997,0.016451865446325622,-8.26557704503017e-08
3403,0.5133408727477147,0.7290529338790378,0.01686534835419923,0.06335777724556288,0.01686733129790741,-1.2725228537568967e-07
3404,0.8591818950329031,0.9335702275400827,0.01596662644755859,0.0396577147600085,0.015972087909757064,-1.0496709690333006e-07
3405,0.8927049747159898,0.947996728519811,0.009053196905371099,0.026350107905294462,0.009055275713244729,-2.528401021884008e-08
3406,0.8726116684573794,0.9351201355969501,0.013548592954980454,0.03367625997316957,0.013551829698378908,-3.315426206906835e-07
3407,0.07735206238429182,0.8295000368146962,0.02397366023564452,0.05977538230688713,0.023976954249561706,6.238429181570915e-08
3408,0.6900943148012861,0.8313666977559988,0.028325907643749978,0.0775899852997984,0.028338035441606083,3.1480128614980174e-07
3409,0.6287043031126514,0.8106440598213601,0.026831045978417952,0.06627207065375725,0.02683879567798609,3.031126513119986e-07
3410,0.7487499181067425,0.8719605774730054,0.021141655920898467,0.0563565926375539,0.021151286971174334,-8.189325750862508e-08
3411,0.9134612457782634,0.9646997661386311,0.006272690704667964,0.016863981488160342,0.006273188258956274,2.457782634079919e-07
3412,-0.07666448368989354,0.7470853438407689,0.026578030737695307,0.07450936173979032,0.026582067041159244,-4.836898935406397e-07
3413,0.4920697289381244,0.732817892356243,0.022382313061914034,0.07255512478152058,0.022385220584197788,-2.7106187561187767e-07
3414,0.9027700870677002,0.9581492285072234,0.0076914232994335875,0.02131710914261975,0.007692125891828082,8.706770027178123e-08
3415,0.5362653175829978,0.7545028213077182,0.024621452119726557,0.08233484145821486,0.024629805668062117,3.1758299778861243e-07
3416,0.7234169978531084,0.8813190064446953,0.0198029435573242,0.0577821262887846,0.01981247474256736,-2.1468915534228472e-09
3417,0.6465814933104395,0.8068943716878637,0.020156950233886712,0.06663704262372917,0.020163027717244767,4.933104394977406e-07
3418,0.8806758284671016,0.947508573055112,0.011464424363769536,0.035779696688411584,0.011467544138968156,-1.715328984408515e-07
3419,0.3845745233360486,0.7231474107475829,0.02392375890908203,0.06643048988537355,0.023928866463413592,-4.766639514208748e-07
3420,0.9240012148968308,0.9676351853063107,0.011050334654296879,0.031197432032277688,0.011052666257349264,2.1489683088571354e-07
3421,0.9010962126534454,0.9495045553416451,0.007399306953027347,0.03342304788561722,0.007400714753251212,2.1265344540832842e-07
3422,0.8564948738986369,0.9266488733278028,0.014859593024609359,0.040699562441958985,0.014863999878024394,-1.2610136312929399e-07
3423,0.6180191944330649,0.793892419192202,0.02061436982255861,0.06813582701286765,0.02062205546672153,1.9443306487065826e-07
3424,0.7217910521394686,0.8516887223592152,0.012571933495117186,0.03901266101734793,0.012574075793221194,5.213946863147356e-08
3425,0.921231782611621,0.9620204760931358,0.005359524106982414,0.01561458462896519,0.005359874060770863,-2.173883790757003e-07
3426,0.7483047301619965,0.8708747044098125,0.014026725653027346,0.041842633492510585,0.01403088557207441,-2.6983800349711373e-07
3427,0.6876027649897858,0.8325920107982028,0.018170602434960968,0.057926761568218514,0.018175428627408573,-2.350102141779331e-07
3428,0.830114049641004,0.9228411362380394,0.008899001471884748,0.024899525259131815,0.008899368953170957,4.9641003974087994e-08
3429,0.3310510253327599,0.6102534321752876,0.01599889077727542,0.06331340043884531,0.015999430456144062,2.5332759889806766e-08
3430,0.6207015991026115,0.8073192022672668,0.02075005800273435,0.06231767515870542,0.02075219708940505,-4.008973885083478e-07
3431,0.9379831123750705,0.9714158539361206,0.005031931471865236,0.023720748615061727,0.005032339121528114,1.1237507047123785e-07
3432,0.5665337944900241,0.7746893973543166,0.013385703863378916,0.050655534318610126,0.013389290944131098,-2.0550997592572173e-07
3433,0.785743767856509,0.9101205641160801,0.011116015011816397,0.033116197621440135,0.011117371877048355,-2.3214349098577003e-07
3434,0.3611839337438518,0.7039709975883574,0.02291360462763668,0.07501849044198453,0.022919082609247445,-6.625614817901138e-08
3435,0.9177454738697362,0.9621774552941643,0.004972856575878907,0.017576884749192244,0.0049736837984709,4.738697361172939e-07
3436,0.8657982988368824,0.9375164348765219,0.012127667564160166,0.03719614268103537,0.012131100783353532,2.9883688246190587e-07
3437,-0.7982087975575196,0.46486105086900104,0.023938068047656247,0.08058913902280157,0.02394157687249121,2.0244248033485235e-07
3438,0.9465932984694071,0.973323942748412,0.007240887540917955,0.02238447180667976,0.007241958667159797,2.9846940707844993e-07
3439,0.757831591993025,0.8904429374349901,0.020319255199609372,0.06966381588248202,0.020322967205827887,-4.0800697498344363e-07
3440,0.8899875725424373,0.946991605301205,0.00951174929954101,0.026553524257860416,0.009512642673384716,-4.2745756267947854e-07
3441,0.07115789609602852,0.7347004207407545,0.02547430492431647,0.08110890436071112,0.025477971866895384,-1.039039714822998e-07
3442,0.9277064603073847,0.9654331388327478,0.0047664202450195346,0.01688620116785182,0.00476672668329182,4.603073846531913e-07
3443,0.8696703341418872,0.9341755108306737,0.012064427616796863,0.035360235664005445,0.012065966075735382,3.341418871594115e-07
3444,0.5877588684935481,0.768262580550351,0.0113955874006836,0.05181317960917692,0.011397345033130007,-1.3150645195025845e-07
3445,0.7723042675935012,0.9199077173139821,0.028722695416210902,0.0746059966459865,0.028733256629257506,2.6759350124638814e-07
3446,0.791478978875454,0.8910367678184142,0.01024643579599609,0.03467881351296476,0.010249095461891188,-2.112454600133873e-08
3447,0.8311460675828319,0.9163896096813859,0.008722516986503887,0.031357440379417185,0.008722857741190717,6.758283188634806e-08
3448,0.6344375497634578,0.8674851487977617,0.010109219515332026,0.04047021166449373,0.010109786133763865,-4.502365421599208e-07
3449,0.6546481990990314,0.8136705033197629,0.012279300954648435,0.04565520416152683,0.012280066143989965,1.9909903137271812e-07
3450,0.9194036509554915,0.960292421850508,0.006824841481738283,0.018394059253283992,0.0068268791338050566,-3.4904450851858115e-07
3451,0.8949924943013831,0.9464730754175789,0.01608365902851563,0.039910939722270604,0.016090312549748388,4.943013830471799e-07
3452,0.8099652219676623,0.9059176429293236,0.01168979323232421,0.038622618790975116,0.011691213141851502,2.219676622505773e-07
3453,0.8217428230153885,0.9164454898329911,0.009747628991083996,0.028856571846537886,0.009748352519657015,-1.7698461152182432e-07
3454,0.8078906699345753,0.9012766975655496,0.0165317771194336,0.05808903132205298,0.01653857932299295,-3.3006542476954337e-07
3455,0.8224906116831585,0.9093042953944769,0.01711828381582033,0.05572358716453824,0.01712519041025034,-3.883168414597904e-07
3456,0.7159886176264514,0.8521070942518131,0.019729393005566438,0.06226529196743219,0.019736466971768573,-3.8237354860193307e-07
3457,0.5463705770992424,0.7510463390313974,0.01577731854003905,0.062222300128392596,0.015779108091291277,-4.229007576350696e-07
3458,0.8822967619991338,0.9410654578916797,0.009403917814941397,0.036847315917661314,0.009405532116516256,-2.3800086623726457e-07
3459,0.9095793267120826,0.9541546723101351,0.006994305908789053,0.01792141198093668,0.006995471188496389,3.267120826100367e-07
3460,0.9510706535704763,0.9758409417763579,0.004903134243876957,0.013889821745459606,0.004903450368439589,-3.464295237343151e-07
3461,0.6512174865331168,0.8167236128940181,0.026438498987109364,0.07194600315222088,0.02644783401460316,4.865331167946962e-07
3462,0.970778628796412,0.9854322227956814,0.005176792540136714,0.01186192940385236,0.005177983986485029,-3.712035879788189e-07
3463,0.7183900040063124,0.8613085919152161,0.01316796461582031,0.04296826848480338,0.013169355318179006,4.006312392945688e-09
3464,0.5381978462782764,0.7502115028090204,0.02130022234091799,0.06894744736577416,0.021306332112755143,-1.5372172357253078e-07
3465,0.7693941714350772,0.8919580673580008,0.017051718544140622,0.04515263731118496,0.01705706562548132,1.71435077134241e-07
3466,0.9228698759655546,0.9640064447735556,0.007788347328320312,0.023690774215287085,0.007789393687700592,-1.24034445381227e-07
3467,0.6544781026950162,0.8322864367945149,0.016531935663769506,0.051230981690014,0.016536982851811474,1.0269501615756127e-07
3468,0.9401402733430186,0.971744077908661,0.0052456599344042985,0.013061690629012412,0.005245820516314451,2.7334301866410726e-07
3469,0.5973236070985446,0.7991029325691602,0.03143333911425783,0.08360379948698288,0.03144669511057982,-3.929014553705201e-07
3470,0.7478828410708718,0.8788132225423363,0.014118157352734402,0.044014883934757026,0.014121815966442451,-1.5892912819115423e-07
3471,0.9061518852455211,0.9522013469968205,0.00786223218906249,0.020964815096111304,0.007864041335363814,-1.147544788082655e-07
3472,0.6071411892008726,0.8809654147040759,0.01268418013193361,0.03546645671639919,0.012685498204670517,1.892008725246086e-07
3473,0.7823824779297859,0.9005733808593657,0.02105328011787112,0.060734346551208476,0.02105786137143071,4.779297858581444e-07
3474,0.8509905704605758,0.9428491344801028,0.007688556641679685,0.02225779581306628,0.007688896834613463,-4.295394242515016e-07
3475,0.7918899606265319,0.892517290928526,0.021730521668359367,0.0537046212942998,0.021740703850915477,-3.9373468041503656e-08
3476,0.5298939659310693,0.7326691288031453,0.011126289904550783,0.05754823576896375,0.01112702381355491,-3.406893067658956e-08
3477,-0.1175045542277191,0.6301132064702384,0.034577561694238305,0.08431410546785902,0.03458438280664364,-5.54227719107292e-07
3478,0.8051081125086494,0.9074286796576048,0.016997216555664055,0.056684152513056474,0.01700336649478987,1.1250864939693628e-07
3479,0.697713902586138,0.8358909826772195,0.02525990339248048,0.0711537094256786,0.025271140912879336,-9.741386197692492e-08
3480,0.655498841440566,0.8240073730210477,0.024549425961914045,0.06710056062165416,0.024563377324042627,-1.5855943402698358e-07
3481,0.15877247655353266,0.5654516192445066,0.014907534160351558,0.06406127589805538,0.014910392385654336,-5.23446467337596e-07
3482,0.6500064776030905,0.8261858637340974,0.016575485481933563,0.050625456908275815,0.016580363033441434,-5.223969095080605e-07
3483,0.8871004024399447,0.9430096707574664,0.008486045167470696,0.025916027590720883,0.008486737562961946,4.0243994470223754e-07
3484,0.894683368597288,0.9468305898193736,0.006726722108632817,0.022024947295900883,0.006727187147845945,3.685972880251853e-07
3485,0.7254064006590522,0.856924001695211,0.008148765485576172,0.03387620988535168,0.008149202085760261,4.006590521576925e-07
3486,0.7693259680846779,0.8847236642402859,0.015590289022167992,0.046368439797835954,0.015596073044201455,-3.1915322051823125e-08
3487,0.770703910078416,0.8803468658990772,0.02041057780234376,0.05520096881063093,0.020418487881670295,-8.992158395670913e-08
3488,0.7883687349017652,0.9082006241081434,0.021845504946972658,0.06023289151003976,0.021850522370987044,-2.650982348084696e-07
3489,0.7673349838813045,0.8804732948402365,0.012186972543652341,0.037103559227681875,0.012189008767541894,-1.6118695489453216e-08
3490,0.7361985887073983,0.8623739281961122,0.009611803652509757,0.035797542969346834,0.00961249637302363,-4.1129260175409854e-07
3491,0.8181942704324433,0.9054284313804906,0.017127707501855455,0.0473204296415929,0.017133255333885516,2.7043244332780603e-07
3492,0.5827739497483955,0.8322042525137914,0.02097150882285154,0.06046222064218966,0.020976653978637082,-5.025160454419364e-08
3493,0.9127072047433711,0.9559033596871188,0.006913158074023439,0.0289844609272335,0.006914070566091876,2.0474337103504325e-07
3494,0.8561265765246973,0.9256457005120597,0.00969275618347658,0.02980338815278426,0.009693718415312875,-4.2347530271324985e-07
3495,0.49994372823124433,0.7205069957716317,0.016547298770507816,0.05999384122181244,0.016550564585838867,-2.717687556663684e-07
3496,0.814055187527727,0.9256217399530493,0.0143198335088867,0.042278395122677594,0.014325445079395923,1.8752772701358111e-07
3497,0.6083762303875524,0.7905061307681888,0.022924305215136723,0.06982812850237542,0.02292741622936666,2.3038755236903796e-07
3498,0.9182126515746369,0.9674869470854203,0.008326156686230466,0.023533569336455437,0.008327923278602049,-3.484253630059442e-07
3499,0.8261604606841416,0.9302856627759314,0.015897199796972662,0.053868928270799345,0.015900098569383004,4.6068414161215543e-07
3500,0.8498318915947131,0.9304104417038527,0.011425590718261724,0.03734715567425281,0.01142852118194908,-1.0840528696931528e-07
3501,0.3326237561857408,0.7487725573899352,0.018036676730273465,0.0560654086505592,0.018040213745092924,-2.438142591709713e-07
3502,0.2987172021507797,0.7917806999529191,0.025580874658984364,0.06316024394212526,0.0255857779225826,2.0215077967122852e-07
3503,0.6031895111025326,0.7873451546752187,0.013372684081064477,0.04925331865610309,0.013373648164224225,5.111025326298702e-07
3504,0.7829052247579021,0.8956378899348113,0.015242421187890657,0.05012575992721639,0.015246371864359442,2.2475790217857394e-07
3505,0.687154387051734,0.8347100322689887,0.016504750901269502,0.056713138142481835,0.016508910185817755,3.8705173399655735e-07
3506,0.779345448588509,0.8883844867299644,0.009422588903710947,0.03282026186809589,0.009424105629637497,4.4858850900553193e-07
3507,0.8102526437241735,0.9017906665073534,0.01811542131416015,0.05154803561738513,0.018122945596900773,-3.5627582650743506e-07
3508,0.8343682682847793,0.9149205427358992,0.00722797459939453,0.024331143260333473,0.0072286937245204935,2.6828477928120265e-07
3509,-0.11183556005593864,0.464268848520026,0.02150396837451175,0.07591482416774196,0.02150511392461902,4.3994406136171893e-07
3510,0.6465132582194446,0.8089347217371786,0.02188149850732424,0.0645150158492663,0.021885050919428554,2.582194446043573e-07
3511,0.5989352839419453,0.7902493814270707,0.018740377449511684,0.05509102017421564,0.018744289084609445,2.8394194528935657e-07
3512,0.6712523361801215,0.8888139211867349,0.020066235175683608,0.04734140857483751,0.02006874878847624,3.361801215184812e-07
3513,0.8617633468308012,0.9285527877757636,0.00859312352207031,0.022669411358365685,0.008594606142338038,3.468308013010457e-07
3514,0.6413028608917088,0.8046415069760056,0.023905779138867194,0.07383017023536277,0.023915143448096303,-1.3910829110841405e-07
3515,0.7702959869734953,0.8795712177479126,0.011513150470117193,0.03387087525813186,0.011515598944402189,-1.3026504652735582e-08
3516,0.887855686878086,0.9585940610960668,0.011438042000781232,0.03321695849107147,0.011440104022330736,-3.1312191395294064e-07
3517,0.5741686421553345,0.781695459582361,0.020978706171132837,0.07520281025929541,0.020980001744984593,-3.578446655660983e-07
3518,0.8972819968808025,0.948830406536912,0.00615405079042969,0.018609470299921844,0.00615497611045771,-3.1191975669031535e-09
3519,0.5219367796133427,0.8175795096901554,0.022080862927050773,0.05970732594305598,0.02208618550781696,-2.2038665725698792e-07
3520,0.7934609070822198,0.8987869414592632,0.015120802217968755,0.05003040634139904,0.015126428514231622,-9.291778013675867e-08
3521,0.4619076738139465,0.7534799188240248,0.027069078339648476,0.0708986057443281,0.027076478008047394,-3.261860535008765e-07
3522,0.7191864360211628,0.8530918847924154,0.010408671794824222,0.03938862303168026,0.010409801225986856,4.3602116284180426e-07
3523,0.7799396966499229,0.8898682538520315,0.008579382960498034,0.030351154656257047,0.008579697213443515,-3.033500770577291e-07
3524,0.7564878407753681,0.8724066396595466,0.012626483338574244,0.03904628433522835,0.012629106846084915,-1.5922463192374892e-07
3525,0.3948657917102648,0.7349853945461045,0.020855909400390636,0.05989649699743264,0.020860406207231348,-2.0828973518183247e-07
3526,0.5706985789116248,0.7818566868826102,0.031887669837207006,0.08743843770294597,0.03190598134673691,5.7891162474899e-07
3527,0.665577215774231,0.8255266821879126,0.022647711820898406,0.07319508305096098,0.022655532889199158,2.15774231038246e-07
3528,0.02197536592625049,0.366482984678101,0.03383148497373046,0.09777105077490027,0.03383947728299359,3.6592625048820215e-07
3529,0.11561271059482026,0.5335998970532707,0.01929325919863283,0.06536445740081466,0.019295652758752332,-2.89405179737523e-07
3530,0.5550964206158265,0.7834220245966657,0.017673270560351555,0.05480205675025109,0.017679346141906475,4.2061582650188e-07
3531,0.5204691626659959,0.7255675489003198,0.010085884238466788,0.049277467847118984,0.010086292589486128,1.6266599589531694e-07
3532,0.7326430345843573,0.8595832138353928,0.018397407528515604,0.05443654656238411,0.01840442407347955,3.458435726688691e-08
3533,0.7017328317536535,0.8554315089648072,0.014349300349804684,0.04833615041653696,0.014353264730135106,-1.6824634652135018e-07
3534,0.9091758893765869,0.9535794519639291,0.0064292671568457,0.017831358915312533,0.006429491212591311,-1.1062341309653334e-07
3535,0.6938944602565897,0.8381969624570352,0.014577867209667961,0.04332291014735135,0.014581336889815572,-5.39743410299387e-07
3536,0.9459620121146146,0.9741420209715329,0.008232036059082017,0.022908824211247403,0.00823353282148669,1.2114614644787025e-08
3537,0.8271273774571608,0.9180470924411939,0.019118342198339865,0.053784801742074055,0.019126676226718778,3.7745716086057257e-07
3538,0.9095829638771256,0.955661182576805,0.009765107936523423,0.03325104194163576,0.009766788921028235,-3.612287446941309e-08
3539,0.3110316193662228,0.6520174362993229,0.023411323267578093,0.07373494808759484,0.023416137082107793,-3.806337771639079e-07
3540,0.9448336371414556,0.9783325002716681,0.006447482342871088,0.016141979887843043,0.006448187617260638,-3.6285854432271947e-07
3541,0.9286382754564496,0.9641820644065037,0.0061429831800195395,0.01613966352219415,0.006143351461714399,2.7545644964988014e-07
3542,0.8180288649849359,0.9156147954300153,0.013387998275683585,0.03956426731878522,0.013390096637727682,-1.3501506412882947e-07
3543,0.4696029218005042,0.8427337220684721,0.021381386634082056,0.06340036821958903,0.02138602174633686,-7.819949576770568e-08
3544,0.9248167971661683,0.9623871205259406,0.005838948709375001,0.015773378913702753,0.005839205883943161,-2.0283383173058667e-07
3545,0.6618480950049273,0.8201345620371024,0.014570136771093704,0.04745325922720754,0.014574828570191043,9.500492725855736e-08
3546,0.9226237980845301,0.9685324003303909,0.009203689390722653,0.03184986081290966,0.009205665163052238,-2.0191546989956066e-07
3547,0.9272028305086485,0.9697254244612307,0.009159521739062511,0.028755787811566576,0.009161217257759343,-1.6949135150934325e-07
3548,0.803131335583239,0.8964401842327472,0.012416070929423852,0.03683752291643729,0.012416628724243522,3.355832389750901e-07
3549,-0.25583570251712184,0.3721070831822602,0.016641563596582018,0.06418960839052135,0.016643610562622254,2.974828781643346e-07
3550,0.797122672195352,0.8988486116915696,0.00933295242724609,0.02930617028951494,0.009334918449753333,-3.278046479815444e-07
3551,0.8235906574227417,0.9091573032944533,0.010876328068164074,0.027675489636056743,0.010877449591955232,-3.4257725822772755e-07
3552,0.7220893597956917,0.8547940564867381,0.01602401027255859,0.05391165625400343,0.016028186722747566,3.5979569168453907e-07
3553,0.7981888367816374,0.9132576227881729,0.01966996705048826,0.060295613526177655,0.019675519436819635,-1.6321836260324574e-07
3554,0.7992505903942105,0.8973268845001985,0.008478700620312505,0.0285638431760731,0.008480200306423814,-4.096057895086602e-07
3555,0.6914699876775287,0.8532180949168664,0.03176060487949224,0.08096151192032977,0.031776745209909966,-1.2322471376613464e-08
3556,0.7584602255943648,0.8875893860454713,0.021427679962988253,0.06374713592919717,0.021437452894738848,2.255943647444525e-07
3557,0.8335003144655048,0.9227721604478009,0.01651123275400389,0.05424888878553467,0.01651476147464851,3.14465504747119e-07
3558,0.9003104204940926,0.9507570521611852,0.007775136210937506,0.030571162351836014,0.007776288949348264,4.204940925456313e-07
3559,0.6094342852497256,0.7871938775640052,0.015319016442675758,0.04616655825709172,0.015321930108403155,2.85249725617831e-07
3560,0.33833997310204933,0.8156056576923052,0.020797887048925785,0.0523961231689547,0.020801224426494486,-2.6897950644588775e-08
3561,0.5222574337768869,0.7321099122624056,0.015558845891533191,0.05686239811716807,0.015559652211693576,4.337768869655534e-07
3562,0.7631241094723304,0.8818961123389787,0.01143134744199219,0.03257171945439108,0.011434072006410017,1.094723304229106e-07
3563,0.8216916185020425,0.9084110170106314,0.01148430178242187,0.03178745494172323,0.011486770799479299,-3.8149795744679693e-07
3564,0.5759564472936807,0.7806482517394795,0.023094831274609377,0.07172892883553456,0.023103330976213525,4.4729368064988506e-07
3565,0.5946681514248113,0.778743348031579,0.02331160065361326,0.07752702750752732,0.023318507940779234,1.5142481135654862e-07
3566,0.7376110521928803,0.8663001600925534,0.018517491678808593,0.057840008240653204,0.018524675557252034,5.219288023994295e-08
3567,0.7586473966787657,0.8824612735287446,0.016863799432031253,0.05995363448371375,0.016867088723484233,3.9667876572391236e-07
3568,0.8273038530740475,0.9142647561442977,0.010298584427832033,0.033232519005841316,0.01029989940671938,-1.4692595251553087e-07
3569,0.8161874019070123,0.9060691966019755,0.013854656256738292,0.043372904841805573,0.013858602881949808,4.019070123373325e-07
3570,0.6004883613547117,0.7819662739813592,0.01993953196982423,0.06171531745625197,0.019944284467442407,3.613547117087279e-07
3571,0.8657821219419312,0.931823304280296,0.007070084957812494,0.02439345517496628,0.007071258653809364,1.2194193110826035e-07
3572,0.8823857957933907,0.9414793151477797,0.006008516971220705,0.020381532444961097,0.006008790687319456,-2.0420660928888168e-07
3573,0.7476186772428162,0.9000337485466757,0.021305004986621086,0.06627809655886058,0.021309516839966854,-3.227571838682053e-07
3574,0.9129350993737201,0.956046960703505,0.009495031329492181,0.03012320873370405,0.009496709050401836,9.93737200305489e-08
3575,0.894354540428881,0.9512458060283591,0.010435526777343742,0.03140101280242044,0.010438327699034387,-4.595711190491514e-07
3576,0.9016411586465622,0.9583350248116487,0.012404492321386731,0.0379357710483932,0.012408799274154479,1.5864656222053242e-07
3577,-0.1061457537649797,0.32803344124904127,0.021378605333886688,0.06772942521765932,0.021382074192685323,2.462350203041863e-07
3578,0.7059472558995257,0.8447004496147444,0.02018701882548828,0.06026581793129516,0.02019305414166458,2.5589952568072505e-07
3579,0.6131915654196243,0.8106679265973712,0.014415894384511728,0.05938132167335225,0.01441712542320452,-4.3458037568555596e-07
3580,0.830555746920301,0.920663604091891,0.021275653134277355,0.06008400552223631,0.021285744273536827,-2.5307969897525595e-07
3581,0.8474619141822396,0.9208965541907735,0.015285483633789069,0.043257060025255104,0.015288457988002175,-8.581776045346601e-08
3582,0.6178199382022671,0.791412128366321,0.018422486808398468,0.06280023068246106,0.01842673267218604,-6.179773293091273e-08
3583,0.4745422100376486,0.7307758392849488,0.020440995518183555,0.0803864085307531,0.02044208343380307,2.1003764860694218e-07
3584,0.7915673560953387,0.8941851238298225,0.01301709825507813,0.03441044158670944,0.013020321795099387,3.5609533866054477e-07
3585,0.6271709018046853,0.8100348711742782,0.022313606498828163,0.07605714717267725,0.022317295779920455,-9.819531476829013e-08
3586,0.6472597953302013,0.8198119958443116,0.01282693275136718,0.04385947080896424,0.012829802019837718,-2.046697986646251e-07
3587,0.19477764818106147,0.6632204985114846,0.01905435811041015,0.06168015427061147,0.01905534614020685,-3.5181893853764024e-07
3588,0.6536204802196739,0.8143946108075925,0.025571926626757776,0.07570976116278315,0.025584245461414842,4.802196739150943e-07
3589,0.6633396908059825,0.84873707063931,0.01876195951308593,0.05277806479823218,0.01876703788667499,-3.0919401750040265e-07
3590,0.6143188112092604,0.8046461027664779,0.027732544692382816,0.08359372524809736,0.027745682872529705,-1.88790739596989e-07
3591,0.5359794004577296,0.7953321707479369,0.01609774637080075,0.05322306848291422,0.01610067614482605,4.004577296434775e-07
3592,0.9658124562235084,0.9828160319333812,0.0034971176175585925,0.009977593820344953,0.0034972661793974784,4.5622350841600934e-07
3593,0.957508882649437,0.9797684067271074,0.005230129532519532,0.02344083440387222,0.005230844836427632,-1.1735056304473801e-07
3594,0.8672791709904689,0.9354777996484783,0.010239624569335942,0.03324015013229077,0.010241080932973259,1.7099046889512692e-07
3595,0.7852473012867177,0.8873338484611949,0.016594025191796872,0.05558390896776422,0.01659989523180884,3.012867176854783e-07
3596,0.8661284977363434,0.9315149368455069,0.012835655291503878,0.03824672714366453,0.012839063545460936,-5.022636566653915e-07
3597,0.5577000618561475,0.7780422164454913,0.018829852330761704,0.0650460095878124,0.01883488010989126,6.185614753739799e-08
3598,0.7427265930997485,0.8706236304332454,0.012919591132812507,0.042015103210760886,0.012921996053251174,-4.069002514928144e-07
3599,0.7162353319928191,0.850745339836867,0.018401507630175812,0.05494081699791405,0.01840793723917122,3.319928191247712e-07
3600,0.6682330997411934,0.8397635475001465,0.016273410585156255,0.04756497142494477,0.01627645587261417,9.974119341560339e-08
3601,0.8161422975550721,0.9164978908665691,0.017920039487695334,0.04912147748594755,0.017923778330498984,2.9755507202633424e-07
3602,0.8464070152326856,0.9203759927111644,0.008126639697597667,0.03059283515094189,0.008127109052124054,1.523268555736479e-08
3603,0.45816107685808183,0.6808618503017336,0.012643320323945313,0.06598259426374951,0.012644028893807236,7.685808184332288e-08
3604,0.9604303460685303,0.9873575954676196,0.0037383433482421845,0.019943196388440866,0.0037388725849088035,3.4606853027696616e-07
3605,0.4413441421604175,0.6883453337463735,0.014907043892080071,0.06079077545239617,0.014907888662797195,1.421604174933755e-07
3606,0.8144476328931782,0.916725343188954,0.009121728465917973,0.02541604710869694,0.009122735052082697,-3.6710682171925413e-07
3607,0.6298376331790765,0.8164698823447795,0.015141763266503924,0.05487526783880383,0.015145692801355541,-3.668209235252462e-07
3608,0.8908446101179256,0.9441006542815796,0.005524138743779299,0.019484141828679077,0.005524337753793139,-3.8988207440304734e-07
3609,0.7516795471095913,0.9097470317845259,0.011321618483408184,0.029913878175942734,0.011322300890371262,-4.5289040873086606e-07
3610,0.21071878143997147,0.6952498162956673,0.02772637700214845,0.07155595973111643,0.027732434051389344,-2.1856002851983192e-07
3611,0.5441330347291018,0.7668757702718385,0.024890073660937553,0.06395811649742454,0.0248984296859831,3.47291018165663e-08
3612,0.8560440014088446,0.927661988637111,0.011184903539843744,0.027330113287587512,0.011188541129245477,1.4088445965398932e-09
3613,0.820782039034088,0.9070402435096675,0.013052282116699203,0.034790779814851236,0.01305601777631346,3.903408796190888e-08
3614,0.801549858835893,0.9228986949873489,0.015503046724804728,0.03957134328407328,0.0155075837367081,-1.411641069593017e-07
3615,0.8750698278501226,0.9530176384195671,0.007583807770019535,0.030038153580125942,0.007584614022833237,-1.7214987746427823e-07
3616,0.4437235716151755,0.6813053242636455,0.017840940772548868,0.06186360076399724,0.017842437430636453,-4.2838482450235915e-07
3617,0.3396847751635079,0.7036446813270445,0.024818816837207065,0.07262710103573741,0.0248268576183394,-2.248364920909296e-07
3618,0.46095090809691464,0.7163505673079008,0.01983114630527341,0.06730232377886064,0.019836615595431876,-9.190308536410896e-08
3619,0.4528452182862115,0.6863683311987178,0.012619127028906251,0.05506588958471412,0.012622231281143047,2.182862114952222e-07
3620,0.8830338456355833,0.941848904733918,0.011824323667480477,0.040460546483272665,0.011826095295790625,-1.5436441669347545e-07
3621,0.9199632677947542,0.9686949490228194,0.008312731065175778,0.026197726198743027,0.008313553618396453,2.677947542606418e-07
3622,0.6269441358465468,0.8146963069839668,0.017432881206249962,0.05809257534303924,0.017439908598235722,1.3584654690035336e-07
3623,0.578147514354511,0.7774123315312155,0.022041673946484316,0.062389858165463885,0.022046722586430454,-4.856454890456163e-07
3624,0.3753695583144807,0.6806022091967873,0.017509302614160158,0.06677309704275632,0.017511335426288785,-4.4168551927015187e-07
3625,-0.27171936082436354,0.5518292119619194,0.03149859434564447,0.08518378631984692,0.03150088394612793,-3.6082436355444614e-07
3626,0.9085966558237197,0.9534482579852637,0.0075480201158203055,0.01863289766848625,0.007549047295058221,-3.4417628025362745e-07
3627,0.7576805811105294,0.8774926322023092,0.017222201726855475,0.05216294401338363,0.017227329053733413,-4.188894706658175e-07
3628,0.940224458917068,0.9699256621643155,0.006984948488574214,0.02089948379272104,0.006985741088662411,4.589170680135979e-07
3629,0.6771633803053203,0.833029306663807,0.021536079321289054,0.06639646337669379,0.021543870547890184,3.803053203466078e-07
3630,0.9596662168037564,0.9809732093221614,0.005144911426503906,0.0129042035070625,0.005145290772739273,2.1680375639210325e-07
3631,0.4784430794180534,0.7012491011585154,0.015096010243750013,0.05963511719943508,0.015099278780097758,7.941805341138419e-08
3632,0.5128090348793839,0.7384388842512376,0.013546000654599596,0.05216837906002391,0.013546650966456034,3.487938393664791e-08
3633,0.40242827891366106,0.7759629069685355,0.012516440162734375,0.04715711233098033,0.01251691311404605,2.7891366105592397e-07
3634,0.8018183569350146,0.8988554057839272,0.01394486482128907,0.048317974527376926,0.013948982835817162,3.569350145449235e-07
3635,0.7845427221530454,0.8860445908081344,0.019141617204296885,0.05241235138734069,0.01914594055679239,-2.778469545550166e-07
3636,-0.1733029272680804,0.5889513211720717,0.02978050416445315,0.08499660207743216,0.029785291804601353,7.2731919625868e-08
3637,0.17119958121244372,0.559416152204638,0.013702489123945312,0.06337336601260946,0.013703049376407797,-4.187875562722265e-07
3638,0.6838350997582427,0.8569131242114241,0.020734923508789072,0.06024215053532507,0.020744012354668582,9.975824277752565e-08
3639,0.5949314607522799,0.784582412819258,0.02134112938408205,0.06014632725913716,0.021344111342130313,4.6075227988495726e-07
3640,0.888519743879031,0.9538152801641508,0.006738440097851563,0.01829643297877467,0.006738988340700354,-2.5612096898885994e-07
3641,0.666903139689853,0.8275076088760764,0.01579808088847655,0.04178367232332189,0.015802038614921313,1.396898530181545e-07
3642,0.6411114733548096,0.8397605410386493,0.026402678857324207,0.07115565015916671,0.026412031154183262,4.733548095714468e-07
3643,0.8576798598219344,0.9329769644350466,0.010699591610253896,0.030082242540159555,0.010701935800798671,-1.4017806559962764e-07
3644,0.9352351737297145,0.9681578486343364,0.008950338517773434,0.023954526025289174,0.008951595298479192,1.737297145032457e-07
3645,0.7451076117105953,0.8824707389045926,0.014885661813085926,0.037739145374467056,0.014890848729021942,-3.8828940474022744e-07
3646,0.7478582781780687,0.8830212039843293,0.014071427045400388,0.039248706053684024,0.01407253302870934,2.7817806869112616e-07
3647,0.0789427381385649,0.6315519659166019,0.023580528839843753,0.07124712486024394,0.023586340806689147,-2.61861435105204e-07
3648,0.49436528148254977,0.7363752080860625,0.031964581362597645,0.10753942043893466,0.03197255982075336,2.814825497687856e-07
3649,0.7836479935716,0.9188950538906531,0.015272980345410164,0.042389700663407005,0.015275506753834428,-6.428400034508286e-09
3650,0.6877772543436533,0.8326787806280784,0.025089136349511727,0.06596289812364568,0.025098379648534314,2.543436533608556e-07
3651,0.40848240206375996,0.6689588468091894,0.008809944588320297,0.05342419935848812,0.00881011496634072,4.020637599522203e-07
3652,0.08826267410374411,0.5079319159004958,0.017010282880537096,0.06906779408846853,0.017011615615415074,-3.2589625588441695e-07
3653,0.9530250549765702,0.9797206703379637,0.005617929364648445,0.019109721500470515,0.00561869638637702,5.497657018516122e-08
3654,0.2947488664414428,0.7113188714167172,0.02091649384667968,0.06362612119632796,0.02091800116939546,-1.3355855715824205e-07
3655,0.8539843688823262,0.924200867013233,0.008199068285937507,0.023784110069281057,0.00819998231336603,3.688823262404384e-07
3656,0.6550303985800076,0.8453497763307807,0.01209965691289063,0.038524547761908674,0.012101411289579372,3.985800075545498e-07
3657,0.3923853145367332,0.7859734926658258,0.02122078992324222,0.0614460761347112,0.02122517636700813,3.1453673321468756e-07
3658,-0.5366545866137429,0.6317089314176472,0.028471222521562527,0.07843904028537252,0.0284738683085652,4.133862571142899e-07
3659,0.7553726375573662,0.8702979348277148,0.012060861785683597,0.040449704727693096,0.012061643969424123,-3.624426337944797e-07
3660,0.7528606859204978,0.8701393006256359,0.012619972490771483,0.03420330110107221,0.012620857340467915,-3.140795021838727e-07
3661,0.703306515793062,0.8452103874033098,0.009725139836884769,0.039422692505046826,0.009725797188733544,5.157930620391937e-07
3662,0.7383813420779788,0.9129050890862921,0.013588812883496101,0.04250141376239674,0.013590528796480887,3.4207797883212265e-07
3663,0.024316748918373765,0.7366770163335586,0.026294080652929683,0.06749954053565241,0.026299300164576284,-2.510816262332738e-07
3664,0.8096971961808976,0.9074637934966812,0.008246329097050776,0.02578296271936631,0.008246783458121132,1.9618089763806523e-07
3665,0.4598910777405327,0.7209210684884734,0.021299341097851546,0.06469645447362322,0.021306573430966154,7.774053273346127e-08
3666,0.5487638588073587,0.7967464246621794,0.02202087160097665,0.07188961003818978,0.022027877437431148,-1.411926413563691e-07
3667,0.8076179567098326,0.9038406011807659,0.012058823179589843,0.039602872398357074,0.01206169658087633,-4.329016733972679e-08
3668,0.8327279433150245,0.9195906531992927,0.009192938343164071,0.02950235664827291,0.009195477933707941,-5.668497549127238e-08
3669,0.6683119924873703,0.8204260226332669,0.019503320155664094,0.06539405677030058,0.019509345355551926,-7.512629740524801e-09
3670,0.28466909553947006,0.582149750821666,0.010940752575996103,0.055673981107515896,0.010941010063477499,9.553947005747077e-08
3671,0.8301105533562063,0.929431796263597,0.01116219078428713,0.03138827358725184,0.01116301680254356,-4.4664379372783003e-07
3672,0.16811676565658296,0.6411124055246097,0.028637907483789027,0.07978882030110829,0.028644370590465155,-2.3434341703265638e-07
3673,0.40489965952993767,0.701480941313436,0.038447782276367325,0.10752209492091558,0.038466754518216704,-3.404700623099721e-07
3674,0.93990877817006,0.9704130163451578,0.007125453923242188,0.021243516481794164,0.007126539257400432,-2.2182993997255096e-07
3675,0.847270219250871,0.9449970629537656,0.014234162039160132,0.038953713691595095,0.014237978183229276,2.1925087101415386e-07
3676,0.8645646157290918,0.9408550837286866,0.019323640088476528,0.05158273221311361,0.019333279572738407,-3.84270908204698e-07
3677,0.8867436562200274,0.9423842382040292,0.007971980136035171,0.030592078341903275,0.007973802937818191,-3.437799726002666e-07
3678,0.6370851054086308,0.815162991602342,0.014276822986914043,0.04958871073740604,0.014279225587992639,1.0540863082386664e-07
3679,0.7404653323388686,0.8649799151659636,0.014119068929589853,0.05094103665761072,0.014121372334413906,3.323388685361195e-07
3680,0.8708035294009985,0.9335348223086752,0.007270588151171873,0.02171692713368419,0.007271594640218084,-4.705990015452244e-07
3681,0.5999289614280239,0.7921502267778283,0.018909326325292953,0.05877748622492879,0.018914172639440167,-3.857197616863317e-08
3682,0.5190103467402851,0.7260747690048751,0.01074847926091797,0.05328503226145099,0.010749043326748168,3.4674028515091493e-07
3683,0.6252254412528528,0.8299895841389155,0.0183051619053711,0.06364697567524116,0.018311588443399775,4.4125285281193527e-07
3684,0.8518068756684548,0.9259786044203202,0.013047970429394517,0.041274619545847636,0.013051794662658572,-1.2433154517044187e-07
3685,0.9117495812840721,0.9566070098965115,0.006917263106640619,0.018251935033009935,0.006919023959491775,-4.1871592781905775e-07
3686,0.5004056946201153,0.8043863209761786,0.02228384398916014,0.05357420408008806,0.02228813481840928,-3.053798847130196e-07
3687,0.7233894494747036,0.8544066236083515,0.023652789917773427,0.07088477360161081,0.023657966768256437,4.4947470367873166e-07
3688,0.489304258150285,0.7546447873267463,0.024739363000390643,0.06788399954508229,0.024748432172253264,2.5815028498188397e-07
3689,0.31822564482483584,0.7512484910216699,0.025031204826562507,0.060679604149194245,0.025035744906183197,-3.5517516416838646e-07
3690,0.6905699967572505,0.841630356733174,0.0162730249233398,0.052654542198449214,0.016279179763764473,-3.2427495133546813e-09
3691,0.410311930608413,0.8240736899555656,0.0226313993993164,0.05934059720967757,0.022636555006011035,-6.939158703200832e-08
3692,0.7421691947691302,0.8768446193658511,0.02292168437353515,0.06513065370849885,0.02292693435950218,1.947691302683907e-07
3693,0.31237199328990783,0.809389262540073,0.02002252574199221,0.07173322626212926,0.020025908858957116,-6.710092148587421e-09
3694,0.557928637448926,0.7592813843634224,0.018923550213378913,0.07462638089229186,0.018926521930937464,-3.6255107405125386e-07
3695,0.7789791672527645,0.8931923758072778,0.01336401919580077,0.05049889748064094,0.013365915688250959,1.6725276452689286e-07
3696,0.8314652781650596,0.912523402073356,0.008959458956542966,0.02740203066495526,0.008960888180572037,2.781650595418128e-07
3697,0.4067648817401682,0.7016347188124669,0.020815178558593748,0.060927147890583976,0.020821562570442907,-1.1825983176061428e-07
3698,0.34008350046437497,0.6920225579463005,0.024357848086621097,0.07263073053515585,0.024363072501452,-4.995356250314664e-07
3699,0.5285142811427801,0.8020757156377312,0.018054447694335934,0.05870256484007682,0.01805942049302028,2.8114278005642035e-07
3700,0.888532929532516,0.94856978456147,0.007673212147070318,0.020239696318657865,0.007674870311243419,-7.046748407013581e-08
3701,0.542817794280835,0.7605132331680466,0.024501227274316403,0.07240712218041995,0.024508363891757243,-2.0571916503620002e-07
3702,0.8814297128827657,0.9441501446752295,0.010972576509472665,0.03726733072644649,0.010975806591667914,-2.8711723432106595e-07
3703,0.7448793453416646,0.8739086336981813,0.011985456061425781,0.0408803728707057,0.011986721841272136,3.453416645982088e-07
3704,0.42558402573722587,0.6795567298149232,0.018001984216699195,0.06108013721768846,0.01800713226133568,2.573722585053062e-08
3705,0.4801724542223419,0.7242526382136442,0.023880366259863253,0.07299713466984556,0.023888710292537297,4.542223419057301e-07
3706,0.49379234775083225,0.7145357481338855,0.014442626858105455,0.0588928213624941,0.014444744378185203,3.4775083224136694e-07
3707,0.8424177315045978,0.9201203713553484,0.007590869912890627,0.02404672756286271,0.007591891339616863,-2.6849540224471724e-07
3708,0.20485101534068406,0.4946288273482418,0.023645497487500014,0.08080441163146795,0.023652140465514584,1.5340684056397436e-08
3709,0.9506206646442347,0.9790053880778463,0.00649478458193359,0.01929372924628476,0.006495681326979983,-3.353557653795747e-07
3710,0.49677779779766573,0.7623865062936733,0.019385401452734374,0.06515463391905425,0.01939038876931202,-2.0220233426515577e-07
3711,0.9228582074629882,0.9607068256053215,0.0062557615869628935,0.017042362873429456,0.006256148229560899,2.0746298823315357e-07
3712,0.7417269857726585,0.8676964549984894,0.014892202830175772,0.041972640978503534,0.014895776222621145,-1.4227341527117687e-08
3713,0.1562027794549723,0.7975992048295817,0.027571139983984385,0.07497448319773556,0.027577375165081245,-2.205450277126264e-07
3714,0.7724743556215656,0.8808205953096161,0.013347075910449206,0.05242111298302571,0.013349203311574635,3.556215656397299e-07
3715,0.8506249311760447,0.927158110610946,0.00835860945361328,0.025776985432138563,0.008360274953312352,-6.882395531260244e-08
3716,0.17680612515307148,0.47887176995872033,0.01895542865097658,0.06496783048636313,0.018959390293311867,1.251530714896365e-07
3717,0.9020414780673743,0.9501606752937958,0.008090005776269532,0.0225644681342444,0.008091751309441802,4.780673743542962e-07
3718,0.537637780158513,0.7394742971727801,0.023579242088085955,0.07132053038739307,0.02358632422157655,-2.1984148690368244e-07
3719,0.3540280706037887,0.724359354975825,0.01976864358193357,0.05268439197696524,0.019771558117201406,7.0603788704382e-08
3720,0.8251937423579967,0.9208878381720834,0.014486371551757825,0.03724461894758062,0.014490448193019312,-2.5764200328737275e-07
3721,0.8017906123627718,0.8954492092180792,0.01110671685117185,0.034643586526935874,0.011109586126202579,-3.876372282052287e-07
3722,0.9832067471226932,0.9921769087918949,0.002419138546240233,0.009669712993941936,0.002419320609357892,-2.52877306872179e-07
3723,0.8670976933448121,0.931684387237198,0.013924281375781238,0.03814800122146995,0.013928309056946345,-3.066551879093993e-07
3724,0.8708649442915435,0.9351943360200462,0.00732629336455079,0.0215816563778929,0.00732658483111487,-5.570845651448053e-08
3725,0.9340675174130737,0.969969668358882,0.005304576891503913,0.014390194628237945,0.00530481323313452,-4.825869263092031e-07
3726,0.7397994362474819,0.862022374378045,0.022885699580761733,0.06332078081471373,0.022894470688295466,4.362474819163964e-07
3727,0.623505843251859,0.7928168114544855,0.010652264596015629,0.044755159539406265,0.01065270074826404,-1.5674814102251133e-07
3728,0.8393253593266626,0.9163922143302952,0.013153645890820327,0.03436333984632431,0.01315519099036597,3.5932666264670843e-07
3729,0.5741713892519478,0.7961180666806265,0.020323332332910168,0.06367946430236807,0.020329645425781,3.892519477854961e-07
3730,0.837481295001061,0.9164055769081142,0.013127813475878916,0.038432919795337174,0.013131878909924432,2.9500106102364754e-07
3731,0.7699538322916017,0.884047793658234,0.015780855613085933,0.04614189605938195,0.015787194620082223,-1.6770839827984219e-07
3732,0.7236606011860982,0.854349235434916,0.01713702060810543,0.058301698503917476,0.017142802345624018,-3.9881390179186127e-07
3733,0.23921469010687246,0.6432812442069166,0.030184918070605478,0.09129077231138087,0.030191585480710804,-3.098931275480332e-07
3734,0.7743581945125899,0.8811035150032811,0.011980205280078145,0.043410531957026016,0.011983246620880576,1.9451258992386755e-07
3735,0.6277629034853457,0.7956407129278196,0.02006835991181639,0.06130307975570095,0.02007610977804018,-9.651465426863126e-08
3736,0.5152414930928162,0.7338293908112526,0.02434018786142574,0.07523286910163558,0.02434766421345894,-5.069071837837669e-07
3737,0.7871579609304097,0.8944008167247404,0.017511096481542986,0.056614662497443485,0.017518117203360082,-3.906959034072344e-08
3738,0.3967967597308232,0.6554520839789247,0.03709313192490236,0.10048900347337193,0.03711004250368475,-2.402691768321752e-07
3739,0.7339248055304937,0.8616993862575919,0.012882822525390629,0.055916126810745044,0.012884691654781752,-1.9446950638712934e-07
3740,-0.010905394204432817,0.5439306831564381,0.013417649447353528,0.06205819725743555,0.013417966700684762,-3.9420443281694417e-07
3741,0.754549927739924,0.869646564455583,0.014302937100097645,0.05363716028479143,0.01430730635687967,-7.226007603389206e-08
3742,-1.204459434843483,0.6000265466987533,0.03329162274021482,0.09457501759940139,0.033294520240120425,-4.348434829992698e-07
3743,0.5990723340127649,0.7772026042059913,0.017285883696679695,0.07309314044515111,0.01728794586855709,3.3401276489097853e-07
3744,0.8964496686617918,0.9471942478197982,0.005825386154023423,0.02053101574693971,0.005825677303198923,-3.313382082037464e-07
3745,0.3776532840876674,0.6424450065597717,0.01682199514289059,0.0676711268110644,0.01682254602020691,2.8408766739040914e-07
3746,0.8326593970467049,0.9293334430940623,0.011339520280888672,0.03170789318717337,0.011340539265652065,3.970467048475257e-07
3747,0.8284896510565118,0.920191105437605,0.008618585707714862,0.0273524825894122,0.008619130562260937,-3.489434881043252e-07
3748,0.8384191761668619,0.919988050168136,0.012290865895117183,0.039524586820618206,0.012293060767027669,1.7616686187604813e-07
3749,0.6932807557790669,0.8330737055197698,0.019514481077441376,0.05595107059437977,0.01952041578160959,-2.4422093314324655e-07
3750,0.5493328483827778,0.8047829009820914,0.021348980180468723,0.06563757703594104,0.02135687735144935,-1.5161722211054496e-07
3751,0.8470943049896346,0.9293675014162557,0.013391046036035165,0.04599012054541169,0.013393650356342513,3.049896345475034e-07
3752,0.97011520072106,0.9854526495560222,0.0039154828704882835,0.010683692567265857,0.0039157522909270045,2.007210599952458e-07
3753,0.682491205159278,0.8266783769471996,0.020447520634472662,0.06434583927393682,0.020454058135989217,2.0515927801056932e-07
3754,0.40824998443539184,0.7610601698340256,0.027927233610546852,0.07516091391442858,0.027931278598761627,-1.5564608157880855e-08
3755,0.918561968526182,0.9603766406466667,0.007738321714218748,0.021345168463070073,0.007738947632796509,-3.14738179962859e-08
3756,0.9477565233154153,0.9830803656394,0.008122256742285151,0.023367915973234225,0.008123539996777238,-4.7668458469374286e-07
3757,0.6579501118593926,0.8774853201068253,0.018852823346191414,0.051738881808671346,0.018858188176366752,1.1185939252644772e-07
3758,-0.11519797629618989,0.7356643535711426,0.03205219913779295,0.08210898996586727,0.03205944531621354,2.3703810109187984e-08
3759,0.49918684461758833,0.744747426507441,0.01769036649355465,0.06443370108105889,0.017693389968341862,-1.55382411659577e-07
3760,0.871134736451354,0.9334213694641921,0.011058246548828138,0.03312759186701688,0.01105999285534004,-2.6354864601785266e-07
3761,0.8882096440355675,0.9452419277664303,0.011859360633300774,0.03463866965608702,0.011861249175463866,-3.559644325967781e-07
3762,0.772576449720072,0.8860728361436687,0.010391942884667972,0.04151561298464453,0.010395563074016451,4.497200719599803e-07
3763,0.31421197732240813,0.5976647772937118,0.026835335129003903,0.08133224509376613,0.026840266330095133,-2.267759185992091e-08
3764,0.7435331599813684,0.8644763703630396,0.01592695312548829,0.043325473647266986,0.015928425254442945,1.599813683750284e-07
3765,0.8602729813548519,0.929067585298378,0.010865739686718758,0.033532019537055174,0.010867012803996899,-1.8645148092133468e-08
3766,-0.11729137438841208,0.4211943607347518,0.014305170832099616,0.06340841608506359,0.014306255457566691,-3.7438841207770857e-07
3767,0.6255762456008956,0.8369362157925395,0.02415722214121097,0.07065804856513906,0.02416827937070586,2.4560089562086773e-07
3768,0.5081715999517746,0.7251553317170784,0.024377042586132824,0.08050031520607014,0.02438618240292791,-4.000482253241344e-07
3769,0.6660913589724793,0.8571865771983609,0.024032202802148434,0.06231251081519271,0.0240399477785682,3.589724792973925e-07
3770,0.6393236505934455,0.8048898525160183,0.016735550838183597,0.05497895619785865,0.016739312945202228,-3.4940655446735747e-07
3771,0.6690275723485848,0.8769008248324894,0.017439910088476576,0.05254487161719919,0.01744562815478873,-4.2765141516909466e-07
3772,0.7455234379636719,0.8790715033811957,0.01783555636982421,0.06727319539092577,0.017838677603244448,4.379636718843116e-07
3773,0.5982181316369082,0.7746128589462427,0.012488874375039056,0.052093690213068956,0.012489556332541627,1.3163690815165552e-07
3774,0.6840442831072377,0.8426391517443103,0.012847942803916013,0.04428384005609722,0.012849069587397614,2.8310723776403535e-07
3775,0.7042259207501431,0.8454248331177602,0.019354011366796917,0.052664587493132714,0.01936071183617738,-7.924985689911068e-08
3776,0.709848183023604,0.869078211889634,0.01716632544658204,0.05737481787222185,0.01717421338074115,1.830236039390698e-07
3777,0.3033815869387336,0.5850567221634755,0.01615753816015628,0.06438680577587093,0.016160522727510954,-4.130612663577615e-07
3778,0.3678601546580429,0.7192646374622248,0.016420958075097643,0.05341974868359316,0.01642444821942848,1.5465804287240204e-07
3779,0.39935315363054213,0.684413861329241,0.021352708576757785,0.05761053552978836,0.021356349674204612,1.536305421212525e-07
3780,0.7982238840117177,0.8955021062780939,0.011133564772001968,0.03190617214671704,0.011134494224352726,-1.1598828231207392e-07
3781,0.9192459457827398,0.9588402032543893,0.010851935758984368,0.030275039900997513,0.010855499610822201,-5.421726023691065e-08
3782,0.701474064110645,0.8622674856810298,0.021920669560546866,0.060292868547755694,0.021932023650757936,6.411064490396967e-08
3783,0.4058098850997276,0.6609767759579634,0.01785398913412108,0.06163436242854031,0.017855151908036725,-1.1490027240768086e-07
3784,0.8361818498739524,0.9412538673207079,0.01002300446621095,0.03257290309166889,0.01002495885700252,-1.5012604759334636e-07
3785,0.35225448506720336,0.8143843316604581,0.02338631494287107,0.06838238291696777,0.02339277508696053,-5.149327966247341e-07
3786,0.6262046517889304,0.8042345403158614,0.0288797282913086,0.07824929924060164,0.028889870846050682,-3.4821106964511017e-07
3787,0.4994904572968809,0.7401374957160303,0.010860310670546876,0.04473262111555875,0.010860532567192207,4.5729688091800114e-07
3788,0.7425753857851362,0.8884771684842943,0.014218972952080074,0.04643290344097042,0.01422003826544378,3.8578513616993604e-07
3789,0.6904327130665344,0.83496143870999,0.010751486727343757,0.04222511430288045,0.010753963952408428,-2.869334655430933e-07
3790,0.8529973585262336,0.9276506321694578,0.010415657643359395,0.032042953733688026,0.010418812666127188,3.585262335903394e-07
3791,0.630338695119357,0.8075780889463268,0.008884123359013679,0.03613150951850095,0.008884468910836739,-3.048806429539752e-07
3792,0.7762718463421212,0.9092336704928354,0.01865481687558589,0.051681451208296626,0.018657962678993827,-1.5365787875420978e-07
3793,0.9583600422702188,0.9840266444241934,0.005622086546054687,0.01699700940495612,0.005622499836788739,4.227021876967996e-08
3794,0.7403106724271833,0.8657773297090311,0.01298202939169921,0.03681417560285447,0.012985661552656628,-3.275728167606573e-07
3795,0.7597548744821306,0.8943007428922728,0.018469903865722684,0.04562403343657749,0.018474605737866155,-1.2551786932046838e-07
3796,0.6093661451180239,0.8064315979559651,0.02577538323554689,0.08497920888020546,0.02578054665881974,1.4511802393091244e-07
3797,0.6980191376748722,0.8506331477182403,0.01405042325068361,0.0406502537853624,0.014053928857076146,1.376748722803356e-07
3798,0.31034849465565084,0.8325400616441244,0.02193777995654299,0.06275152250031668,0.021942900586932598,4.946556508289568e-07
3799,0.892033550060413,0.9447271706905909,0.009714566508105453,0.023771882051754074,0.009717238689469901,-4.4993958703276604e-07
3800,0.9446689834327934,0.9738990213035825,0.006028901573730467,0.019971600435581983,0.0060296557576459435,-1.656720660658806e-08
3801,0.7257096931680915,0.859249103877828,0.013680619082714833,0.05278412792731026,0.01368481376277725,-3.068319084365001e-07
3802,0.5267789891546508,0.7815693360005921,0.024425108361523434,0.0626920399110183,0.024431278896340444,-1.0845349174282148e-08
3803,0.6529459053305013,0.8080538986494291,0.022388205210937494,0.05899012861450214,0.02239455093984963,-9.466949868475183e-08
3804,0.5409499610065893,0.8009191613462269,0.024218953780664052,0.060935628142853866,0.02422457524838772,-3.8993410722554245e-08
3805,0.8265185650761266,0.920386969326765,0.01633793580341795,0.05102079834208817,0.01634096240784309,-4.3492387336030447e-07
3806,0.7013286413483971,0.8766565961530146,0.01744161199960936,0.04863382606255381,0.017445887344588865,-3.5865160286085995e-07
3807,0.9486137306773116,0.9755019710336784,0.0064230133383496105,0.015065347372128564,0.006423631795533782,-2.6932268837320805e-07
3808,0.6728332877471566,0.8215341282066052,0.015149547043945322,0.04498448541101672,0.015152594902040076,2.8774715654655836e-07
3809,0.8355407579722011,0.962179617672314,0.015629330176855458,0.0365366465372354,0.015631632513113416,-2.4202779891346893e-07
3810,0.7767260422291211,0.8904690125047697,0.013314697776269539,0.046984816601107364,0.013318578005458217,4.2229121088865895e-08
3811,0.7698650336890738,0.8812312142389481,0.022433203211035157,0.06524962372804297,0.02244390950799064,3.368907375289609e-08
3812,0.941108632506103,0.97164143761226,0.007760486255566409,0.018508900171116522,0.007761525723331973,-3.674938969799868e-07
3813,0.8436794388549247,0.920385120382496,0.017207140599609365,0.04537522907132592,0.017212070095175655,4.3885492473361154e-07
3814,0.8745428169941336,0.9507409741822899,0.01212110971689454,0.03048953589555418,0.012122616737569748,-1.8300586634989457e-07
3815,0.48719556191859437,0.7135382758078715,0.027682384782226507,0.08865067175878984,0.027686747527005423,-4.3808140565149145e-07
3816,0.9538564364527333,0.9791145391990468,0.005036813623749997,0.012162219404426836,0.0050370882739096436,4.3645273328785095e-07
3817,0.8091536981414482,0.9053457720546313,0.009287886675419929,0.03143983517002096,0.009288597765508042,-3.01858551821077e-07
3818,0.5818099718294532,0.7884639904819146,0.021101118497363253,0.06519571601352728,0.021105252134056774,-2.817054689518983e-08
3819,0.7311966826524919,0.8606019445373685,0.01987108846103512,0.054905090917581646,0.019875959082696695,-3.173475080497923e-07
3820,0.44253556367260716,0.6973022719773276,0.02874641460664063,0.08659706701997084,0.02875760052528671,-4.363273928276179e-07
3821,0.8799218308426948,0.9474450375576545,0.008886298436289068,0.027024125163786994,0.008887062504865007,-1.6915730516320338e-07
3822,0.8856959058212299,0.9419009279550832,0.01303875443183593,0.03944209909271008,0.013044548845217618,-9.417877011586029e-08
3823,0.8529405026417961,0.9559034059458961,0.01001543310810547,0.03303801963106314,0.010017398875378999,5.026417960740659e-07
3824,0.9053226012834821,0.9517947075865136,0.0070925493996093865,0.01837742329498758,0.007093540517602754,-3.9871651791312246e-07
3825,0.713054958105772,0.8459971042420888,0.018362423500781256,0.0593198033857394,0.018370623743066437,-4.189422797562514e-08
3826,0.6269385510114479,0.7935542952672029,0.028844888557031257,0.08008164155789704,0.02885620341778019,-4.4898855211528144e-07
3827,0.6103403112625132,0.7831712972563556,0.02699484453447265,0.07180064805130058,0.02700885788862527,3.1126251320845455e-07
3828,0.4564327395929294,0.6904795671424097,0.02542236489501952,0.0806452449093928,0.025431915749251487,-2.6040707057362056e-07
3829,0.49960553048547174,0.7757098129570723,0.02244096387880862,0.06552033186540458,0.022450555872069795,5.304854717169682e-07
3830,0.9100492505398046,0.95452418850106,0.00827182314384766,0.02544890693924235,0.008272738254298778,2.5053980456934966e-07
3831,0.625542118711035,0.7927958590001135,0.011081827961611342,0.0487176452161676,0.011082636947561439,1.1871103500205038e-07
3832,0.8914129112979906,0.9462556510037746,0.006688876565810548,0.021035750547364018,0.0066893094690215656,-8.870200940425121e-08
3833,0.049066991440715024,0.47608556494652543,0.018522233172167984,0.07501783844921803,0.01852421988178335,-8.559284975229176e-09
3834,0.4280224646115357,0.7027171594251783,0.03122386429365231,0.08970453817499495,0.031231060317214544,-5.353884642844697e-07
3835,0.7354134406992184,0.860867797960382,0.021116887210253853,0.06343908052205338,0.02112410139718046,4.4069921845135696e-07
3836,0.8024981919213128,0.9125013358623069,0.01511067204365234,0.03944972026163234,0.015116482145193849,1.9192131273104707e-07
3837,0.10844688215400711,0.7663742500287603,0.027892251799609327,0.07077673170881353,0.027897918313185426,-1.1784599289466069e-07
3838,0.9642059979597086,0.9820121158790993,0.0032860955046386765,0.010391046259962842,0.0032862578090998087,-2.040291380289716e-09
3839,0.6672536630871608,0.8187263149916072,0.013390465493945318,0.044563083305325234,0.013392745851335206,-3.3691283918280135e-07
3840,0.6583807672209168,0.8462385091807189,0.011044554682343726,0.03551505140226568,0.011045241661361647,-2.327790832312715e-07
3841,0.7732516855403548,0.8816943553615864,0.01133431814267578,0.03848288796941162,0.011336739163408844,-3.144596452120396e-07
3842,0.7673188111803209,0.8862368932855055,0.01780118897705077,0.05802747533909539,0.017808163232537935,-1.888196791144381e-07
3843,0.2011969942950701,0.5691280817139992,0.01213144574023438,0.05224709167493806,0.012133133306199792,-5.704929889605026e-09
3844,0.3518711273976568,0.7023802634190879,0.02420280010761715,0.07171709285192004,0.024208135171491462,1.273976568127999e-07
3845,0.6348307487959297,0.8097182621486255,0.030113229445019523,0.08250238415903006,0.030126269224074798,-2.512040703228635e-07
3846,0.7400503455183783,0.8606962443200811,0.01029315535542969,0.044275682983074785,0.01029405305007591,3.455183783529492e-07
3847,0.6984331050908898,0.8437027816751361,0.012880129977294931,0.04283293797671642,0.012880989771511668,1.0509088987920023e-07
3848,0.01698244035251384,0.7312775106887699,0.03230224927675781,0.07198589475342741,0.0323075492720623,-5.596474861625789e-07
3849,0.7081777520449244,0.8501003581265414,0.020498704617382776,0.06023915018018044,0.02050461446146378,-2.479550755829507e-07
3850,0.7474283558085796,0.873804011508613,0.012151282937304695,0.043122372215649456,0.012152927459295559,3.5580857959960355e-07
3851,0.6379463819796886,0.9000459370348696,0.021631391369335937,0.0576992821728324,0.02163845941847192,3.819796885462523e-07
3852,0.6928670970678241,0.9130962594688032,0.01533056907578124,0.03799634204622645,0.015335189194106806,9.706782411189607e-08
3853,0.43374126976653526,0.7195072778103875,0.017967737102441365,0.06573938498399028,0.01797166279831687,2.69766535276883e-07
3854,0.56434256674968,0.813492840537063,0.013951879581445305,0.0546293759188842,0.013955119103256768,-4.3325032006436004e-07
3855,0.6190368268571091,0.8073888512130658,0.021035441321484365,0.05971362115109391,0.02104147692184906,-1.7314289080250234e-07
3856,0.9339014709553966,0.969009199267783,0.00652519963583008,0.01672230500313599,0.006525758396192359,4.7095539656982766e-07
3857,0.3196746802778615,0.6152315982765335,0.01136565379166015,0.053160732407846106,0.011366550195545517,-3.197221384865223e-07
3858,0.67501438405528,0.8890627378619267,0.014910894814257818,0.038200416118637365,0.0149136123965705,3.840552800227215e-07
3859,0.7943361353397438,0.92647020852062,0.010751237266210953,0.027854479650376705,0.010753189124883041,1.3533974374535518e-07
3860,0.44066554430814375,0.7691913620130904,0.02256676100371098,0.06608436276285735,0.02257239574634666,-4.55691856249274e-07
3861,0.7954503431904125,0.9052641836350144,0.015831282978320305,0.040648459880129044,0.01583512441165025,3.4319041253283444e-07
3862,0.4352005718877162,0.8296262397341148,0.02281190005283196,0.05514168267232194,0.022816061691076382,-4.2811228379013855e-07
3863,0.6581125429770798,0.8306803243290535,0.02305165624453123,0.07003306520638138,0.023060349027579967,-4.570229201750209e-07
3864,0.5469819520150678,0.7531340869966261,0.016446145531640623,0.05402284609714635,0.01644958363937759,-4.798493213886701e-08
3865,0.6661195032524663,0.846438866904465,0.012441344705175788,0.03568637609428888,0.012443310138455467,-4.967475337736005e-07
3866,0.08446334602047512,0.6173325424587034,0.026147720096093768,0.08222882841292306,0.02615433461885905,3.460204751198903e-07
3867,0.733388739813596,0.8629821471056216,0.014367680653320308,0.04426325391503391,0.014372909365394598,-2.601864039775137e-07
3868,0.6892481877741958,0.8338264723055955,0.021994055231445313,0.06772836225885527,0.02200176756603465,1.8777419585891408e-07
3869,0.5562821729081289,0.8582897119482502,0.024327840011035162,0.06286086416821339,0.02433401846699197,1.7290812881487483e-07
3870,0.8534210689741943,0.9306780071966565,0.008245043671386726,0.02344769460506714,0.008246343319008198,6.89741943560307e-08
3871,0.8359871948919757,0.9161487315681156,0.014517576918945318,0.04163757631768904,0.014522427396625607,1.9489197566890937e-07
3872,0.9491089686633288,0.9771499165924326,0.004485170950048825,0.01328216834146935,0.004485371793021774,-3.1336671146853234e-08
3873,0.31249302970024917,0.5817176783233957,0.016244467743554654,0.06678833603610677,0.016246740894934247,2.970024914894509e-08
3874,0.1238865662990567,0.5071505878067214,0.015674650704853518,0.06092570348497987,0.015675102854292605,-4.337009432975325e-07
3875,0.8138120573413553,0.9069842467452365,0.01870880081367188,0.058513502775324085,0.01871942033146621,5.734135533064233e-08
3876,0.7383341968393126,0.8605918277628573,0.01686858773847655,0.05521634388734452,0.016874005499045736,1.9683931251623932e-07
3877,0.6795438576185754,0.8629452197678907,0.019662192440917988,0.05878763048934763,0.019668737524095183,-1.4238142465039516e-07
3878,0.5299260524386791,0.766859846367476,0.01733131153007813,0.05952331115658512,0.01733672228296185,5.243867906568056e-08
3879,0.9130135654022904,0.95779830788668,0.012027758245996086,0.03393241096031795,0.012031877831021146,-4.3459770959763944e-07
3880,0.7411389865586775,0.8893772774990475,0.01680618573769529,0.04738291178377541,0.01681186887732975,-1.3441322499474495e-08
3881,0.8923911332260387,0.9450047690775234,0.005191463555996087,0.018883722391201483,0.005191860172370701,1.3322603864551752e-07
3882,0.6571069107656982,0.8759707402629964,0.027768231062988258,0.07240680741673435,0.027774075714498275,-8.923430183660486e-08
3883,0.348833177772497,0.6250922545160071,0.021453841647363282,0.06905742745613302,0.021458689963689347,1.7777249700090536e-07
3884,0.19908568031924745,0.5338866361049553,0.02615410244208985,0.0764377517916388,0.02615728543583549,-3.196807525640555e-07
3885,0.8674942991929571,0.9516779640058325,0.010215353693457037,0.03106342069106955,0.010216700511023573,2.9919295707614424e-07
3886,0.9387377043351569,0.9693943674424907,0.004983305134521481,0.014475180860846123,0.00498346898968616,-2.9566484305298957e-07
3887,0.8227778310561809,0.913839678633575,0.01453379856269531,0.04812827451705672,0.014539114278054257,-1.6894381915655288e-07
3888,0.367326115705062,0.682132863152841,0.01622495404189453,0.053594697362263855,0.01622789093638599,1.1570506203151254e-07
3889,0.8384341590192357,0.92823683464478,0.010116423543554682,0.031394696303449016,0.010117784811570578,1.5901923566818965e-07
3890,0.9409902532745498,0.9719060547494357,0.006152860798144531,0.02093174282741131,0.006153736195425516,2.532745497774158e-07
3891,-0.32210954571919603,0.6601340540822632,0.03609204636347652,0.08482973375207666,0.036098393926723635,4.5428080397424964e-07
3892,0.6857168540976908,0.8534552998322883,0.01937315876015628,0.05943556248323413,0.01937936340636556,-1.4590230923428038e-07
3893,-0.25163422828496484,0.6026563061285082,0.02711833518417973,0.08245060634196792,0.027121457555541538,-2.282849648205243e-07
3894,0.7392826575564773,0.866359129726904,0.012520913388876944,0.041998596397668155,0.012522089378486385,-3.4244352276058265e-07
3895,0.7997837755431846,0.894982971715139,0.016564159033300746,0.05118000943710524,0.016570620002549902,-2.2445681546745533e-07
3896,0.9718444943951245,0.9858335894694493,0.0033711204749511713,0.009340841029174797,0.0033714124359978583,4.943951245062195e-07
3897,0.8313434256251608,0.9139769852936411,0.013357619597949216,0.04492726100682961,0.013359900695449747,4.256251607825945e-07
3898,-0.06896021379888162,0.7156532029080628,0.022789270859667962,0.06665456036559557,0.022791988109094333,-2.137988816264258e-07
3899,0.8540591645552635,0.9633217275755274,0.011407720921875005,0.039078249271470224,0.011409381528833073,1.645552635265446e-07
3900,0.8961370219857464,0.9467243569943328,0.01170831015234376,0.03340602678840686,0.011710391964933247,2.1985746445629673e-08
3901,0.6691533754216726,0.8180215718528022,0.014230339461572285,0.04517822645386667,0.014231185641751133,3.754216726381543e-07
3902,0.5570167138588077,0.8013997329920493,0.01921512849072265,0.060671019598612215,0.01922080386168674,-2.861411922960855e-07
3903,0.4534005177248571,0.7463433025432531,0.021583424913671878,0.0754637674566818,0.02158639890206957,5.177248570964466e-07
3904,0.12812271199269476,0.5915827416061146,0.02924402548310549,0.09070041982958311,0.0292531056705081,-2.8800730522693385e-07
3905,0.41677493208973937,0.6809235713318229,0.012602356925000023,0.05419373801684723,0.012604369177246937,-6.791026063712735e-08
3906,0.7735167691381609,0.8896230057015331,0.010348335089365238,0.03128530225237013,0.01034874309383957,-2.3086183909004632e-07
3907,0.858910217783895,0.9315400093061911,0.011328917155761729,0.03712583188929281,0.011332422309112446,2.177838950290223e-07
3908,0.34920172892834045,0.7516636102373624,0.026805450618457034,0.06816433699197393,0.02681237274191544,-2.710716595633045e-07
3909,0.8434321395296848,0.9197163917524017,0.008779212143749998,0.02721986675472775,0.008779825344399498,1.3952968480612782e-07
3910,0.5601965881633179,0.8493980673142782,0.01822953928124996,0.052354235840751565,0.01823327538330567,-4.1183668209043844e-07
3911,0.7505467944128374,0.8743171645924482,0.01804411865634771,0.05783087006137108,0.018050752950663884,-2.0558716251617426e-07
3912,0.9170582291740768,0.9659604076090725,0.010451927306347666,0.027833695412225554,0.010454318117948672,2.2917407671574352e-07
3913,0.8100945105646524,0.9077624378467302,0.01094338925957031,0.03049617090665385,0.01094539356581107,-4.894353475837221e-07
3914,0.31131224033380056,0.7279456870013922,0.02373018521699217,0.06626697213748792,0.023735987507621594,2.4033380058297027e-07
3915,0.6476779571223061,0.8078170365843967,0.022968300295410235,0.07268310173770505,0.02297606391200131,-4.287769383992668e-08
3916,0.6553182228505341,0.8411110551336611,0.02112117053496094,0.06185474061723263,0.021128535403624988,2.2285053413728662e-07
3917,0.5216649873937429,0.7308383846493084,0.02452964422568362,0.08006342793353768,0.024538913250492338,-1.2606257149272437e-08
3918,0.9101247959365221,0.9588734356524629,0.009696226735644539,0.026877839034779073,0.009698533369841047,-2.0406347789325707e-07
3919,0.7921572878392078,0.9005220247000134,0.01162278912119141,0.04330234797001046,0.01162564454806426,2.878392078020653e-07
3920,0.6954708882092935,0.8671204054493258,0.026246694123828206,0.07807819061941534,0.026252571187180107,-1.1179070646960554e-07
3921,0.9515565477942506,0.9758736554034472,0.004522082842900386,0.01265986117797707,0.004522520858949896,-4.5220574940163516e-07
3922,0.39278825711336063,0.7535345668751583,0.019837482117480508,0.059180562029582315,0.019840779770154828,2.5711336060219026e-07
3923,0.47593936882659316,0.7227011886841604,0.016068303925195322,0.05224402627555649,0.016070860027624437,3.688265931556245e-07
3924,0.7032559228967112,0.8517213064979658,0.022724048887695348,0.073753536987496,0.022734609720924795,-7.710328875365491e-08
3925,0.718748462561322,0.8498167093570058,0.020392945671386727,0.061029503876303494,0.020399633079102718,4.625613219122471e-07
3926,0.8950033910852352,0.9475040356703194,0.006855075216601564,0.018426968559809152,0.006855318820355846,3.910852351962646e-07
3927,0.8402048359291541,0.9237860184903409,0.01094668650295899,0.02694936889732196,0.010947770910211927,-1.6407084590941423e-07
3928,0.734004724196224,0.8598725043725668,0.02141625892197269,0.06264572290899317,0.021419736578996287,-2.7580377603975137e-07
3929,0.4671187396554307,0.7653449094329703,0.024179327071875034,0.07217215170984376,0.024187899771499946,-2.603445692916928e-07
3930,-0.47334852447036435,0.4290265749036598,0.02011693264881835,0.0766920680798869,0.020118779837488165,-5.244703643603188e-07
3931,0.8106326568722795,0.9041918513588821,0.01328930560654296,0.043962500034967995,0.013291809150696833,-3.431277205701022e-07
3932,0.834283738838639,0.935934568484443,0.009288857647167977,0.022550310399172258,0.009289297476360422,-2.611613609815322e-07
3933,0.9649192301908599,0.9824066538659463,0.005724704880664067,0.020411787580446844,0.0057257033276652035,2.3019085992892485e-07
3934,0.7278512337347269,0.8587684972872045,0.019975573034179715,0.061809766356615455,0.019984390069139095,2.3373472690657593e-07
3935,0.9466519440526278,0.9763623004673545,0.00554695075683594,0.019760195376282815,0.005547710992959571,-5.594737229053237e-08
3936,0.9417381522110123,0.9729131050510745,0.008206255013085932,0.0251860468024295,0.008208266947143134,1.5221101234974554e-07
3937,0.4205104235822551,0.818272473577617,0.021242536775195338,0.06157394637029119,0.021247485692818438,-5.764177449241181e-07
3938,0.7539753625936658,0.9048554180340549,0.014611229585156269,0.038292459765394464,0.01461525648292924,3.6259366587021447e-07
3939,0.728390175253155,0.8685622279108794,0.014258543175234376,0.04150962816621819,0.014259646220043378,1.7525315498811977e-07
3940,0.8786746480669464,0.9409658386888698,0.0072773561225976426,0.022872279267510277,0.007277612924959432,-3.5193305358838245e-07
3941,0.4686114468896646,0.7405323827905584,0.023488094493261724,0.06663086926695176,0.023496220019508664,4.4688966460704194e-07
3942,0.8834478139546281,0.9501027227052444,0.007556176785722645,0.02123627129537183,0.007556741545451977,-1.8604537188604553e-07
3943,0.8362753852723106,0.9168207924692018,0.012113657839648446,0.04391830524867293,0.01211576366841589,3.852723106101408e-07
3944,0.7738753136232268,0.8917096928011009,0.013708564557910159,0.04531949111160628,0.013712025400447496,3.1362322683303745e-07
3945,0.33541799570042197,0.6689856667751545,0.01742856859736328,0.06703038005883988,0.017433457965807565,-4.299578026945028e-09
3946,0.6293601619221663,0.8015586281334699,0.024478098622656236,0.06610693034502407,0.024481453291719343,1.6192216623078792e-07
3947,0.9166625291462331,0.9605643528017815,0.007722511449023446,0.021290611722341916,0.007723504252975337,-4.7085376686517577e-07
3948,0.8351229888298952,0.9140320881139989,0.007940077257939446,0.028523647867433125,0.00794061850748984,-1.1170104730062747e-08
3949,0.7597647332457066,0.9116722292578731,0.009239954517099608,0.030545128043826246,0.009240384232944418,-2.667542934320366e-07
3950,0.5847912600541743,0.7929355747853135,0.019527271360058572,0.06784984993737324,0.019530443332561966,2.600541743058571e-07
3951,0.8787832848276719,0.9471846426796329,0.009884265267285162,0.028156125330481466,0.009885455285312227,2.848276718925291e-07
3952,0.7026190839239486,0.8458377518569099,0.01247749077871094,0.044045788078839965,0.012480581438696965,8.392394856837626e-08
3953,0.6317884114133633,0.7998015839241412,0.021248548511523434,0.06927964422909566,0.021252330278687205,4.11413363266e-07
3954,0.886116757984431,0.9434801198303703,0.006596068841699211,0.020735847524432173,0.006596773507725952,-2.4201556902969656e-07
3955,0.7774179858092856,0.9158710440574601,0.02067582279179687,0.06264670037875124,0.020680472225195673,-1.4190714492379186e-08
3956,0.5360845925441831,0.8120358709261816,0.022332944964941412,0.06320563071080726,0.022339060702783138,-4.0745581697532174e-07
3957,0.6821714518889065,0.8341321615357697,0.0167327838069336,0.04830035830817699,0.016737604283832638,4.5188890651637337e-07
3958,0.6446165223681479,0.822479560278768,0.01748671301328125,0.051126274487679875,0.017489022608360202,5.223681479593623e-07
3959,0.43310042879600663,0.6722552960004123,0.027865238746093722,0.07933676993113303,0.027873608120265684,4.2879600664624817e-07
3960,0.87841083855195,0.9376086276842662,0.00743207602383789,0.022332996675139775,0.007432481784721365,-1.6144805004003615e-07
3961,0.7966962124027197,0.8970734809850788,0.014871430916015631,0.040978284353602935,0.014875511881795896,2.1240271974587444e-07
3962,0.579799349940827,0.7886022150901317,0.02205700961025394,0.06860925618250471,0.02206327987745973,3.4994082709349783e-07
3963,0.5898660955944002,0.7727649362155361,0.016717386503710956,0.05959373381339961,0.01672259073281162,9.559440017348209e-08
3964,0.6538310330378307,0.8226326837338948,0.015268158223339837,0.05090265757840293,0.015272792176341482,3.303783069341648e-08
3965,0.27038513558300303,0.744189892041948,0.022277001396777334,0.06457372178009378,0.022282274073573638,1.3558300304694626e-07
3966,0.32736360154618427,0.59695183028112,0.027560945327831966,0.08746328492347887,0.02756414305233671,-3.9845381571979033e-07
3967,0.66583770426728,0.8247308297635677,0.014607041569433585,0.05124530756247255,0.014609884416260861,-2.957327200903137e-07
3968,0.5945233332552521,0.8148574724024612,0.018862873421679683,0.06230487818765613,0.018864815075225375,3.332552520607379e-07
3969,0.6043163839018664,0.7822011627030253,0.03105976555820317,0.08044404910030299,0.03107301524416105,3.839018664075766e-07
3970,0.6264145310486982,0.8456573938575423,0.020696411812597664,0.06024976914979848,0.020703020786165677,5.310486981269236e-07
3971,0.8105623522438864,0.9051909230775542,0.017161141730859378,0.049185464955357104,0.01716514062844405,3.5224388639232274e-07
3972,0.8306510451559246,0.9179363000086257,0.00924082160576172,0.042200418447640616,0.009242277807038035,4.5155924555118077e-08
3973,0.8625003755340908,0.9445556536376378,0.01114889311572265,0.03373437848044849,0.011152535615268107,3.7553409071300337e-07
3974,0.662861225625703,0.8224647577855406,0.029379312877734383,0.08353040838621449,0.029385417712956958,2.2562570300976859e-07
3975,0.5275146711493841,0.7585226278575923,0.020697585884179626,0.06856863904864607,0.02070027401141261,-3.2885061584941866e-07
3976,-0.20812914524870108,0.4492703327127799,0.023112586448437514,0.07298038791558666,0.02311504211192034,-1.452487010666914e-07
3977,0.6393820661411197,0.8393161470105482,0.018833329207910202,0.06482602735350815,0.018837846169270082,6.614111969227565e-08
3978,0.8746629812845225,0.9352393483187351,0.012719236639746076,0.04036710829438494,0.012721511640394239,-1.87154775010967e-08
3979,0.8579584204025823,0.9264767890824039,0.007014010080859381,0.021562060699337863,0.007014899001144417,4.2040258230180427e-07
3980,0.5129576956879502,0.7470798887040355,0.02076287589472659,0.06340891494954662,0.020769165061675664,-3.0431204978143e-07
3981,0.5189501776783644,0.7282985362612994,0.015004101027646486,0.05081279885151979,0.015005157510926567,1.7767836435478301e-07
3982,0.8612951308490917,0.9345027379529678,0.01010308210249999,0.029973745226366286,0.010103663157196633,1.3084909167293546e-07
3983,0.27879327904437534,0.5772179163379938,0.011139444929130857,0.05966961701463231,0.011140408190318045,2.790443753286631e-07
3984,0.8473603226715056,0.9221563408583643,0.013188695992285171,0.038392363918911925,0.013192235329186296,3.226715056259266e-07
3985,0.7781784524561952,0.8902281345668979,0.015489259953417966,0.05248805007163696,0.015492050045294638,4.5245619517686464e-07
3986,0.8869335632282912,0.9699506417302224,0.010209292414453138,0.028695101800990976,0.0102106297404517,-4.3677170880052074e-07
3987,0.7559739118269541,0.8754855570734651,0.020423015237988344,0.05983002579768854,0.020431214725772032,-8.817304597563691e-08
3988,0.9269184090964109,0.9637395469517637,0.008845487731835936,0.02682831325392781,0.008846951428985532,4.090964108582895e-07
3989,0.7571165208318509,0.8714382722470225,0.018731353774218754,0.05868083398553428,0.018739887396096076,5.208318508698184e-07
3990,0.7590969184712656,0.8808994958198926,0.011432782368945314,0.03280115587767778,0.011435006844840355,-8.152873443023623e-08
3991,0.8497798866772543,0.9244555265479495,0.01586705587919921,0.043215618889837874,0.015872635059630238,-1.1332274563180533e-07
3992,0.8652371136721777,0.9306692111242296,0.012873082202539068,0.03949336514287796,0.012877380329554756,1.1367217767066506e-07
3993,0.9018528298028252,0.9621323031651078,0.00817131173203125,0.02512639031421677,0.008172338390213859,-1.7019717479804797e-07
3994,0.928221519230122,0.9664580353961204,0.005148329510439446,0.016109382644257684,0.005148480619735725,-4.807698780195935e-07
3995,0.7574504888715076,0.8707116403859994,0.012823576645312511,0.03371586187306939,0.012827149325795763,4.888715076090122e-07
3996,0.44916778668612334,0.6977393375707485,0.03133492199716794,0.08955678056724009,0.03133986008416,-2.1331387667355983e-07
3997,0.9112575518690413,0.954817864389891,0.00757682683095703,0.021971387361065298,0.007577506095046578,-4.481309586745752e-07
3998,0.540369583497229,0.8261380378586473,0.02295183358173833,0.06216757720866782,0.02295907648389261,-4.165027710500979e-07
3999,0.8555534231770052,0.9288856023810811,0.010902024233398436,0.02662881789824799,0.010904035120662474,4.23177005215436e-07
4000,0.5066309508204245,0.7822182266423097,0.01375834226279298,0.059230867504155724,0.013759739779019479,-4.917957552308394e-08
4001,0.7181573867708464,0.860201203343952,0.014257614559960897,0.04233885774076073,0.014261642736707086,3.8677084635008185e-07
4002,-0.1566019644071044,0.5329334032980819,0.028669552177343745,0.07614392987069427,0.0286755257481655,3.559289560306489e-08
4003,0.6036825409202655,0.8542854015031829,0.015028595406054656,0.04926101437883337,0.015030689767336146,5.409202654682588e-07
4004,0.82154155884627,0.9300304395414404,0.009274028564160174,0.02585360529028434,0.009275892811762927,-4.41153729990873e-07
4005,0.6250800550419119,0.8130321960385264,0.018811974793066424,0.06002013138580583,0.018816881153700643,5.5041911917186326e-08
4006,0.5680345492269773,0.810868248098139,0.021651472567578104,0.05950009521898529,0.021657246458787204,-4.5077302268659025e-07
4007,0.8228513206201348,0.9121240331047471,0.015129932619921875,0.04444270748727828,0.015135234598548387,3.2062013477496265e-07
4008,0.8714489840578162,0.9348219779322744,0.008674576082031258,0.03005728582187804,0.008676331821068035,-1.5942183795303322e-08
4009,0.5956539939005905,0.7754082101995498,0.013064354224580072,0.04864492507660404,0.013065029984904926,-6.099409533000255e-09
4010,0.6948321858507669,0.8905025548363933,0.01932768272314457,0.056298565265373746,0.019331565657556234,1.8585076688726332e-07
4011,0.8848843631489027,0.9476145717084006,0.011051099695605486,0.03282091746590074,0.011052939566820486,3.631489027267065e-07
4012,0.322828130608917,0.5979053301588957,0.0206050650839844,0.07307125990271589,0.020610497260840258,1.30608917014996e-07
4013,0.7041747275229582,0.8890151464821787,0.008492235571972661,0.032743905325243336,0.008493569534632064,-2.724770418183198e-07
4014,0.7104415751482758,0.8647958259658447,0.012964311299306627,0.03405422255293944,0.012965013812210244,-4.248517242455563e-07
4015,0.5839266129805685,0.7850284302164249,0.02213361976142578,0.06987214962473455,0.022140788384114454,-3.8701943150254436e-07
4016,0.8224014021279138,0.9083084704369093,0.008008171978964845,0.028294739027836517,0.008008533107267738,4.021279137456091e-07
4017,0.7639584155227818,0.8960559536368692,0.017805995625683593,0.05173433037197542,0.017811436556454237,4.155227817381757e-07
4018,0.6600467043336138,0.8159752216421813,0.021150961675585913,0.07430374670774506,0.02115652559005344,-2.956663862629938e-07
4019,0.9145542777024371,0.9622272643197121,0.006243336009775407,0.016755686878610457,0.006243755828865893,2.777024371569681e-07
4020,0.8513780729350096,0.9228948371243413,0.009113842152373033,0.027703757840148616,0.009114362958100837,7.293500958738264e-08
4021,0.7482972213792187,0.8683377629078407,0.022230868727734346,0.0625175762561237,0.022239312556597626,2.21379218734441e-07
4022,0.7974849016785719,0.9081294222961156,0.017444439247753917,0.06139238060514912,0.01744818358258546,-9.832142811028177e-08
4023,0.9637200488785435,0.9819911060881484,0.005596620343359373,0.013720859028179452,0.005597288770464884,4.887854343493814e-08
4024,0.7347066335796366,0.894216754171813,0.014691432555273432,0.03510491291861053,0.014693807314044441,-3.6642036338463413e-07
4025,0.6927501124708433,0.8420208137812745,0.011305565593066419,0.04437604155911036,0.011308809267163853,1.1247084330534562e-07
4026,0.36307572879930483,0.6793490134241991,0.03198049399208977,0.0903761802631738,0.031990288564307454,-2.712006951788304e-07
4027,0.8840646914057427,0.9413561712248537,0.009470919930761733,0.03320528602971014,0.009473418293791135,-3.0859425725893175e-07
4028,0.627008162352619,0.8171044554578712,0.021482646359863255,0.05570488840011212,0.021491047760603697,1.6235261901531572e-07
4029,0.9009639015043865,0.9600003743598211,0.008795619242773446,0.0275101861811709,0.0087976675113246,-9.849561344310587e-08
4030,0.9003279414510208,0.9490578663991328,0.0068965592031249925,0.019407713389804966,0.006897977372778814,-5.854897922041857e-08
4031,0.30553980143070036,0.7322021583623024,0.03232198753583987,0.08365362681684457,0.03233204604829831,-1.9856929961425962e-07
4032,0.722622074333102,0.8572418624986724,0.012298284275585929,0.04144537918981756,0.012299986908653752,7.433310200699594e-08
4033,0.35263919069695415,0.6373004388151076,0.01887984016992189,0.061951471315091496,0.018881871092647492,1.906969541720649e-07
4034,-0.5668352806684138,0.30791322157924483,0.02796930915419925,0.08146512471936827,0.0279750183043273,-2.8066841384344343e-07
4035,0.502410890070661,0.720353780443087,0.018389945992480464,0.068369784948907,0.018395170688193244,-1.0992933907605362e-07
4036,0.05052459987785274,0.5715135853223604,0.026055860367382822,0.08509208227134209,0.026058876559867904,-4.001221472621497e-07
4037,0.6938526532741414,0.8339343108810702,0.015091225868945315,0.04480099821263773,0.015094245857732422,-3.4672585869088834e-07
4038,0.07765077189967917,0.43692329560358273,0.02620532775253905,0.0900009722374958,0.026212149207491233,-2.2810032082598575e-07
4039,0.950565596958605,0.975069898443243,0.004901944971699227,0.01371563903167051,0.004902273913886667,-4.0304139503621883e-07
4040,0.8285059512526673,0.9254181976634586,0.014287978957617211,0.0399532282822876,0.014293086266112039,-4.874733261495123e-08
4041,0.404576904508538,0.693552523393465,0.017540698506357446,0.06006169466182398,0.017542039056878164,-9.549146201548453e-08
4042,0.7744552809219348,0.9131150713536473,0.02289830591914063,0.06703487232063612,0.022903057220199214,2.809219348254288e-07
4043,0.5596804199259515,0.762501854066979,0.01572741648517577,0.052342430193087576,0.01572875575270926,4.1992595156692403e-07
4044,0.7373998216940889,0.8607811141018745,0.017103884802929712,0.061159793401075156,0.01710931878074616,-1.7830591114709193e-07
4045,0.22264825135478683,0.5769365289651155,0.0246298724370215,0.08030347790292994,0.024631057925159534,2.513547868177035e-07
4046,0.852492329188309,0.9255056903208958,0.014085656987500002,0.04765647881033692,0.014091018980952339,3.291883089451275e-07
4047,0.649643474707468,0.8199502565490279,0.014147940790039058,0.04580860793681431,0.014150889446250196,4.747074680011565e-07
4048,0.9061264289782082,0.9520658669508776,0.0070032304097656225,0.018976216006355868,0.007003581262853426,4.289782081778881e-07
4049,0.8122287944305713,0.9214967908367172,0.015564052820214818,0.0457938178378833,0.015567985914619487,-2.0556942870175732e-07
4050,0.42130496916080606,0.6680257188210699,0.009531304001992183,0.0526558799787383,0.009531596457392754,-3.0839193920773056e-08
4051,0.009754155483138516,0.35943240089222894,0.026679420063183586,0.08350238593646572,0.026684567639030165,1.5548313851525275e-07
4052,0.9111131187465887,0.9545342886049822,0.006760712083300784,0.019561029925448278,0.006761810914088102,1.1874658878419098e-07
4053,0.8899600518422286,0.9488563630974379,0.008562041539843758,0.02275514048291452,0.00856381803966745,5.184222862109067e-08
4054,0.5939148875860849,0.7754569162963162,0.009577810420312497,0.051837196082055184,0.009578391523606209,-1.1241391506544574e-07
4055,0.8803635426623315,0.9390611103793733,0.009431158258593746,0.026324587998689225,0.00943448148110651,-4.573376685135244e-07
4056,0.9318272068312456,0.968148668607547,0.006893332079003903,0.015774723393634227,0.0068943507462146236,2.0683124568598998e-07
4057,0.13159939408559806,0.5108551570105091,0.02722008223242186,0.08722711014777913,0.027228197084672837,3.940855980710811e-07
4058,0.6367927427831381,0.8257405736804657,0.018363317754882834,0.05803625868879103,0.018369333985466148,-2.5721686192081705e-07
4059,0.9384649279274566,0.9739596696101676,0.006369564033007814,0.025955338520179196,0.006370555624643067,-7.207254337782132e-08
4060,0.7804658851450503,0.8882278332622667,0.013377274091406259,0.035224215461852754,0.013381174334404326,-1.1485494966212428e-07
4061,0.5501074761568634,0.7724718753973607,0.01946132114560548,0.06898983783868362,0.019464283566742912,4.761568633826485e-07
4062,0.7683105039612765,0.8777030471327101,0.02020367123837889,0.05574639636930182,0.020210960074556063,-4.96038723429848e-07
4063,0.7703537436374714,0.8914855337084456,0.013286270675683587,0.03252506068647786,0.013289268411708044,-2.563625285390003e-07
4064,0.9512670776106432,0.9782147617702507,0.0063617553399804684,0.016504529847759245,0.006362206469090006,7.761064324540712e-08
4065,0.6534301643576348,0.8963089541047512,0.019370386535156252,0.05831424680919087,0.019375814407989154,1.6435763483535482e-07
4066,0.5884558447384711,0.7758310295452941,0.01575887203957033,0.059415068230016174,0.015760272568784824,-1.5526152885581013e-07
4067,0.8432282705119443,0.9212880501637435,0.008990656417187489,0.028854332989863656,0.008992661856319807,2.705119442891757e-07
4068,0.2741035876442892,0.7839037297085648,0.02081162651201172,0.05435613519014744,0.020814187431353548,-4.123557107993392e-07
4069,0.7708871563803483,0.8839471713465739,0.013133628234296856,0.03935574476792933,0.01313429070861279,1.5638034833731496e-07
4070,0.5231980362618329,0.7885987208810904,0.01997989276992185,0.059019932235007184,0.019983639390562805,3.626183286975504e-08
4071,0.6413579005882191,0.805984384840801,0.02094089180908201,0.07097728432406707,0.02094919752904667,-9.94117809183237e-08
4072,0.9248565274391334,0.9625235373602224,0.006616421657812496,0.01801628864315913,0.006617500358678714,-4.725608666600323e-07
4073,0.699219959629954,0.8408943178813613,0.011867445654394538,0.041934246617072374,0.011869701386689706,-4.037004597279292e-08
4074,0.8236950810292729,0.9427882649651552,0.013374517870019541,0.04493984320144312,0.013377175557632254,8.102927295805529e-08
4075,0.6239381254893379,0.8138895178387805,0.02208401153828124,0.06664293918835894,0.022091239332292987,1.2548933792100314e-07
4076,0.8565354777726747,0.9411243640575037,0.00866819292521483,0.027198918259394755,0.008668854988209303,4.77772674645216e-07
4077,0.624601683751369,0.8054687786439406,0.0249046398178711,0.07282178368635059,0.0249174455409882,-3.162486309493673e-07
4078,0.33135907703972756,0.8111445803891094,0.022262563162988275,0.06507232935383234,0.022266900741892654,7.703972754180555e-08
4079,0.17920440944875826,0.6000737290039483,0.022838258277929683,0.07292324370455104,0.022845861867376,4.094487582595452e-07
4080,0.6468541167185158,0.8109243877860969,0.014441058304619123,0.05136651258293714,0.014441761349057971,1.1671851574135417e-07
4081,0.5379330587232959,0.7604128601837429,0.022896910667285143,0.07490850958986225,0.022904771289320086,5.872329589262648e-08
4082,0.6768919036450767,0.8460749911553301,0.026122333523144494,0.0761916078385427,0.026133614986596367,-9.635492337345397e-08
4083,0.285202423342527,0.591509113491842,0.014841875136113304,0.05734993354623349,0.014842417867378797,-5.766574729948459e-07
4084,0.6359863525892805,0.8012328883236284,0.019573254044238306,0.057481609842699614,0.01957817332263314,3.525892804390196e-07
4085,0.42768947798181955,0.69850448743171,0.011265630884296888,0.051588384123345064,0.011266146636998459,4.779818195688179e-07
4086,0.6628382812791218,0.8672537939867379,0.028055480378222645,0.0724784857140461,0.028061115008024582,2.8127912177211556e-07
4087,0.9233585317178,0.9619441413866072,0.007668837094042968,0.024472053986374948,0.007670533627386219,-4.6828220001682297e-07
4088,0.361902290841292,0.7235326536529496,0.024520037753417986,0.08024881964263449,0.02452727894688693,2.908412919944148e-07
4089,0.5462738133322163,0.7475392164156546,0.02027912302304688,0.06963043117648375,0.020285868875739882,-1.8666778378584326e-07
4090,0.50951170219882,0.7889154068273073,0.026304615457714783,0.0709314390818958,0.02631437567543068,-2.978011799381619e-07
4091,0.754006874926689,0.8710342813429343,0.010876455851464859,0.03493037313710896,0.010878914374060578,-1.250733109303681e-07
4092,0.8817839181171497,0.944017202267717,0.008769229511132815,0.024400407383549684,0.00877011195716691,-8.188285027799225e-08
4093,0.7457594013929008,0.8648889714180857,0.015310809788867178,0.04214196710519373,0.015315202532013896,4.013929008062078e-07
4094,0.1139155233410235,0.4970913690388277,0.015599853844980456,0.061249933362141455,0.015601241964548176,5.233410235033764e-07
4095,0.6901770637006748,0.8340656034540587,0.017739037771875008,0.058454881658390544,0.017744220393753448,6.370067473504548e-08
4096,0.9167740709208125,0.9587936731478329,0.0056399838393554665,0.01733879315789616,0.005640867739638624,7.09208125559968e-08
4097,0.6961864803019837,0.8877081654113558,0.016075214222753903,0.04378690253248483,0.01607895807307797,4.803019837407163e-07
4098,0.7279612193904138,0.8567474402765599,0.01857457344931642,0.05945054331816851,0.01857801786956349,2.1939041383589597e-07
4099,0.49690145777424943,0.708017750656779,0.014429108539873038,0.06347493572995926,0.014429680762138967,4.577742494515924e-07
4100,0.7589254204059188,0.8724858936643822,0.012825382061425784,0.042467978803215164,0.012830054043493376,4.204059188550602e-07
4101,0.4001721572092901,0.6759828153100682,0.027150699415722675,0.08299760404392088,0.02715453067289439,1.5720929008589124e-07
4102,0.6678329407524812,0.8255733895831016,0.014764892982714868,0.05097044759280692,0.014768571266704266,-5.924751877994794e-08
4103,0.6463607510326435,0.8140546215536625,0.01604380848339844,0.04707192573023501,0.016048372797896213,-2.489673565087003e-07
4104,0.8652799498474072,0.9356442835355998,0.008364255248828126,0.025384438056143127,0.008365904639633027,-5.0152592856456124e-08
4105,0.833131921735742,0.9314009633966469,0.020119670715039065,0.05227667752969962,0.020128046907157658,-7.826425796331193e-08
4106,0.7458705433952458,0.8851437758368156,0.013370149485351573,0.045065785138195466,0.013373967663513921,-4.566047541176843e-07
4107,0.6036137121897656,0.7993835640477605,0.028436306485644533,0.08309350646056905,0.028449101318182145,-2.8781023442281395e-07
4108,0.8438429038494591,0.9216355646448249,0.01156813779853515,0.040759295264801994,0.011569806289556011,-9.615054086253849e-08
4109,0.2913356970150722,0.5944683946560172,0.009452115016777356,0.051912191596998024,0.00945226664380036,-3.029849277580432e-07
4110,0.7277982845640101,0.8712093404582759,0.01736727466123048,0.05442068405138569,0.01737078468188891,2.845640101334368e-07
4111,0.9380261031163305,0.9685183038613348,0.007157288024599621,0.0171798973612856,0.007157901501065672,1.0311633047432878e-07
4112,0.42673213419006584,0.7374771629696176,0.020003763163574204,0.0642803095053289,0.020008433774287845,1.341900658369255e-07
4113,0.46409170650825304,0.7636683037944809,0.013746221457919934,0.04879495163716734,0.013746928576006227,-2.9349174696102764e-07
4114,0.6130459571948823,0.7913321815651025,0.016541875413769527,0.04999946417645573,0.01654638001846677,-4.280511767262851e-08
4115,0.7883569641516135,0.909134688328928,0.021171598495898444,0.06773351408516733,0.0211767132820454,-3.5848386481518446e-08
4116,0.8205581276218802,0.9250387074056727,0.018265713237695286,0.051712500944541495,0.018272313063786037,1.2762188017489962e-07
4117,0.8903960208653228,0.9439053612797369,0.005448724769531264,0.01921384530260914,0.005449454748517373,2.0865322802876562e-08
4118,0.5713556976272008,0.8160666035789843,0.02434600052177732,0.07147477054594717,0.02434868841001393,-3.023727991324776e-07
4119,0.19751810479108078,0.5332205658155534,0.014445835059960955,0.05877235331010189,0.014447952827883307,1.0479108078498278e-07
4120,0.946508748571225,0.9730617944871505,0.004335662994248047,0.013640003557875941,0.004335932925801173,-2.5142877502215555e-07
4121,0.8791951865264221,0.937708451808777,0.008676872974902333,0.025571469372089185,0.008678892928214903,1.865264221967422e-07
4122,0.7099699950468323,0.8473512144641877,0.01877482885625001,0.056018146754053054,0.0187815363457664,-4.953167653809487e-09
4123,0.3142392568904925,0.6783596905724305,0.027918229577929724,0.0742634852062003,0.02792484437597072,2.568904924893367e-07
4124,0.4927434134187142,0.7210099743753104,0.026434319894824247,0.07682934167892902,0.026441918948008188,4.1341871420685905e-07
4125,0.8247546396687319,0.9274105770574845,0.011985830497265626,0.03132476900191888,0.011987290701511662,-3.6033126815659955e-07
4126,0.3875999602981194,0.7643095731362981,0.023290500830468738,0.06855316461951275,0.023296570775280807,-3.970188061641622e-08
4127,0.7977800629759765,0.9134773069528697,0.01829267444365232,0.056896097636737385,0.01829983020429731,6.29759764336768e-08
4128,0.7503060750471848,0.8674725298058021,0.01631140664082029,0.05413415507238399,0.016316881106178405,7.504718479989236e-08
4129,0.7907806046745726,0.9012155177455347,0.009441396584960949,0.03475700651011842,0.009442787423507624,-3.953254273936224e-07
4130,0.747157166152463,0.8827018615672244,0.016044277707910174,0.04671107652514424,0.016046580247756504,1.6615246301032727e-07
4131,-0.07451869671042854,0.5004485296176606,0.028106861067285167,0.08438823393538342,0.028112113734211273,3.0328957145719926e-07
4132,0.7310377673467565,0.8720523276364982,0.02700948486503905,0.07434551967138654,0.027023531042505492,-2.3265324344823313e-07
4133,0.41638196958513096,0.8621409034529839,0.020737826108105446,0.055074968306381956,0.020741402682989192,-3.041486901222967e-08
4134,0.3909707983527846,0.7289353648311222,0.017968418533691417,0.0716930968282668,0.01797433890885918,-2.0164721542537123e-07
4135,0.7751497856397674,0.9012069663409956,0.017339029746386715,0.04907412432793139,0.01734439916997968,-2.143602325643812e-07
4136,0.8464755519944184,0.9251869060701743,0.01656487490390625,0.04972386467285078,0.016568644149499157,-4.480055816324935e-07
4137,0.8628343666676267,0.9300029319432297,0.008355836854785147,0.022191566183859517,0.008356743482063889,3.666676267055635e-07
4138,0.8609806898118999,0.9287785489981973,0.015890334318554685,0.046614261960858,0.015896327418388815,-3.1018810009442177e-07
4139,0.43787954125684536,0.8064217761251133,0.025346686345703102,0.05924742845854951,0.025352229174553775,-4.5874315462990367e-07
4140,0.811029595138934,0.9023152762457546,0.011154394658496068,0.03671277022460876,0.011156950260597199,-4.048610660056795e-07
4141,0.7257735219856221,0.8540429106631582,0.020969899058593745,0.05525682853471026,0.0209751042908148,5.219856220595176e-07
4142,0.5605116714883525,0.7663296564032573,0.020515679676367173,0.07036876780045022,0.020520233965821873,-3.285116475515437e-07
4143,-0.18029892329390318,0.3277514840804256,0.01803347985934571,0.07956250160888037,0.018035211454985815,7.670609680765494e-08
4144,0.6687555302287169,0.8209784452616261,0.016419951166308615,0.06029184945534467,0.016424745193013485,-4.697712830958878e-07
4145,0.8107462005213324,0.9034046554847857,0.0077386186553710925,0.026890944152482228,0.007739732900600314,2.0052133242742798e-07
4146,0.6467716923272,0.8175853007049617,0.018235690177343743,0.059086704281465195,0.018239748736666686,-3.076728000150908e-07
4147,0.5235222370967789,0.7430464001009468,0.02094810340185546,0.0587581617895804,0.020953782453129274,2.3709677887673308e-07
4148,0.7713993495299161,0.9013087271982048,0.02401425475322266,0.05999851759504671,0.024023827150453213,3.4952991612158257e-07
4149,0.6872003442018656,0.8497012557504391,0.014710788534472637,0.05005582450209391,0.014714423407586724,3.4420186556527455e-07
4150,0.7334975288845007,0.8582594292388858,0.019454741474804717,0.05898971404963321,0.019460585420494444,-4.711154992786959e-07
4151,0.7913084336468348,0.8976601573603623,0.01313070180224611,0.03434872927063511,0.013133939817500837,4.33646834774315e-07
4152,0.6676128102109435,0.8200076297985723,0.014117846492773464,0.053015978341491035,0.014123062138208797,-1.8978905647060174e-07
4153,0.4527216910788957,0.7618402958481737,0.017774039065332023,0.05036103466282781,0.017777004362100043,-3.089211043083573e-07
4154,0.6520530631342323,0.8993417583094547,0.011487013351953113,0.03366463338188724,0.011488619837833173,6.313423228654358e-08
4155,0.9535602665290468,0.9766895856683641,0.0043679352031640575,0.012247798922457373,0.004368123267644322,2.6652904683288625e-07
4156,0.6781267063551234,0.8274942161977937,0.01711820246386718,0.04953678778414489,0.017124643859268162,-2.9364487663663397e-07
4157,-0.002508384925393514,0.601137293845674,0.024410637689355457,0.07630278895855758,0.024416826043573942,-3.849253935143959e-07
4158,0.05542032098855232,0.7767877291174845,0.02159574705869139,0.060554621277580094,0.021599493585891635,3.2098855232143286e-07
4159,0.7214268584821205,0.8531755324558131,0.011700129453320315,0.045997125264021214,0.011702944460856218,-1.415178795260985e-07
4160,0.8228074257844885,0.9161924149534891,0.015275147591113264,0.04128922246254881,0.01527971261764579,4.2578448855579154e-07
4161,0.8053921698333393,0.8990479701857639,0.013395841018945349,0.036270525244063614,0.013399844648649193,1.6983333928077826e-07
4162,0.2926726750400378,0.7033673905990941,0.01914109042197265,0.06887413659795713,0.019145493236384797,-3.249599622168198e-07
4163,0.6529682863316069,0.8096086212200111,0.011912096627617174,0.046483090583737896,0.011912616953928932,2.8633160686908354e-07
4164,0.6472653512878694,0.8111195293039056,0.013161788319726564,0.04594262304880224,0.01316440679922537,3.5128786946003743e-07
4165,0.1672483442279099,0.660110823739706,0.022265528367089824,0.08094920210729219,0.022271138384445652,3.4422790989863117e-07
4166,0.9506178182452953,0.9795080527049185,0.004207258267285156,0.0163551418187204,0.004207795308621175,-1.8175470462011845e-07
4167,0.6208560416304361,0.7971719515770901,0.01506948206123047,0.05275620275261969,0.015072707673427062,4.163043609839434e-08
4168,0.8288773345063695,0.9162475205460396,0.01619358855898436,0.05287146948770721,0.016196552503797725,3.3450636949261536e-07
4169,0.5623760378186071,0.7530418032767539,0.0181752112408203,0.0653471763330989,0.01818041063282265,3.781860713480967e-08
4170,0.895122664993943,0.9508181678943525,0.008057491030771486,0.02641071966784022,0.008058188527586127,-3.350060570062041e-07
4171,0.9539073534516316,0.9806917246128046,0.004343388238535154,0.012183925102717099,0.004343568913323623,3.5345163162947557e-07
4172,0.9168352736676494,0.961501190048885,0.006838841071093763,0.015751506203544798,0.006839781814684555,2.736676494308199e-07
4173,0.6798571934102626,0.8319096151348405,0.010815708936279284,0.04144997793092841,0.010816141564095213,1.9341026258334892e-07
4174,0.965458008822877,0.9829388843966613,0.003350360255664065,0.01019332869461026,0.003350719782535579,8.822876984559969e-09
4175,0.8040798061546527,0.9170012697278433,0.013468271334570295,0.04129060279342178,0.013472697511800228,-1.9384534732935776e-07
4176,0.6625962803667521,0.8360115173034114,0.024867875896679693,0.0749798948674495,0.024877164863362666,2.8036675214782036e-07
4177,0.8804500045278036,0.9411434643178057,0.006057267976933581,0.02181494512859225,0.006057539563630571,4.527803687537357e-09
4178,0.6676439142205125,0.8268932385112208,0.022365276412109402,0.07062870367287603,0.02237284908233811,-8.57794875130935e-08
4179,0.5536671824299177,0.779708014376702,0.02049312169921875,0.0641536479073782,0.020498683510671887,1.8242991772776662e-07
4180,0.5767272092476958,0.7718093727050052,0.013507865380273409,0.055370009112895864,0.013510997509173683,2.0924769583707814e-07
4181,0.4594496301807133,0.6988477870136625,0.02290153272568359,0.08352221641222587,0.022908587872036246,-3.698192867496175e-07
4182,0.600210951833829,0.8131519147499594,0.02113539174736329,0.0644006782354612,0.021142466894198464,-4.8166171051633455e-08
4183,0.9252504777466058,0.9628212990637504,0.006307126241210926,0.016324142479958077,0.006307930706122118,4.777466058314417e-07
4184,0.34892388111398465,0.6993198483037687,0.015584813068369136,0.05813920655471061,0.015585481795104083,-1.1888601536558241e-07
4185,0.6342001989105888,0.8044554778398785,0.020569150969628882,0.05492077533171785,0.020576291677414555,1.989105887778564e-07
4186,0.4087959039030249,0.6557644910117184,0.030321873414355497,0.08661769854327189,0.030331155230121278,-9.609697509960213e-08
4187,0.6240037098993156,0.7933608592720469,0.011380342332568346,0.05148457665828802,0.01138097869213904,-2.901006843636367e-07
4188,0.26134550921136424,0.5850637289338266,0.016476852297929678,0.056444017342847326,0.016477686884366752,5.092113642413132e-07
4189,0.8197784498170435,0.9057080160501253,0.01924500502187499,0.05813449237583054,0.01925420913649898,4.498170435018878e-07
4190,0.9413697694875325,0.9728269431500096,0.005526161032812497,0.017009469750608845,0.005526808564204816,-2.3051246755834143e-07
4191,0.8887766574074585,0.9447283167316758,0.01119700893144532,0.034515785397895356,0.01119888821799707,-3.4259254155788454e-07
4192,0.8717414175266146,0.935780505306947,0.011092438121582037,0.02974294614369948,0.011095974981360906,4.1752661461558205e-07
4193,0.772901746766576,0.8836711047839089,0.010444451197363275,0.037604523407262815,0.010447324317068445,-2.5323342400795923e-07
4194,0.6323350321898752,0.7984397917904368,0.02381542905605471,0.06843820228455216,0.023823823818735598,3.2189875209809315e-08
4195,0.08160536102188465,0.6452047329898206,0.03451396332529305,0.08904327476487114,0.0345217282458448,3.6102188465114704e-07
4196,0.7449057774045095,0.8830500972673586,0.01807602705917971,0.04893460259290047,0.018081746738786063,-2.2259549048442295e-07
4197,0.795841835243327,0.9139708363242665,0.015951250950976565,0.05024854287626687,0.01595654119860209,-1.6475667308224473e-07
4198,0.6216661428464733,0.7906493716658233,0.016093158890625004,0.058965428596742205,0.016096580619640564,1.428464732056156e-07
4199,0.9412074384071486,0.9706118034625295,0.005811494863574229,0.013818868802807669,0.0058121011215173735,4.38407148584119e-07
4200,0.3844611831044712,0.7526921061928069,0.021379853540722655,0.05991239467858652,0.021386433128201984,1.8310447119640472e-07
4201,0.5754155295578364,0.7637877036681876,0.014221459934970699,0.06126835849642354,0.014222285502235052,-4.7044216366920466e-07
4202,0.5860153732324491,0.8349818290035745,0.011119435208691427,0.0367604148449154,0.011119924740137468,3.732324491689809e-07
4203,0.9726402964141191,0.9867313521664872,0.003903614159863281,0.015456013022443902,0.003904044130201943,2.964141191386105e-07
4204,0.41335429208254404,0.6907200509020667,0.02208300414228513,0.06938505020166277,0.02208904792226933,2.9208254404000655e-07
4205,0.5174289247003104,0.8056751290042168,0.024643455593457004,0.06405858749467187,0.02464999093462854,-7.529968959474331e-08
4206,0.8209227312969916,0.9195712672421238,0.013441000658593761,0.037451889174050616,0.013445952227312324,-2.68703008399207e-07
4207,0.40322201029126437,0.6549730408472252,0.011695297724042973,0.05441733540308517,0.011695800368139662,1.0291264340711592e-08
4208,0.8481763741842571,0.9281495779678166,0.01154436951911131,0.03274340417697534,0.011545081052154422,3.7418425702373526e-07
4209,0.598775078379906,0.7767656512133468,0.023516223035058605,0.07487402600468529,0.023524499125579825,7.837990601000655e-08
4210,0.5598676893076473,0.8843263992454842,0.014342012876171869,0.03971090476936859,0.014343812138147616,-3.106923527340655e-07
4211,0.8192436154584418,0.9088912669340146,0.016335045163476558,0.04753049996849291,0.016341593182669277,-3.845415581515965e-07
4212,0.5877678543322178,0.7738127461996774,0.01829628786240236,0.05651240271786313,0.018300616646342405,-1.4566778216984488e-07
4213,0.6623510167245661,0.8541163550672536,0.018752111847460954,0.05722255033101428,0.01875696304334349,1.672456606538475e-08
4214,0.8477733855848069,0.9207523660825109,0.017421521687109358,0.04352910836353208,0.0174282993470715,3.8558480686123886e-07
4215,0.7068505122700629,0.8426663897110394,0.013820025837724587,0.04345542477091047,0.01382080838378117,-4.877299371042199e-07
4216,0.591351104107275,0.8145887548677668,0.018744743053027358,0.06147869694056191,0.01874995187778378,1.0410727502296879e-07
4217,0.812247209075057,0.905012265948018,0.013628088581250003,0.04389762804330222,0.01363225622780784,2.0907505693390505e-07
4218,0.6056328832686022,0.7890725837967161,0.012330577083300808,0.04876884301503186,0.012333158694611608,-1.167313977701312e-07
4219,0.5562379687763828,0.7748555591689115,0.019364015279003916,0.06567584798549155,0.019368024107496128,-3.122361724727796e-08
4220,0.7849865884184193,0.8886828176394059,0.010925933795019539,0.03707985513409835,0.010929369916787534,-4.115815807059775e-07
4221,0.7345829836877016,0.8736429065686564,0.016257215842089823,0.047799247139953406,0.016260982331148633,-1.63122984009334e-08
4222,0.9010899442725705,0.9590798898093901,0.00962555702128906,0.03557569114276098,0.009627151749349187,-5.572742944881526e-08
4223,0.7138183436410586,0.8489901142886834,0.01728055378164061,0.05677855464427248,0.01728783801391656,3.4364105860884564e-07
4224,0.7107211297468108,0.8534267816103563,0.010950375607128937,0.039570870258729,0.010952230668579003,1.2974681073973926e-07
4225,0.4646495128003184,0.7006107534001909,0.01941030849853516,0.06320065661997505,0.019414964282688508,5.128003184307062e-07
4226,0.8825621402238613,0.9394726533943408,0.009275901916699216,0.023793099270709536,0.009277558099055514,1.402238613001927e-07
4227,0.75622548959942,0.8696165003992992,0.0210328204087891,0.06133543716779727,0.021040632105357084,4.895994200060372e-07
4228,0.6204480400801768,0.7975849944084651,0.02078147802958985,0.07229632379742806,0.020784948922759925,4.008017684409282e-08
4229,0.6148336136106003,0.7885142226318302,0.02147785670488277,0.07209727776730515,0.021485055367217797,-3.863893996980394e-07
4230,0.7769341214638504,0.8831163061886083,0.018830649761230462,0.04848075179258061,0.01883534495502887,1.2146385042210994e-07
4231,0.7431694445643129,0.864589443189673,0.010841723719726538,0.037479235802717184,0.010843552075982239,4.44564312918061e-07
4232,0.8718678349184092,0.9380124150782017,0.013688048818359362,0.04029487775962365,0.013692546066652224,-1.6508159073058692e-07
4233,0.8336391848623502,0.918664106978109,0.010337269111132806,0.03594970786638864,0.010339697388030415,1.8486235020542807e-07
4234,0.7216991249380129,0.8544899449126542,0.010076038866044931,0.036980926846771636,0.010076659580919153,1.2493801293533835e-07
4235,0.778450239893646,0.8984554485237711,0.012166684208691391,0.031851224046133615,0.012169558675487923,2.3989364605903063e-07
4236,0.40052079517922157,0.6690039231723341,0.028672202655664048,0.08130384768865813,0.028682237446202765,-2.0482077844885538e-07
4237,0.6500828970827199,0.8201664522034929,0.020583731177148505,0.060425463787645656,0.02058888987174588,-1.0291728003153366e-07
4238,0.7663325495738298,0.8934865679555037,0.014735525661425797,0.04394487414265162,0.014739461557532857,-4.5042617025092824e-07
4239,0.6160209410950752,0.8271744219913061,0.015613990901464862,0.04913904624354032,0.015617671525922212,-5.890492482674148e-08
4240,0.8752727108804997,0.9367113750682992,0.0083323857678711,0.02397889946274607,0.008334314162315407,-2.8911950022969535e-07
4241,0.5383597786624031,0.741970288230684,0.0228653836105469,0.08366395267883209,0.02287393201753481,-2.213375968063147e-07
4242,0.5194868027061315,0.7412421686972677,0.017546550152539052,0.05420534793509543,0.017551679262218168,-1.9729386857569864e-07
4243,0.4792027057482512,0.7827927739339315,0.015644768288964862,0.06041462585021321,0.015648805973538706,-2.9425174880026717e-07
4244,0.302080169733023,0.5991091107553406,0.019076083908789062,0.06667134540083741,0.019078886841475823,1.697330229699645e-07
4245,0.7024741642877574,0.8398690887896119,0.01826211327851563,0.057253690251089825,0.018264727605780903,1.642877573981849e-07
4246,-0.09366071693640587,0.40405460852926056,0.017650414844433603,0.06715485636008385,0.01765337549027174,2.830635941197812e-07
4247,0.7683537234371975,0.8821676994474088,0.012204971493164083,0.03697920468306408,0.012208068920748234,-2.7656280243704146e-07
4248,0.9323572260198347,0.9658368253366789,0.006529795825292977,0.015702697091967796,0.00653129473522831,2.2601983473702347e-07
4249,0.7720088804171108,0.8815154776602095,0.017432624655761713,0.05373283825716812,0.017438920634510066,-1.1958288914648563e-07
4250,0.6911459780443868,0.8504551841148248,0.014713660542968745,0.048860069296869375,0.014715316757755956,-2.1955613216384506e-08
4251,0.5470887058513105,0.7506316203809285,0.027873844575488232,0.07377389625985838,0.0278828982445618,-2.941486895169376e-07
4252,0.8634801875598411,0.9390486340977713,0.012300874711328132,0.034594753099832516,0.012304361553296445,1.8755984110274682e-07
4253,-0.12815352679111558,0.4769355097982052,0.019276668136621072,0.07048974755803104,0.019279585072291917,4.7320888441060305e-07
4254,0.8363963245745832,0.9184222517533035,0.011118678060449213,0.025743039603262956,0.011121710382551133,3.245745832103353e-07
4255,0.6890073363853066,0.8720325677894248,0.00979725918085938,0.03513140279504249,0.00979834040518691,3.363853066096212e-07
4256,0.6101455767365249,0.7938683625181361,0.01468810310048829,0.0576223223500826,0.014692031815910007,-4.2326347504673123e-07
4257,0.690253156993681,0.8329153217108959,0.012933475044667955,0.04703870859653289,0.012934696774766056,1.569936809442396e-07
4258,0.9369977373641086,0.9700216959084714,0.008794934660253911,0.02255023529901209,0.008797213931291091,-2.626358913682125e-07
4259,0.9214398756108335,0.9702645897766013,0.0093054049732422,0.02382234643787033,0.009306482122234694,-1.2438916652257603e-07
4260,0.8751008965019879,0.9360838481694053,0.008904558632324224,0.023399309454722007,0.008907050303936823,-1.0349801216058552e-07
4261,0.14681204028132666,0.7507654369817891,0.027416177641699187,0.06770187709327156,0.02742058193008468,4.0281326663116346e-08
4262,-0.08536808671987095,0.5139315295535675,0.02207089904208984,0.07364653325743944,0.022075447233238035,-8.671987095087985e-08
4263,0.7093336988596686,0.8693290902328973,0.028241597594628926,0.0781652099620728,0.028248046197030207,-3.011403314490124e-07
4264,0.5412713284766317,0.7982534195310111,0.02375101659326171,0.06804139016883747,0.023757289726995683,3.2847663178348085e-07
4265,0.6529924332901862,0.8394197947669736,0.025800538667968744,0.07398762149887408,0.02581012427970093,4.332901861747729e-07
4266,0.9091179592720506,0.956103270065635,0.009885130300878881,0.02769604023079835,0.009887873209761503,-4.072794934639745e-08
4267,0.6367001585081256,0.8095039802491548,0.014317889944570306,0.0474129913903454,0.014318923970057174,1.5850812551398974e-07
4268,0.6811642522275698,0.8981026600601841,0.00948298233852539,0.03206048497870748,0.009483243210407555,2.522275698302323e-07
4269,0.8633600967205458,0.9371969404409999,0.007961057579980462,0.02483341877055752,0.007962584345012977,9.672054579468181e-08
4270,0.956404337156522,0.9781992240756929,0.004679824990097657,0.01136983813269694,0.0046801942028960025,3.37156521923454e-07
4271,0.670049809927739,0.8750649207057188,0.01683604418496093,0.042703981770052954,0.01684084156476595,-1.9007226104150732e-07
4272,0.6779221900266239,0.8382692775830793,0.011235055598261698,0.04348371188973249,0.011235751803307914,1.9002662388079017e-07
4273,0.9704004812808256,0.9851636831635573,0.005276299438769538,0.012943924219316828,0.005276950519478532,-5.187191743916131e-07
4274,0.8162285169162725,0.9074103018419833,0.013873720599121116,0.04125581396827556,0.013876135082703458,-4.830837274649724e-07
4275,0.8786786659806686,0.9378793428070554,0.008739214923730462,0.02776481239039209,0.008741548536058073,-3.3401933141608e-07
4276,0.7003403128081103,0.8428562964292754,0.027464222480175843,0.08162888483430063,0.027471878450402727,3.1280811030320876e-07
4277,0.7921056926815856,0.9014734940413829,0.014193075828515606,0.041401768518838394,0.014196896349613491,-3.073184143831398e-07
4278,0.6584782811341399,0.8388598893961419,0.01445981743125002,0.04688595588142274,0.014463481952552402,2.811341398567535e-07
4279,0.6807127752401498,0.8378378680536622,0.019364404327441413,0.05944847334512188,0.019369424337948984,-2.2475985017589295e-07
4280,0.856416871406869,0.9388638504798892,0.007731323719257816,0.025457592457500212,0.007731751450031261,-1.2859313103241732e-07
4281,0.670073551062043,0.8352289586051757,0.01845308686191404,0.057819056392203194,0.018459658949069622,-4.489379569205809e-07
4282,0.5632364183529286,0.8059308420685568,0.01609033408183592,0.04883864832036269,0.01609464935024934,4.183529286327925e-07
4283,0.6294563400919657,0.838518574049627,0.03842155666669925,0.09645100882552603,0.03844393330022765,3.4009196570039535e-07
4284,0.744596296276951,0.8648887213229475,0.017495889907421902,0.05976265263930098,0.017499469556915736,2.9627695097289575e-07
4285,0.25868817591066384,0.6806592786587508,0.02587019530156251,0.07790159222920719,0.025879667169167588,1.7591066386879461e-07
4286,0.9282378070304268,0.9646869965319571,0.009445506665820318,0.031062190785134024,0.009448250187296078,-1.9296957320946717e-07
4287,0.8143233252073152,0.9144226777697962,0.009488060191406255,0.025443373796100864,0.009490047621853346,3.252073151882584e-07
4288,0.6490057757057865,0.8108675261201117,0.017299652233007796,0.04938860392299781,0.017304714890013187,-2.2429421342451406e-07
4289,0.8836719371328308,0.9518530681991247,0.014060971630761684,0.039013062257621266,0.014065575743801052,-6.286716924819302e-08
4290,0.8373119119277928,0.9219832873612714,0.014353581365234375,0.038951332259062055,0.014357507707124038,-8.807220719386777e-08
4291,0.4814900647622762,0.8735635539591131,0.024103225665429717,0.06545118219218836,0.024109970087200037,6.4762276208441e-08
4292,0.9268709588609074,0.966691784343313,0.0066015459274414105,0.018505298602430373,0.006602585120198131,-4.113909257696946e-08
4293,-0.3215491899191465,0.5856039062714039,0.026787293821484336,0.07750590805569268,0.02679299271514854,-1.8991914652044528e-07
4294,0.6514668314556622,0.8253798577102628,0.025998027589355464,0.07585003308547825,0.026008352320038588,-1.6854433781965383e-07
4295,0.32940055092208753,0.6753066455086769,0.023052981872851565,0.069745537720365,0.02305817595756777,-4.4907791246773243e-07
4296,0.8701320158922968,0.933567833977764,0.006871403340136716,0.023460559037553105,0.006872327506686669,1.589229681187021e-08
4297,0.6387350050665215,0.8151277363019881,0.015669754558398426,0.04890051580433151,0.015674520951371732,5.0665214246237156e-09
4298,0.8101049935420057,0.9152751934735651,0.01573661719736326,0.048221463029665325,0.015738926008096767,-6.4579942504749965e-09
4299,0.5367060158108439,0.7448025705711254,0.028570843956249998,0.0863454679469391,0.02858075505901789,1.5810843856378654e-08
4300,0.3332947559714212,0.628944423298333,0.02071014012001953,0.07597005011884352,0.020712429415132953,-2.4402857878857986e-07
4301,0.938916111867818,0.9716685566499146,0.0061141389738183565,0.016445772621602125,0.006114414168986652,1.118678180089816e-07
4302,0.47995987466564494,0.7066721199747855,0.019314260274218755,0.06344506901010175,0.01932012714767723,-1.2533435506112411e-07
4303,0.6940634137140012,0.8364946515741599,0.01936033142568358,0.06211623210566391,0.019366222134681664,4.137140011684082e-07
4304,0.6273274389183339,0.8121947094426326,0.021977816163378905,0.06386499492384216,0.021985336727086743,4.389183339004177e-07
4305,0.5666030549348269,0.8017014673289713,0.02326280274414064,0.06952608963141536,0.02326573826609433,5.493482690965834e-08
4306,0.7973526419415697,0.905173315422546,0.01944552072099607,0.06293544882459126,0.01945513833361204,-3.5805843023872796e-07
4307,0.7599884782198696,0.8825213082498081,0.01687512368115232,0.050972717834761094,0.016880628940411903,-5.217801304358005e-07
4308,0.43853345516462916,0.6923902905153095,0.02515606304873046,0.07744725842795139,0.025163348890062116,4.5516462915395905e-07
4309,0.6323791106768915,0.8017508687145379,0.01375421373388673,0.042515476043369194,0.013756201397690324,1.1067689142940651e-07
4310,0.4894063313973218,0.7143435053818654,0.020926299323339826,0.06807369059420448,0.02093278916410979,3.3139732180664794e-07
4311,0.888729880853818,0.9439986381436868,0.007585657798964843,0.020992246277544317,0.007586111306712425,-1.191461820315709e-07
4312,0.6864491806742383,0.8586098631837832,0.01891944953457032,0.05525970798789196,0.01892698021281358,1.806742383481108e-07
4313,0.9709512474311508,0.9895695323907434,0.005332419139257812,0.017792592969747376,0.005333254069248884,2.4743115079051137e-07
4314,0.8272685315669448,0.9271805501220162,0.011408499800390588,0.03758315262878264,0.011412110368433797,5.315669447947258e-07
4315,0.6415961857380867,0.8082938280713824,0.009012492457773446,0.04404176366253654,0.009012792333563039,1.8573808668875813e-07
4316,0.9278723525559605,0.9650433204336193,0.006055376954199221,0.015192455958782238,0.00605618795104574,3.5255596042560455e-07
4317,0.6702488212837914,0.8222618107139207,0.007991149817968751,0.04033467426457821,0.007992189215762982,-1.7871620860976378e-07
4318,0.8172490670964714,0.9045036457253812,0.017403503508203147,0.04568487271231156,0.01740686173048387,6.70964713789246e-08
4319,0.6671344236495373,0.8182992228724212,0.013405025681933585,0.0504180990816598,0.01340881283887329,4.2364953733997623e-07
4320,0.7799353798675406,0.9368276522116183,0.012121473288964854,0.038451986538886936,0.01212285066543633,3.798675405342067e-07
4321,0.5512570319007519,0.7568169280703148,0.028199646201074225,0.08002493856376615,0.02821060699797994,3.1900751928937154e-08
4322,0.7962267909473688,0.8936522204058103,0.013750455792578128,0.045477334730427366,0.013752539243137544,-2.0905263120596373e-07
4323,0.5101120196866094,0.7542706000331121,0.021556878115527346,0.07786043046194184,0.021566272237063158,1.9686609342706163e-08
4324,0.8580687419302859,0.9282244588052029,0.007444213945898451,0.024149301917312745,0.007445757533338444,-2.5806971404307433e-07
4325,0.7557221085302974,0.8742536822325422,0.011840663864570312,0.036079531268459857,0.011841391399657907,1.0853029741575426e-07
4326,0.6586378955730385,0.8161042394193174,0.018937866387499988,0.06541525327651085,0.018944911581434576,-1.0442696141144125e-07
4327,0.7436578490188427,0.866617726097079,0.01774142963037111,0.04942807640579914,0.017746476694624754,-1.509811573541242e-07
4328,0.9017332314150592,0.951971676429622,0.010800497681933604,0.0375490318294374,0.0108025639855702,2.3141505922641414e-07
4329,0.8994163066908722,0.9791429405868204,0.0055728348722656265,0.023973854518707313,0.005573446699049049,3.0669087225376757e-07
4330,0.8874621771314258,0.9481005651881388,0.0073362058879882916,0.02808166029990393,0.007336987734276328,1.7713142586028852e-07
4331,0.6267571075423495,0.863850021482309,0.01119212309998049,0.03901742412659542,0.011192701511708276,1.0754234947008001e-07
4332,0.7545662198800054,0.8801405563381737,0.019402860074023448,0.0593263413577289,0.019406617756072275,2.19880005425388e-07
4333,0.92325116496634,0.9610814474991551,0.010316031464355476,0.0324426537801199,0.010318002499991446,1.6496633992169052e-07
4334,0.645414958945765,0.806849504327327,0.020811904320703116,0.06390655515962962,0.020820287876116117,-4.105423501155059e-08
4335,0.5925166791846836,0.7721418360024367,0.018495247779003916,0.06533169293954455,0.018498057661709817,-3.2081531631256155e-07
4336,0.6139535432631102,0.7922120255837534,0.020049079965625053,0.0652877464512706,0.020055069753143015,-4.567368897534507e-07
4337,0.5917604888398946,0.774171841978571,0.016359608540039077,0.05484970279956901,0.01636326637151315,4.888398946745198e-07
4338,0.23784471163634957,0.5422222712711815,0.04173235968320323,0.11261755070921609,0.04174570184746418,-2.883636504302789e-07
4339,0.40782534310622787,0.6720387854122644,0.018115411129101533,0.06701138579662196,0.018120010408127357,3.431062278735908e-07
4340,0.7851348600245657,0.8995513611627718,0.021226001805078117,0.05569753987513239,0.021230397849809367,-1.399754343545112e-07
4341,0.9115094294867634,0.9548201680080641,0.007542926363769532,0.01942341517280188,0.007543980121246429,4.2948676337584146e-07
4342,0.8883767174590199,0.9456770056890648,0.008152419842285163,0.020348334707964343,0.008152911409033911,-2.8254098005664474e-07
4343,0.6625880915489304,0.8202023452598728,0.027295174604394533,0.08084293005393325,0.027303524043889974,9.154893043650247e-08
4344,0.7043655751322495,0.8468372044190812,0.012415537943359378,0.03850215775746906,0.01241855573684961,-4.2486775053696135e-07
4345,0.3488523290182114,0.749768690181815,0.018183324197334025,0.059461150961295894,0.018184763041250995,3.2901821139796894e-07
4346,0.6074661811581294,0.804789239695332,0.018762677929394584,0.05365890170228912,0.01876938384922542,1.811581294974829e-07
4347,0.8557384999478659,0.926500825817517,0.010882319881445326,0.03876642152861584,0.010884059757171433,4.999478658840317e-07
4348,0.8251078453869806,0.9300313791689806,0.009845640091923838,0.031705259223242875,0.00984648577527525,-1.5461301938746175e-07
4349,0.8173958315126796,0.9054512671118975,0.014098614518457047,0.041529940041383086,0.014103281598969028,-1.6848732042884507e-07
4350,0.8702272547734891,0.9386420918109255,0.008277803931542978,0.02456794926741975,0.008278604610199193,2.5477348908342634e-07
4351,0.7679742838292865,0.8807596823381694,0.01637912094453125,0.05298987105940923,0.016384432705522874,2.8382928640713345e-07
4352,0.8102290206204582,0.9253017920130514,0.01755208490703126,0.056445601576405255,0.01755596335641119,2.0620458229814176e-08
4353,0.2386345178752216,0.6670176498919348,0.021942788705664094,0.07465721474221604,0.0219478968547885,-4.821247784059235e-07
4354,0.70438570449072,0.8469065812949532,0.018191688371093785,0.04838626755668259,0.018197687790263786,-2.955092799350467e-07
4355,0.7940906264411531,0.8964073538439913,0.00947881687032228,0.03079943215876074,0.009479406381997567,-3.7355884685563723e-07
4356,0.7695613612787267,0.9004624914696849,0.015728822327050817,0.04946022585492048,0.01573320799653955,3.6127872660163263e-07
4357,0.6574131287050963,0.8487631170094545,0.018180437148925786,0.05489808468628626,0.018182563014191765,1.2870509624729465e-07
4358,0.9359892253839414,0.9682844611476447,0.007630981998271477,0.019356764251228262,0.0076314076402615545,2.2538394139903772e-07
4359,0.8666656624819024,0.9377487125604749,0.009451895204003883,0.04151619286385881,0.009453301929066682,-3.375180976927794e-07
4360,0.9743993488863213,0.9874151900647627,0.004820948224804693,0.017245826150350783,0.004822005477955567,3.488863212774973e-07
4361,0.6811346345557391,0.8294584636450885,0.020736800889648414,0.06237439332915869,0.020743407540489613,-3.654442609635211e-07
4362,0.40401966490659325,0.6563608819825213,0.0338978061180664,0.09461726754129587,0.03390869367741233,-3.350934067447575e-07
4363,0.871621154425323,0.9366925743416423,0.008885341197324226,0.024494294721137323,0.008886003347016213,1.5442532297349487e-07
4364,0.8600799023840048,0.9280489409871032,0.00993618513945312,0.030912671997523053,0.009939235949164694,-9.761599517599251e-08
4365,0.8551470702156652,0.9273053348164488,0.0165304925439453,0.04214584220510036,0.016535838284471163,7.021566517106947e-08
4366,-0.8294573762466193,0.5124854773246749,0.02916779705312501,0.08198030271484882,0.029172461919406926,-3.762466193046876e-07
4367,0.5805952712992017,0.7647474177656346,0.02342799484628909,0.06908065763317595,0.02343184935035945,2.7129920177060285e-07
4368,0.8694770722853361,0.9417096485630756,0.013916591844921871,0.04097089978257868,0.013921486095102803,7.228533605019294e-08
4369,0.7432251865883521,0.8798974234305087,0.01830435840009768,0.061009629188856586,0.01830825721487379,1.8658835210239033e-07
4370,0.9355922942529838,0.9717152925699083,0.009483888971289088,0.028746890762028004,0.009486913983861044,2.942529838678709e-07
4371,0.5327343200286219,0.730448699066805,0.018833745240722618,0.0658224723599121,0.018838759939650333,3.200286218252302e-07
4372,0.8096911214466299,0.9158765530363082,0.012882634822851556,0.04267701213202079,0.01288440324585026,1.2144662986379728e-07
4373,0.749904217047806,0.8693126024692635,0.02080604352382808,0.06792792103383066,0.020814726753432468,2.1704780595044326e-07
4374,0.731128548245574,0.8560455455999924,0.010997662986835953,0.04043072367664328,0.010998054690032415,-4.5175442597855664e-07
4375,0.9199233598938197,0.963145802744676,0.009190041404492184,0.02584195782712088,0.009192399986803837,3.59893819634749e-07
4376,0.45005884190545264,0.6747295213298636,0.009460070923359369,0.05501115883692139,0.009460354708741485,-1.5809454734228012e-07
4377,0.918224377081462,0.9607632089682882,0.00802516248798828,0.02040397272312002,0.008026241332809157,3.7708146194415093e-07
4378,0.4302856983593173,0.6692021499687529,0.030902002507421922,0.08343429878751082,0.030909275296079928,-3.0164068270943645e-07
4379,0.8364535177578309,0.9312705977638017,0.013000054722656258,0.039546158962797597,0.013004111226412636,-4.822421690864331e-07
4380,0.7928542803618406,0.9270530169323296,0.010923104462128895,0.02559720982929942,0.01092347909791896,2.803618406321817e-07
4381,0.6682740067725674,0.8223324521072604,0.024032062058105444,0.07060024165617985,0.024040828589524107,6.772567395785245e-09
4382,0.869433597089195,0.9347903738123927,0.013108019803125008,0.04497146802836342,0.013110659663291661,-4.029108050529473e-07
4383,0.7421750879121738,0.8618777056999032,0.019418881787011774,0.059210615877716415,0.01943017448201062,8.791217376291627e-08
4384,0.5475388974945168,0.7476500049454792,0.016999798794580075,0.060269049536423924,0.017001429799885667,-1.0250548321266706e-07
4385,0.8160167920640244,0.934082914051127,0.011167998930664077,0.029402054436731724,0.011170535168279483,-2.079359755491339e-07
4386,0.5099823835937503,0.7336471127671096,0.010084921531455083,0.04652131446540238,0.010085215818355218,3.835937502083553e-07
4387,0.4380148354584339,0.6930010958363065,0.01592511686311523,0.05994875294327058,0.015926246898497014,-1.6454156609446713e-07
4388,0.8958447190056589,0.9489063695929453,0.007998928279873054,0.021569072044218752,0.00799945446334906,-2.809943411286042e-07
4389,0.7087159306437518,0.845112444254218,0.02393846671796869,0.07433941638734565,0.023948797402934804,-6.935624818904529e-08
4390,0.7822346049371601,0.902593764989515,0.02095220925351559,0.06406742768169482,0.020962171093507054,-3.9506283988632873e-07
4391,0.9078300483462882,0.9537974122666628,0.00896198764208984,0.033787939313234386,0.008964571816177345,4.834628819505582e-08
4392,0.781338091929158,0.8931509902021452,0.013755945574218739,0.04562145255419622,0.01376063953339711,9.192915806366386e-08
4393,0.36430993571469583,0.6248712144342358,0.0194107793210352,0.07217479645697299,0.019411541898994047,-6.428530419100298e-08
4394,0.5950662544511358,0.8010570337634769,0.032019361334960965,0.09371327153092446,0.03203464826590999,2.5445113582822643e-07
4395,0.8389013052213941,0.9160973632390599,0.015601841699707047,0.041869989720768,0.015604192964469642,3.052213940479831e-07
4396,0.673061890029311,0.8416599328966495,0.02682440633095703,0.0725130262821803,0.026835644119213145,-1.0997068899953888e-07
4397,0.6956897735683091,0.8593226373018791,0.020457661900781264,0.0658820189017257,0.02046424224540727,-2.264316909528219e-07
4398,0.8725096005427716,0.9341518821056811,0.0075239717459960895,0.022632650463209628,0.007525457089109417,-3.994572284060638e-07
4399,0.7865652658046239,0.8889884182800294,0.017243384895019545,0.05182695206047031,0.017250052852924688,2.6580462397785e-07
4400,0.8530385573201392,0.9385953551898283,0.018457176810449203,0.04618299547079771,0.018462377791509714,-4.4267986076818033e-07
4401,0.7795707389432404,0.8876141345084849,0.010222437194951162,0.029702212551822812,0.010222859525404105,-2.610567596539326e-07
4402,0.733826966071379,0.8644757356570073,0.015279498366015613,0.05087398030729747,0.01528379676114778,-3.392862102380434e-08
4403,0.9272543350126443,0.9786287427085585,0.006094790275673834,0.01801672436037656,0.006095078903685909,3.350126442924761e-07
4404,0.7386136118034703,0.872171269154855,0.012054471056123046,0.03558309961382302,0.01205530733182823,-3.8819652969923624e-07
4405,0.8354657000224965,0.9151884051723218,0.01110383699394531,0.03139141726768156,0.011105216228485239,-2.9997750350396757e-07
4406,0.9161678404121434,0.9586873024310484,0.005664719472519525,0.017163817466018295,0.005665095717925498,-1.5958785659631047e-07
4407,0.6583691557694543,0.8286355276511518,0.029409539533886694,0.07912006006046685,0.02942251998177488,1.557694543352639e-07
4408,0.7608899941996177,0.8770508839739217,0.0149648937767578,0.03869879917657645,0.014968450791089936,-5.80038228559232e-09
4409,0.9660503110825506,0.9865970997396566,0.004136754743300778,0.013612028832294976,0.004137105116801672,3.110825506080772e-07
4410,0.6884288154756403,0.8445083975779025,0.01518096313730465,0.05190475837525571,0.015185556745441812,-1.8452435968097092e-07
4411,0.6766028361654308,0.826619440533679,0.024326585038378905,0.07416793848077748,0.024336425888339737,-1.6383456913349193e-07
4412,0.7656626314232596,0.8762676117174713,0.01711620438466798,0.05162127766960582,0.017122313877957648,-3.6857674035051247e-07
4413,-0.0230543628039368,0.5585908216511402,0.025178767707031258,0.08408952519639859,0.025186420661396633,-3.628039367993552e-07
4414,0.6777137360639807,0.87486313237166,0.02311031160654296,0.06594250067701596,0.023119837837477984,-2.6393601937346745e-07
4415,0.555816126492467,0.750224479176391,0.010790638599804711,0.05028477765647919,0.010792363410502541,1.2649246705631612e-07
4416,0.28049817526569476,0.5795405614511047,0.012309339841669936,0.057234140769383886,0.012309712662367524,1.752656947351383e-07
4417,0.7152183754684555,0.8503051501028878,0.0169185173305664,0.05466849897162504,0.016923410983626458,3.7546845543801055e-07
4418,0.07306577246245582,0.5097771642635351,0.010700332817890653,0.054495252440762636,0.010700558265919652,-2.275375441812555e-07
4419,0.4036239523405658,0.654136812800591,0.03089734001347652,0.09093788119638942,0.03090731077683848,-4.7659434176949844e-08
4420,0.8979634749544025,0.9488813457861311,0.007233028810156253,0.019430032649940327,0.007233992642740396,4.749544025850483e-07
4421,0.8954920178069102,0.9476851422374042,0.012241358078417978,0.0364860732002526,0.01224351313262553,1.7806910279638544e-08
4422,0.308820294333933,0.5933627376227347,0.03393507165156256,0.09465821970995174,0.03394579915888321,2.943339330041539e-07
4423,0.8747249304424114,0.9384760957449502,0.00880035181289061,0.023587564270092655,0.008801865697702966,-6.955758857785099e-08
4424,0.8589710967870245,0.9332652367279646,0.01631186223554687,0.04146540744571311,0.016319161233355486,9.678702450610643e-08
4425,0.5860939418279474,0.7713819367231558,0.017687483685742224,0.0579728846592302,0.017692774901158382,-5.81720526193763e-08
4426,0.2248621664955044,0.6157702771068866,0.025772112555371086,0.07885568911375776,0.025776945794572237,1.6649550438341265e-07
4427,0.6372325035943355,0.8160377142243896,0.02674097624960942,0.0777180089882893,0.026752359413317852,-4.964056645739845e-07
4428,-0.1200371651197818,0.5775107216887158,0.018103458032597674,0.06917375894423754,0.01810505473710945,-1.6511978179201137e-07
4429,0.7837615085284984,0.8930108396812056,0.020754056745507826,0.05824529332683499,0.020761893816461922,-4.914715016068882e-07
4430,0.6282746391211466,0.8330798925268847,0.027871268851562516,0.08442257389861622,0.027877256484822963,-3.608788534670282e-07
4431,0.523905477156795,0.7379045171296896,0.022825641272167962,0.07596373989513554,0.02283262642788863,-5.228432049531051e-07
4432,0.7784501849164278,0.8827670237094756,0.013485389004296858,0.03916123697267615,0.013489070284885793,1.8491642783668993e-07
4433,0.6587472846748835,0.8435841283966536,0.026835663002539083,0.075333032111921,0.026849852040443566,2.846748835549917e-07
4434,0.5061400872118835,0.7919361857747004,0.01831971920976563,0.05726829802130268,0.018324191120495856,8.721188349269937e-08
4435,0.08111170523750622,0.821311996446981,0.0280100720638672,0.06396134699606566,0.028014515042689103,-2.947624937882365e-07
4436,0.564123471618873,0.7908034336239742,0.013180474676855484,0.040204234972309016,0.013183665511509035,-5.283811269629624e-07
4437,0.7547443693657062,0.8699671132703549,0.012946378904013664,0.040308672588579036,0.012947461574893744,3.693657062431299e-07
4438,0.8299519748527661,0.9121801762721274,0.011297348183007837,0.02964510912707076,0.011299378628240252,-2.5147233961853033e-08
4439,0.8696847537903902,0.9374358949182525,0.009528323386328108,0.03129648481563204,0.009529739115794385,-2.4620960981103224e-07
4440,0.8383994379968369,0.9314816743341152,0.015543309073925772,0.041907637184144496,0.015548020730579945,4.3799683691059244e-07
4441,0.7184246210344643,0.8795429803378257,0.016715804058105483,0.04520380069860901,0.016720166576959676,-3.789655357300248e-07
4442,0.7588324549520027,0.8878908870376339,0.016888077886035142,0.04874179391714574,0.016892677218097424,4.5495200273748537e-07
4443,0.5590232710805342,0.751512918987029,0.016899222958886732,0.059146549445468724,0.01690326058327117,2.710805341310518e-07
4444,0.8080373258392708,0.9033757100290157,0.019474300006738294,0.052582728469911875,0.019484256674277247,3.258392707872204e-07
4445,0.825000143241195,0.9093449623845954,0.007542015145019534,0.02693867173053917,0.007542778787258123,1.4324119501640808e-07
4446,0.9375528290408627,0.968795154570822,0.005694099045302736,0.014800112802477991,0.005694409754962717,-1.7095913729114898e-07
4447,0.7797276739231608,0.8867869230671216,0.01922530393828123,0.056409228623871904,0.01923279582771613,-3.2607683919660957e-07
4448,0.37527842779320797,0.6189350882236619,0.015622931963378906,0.05721735612258833,0.015627642692793358,4.277932079688185e-07
4449,0.8037968063193871,0.9101155154644534,0.010168695123007807,0.029913306207121244,0.010169467718622883,-1.936806128810531e-07
4450,0.8562665960661521,0.9278378753759731,0.007763658668740233,0.023811694934570804,0.007764002589132483,-4.0393384792558606e-07
4451,0.5938831775262018,0.8021105209973619,0.01590858028671873,0.06095129760323605,0.015912807054484945,1.775262017389423e-07
4452,0.7019489535248311,0.8404817180771662,0.022368443977734336,0.06430200929365311,0.02237949552763737,-4.6475168935522504e-08
4453,0.8164222069647056,0.9063267656768708,0.013187824019628916,0.04144536117093762,0.01319304989751494,2.0696470559578017e-07
4454,0.714897713668375,0.8501069228580794,0.02015386019912104,0.0540032685532937,0.020163103485967077,-2.8633162507674115e-07
4455,0.8286445136065916,0.9122192576532292,0.008835342346142581,0.0274073955212682,0.00883587008288575,-4.863934083276789e-07
4456,0.5079758870132719,0.7268413195723847,0.022531110246972637,0.0661990596668574,0.022540215209124855,-1.1298672808468524e-07
4457,0.48104615766623615,0.8151402176268185,0.021297887145410168,0.05794619797850828,0.021302043212384582,1.5766623617796682e-07
4458,0.5498000319796514,0.8178847695330617,0.022642896767382847,0.06978679241465092,0.022649568109336136,3.1979651482494376e-08
4459,0.8603613033320009,0.9303501356362883,0.009482461937304685,0.02800017426617878,0.009484128388761809,3.0333200085053136e-07
4460,0.8317002765744329,0.9209510548500646,0.011987724268359375,0.038740229736931676,0.011989566121093332,2.765744329114028e-07
4461,0.606647141280549,0.8225385777007277,0.019160899026660176,0.06123960169198397,0.019166957098039717,1.4128054892648123e-07
4462,0.8547546648709382,0.9579095254274871,0.02021701302402343,0.05568661941046811,0.020223569175505954,-3.351290618347491e-07
4463,0.8815685762142403,0.9516251023851354,0.013089473122753903,0.04139849822291956,0.013093178333794909,-4.237857597066963e-07
4464,0.6587449691322304,0.839114652476755,0.012315632450468758,0.03852363222941927,0.012316370957930133,-3.0867769673648127e-08
4465,-0.2054153932290037,0.5174701781672049,0.032087581490917956,0.09376835111508827,0.032098158777921146,-3.9322900372007474e-07
4466,0.8641105810294357,0.9296139808170565,0.010768844120996083,0.03176021641646806,0.010770097150716928,-4.18970564242116e-07
4467,0.7196563025580571,0.8501058364601422,0.015451142227636725,0.05335599388760766,0.015455696622674453,3.025580571636155e-07
4468,0.94656197819292,0.9730097704325595,0.0048376520225585935,0.01318220189218717,0.004838132470303915,-2.1807080030633585e-08
4469,-0.05944980621429852,0.42435740690520507,0.023600598642382814,0.08251217414589104,0.023606228411535504,1.937857014855382e-07
4470,0.5540178434482332,0.777150917154553,0.022338460386718738,0.07094513422452194,0.022346370559438642,-1.5655176677231708e-07
4471,0.8410332685156573,0.9171226256168226,0.018652823260839814,0.05113878390243911,0.018660724788331588,2.685156572646008e-07
4472,0.9238815429068268,0.961584235334505,0.007158499411718751,0.029062733214359683,0.0071596704030199125,-4.5709317320064e-07
4473,0.5467444700091606,0.843480977020156,0.015150363887304676,0.041881684556526834,0.015152560076633343,4.70009160591367e-07
4474,0.48470477389065714,0.7485631856847478,0.020421846459863308,0.057937814173144773,0.020426341151633044,-2.2610934286015905e-07
4475,0.9050835373553353,0.9516946113291715,0.007519719336425771,0.02001614146246846,0.0075214370664279835,-4.6264466468937115e-07
4476,0.8053813985642713,0.902773967231078,0.009122048159082033,0.029489738980568975,0.009123642310293804,3.9856427125339877e-07
4477,0.8138829484430543,0.9068753289188585,0.018016491251171853,0.0589634197479632,0.018023481180725547,-5.155694571268299e-08
4478,0.8858162436495358,0.9427189343645321,0.0058239558541894505,0.02524885268962792,0.005824475375842416,2.4364953576938575e-07
4479,0.29402922537337595,0.7499337066188837,0.02017830076456058,0.05698345444229393,0.02017960070255407,2.2537337596162388e-07
4480,0.7074097632034086,0.8573849816293043,0.02290189072138677,0.06455990907473705,0.0229108099867757,-2.367965913352421e-07
4481,0.7490284226421358,0.8725996841745112,0.016088842733593768,0.051483501427075466,0.016096125523773364,4.226421357333976e-07
4482,0.7293932289827494,0.8608992461031204,0.021721309437695315,0.06807222078960143,0.021728886769855918,2.2898274942839691e-07
4483,-0.8693873341240341,0.74670350691195,0.023505277180859367,0.08156856106832903,0.02350822421181054,-3.341240341070417e-07
4484,0.6444291435099331,0.8164287098317319,0.02062266123701171,0.0603790268843359,0.02062835592776599,1.435099330482359e-07
4485,0.6976623575172665,0.8475488784890137,0.014631046774609378,0.0392840910911066,0.014634328701359467,3.5751726645827375e-07
4486,0.7450070766578064,0.8687425543089404,0.0088906463626953,0.037916450614499185,0.008892331604479354,7.665780643595355e-08
4487,0.5820733220675729,0.7799273603225746,0.019099016212402342,0.06534924679589886,0.01910548064730676,3.2206757294428456e-07
4488,0.6389611588126816,0.8468568558731752,0.017180530017675787,0.05402532813383855,0.017184752852771427,1.58812681561038e-07
4489,-0.29009580165015736,0.2940408175270481,0.02412627260996097,0.0811713254115792,0.024129872741127188,1.9834984266164923e-07
4490,0.805857790287628,0.898542257633257,0.011992786081640628,0.033884843810232455,0.011996041930979928,-2.0971237191247383e-07
4491,0.48996828024104655,0.707703362774464,0.027025985062402284,0.08107400126427756,0.027034813908091652,2.802410465352345e-07
4492,0.9479397062632813,0.9738815635616862,0.005516233200224602,0.015089689628365911,0.005516612815398763,-2.9373671872612306e-07
4493,0.8892571820431829,0.9472613571249333,0.008714226429335918,0.025134207715007188,0.0087149972807805,1.820431829724356e-07
4494,0.8752807633911464,0.9376167259729064,0.006532266645605471,0.021979873297819696,0.006532639566887891,-2.3660885362097872e-07
4495,0.5860893235863724,0.7733937145996107,0.0228960149241211,0.06459841002346774,0.022902121211349925,3.235863724748711e-07
4496,0.8118859702140429,0.9081180733712202,0.017683028129394512,0.047341257932304176,0.01768784705066461,-2.9785957145200825e-08
4497,0.5559565059927642,0.7505605059250423,0.0258661169589844,0.0807965443605694,0.025874944952003168,5.05992764243679e-07
4498,0.5386623361589818,0.7549620570476137,0.015786922901562507,0.05662105603796136,0.01578885354046904,3.361589818728916e-07
4499,0.13324208763942658,0.5730722222015716,0.02429419881650388,0.07684940219541075,0.02430137851783898,8.763942657696866e-08
4500,0.44681752494891736,0.7084623072772145,0.022691497019042967,0.07626242519358449,0.02270000966794851,-4.7505108263790063e-07
4501,0.5089736194098349,0.7268669497068156,0.012468448221484373,0.05505409998697648,0.012470064290689182,-3.8059016516100996e-07
4502,0.4921905426891674,0.7697283541418625,0.021902910999414008,0.06909238998973134,0.021908993130897184,-4.5731083259115124e-07
4503,0.9052686543687055,0.9524792700793434,0.010187816337792999,0.02861152480247994,0.010190215932897942,-3.456312944738471e-07
4504,0.3995242555537488,0.7038277220910263,0.02333600467617189,0.06955995952646729,0.02334132665737079,2.555537488291293e-07
4505,-0.009860765164672491,0.7509273038655958,0.021264543296464863,0.07276171808736452,0.021266431747735483,2.3483532750855074e-07
4506,0.9120931613159285,0.9590296076710362,0.007258551600683586,0.01959642711514068,0.007259334707948606,1.6131592850410215e-07
4507,0.4094003715085881,0.6754020605647801,0.024145062030957,0.07755307341572265,0.02415152682471194,3.7150858811507703e-07
4508,0.8385930191809364,0.9168597062087883,0.008929697355273436,0.027261888683136958,0.008931818681860378,1.918093639474705e-08
4509,0.7903645260810477,0.8950273316904398,0.012060823222265636,0.03619635870178378,0.012065263677267941,-4.739189523039755e-07
4510,0.4536736667043806,0.6893808308599716,0.013224825090947249,0.05650606950372125,0.013225939562312083,-3.332956194368464e-07
4511,0.6833217096940655,0.8387588645466756,0.012538569849316417,0.040237522074424326,0.012539992643151705,-2.903059345138459e-07
4512,0.5783055199732565,0.8207741553860937,0.01616348921201172,0.04980014092247652,0.016165227627056824,5.199732565630555e-07
4513,0.7873039185260805,0.8876874274477948,0.02054104760439455,0.06025599498964761,0.020549078317770142,-8.147391949986371e-08
4514,0.7574137726665215,0.8726430352292022,0.008509818259082027,0.03283357581715683,0.00851100835508252,-2.2733347848635788e-07
4515,0.6782475019826513,0.8334410529257137,0.01238905079365234,0.04439445390935411,0.012392450472835069,-4.980173486934802e-07
4516,0.5323283931656341,0.7361381110962274,0.018381042979785142,0.06329251820151459,0.018385143032147597,3.931656340494527e-07
4517,0.5549167128792225,0.7498577588986381,0.010754143408339833,0.05189317181467419,0.010754865521415148,-2.8712077748682674e-07
4518,0.6675619282231968,0.8268927046879451,0.02060127842314453,0.06581758156396185,0.02060641661045929,-7.177680316772239e-08
4519,0.7820114583380713,0.8864138738219052,0.013532953395996108,0.04060520699466714,0.01353607172791221,-5.416619287545998e-07
4520,0.8874664127649258,0.9433854668088344,0.007480105019843756,0.019800333476366252,0.007480566796204559,4.1276492579456203e-07
4521,0.6843812536289876,0.8343588549389269,0.019917112526757815,0.06041900368928645,0.01992477875075783,2.53628987589849e-07
4522,0.6554534554110734,0.8794020685945148,0.01195708978681639,0.03973727100201115,0.011959474680676046,4.5541107340785203e-07
4523,0.7141998682694454,0.8531637109913447,0.02039005516972654,0.054936745673505004,0.02039303992360001,-1.3173055457560423e-07
4524,0.5162034085349677,0.7472277232394885,0.03466120644863285,0.09710446043643568,0.03467507124119357,4.085349677440675e-07
4525,0.4298070599944982,0.7917056131372525,0.027218126166894528,0.06867748532686214,0.027224739750410766,5.999449820270897e-08
4526,0.951529994967695,0.9760866668761286,0.005293974122353509,0.013154523588348382,0.0052943301754817184,-5.032305017138583e-09
4527,0.22294146512208346,0.8204602467320505,0.019168609903232405,0.0653020476876403,0.019170260140953573,4.6512208345950157e-07
4528,0.4370376807873535,0.6792981285187022,0.014591300519433593,0.06511964558073931,0.014593557002945146,-3.192126464823808e-07
4529,0.6039399317826463,0.7947851526186942,0.01579070133457032,0.062359330045446276,0.015795100682362485,-6.821735376583149e-08
4530,0.7839934658120349,0.8886980571170545,0.015997023752636726,0.060142035936280085,0.016003246430974075,4.658120348333128e-07
4531,0.5848297368191324,0.7726761825028795,0.014614234917675767,0.04706193531257246,0.01461750362390438,-2.63180867543511e-07
4532,0.9549708134333016,0.9836604765941329,0.004321869288730465,0.010921608307428856,0.004322068692728969,-1.8656669842354034e-07
4533,0.916417330762304,0.9588295171319163,0.006135771608369143,0.01790655395488121,0.00613617712383191,3.307623039905394e-07
4534,0.8594007600247586,0.9292295858476243,0.009908005910898457,0.02594476027480423,0.009908852133608686,-2.3997524134511394e-07
4535,0.6948148059489114,0.8426271406936395,0.016743004301757836,0.05836038287574022,0.016746317019674137,-1.9405108853121078e-07
4536,0.904139337423396,0.951394073934179,0.010615197669921868,0.032894413574107106,0.010618753586801736,3.374233960018458e-07
4537,0.9032925589787026,0.9586650247278677,0.005364937779003902,0.01650005412505953,0.0053650807736433485,-4.410212973704475e-07
4538,0.7974600958951357,0.8963801154189326,0.012236793975781252,0.036263651799562265,0.012239705394112321,9.589513572105801e-08
4539,0.7855999163510694,0.8890927561893698,0.02012941268525392,0.05753278662473405,0.020138899039132376,-8.364893056000966e-08
4540,0.8448586189169315,0.922699449005987,0.01717408019628906,0.04925159811844011,0.01718135093165091,-3.8108306854578444e-07
4541,-0.6644188630651757,0.4382842280492358,0.025877319118164013,0.0777874451676972,0.025880415326827718,1.3693482425747305e-07
4542,0.5128496357719474,0.8058507220543871,0.019322615610644554,0.05139070648565575,0.01932735976428711,-3.6422805260727387e-07
4543,0.8237251727939169,0.918874691837914,0.013472627786132797,0.041988437051975476,0.013478610833652968,1.7279391684166256e-07
4544,0.8601274991218487,0.9295028863396956,0.013824725391406258,0.03693892277004587,0.013828858678233306,-5.008781512882976e-07
4545,0.7602829582216015,0.8770519645801881,0.014752807418945291,0.039580377872409984,0.014756761510900251,-4.17783985184883e-08
4546,-0.6124303866590746,0.6092917388932333,0.033026415558398435,0.08230837983875451,0.0330319740567744,6.13340925381678e-07
4547,0.4429572581447857,0.6899743223597437,0.02530543833544922,0.08187705321906939,0.025313540131413893,2.581447857141761e-07
4548,0.36827532072106606,0.6578850011710053,0.02622776616884761,0.07992383788759784,0.026235273686247992,3.2072106603830974e-07
4549,0.7258915101624313,0.8662296563288329,0.01979996542373044,0.06686311744962531,0.019803362104319915,-4.898375687290013e-07
4550,0.7197741657932891,0.8590933660352558,0.018514585750781208,0.0561307455761795,0.018522733945898567,1.6579328909749336e-07
4551,-0.2525307443832123,0.39279908359820986,0.014133492872519532,0.06106049574426123,0.014133808467035483,2.5561678768104557e-07
4552,0.8199022656545958,0.909488608039446,0.008937959719882805,0.027531534204531867,0.00893848703448414,2.656545957657741e-07
4553,0.23555324737539318,0.8272254085738299,0.028289843089062492,0.06320202936609838,0.028295860713168638,2.4737539316976864e-07
4554,0.7624667637900843,0.8955639435773622,0.014399838706445336,0.04583468390551887,0.014401962514890735,-2.3620991573825023e-07
4555,0.7419353489731741,0.8761176618727861,0.019562006284179704,0.05480705507905736,0.019568631396974474,3.4897317413573603e-07
4556,-1.340681945713233,0.5311666460106721,0.04111359503525397,0.09998937279510878,0.04112035610588543,5.428676685959033e-08
4557,0.2658803104787064,0.6761719984892259,0.023560914824316433,0.07691965760950116,0.023565441448694165,3.104787064112102e-07
4558,0.6967219439778495,0.8413587006517712,0.01706131083417968,0.05375656816532961,0.01706688568630852,-5.602215047417758e-08
4559,0.40411856526322,0.6576936950866905,0.014483162896093749,0.05405629547794646,0.014485896155821193,-4.3473678001948457e-07
4560,0.7498287131557471,0.8739254821092962,0.01782600597695313,0.045972304693356884,0.017830924155946594,-2.868442529058157e-07
4561,0.8760143083939194,0.9415156959727782,0.007814726756015624,0.02016319063185349,0.007815043490741004,3.083939194015173e-07
4562,0.8698801860324381,0.9392892413731879,0.009799342967675791,0.03835162592065506,0.009800725876558933,1.8603243812087555e-07
4563,0.8704161550428228,0.9331270709217961,0.00850942709023438,0.021482645895653622,0.008510316437875866,1.5504282280254245e-07
4564,0.7240261056197903,0.8607944996723469,0.011433518753906252,0.04121787076660998,0.011436998297089065,1.0561979035816904e-07
4565,0.8588930318308647,0.9290574313284018,0.008887817506738248,0.024456168080108334,0.008889379460492189,3.183086472180463e-08
4566,0.595492330132888,0.785926604245938,0.024849839923925768,0.07142600862938264,0.024860970262353427,3.3013288802674623e-07
4567,0.6913783864253664,0.8340250293161794,0.015151766312597653,0.05060990890186428,0.01515534525344139,3.864253663721229e-07
4568,0.8304985000545109,0.9220098086468437,0.012484469336425764,0.03343931666789429,0.012487124191433581,-4.999454891185806e-07
4569,0.5813530495890613,0.7823607762925958,0.023998794201269585,0.06994545129179006,0.024005945224265687,4.9589061301702486e-08
4570,0.5006226941849361,0.7732175910341281,0.045735972246386765,0.1176880407899459,0.04576217199136661,-3.058150639390078e-07
4571,0.5297924981924375,0.8483038006736147,0.021173829694042957,0.059238458686315984,0.021178968306883216,4.981924374147795e-07
4572,0.3367279442719676,0.6885066822390209,0.025481714049121026,0.07412571673271331,0.02548440253636036,-5.572803241093993e-08
4573,0.8703882137880676,0.9347350182717312,0.015427558087500003,0.03866076112034395,0.015432797122413616,2.1378806758232116e-07
4574,0.8561398322307543,0.9256610976445687,0.01032766689821288,0.026355391502150903,0.010328163300105882,-1.677692457180413e-07
4575,0.6517870068338425,0.8119310234328542,0.01980490052744141,0.07210627709172031,0.019811418121454417,6.833842491893449e-09
4576,0.5521551537043117,0.8424450986252812,0.020401271145507792,0.06331435900330747,0.020406635837840546,1.5370431172279098e-07
4577,0.6285532164272235,0.8011864782820317,0.014991896641875025,0.056901879675868246,0.014993367624679977,2.1642722347614551e-07
4578,0.8248368204820219,0.9260426034770789,0.011547082218896474,0.02955764607337413,0.011548231523726412,-1.7951797814941273e-07
4579,0.6101495363702678,0.7846309117845862,0.020399201287988264,0.06249839228547957,0.020404586019470088,-4.63629732161408e-07
4580,0.9324856837387068,0.9681377024759966,0.006084213922089841,0.01850263054674229,0.006084485158216258,-3.1626129326500774e-07
4581,0.8820246333446585,0.9550237205647985,0.006868715025117191,0.020033470822813922,0.006869021276103303,-3.6665534142166223e-07
4582,0.544291882611621,0.7490851547769762,0.02212226910849608,0.07500856571547793,0.02213102102436556,-1.1738837901731358e-07
4583,0.44893572443962815,0.6814935385342866,0.01547112606914063,0.0591656008531587,0.015474026656868629,-2.755603718540556e-07
4584,0.926648755134591,0.9636792518191355,0.005661925046210941,0.014746487490442781,0.005662108741608498,-2.4486540894930187e-07
4585,0.8421583850380517,0.9201147917676894,0.009544588490039056,0.03400475425646562,0.009546871973887126,3.8503805177558803e-07
4586,0.885167624446087,0.9479888719057395,0.012086584615722672,0.03261131461317206,0.012088634074389107,-3.7555391296795193e-07
4587,0.6308980283406904,0.8098271632000872,0.025667999816015606,0.07527716289645854,0.025679142106195794,2.8340690461092777e-08
4588,0.7372209222332969,0.8621650645558985,0.025600506546484336,0.06484296099952992,0.02561152188276546,-7.776670307713118e-08
4589,0.9363888997361344,0.9709085047158197,0.004461606606289067,0.013606461549658857,0.0044617601808329905,-1.0026386565442635e-07
4590,0.8014956841503436,0.8965350783553898,0.016978140861621128,0.051566623703134,0.01698450537360345,-3.15849656429279e-07
4591,0.7357353080607729,0.8578820232697149,0.0209913175538086,0.059605929022410874,0.020998074877090954,3.0806077289113887e-07
4592,0.8521334070849516,0.9238439563985149,0.0144273218571289,0.04239132164248211,0.014432984027897021,4.070849515258601e-07
4593,0.14399282869980656,0.7507592903216012,0.022327267553417903,0.06990163492353443,0.022329657608320008,-1.7130019344668845e-07
4594,0.9346559845467127,0.9716422971291004,0.010967672386816401,0.031190112986751024,0.010969748520324382,-1.5453287316447017e-08
4595,0.5450201431560739,0.7542459135956056,0.013931730450781258,0.05576767562726624,0.013935644691875181,1.4315607399506547e-07
4596,0.6812094982080353,0.8447051619687078,0.025835232705371084,0.072673086315363,0.025847632049678767,4.982080353821416e-07
4597,0.5847767679945353,0.7787285368051068,0.01457782945917969,0.04229098674565509,0.01458191372781039,-2.3200546472867956e-07
4598,0.8598556865327209,0.9299193046515514,0.011865605114648438,0.03930907809020464,0.011867210507325705,-3.1346727902281657e-07
4599,0.7637453308826491,0.9024789279376739,0.011313353432851558,0.03369707922855235,0.011314075518647902,3.308826490577843e-07
4600,0.5760067229291566,0.7649619191814594,0.025402129144726567,0.07478816219252402,0.02541083116771569,-2.770708434907121e-07
4601,0.9575766368867341,0.979953521423272,0.005648724675126952,0.012758343785185006,0.005649063179307613,-3.631132658998837e-07
4602,0.738867841497652,0.8865991678789205,0.0226170652376953,0.06513213945067728,0.022621682424875788,-1.585023480243919e-07
4603,0.7994468271782668,0.9033814274032217,0.009047474615722664,0.030364729360577034,0.009048963381039691,-1.7282173325749994e-07
4604,0.5865899064018343,0.7746341127860351,0.02258812852822268,0.06903786370749206,0.022595691606726146,-9.359816566245627e-08
4605,0.7051479194358792,0.8741605430945193,0.010208726119072264,0.03605994902740566,0.010209726371376023,-8.056412081902664e-08
4606,0.9396567394307087,0.976066410056009,0.006622499790761715,0.019133789973463516,0.006622828466307308,-2.6056929125495287e-07
4607,0.7130927387950683,0.8475280253869216,0.013446590417382824,0.04998078157742817,0.013448512706098644,-2.612049316841336e-07
4608,0.7220266698992899,0.8538646155791427,0.012682258227529318,0.038853874763013926,0.012683358135703194,-3.301007100997566e-07
4609,0.937089896155022,0.9703986320443958,0.005012360241953127,0.01357896130624915,0.005012838014190793,-1.0384497795001835e-07
4610,0.5720480727158368,0.8104040172879959,0.013984374059960903,0.04401680445755231,0.013986945696999363,7.27158367963554e-08
4611,0.8742307525886164,0.9438788107766872,0.009809741402929673,0.028252967645905045,0.009810726146718069,-2.474113836026248e-07
4612,0.887105132576986,0.9422020695996167,0.006078536600400381,0.020006526223148937,0.0060788642627339845,1.325769859450432e-07
4613,0.7710894466621495,0.9003277697273617,0.020453522847851555,0.06233000132822695,0.02045807026771066,4.4666214948918537e-07
4614,0.5995520405219852,0.7785483776935619,0.014230687984003905,0.05723264422439697,0.014231914678556813,4.052198521176109e-08
4615,0.7985428642625506,0.905950591435061,0.012909590991894513,0.036265669843954434,0.012913947282141881,-1.3573744939154864e-07
4616,0.7424622061286872,0.8931036659520551,0.011699852528710922,0.04133047654866985,0.011701159661746388,2.0612868723013378e-07
4617,0.7666171696503323,0.8792737188359374,0.016024983457421867,0.05085530385951823,0.01603029805427214,1.696503323378451e-07
4618,0.4810642704157102,0.7167248361819711,0.010998710157324218,0.04813768247912427,0.010999852716425814,2.7041571021291233e-07
4619,0.1351976616162457,0.7367058130804055,0.020844219909140607,0.06922047250706789,0.02084613919441471,-3.38383754322491e-07
4620,0.8241379955532053,0.9095284028044929,0.008407360450996102,0.026170180876263948,0.00840805057109082,-4.446794710233348e-09
4621,0.5487214959405231,0.7726907691918317,0.013377660038085926,0.052733864335427406,0.013379817342300983,4.959405230930969e-07
4622,0.8605992826638271,0.929141601507279,0.015752138779980482,0.04399799366422279,0.015758377765992895,2.8266382712249793e-07
4623,0.8839674777081915,0.9404727893976422,0.010248234911132812,0.025411579547025016,0.010251891413260803,4.777081915596781e-07
4624,0.47753328277914775,0.7008012699180656,0.01642867237724606,0.05736944423032733,0.016430460648866527,2.827791477644226e-07
4625,0.8604431541305119,0.9278119603590246,0.010274174759277317,0.031362190013373675,0.010275238323508087,1.5413051190904525e-07
4626,0.7591214247453035,0.8738483794304499,0.01236674437959958,0.03625250645683371,0.012367369837686222,4.2474530348446393e-07
4627,0.7389290503771702,0.8823865617053516,0.009456512272822274,0.03258700130548378,0.009457024873927489,5.037717021316723e-08
4628,0.6305325952051967,0.7964284024896079,0.020947659789453094,0.06792889155703942,0.020951491622421964,-4.047948033436555e-07
4629,0.6758732464073751,0.857400549194429,0.01330491816064454,0.03547255344154316,0.013307312474849382,2.4640737517067635e-07
4630,0.8655616592638284,0.9417060592826763,0.013872311496093739,0.04518568772277353,0.013877368674296394,-3.407361716112334e-07
4631,0.5180432339842831,0.7550105111229028,0.021805907196289047,0.07416766856929295,0.021811433094508677,2.3398428306009578e-07
4632,0.23257557836854503,0.7271250650198166,0.027049264625585948,0.07158668846249323,0.02705589223965456,-4.216314549720934e-07
4633,0.5130213821640597,0.8455911003761928,0.01715539706132812,0.04712773773298114,0.017158084297005802,3.821640597312381e-07
4634,0.8843444285520938,0.9409247810329083,0.008768901237695319,0.03187127443651179,0.008771045823304856,4.2855209381187365e-07
4635,0.8387059906347403,0.9158849910734771,0.01335784560595703,0.040002130094118474,0.013360028811017128,-9.365259678872917e-09
4636,0.740463679653029,0.8658825690525038,0.018474870855371084,0.055504366343754455,0.018483084688302235,-3.203469710610918e-07
4637,0.8678036060435091,0.9319805337995178,0.009496299243847659,0.03033774705065346,0.009498972724971615,-3.939564908739257e-07
4638,0.6053331991916707,0.7825475645493125,0.010240013317089854,0.047578072202543314,0.010241929672260515,1.991916707133612e-07
4639,0.6851635095906576,0.8306871269396442,0.016451176331835914,0.051944143024358354,0.01645247946083667,5.095906576713105e-07
4640,0.12216423330673287,0.7532869141206786,0.025108554667285177,0.06868148379560679,0.025113390750430648,2.3330673287746961e-07
4641,0.781270582250762,0.8869105420255607,0.01859920279414064,0.05830972012235381,0.01860300643180651,-4.177492380907921e-07
4642,0.7824770570843222,0.8903060657735241,0.019374814225195332,0.056607326095723914,0.019382635969706827,5.708432226914084e-08
4643,0.6581609693451675,0.8572786444953007,0.019428351175292943,0.05363023804263723,0.019430862177034925,-3.06548324502387e-08
4644,0.4250897217207876,0.6675008383983809,0.027031427182617175,0.0781624624767196,0.02703960265515124,-2.78279212395649e-07
4645,0.3907222225961585,0.673343020661438,0.023280060188964828,0.0706100779459469,0.02328739211725094,2.2259615850561687e-07
4646,0.08665092614741832,0.46109545273001223,0.013294436859658228,0.06663931207629967,0.013294977046408153,-7.385258168901565e-08
4647,0.2566089118372771,0.6380322070005401,0.02088049787158203,0.06908080489884487,0.02088430558380172,-8.816272289990934e-08
4648,0.6750975993125643,0.8274298080310157,0.015129322539941398,0.04695828316538484,0.015133770255136498,-4.0068743567545084e-07
4649,0.4882249017884672,0.71470405625874,0.013937315983007818,0.057985311375616654,0.01394066136115444,-9.821153279521155e-08
4650,0.7438650472984485,0.8690506413078244,0.021835693378320257,0.06357021515397455,0.021840148305563446,4.729844849116205e-08
4651,0.5354629205480329,0.7442875592595664,0.024985443766503905,0.08451651229570056,0.024989989668035426,-7.945196711656166e-08
4652,0.706552265732433,0.8416400630023343,0.019813247980664077,0.05938768190049462,0.019819462468254417,2.6573243305794136e-07
4653,0.6263466118576166,0.8028834298036226,0.028215700520019534,0.07978371292095826,0.02822719243388032,-3.8814238334516915e-07
4654,0.7560386433923727,0.8718163630997556,0.011720902040673813,0.03298996636678671,0.011721716483000409,-3.566076273164853e-07
4655,0.7159551856661719,0.8537280903785239,0.011148069833593758,0.038149594536362824,0.011150759241727308,1.8566617188131573e-07
4656,0.8203850321315918,0.9066328661948247,0.011567157590136733,0.03624888095597137,0.011570018604668263,3.2131591720663266e-08
4657,0.8192230140366827,0.9192900967581393,0.01219024894179687,0.03768164509073772,0.012191549410715046,1.4036682705054204e-08
4658,0.8749820968855307,0.9472529171956914,0.01637687342861324,0.04939996986414503,0.01638415558611117,9.688553070930084e-08
4659,0.9216805537006194,0.9648385679628193,0.007032549089052742,0.020341534777309836,0.007033035319496822,-4.462993805631754e-07
4660,0.8656061971341331,0.9461414578998995,0.005875402970283197,0.02259366240207117,0.005875606578265514,1.9713413312860695e-07
4661,0.9353922224975014,0.989662657590514,0.008692832440332048,0.03368494355586001,0.008694717282883574,2.2249750142311342e-07
4662,0.905546777107738,0.9516623338707305,0.009133273252929695,0.026145033686154423,0.009134204385503969,-2.2289226198068945e-07
4663,0.8645973354819814,0.932551196636547,0.00729837640111329,0.021302389253391594,0.007298697176956556,3.354819814171961e-07
4664,0.8515336793369515,0.9241984580521634,0.008339994400195306,0.02286391851156086,0.008340960486104936,-3.206630485586004e-07
4665,0.7967926776304443,0.9054783608407702,0.015073782708691384,0.03763514026429486,0.015079631882259775,-3.2236955571640635e-07
4666,0.6660466516106375,0.8233824246362884,0.019128424153222693,0.06351873715312979,0.019136084628335943,-3.4838936247005847e-07
4667,0.5249290646477163,0.7579145091164143,0.021774312576757826,0.06615754298778552,0.021780506384302303,6.464771629133281e-08
4668,0.5702858800779803,0.7777437371821239,0.02000289594638674,0.06342156567700838,0.02001077767943876,-1.1992201964794447e-07
4669,0.9475339433511463,0.9748815846862718,0.00694400483310547,0.01971046648211376,0.006944966504006273,-5.664885371903239e-08
4670,0.7308111695662365,0.8801831415706804,0.012016448157617193,0.04362276420924548,0.01201915305358892,1.6956623649644342e-07
4671,-0.5595485547474996,0.5991330395338771,0.03073020402919918,0.08344536323274825,0.030734942914813462,-5.547474996037138e-07
4672,0.7719386730854801,0.8832281617553062,0.017211712910058612,0.05089760704183026,0.017214044979359383,-3.2691451989919074e-07
4673,0.5904857082179877,0.8070131006753619,0.01748178747197263,0.052995477797738645,0.017483694894131232,-2.9178201221835565e-07
4674,0.9365350088768031,0.9695045568304737,0.006539328215039067,0.016371600205670897,0.006540719222601346,8.876803070378969e-09
4675,0.20721709018318635,0.6425454397427509,0.03105434078593751,0.08555635233868986,0.031061525282567688,9.018318633535749e-08
4676,0.12895373642979957,0.6420113392563206,0.029028146429492148,0.08820653919359235,0.029032597242779852,-2.6357020044276425e-07
4677,0.69309598179944,0.8348741859820934,0.017599271506835983,0.052227086610562336,0.017605438538788803,-1.820056005907844e-08
4678,0.7220585933851673,0.8795782126115826,0.012899082124609381,0.04620405028598302,0.012900714499747676,-4.066148326931085e-07
4679,0.9309411451825346,0.967931911175676,0.010376007650390618,0.028013261898806603,0.010377901063154726,1.451825345499813e-07
4680,0.8180092593791899,0.9094727883065067,0.014903980303808599,0.04004122305006875,0.014909850144820292,2.59379189904152e-07
4681,0.2391910968857951,0.6543957857716929,0.025339623755761733,0.07513054425322613,0.025345856339854485,9.688579510891415e-08
4682,0.9353586233627315,0.9686918214390179,0.00479905980441407,0.013577211399732647,0.004799481957824054,-3.7663726859538116e-07
4683,0.7999825458409309,0.8953755405533108,0.010048594580136731,0.028572298197022648,0.010049237999783864,-4.541590691298225e-07
4684,0.43768325108146056,0.7308299167071349,0.012914193577363285,0.05300716415777758,0.012914990937021944,2.5108146056718184e-07
4685,0.8281197003994911,0.9181924757982755,0.008869053564355451,0.026891627161456103,0.008870348855272972,-2.996005088462539e-07
4686,-0.08273924139402711,0.4688849562158434,0.0340741400255859,0.10537653084820463,0.034080290717173514,-2.413940271145387e-07
4687,0.7600248698788794,0.8786905605284027,0.012476351813574217,0.03365173652847588,0.012480001731104497,-1.301211205451125e-07
4688,-0.3313337997070789,0.31339010190209243,0.019457871303417997,0.07147924959959784,0.01946114687327002,2.0029292113754593e-07
4689,0.5739160315315373,0.7620292161831312,0.011063158018535147,0.04849505602152852,0.011063749332567074,3.153153727009084e-08
4690,0.7006452851109839,0.8414974871728631,0.012482769317011717,0.03970392111580778,0.01248342927696929,2.851109839330235e-07
4691,0.1742459630727985,0.8504874968931745,0.02731696806943358,0.06706618053703992,0.02732249797908956,-3.692720151882156e-08
4692,0.39644895776329514,0.6792009362657612,0.022997962341308555,0.07367886612495111,0.023003596770990488,-4.2236704855813656e-08
4693,0.35116889056800726,0.7241842638904625,0.01570909901259767,0.053320165436543956,0.01571232687604068,-1.0943199274526805e-07
4694,0.47638439059663273,0.7598764936045858,0.02216499307011718,0.07560733040913212,0.022167775250050602,3.9059663275997636e-07
4695,0.5774001832034696,0.804827072513551,0.018458169748144546,0.057630682114577066,0.01846288038221557,1.832034696169771e-07
4696,0.7396995083740213,0.8619490659409572,0.02110639421054686,0.06376515552184879,0.021111599621663812,5.083740213240873e-07
4697,0.8623613859749559,0.940704696956832,0.01141527130947267,0.03530486877641308,0.01141718855456132,3.859749558854375e-07
4698,0.5824366156543537,0.7670598302527843,0.0268608014666992,0.07077125517963082,0.026870390646581425,-3.84345646309292e-07
4699,0.8466182532057447,0.9207757630302877,0.016516011252148455,0.046696730876237755,0.01652314095938309,2.532057447046654e-07
4700,0.7550067969475828,0.8941586901678013,0.012023717790332051,0.03257108284489864,0.012025557507019148,-2.0305241721363387e-07
4701,0.9286758506856082,0.964328784464884,0.005257752064746095,0.020604996544958204,0.005258698493222844,-1.4931439173970773e-07
4702,0.5330287071921169,0.7433282662277568,0.011131344374414048,0.044887802060707666,0.011132704765331151,-2.9280788305108274e-07
4703,0.8211467523796926,0.9103040350620393,0.01348298374169921,0.04579913628670178,0.013486946543767432,-2.4762030736980023e-07
4704,0.6866831432491909,0.830933977740511,0.017853739238867176,0.055885120029644846,0.017856503689914628,1.4324919084263144e-07
4705,0.8302152522728121,0.9112397846617225,0.015157813495605445,0.04424687042139637,0.015162572071736722,2.522728120846196e-07
4706,0.7246088733729397,0.8659044994701182,0.016521057013574196,0.05194822315282609,0.016525555231699487,-1.2662706028176984e-07
4707,0.8409855399879996,0.923640153254232,0.0075982545266601535,0.02516859016300598,0.007599757219815446,-4.600120003805941e-07
4708,0.49497551316217037,0.7812213808814695,0.020981789927343786,0.06269582227446556,0.02098836710651371,5.131621703680089e-07
4709,0.7275745790264487,0.8588902767904738,0.02271226370507812,0.06547561591457766,0.0227228496808612,-4.209735512405999e-07
4710,0.4605652925060202,0.7423614084581179,0.020993177238037095,0.05974654100048145,0.020994870460063188,2.925060201830476e-07
4711,0.5855132374246683,0.8045538008422062,0.025611382425976593,0.07134430918804904,0.025622158954862268,2.374246683700676e-07
4712,-0.1267342830522893,0.4403448836990899,0.014952302448613272,0.05906202863767443,0.014953246297968197,-2.8305228927383297e-07
4713,0.6770885385828509,0.8271478109664221,0.023031327655078124,0.05923882911953307,0.023038646219717917,5.385828508730484e-07
4714,0.5374021306857242,0.7789072492629668,0.012634162192675772,0.05797089913730053,0.01263543751391847,1.306857241312187e-07
4715,0.8926055819273467,0.9457422698053406,0.01113456772890624,0.03447626815848122,0.011136347162387565,-4.180726532743151e-07
4716,0.5464995461218127,0.7475728038251844,0.026301635687792976,0.07675997422956621,0.026311111379338465,-4.5387818725650675e-07
4717,0.8918352191197102,0.9463804365230917,0.007517752544433584,0.023063344532002625,0.007519289850460718,2.1911971015420306e-07
4718,0.8061486296762921,0.900736920323113,0.01038131478303708,0.030489564672570402,0.010381931644712324,-3.7032370792111635e-07
4719,0.9044641369480619,0.9586065463970425,0.007400489814550785,0.01865062892737824,0.007401524632811986,1.3694806189068487e-07
4720,0.9102917443722772,0.9582894543299124,0.009640890176074224,0.034744280703076134,0.009642577631016683,-2.5562772276721546e-07
4721,0.6122550024722847,0.7963973242008966,0.02529478159462891,0.08060040859829658,0.025301808438170165,2.4722847102864876e-09
4722,0.5617000916052796,0.8023046546074002,0.021143064594433603,0.06743020333217009,0.021145692807394617,9.160527958407272e-08
4723,0.3669505428244987,0.6304972720017481,0.02154277859619134,0.0844621073292163,0.02154938348869544,-4.571755013449419e-07
4724,0.9492619747403154,0.975994708805419,0.004332413245712885,0.014102975111408978,0.004332701881040218,-2.525968467725903e-08
4725,0.907588392684139,0.9535010468211417,0.0053469519649413984,0.016844839266852398,0.005347519261335004,3.9268413909443467e-07
4726,0.5804284976945364,0.8147849524622248,0.021788873826464817,0.06421965852357855,0.021798778079486453,4.976945363610596e-07
4727,0.5966818461217929,0.8468579249024661,0.01883624809218751,0.047961039656945044,0.018840738965075005,-1.5387820717638334e-07
4728,0.18927625835137352,0.5561588224844133,0.02913174929570317,0.08439897292956502,0.02913551588858042,2.5835137351659654e-07
4729,0.5740719928103599,0.7871436489424382,0.012116690216308587,0.046735643781740284,0.01211745124883551,-7.189640105487172e-09
4730,0.4339844661371768,0.6679322918872285,0.02559714567822264,0.08168216436290787,0.025605385124998856,4.661371768022171e-07
4731,0.9129957584828667,0.9561442319923509,0.005465575328027338,0.01709021262539581,0.005466203922346694,-2.415171332925681e-07
4732,0.5605461446532705,0.7614172782243275,0.017001851428320322,0.050360649873917425,0.017005885516866152,1.4465327047297194e-07
4733,0.7197551451918547,0.8535930409632891,0.02472424058007812,0.07399719770240121,0.02473597766790726,1.4519185465022844e-07
4734,0.6858075226333147,0.8605887862881456,0.019094979187499975,0.05980931410489844,0.019098096269914003,-4.773666852919689e-07
4735,0.9166549719119017,0.962301148444631,0.01004305979160155,0.03382359763399968,0.010044941533602404,-2.808809829168979e-08
4736,0.6136548131331039,0.8161564960968952,0.020789173651074216,0.06216736262882571,0.020795633461083134,-1.8686689606806084e-07
4737,0.8034267790966805,0.9044621389555132,0.01397838803496094,0.039727607455169955,0.01398120188885685,-2.2090331952551168e-07
4738,0.6203336687999741,0.8047629890385706,0.01135618487492188,0.04331318696912679,0.011356813645590776,-3.3120002596032094e-07
4739,0.4291507703801911,0.6692620882597996,0.019574904329189444,0.07309004889954593,0.019576018638650317,-2.2961980888913658e-07
4740,0.818406941023276,0.9270529273929136,0.013527788186132804,0.039787644258518794,0.013530919851230864,-5.897672394894471e-08
4741,0.4512024989628496,0.6921375593888174,0.01734054161289066,0.07084676315799789,0.01734449513098641,4.989628495932763e-07
4742,0.909061104895232,0.9568599200642194,0.010247714829296869,0.0317005386904363,0.01024903296870091,1.0489523194490147e-07
4743,0.8111760878866972,0.9082744208888583,0.01057175285410158,0.028180010372503613,0.010573677736092942,8.788669714210329e-08
4744,0.7634197226133549,0.8739891247060615,0.012905832730341791,0.03804620217137559,0.012906877236935541,-2.773866450977991e-07
4745,0.8281919713333308,0.9103968585551926,0.009708091108105459,0.042502187796902235,0.009709566844780106,-2.8666669260601907e-08
4746,0.9514559834121359,0.9846851405007091,0.004016108720380851,0.019179179380701402,0.004016492568984498,-1.658786408231805e-08
4747,0.8233949456619839,0.9084270232872932,0.01852169078369141,0.04828723318261728,0.01852868792219384,-5.4338016086674656e-08
4748,0.7828795366638271,0.9030081213477791,0.019213839998046885,0.06187097311479677,0.019218001412184074,-4.6333617287341866e-07
4749,0.9380380669592148,0.9687318586902195,0.005690196500195311,0.014548036523081178,0.005690505232866214,6.69592147284348e-08
4750,0.7547232329228997,0.8736090377642445,0.01296006797490234,0.0364435047430245,0.012963718593060185,2.329228996345023e-07
4751,0.7700669282138403,0.8808617194043511,0.014180995421093735,0.04415990803746136,0.014185646067416074,-7.178615968328472e-08
4752,-0.27713583852313484,0.3372691416286763,0.01546481216752929,0.06807455471646745,0.015465824533028713,1.6147686515699533e-07
4753,0.9714633338317219,0.9857702745079422,0.004614396488066407,0.010990879552155683,0.004614779622714788,3.3383172193257593e-07
4754,0.5492681957939949,0.758794655095297,0.016884045145214837,0.05441260862026283,0.016887699585987063,1.957939949059906e-07
4755,0.26802858518324324,0.6227122155644416,0.027933496357617195,0.08398848435837697,0.027939724558080893,-4.1481675677745855e-07
4756,0.7912791050604167,0.8912407661208643,0.01804714405400388,0.049100433175976954,0.018053201222555708,1.0506041669966493e-07
4757,0.8811492621434992,0.94134102944484,0.01710256430751953,0.042688011885633766,0.017111434661355045,2.621434992411409e-07
4758,0.5270361395591368,0.8269633488324185,0.018674050654003915,0.05035676550651257,0.018679238085759872,1.3955913680252507e-07
4759,0.5567781307079385,0.8191623246352087,0.016463883828222663,0.05322648567323568,0.01646749778363951,1.3070793847269613e-07
4760,0.7911501945965576,0.9316592607210255,0.01141276297265623,0.03695409890634604,0.011413937568416063,1.9459655753450988e-07
4761,0.5688913139786913,0.8080425158667018,0.01890633387099608,0.05082980455700576,0.018910171877589338,3.139786912687015e-07
4762,0.7842481600041701,0.8921102259337478,0.015622201215722642,0.05157902578564901,0.015624712216348794,1.6000417013550816e-07
4763,0.523581116581427,0.8642616663435857,0.02044117606767579,0.05190831360874933,0.020444712207588398,1.1658142706760799e-07
4764,0.843335592286545,0.9233003632371986,0.012850110709277367,0.033982584318927846,0.012851817055309253,-4.0771345499734934e-07
4765,0.756813611388393,0.8767397140485097,0.016277268775585958,0.060117712592722666,0.01628026598720644,-3.88611607005096e-07
4766,0.8687651674042474,0.9354126716240588,0.012910692370117181,0.04054760385701695,0.012912722172566374,1.674042473531756e-07
4767,0.7680712720328755,0.882347205598375,0.017586816829394548,0.04949438237866549,0.017592105121746773,2.720328755589918e-07
4768,0.881428750283734,0.9389520875186537,0.012322003831054697,0.03429857031813324,0.012324672560189855,-2.4971626599867847e-07
4769,0.7533901553635998,0.8801197509953107,0.018404596421972622,0.06275304410918954,0.01840818849278925,1.55363599763092e-07
4770,0.7470585900366302,0.8675199485742541,0.01830674827978514,0.05804159799322141,0.018311246356883224,-4.099633698073646e-07
4771,-0.45984083318084323,0.46775092142251046,0.020911001568847672,0.08636327977024336,0.02091321784083439,1.6681915676608483e-07
4772,0.7908629737460472,0.8903189087802668,0.010290582607910152,0.03067369940162747,0.010291893130238648,-2.6253952789545565e-08
4773,-1.1278378298381684,0.2989930350852146,0.026018613917226558,0.08025635995849952,0.026021149844554056,1.7016183151419284e-07
4774,0.7944542208840756,0.904546609604102,0.01733934823535157,0.055098729370164495,0.017342939944339688,2.2088407558573664e-07
4775,0.5809867038678409,0.7723663053478244,0.016341779205859386,0.05184560688733775,0.016347551810851197,-2.961321591277155e-07
4776,0.1079241125915208,0.6604250843013433,0.023267301292431646,0.07337718593019354,0.023268652929621676,1.1259152078724188e-07
4777,0.721774367745981,0.8520004937284609,0.01128252140639646,0.03297250161049015,0.011283073793419795,3.677459810003114e-07
4778,0.4873765843343023,0.7314677851707614,0.013926935124804678,0.05653452032605704,0.013928695419403087,-4.156656976950224e-07
4779,0.885488183714745,0.9416304202408727,0.011692549746679678,0.03321971592631708,0.011695018277340576,1.8371474497236306e-07
4780,0.8213888046020489,0.9091052559218574,0.009003949533203144,0.027004273956758328,0.0090056993261731,-1.953979511526427e-07
4781,0.6702306849878401,0.8249398393923871,0.014487401154687501,0.0458048215151815,0.014490104079293025,-3.150121599126976e-07
4782,0.9190455208084927,0.9589127457940849,0.005084700073681644,0.016376823902993387,0.005084845796209441,-4.791915073631969e-07
4783,0.6170428500624033,0.8649432383232671,0.01762083056835934,0.05166050593586117,0.017625275676985297,-1.4993759667181195e-07
4784,0.6938580558892999,0.862105284991074,0.00880849213125,0.033399205993667316,0.008809136766788867,5.5889299965805606e-08
4785,0.7715935696811318,0.8839615960328664,0.013667792635546868,0.041245950886772305,0.013672736363401106,-4.3031886820532605e-07
4786,0.7051751550375858,0.8500939900929768,0.01793152641474611,0.0603466832164604,0.017938487053588234,1.5503758576951299e-07
4787,0.5338904522188413,0.7420846735712442,0.013286875628525404,0.049659599296881976,0.013287502652886715,4.5221884137358614e-07
4788,0.44424630850722135,0.7927015112631803,0.019707269857714822,0.05800270426571804,0.0197112499197895,3.085072213804274e-07
4789,0.7894462783371441,0.8918539762363016,0.0170167739564453,0.05091924986677377,0.01702223542663296,2.783371441106297e-07
4790,0.6688328127797306,0.8244254067013465,0.00976854027955081,0.03623972629070622,0.009768910422785217,-1.87220269398658e-07
4791,0.8823966384419454,0.94277729518154,0.008092397501660156,0.021706264074914522,0.008094176848603873,-3.615580546068031e-07
4792,0.7941150993210612,0.8983085018735402,0.015438926278808614,0.050790441054691944,0.015445181180245456,9.93210611532902e-08
4793,0.8730201268419127,0.9447416997569558,0.011166621132910138,0.032801532322814395,0.011168886362883601,1.2684191263989675e-07
4794,0.8510221350249081,0.9258305844817619,0.009778504284638678,0.02756603180539983,0.00977933077030532,1.350249081433219e-07
4795,0.9360207473115155,0.9684977540628884,0.005708177761660149,0.014756716830714549,0.005708484926043358,-2.5268848447002057e-07
4796,0.5478266174245308,0.75256982482247,0.020767617352636727,0.0584838067645876,0.020773933845878396,-3.8257546919329144e-07
4797,0.7819402714112631,0.907691339778894,0.016632530356250005,0.04813096218924497,0.016638673500926873,2.714112631307941e-07
4798,0.7581219035143061,0.8749230463260305,0.0148823183399414,0.04205505349089016,0.014885976397452346,-9.648569387898931e-08
4799,0.8681115341942133,0.933102715813542,0.008084666545800772,0.02291346276254254,0.008086525511057313,-4.658057867201748e-07
4800,0.785891175841224,0.9074316433768337,0.01550471950410153,0.047403422405331484,0.015509836537289616,1.7584122402602986e-07
4801,0.44663822552849564,0.7210316019266572,0.026280171519531232,0.07847751998312745,0.026283204632885714,2.255284956564907e-07
4802,0.7962747352537926,0.9004909798741231,0.008804322627656258,0.035375565870715726,0.008805002978789925,-2.647462074012452e-07
4803,0.39855744647955815,0.6678993959183833,0.019777149567871095,0.0684704542198246,0.01978035131245825,-5.535204418705142e-07
4804,0.4912286293893726,0.8119658693782288,0.017867299346386707,0.050799198989883915,0.017870698851900835,-3.7061062740928463e-07
4805,0.6359801096825781,0.8063082755743727,0.014674719506542958,0.04931166192169688,0.014678137996444473,1.0968257813104287e-07
4806,-0.4853480157625232,0.6882251717396565,0.027776116996874975,0.07561956226989294,0.02778043873305562,-1.5762523175588683e-08
4807,0.9127368446947344,0.9564284385842647,0.009076686596484375,0.027890735896274593,0.009078070649121417,-1.5530526564777603e-07
4808,0.8492876699458203,0.9221592486826652,0.011976349239355477,0.03557737998967917,0.011978190548367315,-3.3005417976461615e-07
4809,0.5971636001958995,0.7833992798728228,0.022353969661132834,0.06884400031409699,0.02236195689818914,-3.9980410049267334e-07
4810,0.013155687909949254,0.46687051209511105,0.016189669954492177,0.061142585687825844,0.016192098613840106,-3.1209005074521456e-07
4811,0.8889529089338809,0.9451649183397435,0.013581573681933596,0.04144947716214813,0.013587156039721873,-9.106611909004414e-08
4812,0.9770249807969589,0.9885584629869563,0.0037460090823730418,0.010178182632970694,0.0037463209532150876,-1.9203041157211942e-08
4813,0.4955791084153853,0.7140748648833366,0.012564515690332033,0.05513822529789727,0.012566242347322022,1.0841538533590267e-07
4814,0.7680734053408141,0.8807152838017871,0.016697552501562494,0.05196003097119653,0.01670355347029289,4.053408141357906e-07
4815,0.42562832042156595,0.7307925147810119,0.024466324719531238,0.06759876325802848,0.024472779287809943,3.204215659469156e-07
4816,0.746002201471948,0.8702409875341867,0.019245784544238302,0.04751549242518377,0.019251171089288182,2.0147194790265388e-07
4817,0.45144975599340686,0.7142090887811545,0.023023589981054693,0.07537171725877176,0.023030818742438165,-2.440065931530455e-07
4818,0.5321900808196058,0.7330812261219104,0.026905878835546883,0.08591290314795295,0.026915161683713947,8.081960578554259e-08
4819,0.5034746597582507,0.7223728110355335,0.03030808048271483,0.08889943227529121,0.030322177690665926,-3.402417493303389e-07
4820,0.26568052550160826,0.6109674202960109,0.018386281750585928,0.06104393610278654,0.018389653418142565,5.255016082283959e-07
4821,0.8364480070316911,0.9244272135963023,0.009435260716601569,0.03412972311749034,0.009436920654902,7.031691118264405e-09
4822,0.43844328845066993,0.6750104753607842,0.015094404988398475,0.06717330371457123,0.01509533067800306,2.8845066990523804e-07
4823,0.5877444685790136,0.7746849251321072,0.022793174706054697,0.0714384413357593,0.02280133614791147,4.685790135905421e-07
4824,0.5384997302485761,0.7508003032773906,0.013347122702636743,0.05309955340980311,0.013349269476086955,-2.6975142386476136e-07
4825,0.196940438258276,0.6593829885549671,0.021211434124707076,0.0695216011144329,0.021216692490990736,-5.617417239978106e-07
4826,0.6276583525393378,0.8053843672874346,0.020219359510546882,0.06203029200556234,0.02022602215236848,3.5253933772239066e-07
4827,0.7833434361734415,0.8866172251438201,0.010945726719882807,0.035144367464941303,0.010946319366858375,4.3617344147595105e-07
4828,0.8539700901771368,0.9295763895408983,0.00889013405097656,0.026375407290564548,0.008891430590493837,9.017713675785188e-08
4829,0.8279190671996146,0.9120470162643641,0.01338488888935547,0.04560200469005546,0.013386930872888324,6.719961465062596e-08
4830,0.8523143006197562,0.9236646516189291,0.0075145254447851586,0.021440584590874768,0.007514689829977834,3.0061975619943837e-07
4831,0.7910023529831349,0.894707020362125,0.009618182372685543,0.03806212911996266,0.009619139014433084,3.5298313494358524e-07
4832,0.8493713230892028,0.9258105037758765,0.01626033985009768,0.04694246994825084,0.01626581492990941,3.230892028360799e-07
4833,0.7308196322938434,0.8709125907498185,0.020905978035156265,0.06531252137965038,0.02091450556088632,-3.677061566342843e-07
4834,0.7598458715333622,0.8822489191534196,0.009034749683242181,0.03408360747989804,0.009035462382534346,-1.2846663777210665e-07
4835,0.9074371261593022,0.9533496891497493,0.005324562227343749,0.01705324038330649,0.005325303302941751,1.261593021162355e-07
4836,0.8841718092719407,0.9442723474537211,0.008263019957910164,0.02931213072750941,0.00826483372608684,-1.9072805923503466e-07
4837,0.59573083818437,0.7749614427284046,0.014261435262304705,0.0511944706043544,0.01426505309659881,-1.61815630006501e-07
4838,0.7761245240134251,0.8933231349645809,0.019013388362011722,0.06356152031190544,0.01902142665903999,5.240134250961148e-07
4839,0.75053047322497,0.8815080676110147,0.023517955789355498,0.0616697348379938,0.02352707554965478,4.7322496998791763e-07
4840,-1.0053839239289362,0.3430450487871451,0.03094622850683597,0.0888378284772373,0.030950675620616777,7.607106389251328e-08
4841,0.8946444825485809,0.9465783423075543,0.008899538048515628,0.023087543482671235,0.008900298842945617,4.825485808712671e-07
4842,0.6090950426083255,0.7848616854782727,0.011603121724257766,0.0482305079205766,0.011603740090932294,4.260832542346549e-08
4843,0.461493499146882,0.7598820372066897,0.02551915945390624,0.07818681462526356,0.025527173587523606,4.991468819937062e-07
4844,0.6546645658355065,0.8249443719616978,0.015186719297656259,0.056327459227497004,0.015188324299525291,-4.3416449357902565e-07
4845,0.9063818210523291,0.9527686211274021,0.00572391668266601,0.018128006948841046,0.005724159711311417,-1.789476709035398e-07
4846,0.504710261300288,0.741336089649685,0.01800546094150388,0.06169299802369204,0.01801066294327112,2.6130028796256255e-07
4847,0.9137612761719168,0.9629892561598873,0.007126219525625008,0.01634130595301079,0.007126920749985635,2.7617191677986597e-07
4848,0.5541810993501404,0.7916488929330963,0.023209175255468714,0.06507374805069574,0.02321158588775761,9.935014033679579e-08
4849,0.47540156942222644,0.6932632773603882,0.015555375266015626,0.06487468391028903,0.015558072298299523,-4.3057777354693627e-07
4850,0.592353460045399,0.8175408671374094,0.023607257312207065,0.056327963757071,0.023612388803766676,4.600453989977993e-07
4851,0.6759488752167686,0.8845033589533513,0.019242056284570295,0.05186172086536396,0.019245119331989635,-1.2478323141440484e-07
4852,0.846567321498912,0.9212989299358801,0.007240133041796881,0.024596924681212076,0.007241459438197797,3.2149891204813486e-07
4853,0.7509152419568907,0.8833931485833382,0.010734894552597669,0.03611476292816907,0.01073538973060789,2.4195689074524296e-07
4854,0.8946444792109838,0.9465667143423372,0.008911799793652342,0.030759634346690434,0.008913185350989108,4.792109837836733e-07
4855,0.3217303940495322,0.6565330440440101,0.01783207606435545,0.056002582206225,0.017835617236979764,3.9404953217081484e-07
4856,0.46229709663537155,0.6884034157613494,0.01736751868964845,0.06285546190971984,0.017371795288635684,9.663537153814517e-08
4857,0.5785468342422787,0.7625174858303754,0.01671910165449221,0.05523572142722314,0.016722264797967956,-1.6575772132654265e-07
4858,0.8510882686300397,0.9550343134377075,0.014074699543359397,0.03633678215110894,0.014076198605021276,2.6863003976806965e-07
4859,0.4222085957137781,0.6939990364215595,0.02197727806074217,0.06758453346780124,0.02197994460168141,-4.042862218889276e-07
4860,0.8041600838113854,0.9281811620396424,0.014289290828906228,0.03578756963726044,0.014293058793651527,8.381138538737787e-08
4861,0.8274204397585684,0.927068007347128,0.013438067887402344,0.03760298470065246,0.013441929815671263,4.397585683380001e-07
4862,0.5139322792550209,0.7925616778944391,0.021124813869140623,0.06069199266489727,0.02112895166795499,2.7925502088521625e-07
4863,0.3197983138709517,0.6000392711237061,0.014923545841533213,0.06283981284485064,0.01492409410156086,3.138709516736782e-07
4864,0.8587738641985156,0.9279056964121306,0.015528999176562485,0.04501677744460022,0.015536427804547661,-1.3580148439107376e-07
4865,0.08828645052225892,0.6691706264291775,0.01907874476306641,0.07446692386828072,0.019080475829123353,4.5052225891573094e-07
4866,0.6192373186068508,0.7958342075698294,0.023994648717968754,0.07304778263065274,0.024003846439836028,3.1860685079099227e-07
4867,0.5804281211482977,0.7871378672810209,0.022678089430273426,0.07264187610902326,0.022687519057431778,1.2114829761600276e-07
4868,0.17662754164751282,0.5532061314143545,0.010474000527197292,0.05439629324022328,0.010474383858432846,-4.5835248718706367e-07
4869,0.8456133052824895,0.9214276152555729,0.008020411049023448,0.024524527069371874,0.008021668117414628,3.052824895100059e-07
4870,0.6858548934653521,0.8355556874210164,0.01809300611972654,0.057233930879120064,0.018098086332191565,-1.0653464788124012e-07
4871,0.9355566261550308,0.9837080187725616,0.005368034323046881,0.020821415912018908,0.005368602090835061,-3.7384496920367383e-07
4872,0.48573034194025067,0.7414814393509412,0.017912372716308606,0.06521370457887088,0.017917307856001,3.419402506699143e-07
4873,0.7103687451307396,0.8461973595243135,0.023720505546289065,0.0653331530708018,0.023731548355459767,-2.548692604742442e-07
4874,0.5069084425023769,0.7489366989142798,0.022096936159570306,0.07685882948603905,0.02210280682420302,4.425023768517278e-07
4875,0.7088571279088344,0.848359418002179,0.018162788001171867,0.06476981980636931,0.0181653174925682,1.2790883441304857e-07
4876,0.42081347050857565,0.805309149367632,0.02517866296367189,0.06270544113275793,0.02518402991969606,-5.294914243725302e-07
4877,0.929636908036688,0.9647934291511531,0.006824628455273427,0.01719000402269638,0.0068265316964063035,-9.196331207661501e-08
4878,0.515385364312122,0.7231550000218616,0.012512852743554674,0.05158032064345665,0.012514325267917407,3.6431212202536756e-07
4879,0.7524561616972136,0.8732691591833496,0.018023600114648448,0.051556196694502225,0.01803026880609631,1.616972136186945e-07
4880,0.3636347704948769,0.6266489264854728,0.015218388593193318,0.06130240355003229,0.015219251236181406,-2.295051230727374e-07
4881,0.3337682796447884,0.6283694729696097,0.02508180881357418,0.07890256267644355,0.02508964323531984,2.796447883812725e-07
4882,0.750373135572707,0.9183353496348697,0.012271667003710952,0.032418875737048186,0.01227380592795812,1.355727070606605e-07
4883,0.936095901915806,0.9709004215093574,0.005436144418066422,0.01602424807994157,0.005436914915900644,-9.808419398904533e-08
4884,0.640386887881492,0.8101015223818034,0.023666193930468763,0.07486894744719928,0.02367097148525138,-1.121185080332765e-07
4885,0.8642103406749763,0.9369387217902457,0.008419678193300773,0.022623753063254565,0.008420249983848327,3.4067497622913834e-07
4886,0.5008626201783993,0.7290728037152927,0.019063229612207033,0.06556391432244338,0.019067240093457952,-3.798216006156707e-07
4887,0.3805629106124453,0.7009505639757946,0.02051916965742186,0.061506650081852646,0.020524197829337572,-8.938755469145576e-08
4888,0.7432422256895388,0.86563687525923,0.009682220013388676,0.036876802515230886,0.009682761011419906,2.256895388352831e-07
4889,0.6699561941293479,0.8196364552296218,0.01454048632897458,0.04452204429225596,0.014541191649475538,1.94129347930172e-07
4890,0.9006323043910218,0.9494886376894115,0.0066710484136718725,0.01867526443553205,0.006672004746806657,3.0439102183255073e-07
4891,0.2674663366213814,0.7366549607147466,0.020398694796875002,0.05795556336133661,0.02040317044654574,3.366213814359753e-07
4892,0.8176413146399965,0.9083186488125071,0.01989626465732423,0.05526799157069754,0.019904485733420105,3.146399965014979e-07
4893,0.644843914762838,0.8717691065272698,0.008940864666796876,0.03419364796244096,0.00894210959087096,-8.523716199526632e-08
4894,0.6062769054152557,0.8019243412344557,0.018233606416015603,0.052602902173659476,0.01823656060023498,-9.458474425905194e-08
4895,0.6153856638256877,0.8121118725757963,0.020801822104199258,0.06276653875615157,0.020808247306014778,-3.3617431227650485e-07
4896,0.6333413219080917,0.7986353393485203,0.022768507055468755,0.06722706221251906,0.022775897112085688,3.219080916272432e-07
4897,0.7339215320343611,0.8928357041576798,0.007436190492773433,0.03041996642152256,0.007436562193792274,-4.6796563890616483e-07
4898,0.6164679144013874,0.7905028473194787,0.024096054082519535,0.07197807771629264,0.02410497967439337,-8.559861264245683e-08
4899,0.6561914131959518,0.8221640336492491,0.013552092645605467,0.04701750519306041,0.013553530930043526,4.1319595178723745e-07
4900,0.5008075593599948,0.7276824046492731,0.018358501048242177,0.05942176505428859,0.018362907822932505,-4.406400052614501e-07
4901,0.3215282846662315,0.6496040217368293,0.026249441939453142,0.07973298179256329,0.026255624256776636,2.8466623153144965e-07
4902,0.8842698730290021,0.942235219352917,0.008528409409765634,0.027485408017874382,0.008529901836363521,-1.26970997937903e-07
4903,0.9060140995970043,0.9587201714566543,0.011436184513281244,0.030535497772557787,0.011439647264765205,9.959700431050322e-08
4904,0.7684368601550948,0.9225833901597824,0.011675285377343724,0.03788048784123022,0.011678054611950938,-1.3984490521146142e-07
4905,0.8852422274910103,0.9449168226500626,0.011012279690722654,0.03476418283909988,0.011015770590625978,2.274910103627903e-07
4906,0.4456945252812998,0.7014192496553593,0.030662840229003924,0.07866536753575175,0.030674023106686363,-4.7471870018300777e-07
4907,0.9638739113674846,0.9936392665784987,0.007966492178222656,0.0236956947808911,0.007968134617938912,-8.863251543811401e-08
4908,0.6235510880960887,0.8086559109594901,0.013852102519824218,0.051011001255043015,0.013856407368883031,8.809608875726127e-08
4909,0.8327355735668047,0.9140288076511315,0.00808663671124999,0.027554362789911233,0.00808706477147633,-4.264331953107714e-07
4910,0.7526776157230235,0.888721422492343,0.01601722617314453,0.050657452647950706,0.016022458170669267,-3.84276976461706e-07
4911,-0.7388756295226224,0.34486985286954386,0.018679408191601566,0.0748839826451935,0.018682020616241062,3.704773775536907e-07
4912,0.9224446052620296,0.9612678415806231,0.006273190837539061,0.017513681655434637,0.006273655769134047,-3.947379703106435e-07
4913,0.6017443604177475,0.790705725269624,0.02182643671562499,0.06770156772117407,0.02183275284369166,3.604177475358128e-07
4914,0.6800983946543899,0.8278397904544416,0.017581322043945306,0.06384538756114341,0.01758899966340518,3.9465438994579216e-07
4915,0.7156114830411848,0.8550816874295665,0.014123471158691414,0.04855282700858723,0.014126489476701018,-5.169588151998639e-07
4916,0.8697384493550984,0.9466960972332127,0.009237714527636734,0.021873956670440134,0.009239382194545629,4.4935509835308807e-07
4917,0.7890138052454243,0.9332697137511289,0.013246643762890623,0.04292262325568342,0.013248696335718608,-1.9475457568862709e-07
4918,0.3355415769375738,0.6859354325325723,0.014710958570566401,0.06554142753614504,0.014712212214794022,-4.230624262024918e-07
4919,0.7818164784552399,0.9050247979078521,0.010073379925488278,0.0359517512989909,0.010074988994928166,4.784552399828002e-07
4920,0.6487358932754841,0.8306524972669641,0.01250722303505859,0.040956529064377994,0.012508509924318963,-1.0672451589144316e-07
4921,0.6527448400098002,0.81275631156307,0.019648336124707042,0.0603771370006204,0.01965389309592182,-1.599901998661224e-07
4922,0.9583585147961969,0.9802068764080423,0.003724610508369139,0.010985910191448428,0.0037247263744753932,-4.852038030245254e-07
4923,0.9220525763267386,0.9606213458353091,0.006070749696972658,0.017760993944751925,0.0060721370819272575,-4.2367326136272254e-07
4924,0.9174265096872726,0.9581594634524131,0.007104021561425779,0.028958900603953504,0.007105292497173746,-4.903127274191732e-07
4925,0.6303703632867201,0.7943032934355253,0.011690037701396474,0.045817978995085884,0.011690477490379185,3.6328672015084607e-07
4926,0.9043632578247415,0.9588085108640045,0.0144085770116211,0.03761594861401704,0.014412805387138197,2.5782474144531164e-07
4927,0.7667293105870441,0.9119089694430318,0.025174783239648453,0.07325921004454787,0.025187887994013978,3.105870440833769e-07
4928,0.4900063075286154,0.7077553458357997,0.018833936701464864,0.062094604535945806,0.018837620008118717,3.0752861540639387e-07
4929,0.4806938834393669,0.7029839756686966,0.015325148413613269,0.06686461092716071,0.015326479169191918,-1.1656063308995712e-07
4930,0.319071374352873,0.6060874623514877,0.024070733597167937,0.08297010264805865,0.024079471828002914,3.743528730337786e-07
4931,0.7016611288448036,0.8601872748072893,0.012663203029687512,0.03432292357917244,0.012664131623972808,1.28844803604089e-07
4932,0.8182529126427092,0.9120690288317588,0.02061000395478517,0.05587015955267135,0.02061861584546773,-8.735729084552446e-08
4933,0.6767309263367007,0.8275527370149828,0.011076154199003914,0.044944448701760495,0.011076457051824919,-7.366329923819137e-08
4934,0.3387133426357083,0.6304337723492481,0.016869682467187522,0.05876055003249421,0.01687231223638962,3.4263570830583845e-07
4935,0.9276938177622446,0.9638819222203951,0.007035346131835934,0.028791450687203946,0.007036634206022596,-1.822377554416832e-07
4936,0.9001352860536043,0.9489087871581171,0.006683536028613276,0.018301756689514514,0.006684586293431776,2.8605360424815984e-07
4937,0.8799084727670254,0.9385658453363259,0.00926296933867189,0.02711613816583075,0.009263915585580722,-5.272329746119908e-07
4938,0.6470693237069047,0.8318491926208816,0.01856220564726564,0.06076956239340138,0.018567442871182352,3.2370690472571795e-07
4939,0.7386533651348599,0.8950485265779967,0.0170062817338867,0.048752461002743025,0.01701102167475954,3.651348599031934e-07
4940,0.901919535552846,0.9506574805201161,0.006395937564355471,0.01887900177121822,0.00639690967905083,5.355528459594083e-07
4941,0.7774270251110149,0.8889287427338642,0.006267516794101562,0.03345942551519818,0.0062677353470246,2.511101493407608e-08
4942,0.6881102057119749,0.8449213040874305,0.020344472814941367,0.06146059284988169,0.02035136172646414,2.0571197489882564e-07
4943,0.6888737577494833,0.8338147724264873,0.013025568521738284,0.04559146364546914,0.013026328850186146,-2.422505166466138e-07
4944,0.4072432548473033,0.6913208048318606,0.01733734188349609,0.06218657853977294,0.01734049189309357,2.5484730326041927e-07
4945,0.8965855066936329,0.9516822677686765,0.009439855679980472,0.03122285044733123,0.009441042805199735,-4.933063670886639e-07
4946,0.8933197265929175,0.947630228379006,0.006675019398476563,0.018162954604263426,0.006675249857005459,-2.73407082529431e-07
4947,0.3132948917875774,0.716351987657385,0.02058102730507816,0.06798346977840389,0.020585724883095007,-1.0821242257819108e-07
4948,0.269607292603937,0.775204445266908,0.023604001292285178,0.06583826752388185,0.023608441008349974,2.926039370243494e-07
4949,0.31051031555162933,0.6572628865842443,0.024726863739746047,0.08011766084111471,0.024733162707424886,3.155516293262828e-07
4950,0.8363881955335528,0.9184338089210593,0.013743128862011712,0.03876606710320272,0.013746932245001642,1.9553355279366968e-07
4951,0.7322878341365384,0.8745782797045637,0.01278840437031251,0.03923328728561545,0.012791429306702103,-1.658634616319432e-07
4952,-0.7437113960919943,0.5242169342560616,0.029372041219433587,0.08358029895668388,0.02937620296960925,6.039080057140822e-07
4953,0.5819252512888163,0.8277081551228324,0.016476300046093767,0.04627345534519117,0.01648030157373389,2.512888163108684e-07
4954,0.7163306573399226,0.8597263474503662,0.01351865073544922,0.038917668172679346,0.01352121905585371,-3.426600774236732e-07
4955,0.9353299861246765,0.9681053488377217,0.005786274599707034,0.013834856267671284,0.0057869835792688845,-1.3875323445766696e-08
4956,0.7694642561175158,0.8779869456151401,0.014682275311523439,0.04274125417844103,0.014686662241033493,2.5611751575116415e-07
4957,0.4335773501497028,0.7063143703853548,0.025576079041503847,0.07526528421009199,0.02558354085983202,3.5014970278801627e-07
4958,0.8150429846471697,0.9049158872288168,0.015038171336621092,0.04923207537192477,0.015043209129848809,-1.5352830229353742e-08
4959,-0.5626643829038147,0.4095049991436547,0.032120390226748084,0.10200614563588785,0.03212212471451599,-3.8290381465522216e-07
4960,0.8544806952263285,0.9319650479876439,0.009180850125097645,0.024887819866277017,0.009181531396839042,-3.0477367152226265e-07
4961,0.0021551196097158165,0.692856794296273,0.027149035933984354,0.08163665938954646,0.027152806283060556,1.1960971581671115e-07
4962,0.5025057381325599,0.762383560715843,0.021015041493066402,0.07003960488105493,0.021021333028790452,-2.618674400656218e-07
4963,0.9012142738908397,0.9498852501162899,0.006598582482519528,0.017824482095329112,0.006599423203499634,2.7389083978590634e-07
4964,0.4398719303791354,0.7210392996642926,0.013384613769511715,0.05936973947395914,0.013385543875405609,-6.962086457340533e-08
4965,0.8861549442658136,0.9489678313690832,0.011951486980664063,0.03585133196983626,0.011955259705555922,-5.573418637716543e-08
4966,0.4302651400840204,0.6750025867536547,0.02405297844091798,0.0741283230760127,0.024059710441732444,1.4008402038356849e-07
4967,0.8833539443240358,0.9452518071770766,0.009053682859765638,0.03597370427339525,0.009055093521998112,-5.567596417233034e-08
4968,0.8556928255238239,0.9264509033063951,0.014754955287109382,0.04301290370914131,0.014760437193923661,-1.744761761734992e-07
4969,0.3714853265023247,0.6263584301894702,0.012432954169433614,0.058726690478325176,0.012434546829712477,3.2650232467679174e-07
4970,0.1105107967400949,0.7192646425319431,0.01752669936386721,0.06481722049071932,0.017531890747815245,-2.0325990510161596e-07
4971,0.7449479135366578,0.876336447351919,0.016629355502636712,0.051842156052657455,0.016634331345142882,-8.646334226369845e-08
4972,0.28038066803998996,0.6466768422048379,0.023449769460156228,0.08007200579450169,0.02345230969004461,-3.3196001003599207e-07
4973,-0.03601672256855393,0.578430195644653,0.020683477756835916,0.06393396465616862,0.02068624200557089,2.7743144607322856e-07
4974,0.426183559494963,0.6622489289400123,0.018807174826074215,0.06717281744436499,0.018809491179174895,-4.4050503700265864e-07
4975,0.8693434741052469,0.9338485361255476,0.011290207718261717,0.039329589001799,0.011293421705239417,4.741052469503515e-07
4976,0.7093586767983405,0.8852908052693933,0.01843954959423831,0.05344279049432548,0.018445923548073093,-3.232016594356679e-07
4977,0.656118401858401,0.8596847698585043,0.02545749660107423,0.0675473356242902,0.02546764248453044,4.018584010001547e-07
4978,0.27525607492276394,0.6394813976010951,0.03639188458847661,0.09720618530801783,0.036397691570823815,7.492276393739061e-08
4979,0.8515344503943308,0.9240829888039792,0.010379893619628884,0.027729718233599553,0.010381767207813287,4.5039433083093883e-07
4980,0.5198330613508837,0.7341318140897449,0.01373608935410157,0.06047258069714149,0.01373824176427968,6.135088370662345e-08
4981,0.7835712346004674,0.9018607967898095,0.011336647809472657,0.03439624012966733,0.011338952233806295,2.3460046738588147e-07
4982,0.7719043630957045,0.8822917315096903,0.01660662456054684,0.0510719995719136,0.016611336012185236,3.6309570450310247e-07
4983,-0.06730639502702807,0.40904810206115094,0.01838214636376955,0.07695976529271602,0.018385384188039366,-3.9502702806060164e-07
4984,0.7821384911972793,0.8992685845489837,0.015135187511718757,0.043793889012617396,0.01514052172646219,4.911972792953634e-07
4985,0.7053688798332368,0.8514580193085954,0.011781914665527362,0.03889101238211155,0.011784057360677253,-1.2016676320669717e-07
4986,0.5590354301659171,0.7699684069646882,0.015417703841796868,0.061003841570065984,0.015421590573027852,4.3016591710909324e-07
4987,0.40502608092921144,0.6736681750889738,0.013901405460644547,0.05222864569042779,0.013903294568013317,8.092921144342569e-08
4988,0.6291866163225334,0.8372338564415354,0.014970066998730467,0.04091980827646199,0.014972893915539376,-3.8367746668654945e-07
4989,0.8221223967790091,0.9081698001902161,0.008810583216894548,0.025759994751924187,0.008811090070621537,3.967790090930734e-07
4990,0.6720397785061486,0.8785052200837693,0.02697055857861325,0.07181312824408859,0.02698238124083721,-2.214938513711573e-07
4991,0.8990495131631515,0.953711553752825,0.007387657705390629,0.021437548619262538,0.007388196030040327,-4.868368485011487e-07
4992,0.896312339506051,0.9478662003033409,0.005773454236396481,0.02068885754009912,0.005773899974545835,3.3950605105026455e-07
4993,0.34036466130244125,0.7209685064972229,0.0229220136496094,0.06975208301682914,0.022926720771333713,-3.3869755872162344e-07
4994,0.5553661566840222,0.8227340157179044,0.019980102529394545,0.05520463040798644,0.01998529003318583,1.5668402220114785e-07
4995,0.7854649766858666,0.891136386246244,0.010291221864794921,0.03408849334152217,0.010291746644764285,-2.3314133401619586e-08
4996,0.7336244930645643,0.8713519862943918,0.0117212748336914,0.04601089500242478,0.011722480423984867,4.930645642886589e-07
4997,0.8059337054135891,0.9231958523876739,0.01950189909970704,0.06069488866124243,0.01950566147262698,-2.9458641093160765e-07
4998,0.7787816995760737,0.8911378237316417,0.010059181496250007,0.033056322152079855,0.010059638306236227,-3.004239262915931e-07
4999,0.8491968852288949,0.9256064709332399,0.012110985770019548,0.03756908998392172,0.012114364992179306,-1.1477110506419308e-07
5000,0.87462526408406,0.9376631918136943,0.011558268654199209,0.03102422753060433,0.011559823959153968,2.6408406006428464e-07
5001,0.8769151173118389,0.9500614052522774,0.009682117916796856,0.03639592122999654,0.009683738131106411,1.173118389097283e-07
5002,0.6136326315055685,0.8629267591098239,0.02059961329482422,0.05358084056633747,0.02060407601406441,-3.684944315240912e-07
5003,-0.6157016400652349,0.5380938460029089,0.02936621858447266,0.07948444781583856,0.029369286344466984,3.5993476510398636e-07
5004,0.871809687676761,0.9352530030872507,0.009391809719921892,0.035906417291890855,0.009393974400685567,-3.1232323893792824e-07
5005,0.6235620406671114,0.7973024598216071,0.02512678015488276,0.0799425742653739,0.02513729577195234,4.0667111456116345e-08
5006,0.7700904055370124,0.8784284319153675,0.017745945463085937,0.050168644152596614,0.01775132955139712,4.0553701230461314e-07
5007,0.5875757020847342,0.7891510088328235,0.012458963072050772,0.05272595945017289,0.012459575671135623,-2.979152657900386e-07
5008,0.9271250766009569,0.9636723214187155,0.005904784951425778,0.01540389186053161,0.0059050946490158745,7.66009569108661e-08
5009,0.9673225255192271,0.9838833338900504,0.004494451735156252,0.009983420206993885,0.004494997405366276,-4.744807728940259e-07
5010,0.7067850861438253,0.8455795814902543,0.020236611266503904,0.058657260663127334,0.020246560766606834,8.614382529525955e-08
5011,0.7296716518472399,0.867085764336935,0.012135429528593752,0.038944054168278536,0.012136223912897154,-3.4815276006572304e-07
5012,0.8922514088199434,0.9455404963809972,0.007522684489648435,0.028878558578306342,0.007523679338996119,4.0881994334274196e-07
5013,0.8229093505149585,0.9083050983951698,0.012474262871777336,0.03951644892250166,0.012477667739069203,3.505149585025791e-07
5014,0.8660616194082958,0.9416895633799331,0.009599567952441393,0.022457103791614627,0.009600909730461047,-3.805917041521667e-07
5015,0.8597888344485278,0.927496813245643,0.007510228988750015,0.023584684516080662,0.007510678669305011,-1.6555147219765587e-07
5016,0.8802110175364665,0.9389063246256398,0.006721772541630854,0.020043179995165816,0.0067220298633539535,1.75364665011557e-08
5017,0.9010891748344834,0.9519679596916821,0.008619455089550773,0.024677444761923982,0.008621919049506052,1.7483448333521778e-07
5018,0.716697382878664,0.8653788054239425,0.01927188405693359,0.05095036690304992,0.019277184056520225,3.828786639958892e-07
5019,0.26903168915223385,0.5795776934773741,0.01086219703828125,0.0567361500601613,0.010862578954173939,-3.1084776613843346e-07
5020,0.7478668515901667,0.872815940675837,0.022515971270898424,0.06582343574140254,0.022526322812294046,-1.484098332005246e-07
5021,0.8709249907650276,0.9363856801925563,0.009503632398242177,0.028842139855959945,0.009506553525427357,-9.234972342397896e-09
5022,0.9549862830599828,0.9776170459126793,0.006750353228613288,0.022340750391816613,0.0067514387127769375,2.830599827863267e-07
5023,0.9352764669196008,0.9732968375788429,0.005784578602656256,0.016624019931926713,0.005785100613226651,-5.330803992675825e-07
5024,0.9444206005963053,0.9722245206584679,0.005884175941210935,0.018682515741917784,0.005884908828336216,-3.994036946730617e-07
5025,0.7521450299079453,0.8716382147440216,0.015973355197851574,0.060679084654467905,0.01597646350669735,2.990794534252217e-08
5026,0.5709982406440142,0.8121400414210648,0.01890685661562497,0.04845296036321759,0.01891066155041075,2.4064401416001857e-07
5027,0.8466620624338913,0.9228313437781211,0.00914868030125975,0.02784273847400277,0.00914910735432671,6.243389127913446e-08
5028,0.8195762567051499,0.9078717187879761,0.012335599263789045,0.03334304504580121,0.012336728523999379,2.567051499147155e-07
5029,0.9036273688230982,0.9506426917404593,0.008013881396152339,0.01924747015930129,0.00801439160418316,3.688230982845653e-07
5030,0.7685401376380274,0.903984948715791,0.01239497764648438,0.03966475830683254,0.012396372204887224,1.3763802741983966e-07
5031,0.9196937544012129,0.9597816962185779,0.011613323270410167,0.02907987877998841,0.01161716209889307,-2.4559878708529936e-07
5032,0.6775001260314446,0.8272185366917966,0.014711090294531257,0.059909017894886694,0.014713408927675897,1.2603144461387217e-07
5033,0.5564150317564438,0.7511459235265379,0.014111133030146482,0.05063853023165689,0.014111610313594971,3.175644380792875e-08
5034,0.14212169219505244,0.5269127220359036,0.02949689458349608,0.09369364669834239,0.029507000681067444,-3.0780494755799914e-07
5035,0.45020032204080085,0.7522570846222636,0.021869765586425782,0.06649701369583844,0.02187603789494904,3.220408008597353e-07
5036,0.6110287880921172,0.8061267381194066,0.025761068659570365,0.0956962892782109,0.02576686846730656,-2.1190788279668027e-07
5037,0.7563099288666089,0.9452063314408933,0.013581347957324233,0.03794644735714133,0.013582778897647987,-7.113339117736928e-08
5038,0.8989182560143486,0.9658066941474256,0.007822160367675784,0.027723081220956406,0.007823051173036721,2.5601434860966776e-07
5039,0.8314283418968604,0.9338892280402148,0.00768569438447265,0.023588602147045945,0.0076868075925602885,3.418968604895767e-07
5040,0.720178394417565,0.8503722591875914,0.014106992210556616,0.04457920724214976,0.014107905065234362,3.944175650527626e-07
5041,0.17603848912212006,0.6095219495840244,0.025867483972558593,0.08271586230926925,0.025873232947998526,4.891221200564733e-07
5042,0.4824173146788404,0.8673115558518432,0.017877070015039073,0.05224463307191224,0.017879942179218965,3.1467884042957195e-07
5043,0.938722492160015,0.9739926339382362,0.005914842802148439,0.023527733928968054,0.005915698170694033,4.921600150753491e-07
5044,0.8480022857675414,0.9247067001525372,0.007751099060800788,0.02577984330362034,0.007751599253826991,2.8576754140807736e-07
5045,0.3193733030614061,0.7340466153831937,0.017579600154882805,0.06244054811235032,0.01758310486330192,3.0306140608171717e-07
5046,0.956759164753281,0.9784176352254353,0.004307379367294924,0.012014288785168569,0.00430752163293185,1.647532810178376e-07
5047,0.46658942869799247,0.7084904280401096,0.014706758874902338,0.0590125642727174,0.014708850460199811,4.286979924938983e-07
5048,0.9286723030795597,0.9642126819629092,0.005991261306396487,0.01614368378661021,0.00599161359865655,3.030795596714597e-07
5049,-0.4042476286976324,0.3160587105448767,0.02761875402081052,0.08496419311148135,0.027620198524601517,3.7130236757443313e-07
5050,0.7550740979153736,0.8989749218599161,0.01584999002558595,0.04641927570677865,0.015854897322420906,9.791537358694313e-08
5051,0.855103949296543,0.9335071546168099,0.016616340787207026,0.04618598856159986,0.016624525571468225,-5.0703456988543394e-08
5052,0.36081128900514225,0.6257746321269075,0.0284024020549805,0.07826974252846634,0.028407256590944407,2.8900514226215535e-07
5053,0.5887787297634196,0.7790480338773479,0.011964672809277347,0.050506724412252464,0.011966371699000198,-2.702365804463369e-07
5054,-0.15830125483038904,0.5846041487938788,0.03001887940078127,0.0816859521788664,0.030025212147383688,-2.548303890403947e-07
5055,0.6247240521424031,0.8148718991207067,0.022699269126269517,0.07309805520756718,0.02270903983826869,5.214240317297225e-08
5056,0.9100721970312121,0.9549423357751581,0.010177842690722643,0.03298905096952972,0.010179842851695752,1.9703121212355512e-07
5057,0.8005040855585923,0.8996681610516515,0.00918816144521486,0.027682263886931437,0.00919030889782444,8.555859232206586e-08
5058,-0.01749686967874453,0.40166286819192115,0.022057089763671878,0.08055576606401586,0.022061251473158027,1.3032125546763584e-07
5059,0.5207813876292289,0.7509202846873008,0.022335090199023487,0.06773987956878537,0.022341080329695426,3.876292288262917e-07
5060,0.6249014097388654,0.791414672847886,0.011588850484199208,0.0447598405385184,0.011589368309575904,4.097388653923062e-07
5061,0.7927074964385441,0.8940329889693427,0.01584515920742187,0.044572926791635575,0.015847209966338635,-5.0356145586683e-07
5062,0.6621168551217798,0.8332393529408151,0.013416138899316418,0.05082835274695717,0.013419902211627848,-1.448782201984855e-07
5063,0.824771565007717,0.9133916510796727,0.008721223701210925,0.02921299807693445,0.00872206232602082,-4.349922829716135e-07
5064,0.6922566071162422,0.8443404596647536,0.018967861720507802,0.07110361022070008,0.01897165486195743,-3.928837578603961e-07
5065,0.14885049359288816,0.7109541323629982,0.02405352497734376,0.06797048283460728,0.024058963012724043,-5.064071118554558e-07
5066,0.9062530741395289,0.9550127375021071,0.006735263906025388,0.01765523423374791,0.006735592766357867,7.413952896051512e-08
5067,0.8314299527358098,0.9134570612833105,0.017654982674804674,0.04635323726043812,0.017664864530743167,-4.726419022826889e-08
5068,0.9685845402692872,0.9867941044766021,0.004993983821972649,0.018181502579637514,0.004994824645259125,-4.5973071283178513e-07
5069,0.7408574070590823,0.878695626497489,0.013291816925878901,0.04099273878994235,0.013293174572420473,4.070590823301856e-07
5070,0.8939198378165601,0.9548525402758594,0.0071065031768164175,0.019486943383359264,0.007106806516994323,-1.6218343990015427e-07
5071,0.7814992837206785,0.8898205998780091,0.015501375578417992,0.05253649340782863,0.01550714647148519,2.837206783956603e-07
5072,-0.6782507458488698,0.28618584359856764,0.025951793967441406,0.08518140117382553,0.02595304662912841,2.541511302522892e-07
5073,0.8174605551133853,0.9109867926733368,0.009503932488378901,0.03261984895631308,0.00950626106508869,-4.4488661465891255e-07
5074,0.7055337683356238,0.8677129540236371,0.016256994021972674,0.05517373577536608,0.016258651985001923,-2.316643762378945e-07
5075,0.6676429706253932,0.8221319824566399,0.018938600968457012,0.05953849560024041,0.018944835577442733,-2.9374606747012422e-08
5076,0.8883217281617504,0.9429276511869027,0.010950458639550782,0.028182336747102826,0.010953010827986338,-2.7183824957699443e-07
5077,0.8030428494459514,0.9020140740143399,0.011937112333300798,0.03645029424916983,0.011940717275250562,-1.5055404856134658e-07
5078,0.8740259630306321,0.9549827075904272,0.015435616603710949,0.04371343266939824,0.015441408767243852,-3.696936790031913e-08
5079,0.4882776248103684,0.771975878998508,0.025117046579687424,0.07756677984127389,0.025125822991969783,-3.7518963158511554e-07
5080,0.1718221527299677,0.7386860970667751,0.025252817043554667,0.06632455860556889,0.02525761675099162,1.5272996770065994e-07
5081,0.3363216302789669,0.6141400600137319,0.024803329575292944,0.07231108455762422,0.024810299187780608,-3.697210331221612e-07
5082,0.6686936602541594,0.8268302083537378,0.021460614756738276,0.07586709858011471,0.02146934748897213,-3.3974584057183677e-07
5083,0.6705347265830675,0.8257830044113761,0.016006456353710945,0.05499890481296463,0.01600866861884212,-2.734169325391278e-07
5084,0.366552560222287,0.6239398469160102,0.017623878219238297,0.06827173739293967,0.01762767535624313,-4.397777130238367e-07
5085,0.520922631197499,0.7263771594038099,0.01613933314697265,0.06670743903852952,0.016143454170464706,-3.688025009829232e-07
5086,0.8641929344852174,0.9561443291057274,0.008501872195214841,0.029312627269011373,0.008503452961610045,-6.551478259897436e-08
5087,0.8310441305011831,0.9142909685709514,0.016234579958691434,0.04632643012492083,0.01623985917963383,1.3050118308211012e-07
5088,0.6519188386937393,0.8112104089124039,0.013371785670703126,0.048447929548343364,0.013375158820219306,-1.613062606820037e-07
5089,0.7173738636861308,0.8594173758047318,0.019284455174707046,0.06547894508430596,0.019289698683855428,-1.3631386919232824e-07
5090,0.37900657046885766,0.7690673908835732,0.016782172988476535,0.05455559710427618,0.01678398953476947,-4.295311423208048e-07
5091,0.8133808006269023,0.9042269685434109,0.016658493367089817,0.049836618453321734,0.016664510551897972,-1.99373097697908e-07
5092,-0.1205563790745301,0.6863429095260796,0.01944422331307615,0.06341947400435602,0.019445063009815453,-3.790745300991105e-07
5093,0.40074480405322155,0.6497341899210848,0.01800953833294922,0.06595159767606666,0.018010244341911622,-1.9594677846956898e-07
5094,0.8895697494197203,0.9482881057573801,0.006292407183007805,0.022135868404288998,0.006293148357296956,-2.505802796370915e-07
5095,-0.8553254788100324,0.3782838527327059,0.027059910768554647,0.08238086146263483,0.027063527852353754,5.211899676282883e-07
5096,0.6654194630331818,0.8252149956590012,0.019291062173437477,0.06562174658009315,0.01929744646729642,4.630331817967459e-07
5097,0.8063456044950239,0.9012446307582906,0.017075935598535173,0.05396893790351967,0.01708338371637648,-3.955049761028562e-07
5098,0.8476485623967517,0.9522655247740317,0.011943917966992196,0.04306666735775063,0.011945906223315964,-4.376032483044412e-07
5099,0.6889390585702135,0.8527384478611933,0.022039433019433594,0.05869410483328836,0.022047620923787495,5.857021356803216e-08
5100,0.5372911236308688,0.8194565119807016,0.01866027935154297,0.05163998561126917,0.018662000001379735,1.236308688756793e-07
5101,0.7204817818447955,0.849947568524205,0.021134334357714883,0.0568588832374065,0.0211405835247751,-2.1815520445667147e-07
5102,0.46022317634218646,0.7015659750938691,0.036595221268749985,0.106229466850345,0.03661266831456572,1.7634218646422894e-07
5103,0.8913578965832051,0.9507582562351515,0.012625948016796867,0.03956372383897128,0.012629601296945705,-1.0341679490544209e-07
5104,0.7638023933027984,0.8786151233797269,0.016387802749902355,0.05286372326502502,0.016392328860412496,3.9330279844040916e-07
5105,0.6544643149799361,0.8145372215637161,0.027661673562011733,0.07915796168853322,0.027673670546507108,3.1497993602247476e-07
5106,0.6863073562589259,0.8369058963907852,0.020628482314843776,0.061896688210314556,0.020635103601648445,3.562589259153981e-07
5107,0.7186873846160307,0.8583870715788883,0.011966316824707014,0.03507605621041845,0.011968748111914099,3.8461603069084305e-07
5108,0.6900893612522442,0.8315002477868061,0.021944089596582023,0.06207089758173884,0.02195176490825231,3.6125224422978164e-07
5109,0.7177777595462271,0.8945963136870877,0.016083170229882822,0.045797087785903204,0.016086541077698333,-2.4045377289283465e-07
5110,0.9430972093304857,0.9758509996882779,0.006233652348437495,0.021937479473745705,0.006234524995524572,2.0933048572313595e-07
5111,0.7878733412579177,0.8990251180457194,0.013230576250292973,0.04712267805493369,0.01323169369950818,3.412579177020092e-07
5112,0.8312128506525656,0.9242416476268775,0.01645141611269534,0.05440570162725846,0.016457883377860676,-1.4934743441941123e-07
5113,0.6573548273091638,0.8207660202177338,0.01565416166352539,0.0509267466492369,0.015655200453236272,-1.726908361865398e-07
5114,0.6134141104350965,0.8023847751607014,0.01676800621689451,0.05740336223248225,0.01677301311897685,1.1043509651198491e-07
5115,0.9324366799815326,0.965862454921597,0.005305050718994145,0.015086893918195617,0.005305278158603126,-3.2001846739238005e-07
5116,0.5813217447152549,0.8204934387757492,0.01977035659208982,0.05698512467612596,0.019776030200677388,-2.552847451209317e-07
5117,0.2266432836072486,0.6337818425342842,0.02532245427695311,0.0792900126222911,0.02533226358551905,2.8360724860232445e-07
5118,0.7781766809202553,0.8911942293885875,0.018593634025292946,0.04662932231427807,0.018599683365851202,-3.1907974473721623e-07
5119,0.8999291730026168,0.9565718191801049,0.007012733829101569,0.017697105062081022,0.007013445995448285,1.730026167878762e-07
5120,0.6754556887289349,0.8587498713749296,0.022416945566601575,0.06821711727138446,0.022428973011420158,-3.1127106503436863e-07
5121,0.9421048292132617,0.976224979442977,0.0069057249498242265,0.018098968180804937,0.0069064077623253875,-1.707867383071715e-07
5122,0.3987225464231664,0.6734989817370336,0.027066691068164003,0.07784982988014347,0.027074550455484618,-4.5357683359226186e-07
5123,0.6957563436593883,0.8378226411929891,0.02872163735751952,0.07948984330836431,0.028735418372795456,3.436593882799599e-07
5124,0.8468777398851586,0.9309869874507831,0.010546148173046875,0.03116679524668476,0.010547224738823191,-2.60114841443837e-07
5125,0.7629275754681598,0.8745776254904083,0.0122427515181152,0.03682726500839505,0.012243812389239132,-4.2453184023738544e-07
5126,0.6192041607543672,0.8143272151484258,0.017889387021875,0.040697887676189044,0.01789208251957203,1.607543672621503e-07
5127,0.5512383834132029,0.7539566250231128,0.021786971384472654,0.07122926442275096,0.021793604455413656,3.834132028535109e-07
5128,0.5867197557888207,0.7939481057965339,0.026057177991699237,0.08238068587490918,0.026066041830028266,-2.442111792788637e-07
5129,0.8507405480105941,0.9252158874484266,0.00845553883344727,0.028795561587024145,0.008455885285949793,-4.519894059029639e-07
5130,0.7528966648525028,0.8728367244116861,0.0071663327906250004,0.034603885627316304,0.007167491179763749,-3.351474971990953e-07
5131,0.6546496983281362,0.8118970386762787,0.013613848174667993,0.0435692079669106,0.013614782550795505,-3.016718637116611e-07
5132,0.7614914983679029,0.9056264500933557,0.008169117133417952,0.0305339913688222,0.008169524150711864,-5.016320970829824e-07
5133,-2.3874771361436857,0.4012856864509872,0.040121967715332045,0.10881213736994783,0.040126404901211304,-1.361436856583964e-07
5134,0.792279031677801,0.8942086182200943,0.021766659612988293,0.060942560160249924,0.021779938854776013,3.167780104895712e-08
5135,0.8960353028724111,0.9539833865367765,0.010337579557128905,0.02979702925793184,0.010338832294828171,3.028724110398784e-07
5136,0.6205416936674822,0.7909653012757265,0.016730707311816417,0.06160230235752252,0.016736075988931703,-3.0633251779654813e-07
5137,0.8936804012777555,0.9459866469430522,0.008248502183496084,0.020536422954145164,0.008250085413662367,4.0127775546849875e-07
5138,0.8029738769151303,0.8974596738492033,0.009098349284248053,0.030352583832621856,0.009098737133204233,-1.2308486962986365e-07
5139,-0.3555359736692518,0.43066387781529747,0.024443184019140595,0.07951703832345608,0.024447157635695542,2.6330748192915365e-08
5140,0.7216381080611588,0.8698977573268579,0.01876254933437499,0.05539707061354873,0.01876862437021859,1.080611587989111e-07
5141,0.7006674167291473,0.8477185084406541,0.014830918751074222,0.046546979532420894,0.014834838073755761,4.1672914730117583e-07
5142,0.7041763624781265,0.8470637415139448,0.01759799735781252,0.05569020165610931,0.01760403451181405,3.6247812651435396e-07
5143,0.662535860210763,0.8421907929230537,0.015189654335839851,0.043490755085786516,0.01519379549596505,-1.3978923696367218e-07
5144,0.6251196657765041,0.835522610363142,0.017046657419824206,0.060390297821693854,0.017050119734783376,-3.342234958791934e-07
5145,0.8016526965039941,0.9153453653415723,0.011102857154394513,0.03550349273397465,0.011104156521705304,-3.0349600588230885e-07
5146,0.8020687158029829,0.897360874924855,0.014764818209765619,0.043885247284631564,0.014768049302411664,-2.8419701714188506e-07
5147,0.7286052967948207,0.8633964943971617,0.014654650762499988,0.04988295320668658,0.014658631802098287,2.967948207199811e-07
5148,0.7035353630867585,0.84027157084767,0.009975120521826161,0.04033448481674587,0.009975794338750172,3.6308675843699234e-07
5149,0.9241558786084069,0.9726695985968233,0.007074057884863287,0.028624753740560418,0.007075308183090714,-1.2139159311086445e-07
5150,0.8300445916631423,0.9401997802915496,0.010141552583496093,0.027633115135970415,0.010144196524272554,-4.0833685777119655e-07
5151,0.6292202937434372,0.8163447830615126,0.016624535798339845,0.05883208907098984,0.016629338322977645,2.937434372407566e-07
5152,0.7506992554797222,0.8679775755540352,0.00935449462080078,0.03367108082513688,0.009356243405611966,2.5547972215544945e-07
5153,0.8374758854763609,0.9156200750302597,0.012120204111621114,0.04170029200578435,0.012122106831451278,-1.145236391275617e-07
5154,-0.014867445541896673,0.44183236352328165,0.016909171593457003,0.06370180133451647,0.016911406484867057,5.544581033259388e-07
5155,0.6821414474948497,0.8347420274275155,0.01594556065263671,0.04713029014048158,0.015949864870410748,4.4749484973127807e-07
5156,0.6046747357833706,0.8292763522198341,0.018179939078613254,0.06366497658625228,0.018185243988881994,-2.642166293531645e-07
5157,0.6863189879285355,0.8346443921513436,0.01950712033271484,0.06419235239415765,0.019513660365256747,-1.2071464494667339e-08
5158,0.5579405322451461,0.8162055844539767,0.018732327655664068,0.05147062006300689,0.018736785408596163,5.322451460676447e-07
5159,0.7904620653324648,0.8898056164676733,0.010358250477500008,0.03664421889116579,0.010359205093581004,6.533246477147259e-08
5160,0.4355493676412071,0.6732128640106845,0.028593121312011766,0.08226264049447113,0.028603050657966016,3.6764120708854264e-07
5161,0.651273189805879,0.8166985178224528,0.011547631491601575,0.043668856913358055,0.011548877741392637,1.8980587901396007e-07
5162,0.5303917549324859,0.7605852498276147,0.020449703593359368,0.0582961176726322,0.02045481262463632,-2.4506751405972693e-07
5163,0.7751347427829687,0.8867391811064892,0.009707604351406248,0.03423413857883442,0.009708555881143024,-2.572170313408506e-07
5164,0.8841140366049693,0.9403833827423055,0.01386782566943361,0.03938191797719873,0.01387263363153773,3.6604969388953634e-08
5165,0.3940534127723406,0.639513012728163,0.024813546602148413,0.08316952597989172,0.02481895650922972,4.127723406410766e-07
5166,0.9474740565656015,0.9734739330781064,0.006028789406611324,0.0157134610240717,0.0060293001399439865,5.656560142508482e-08
5167,0.5019420043987806,0.7597715193966863,0.022795102586425798,0.0716146123119138,0.02280193416447153,4.398780562020477e-09
5168,0.7573062202690473,0.8762689826027338,0.013768293569824225,0.043650663465226676,0.013771776678003228,2.2026904722416418e-07
5169,0.9261646569829036,0.98253966272559,0.005563995230693353,0.016496995527669454,0.0055642752981409326,-3.4301709639361633e-07
5170,-0.09200921071421764,0.8110237485952934,0.028956198219628883,0.0707133117692864,0.028960851817271822,-2.1071421764384812e-07
5171,0.36198296952204634,0.6282703370694617,0.02162213638925782,0.08519627221688461,0.02162756956563452,-3.0477953660845714e-08
5172,0.9179492260732389,0.9594828483903804,0.008562408005468742,0.025471299783823932,0.008564601164300387,2.260732389069986e-07
5173,0.7606507018659836,0.8739401930152425,0.017048776456054703,0.05428105864741703,0.01705425235478054,-2.9813401636324954e-07
5174,0.5785792554995923,0.8001829870035627,0.020700050642675768,0.06230447746065375,0.020706404481575274,2.554995923720327e-07
5175,0.1029362336010301,0.6117439079529372,0.020137601837499994,0.06667536793673477,0.02014080602020302,2.3360103010294786e-07
5176,0.7069380840469556,0.8413168446656728,0.023845840102929665,0.0663472058065956,0.023854623523209575,8.40469556173673e-08
5177,0.7651737351167546,0.8787807962678335,0.019041597922460917,0.05835788768252659,0.019049072978713028,-2.6488324544882147e-07
5178,0.8741059698340127,0.9382632366550785,0.01127066738652345,0.034126820844869156,0.011274264327814596,-3.0165987374708436e-08
5179,0.4519565123441962,0.7427816162228025,0.02361828408798832,0.07192953160811281,0.023624839201246972,-4.876558037936185e-07
5180,0.6297430934675052,0.8041920440659415,0.01510186420957034,0.047394055718234254,0.015104844581195797,9.346750518002267e-08
5181,0.6306926201536076,0.8218365981358107,0.022282805226464808,0.06868291729582247,0.02229302076246458,-3.798463923398998e-07
5182,0.7184435633345136,0.8542510266890272,0.02423848170654296,0.06384246170965864,0.024250023941938554,-4.366654863252606e-07
5183,0.46064070790328204,0.7675318038937698,0.022994063220605463,0.05921295252010509,0.022998425520561035,-2.920967179798062e-07
5184,0.41428993893852384,0.7072720189041293,0.014466947895214823,0.054738495458091035,0.014469048563773885,-6.106147615314583e-08
5185,0.6828409046021056,0.8318424594603391,0.015346434553906252,0.04659285290057943,0.015351708760870232,-9.539789447288172e-08
5186,0.2335742133476938,0.5246332709505546,0.0397311534160156,0.10942663306200724,0.039742436925763576,2.1334769378933416e-07
5187,0.8223264365038014,0.9137272769072412,0.011893496615371093,0.035033843369751634,0.0118943788223999,4.3650380143755996e-07
5188,0.8972656332625822,0.9477244623521244,0.00815748379404298,0.0264225078830666,0.00815837639466178,-3.667374177673821e-07
5189,0.6789647520505256,0.8290540094259735,0.018788988195605476,0.05932621550042472,0.018794045620658666,-2.479494743967692e-07
5190,0.46691238140252167,0.7027012569037102,0.011177503040800807,0.054929986402021846,0.011178014018337564,3.8140252167639943e-07
5191,0.8449805236107809,0.9210104682865298,0.007966473206250003,0.023067014071866346,0.007967886728478563,5.236107809558632e-07
5192,0.5251016408244998,0.7315105923624653,0.010046931379873053,0.05086414356457998,0.010047339997152864,-3.591755001197683e-07
5193,0.6869299775406417,0.8321123585025163,0.012861748280527328,0.0456526362917902,0.012862641535029445,-2.245935837308366e-08
5194,0.8524662268632249,0.9290945943383911,0.015174690018945298,0.03924329433192272,0.015177829956802138,2.2686322498355338e-07
5195,0.9476193536766082,0.9781534830926859,0.005677006311621099,0.015558289351105535,0.005677653959905008,3.5367660822238634e-07
5196,0.7507483221951694,0.9025075605002623,0.015806466571386724,0.04602722005177259,0.015813244697340814,3.221951694332148e-07
5197,0.845833687817416,0.9197486434759381,0.00890976244843749,0.025810182221056393,0.008911383787386044,-3.1218258400578236e-07
5198,0.8430760819405497,0.9205344902476081,0.016972674849804664,0.04621380851308512,0.01697938828769126,8.194054967880504e-08
5199,0.7603486775126966,0.8926546836260004,0.014024986866601584,0.049079259339322404,0.014029412903663845,-3.2248730341688514e-07
5200,0.9451566999556819,0.9755002482172466,0.004780367718388667,0.013093511430043605,0.004780560836314491,-3.0004431816887944e-07
5201,0.9113687034857809,0.9558783093604304,0.008161845312304685,0.020217922849728558,0.008164020670311228,-2.9651421906695674e-07
5202,0.733955937629468,0.8753985656825719,0.015151881019531247,0.0469304168645598,0.015156902255706746,-6.237053207236443e-08
5203,0.3616760451429507,0.6820650007263019,0.022160081462792972,0.07433351393667803,0.022166081047336257,4.514295071089691e-08
5204,0.5661306197877942,0.7611127712707525,0.013033895844472653,0.05085145856757411,0.013034504160480437,-3.802122058305102e-07
5205,0.48315972068972357,0.8436153028481769,0.021420627956640622,0.05022069697082849,0.021424627705389703,-2.793102764075961e-07
5206,0.6020209405863965,0.8627857788937842,0.00791340727388672,0.036623060265723616,0.007913707191993557,-5.941360348149516e-08
5207,0.39083702252423635,0.6815814438554829,0.014502028285214845,0.06290930335073472,0.014503271023808342,2.2524236364951378e-08
5208,0.6535202948753529,0.8223257515171577,0.021160982718945315,0.0647426170862912,0.021170119869701794,2.948753529130599e-07
5209,0.8449729292698274,0.9193061612827008,0.011724233833984363,0.040737825158906046,0.01172608641727047,-7.073017260772474e-08
5210,0.2145703050353306,0.6507037275495875,0.012454038531328154,0.05175544671163942,0.012455054347376345,3.050353305777964e-07
5211,0.5564615700697989,0.7539875670012268,0.02102623297636721,0.07122823573329343,0.021031761681790724,-4.299302011068207e-07
5212,0.8506585082734012,0.9225669898893505,0.009286365252441402,0.027279576352996625,0.009287602667607614,-4.91726598883524e-07
5213,0.5752681898115295,0.8846336475812405,0.017367199920507826,0.04192921324328803,0.0173699265960011,1.898115294940439e-07
5214,0.5847780317422819,0.7776219736511475,0.023129745758691395,0.06642301073759313,0.023137862768525724,3.174228191404893e-08
5215,0.8821646867551158,0.9480674341287108,0.008313709963281237,0.022337904271116628,0.008314634615504631,-3.1324488414252727e-07
5216,0.9222592725091048,0.9621189603768052,0.00652501736484375,0.01647254726873487,0.006526015185386979,2.7250910472620404e-07
5217,0.6348580129190657,0.8008111958863642,0.014041427482519546,0.04699471856103647,0.014045011505409509,1.2919065706107347e-08
5218,0.9636910101563682,0.9817471620562916,0.0062930781394531215,0.02131267773297551,0.006294250052652499,1.0156368190905596e-08
5219,0.7760723287978928,0.8896521953615909,0.013628586541210939,0.0374011955279768,0.01363280378771505,3.2879789280126914e-07
5220,0.5958656730163862,0.8871609489210458,0.019013796238964854,0.05168665737431563,0.019019158487195324,-3.2698361385197217e-07
5221,0.8701544553140826,0.9328911183368596,0.008365619927148436,0.023486845739808075,0.008366188993650546,4.5531408265908624e-07
5222,0.6614461754694112,0.8207929231374647,0.010631672435136734,0.04081678621929945,0.010632310823213906,1.7546941122326132e-07
5223,0.879730619293129,0.9384616820167371,0.00850378508938474,0.022450988100205984,0.008504460580063846,-3.8070687102820244e-07
5224,0.9427320344575596,0.9713669123242142,0.00653536254892578,0.0175553071561326,0.006536066572186109,3.445755958342289e-08
5225,0.7390221946307831,0.861218043128002,0.019264788712890647,0.06012896524305599,0.019271741926542955,1.9463078315684612e-07
5226,0.4369077235116481,0.6979801993604501,0.031988775334863245,0.08322204513280426,0.03200035876072673,-2.7648835193572197e-07
5227,0.6949891231517147,0.869720393218208,0.022180241637988263,0.06769656003121653,0.022188864417087204,1.231517147148864e-07
5228,0.7895120955550617,0.8890369191830618,0.013311331160742193,0.04126033360736931,0.013315004440255148,9.555506175207285e-08
5229,0.2735693205173597,0.743798093752616,0.026592593629785145,0.07502893668751061,0.026603454338379098,3.205173597087274e-07
5230,0.6499285732973422,0.8187534468683708,0.022560889484277327,0.06367214472636483,0.02257182810592587,-4.2670265776312277e-07
5231,0.8567559503792231,0.9265204290223714,0.009765154900683604,0.028647888138417215,0.009766306944017027,-4.962077682080235e-08
5232,0.40673165178845117,0.6558859993053858,0.025856891789648437,0.07739139368743021,0.025864638740379316,-3.482115488173676e-07
5233,0.9588722863309347,0.979647472348157,0.006462753934179682,0.017827843775250193,0.0064642254595132015,2.8633093474006444e-07
5234,0.9450088995697864,0.9723350360154976,0.005447306177246097,0.016360203072511986,0.0054479732265431575,-1.0043021358985271e-07
5235,0.8857610236701051,0.9474545026683668,0.008588572185195318,0.02519253214930898,0.008589412111853123,2.367010509818357e-08
5236,0.5829650584819728,0.7757338439993844,0.02094159180117188,0.0670101318949995,0.02095049212331886,5.8481972819990347e-08
5237,0.6232820630956538,0.8041679129891273,0.02168385296123049,0.06435219230814868,0.021691595481231816,6.30956538127947e-08
5238,0.6263173321913027,0.8876770945318906,0.016457257861035135,0.03642133360865565,0.016459038524911453,3.3219130268768993e-07
5239,0.7121959994936498,0.8478053837041352,0.013505438096386718,0.042786221705021374,0.013510185539107659,-5.063502950264365e-10
5240,0.7620105253003141,0.8794719146544197,0.009036737401796854,0.03792976373520381,0.009037363508081353,-4.746996858928654e-07
5241,-0.20643889425608908,0.6594407369919812,0.025579442863378887,0.06966562322092591,0.025582995366723198,1.057439109330982e-07
5242,0.43420300690388125,0.7755140924239056,0.02399266843808592,0.06593751828566223,0.023998757460425797,6.903881244468835e-09
5243,0.7842032509507918,0.8885067445394901,0.020496147642089853,0.0539347191866943,0.020504105650465877,2.509507918135867e-07
5244,0.5725581248771576,0.7600337343334823,0.012536603982031238,0.05485742989125113,0.012539797852242466,1.2487715761455576e-07
5245,0.8890169188961439,0.9464222606964765,0.00854785800156251,0.02589813233105127,0.008549489749481555,-8.110385607551507e-08
5246,0.7121747866103038,0.8664191757711969,0.016361973577539064,0.0505336092092625,0.016368482931994374,-2.1338969624640214e-07
5247,0.5195350073273826,0.7333391858068672,0.023108014705273402,0.07299459143222631,0.023114598743857778,7.327382589572551e-09
5248,0.7466130762997167,0.8716018464860132,0.012420627132519513,0.04087768811136052,0.01242193689036549,7.629971676692548e-08
5249,0.5645507200008433,0.7540874185224318,0.02014988032587892,0.06763380804000238,0.02015306812408764,-2.7999915674925546e-07
5250,0.90327014758992,0.9526059938764633,0.007836299838222642,0.02341291004816366,0.007836985241751271,1.47589919952118e-07
5251,0.634765604503919,0.8085818833551338,0.01241080528851563,0.0420475188312553,0.012411350145794123,-3.954960811070052e-07
5252,0.7033106826011998,0.8403981197109578,0.01185298356611328,0.037454584466172426,0.011854691788079458,-3.1739880024250766e-07
5253,0.635133049920807,0.8011484443578353,0.010212407858701178,0.04588388469053132,0.010213194424090867,4.992080704369073e-08
5254,0.7052425324937508,0.8492291876613571,0.021899794688671904,0.05690213484906053,0.021908680157029303,-4.675062491577009e-07
5255,0.258740630993743,0.8333469508991826,0.02831464028691405,0.07211502376703247,0.028322317439071657,-3.690062569949859e-07
5256,0.7233631377626553,0.8698812111241296,0.013744036958203113,0.049915159086008375,0.01374918307393978,1.3776265528342435e-07
5257,0.5765653144731677,0.7959701302236822,0.01679699463222655,0.05590670379761436,0.016799826068192154,3.1447316772847955e-07
5258,0.7012437340707667,0.8455749580648162,0.02143661189501952,0.05951016514052529,0.021444348346839393,-2.6592923330071017e-07
5259,0.9003875231384934,0.9520268894766739,0.008383143605078103,0.02257621227815458,0.00838513751866786,-4.768615066153004e-07
5260,0.9217819646815328,0.9639467417118659,0.006802967859960944,0.01917102461442462,0.006803835955947494,-3.531846715087994e-08
5261,0.914883108918781,0.9583492201370515,0.010787627057519539,0.03334942619295868,0.010791090388916883,1.0891878099439367e-07
5262,0.28277025312535653,0.6850808460518705,0.026337928601953095,0.07452532807364391,0.02634434650363649,2.531253565085656e-07
5263,0.3187676322361811,0.6334481174824675,0.025139644186132876,0.08032331374000974,0.02514942173807713,-3.677638188981369e-07
5264,0.7732652326521259,0.8799529389096366,0.010126260212148429,0.033038132078016175,0.010127003171837068,2.3265212589773654e-07
5265,0.6737467898876477,0.8250386958408147,0.011466780632421862,0.04263602203365673,0.011467464229638097,-2.1011235229462244e-07
5266,0.7080737252467435,0.8421111154236937,0.009601313737207021,0.03808003789726879,0.009602890790192532,-2.7475325647952076e-07
5267,0.5657655027887313,0.7658370137162882,0.015788909491210926,0.0613578849513734,0.015791994258310158,5.027887313158175e-07
5268,0.71262594110418,0.850713256509318,0.012938364131904304,0.047147638764818166,0.012939301898881306,-5.889581999873883e-08
5269,0.5814380418966798,0.8225804459189638,0.037082913284375074,0.09592492434214499,0.037102032603640894,4.1896679792152725e-08
5270,0.15660682510631818,0.6114903863112133,0.013192101105361294,0.05511421310712306,0.013192537816753312,-1.7489368181466958e-07
5271,0.4167236447193682,0.7564791109550877,0.022329235299023458,0.07210831542742245,0.022336228510836328,-3.5528063180301217e-07
5272,0.7727980655791122,0.8845260319084971,0.01818345991992186,0.04934974768155622,0.018189894627888285,6.557911225169022e-08
5273,0.8293560684314935,0.9120973862643205,0.010779949329394531,0.03126624431801593,0.010782662397132657,6.843149347179889e-08
5274,0.5737076329302339,0.7964764321404286,0.02770767508447264,0.08758986757571272,0.027712797354430125,-3.670697661384281e-07
5275,0.4932656375335136,0.7160275188847577,0.027310084507421888,0.07942517473799525,0.027318784275353874,-3.624664863810523e-07
5276,0.8131933006614143,0.9035617122954005,0.01679125625380861,0.04255458313888183,0.016795968345932093,3.0066141420981296e-07
5277,0.625550321352893,0.8063410251001798,0.02091735177226564,0.06273690029809595,0.020925041542984826,3.213528929624232e-07
5278,-0.04400723194906586,0.5019028909876797,0.01951067039140627,0.07077999323054068,0.01951453786057763,-2.319490658639345e-07
5279,0.8976043723673679,0.9479856897793334,0.008151119798437498,0.028929589198037956,0.00815209192480181,3.723673679401074e-07
5280,0.5432208078950816,0.7507989716396538,0.018574173700976554,0.06697902317768901,0.018580235027000097,-1.921049183062351e-07
5281,0.7714698535270137,0.8884563233226123,0.01462814210751952,0.041507552713923354,0.014632200822500946,-1.464729862954428e-07
5282,0.8248533504683455,0.9156926397481872,0.011143943201884773,0.02738957229326242,0.011144815167988487,3.504683455668456e-07
5283,0.19010767225775504,0.6241878866677855,0.028659741807812524,0.08385455955710207,0.028666020529155626,-3.2774224495435433e-07
5284,0.5297532506848806,0.7739253432260296,0.022528496647070302,0.0620884553138098,0.02253758203094499,2.506848805206019e-07
5285,0.7017415444154529,0.8552705012267242,0.020279857688378894,0.05932873139531581,0.020288785194130948,-4.5558454708771734e-07
5286,-0.01602692791816196,0.5547807253844335,0.029745677446777367,0.08258527662484921,0.02975089528077038,7.208183804008339e-08
5287,0.48351766676528674,0.7997453580698971,0.022539359935644532,0.06318229051838006,0.02254581245698647,-3.3323471326784926e-07
5288,0.9597110807709852,0.9806914635087466,0.003962244778681632,0.011016814211682721,0.0039623604769527775,8.077098523351367e-08
5289,0.7759142732026232,0.8816998816838925,0.01940338027314451,0.05990877867969404,0.01941226050489132,2.7320262319108224e-07
5290,0.5845668814477823,0.787668240850472,0.01786396440625001,0.06881225386735852,0.017867619463663876,-1.1855221759837775e-07
5291,0.879822983258691,0.9388223890610728,0.012177317656445304,0.039417123396594665,0.012181071260862982,-1.6741309005752214e-08
5292,0.585905591737591,0.7867845421504945,0.019171696196777332,0.06227338956363059,0.01917686627033538,-4.0826240899072275e-07
5293,0.8347988928765029,0.9160711419140919,0.010334083483837887,0.02930042228681451,0.010334666348891991,-1.0712349707286961e-07
5294,0.5648750516099544,0.7621018570065529,0.011322122434970707,0.05603394070167959,0.011322786706973571,5.160995442121674e-08
5295,0.6248533357039755,0.8106108597038212,0.018061763026171896,0.05626088691633978,0.018068070284157706,3.357039755069735e-07
5296,0.6041021667284954,0.7966488711522812,0.016183595837402354,0.05820442888211489,0.016187239062067402,1.6672849534327128e-07
5297,0.579524516075359,0.7678053327773868,0.027572977747265595,0.08282261142525439,0.027581839949657908,-4.839246409149567e-07
5298,0.5702298641308613,0.7664515253417047,0.023325431245703136,0.06998351135817484,0.02333437427064798,-1.3586913871765915e-07
5299,0.6991137222182618,0.8520740929428202,0.013980658265820314,0.044658781157262156,0.013982105433307608,-2.77781738167171e-07
5300,0.6891911275307379,0.8769798126276666,0.02014299511289062,0.053272016665303124,0.020148558436132925,1.2753073785898295e-07
5301,0.8682848352659545,0.9321638215023829,0.009579523466015634,0.027437006830856994,0.009580605712314227,-1.6473404551575754e-07
5302,0.613597432140226,0.7844088774417245,0.009915823792236333,0.048410590130590264,0.009916477589768746,-5.678597739811053e-07
5303,0.9123788800843381,0.9557946936785631,0.005273293319531242,0.017810325461246442,0.005274033532247106,-1.1991566195579395e-07
5304,0.9451971619196016,0.976011950826911,0.007770263902832035,0.022625700398578197,0.00777131231736554,1.6191960161560104e-07
5305,0.7621548111351796,0.8742503931123405,0.017831167534179675,0.05364287503373457,0.01783832620432741,-1.8886482044955244e-07
5306,0.7780853694385373,0.885553704119021,0.017313016600195335,0.04940334758735132,0.017318227925142364,3.6943853731763454e-07
5307,0.6236373384160867,0.7972654866679671,0.02349567293857424,0.07052169183461914,0.023503544717566792,3.3841608670925893e-07
5308,0.6728115567277677,0.8226625174883411,0.021986327782421888,0.0668161861323876,0.021995279214400938,-4.4327223225337775e-07
5309,0.6861158302440488,0.8309234315268275,0.009975693513378937,0.04239496777780573,0.009977962958148527,-1.6975595118484677e-07
5310,0.8038927365205778,0.8977563278307408,0.006932812997949219,0.02636239773171566,0.006933018242189298,-2.6347942216897735e-07
5311,0.7146753163292549,0.8502685100139129,0.016016603768164054,0.0578900252191518,0.016022944253901304,3.1632925490132635e-07
5312,0.831981893716197,0.9256409852209118,0.011224557713046878,0.03764620555495211,0.011225280872581364,-1.0628380298083329e-07
5313,0.6594855513863241,0.8165186344187481,0.009863625637011706,0.04550219023480933,0.009864722594164177,5.513863241546346e-07
5314,0.5679329055854909,0.7648871158214924,0.02626993713828125,0.07577721083032368,0.026278870740249108,-9.441450909974947e-08
5315,0.7070215329359051,0.8455922359538357,0.023124314146191396,0.0737057628816404,0.023134556200568476,-4.6706409495556045e-07
5316,0.5535325464149451,0.7531658581369648,0.030422556854003937,0.07826736951775905,0.030435961420566034,5.46414945068463e-07
5317,0.5603062858637724,0.7553248393623726,0.016569392118212924,0.06040773749505882,0.016570424618885363,2.858637724312274e-07
5318,0.5649454876808503,0.8272307680811144,0.018463006541308606,0.058467358094578925,0.018467965297105076,-5.123191496592128e-07
5319,0.519118200836516,0.7623095728935179,0.02367434243593758,0.0663030368439687,0.023681491849909274,2.0083651608437947e-07
5320,0.596602808601705,0.8732867045646924,0.019395800024511724,0.054316698485260065,0.01940227180943216,-1.9139829499081884e-07
5321,0.6932447451603885,0.8860452917324623,0.011588356745019535,0.03527616324025465,0.011590198294241209,-2.5483961152428236e-07
5322,0.7249682517402147,0.8746840454245093,0.016030754937109395,0.049723678287708975,0.01603311705295539,2.517402147850234e-07
5323,0.7007029365093165,0.8410649056903097,0.011134687141347644,0.043734827808980324,0.01113540940504758,-6.34906834884319e-08
5324,0.6838564491718937,0.8452314234179842,0.01692346126816406,0.04841273902574318,0.01692797102353248,4.491718936794342e-07
5325,0.9733335652951453,0.9866631578232846,0.00420977718450195,0.012173832494334175,0.0042101705393881896,-4.3470485477925536e-07
5326,0.5990122883626128,0.8000957560491501,0.02406985547656252,0.07031193263284692,0.02407826009678582,2.883626127880845e-07
5327,0.8671545565799591,0.9314350441627925,0.012245509332031258,0.03620702770222996,0.012249290648856829,-4.434200409075828e-07
5328,0.8511393455122622,0.9349010893593496,0.01393718448496096,0.03853579559557571,0.013940829860014306,3.4551226224532883e-07
5329,0.7696800766152694,0.8798066661827337,0.017282233580957047,0.05621011037581134,0.01728583473717926,7.661526935098806e-08
5330,0.889457859522718,0.9629033976444166,0.011472463976074217,0.030564332000727387,0.011474095300983997,-1.4047728191801667e-07
5331,0.8641160527491459,0.9476820892436256,0.011532439115722659,0.030112273977433046,0.011535453185446852,5.274914594011193e-08
5332,0.8591380458903611,0.9306189035088239,0.009109010399511713,0.02942053448101489,0.009110888293896764,4.589036117774725e-08
5333,0.7600017672682532,0.8723100038870518,0.01105183380214844,0.0473846486148268,0.011053446627125974,-2.3273174676319286e-07
5334,0.6036386809634354,0.7971610762344172,0.013990238249296846,0.048105642566805766,0.013991266901790382,-3.190365646110749e-07
5335,0.48674793183886766,0.7062530616325997,0.021897830040136686,0.07787556875826551,0.021907217192884246,-6.816113234942023e-08
5336,0.5204091612472919,0.7395325911645687,0.01825333074101567,0.05969599884578159,0.0182579967108359,1.6124729185218456e-07
5337,0.8143611817108959,0.937901839824952,0.01442584937744141,0.04535337485339406,0.014428369267605769,1.8171089588570055e-07
5338,0.8318645099959762,0.9239882618117764,0.012316908600683577,0.04210496988850183,0.012320319918624405,5.099959761167838e-07
5339,0.8235005058073689,0.9084006540801862,0.009456854982109374,0.03357761941577712,0.009457256450306067,-4.941926311508027e-07
5340,0.48842588445463453,0.7667398676999239,0.032662628835156235,0.09127547184133554,0.032679095985214936,-1.1554536549773786e-07
5341,0.7021103733148684,0.8519154466394459,0.015985528008593753,0.05932718631322105,0.015988963552395565,3.733148683515708e-07
5342,0.7127183593341382,0.8459853318801447,0.014663877763085918,0.045395676174440146,0.01466903998308587,3.5933413822242244e-07
5343,0.7932158760757094,0.892224563281875,0.007214831705371094,0.02889857236254794,0.007215966491869588,-1.2392429060703591e-07
5344,0.5939569241572875,0.7976403491080138,0.02505884716152342,0.06842170791050296,0.025068156557374297,-7.584271244365226e-08
5345,0.7542375093325098,0.8832444859843045,0.016441092730468777,0.043066406017054824,0.016445102357235904,-4.906674901938857e-07
5346,0.8918813607798028,0.9490956988207977,0.010398843777734371,0.02947044221194947,0.010402330017737214,3.607798028104625e-07
5347,0.5528410911945163,0.7523500682661706,0.018600746363671886,0.06840478930769135,0.01860550958622877,9.119451627181974e-08
5348,0.9178680140903855,0.9633442531923128,0.007263310072167962,0.017849965111717513,0.007264967118176039,1.4090385525022953e-08
5349,0.36004271178653857,0.6274565451337208,0.015917931210156246,0.057397018478504466,0.015920761069713723,-2.8821346143015347e-07
5350,-0.09915501213733657,0.5447020921298489,0.022783930208007817,0.06923730392872475,0.02278784614441038,-1.2137336580231306e-08
5351,0.9247610254028324,0.9663088943336184,0.011575489572949219,0.034759555618727504,0.01157907697247123,2.54028323931621e-08
5352,0.8836256195268607,0.9411221984607504,0.014977521641015632,0.043030380076997464,0.014984384649518026,-3.804731393275418e-07
5353,0.5963569887070368,0.797664819504249,0.019406967036601566,0.06892508843459752,0.019408710074239027,-1.1292963231213093e-08
5354,0.9136762199853972,0.9594930971257072,0.006454891072939451,0.018905003415960922,0.006455351551111469,2.1998539712075882e-07
5355,0.7487872266195885,0.8694866415249761,0.011443780124902343,0.050493986235032255,0.011445994936368524,2.2661958853920083e-07
5356,0.6565832568473673,0.82363285622489,0.027715328772265596,0.08040197662433186,0.027726885432385225,2.568473672637239e-07
5357,0.6447038485547163,0.8336708357131428,0.024325144681152364,0.07715439085380885,0.024334837670422667,-1.514452837581004e-07
5358,0.7437871003103831,0.8775974269610508,0.0218867690040039,0.06772956242080697,0.021895771529292944,1.0031038311097973e-07
5359,0.8164010193512867,0.9082131689875557,0.010258818234472639,0.030850433371398527,0.010261770133216804,1.9351286684177182e-08
5360,0.6399752948606913,0.8144177268374484,0.014364096547460938,0.053215097841211076,0.014365856497047705,2.948606913077967e-07
5361,0.9090287340025173,0.9560392537949725,0.005633305988427731,0.01839432766999639,0.005633515311266097,-2.6599748270683676e-07
5362,0.7411302063946816,0.8679833612743169,0.015627108690820287,0.04429764020710667,0.015632410094423198,2.0639468167882313e-07
5363,0.8141471110345206,0.908325922458026,0.013633795012451171,0.039095439574501706,0.01363506632162823,1.1103452068894626e-07
5364,0.5183970970685532,0.7256105710719619,0.00979818152838867,0.051873321056508895,0.00979870887363705,9.706855319535634e-08
5365,0.5844153430241572,0.8077273364144907,0.02367820596923833,0.06720344295276169,0.02368520328410751,3.4302415719000834e-07
5366,0.5612937926702737,0.7762284930346752,0.022691508275390616,0.06494676326755958,0.0226975652387019,-2.0732972627612867e-07
5367,0.23606842929600158,0.6076022661573909,0.026152654849218755,0.08021895751969764,0.02616142374772464,4.2929600158059245e-07
5368,0.6354920703195563,0.8234360010632279,0.016920060528417994,0.04672093617193068,0.016923397241881567,7.031955640002252e-08
5369,0.6144021527605217,0.8062045031924924,0.016357594080683577,0.05171882701240076,0.016359120479053305,1.5276052167667586e-07
5370,0.8024486878241268,0.9124182157866113,0.018189310756347707,0.048630327773226324,0.01819398872741154,-3.121758731516877e-07
5371,0.5628226389838552,0.7613289603173631,0.02359608250566404,0.07476231982009379,0.023603999461753105,-3.6101614475647636e-07
5372,0.8972054952738132,0.9488517355665868,0.006717631142871087,0.02008878496405351,0.006718812683706868,4.952738131835943e-07
5373,0.45155069983982643,0.7198439618547622,0.023162707364550752,0.07495001579396955,0.02316516167173258,-3.001601735497239e-07
5374,0.7145473204609203,0.8531207879267789,0.01189601778349607,0.04620518909844974,0.011899241302243938,3.204609202445141e-07
5375,0.8734460373518061,0.9526523718843963,0.007481220387207038,0.02581407758349342,0.0074820857570154,3.735180620356715e-08
5376,0.6866586708432936,0.8399525976490615,0.016123449115722666,0.049224953664074,0.016127693426286737,-3.2915670644673156e-07
5377,0.6679448243358947,0.8286298526142386,0.012543973757509767,0.046835344256662095,0.012545018648797899,-1.756641052619301e-07
5378,0.9556581306728305,0.9787063664334057,0.004539452633603507,0.012132462569907458,0.004539649529552727,1.3067283044509992e-07
5379,0.9379113180932224,0.9737129967833671,0.005724517920214844,0.020220172390293934,0.00572509976095853,3.180932223179056e-07
5380,0.8611540072321916,0.9291618548018374,0.013611182577832021,0.041368856296181984,0.013613769997343945,7.23219162335198e-09
5381,0.8327946522868703,0.917086933345259,0.01062261144404298,0.03168285346768335,0.010624771106203993,-3.477131296225622e-07
5382,0.8880654711233893,0.9433637124659088,0.012103196434375008,0.03803267998850295,0.012105495967756952,4.71123389300665e-07
5383,0.5427353238757785,0.753353282195742,0.015066547100468754,0.06058814978324071,0.01506748978184474,3.2387577852954763e-07
5384,0.8379379645745033,0.9209412227753029,0.012250478937597634,0.03733830271880984,0.01225464532583595,-3.5425496647256693e-08
5385,0.76745490621778,0.8786015622340293,0.007641681904199212,0.030053638372603022,0.007642721735469203,-9.378221998979086e-08
5386,0.5713314174409322,0.7664966788788826,0.012996051803447282,0.05481530539281477,0.01299689691601179,4.174409321544559e-07
5387,0.7750422492169035,0.8875406485921252,0.013785544193945332,0.04992935286834892,0.01378992487385482,2.49216903447369e-07
5388,0.9293089148352469,0.9649437882728361,0.007006742497998055,0.02005215985774743,0.007007286664820625,-8.516475313857796e-08
5389,0.4175645221354416,0.7558137864429363,0.017368142361816427,0.06090724296157895,0.01736990648425878,-4.778645584235797e-07
5390,0.6822184883774987,0.8388019307792763,0.011973488026074192,0.04389902405789811,0.011975351624306291,-5.116225013646059e-07
5391,0.7166066972214837,0.8490211622430511,0.015161314062499993,0.046929728152708,0.015166993130739895,-3.0277851625903907e-07
5392,0.10410902354032947,0.5034309245431943,0.014842264440908198,0.058922602851546206,0.014843565344927978,2.3540329477378386e-08
5393,0.8710815679314031,0.9410782454921398,0.013876161904101562,0.04373050377445026,0.013878964395944559,-4.320685969005922e-07
5394,0.7470556183458945,0.8660430143146853,0.014036928296874994,0.043671937418670974,0.014038454545018519,-3.8165410554125145e-07
5395,0.7430179119590323,0.8650134303454265,0.019516094137988296,0.06165493660304844,0.019523756394327674,-8.804096762737856e-08
5396,0.3790738026067568,0.6463454159380874,0.02986428099824217,0.0891974134343394,0.02987430724594393,-1.973932431953429e-07
5397,0.591958151943647,0.7730442111429511,0.026196342341894528,0.06824580758322447,0.02620812941664991,1.5194364699766538e-07
5398,0.755102528428296,0.8715545597350878,0.01918051545107422,0.05594515422837099,0.01918635726708764,-4.715717040193468e-07
5399,-0.03150494611051946,0.3342329212289788,0.032805024661718765,0.09550447116587886,0.032814035645293636,5.388948053769438e-08
5400,0.7333602226234659,0.9015861157187515,0.017342726385839852,0.041638653470664935,0.01734668138756418,2.2262346588419746e-07
5401,0.8690862898146265,0.9423074979114479,0.010677030618749998,0.03588804943643993,0.010679910560227695,2.898146265195578e-07
5402,0.5538897301052449,0.7532369688995546,0.016357313194238277,0.06298846729162921,0.016359098258142458,-2.698947551005304e-07
5403,0.9543113061151534,0.9789119864487045,0.005514661341796876,0.01487962347037631,0.005515422327228595,3.061151533367834e-07
5404,0.9401601419648932,0.9790326072933551,0.010223479268164047,0.03206897576824398,0.010225682500873664,1.4196489317441774e-07
5405,0.5614894166219616,0.7685370975851838,0.013439961415693372,0.05382946557821072,0.01344096695674341,4.166219615964195e-07
5406,0.9065338733721944,0.9549583699478444,0.015458164960449211,0.037105161041270256,0.01546600396332884,-1.2662780557448627e-07
5407,0.7234276208818422,0.8555269590142995,0.011881228487294915,0.04204715093378546,0.011881885037843777,-3.791181577561531e-07
5408,0.5913739621486251,0.7784087669276823,0.01934620421962889,0.06224436162434453,0.019352201631408175,-3.785137481226997e-08
5409,0.7114098235650297,0.8442423634044437,0.01918516585703129,0.056222865763548555,0.019190192885417207,-1.7643497030039867e-07
5410,0.6804075997920481,0.8267151961144208,0.023129622435937486,0.06522034619849768,0.023137745165814072,-4.002079518894419e-07
5411,0.6214078232149343,0.796357716536381,0.023642222115136752,0.06450105533599902,0.02365018239049149,-1.7678506569751562e-07
5412,0.42147005722980446,0.7932925716543374,0.0221970235163086,0.05882099763034646,0.02220217675476448,5.722980445099779e-08
5413,0.8084806222246488,0.9068517913411167,0.013856584094628928,0.051111840807050835,0.013861022138874987,-3.7777535122351935e-07
5414,0.48723178252156496,0.7525883517674491,0.012525765621152346,0.052644550101917154,0.012526840574395714,-2.1747843503838737e-07
5415,0.5423847941116757,0.7528795470249465,0.02072555466640626,0.06459459449186508,0.020728986996947998,-2.0588832427836934e-07
5416,0.5318549099491949,0.739596786606139,0.017874235158007817,0.06401547429638575,0.01787851941800944,-9.00508050349913e-08
5417,0.6122960269825495,0.7859747354232535,0.017642404832519516,0.05818285033752753,0.01764686974467984,2.698254952804291e-08
5418,0.7780983259563282,0.8829752901592175,0.011374229622597634,0.03685732969840067,0.011375199059604739,3.259563282620448e-07
5419,0.8702762811336504,0.9330209422472383,0.007315707080937496,0.021387558356399678,0.007316002714534907,2.8113365035942195e-07
5420,0.6227339834789991,0.7928192936358899,0.02135689444042964,0.07046107644094049,0.021363944313458876,-1.652100090066e-08
5421,0.8290795681164004,0.9143176661842943,0.013877990192382809,0.04176670058230852,0.01388210013527812,-4.318835996608428e-07
5422,0.919240867155942,0.9591976819465796,0.00839091420722656,0.028870594491843447,0.008393019573525425,-1.3284405797620025e-07
5423,0.3857010053881108,0.6756983641095945,0.028950185663769532,0.08936149708874853,0.02896039341762258,5.3881107908715364e-09
5424,0.8606347137021604,0.9285680608539806,0.009069651726542952,0.027498673334934814,0.00907038025494984,-2.862978396578342e-07
5425,0.8641626838192299,0.9319273985136723,0.007015245059179697,0.020854592304996276,0.007015956899569919,-3.161807701212993e-07
5426,0.5199823691648341,0.7587711817380186,0.0182728913241211,0.05826276343480678,0.018277417313449146,3.691648340353737e-07
5427,0.23925548670996477,0.632732043153907,0.018494706210546868,0.0556162882574239,0.018496749500222284,4.867099647754003e-07
5428,0.8788171998971902,0.9467829955341701,0.007665649934765632,0.020802330401745756,0.007666612038610209,1.9989719024504637e-07
5429,0.5637874946287218,0.7565949527898268,0.020258043819238215,0.06697558949288782,0.020263596871535765,-5.053712781588615e-07
5430,0.7976129452983193,0.9004610234314668,0.01985671344648439,0.058118587661161014,0.01986532252302337,-5.470168074062087e-08
5431,0.8433817601086191,0.9191851365877951,0.01118912664072267,0.037750599692230435,0.011190817453498146,-2.398913808709935e-07
5432,0.8046061276253065,0.8975755657544348,0.01754517229033202,0.05323667126380179,0.017551057007052288,1.276253064341759e-07
5433,0.614837776314501,0.8622197935447938,0.014519322205566409,0.055007201914094805,0.01452113704420517,-2.2368549901230494e-07
5434,0.9572850354110992,0.9790929764490777,0.00459987392382813,0.012175965349111735,0.0046004246360608885,3.541109916405105e-08
5435,0.9511488805606613,0.9756194436115374,0.004995855116015621,0.012541019774430817,0.004996548934302364,-1.1943933875269153e-07
5436,0.8961686167342602,0.9485571514440477,0.0051120904774414055,0.019225478479206342,0.005112765940288075,-3.832657398117334e-07
5437,0.8610332905147673,0.937223375948919,0.00655289909033202,0.021659720727758982,0.006553646750014201,2.905147672427333e-07
5438,0.7034495840879803,0.8465226668268424,0.011723646841601532,0.04226060071508452,0.011725887627067168,-4.1591201971336034e-07
5439,0.3787061690935747,0.6599284187464539,0.014572095238378904,0.05955257196343892,0.01457567422522167,1.690935746978539e-07
5440,0.5685397665130529,0.8082336742081085,0.021798029912988303,0.06028287818058728,0.021803543139463713,-2.3348694710989548e-07
5441,0.7651967377965279,0.8794817722288235,0.01124592573701173,0.03428016655533623,0.01124880825312564,-2.622034721566635e-07
5442,0.5462839777719706,0.7547020364409316,0.015880513597949203,0.05165949698897751,0.01588253299372446,-2.2228029417092898e-08
5443,0.5993337892402046,0.7799183388499844,0.012358553504394555,0.04638375485228353,0.012360295485334367,-2.1075979539375567e-07
5444,0.6148464840800028,0.8627610847837397,0.009504690562890623,0.03747157851324151,0.009505144929919695,-5.159199972792905e-07
5445,0.8652610178281606,0.9333309599296206,0.013754998964257812,0.043076861750601325,0.013760235463144017,1.7828160614463684e-08
5446,0.6681724626110213,0.8220818401967865,0.01959502408486332,0.0606861430990168,0.01960136285590939,4.6261102126798903e-07
5447,0.7473321066786545,0.8725914524166094,0.01960300084599608,0.04819769258264539,0.019610181341372327,1.0667865446567504e-07
5448,0.796636688897328,0.8982947887558306,0.016864851330371064,0.05488402923737497,0.016868745785659982,-3.111026720681309e-07
5449,0.6875065155633905,0.8565441678231214,0.015606725872070324,0.04552021500934995,0.015611147915490045,-4.844366094935992e-07
5450,0.9283626473973132,0.964928311105889,0.006702350949521483,0.01797469935853095,0.0067029006016479965,-3.5260268682613116e-07
5451,0.7042289883304692,0.8415854892849901,0.019951858803320312,0.06698107111498013,0.019960328489667018,-1.16695307861292e-08
5452,0.8265103371124759,0.9181825496128431,0.010226376968720688,0.03045762841329862,0.01022700775460486,3.3711247593437577e-07
5453,0.7665620153971755,0.9168164161443417,0.008085341054111314,0.02791433006238484,0.008085540756861083,1.5397175534559437e-08
5454,0.8442551728988967,0.9190829094810792,0.008602571240820318,0.024688807196541797,0.008603884615202945,1.7289889675531356e-07
5455,0.805961100951813,0.8977851846265866,0.015239843926855472,0.04833177944350069,0.015244618340090626,1.0095181290914468e-07
5456,0.370681470557087,0.6503954415207132,0.0196835495100586,0.07170423822219003,0.0196876859361867,4.7055708701781995e-07
5457,0.7508009801695535,0.8705540751171165,0.009104476760966802,0.03322608185989705,0.009104731929910728,-1.9830446507107524e-08
5458,0.7779156732435476,0.8970918441905235,0.017033099538378914,0.04825267000152917,0.017037803631663326,-3.2675645245117124e-07
5459,0.43883530603588294,0.6915975472202707,0.022443708660449195,0.07645982616229392,0.022450247041212155,3.0603588296873596e-07
5460,0.9064815866620757,0.9568902629525107,0.010453829659082037,0.034843470833849144,0.010456850824188664,-4.1333792433206895e-07
5461,0.6211426949257048,0.86528157662049,0.011482580714765623,0.04435131616000274,0.011483485944756639,-3.050742951593577e-07
5462,0.7801548391093949,0.8925729312876469,0.013178993248955065,0.036719143575446006,0.013180143446200646,-1.6089060517199272e-07
5463,0.8619948484940203,0.93149776781803,0.013090876523339847,0.04336817622085404,0.013095707711945119,-1.5150597965085666e-07
5464,0.8797515147364507,0.9408929744474315,0.011533086139843766,0.03722326459967509,0.011536019541964936,-4.852635492325064e-07
5465,0.8930028935351177,0.9477114654725756,0.011372632266210962,0.02895073706705201,0.011374501409591346,-1.0646488224352879e-07
5466,0.1796104853482079,0.557663045876387,0.018555463531396487,0.07096919561685296,0.0185564465812363,4.853482079014704e-07
5467,-0.9656783373573046,0.24186736327972133,0.02085451732118162,0.07887842676466267,0.020855404737423058,-3.3735730453621215e-07
5468,0.6923959831699809,0.8801394184472947,0.01741330401093754,0.053395220068104744,0.017415634839392524,-1.6830019156088838e-08
5469,0.4481475510614422,0.6780636531492299,0.018200561619824234,0.06673035990204039,0.01820394426946681,-4.4893855777328184e-07
5470,0.9093644442259345,0.9638672137516997,0.0059782618751953115,0.02458004622185124,0.005978866639349541,4.442259345927013e-07
5471,0.8111097113428092,0.906883977226435,0.013627564657714815,0.041549942608832685,0.013631181708138486,-2.8865719081672125e-07
5472,0.72256501075514,0.8686598606184469,0.02981808580693358,0.08058692953999683,0.029833949338230324,1.0755140000817676e-08
5473,0.9733074508292056,0.9868650305755675,0.003959437981074221,0.009618941011189144,0.0039596851498480586,4.508292055227514e-07
5474,0.7101666597202998,0.8519130662605393,0.013859943027148443,0.04502048828217844,0.013863616548647952,-3.4027970019501197e-07
5475,0.9219511022660624,0.9628219651521942,0.00736831122850585,0.018530388670614996,0.007368777634475658,1.0226606239616132e-07
5476,0.87067339655193,0.9365921007567831,0.014013238356542975,0.04300652607305729,0.014018271015367215,3.965519299597986e-07
5477,0.7796230138955703,0.8845710620900893,0.01161389031835938,0.036990046496105274,0.011617092773281459,1.389557036102218e-08
5478,0.9082432988711158,0.9549657967751075,0.0062231463390039245,0.017038975481593978,0.006223315110517769,2.98871115744781e-07
5479,0.9330500528537783,0.9664303419533747,0.005543361052929689,0.014652339278648665,0.005544015106448668,5.285377824293391e-08
5480,0.45949303200322056,0.7148061591392606,0.014213154345771493,0.057938235722793906,0.014214197914514752,3.20032205736176e-08
5481,0.6551159861615439,0.8238695369250724,0.01678647504160159,0.055868609908600986,0.016792212462021807,-1.3838456158765666e-08
5482,0.6868725468492001,0.829456027880986,0.020222291097265616,0.05911243136654138,0.02022863386632894,-4.5315079988395013e-07
5483,0.8301940004045409,0.9150622893339064,0.011787815970117214,0.03807170335761314,0.011789341912977312,4.0454095628916775e-10
5484,0.7119099372677224,0.864789498653231,0.018491681077441424,0.06325469726337032,0.01849830683057929,-6.273227759479028e-08
5485,0.5186928459142126,0.7287693196662653,0.03072781567226562,0.08949685122676551,0.030739607068919303,-1.5408578735165435e-07
5486,0.761241071434139,0.8732310937042286,0.01675132762373048,0.04942005793300521,0.016756060768537587,7.143413904842077e-08
5487,0.8650290431062297,0.9453262004669553,0.009085766713574212,0.03302509899520153,0.009087721785151335,4.310622969683209e-08
5488,0.37550955974898725,0.6787896975052861,0.019574674421484358,0.06462019753811943,0.0195775348167863,-4.402510127565762e-07
5489,0.7108096005670398,0.8461992739115067,0.024974217472851556,0.0640030237970742,0.024987061144612976,-3.994329602630131e-07
5490,0.8449829914902303,0.9233499784826216,0.008027140583271482,0.028619893812586866,0.008027700400257175,-8.509769777731435e-09
5491,0.7060412742798061,0.8464233621176392,0.011545747274902336,0.04180130461705631,0.01154652042552235,2.7427980608951685e-07
5492,0.9205498868415406,0.961559670092313,0.00614078990548829,0.015853581293884856,0.006141026242514771,-1.131584593805357e-07
5493,0.946890185809591,0.9766512047276283,0.0059020802087890595,0.017626032392110257,0.0059026828733006916,1.8580959093572602e-07
5494,0.7411139365758308,0.8923076735009423,0.00985314785322266,0.03150507020824493,0.009854452526566799,-6.342416924987049e-08
5495,0.5083817127356978,0.8144598060723125,0.020195459483007817,0.059343459489564106,0.02020023517816812,-2.8726430223446897e-07
5496,0.4347546306831326,0.6819294769561817,0.024211482392675787,0.07897223173048667,0.024221235681175825,-3.6931686742125436e-07
5497,-0.11891318101711801,0.7138134731425527,0.024888809194726524,0.06379920129894427,0.024892304611967824,-1.8101711800333486e-07
5498,0.6517846036570757,0.8422087745231084,0.018737799108105406,0.06125928970820151,0.01874313797100036,-3.96342924258164e-07
5499,0.8243426675925222,0.9087692381723969,0.010697591429042985,0.030464799406042974,0.010698438658085445,-3.3240747787655067e-07
5500,0.5642045452406603,0.7644801156404424,0.015653338915332007,0.05427170664451595,0.015657475728456046,5.452406602879378e-07
5501,0.8447832959019701,0.9222641067980039,0.011154361646777368,0.03451304313623768,0.01115551671017302,2.9590197014872643e-07
5502,-0.009432902317054737,0.523724858224528,0.029129980092187476,0.08503915375714469,0.029137146399567878,9.768294526382726e-08
5503,0.9161557413281824,0.957641022248245,0.015065055617968713,0.03791535433202342,0.015069047503587413,-2.58671817521261e-07
5504,0.522083550169478,0.7684809216338251,0.01512948702294921,0.051295264142720884,0.015131347078590944,-4.4983052194247364e-07
5505,0.5938599268692517,0.7782110865922157,0.01295291430595704,0.04997433209574865,0.012954756442527226,-7.31307483459176e-08
5506,0.816806900531762,0.9082332720767605,0.017170070055859344,0.04887377077314631,0.017175103925961617,-9.946823797957194e-08
5507,0.928332984871594,0.9667899070567502,0.005697320483632813,0.016761888946358362,0.005697676911839944,-1.512840597239773e-08
5508,0.9033870678038368,0.951998621442244,0.006659353516699223,0.01841647284917469,0.006660205895177853,6.780383676741053e-08
5509,0.8438761944941624,0.9201175768977242,0.01609266874921871,0.0452968982206037,0.016097550743579,1.9449416244210482e-07
5510,0.6603344611041269,0.8209706539840979,0.019548876404003903,0.06200825773004595,0.01955487735783577,4.6110412688094016e-07
5511,0.37723253475588003,0.6756904355348244,0.028438768474414077,0.08573839270586898,0.02844733960094116,-4.652441199515245e-07
5512,0.7371283821493476,0.8691558714150105,0.017054779338476538,0.051781042289555594,0.01705919383818569,3.821493476108273e-07
5513,0.8692541561892442,0.9342862233866572,0.014771589365624994,0.03924939906542768,0.014778043185355163,1.561892442047963e-07
5514,0.45892580125104554,0.6898068864155585,0.016374843994726596,0.06573435947188395,0.016377378433344865,-1.9874895446081453e-07
5515,0.5961479566964809,0.7837689188275553,0.013787082565742174,0.05046841745913185,0.01378791838466676,-4.330351910386554e-08
5516,0.7725244409633981,0.8814411391621763,0.016463754439257804,0.048552775941653505,0.016469555553631304,4.4096339812949026e-07
5517,0.811868129479777,0.9122043856447325,0.012507621145800783,0.03883263215752865,0.012509389121533168,1.2947977701127655e-07
5518,0.47241002039885527,0.6910297959502214,0.012226724670996102,0.0552052081240068,0.012228183539759492,2.039885527160834e-08
5519,0.5949079528383242,0.773095830984148,0.01039045824885744,0.04927828211780692,0.010391059255151576,-4.716167578688868e-08
5520,0.8236394043209385,0.9076603009250653,0.015842231995019534,0.052901802564097176,0.015847544020461242,4.043209385073965e-07
5521,0.5333708227054805,0.7733302425590217,0.018969029671484394,0.05717864455949474,0.018971907818040267,-1.772945195099851e-07
5522,0.7508727629733669,0.8678943292206518,0.017350186757421882,0.059384620523877836,0.017356450905359748,-2.3702663309865812e-07
5523,0.8820848567862564,0.9407737331262824,0.00913140003134765,0.026738091351157456,0.00913397504505645,-1.432137436419012e-07
5524,0.8191613106737233,0.9072663318802062,0.015783625399707017,0.04648523699380813,0.015789970964287345,3.1067372330273457e-07
5525,0.9466161905644014,0.9730089099300083,0.004574933577402349,0.012726565169457636,0.004575105822084364,1.9056440136999697e-07
5526,0.466467657957773,0.7792478111126646,0.02528995647646487,0.07686606857914424,0.025297431776484063,-3.4204222698619446e-07
5527,-0.018616896956060502,0.5124643916627374,0.015268358005966782,0.06081455905220864,0.015269546987413717,1.0304393949917001e-07
5528,0.7164692081070488,0.8782490783071575,0.019552740017382764,0.05307099479701825,0.019558231080726542,2.0810704881579767e-07
5529,0.9314556414985948,0.9652941615380083,0.004736243781835934,0.024580757065961713,0.004736742566038554,-3.585014051177282e-07
5530,0.31975844787138885,0.6932448747617598,0.025713490895996075,0.07260188147649048,0.025718320351631168,4.4787138886448474e-07
5531,0.5775845140519809,0.7705292868034747,0.01575286484375001,0.06239738588929506,0.01575432147492241,-4.859480191576893e-07
5532,0.6164411064265387,0.793950037422469,0.02556351915458976,0.06581993005456326,0.02557654781991502,1.0642653869297192e-07
5533,0.8695541263517504,0.9328069685074107,0.013213688323144523,0.035964143954621886,0.013217648368927033,1.2635175039577007e-07
5534,0.9168625323732025,0.9583074936370796,0.005233588100683595,0.015554427681176663,0.005233673687577448,5.323732025219741e-07
5535,0.7907478840756091,0.8918302100085248,0.008219315188574222,0.029572692749113564,0.008220558913924824,-1.1592439086438588e-07
5536,0.8153944978665977,0.9108233033082406,0.009957602460351558,0.040908870377947715,0.009959844965260773,-5.021334023025403e-07
5537,0.6524722914289478,0.8134032733722072,0.02340067117412104,0.06711374101849897,0.023408238739353424,2.9142894775180395e-07
5538,0.4535723079989502,0.6978869705823113,0.021148003596972637,0.07377466227046876,0.02115210604370939,3.079989502330349e-07
5539,0.44462908460287753,0.7973207154902667,0.023531572494042974,0.06863122767574652,0.02353906920974317,8.46028775369767e-08
5540,0.7344545755414265,0.8626969888319036,0.008560424974453118,0.0336357713658107,0.008560722943427463,-4.2445857351136596e-07
5541,0.7715773416689313,0.8979181282327688,0.008782058151357417,0.03909928999415572,0.008782570732221742,3.4166893136955423e-07
5542,0.8974754373675765,0.9557124459198414,0.008215943047675783,0.021246975611863,0.008216362102930428,4.37367576489045e-07
5543,0.3421488803070629,0.6440563755602436,0.02110767068496095,0.07268093712128901,0.021112041299750823,-1.1969293706171058e-07
5544,0.7971135732056466,0.9202659356572928,0.013640595160058598,0.043227890082498666,0.013642679517284874,-4.267943534141949e-07
5545,0.780081740991549,0.8841714490150261,0.01694076309121094,0.05510657262443153,0.01694649852856964,-2.5900845102011516e-07
5546,0.5759236388512885,0.7961140748666892,0.02268503161875,0.06556412538985909,0.022690461226023913,-3.6114871149184324e-07
5547,0.8948889537865944,0.9549537181886958,0.011380109818164067,0.03787005133741438,0.011382165083192758,-4.62134056578023e-08
5548,-0.6903546581344633,0.6691843659318191,0.029224009679296892,0.0828614838292823,0.02922902982947397,3.418655367681822e-07
5549,0.6502873613079314,0.810355387937736,0.01655061272799804,0.055246143946931336,0.016551938764227017,3.613079314623846e-07
5550,0.7964514295340647,0.897759362317622,0.011314243502636719,0.0387774534508336,0.011315977269909747,4.295340646498502e-07
5551,0.5784999618299965,0.8022963129521729,0.0235702321469726,0.05956501216746426,0.02357633214333574,-3.817000349126687e-08
5552,0.6184648513916726,0.8244858334486549,0.018325040809863285,0.058798964603769384,0.01833070012206784,-1.4860832742158436e-07
5553,0.7656474153625676,0.8776606494258304,0.009189720506933603,0.030975511493609064,0.00919068549490503,4.153625676739381e-07
5554,0.811443356184261,0.9029868572480062,0.00978546322333985,0.033748274474339666,0.00978699663529217,3.561842609745014e-07
5555,0.5529405584213548,0.7660881583946281,0.024816568330761707,0.07424478240361981,0.02482448829330517,-4.4157864520499857e-07
5556,0.8248985601356024,0.9170315404686329,0.017692782059179683,0.048699429777708615,0.01769751991178832,-4.398643976832872e-07
5557,0.9251327269166717,0.9709348256949474,0.007117027717968744,0.02521850349872992,0.007117916918045398,-2.7308332828379633e-07
5558,0.7501219952471015,0.8721001530630188,0.02155449847070312,0.06440475618135594,0.02156381884486294,-4.752898408177941e-09
5559,0.7301910778603222,0.8728102253185968,0.01744204250810547,0.04971774006095476,0.017443873533945543,7.786032218959349e-08
5560,0.7170485838579996,0.8497564183659357,0.014870670569433598,0.045682555257670635,0.014876372410741018,-4.1614200041451e-07
5561,0.3217860427673469,0.6620031340832837,0.012672957543164066,0.046634219270750205,0.012674814389529837,4.276734688613004e-08
5562,0.8642342714418356,0.9338650994871318,0.008261426738359376,0.024467230480594182,0.00826197631064772,2.714418356752901e-07
5563,0.8245213136513184,0.9094725137689454,0.017570510660644537,0.05525052016672917,0.017577196625480785,3.1365131847316263e-07
5564,0.44847969415279865,0.677059542494601,0.03054388409208983,0.09591801323702676,0.0305481268267256,-3.0584720134285703e-07
5565,0.9342618846925729,0.9742804368033896,0.005689085671523432,0.01474330617534449,0.0056892907870690354,-1.153074271620369e-07
5566,0.8594126087613378,0.9287304648779074,0.010468367169824225,0.02814124653553462,0.0104716949404386,-3.9123866213408576e-07
5567,0.44277191576429,0.6723945875152283,0.016218277394531265,0.062341268711390514,0.01622229208737705,-8.42357100183655e-08
5568,0.9418878397683281,0.9708836469943146,0.005288922679853524,0.013828939267093906,0.005289106006138604,-1.6023167181966613e-07
5569,0.32300982336829986,0.6043234049643653,0.027725119486914102,0.08553158439732839,0.027733647322769565,-1.7663170015502772e-07
5570,0.9336698867541814,0.9682116727939444,0.006476650973242184,0.017670471748233853,0.006478251876254543,-1.1324581861149596e-07
5571,0.5973106236524848,0.7860553882542362,0.01686354206269533,0.05102641464877764,0.016867189192605846,-3.763475152629425e-07
5572,0.7168243997957915,0.8609669095979129,0.020881610943164104,0.06672594859695317,0.020890628773729044,3.9979579147253475e-07
5573,0.6687645172570704,0.8881767610367244,0.01452385261777342,0.04872948849558542,0.014525554494197844,-4.827429296305752e-07
5574,0.7218719679840215,0.8578328684207638,0.014711751942382828,0.0485970924160076,0.014714996594717464,-3.201597842394932e-08
5575,0.7904592601149546,0.9042791515703473,0.009575660285517594,0.03189248856925247,0.00957643085724015,2.601149545755632e-07
5576,0.6869851831009626,0.8396366673905373,0.01278163539179688,0.04689326202061611,0.012784663540355254,1.8310096261409115e-07
5577,0.5221678642055361,0.7366212799538682,0.011065643176464864,0.05228741211440801,0.0110673097760825,-1.3579446389577754e-07
5578,0.49799973590871593,0.7376250821138558,0.02194724027314455,0.07242725433805042,0.021953307201309474,-2.6409128406346127e-07
5579,0.8069978330240102,0.9033276765276808,0.015463122483886706,0.050427214031798985,0.015468443577431478,-1.669759898126344e-07
5580,0.7878185694799995,0.8908205732454464,0.014195816829199235,0.049713897820701874,0.014200183864283698,-4.3052000053833694e-07
5581,0.519889691450403,0.7446966973975522,0.02561468933173827,0.07230850767056632,0.025620318133566435,-3.0854959698345397e-07
5582,0.8745826117538591,0.9370437477997117,0.014404686175683593,0.04140654941505311,0.01440956878890178,-3.8824614090327003e-07
5583,0.7088454805449472,0.896251649271305,0.011995930214257813,0.035710349523189376,0.01199684969876666,4.805449472788936e-07
5584,0.5394352811381692,0.7621356783016612,0.01698142525902344,0.06458245346386601,0.016982457543479254,2.811381691891768e-07
5585,0.9588909420701892,0.9792660502079535,0.0035377942214257817,0.01598495372279528,0.0035380185119157728,-5.792981083718729e-08
5586,0.7112519743297248,0.8451227845514642,0.008819616208837911,0.03996195497615554,0.00881985841246915,-2.567027523880938e-08
5587,0.6674539062949552,0.8298429913108369,0.011378905178671853,0.04268278285719918,0.011379619829835399,-9.370504483463549e-08
5588,0.7154522146618326,0.8489769920820041,0.01997092701503902,0.06538698522340533,0.01997445196050751,2.146618326426264e-07
5589,0.725660472723294,0.8633942121282826,0.020105807147363264,0.05429021127044651,0.020114324602367648,4.727232940648918e-07
5590,0.6670542673303117,0.8233595475141439,0.01554780705087891,0.0584682926683434,0.015552506645126907,2.673303116651482e-07
5591,0.8318202537136563,0.9261240921522195,0.009279656717187492,0.025600396429744807,0.009281756339576366,2.5371365630633136e-07
5592,0.8827687960986043,0.951017183968198,0.007522212462373053,0.01999177105447701,0.007522459760980957,-2.0390139576775823e-07
5593,0.7649638254548703,0.8804499321438856,0.013400261032031237,0.05212221238258949,0.013404568225426221,-1.74545129683068e-07
5594,0.901207275964951,0.9634545097715677,0.007598488276660164,0.02704589579919688,0.007599499449337994,2.759649510020168e-07
5595,0.609360292383565,0.8026007697206567,0.030692614594238266,0.08330025430332619,0.030698837770534594,2.923835650259221e-07
5596,0.8194387092919242,0.9068125102562068,0.008823841400000015,0.026499092957612543,0.008825056238709217,-2.9070807583408964e-07
5597,0.6987810278676332,0.847833193896019,0.014777794194433605,0.043521006140845635,0.014781337137566509,2.7867633201061892e-08
5598,0.8940689286017355,0.9458479401722464,0.011346602787500003,0.028815831801922515,0.011349883272637001,-7.139826452284836e-08
5599,0.6075769190732844,0.7838338933361919,0.02217014454990237,0.06813132876165201,0.022179312581679406,-8.092671566206633e-08
5600,0.794363440822079,0.8976964876569165,0.013270045227343721,0.040089244818021286,0.013272742934908903,4.4082207895090875e-07
5601,0.4016612691752951,0.8288651193929563,0.027465153840820322,0.06493707076727472,0.027470953305197058,2.6917529510894767e-07
5602,0.6094484900941235,0.7877344311023402,0.018991319952734374,0.05814591520278187,0.018996507680522086,4.900941235064238e-07
5603,0.7783329770782008,0.9112553491849897,0.013338502195312503,0.04114667128592836,0.01334126965759345,-2.292179923646387e-08
5604,0.9605975218163293,0.9802395370784672,0.005400791365195307,0.014369395779032448,0.005401066019826473,-4.781836706602149e-07
5605,0.5290271230583736,0.7913231042773515,0.01476975186640624,0.045064549232767696,0.0147716890759354,1.2305837360226946e-07
5606,0.671816211335451,0.8411483548491843,0.017470410237011718,0.05088563634423739,0.017474826608000774,2.1133545102802742e-07
5607,0.48858180143948193,0.7555447160127646,0.042833804674804694,0.10629069915885819,0.04286027934506133,-1.9856051808320174e-07
5608,0.557785008789101,0.7671287985317903,0.02248679402265624,0.06464403313253729,0.022494105639468513,8.789101002548705e-09
5609,0.7737923928595627,0.883639323690483,0.01636931710322265,0.05275857224948941,0.016375750007111268,3.9285956265899813e-07
5610,0.7878611323510606,0.8985181156288098,0.01819476943720699,0.058963780227417696,0.018197538625810326,1.3235106055553558e-07
5611,0.6962994968686238,0.8384981791877325,0.013695878851855452,0.04552718358023855,0.01369970922753681,4.968686238004949e-07
5612,0.885972477101356,0.941490180761699,0.007093635210996093,0.022492877785831217,0.00709415887371128,4.771013559778936e-07
5613,0.793647139193007,0.8945612568259658,0.010358392783320316,0.032012989145274416,0.0103590009600595,1.3919300700937498e-07
5614,0.7846551280361338,0.8865394933384139,0.008283128493369134,0.028459493731524087,0.008283439889494358,1.2803613380629741e-07
5615,0.7630038422574044,0.8938871196696173,0.015636419229785165,0.04584884202897171,0.015642632197033657,-1.57742595652266e-07
5616,0.757041901186869,0.8762259753692418,0.014458637574902351,0.04345250861917626,0.014461804163357928,-9.881313101089972e-08
5617,0.8060862446295058,0.9115504218102749,0.01587458125136719,0.04172395318038238,0.01587881282160212,2.4462950587444965e-07
5618,0.9205280981202508,0.9639903706824924,0.007997304483886724,0.021490814532513444,0.00799829345687608,9.812025081323839e-08
5619,0.23630206389470754,0.566739068204684,0.023864258330566428,0.08429634068030482,0.023871224569773482,6.38947075248808e-08
5620,0.828570017759423,0.9396115964106861,0.013815787287011744,0.037141086160991814,0.013817950346195347,1.7759422932250857e-08
5621,0.6411163963659551,0.8033175501801023,0.014455088317080058,0.052519451832973865,0.014456486208409579,3.963659550576537e-07
5622,0.6536562612627734,0.8101496241910178,0.012396557969238269,0.05004842865676161,0.012399826923210207,2.6126277341553816e-07
5623,0.5280685364303863,0.7434130912040174,0.021204739489257825,0.061440373710785125,0.021209623475916796,-4.6356961369564686e-07
5624,0.8855616334723824,0.9428017353196191,0.009070067531269545,0.02489721296771563,0.009070689630911847,-3.6652761759015107e-07
5625,0.8021808232853275,0.9452242436415994,0.02041572170380861,0.06068843715794573,0.020420484042489997,-1.7671467256175077e-07
5626,0.7548832124044971,0.879087560518566,0.014898461584374998,0.03870162547142229,0.01490038887070336,2.1240449710191456e-07
5627,0.7318144828323441,0.881278681442535,0.02268627952236331,0.05510190605992733,0.022694734597792438,4.828323441063986e-07
5628,0.9491778000845011,0.9759954693242614,0.005068245441699221,0.01723513296434023,0.005068764950570287,-1.9991549882192317e-07
5629,0.6643606540279203,0.8321623926204597,0.022401165284765615,0.06265806744048785,0.022408440982871203,-3.4597207965170185e-07
5630,0.7645676274941052,0.8902692251013544,0.014064682294921877,0.05277293979602899,0.014067099955342931,-3.7250589479675966e-07
5631,0.40793049886682176,0.7777029440497832,0.021682956829296874,0.05896643871260332,0.021688404702803882,-5.011331782323047e-07
5632,0.7345921967497626,0.886556841648881,0.012047867612695313,0.04626682335070911,0.012049509478856902,1.9674976259320687e-07
5633,0.8133878217586891,0.906617795166363,0.01280564352343752,0.04603809255036546,0.012807659192841289,-1.7824131093302498e-07
5634,0.7127465022527872,0.8490703319422637,0.024020665548632816,0.06923768083940662,0.024034640526418863,-4.977472127798421e-07
5635,0.8000135155322037,0.8988785598834551,0.01695654973828123,0.05324367736582163,0.016959849677288398,5.155322037042609e-07
5636,0.5895987818661086,0.826642053105232,0.02435671070615231,0.062379043775265715,0.024363265101763454,-2.1813389139424544e-07
5637,0.5621375090226457,0.7956488304786234,0.01832281773671872,0.061282881658411184,0.01832668100657291,-4.90977354328237e-07
5638,0.7768316431011371,0.8831581274665363,0.015108434449023439,0.04247401883404982,0.015112607948345715,-3.5689886290768413e-07
5639,0.32981680861312146,0.74903784356715,0.022547469404882822,0.0685844139348992,0.022552194723394044,-1.9138687856745662e-07
5640,0.5467145088048488,0.792113229055521,0.019425156674316386,0.06823187755767215,0.019427883208702142,5.088048488088859e-07
5641,0.7881804405731097,0.8972689849718424,0.013119593570214845,0.039269084561503645,0.013123103029165521,4.405731096612797e-07
5642,0.6572661419378717,0.8238892288974897,0.011572412546621096,0.04129371250805406,0.01157287924427072,1.41937871678266e-07
5643,0.6035174109206116,0.7863044987817273,0.012997739495966795,0.0480342781633197,0.012998549348876398,4.1092061164871296e-07
5644,0.5540586821844306,0.7951700705607825,0.02382038145205084,0.06800089985734968,0.02382901866112886,-3.1781556941723466e-07
5645,0.7754566819545985,0.8851710926187611,0.016064394511718753,0.05291228497954448,0.01606906013601184,-3.180454014595213e-07
5646,0.8547878127570208,0.9264711629213636,0.010360169945703136,0.028685981833171954,0.01036243029951564,-1.872429792326713e-07
5647,0.8603795643117156,0.9280166859815524,0.008055628561914057,0.023334762197414562,0.008056846376803081,-4.356882844502863e-07
5648,0.739725408801025,0.8605685729350444,0.018394122342382826,0.055119653440481635,0.018399189994484626,4.0880102503138005e-07
5649,0.5615337314893709,0.7648029316184267,0.02395380662285153,0.08057652112623137,0.023957346799988163,-2.685106290645223e-07
5650,0.7091704803044446,0.8478542141604144,0.013773439450292965,0.044830127876879504,0.013775665241006181,4.803044446610727e-07
5651,0.7165436860446424,0.8880139562138055,0.012325835198544927,0.035002599900636554,0.01232704897982021,-3.1395535760037063e-07
5652,0.8065213614420887,0.9017586259033886,0.013317832792187512,0.0499453113458878,0.01332167077752802,3.6144208870325656e-07
5653,0.5052704380038302,0.7987112781412359,0.027562537496972662,0.07143130647520281,0.027570487234674028,4.3800383020542455e-07
5654,0.7535235783351386,0.8687654332104039,0.0081975309102539,0.03191357566551222,0.008198589343218956,-4.216648613608598e-07
5655,0.4104515393722503,0.6595780655570893,0.032737355012988315,0.10126577476725582,0.032747795540720985,5.393722503077569e-07
5656,0.5642231197504486,0.807387024426413,0.022748223596484363,0.06913961027988144,0.022758302891529664,1.1975044855727646e-07
5657,0.9475874155685184,0.9735194036520671,0.007089390947753905,0.023734427191045834,0.007090937195391451,4.1556851848589815e-07
5658,0.7569554788792792,0.8832039427454486,0.02103602272187498,0.06280276359482538,0.021044732370574904,-5.211207207977964e-07
